time_stats.attn_input_reshape.min,time_stats.attn_input_reshape.max,time_stats.attn_input_reshape.mean,time_stats.attn_input_reshape.median,time_stats.attn_input_reshape.std,time_stats.attn_input_reshape.count,time_stats.attn_kv_cache_save.min,time_stats.attn_kv_cache_save.max,time_stats.attn_kv_cache_save.mean,time_stats.attn_kv_cache_save.median,time_stats.attn_kv_cache_save.std,time_stats.attn_kv_cache_save.count,time_stats.attn_prefill.min,time_stats.attn_prefill.max,time_stats.attn_prefill.mean,time_stats.attn_prefill.median,time_stats.attn_prefill.std,time_stats.attn_prefill.count,time_stats.attn_decode.min,time_stats.attn_decode.max,time_stats.attn_decode.mean,time_stats.attn_decode.median,time_stats.attn_decode.std,time_stats.attn_decode.count,time_stats.attn_output_reshape.min,time_stats.attn_output_reshape.max,time_stats.attn_output_reshape.mean,time_stats.attn_output_reshape.median,time_stats.attn_output_reshape.std,time_stats.attn_output_reshape.count,n_embd,n_q_head,n_kv_head,block_size,num_tensor_parallel_workers,max_model_len,batch_size,prefill_chunk_size,kv_cache_size,is_prefill,attention_backend,is_mixed_batch,mode,seq_lens,total_tokens,max_seq_len,min_seq_len,avg_seq_len,equal_seq_len,seq_len_variance,seq_len_std,seq_len_cv,is_chunked_prefill_sample,chunk_start_token,chunk_end_token,total_prefill_tokens,profiling_precision,measurement_type,model_arch,model_architecture_profile,quant_signature
0.00687999976798892,0.01375999953597784,0.008951999898999929,0.007960000075399876,0.0024647789358528465,5,0.018640000373125076,0.07388199865818024,0.031672599539160726,0.01875999942421913,0.021433312951752728,5,0.21636399626731873,0.29036399722099304,0.23997960090637208,0.23644299805164337,0.026996506266576577,5,0.004879999905824661,0.007639999967068434,0.006104199960827827,0.006039999891072512,0.0009553756515006516,5,0.006401000078767538,0.009321000427007675,0.007240400090813637,0.006800000090152025,0.0010609507980633476,5,2880,64,8,16,8,9216,1,96,0,True,TORCH_SDPA,False,even,[96],96,96,96,96.0,96,0.0,0.0,0.0,False,0,96,96,BF16,CUDA_EVENT,generic,generic,none
0.005400000140070915,0.009560000151395798,0.0073760000988841055,0.007240000180900097,0.0013361676375432563,5,0.01976099982857704,0.04740099981427193,0.026296799629926683,0.021800000220537186,0.010607873700773927,5,0.19996300339698792,0.278764009475708,0.2305712044239044,0.22476300597190857,0.030189777052012475,5,0.005799999926239252,0.007441000081598759,0.006392400059849024,0.0060800001956522465,0.0006356403025129876,5,0.005799999926239252,0.007720000110566616,0.006544200051575899,0.005801000166684389,0.0009118369703429816,5,2880,64,8,16,8,9216,1,352,0,True,TORCH_SDPA,False,even,[352],352,352,352,352.0,352,0.0,0.0,0.0,False,0,352,352,BF16,CUDA_EVENT,generic,generic,none
0.005520000122487545,0.007519999984651804,0.006760200019925833,0.007000999990850687,0.0006755857285811434,5,0.018959999084472656,0.05344099923968315,0.026536399498581886,0.020080000162124634,0.013459758697666331,5,0.19240300357341766,0.2658039927482605,0.2154992014169693,0.20784300565719604,0.0259375085631373,5,0.005799999926239252,0.007000000216066837,0.006208000145852566,0.005840000230818987,0.0004875407984769215,5,0.004480000119656324,0.008559999987483025,0.006552200112491846,0.005919999908655882,0.001508998158989674,5,2880,64,8,16,8,9216,1,608,0,True,TORCH_SDPA,False,even,[608],608,608,608,608.0,608,0.0,0.0,0.0,False,0,608,608,BF16,CUDA_EVENT,generic,generic,none
0.005840000230818987,0.00860000029206276,0.007271999958902597,0.00687999976798892,0.0009909672052058262,5,0.01931999996304512,0.06432099640369415,0.03288059905171394,0.027000999078154564,0.01620442869272382,5,0.24372300505638123,0.28616398572921753,0.2553871959447861,0.24972300231456757,0.015604420944445486,5,0.004401000216603279,0.007240000180900097,0.005960400123149157,0.00672100018709898,0.0012680695788160508,5,0.004360000137239695,0.00803999975323677,0.006343999970704317,0.005799999926239252,0.001363665580939464,5,2880,64,8,16,8,9216,1,864,0,True,TORCH_SDPA,False,even,[864],864,864,864,864.0,864,0.0,0.0,0.0,False,0,864,864,BF16,CUDA_EVENT,generic,generic,none
0.00443999981507659,0.0055599999614059925,0.004687999933958053,0.004480000119656324,0.00043700802744983626,5,0.012400000356137753,0.05552000179886818,0.022896000370383262,0.012719999998807907,0.01665408316682377,5,0.2204809933900833,0.2879210114479065,0.2486808031797409,0.23824000358581543,0.023637893007624037,5,0.004399999976158142,0.004559999797493219,0.004479999933391809,0.004480000119656324,5.6568512254674996e-05,5,0.004399999976158142,0.004519999958574772,0.004480000026524067,0.004480000119656324,4.381779817994027e-05,5,2880,64,8,16,8,9216,1,1216,0,True,TORCH_SDPA,False,even,[1216],1216,1216,1216,1216.0,1216,0.0,0.0,0.0,False,0,1216,1216,BF16,CUDA_EVENT,generic,generic,none
0.00443999981507659,0.005799999926239252,0.004863999970257282,0.004519999958574772,0.0005231290412605549,5,0.014159999787807465,0.0565200001001358,0.02286399994045496,0.01432000007480383,0.016830498109984243,5,0.2752009928226471,0.38656100630760193,0.29996060132980346,0.27880001068115234,0.043341953990803365,5,0.004480000119656324,0.004559999797493219,0.004504000023007393,0.004480000119656324,3.1999871134757994e-05,5,0.004399999976158142,0.004519999958574772,0.0044639999978244305,0.004480000119656324,4.079219274941178e-05,5,2880,64,8,16,8,9216,1,1728,0,True,TORCH_SDPA,False,even,[1728],1728,1728,1728,1728.0,1728,0.0,0.0,0.0,False,0,1728,1728,BF16,CUDA_EVENT,generic,generic,none
0.005760000087320805,0.00872000027447939,0.006600200105458498,0.005840000230818987,0.001139684260639778,5,0.017880000174045563,0.05023999884724617,0.03027219995856285,0.02783999964594841,0.011043550528736689,5,0.21232099831104279,0.255840003490448,0.2345441997051239,0.2340400069952011,0.014065282825557884,5,0.00559999980032444,0.006839999929070473,0.006191999930888414,0.006240000016987324,0.0004273827407249831,5,0.005840000230818987,0.007639999967068434,0.006208000145852566,0.005840000230818987,0.0007161674874340462,5,2880,64,8,16,8,9216,1,32,0,True,TORCH_SDPA,False,even,[32],32,32,32,32.0,32,0.0,0.0,0.0,False,0,32,32,BF16,CUDA_EVENT,generic,generic,none
0.004360000137239695,0.00824000034481287,0.005232200026512146,0.004559999797493219,0.0015058246344890169,5,0.015721000730991364,0.0213600005954504,0.01724020019173622,0.016359999775886536,0.0020763123286957866,5,0.44040098786354065,1.5134429931640625,0.6750493943691254,0.44784098863601685,0.42056150617669263,5,0.004360000137239695,0.004480000119656324,0.004424000065773726,0.004399999976158142,4.8000024010787934e-05,5,0.004399999976158142,0.004480000119656324,0.004431999940425158,0.00443999981507659,2.993328789585909e-05,5,2880,64,8,16,8,9216,1,2240,0,True,TORCH_SDPA,False,even,[2240],2240,2240,2240,2240.0,2240,0.0,0.0,0.0,False,0,2240,2240,BF16,CUDA_EVENT,generic,generic,none
0.0055599999614059925,0.007679999805986881,0.0065679999999701975,0.006800000090152025,0.0007620603182531634,5,0.018039999529719353,0.028519999235868454,0.02122399993240833,0.01899999938905239,0.003841799378436824,5,0.2101610004901886,0.23208099603652954,0.21936080157756804,0.21372100710868835,0.009860551899649324,5,0.005400000140070915,0.00803999975323677,0.006159999966621399,0.005880000069737434,0.0009673054379218278,5,0.00443999981507659,0.00875999964773655,0.006007999926805496,0.005799999926239252,0.0014704338377968986,5,2880,64,8,16,8,9216,1,288,0,True,TORCH_SDPA,False,even,[288],288,288,288,288.0,288,0.0,0.0,0.0,False,0,288,288,BF16,CUDA_EVENT,generic,generic,none
0.004360000137239695,0.005760000087320805,0.004704000055789947,0.004480000119656324,0.0005310216692631211,5,0.016039999201893806,0.054760001599788666,0.024159999936819075,0.01655999943614006,0.015306135546239314,5,0.669402003288269,0.7802019715309143,0.6937615990638732,0.6735619902610779,0.043248094079248164,5,0.004399999976158142,0.005919999908655882,0.004719999898225069,0.00443999981507659,0.0006002666105000245,5,0.004399999976158142,0.004480000119656324,0.004416000004857779,0.004399999976158142,3.200005739927292e-05,5,2880,64,8,16,8,9216,1,2752,0,True,TORCH_SDPA,False,even,[2752],2752,2752,2752,2752.0,2752,0.0,0.0,0.0,False,0,2752,2752,BF16,CUDA_EVENT,generic,generic,none
0.005760000087320805,0.00872000027447939,0.006624000146985054,0.005840000230818987,0.0011467101570879306,5,0.015239999629557133,0.025397999212145805,0.019623599387705325,0.018959999084472656,0.0033175778568336604,5,0.20055900514125824,0.23683999478816986,0.2149836003780365,0.20751899480819702,0.013337253695542384,5,0.005080000031739473,0.006200000178068876,0.005688000004738569,0.00571999978274107,0.00037042682583800137,5,0.0055599999614059925,0.007120000198483467,0.006008000113070011,0.005840000230818987,0.0005659117170989745,5,2880,64,8,16,8,9216,1,224,0,True,TORCH_SDPA,False,even,[224],224,224,224,224.0,224,0.0,0.0,0.0,False,0,224,224,BF16,CUDA_EVENT,generic,generic,none
0.004399999976158142,0.007679999805986881,0.006199999898672104,0.005799999926239252,0.0011836215031115255,5,0.018519999459385872,0.038839999586343765,0.027071999758481978,0.029200000688433647,0.007657024004152308,5,0.189520001411438,0.2632009983062744,0.21764060258865356,0.21712100505828857,0.025133746316188987,5,0.004360000137239695,0.006800000090152025,0.005727999936789274,0.00547999981790781,0.0009365126383489353,5,0.005799999926239252,0.007400000002235174,0.006143999937921763,0.005799999926239252,0.0006297174284993407,5,2880,64,8,16,8,9216,1,544,0,True,TORCH_SDPA,False,even,[544],544,544,544,544.0,544,0.0,0.0,0.0,False,0,544,544,BF16,CUDA_EVENT,generic,generic,none
0.004399999976158142,0.01360000018030405,0.007512199971824884,0.005760999862104654,0.003260753871735361,5,0.01995999924838543,0.043480001389980316,0.025056000053882598,0.020560000091791153,0.00921833371110416,5,0.2027599960565567,0.26156100630760193,0.22156040072441102,0.21328100562095642,0.020772798302780594,5,0.00547999981790781,0.007400000002235174,0.006191999930888414,0.005799999926239252,0.0006948496426548076,5,0.004879999905824661,0.007840000092983246,0.006383999995887279,0.005880000069737434,0.0011450345919606106,5,2880,64,8,16,8,9216,1,800,0,True,TORCH_SDPA,False,even,[800],800,800,800,800.0,800,0.0,0.0,0.0,False,0,800,800,BF16,CUDA_EVENT,generic,generic,none
0.004480000119656324,0.00863999966531992,0.007040000054985285,0.007360000163316727,0.0013914020665495301,5,0.01568000018596649,0.04667999967932701,0.02531200014054775,0.0213600005954504,0.010912169873840274,5,0.19095900654792786,0.25839900970458984,0.22155940234661103,0.20935900509357452,0.026885235271624393,5,0.006200000178068876,0.007319999858736992,0.0067200000397861,0.006680000107735395,0.00040318726694803936,5,0.0061599998734891415,0.008080000057816505,0.007144000008702278,0.007600000128149986,0.0007893694205753725,5,2880,64,8,16,8,9216,1,480,0,True,TORCH_SDPA,False,even,[480],480,480,480,480.0,480,0.0,0.0,0.0,False,0,480,480,BF16,CUDA_EVENT,generic,generic,none
0.006000000052154064,0.007720000110566616,0.006919999979436398,0.0069599999114871025,0.000548452387289819,5,0.018559999763965607,0.024159999564290047,0.020927999541163443,0.01995999924838543,0.002243055217569243,5,0.17635999619960785,0.21536000072956085,0.19368839859962464,0.19419999420642853,0.012987389633629888,5,0.0049600000493228436,0.00839999970048666,0.006207999959588051,0.005640000104904175,0.0012115179567801166,5,0.005319999996572733,0.0061599998734891415,0.005760199949145317,0.00571999978274107,0.0003076363365903618,5,2880,64,8,16,8,9216,1,160,0,True,TORCH_SDPA,False,even,[160],160,160,160,160.0,160,0.0,0.0,0.0,False,0,160,160,BF16,CUDA_EVENT,generic,generic,none
0.0047599999234080315,0.007439999841153622,0.005944000091403723,0.005840000230818987,0.0008570087003141239,5,0.017079999670386314,0.023639999330043793,0.020848199725151062,0.02096099965274334,0.002504711487359492,5,0.18456000089645386,0.2152000069618225,0.19702440202236177,0.19935999810695648,0.011013551483590843,5,0.005160000175237656,0.006519999820739031,0.005544000025838614,0.005400000140070915,0.0005044441225517587,5,0.005439999978989363,0.005880000069737434,0.005752000026404858,0.005840000230818987,0.00016666139525698472,5,2880,64,8,16,8,9216,1,128,0,True,TORCH_SDPA,False,even,[128],128,128,128,128.0,128,0.0,0.0,0.0,False,0,128,128,BF16,CUDA_EVENT,generic,generic,none
0.006519999820739031,0.01107999961823225,0.007927999924868345,0.006920000072568655,0.0016747344761140594,5,0.018200000748038292,0.024320000782608986,0.020320000499486922,0.019519999623298645,0.002116147522440976,5,0.18288099765777588,0.21663999557495117,0.19501660168170928,0.18800100684165955,0.012226994396994269,5,0.00535999983549118,0.017480000853538513,0.008184000104665756,0.0061599998734891415,0.004658212912143998,5,0.005080000031739473,0.0063599999994039536,0.00579200005158782,0.005840000230818987,0.00043627518051242203,5,2880,64,8,16,8,9216,1,192,0,True,TORCH_SDPA,False,even,[192],192,192,192,192.0,192,0.0,0.0,0.0,False,0,192,192,BF16,CUDA_EVENT,generic,generic,none
0.004279999993741512,0.007960000075399876,0.00509600006043911,0.004399999976158142,0.0014334517868319677,5,0.012520000338554382,0.04044000059366226,0.019664200209081172,0.012799999676644802,0.010757479088172827,5,0.22236000001430511,0.27459999918937683,0.24326420128345488,0.24108000099658966,0.01725903330184474,5,0.004360000137239695,0.004519999958574772,0.004432000033557415,0.004399999976158142,5.8787732539092134e-05,5,0.00431999983265996,0.005760000087320805,0.004832000005990267,0.004519999958574772,0.0005217816526739748,5,2880,64,8,16,8,9216,1,1088,0,True,TORCH_SDPA,False,even,[1088],1088,1088,1088,1088.0,1088,0.0,0.0,0.0,False,0,1088,1088,BF16,CUDA_EVENT,generic,generic,none
0.00419999985024333,0.00827999971807003,0.00673599997535348,0.007120000198483467,0.0013535375986047152,5,0.01868000067770481,0.029200000688433647,0.02128000035881996,0.01940000057220459,0.003975364271450735,5,0.17956100404262543,0.22332000732421875,0.1990884006023407,0.19123999774456024,0.0163083643831034,5,0.005040000192821026,0.005640000104904175,0.005392000079154968,0.005439999978989363,0.00020458736330468587,5,0.004120000172406435,0.006320000160485506,0.0053922001272439955,0.005640000104904175,0.0007964240861461599,5,2880,64,8,16,8,9216,1,64,0,True,TORCH_SDPA,False,even,[64],64,64,64,64.0,64,0.0,0.0,0.0,False,0,64,64,BF16,CUDA_EVENT,generic,generic,none
0.004399999976158142,0.007720000110566616,0.005095999967306852,0.00443999981507659,0.0013122439522637544,5,0.012360000051558018,0.026760000735521317,0.015336000360548496,0.012520000338554382,0.005712840462846185,5,0.24619999527931213,0.3802410066127777,0.27414480447769163,0.24712100625038147,0.05307247433067902,5,0.004399999976158142,0.004480000119656324,0.004431999940425158,0.00443999981507659,2.9933287895859092e-05,5,0.004399999976158142,0.004519999958574772,0.004480000026524067,0.004480000119656324,4.381779817994027e-05,5,2880,64,8,16,8,9216,1,1600,0,True,TORCH_SDPA,False,even,[1600],1600,1600,1600,1600.0,1600,0.0,0.0,0.0,False,0,1600,1600,BF16,CUDA_EVENT,generic,generic,none
0.005679999943822622,0.007400000002235174,0.0066639999859035015,0.006839999929070473,0.0005794342020385585,5,0.018559999763965607,0.02271999977529049,0.02019999995827675,0.020320000126957893,0.001467732791587341,5,0.21483999490737915,1.49264395236969,0.48224098682403566,0.23863999545574188,0.5053520647987966,5,0.004920000210404396,0.006281000096350908,0.0055922000668942925,0.005679999943822622,0.0005083811402889508,5,0.005840000230818987,0.006680000107735395,0.0063680000603199005,0.0063599999994039536,0.00031025148382533916,5,2880,64,8,16,8,9216,1,448,0,True,TORCH_SDPA,False,even,[448],448,448,448,448.0,448,0.0,0.0,0.0,False,0,448,448,BF16,CUDA_EVENT,generic,generic,none
0.004360000137239695,0.011239999905228615,0.007287999894469976,0.00687999976798892,0.002220111658668353,5,0.018640000373125076,0.024639999493956566,0.021480000019073485,0.021199999377131462,0.001980383553642375,5,0.185479998588562,0.2245209962129593,0.20146459937095643,0.19988100230693817,0.014705405412436609,5,0.005679999943822622,0.0063599999994039536,0.005991999991238117,0.005919999908655882,0.00025222218386588223,5,0.005960000213235617,0.00687999976798892,0.006512000039219856,0.006560000125318766,0.0003071415449661673,5,2880,64,8,16,8,9216,1,416,0,True,TORCH_SDPA,False,even,[416],416,416,416,416.0,416,0.0,0.0,0.0,False,0,416,416,BF16,CUDA_EVENT,generic,generic,none
0.005640000104904175,0.017480000853538513,0.009296000190079211,0.00788000039756298,0.004196730467511777,5,0.017480000853538513,0.05435999855399132,0.027216000109910966,0.02208000048995018,0.013789771673671099,5,0.1908790022134781,0.392318993806839,0.24018360078334808,0.2014400064945221,0.07686021964698991,5,0.00571999978274107,0.00687999976798892,0.006295999884605408,0.006399999838322401,0.00046413793242438807,5,0.005760000087320805,0.007278999779373407,0.006103800050914288,0.005840000230818987,0.0005883482000744902,5,2880,64,8,16,8,9216,1,736,0,True,TORCH_SDPA,False,even,[736],736,736,736,736.0,736,0.0,0.0,0.0,False,0,736,736,BF16,CUDA_EVENT,generic,generic,none
0.006320000160485506,0.009840000420808792,0.00723200011998415,0.006680000107735395,0.001315848157366492,5,0.017720000818371773,0.023879999294877052,0.01974399983882904,0.019039999693632126,0.002137602042022601,5,0.17756099998950958,0.2024810016155243,0.18883259892463683,0.18423999845981598,0.009784177177997892,5,0.004240000154823065,0.005520000122487545,0.004912000056356192,0.005040000192821026,0.0004688027146506739,5,0.004120000172406435,0.006000000052154064,0.0053680000826716425,0.005679999943822622,0.0007053622948146114,5,2880,64,8,16,8,9216,1,320,0,True,TORCH_SDPA,False,even,[320],320,320,320,320.0,320,0.0,0.0,0.0,False,0,320,320,BF16,CUDA_EVENT,generic,generic,none
0.005799999926239252,0.010400000028312206,0.007552000135183335,0.007120000198483467,0.0017547922993946434,5,0.013039999641478062,0.020519999787211418,0.017663999833166598,0.01775999926030636,0.00254125645507056,5,0.18296000361442566,6.026095867156982,1.3591635704040528,0.19972099363803864,2.33348080679983,5,0.005239999853074551,0.006000000052154064,0.005552000086754561,0.005400000140070915,0.0003092184156928087,5,0.005439999978989363,0.005840000230818987,0.005696000065654516,0.005760000087320805,0.00014444380313390436,5,2880,64,8,16,8,9216,1,384,0,True,TORCH_SDPA,False,even,[384],384,384,384,384.0,384,0.0,0.0,0.0,False,0,384,384,BF16,CUDA_EVENT,generic,generic,none
0.006279999855905771,0.007519999984651804,0.006839999929070473,0.00675999978557229,0.00040556136874758236,5,0.018039999529719353,0.026440000161528587,0.02022399976849556,0.018799999728798866,0.0031547401718293932,5,0.1791200041770935,0.21692000329494476,0.19231260418891907,0.18880100548267365,0.012908645310849431,5,0.004519999958574772,0.006120000034570694,0.005343999993056059,0.005200000014156103,0.0005620533842647512,5,0.005119999870657921,0.0063599999994039536,0.005719999969005585,0.005799999926239252,0.0004118252749520718,5,2880,64,8,16,8,9216,1,704,0,True,TORCH_SDPA,False,even,[704],704,704,704,704.0,704,0.0,0.0,0.0,False,0,704,704,BF16,CUDA_EVENT,generic,generic,none
0.004360000137239695,0.00800000037997961,0.005192000139504671,0.004519999958574772,0.0014061352474089579,5,0.014600000344216824,0.026599999517202377,0.01784800011664629,0.01576000079512596,0.0044254822805653805,5,0.39924100041389465,0.4912410080432892,0.4199050009250641,0.40216100215911865,0.03575272403825556,5,0.004399999976158142,0.004559999797493219,0.00447199996560812,0.004480000119656324,5.306596546984384e-05,5,0.004399999976158142,0.004559999797493219,0.004479999933391809,0.004519999958574772,6.693275521042972e-05,5,2880,64,8,16,8,9216,1,2112,0,True,TORCH_SDPA,False,even,[2112],2112,2112,2112,2112.0,2112,0.0,0.0,0.0,False,0,2112,2112,BF16,CUDA_EVENT,generic,generic,none
0.007600000128149986,0.033479999750852585,0.013159999810159206,0.00791999977082014,0.0101747294435805,5,0.02027999982237816,0.10187999904155731,0.0381999995559454,0.021199999377131462,0.0319329194613099,5,0.19552099704742432,0.5898420214653015,0.2840008020401001,0.2144400030374527,0.15327474011440864,5,0.005640000104904175,0.01080000028014183,0.007384200114756823,0.00660100020468235,0.0018158608770302224,5,0.00675999978557229,0.00812000036239624,0.007320000045001507,0.007439999841153622,0.0005027923497323081,5,2880,64,8,16,8,9216,1,672,0,True,TORCH_SDPA,False,even,[672],672,672,672,672.0,672,0.0,0.0,0.0,False,0,672,672,BF16,CUDA_EVENT,generic,generic,none
0.004399999976158142,0.010040000081062317,0.006823999993503094,0.006120000034570694,0.001893922925709923,5,0.02027999982237816,0.046480000019073486,0.02632799968123436,0.02167999930679798,0.010091561781220624,5,0.2083600014448166,0.2672800123691559,0.2315924048423767,0.23212000727653503,0.020519112342164872,5,0.00443999981507659,0.007240000180900097,0.0054479999467730526,0.004519999958574772,0.0011915436031120774,5,0.004480000119656324,0.007600000128149986,0.005544000118970871,0.004920000210404396,0.0011707365481752245,5,2880,64,8,16,8,9216,1,960,0,True,TORCH_SDPA,False,even,[960],960,960,960,960.0,960,0.0,0.0,0.0,False,0,960,960,BF16,CUDA_EVENT,generic,generic,none
0.004399999976158142,0.007519999984651804,0.005704000033438206,0.005040000192821026,0.0013447617469247303,5,0.01875999942421913,0.0363599993288517,0.022759999707341196,0.019360000267624855,0.006811331547547024,5,0.21804000437259674,0.27296000719070435,0.23669580221176148,0.23479999601840973,0.019376798132226432,5,0.004480000119656324,0.007319999858736992,0.005079999938607216,0.004519999958574772,0.0011202856356263573,5,0.004399999976158142,0.00791999977082014,0.005535999871790409,0.004639999940991402,0.001350460610650326,5,2880,64,8,16,8,9216,1,992,0,True,TORCH_SDPA,False,even,[992],992,992,992,992.0,992,0.0,0.0,0.0,False,0,992,992,BF16,CUDA_EVENT,generic,generic,none
0.004480000119656324,0.007120000198483467,0.005304000061005354,0.004879999905824661,0.0009665112988605419,5,0.012439999729394913,0.024560000747442245,0.01802420038729906,0.01892000064253807,0.0042865195426161976,5,0.2064809948205948,0.23420000076293945,0.21598439812660217,0.21315999329090118,0.00977291922916621,5,0.004480000119656324,0.004639999940991402,0.00457600001245737,0.004600000102072954,6.499226332255945e-05,5,0.004480000119656324,0.004559999797493219,0.004504000023007393,0.004480000119656324,3.1999871134757994e-05,5,2880,64,8,16,8,9216,1,928,0,True,TORCH_SDPA,False,even,[928],928,928,928,928.0,928,0.0,0.0,0.0,False,0,928,928,BF16,CUDA_EVENT,generic,generic,none
0.005799999926239252,0.005840000230818987,0.005807999987155199,0.005799999926239252,1.600012183189392e-05,5,0.015119999647140503,0.022160999476909637,0.018080199882388116,0.01744000054895878,0.0023134457509446102,5,0.1830810010433197,0.20880000293254852,0.19096040427684785,0.1873210072517395,0.009135172991748704,5,0.005119999870657921,0.006240000016987324,0.005631999950855971,0.00547999981790781,0.00043480570570900466,5,0.00431999983265996,0.005840000230818987,0.005431999918073416,0.00571999978274107,0.0005630773126934405,5,2880,64,8,16,8,9216,1,640,0,True,TORCH_SDPA,False,even,[640],640,640,640,640.0,640,0.0,0.0,0.0,False,0,640,640,BF16,CUDA_EVENT,generic,generic,none
0.00443999981507659,0.004600000102072954,0.004527999926358462,0.004519999958574772,5.306606375125428e-05,5,0.012719999998807907,0.0392800010740757,0.018144000321626663,0.012880000285804272,0.010568742211699194,5,0.2356400042772293,0.32596099376678467,0.26899259686470034,0.25091999769210815,0.0339291515180231,5,0.004519999958574772,0.005080000031739473,0.004639999940991402,0.004519999958574772,0.0002205448209131266,5,0.004519999958574772,0.005160999950021505,0.004680199921131134,0.004559999797493219,0.0002417274689422559,5,2880,64,8,16,8,9216,1,1408,0,True,TORCH_SDPA,False,even,[1408],1408,1408,1408,1408.0,1408,0.0,0.0,0.0,False,0,1408,1408,BF16,CUDA_EVENT,generic,generic,none
0.0041600000113248825,0.0075599998235702515,0.006423999927937985,0.006839999929070473,0.0011704631047807447,5,0.019279999658465385,0.042080000042915344,0.02447200007736683,0.019840000197291374,0.008847016181121357,5,0.18356099724769592,0.23392100632190704,0.19955260157585145,0.19684100151062012,0.018094548839908662,5,0.005239999853074551,0.007199999876320362,0.006223999988287687,0.006000000052154064,0.0007068125295589416,5,0.00419999985024333,0.006839999929070473,0.0056559999473392965,0.005880000069737434,0.0008754793222023597,5,2880,64,8,16,8,9216,1,576,0,True,TORCH_SDPA,False,even,[576],576,576,576,576.0,576,0.0,0.0,0.0,False,0,576,576,BF16,CUDA_EVENT,generic,generic,none
0.004279999993741512,0.008320000022649765,0.005176000017672777,0.00443999981507659,0.0015735005583289428,5,0.018239999189972878,0.05691999942064285,0.026103999465703964,0.018519999459385872,0.015408685323184328,5,5.3357319831848145,5.417693138122559,5.364828777313233,5.353572845458984,0.027957310407811627,5,0.004240000154823065,0.004399999976158142,0.0043600000441074375,0.004399999976158142,6.196766434270914e-05,5,0.0041600000113248825,0.004480000119656324,0.004320000018924475,0.004360000137239695,0.00012132607120664132,5,2880,64,8,16,8,9216,1,8192,0,True,TORCH_SDPA,False,even,[8192],8192,8192,8192,8192.0,8192,0.0,0.0,0.0,False,0,8192,8192,BF16,CUDA_EVENT,generic,generic,none
0.00443999981507659,0.004559999797493219,0.004495999962091446,0.004480000119656324,4.079211969054e-05,5,0.012400000356137753,0.028440000489354134,0.01872000005096197,0.01720000058412552,0.006172817828173282,5,0.23987999558448792,0.3368009924888611,0.27617659568786623,0.25964099168777466,0.033817854695193515,5,0.00443999981507659,0.004559999797493219,0.004511999897658825,0.004519999958574772,3.9191849152437796e-05,5,0.004399999976158142,0.004559999797493219,0.004503999929875135,0.004519999958574772,5.986643889284003e-05,5,2880,64,8,16,8,9216,1,1344,0,True,TORCH_SDPA,False,even,[1344],1344,1344,1344,1344.0,1344,0.0,0.0,0.0,False,0,1344,1344,BF16,CUDA_EVENT,generic,generic,none
0.004399999976158142,0.005239999853074551,0.004639999940991402,0.004519999958574772,0.0003046308714450097,5,0.012280000373721123,0.02515999972820282,0.015039800107479096,0.012640000320971012,0.005062149562239847,5,0.22156000137329102,0.30243998765945435,0.24459999799728394,0.22303999960422516,0.031264125058033165,5,0.004480000119656324,0.004639999940991402,0.0045679999515414235,0.004559999797493219,5.306596546984384e-05,5,0.004519999958574772,0.007120000198483467,0.0050560000352561476,0.004519999958574772,0.0010324650947584428,5,2880,64,8,16,8,9216,1,1472,0,True,TORCH_SDPA,False,even,[1472],1472,1472,1472,1472.0,1472,0.0,0.0,0.0,False,0,1472,1472,BF16,CUDA_EVENT,generic,generic,none
0.006279999855905771,0.007679999805986881,0.0069679999724030495,0.006719999946653843,0.0005266649856662452,5,0.019440000876784325,0.02531999908387661,0.021271999552845956,0.020719999447464943,0.002119833597815203,5,0.19767999649047852,0.21144099533557892,0.20309679806232453,0.20260100066661835,0.005050083281939925,5,0.00419999985024333,0.00863999966531992,0.005463999882340431,0.00443999981507659,0.0016937720155231152,5,0.004360000137239695,0.006599999964237213,0.005424000043421984,0.005760000087320805,0.0008953568887800064,5,2880,64,8,16,8,9216,1,832,0,True,TORCH_SDPA,False,even,[832],832,832,832,832.0,832,0.0,0.0,0.0,False,0,832,832,BF16,CUDA_EVENT,generic,generic,none
0.004480000119656324,0.005040000192821026,0.004640000034123659,0.004559999797493219,0.00020396085415794817,5,0.01432000007480383,0.024320000782608986,0.01653600037097931,0.014720000326633453,0.003896221968260366,5,0.31800100207328796,0.3981209993362427,0.335249000787735,0.3195610046386719,0.03147348163958184,5,0.004480000119656324,0.004600000102072954,0.004535999987274409,0.004519999958574772,4.079213795521706e-05,5,0.00443999981507659,0.004600000102072954,0.004535999894142151,0.004559999797493219,5.425869599550217e-05,5,2880,64,8,16,8,9216,1,1856,0,True,TORCH_SDPA,False,even,[1856],1856,1856,1856,1856.0,1856,0.0,0.0,0.0,False,0,1856,1856,BF16,CUDA_EVENT,generic,generic,none
0.004399999976158142,0.006200000178068876,0.005616000108420849,0.005840000230818987,0.0006251272583462968,5,0.01735999993979931,0.02167999930679798,0.019199999794363976,0.018319999799132347,0.0018184828662658073,5,0.18408100306987762,0.21992099285125732,0.19978459775447846,0.2011599987745285,0.012883999374530025,5,0.00571999978274107,0.006639999803155661,0.006183999963104725,0.006279999855905771,0.0003510897061409696,5,0.004279999993741512,0.006479999981820583,0.005640000011771918,0.005799999926239252,0.0007275163271848195,5,2880,64,8,16,8,9216,1,256,0,True,TORCH_SDPA,False,even,[256],256,256,256,256.0,256,0.0,0.0,0.0,False,0,256,256,BF16,CUDA_EVENT,generic,generic,none
0.004519999958574772,0.007160000037401915,0.005095999967306852,0.004600000102072954,0.001032774938867492,5,0.014919999986886978,0.0221599992364645,0.01707999985665083,0.015599999576807022,0.002727049478596655,5,0.34595999121665955,3.8176369667053223,1.0559991896152496,0.3502799868583679,1.3810983758249784,5,0.004519999958574772,0.005919999908655882,0.004847999941557646,0.004600000102072954,0.0005374904505005657,5,0.004399999976158142,0.004679999779909849,0.0045439998619258406,0.004559999797493219,8.979970604623208e-05,5,2880,64,8,16,8,9216,1,1984,0,True,TORCH_SDPA,False,even,[1984],1984,1984,1984,1984.0,1984,0.0,0.0,0.0,False,0,1984,1984,BF16,CUDA_EVENT,generic,generic,none
0.004480000119656324,0.011239999905228615,0.005879999883472919,0.004559999797493219,0.002680179107927932,5,0.015879999846220016,0.05843999981880188,0.024880000203847886,0.01640000008046627,0.01678860547701358,5,0.4888010025024414,0.640641987323761,0.5210891962051392,0.4906010031700134,0.05982882912868875,5,0.004559999797493219,0.004600999876856804,0.00458419993519783,0.004600000102072954,1.9762701820109025e-05,5,0.00443999981507659,0.004639999940991402,0.0045519999228417875,0.004559999797493219,6.881866061977869e-05,5,2880,64,8,16,8,9216,1,2368,0,True,TORCH_SDPA,False,even,[2368],2368,2368,2368,2368.0,2368,0.0,0.0,0.0,False,0,2368,2368,BF16,CUDA_EVENT,generic,generic,none
0.00443999981507659,0.004559999797493219,0.004519999865442515,0.004559999797493219,5.0596386064013265e-05,5,0.014519999735057354,0.04092099890112877,0.020024199783802033,0.014999999664723873,0.010450665689010727,5,0.3348410129547119,0.43612098693847656,0.3579048037528992,0.33896100521087646,0.03917008403668725,5,0.004480000119656324,0.004641000181436539,0.0045762000605463985,0.004600000102072954,5.449553517666248e-05,5,0.004480000119656324,0.004600000102072954,0.004543999955058098,0.004559999797493219,4.079211969054e-05,5,2880,64,8,16,8,9216,1,1920,0,True,TORCH_SDPA,False,even,[1920],1920,1920,1920,1920.0,1920,0.0,0.0,0.0,False,0,1920,1920,BF16,CUDA_EVENT,generic,generic,none
0.00443999981507659,0.004720000084489584,0.0045599999837577345,0.004480000119656324,0.00011593099698246579,5,0.0163199994713068,0.029600000008940697,0.01939999982714653,0.01696000061929226,0.005110115557390466,5,0.5407199859619141,0.6218400001525879,0.562047803401947,0.5504400134086609,0.03022110357594632,5,0.004480000119656324,0.004639999940991402,0.004543999955058098,0.004559999797493219,5.986642644755098e-05,5,0.004480000119656324,0.005200000014156103,0.004680000059306621,0.004600000102072954,0.0002677311738988675,5,2880,64,8,16,8,9216,1,2496,0,True,TORCH_SDPA,False,even,[2496],2496,2496,2496,2496.0,2496,0.0,0.0,0.0,False,0,2496,2496,BF16,CUDA_EVENT,generic,generic,none
0.005840000230818987,0.007280000019818544,0.006344000156968832,0.005840000230818987,0.0006276813558968964,5,0.014720000326633453,0.029039999470114708,0.02139200009405613,0.02271999977529049,0.005008497970347794,5,0.20736199617385864,0.2408819943666458,0.22338539958000184,0.21828100085258484,0.012297082967648814,5,0.004399999976158142,0.005400000140070915,0.004936000052839518,0.005160000175237656,0.0004282804048660219,5,0.004399999976158142,0.005799999926239252,0.005231999978423119,0.00559999980032444,0.0005619394643560753,5,2880,64,8,16,8,9216,1,896,0,True,TORCH_SDPA,False,even,[896],896,896,896,896.0,896,0.0,0.0,0.0,False,0,896,896,BF16,CUDA_EVENT,generic,generic,none
0.007079999893903732,0.02727999910712242,0.011615999788045884,0.00791999977082014,0.007841493400973523,5,0.02143999934196472,0.09132000058889389,0.0373039998114109,0.02539999969303608,0.027061537384822157,5,0.21796099841594696,0.5344809889793396,0.2982725977897644,0.22516100108623505,0.1215268499204282,5,0.005679999943822622,0.007360000163316727,0.006696000043302774,0.006800000090152025,0.0005744423790459899,5,0.0060800001956522465,0.0083600003272295,0.006840000115334988,0.006479999981820583,0.0008067714326448004,5,2880,64,8,16,8,9216,1,512,0,True,TORCH_SDPA,False,even,[512],512,512,512,512.0,512,0.0,0.0,0.0,False,0,512,512,BF16,CUDA_EVENT,generic,generic,none
0.004240000154823065,0.00791999977082014,0.005040000006556511,0.004360000137239695,0.0014419984895798238,5,0.012480000033974648,0.022120000794529915,0.014664000086486339,0.012799999676644802,0.0037424786570686686,5,0.2271610051393509,0.2800010144710541,0.25064060688018797,0.24452100694179535,0.018170324494081992,5,0.00419999985024333,0.004240000154823065,0.004224000032991171,0.004240000154823065,1.9596067155252676e-05,5,0.004120000172406435,0.004360000137239695,0.004248000029474497,0.004279999993741512,8.158431243966555e-05,5,2880,64,8,16,8,9216,1,1152,0,True,TORCH_SDPA,False,even,[1152],1152,1152,1152,1152.0,1152,0.0,0.0,0.0,False,0,1152,1152,BF16,CUDA_EVENT,generic,generic,none
0.004360000137239695,0.004559999797493219,0.0044639999978244305,0.004480000119656324,7.418886009914523e-05,5,0.016359999775886536,0.030719999223947525,0.019391999766230582,0.016680000349879265,0.005666428584265032,5,0.9214010238647461,1.0245230197906494,0.9458662033081054,0.926522970199585,0.039444916350425255,5,0.004399999976158142,0.004519999958574772,0.0044639999978244305,0.004480000119656324,4.079219274941178e-05,5,0.00443999981507659,0.004519999958574772,0.004480000026524067,0.004480000119656324,2.5298266659713795e-05,5,2880,64,8,16,8,9216,1,3264,0,True,TORCH_SDPA,False,even,[3264],3264,3264,3264,3264.0,3264,0.0,0.0,0.0,False,0,3264,3264,BF16,CUDA_EVENT,generic,generic,none
0.004480000119656324,0.005200000014156103,0.00463200006633997,0.004480000119656324,0.0002844221919028258,5,0.016279999166727066,0.027400000020861626,0.01902399994432926,0.01688000001013279,0.004213168024915658,5,0.5281209945678711,0.5943610072135925,0.5425211906433105,0.5300009846687317,0.025932214185794594,5,0.00443999981507659,0.004600000102072954,0.004511999990791082,0.004519999958574772,5.306606375125428e-05,5,0.004399999976158142,0.004559999797493219,0.004495999962091446,0.004519999958574772,5.425858614264964e-05,5,2880,64,8,16,8,9216,1,2432,0,True,TORCH_SDPA,False,even,[2432],2432,2432,2432,2432.0,2432,0.0,0.0,0.0,False,0,2432,2432,BF16,CUDA_EVENT,generic,generic,none
0.005760000087320805,0.008080000057816505,0.006632000021636486,0.005840000230818987,0.001027120184361921,5,0.019680000841617584,0.047520000487565994,0.026816200464963913,0.021321000531315804,0.010584068512965224,5,0.1932000070810318,0.25547999143600464,0.21596039831638336,0.21412000060081482,0.021425807335788513,5,0.005760000087320805,0.008440000005066395,0.006752000097185374,0.006719999946653843,0.0009723867063498152,5,0.005799999926239252,0.007720000110566616,0.006216000113636255,0.005840000230818987,0.0007524254115775298,5,2880,64,8,16,8,9216,1,768,0,True,TORCH_SDPA,False,even,[768],768,768,768,768.0,768,0.0,0.0,0.0,False,0,768,768,BF16,CUDA_EVENT,generic,generic,none
0.004360000137239695,0.004600000102072954,0.004503999929875135,0.004559999797493219,8.979973093698413e-05,5,0.012520000338554382,0.024000000208616257,0.01498399991542101,0.012799999676644802,0.004509942933611894,5,0.21508100628852844,0.2744410037994385,0.23936859965324403,0.2293200045824051,0.02119842726826678,5,0.004480000119656324,0.004600000102072954,0.004528000019490719,0.004519999958574772,4.6647571055609506e-05,5,0.004480000119656324,0.004600000102072954,0.004543999955058098,0.004559999797493219,4.079211969054001e-05,5,2880,64,8,16,8,9216,1,1280,0,True,TORCH_SDPA,False,even,[1280],1280,1280,1280,1280.0,1280,0.0,0.0,0.0,False,0,1280,1280,BF16,CUDA_EVENT,generic,generic,none
0.004240000154823065,0.02012000046670437,0.00828800005838275,0.004840000066906214,0.006055022559147876,5,0.012640000320971012,0.04019999876618385,0.020407999865710735,0.01348000019788742,0.010593080990433332,5,0.25703999400138855,0.8551629781723022,0.41845719814300536,0.329241007566452,0.22417894884393122,5,0.00419999985024333,0.00887999963015318,0.005239999853074551,0.00443999981507659,0.001822701176886543,5,0.004240000154823065,0.00887999963015318,0.005383999925106764,0.004519999958574772,0.0017606542689141622,5,2880,64,8,16,8,9216,1,1664,0,True,TORCH_SDPA,False,even,[1664],1664,1664,1664,1664.0,1664,0.0,0.0,0.0,False,0,1664,1664,BF16,CUDA_EVENT,generic,generic,none
0.0055599999614059925,0.007960000075399876,0.0067599999718368055,0.006920000072568655,0.0009452195677344362,5,0.01907999999821186,0.06304000318050385,0.031176000833511353,0.0246799997985363,0.01631114776135805,5,0.22576099634170532,0.307081013917923,0.2542570024728775,0.2385610044002533,0.029560113843484132,5,0.00431999983265996,0.007000000216066837,0.004920000024139881,0.004399999976158142,0.0010421517167738526,5,0.004399999976158142,0.007160000037401915,0.0052559999749064445,0.004480000119656324,0.0010882940980342125,5,2880,64,8,16,8,9216,1,1024,0,True,TORCH_SDPA,False,even,[1024],1024,1024,1024,1024.0,1024,0.0,0.0,0.0,False,0,1024,1024,BF16,CUDA_EVENT,generic,generic,none
0.004399999976158142,0.005239999853074551,0.004599999915808439,0.00443999981507659,0.00032099841467075885,5,0.015519999898970127,0.02964000031352043,0.018576000072062015,0.015799999237060547,0.005536416295620563,5,0.4180009961128235,0.5189610123634338,0.4395529985427856,0.4198409914970398,0.03973617990948113,5,0.004399999976158142,0.007639999967068434,0.005335999932140112,0.00443999981507659,0.0012711192076629207,5,0.004399999976158142,0.0061599998734891415,0.004807999916374683,0.004480000119656324,0.0006780678189417501,5,2880,64,8,16,8,9216,1,2176,0,True,TORCH_SDPA,False,even,[2176],2176,2176,2176,2176.0,2176,0.0,0.0,0.0,False,0,2176,2176,BF16,CUDA_EVENT,generic,generic,none
0.004279999993741512,0.005040000192821026,0.004552000015974045,0.004480000119656324,0.0002572470479681244,5,0.012520000338554382,0.021239999681711197,0.014367999881505967,0.012679999694228172,0.003437803848560734,5,0.23420099914073944,4.178892135620117,1.0303548246622085,0.23732100427150726,1.5743169392630583,5,0.004399999976158142,0.004559999797493219,0.0044801999814808365,0.004480000119656324,5.0597966835853555e-05,5,0.004399999976158142,0.004480000119656324,0.004439999908208847,0.00443999981507659,2.529826665971379e-05,5,2880,64,8,16,8,9216,1,1536,0,True,TORCH_SDPA,False,even,[1536],1536,1536,1536,1536.0,1536,0.0,0.0,0.0,False,0,1536,1536,BF16,CUDA_EVENT,generic,generic,none
0.004360000137239695,0.004559999797493219,0.00447199996560812,0.004480000119656324,6.881851987655175e-05,5,0.016359999775886536,0.038520000874996185,0.021104000508785248,0.016920000314712524,0.008710806353596714,5,1.1655629873275757,1.2524830102920532,1.1919470071792602,1.1803230047225952,0.031170291065459748,5,0.00443999981507659,0.004559999797493219,0.004495999868959188,0.004480000119656324,5.4258613605923594e-05,5,0.004399999976158142,0.004519999958574772,0.0044639999978244305,0.004480000119656324,4.079219274941178e-05,5,2880,64,8,16,8,9216,1,3776,0,True,TORCH_SDPA,False,even,[3776],3776,3776,3776,3776.0,3776,0.0,0.0,0.0,False,0,3776,3776,BF16,CUDA_EVENT,generic,generic,none
0.004559999797493219,0.013919999822974205,0.006447999924421311,0.004600000102072954,0.0037360427762362296,5,0.014120000414550304,0.044440001249313354,0.020760000310838224,0.015239999629557133,0.011851454382579025,5,0.295320987701416,0.4423609972000122,0.3279849886894226,0.30052098631858826,0.057269542928243176,5,0.004519999958574772,0.005080000031739473,0.004679999966174364,0.004600000102072954,0.0002039608176284583,5,0.004519999958574772,0.004600000102072954,0.0045599999837577345,0.004559999797493219,3.5777151814455904e-05,5,2880,64,8,16,8,9216,1,1792,0,True,TORCH_SDPA,False,even,[1792],1792,1792,1792,1792.0,1792,0.0,0.0,0.0,False,0,1792,1792,BF16,CUDA_EVENT,generic,generic,none
0.00431999983265996,0.0049600000493228436,0.004504000023007393,0.004399999976158142,0.00023405984971976737,5,0.014639999717473984,0.028200000524520874,0.01787999998778105,0.014759999699890614,0.0052450360232599025,5,0.36107999086380005,0.44484201073646545,0.3784809947013855,0.36212098598480225,0.033184026802381576,5,0.004399999976158142,0.004480000119656324,0.004431999940425158,0.00443999981507659,2.993328789585909e-05,5,0.00443999981507659,0.004559999797493219,0.004471999872475862,0.00443999981507659,4.664761897177434e-05,5,2880,64,8,16,8,9216,1,2048,0,True,TORCH_SDPA,False,even,[2048],2048,2048,2048,2048.0,2048,0.0,0.0,0.0,False,0,2048,2048,BF16,CUDA_EVENT,generic,generic,none
0.004399999976158142,0.004519999958574772,0.004447999969124794,0.00443999981507659,4.664763494375637e-05,5,0.01720000058412552,0.033799998462200165,0.02067200019955635,0.017480000853538513,0.006564797377987652,5,1.8542850017547607,1.9446450471878052,1.8864606142044067,1.8760039806365967,0.03055342130882991,5,0.004360000137239695,0.004720000084489584,0.004504000023007393,0.004519999958574772,0.00012547509655894864,5,0.004399999976158142,0.006839999929070473,0.00493599995970726,0.004480000119656324,0.0009528399513288814,5,2880,64,8,16,8,9216,1,4864,0,True,TORCH_SDPA,False,even,[4864],4864,4864,4864,4864.0,4864,0.0,0.0,0.0,False,0,4864,4864,BF16,CUDA_EVENT,generic,generic,none
0.004360000137239695,0.005040000192821026,0.004536000080406666,0.004399999976158142,0.0002549980963159228,5,0.0163199994713068,0.028440000489354134,0.01892799958586693,0.01655999943614006,0.004758043743515955,5,0.565680980682373,0.6782010197639465,0.5910415887832642,0.5693219900131226,0.04367475052916951,5,0.00443999981507659,0.004559999797493219,0.004503999929875135,0.004519999958574772,4.079213795521706e-05,5,0.004399999976158142,0.005119999870657921,0.004679999966174364,0.00443999981507659,0.0003279024673515923,5,2880,64,8,16,8,9216,1,2560,0,True,TORCH_SDPA,False,even,[2560],2560,2560,2560,2560.0,2560,0.0,0.0,0.0,False,0,2560,2560,BF16,CUDA_EVENT,generic,generic,none
0.004480000119656324,0.004600000102072954,0.004520000051707029,0.004519999958574772,4.381779817994028e-05,5,0.015960000455379486,0.036240000277757645,0.020264199748635293,0.0163199994713068,0.007990197661177815,5,0.46244099736213684,0.5602819919586182,0.48292919993400574,0.463360995054245,0.0386875837448123,5,0.004519999958574772,0.004600000102072954,0.0045599999837577345,0.004559999797493219,3.5777151814455904e-05,5,0.00443999981507659,0.004600000102072954,0.004535999894142151,0.004559999797493219,5.4258695995502165e-05,5,2880,64,8,16,8,9216,1,2304,0,True,TORCH_SDPA,False,even,[2304],2304,2304,2304,2304.0,2304,0.0,0.0,0.0,False,0,2304,2304,BF16,CUDA_EVENT,generic,generic,none
0.00443999981507659,0.00803999975323677,0.005200199875980615,0.004480999894440174,0.001421109425069556,5,0.01664000004529953,0.025599999353289604,0.019175999611616135,0.018079999834299088,0.0032649016912764117,5,0.6109610199928284,0.7400820255279541,0.6420574188232422,0.6228809952735901,0.04934253313262995,5,0.004399999976158142,0.004559999797493219,0.004471999872475862,0.00443999981507659,5.878773253909212e-05,5,0.00443999981507659,0.004559999797493219,0.004479999933391809,0.004480000119656324,4.381779818013822e-05,5,2880,64,8,16,8,9216,1,2624,0,True,TORCH_SDPA,False,even,[2624],2624,2624,2624,2624.0,2624,0.0,0.0,0.0,False,0,2624,2624,BF16,CUDA_EVENT,generic,generic,none
0.004279999993741512,0.004480000119656324,0.004408000037074089,0.00443999981507659,7.756289196924024e-05,5,0.01592000015079975,0.02672000043094158,0.02012000009417534,0.019999999552965164,0.003927503142373231,5,0.8043619990348816,0.9027220010757446,0.8258180022239685,0.8074820041656494,0.03847810806707226,5,0.004399999976158142,0.004480000119656324,0.004423999972641468,0.004399999976158142,3.200003411633561e-05,5,0.00431999983265996,0.004480000119656324,0.004407999943941832,0.004399999976158142,5.306606375125428e-05,5,2880,64,8,16,8,9216,1,3072,0,True,TORCH_SDPA,False,even,[3072],3072,3072,3072,3072.0,3072,0.0,0.0,0.0,False,0,3072,3072,BF16,CUDA_EVENT,generic,generic,none
0.00431999983265996,0.004519999958574772,0.004447999969124794,0.004480000119656324,6.881868227260577e-05,5,0.01711999997496605,0.039480000734329224,0.022104000300168992,0.017960000783205032,0.008695032369407314,5,3.633449077606201,3.6651690006256104,3.6492889881134034,3.6501688957214355,0.012238645226331465,5,0.004360000137239695,0.004480000119656324,0.004416000004857779,0.00443999981507659,4.799993087868105e-05,5,0.004360000137239695,0.004480000119656324,0.004416000097990036,0.004399999976158142,5.425864106902378e-05,5,2880,64,8,16,8,9216,1,6912,0,True,TORCH_SDPA,False,even,[6912],6912,6912,6912,6912.0,6912,0.0,0.0,0.0,False,0,6912,6912,BF16,CUDA_EVENT,generic,generic,none
0.004399999976158142,0.00559999980032444,0.004687999933958053,0.004480000119656324,0.000457750959668817,5,0.016920000314712524,0.05552000179886818,0.024912000447511674,0.01727999933063984,0.015305725616604593,5,1.0506830215454102,1.1586029529571533,1.0762589931488038,1.0578030347824097,0.04129521387335801,5,0.004360000137239695,0.007040000054985285,0.0049599999561905864,0.00443999981507659,0.00104123008841909,5,0.004399999976158142,0.0063599999994039536,0.004848000034689904,0.004480000119656324,0.0007570046064061599,5,2880,64,8,16,8,9216,1,3584,0,True,TORCH_SDPA,False,even,[3584],3584,3584,3584,3584.0,3584,0.0,0.0,0.0,False,0,3584,3584,BF16,CUDA_EVENT,generic,generic,none
0.00443999981507659,0.008440000005066395,0.0052559999749064445,0.004480000119656324,0.0015921005159498993,5,0.016119999811053276,0.029361000284552574,0.018984200060367586,0.01640000008046627,0.005191999214664971,5,0.8357629776000977,0.9167219996452332,0.8530821919441223,0.8367220163345337,0.031857839797801484,5,0.004399999976158142,0.004559999797493219,0.004487999901175499,0.004519999958574772,5.8787732539092134e-05,5,0.004399999976158142,0.004519999958574772,0.004440000001341105,0.004399999976158142,5.0596459691431135e-05,5,2880,64,8,16,8,9216,1,3136,0,True,TORCH_SDPA,False,even,[3136],3136,3136,3136,3136.0,3136,0.0,0.0,0.0,False,0,3136,3136,BF16,CUDA_EVENT,generic,generic,none
0.004399999976158142,0.006200000178068876,0.004784000013023615,0.00443999981507659,0.0007086212804296091,5,0.016759999096393585,0.06592000275850296,0.027048000320792197,0.017559999600052834,0.019438443959684505,5,1.319362998008728,1.4326839447021484,1.3479715824127196,1.3258039951324463,0.043002723011916544,5,0.004399999976158142,0.004519999958574772,0.004472000058740377,0.004480000119656324,3.9191849152437796e-05,5,0.004399999976158142,0.007000000216066837,0.004968000017106533,0.004480000119656324,0.0010167871970861578,5,2880,64,8,16,8,9216,1,4096,0,True,TORCH_SDPA,False,even,[4096],4096,4096,4096,4096.0,4096,0.0,0.0,0.0,False,0,4096,4096,BF16,CUDA_EVENT,generic,generic,none
0.004360000137239695,0.005880000069737434,0.004719999991357327,0.00443999981507659,0.0005813089045692587,5,0.01640000008046627,0.05144000053405762,0.023808200284838675,0.01711999997496605,0.013820655283805132,5,1.0913619995117188,1.1777629852294922,1.1147868156433105,1.1043230295181274,0.03209294464826759,5,0.004360000137239695,0.004480999894440174,0.004424199927598238,0.00443999981507659,4.1067651147067335e-05,5,0.00443999981507659,0.004519999958574772,0.004463999904692173,0.00443999981507659,3.2000080682464336e-05,5,2880,64,8,16,8,9216,1,3648,0,True,TORCH_SDPA,False,even,[3648],3648,3648,3648,3648.0,3648,0.0,0.0,0.0,False,0,3648,3648,BF16,CUDA_EVENT,generic,generic,none
0.00431999983265996,0.004480000119656324,0.004408000037074089,0.004399999976158142,6.400007987400752e-05,5,0.018799999728798866,0.04828000068664551,0.025120000168681145,0.01940000057220459,0.011584072082126997,5,6.408377170562744,6.452776908874512,6.4220888137817385,6.414216041564941,0.015883727958986873,5,0.00431999983265996,0.004480000119656324,0.004399999976158142,0.004399999976158142,5.656857810916412e-05,5,0.004399999976158142,0.004519999958574772,0.004439999908208847,0.00443999981507659,4.381779817994028e-05,5,2880,64,8,16,8,9216,1,8960,0,True,TORCH_SDPA,False,even,[8960],8960,8960,8960,8960.0,8960,0.0,0.0,0.0,False,0,8960,8960,BF16,CUDA_EVENT,generic,generic,none
0.00443999981507659,0.009879999794065952,0.00559199983254075,0.004519999958574772,0.002145790277557284,5,0.017079999670386314,0.05187999829649925,0.024431999772787094,0.017640000209212303,0.013726712493629127,5,1.529363989830017,1.6587649583816528,1.563828206062317,1.5431640148162842,0.048141334939454286,5,0.004360000137239695,0.004559999797493219,0.0044721999205648896,0.004480999894440174,6.884292227129829e-05,5,0.004360000137239695,0.004519999958574772,0.004456000030040741,0.004480000119656324,6.499226332255945e-05,5,2880,64,8,16,8,9216,1,4352,0,True,TORCH_SDPA,False,even,[4352],4352,4352,4352,4352.0,4352,0.0,0.0,0.0,False,0,4352,4352,BF16,CUDA_EVENT,generic,generic,none
0.004399999976158142,0.00791999977082014,0.005143999960273505,0.004480000119656324,0.0013887777857772596,5,0.01759999990463257,0.02783999964594841,0.020815999805927278,0.020160000771284103,0.0036627071779359926,5,2.799686908721924,2.8386070728302,2.8174232006073,2.818047046661377,0.014284503480299854,5,0.004360000137239695,0.004480000119656324,0.004416000004857779,0.004399999976158142,4.079213795521706e-05,5,0.004399999976158142,0.00443999981507659,0.004415999911725521,0.004399999976158142,1.9595839028743304e-05,5,2880,64,8,16,8,9216,1,6144,0,True,TORCH_SDPA,False,even,[6144],6144,6144,6144,6144.0,6144,0.0,0.0,0.0,False,0,6144,6144,BF16,CUDA_EVENT,generic,generic,none
0.004360000137239695,0.006519999820739031,0.004839999973773957,0.004399999976158142,0.000841712460927947,5,0.012559999711811543,0.02744000032544136,0.018688000179827212,0.01964000053703785,0.005580847368546407,5,0.00443999981507659,0.009320000186562538,0.005783999990671873,0.005200000014156103,0.0018134785137165835,5,0.08975999802350998,0.14316099882125854,0.11033640056848526,0.10648100078105927,0.01778396016173642,5,0.004240000154823065,0.009159999899566174,0.0053600000217556955,0.004480000119656324,0.0019024194487375766,5,2880,64,8,16,8,9216,64,0,512,False,TORCH_SDPA,False,even,"[1, 1, 1, 1, 1, 1, 1, 1, 1, 1, 1, 1, 1, 1, 1, 1, 1, 1, 1, 1, 1, 1, 1, 1, 1, 1, 1, 1, 1, 1, 1, 1, 1, 1, 1, 1, 1, 1, 1, 1, 1, 1, 1, 1, 1, 1, 1, 1, 1, 1, 1, 1, 1, 1, 1, 1, 1, 1, 1, 1, 1, 1, 1, 1]",64,1,1,1.0,8,0.0,0.0,0.0,False,0,0,0,BF16,CUDA_EVENT,generic,generic,none
0.00431999983265996,0.004480000119656324,0.004399999976158142,0.004399999976158142,5.656857810916412e-05,5,0.01711999997496605,0.046720001846551895,0.023232000321149825,0.0175199992954731,0.011745417567081083,5,3.1568479537963867,3.21012806892395,3.175464057922363,3.1708080768585205,0.01838736694100615,5,0.004360000137239695,0.005960000213235617,0.004728000052273274,0.00443999981507659,0.000617297414089975,5,0.004360000137239695,0.004480000119656324,0.004408000037074089,0.004399999976158142,3.9191849152437796e-05,5,2880,64,8,16,8,9216,1,6400,0,True,TORCH_SDPA,False,even,[6400],6400,6400,6400,6400.0,6400,0.0,0.0,0.0,False,0,6400,6400,BF16,CUDA_EVENT,generic,generic,none
0.00431999983265996,0.004519999958574772,0.004431999940425158,0.00443999981507659,6.881866061977869e-05,5,0.012439999729394913,0.04828000068664551,0.01976000014692545,0.012760000303387642,0.014260524806492772,5,0.00443999981507659,0.006839999929070473,0.0053599999286234375,0.004519999958574772,0.0010980711125356348,5,0.4054409861564636,0.725242018699646,0.5171132028102875,0.4992409944534302,0.11767560498311419,5,0.004360000137239695,0.004519999958574772,0.004448000062257052,0.004480000119656324,5.878773253909212e-05,5,2880,64,8,16,8,9216,448,0,512,False,TORCH_SDPA,False,even,"[1, 1, 1, 1, 1, 1, 1, 1, 1, 1, 1, 1, 1, 1, 1, 1, 1, 1, 1, 1, 1, 1, 1, 1, 1, 1, 1, 1, 1, 1, 1, 1, 1, 1, 1, 1, 1, 1, 1, 1, 1, 1, 1, 1, 1, 1, 1, 1, 1, 1, 1, 1, 1, 1, 1, 1, 1, 1, 1, 1, 1, 1, 1, 1, 1, 1, 1, 1, 1, 1, 1, 1, 1, 1, 1, 1, 1, 1, 1, 1, 1, 1, 1, 1, 1, 1, 1, 1, 1, 1, 1, 1, 1, 1, 1, 1, 1, 1, 1, 1, 1, 1, 1, 1, 1, 1, 1, 1, 1, 1, 1, 1, 1, 1, 1, 1, 1, 1, 1, 1, 1, 1, 1, 1, 1, 1, 1, 1, 1, 1, 1, 1, 1, 1, 1, 1, 1, 1, 1, 1, 1, 1, 1, 1, 1, 1, 1, 1, 1, 1, 1, 1, 1, 1, 1, 1, 1, 1, 1, 1, 1, 1, 1, 1, 1, 1, 1, 1, 1, 1, 1, 1, 1, 1, 1, 1, 1, 1, 1, 1, 1, 1, 1, 1, 1, 1, 1, 1, 1, 1, 1, 1, 1, 1, 1, 1, 1, 1, 1, 1, 1, 1, 1, 1, 1, 1, 1, 1, 1, 1, 1, 1, 1, 1, 1, 1, 1, 1, 1, 1, 1, 1, 1, 1, 1, 1, 1, 1, 1, 1, 1, 1, 1, 1, 1, 1, 1, 1, 1, 1, 1, 1, 1, 1, 1, 1, 1, 1, 1, 1, 1, 1, 1, 1, 1, 1, 1, 1, 1, 1, 1, 1, 1, 1, 1, 1, 1, 1, 1, 1, 1, 1, 1, 1, 1, 1, 1, 1, 1, 1, 1, 1, 1, 1, 1, 1, 1, 1, 1, 1, 1, 1, 1, 1, 1, 1, 1, 1, 1, 1, 1, 1, 1, 1, 1, 1, 1, 1, 1, 1, 1, 1, 1, 1, 1, 1, 1, 1, 1, 1, 1, 1, 1, 1, 1, 1, 1, 1, 1, 1, 1, 1, 1, 1, 1, 1, 1, 1, 1, 1, 1, 1, 1, 1, 1, 1, 1, 1, 1, 1, 1, 1, 1, 1, 1, 1, 1, 1, 1, 1, 1, 1, 1, 1, 1, 1, 1, 1, 1, 1, 1, 1, 1, 1, 1, 1, 1, 1, 1, 1, 1, 1, 1, 1, 1, 1, 1, 1, 1, 1, 1, 1, 1, 1, 1, 1, 1, 1, 1, 1, 1, 1, 1, 1, 1, 1, 1, 1, 1, 1, 1, 1, 1, 1, 1, 1, 1, 1, 1, 1, 1, 1, 1, 1, 1, 1, 1, 1, 1, 1, 1, 1, 1, 1, 1, 1, 1, 1, 1, 1, 1, 1, 1, 1, 1, 1, 1, 1]",448,1,1,1.0,21,0.0,0.0,0.0,False,0,0,0,BF16,CUDA_EVENT,generic,generic,none
0.00431999983265996,0.007600000128149986,0.0050560000352561476,0.004480000119656324,0.0012741366185678713,5,0.017999999225139618,0.06567999720573425,0.027784198895096777,0.018479999154806137,0.01894871791319169,5,5.334494113922119,5.366854190826416,5.350037479400635,5.349133014678955,0.012814107414660896,5,0.004360000137239695,0.007240000180900097,0.005512000061571598,0.004519999958574772,0.00133180183302453,5,0.004399999976158142,0.006240000016987324,0.004808000009506941,0.004480000119656324,0.0007166142682393712,5,2880,64,8,16,8,9216,1,8192,0,True,TORCH_SDPA,False,even,[8192],8192,8192,8192,8192.0,8192,0.0,0.0,0.0,False,0,8192,8192,BF16,CUDA_EVENT,generic,generic,none
0.00443999981507659,0.007319999858736992,0.005207999981939793,0.004480000119656324,0.0011066055609963805,5,0.012480000033974648,0.02136100083589554,0.014368200302124023,0.012719999998807907,0.003498093027318754,5,0.004399999976158142,0.005760000087320805,0.004736000020056963,0.004519999958574772,0.0005138716122500092,5,0.10884000360965729,0.12943999469280243,0.11367239952087402,0.10931999981403351,0.007944254898473193,5,0.004399999976158142,0.0069599999114871025,0.00494399992749095,0.00443999981507659,0.001008951923188344,5,2880,64,8,16,8,9216,48,0,1024,False,TORCH_SDPA,False,even,"[1, 1, 1, 1, 1, 1, 1, 1, 1, 1, 1, 1, 1, 1, 1, 1, 1, 1, 1, 1, 1, 1, 1, 1, 1, 1, 1, 1, 1, 1, 1, 1, 1, 1, 1, 1, 1, 1, 1, 1, 1, 1, 1, 1, 1, 1, 1, 1]",48,1,1,1.0,6,0.0,0.0,0.0,False,0,0,0,BF16,CUDA_EVENT,generic,generic,none
0.005119999870657921,0.006839999929070473,0.006191999930888414,0.006200000178068876,0.0006188505437919592,5,0.017640000209212303,0.05503999814391136,0.02576799988746643,0.01868000067770481,0.014643963621687519,5,0.005679999943822622,0.007240000180900097,0.0064559999853372576,0.006599999964237213,0.0005783286961557461,5,0.06247999891638756,0.0910400003194809,0.07242419943213463,0.06904000043869019,0.009853442836125458,5,0.00443999981507659,0.005919999908655882,0.0049519998952746395,0.004879999905824661,0.0005445879586563621,5,2880,64,8,16,8,9216,16,0,512,False,TORCH_SDPA,False,even,"[1, 1, 1, 1, 1, 1, 1, 1, 1, 1, 1, 1, 1, 1, 1, 1]",16,1,1,1.0,4,0.0,0.0,0.0,False,0,0,0,BF16,CUDA_EVENT,generic,generic,none
0.004360000137239695,0.03164000064134598,0.009856000076979399,0.00443999981507659,0.01089204067840335,5,0.018360000103712082,0.09912099689245224,0.03480819948017597,0.0188400000333786,0.032157168682623444,5,5.707135200500488,6.115574836730957,5.807086849212647,5.739655017852783,0.15472987899468563,5,0.004360000137239695,0.004480000119656324,0.004423999972641468,0.00443999981507659,4.0792119690539996e-05,5,0.004360000137239695,0.004480000119656324,0.004424000065773726,0.004399999976158142,4.8000024010787934e-05,5,2880,64,8,16,8,9216,1,8448,0,True,TORCH_SDPA,False,even,[8448],8448,8448,8448,8448.0,8448,0.0,0.0,0.0,False,0,8448,8448,BF16,CUDA_EVENT,generic,generic,none
0.004519999958574772,0.004679999779909849,0.004600000008940697,0.004600000102072954,5.0596386064013265e-05,5,0.016440000385046005,0.046720001846551895,0.0228240005671978,0.01679999940097332,0.011952991233404979,5,0.7211220264434814,0.847241997718811,0.7491940140724183,0.7258020043373108,0.04910501482126027,5,0.004480000119656324,0.008080000057816505,0.005224000010639429,0.004519999958574772,0.0014283081111165375,5,0.004480000119656324,0.007199999876320362,0.005079999938607216,0.004559999797493219,0.001061319899082428,5,2880,64,8,16,8,9216,1,2880,0,True,TORCH_SDPA,False,even,[2880],2880,2880,2880,2880.0,2880,0.0,0.0,0.0,False,0,2880,2880,BF16,CUDA_EVENT,generic,generic,none
0.00431999983265996,0.004480000119656324,0.004400000069290399,0.004360000137239695,6.693286652482382e-05,5,0.012400000356137753,0.020320000126957893,0.014671999961137772,0.012439999729394913,0.0031137783377860116,5,0.00443999981507659,0.005760000087320805,0.005016000010073185,0.005080000031739473,0.0004909420477741006,5,0.5814819931983948,0.6803609728813171,0.604353392124176,0.586601972579956,0.03805634457744507,5,0.004399999976158142,0.004639999940991402,0.00447199996560812,0.00443999981507659,8.908423069119777e-05,5,2880,64,8,16,8,9216,384,0,1024,False,TORCH_SDPA,False,even,"[1, 1, 1, 1, 1, 1, 1, 1, 1, 1, 1, 1, 1, 1, 1, 1, 1, 1, 1, 1, 1, 1, 1, 1, 1, 1, 1, 1, 1, 1, 1, 1, 1, 1, 1, 1, 1, 1, 1, 1, 1, 1, 1, 1, 1, 1, 1, 1, 1, 1, 1, 1, 1, 1, 1, 1, 1, 1, 1, 1, 1, 1, 1, 1, 1, 1, 1, 1, 1, 1, 1, 1, 1, 1, 1, 1, 1, 1, 1, 1, 1, 1, 1, 1, 1, 1, 1, 1, 1, 1, 1, 1, 1, 1, 1, 1, 1, 1, 1, 1, 1, 1, 1, 1, 1, 1, 1, 1, 1, 1, 1, 1, 1, 1, 1, 1, 1, 1, 1, 1, 1, 1, 1, 1, 1, 1, 1, 1, 1, 1, 1, 1, 1, 1, 1, 1, 1, 1, 1, 1, 1, 1, 1, 1, 1, 1, 1, 1, 1, 1, 1, 1, 1, 1, 1, 1, 1, 1, 1, 1, 1, 1, 1, 1, 1, 1, 1, 1, 1, 1, 1, 1, 1, 1, 1, 1, 1, 1, 1, 1, 1, 1, 1, 1, 1, 1, 1, 1, 1, 1, 1, 1, 1, 1, 1, 1, 1, 1, 1, 1, 1, 1, 1, 1, 1, 1, 1, 1, 1, 1, 1, 1, 1, 1, 1, 1, 1, 1, 1, 1, 1, 1, 1, 1, 1, 1, 1, 1, 1, 1, 1, 1, 1, 1, 1, 1, 1, 1, 1, 1, 1, 1, 1, 1, 1, 1, 1, 1, 1, 1, 1, 1, 1, 1, 1, 1, 1, 1, 1, 1, 1, 1, 1, 1, 1, 1, 1, 1, 1, 1, 1, 1, 1, 1, 1, 1, 1, 1, 1, 1, 1, 1, 1, 1, 1, 1, 1, 1, 1, 1, 1, 1, 1, 1, 1, 1, 1, 1, 1, 1, 1, 1, 1, 1, 1, 1, 1, 1, 1, 1, 1, 1, 1, 1, 1, 1, 1, 1, 1, 1, 1, 1, 1, 1, 1, 1, 1, 1, 1, 1, 1, 1, 1, 1, 1, 1, 1, 1, 1, 1, 1, 1, 1, 1, 1, 1, 1, 1, 1, 1, 1, 1, 1, 1, 1, 1, 1, 1, 1, 1, 1, 1, 1, 1, 1, 1, 1, 1, 1, 1, 1, 1, 1, 1, 1, 1, 1, 1, 1, 1, 1, 1, 1, 1]",384,1,1,1.0,19,0.0,0.0,0.0,False,0,0,0,BF16,CUDA_EVENT,generic,generic,none
0.004480000119656324,0.004600000102072954,0.004552000015974045,0.004559999797493219,4.664761897177434e-05,5,0.016599999740719795,0.11163999885320663,0.03577599972486496,0.016680000349879265,0.03793292225577073,5,0.7813199758529663,0.9294400215148926,0.8137681961059571,0.7872409820556641,0.057918868238703916,5,0.004519999958574772,0.004679999779909849,0.0045679999515414235,0.004519999958574772,6.39999518171588e-05,5,0.004480000119656324,0.004679999779909849,0.004568199906498194,0.004559999797493219,6.397614520503596e-05,5,2880,64,8,16,8,9216,1,3008,0,True,TORCH_SDPA,False,even,[3008],3008,3008,3008,3008.0,3008,0.0,0.0,0.0,False,0,3008,3008,BF16,CUDA_EVENT,generic,generic,none
0.004360000137239695,0.012240000069141388,0.005991999991238117,0.00443999981507659,0.003124243306857017,5,0.012600000016391277,0.04252000153064728,0.018600200302898884,0.012640000320971012,0.011959914332592367,5,0.004360000137239695,0.007960000075399876,0.005120000056922436,0.004399999976158142,0.0014205351199580696,5,0.24208000302314758,0.3962010145187378,0.2731846034526825,0.24240000545978546,0.06150899429971181,5,0.004399999976158142,0.004519999958574772,0.0044559999369084835,0.00443999981507659,4.079219274941178e-05,5,2880,64,8,16,8,9216,256,0,512,False,TORCH_SDPA,False,even,"[1, 1, 1, 1, 1, 1, 1, 1, 1, 1, 1, 1, 1, 1, 1, 1, 1, 1, 1, 1, 1, 1, 1, 1, 1, 1, 1, 1, 1, 1, 1, 1, 1, 1, 1, 1, 1, 1, 1, 1, 1, 1, 1, 1, 1, 1, 1, 1, 1, 1, 1, 1, 1, 1, 1, 1, 1, 1, 1, 1, 1, 1, 1, 1, 1, 1, 1, 1, 1, 1, 1, 1, 1, 1, 1, 1, 1, 1, 1, 1, 1, 1, 1, 1, 1, 1, 1, 1, 1, 1, 1, 1, 1, 1, 1, 1, 1, 1, 1, 1, 1, 1, 1, 1, 1, 1, 1, 1, 1, 1, 1, 1, 1, 1, 1, 1, 1, 1, 1, 1, 1, 1, 1, 1, 1, 1, 1, 1, 1, 1, 1, 1, 1, 1, 1, 1, 1, 1, 1, 1, 1, 1, 1, 1, 1, 1, 1, 1, 1, 1, 1, 1, 1, 1, 1, 1, 1, 1, 1, 1, 1, 1, 1, 1, 1, 1, 1, 1, 1, 1, 1, 1, 1, 1, 1, 1, 1, 1, 1, 1, 1, 1, 1, 1, 1, 1, 1, 1, 1, 1, 1, 1, 1, 1, 1, 1, 1, 1, 1, 1, 1, 1, 1, 1, 1, 1, 1, 1, 1, 1, 1, 1, 1, 1, 1, 1, 1, 1, 1, 1, 1, 1, 1, 1, 1, 1, 1, 1, 1, 1, 1, 1, 1, 1, 1, 1, 1, 1, 1, 1, 1, 1, 1, 1, 1, 1, 1, 1, 1, 1, 1, 1, 1, 1, 1, 1]",256,1,1,1.0,16,0.0,0.0,0.0,False,0,0,0,BF16,CUDA_EVENT,generic,generic,none
0.004360000137239695,0.004519999958574772,0.004423999972641468,0.004399999976158142,5.425858614264964e-05,5,0.011760000139474869,0.04631999880075455,0.019647999666631222,0.012959999963641167,0.013382242121089039,5,0.004399999976158142,0.006279999855905771,0.005047999881207943,0.00443999981507659,0.0007844080640299944,5,0.10892099887132645,0.13708099722862244,0.11558439880609513,0.11004000157117844,0.01082494435112031,5,0.004399999976158142,0.004600000102072954,0.0044639999978244305,0.00443999981507659,7.418901073979258e-05,5,2880,64,8,16,8,9216,32,0,2048,False,TORCH_SDPA,False,even,"[1, 1, 1, 1, 1, 1, 1, 1, 1, 1, 1, 1, 1, 1, 1, 1, 1, 1, 1, 1, 1, 1, 1, 1, 1, 1, 1, 1, 1, 1, 1, 1]",32,1,1,1.0,5,0.0,0.0,0.0,False,0,0,0,BF16,CUDA_EVENT,generic,generic,none
0.00443999981507659,0.004679999779909849,0.004535999801009894,0.004559999797493219,8.97997641243852e-05,5,0.016759999096393585,0.02515999972820282,0.018687999993562698,0.01720000058412552,0.0032448259374261157,5,0.962801992893219,1.023123025894165,0.9802264094352722,0.9706820249557495,0.021826150060268317,5,0.00443999981507659,0.004600000102072954,0.004528000019490719,0.004519999958574772,6.400007987400752e-05,5,0.004521000199019909,0.004600000102072954,0.0045762000605463985,0.004600000102072954,3.165058977502047e-05,5,2880,64,8,16,8,9216,1,3392,0,True,TORCH_SDPA,False,even,[3392],3392,3392,3392,3392.0,3392,0.0,0.0,0.0,False,0,3392,3392,BF16,CUDA_EVENT,generic,generic,none
0.00431999983265996,0.007160000037401915,0.005279999878257513,0.004679999779909849,0.0010762900129604894,5,0.018400000408291817,0.061159998178482056,0.027199999988079072,0.018559999763965607,0.016984264759347355,5,0.005280000157654285,0.0060800001956522465,0.0056720000691711904,0.005799999926239252,0.00030400006492674634,5,0.06972000002861023,0.08792100101709366,0.07478439956903457,0.07215999811887741,0.006795464920567756,5,0.004399999976158142,0.04204000160098076,0.011984000261873008,0.004480000119656324,0.015028093828566111,5,2880,64,8,16,8,9216,32,0,512,False,TORCH_SDPA,False,even,"[1, 1, 1, 1, 1, 1, 1, 1, 1, 1, 1, 1, 1, 1, 1, 1, 1, 1, 1, 1, 1, 1, 1, 1, 1, 1, 1, 1, 1, 1, 1, 1]",32,1,1,1.0,5,0.0,0.0,0.0,False,0,0,0,BF16,CUDA_EVENT,generic,generic,none
0.004480000119656324,0.004559999797493219,0.004535999894142151,0.004559999797493219,3.1999871134757994e-05,5,0.016759999096393585,0.030799999833106995,0.020079999789595605,0.01744000054895878,0.005385313402356367,5,1.0138009786605835,1.1092400550842285,1.043968391418457,1.035159945487976,0.033764931242061993,5,0.00443999981507659,0.004480000119656324,0.004472000058740377,0.004480000119656324,1.600012183189392e-05,5,0.004480000119656324,0.004600000102072954,0.004568000044673681,0.004600000102072954,4.664761897177434e-05,5,2880,64,8,16,8,9216,1,3520,0,True,TORCH_SDPA,False,even,[3520],3520,3520,3520,3520.0,3520,0.0,0.0,0.0,False,0,3520,3520,BF16,CUDA_EVENT,generic,generic,none
0.00443999981507659,0.0047599999234080315,0.004607999883592129,0.004600000102072954,0.00010851730273544547,5,0.016440000385046005,0.030239999294281006,0.019519999623298645,0.01679999940097332,0.005375678400593855,5,0.7630419731140137,0.8741220235824585,0.7870820045471192,0.7631620168685913,0.04365489553751788,5,0.004480000119656324,0.005400000140070915,0.004767999984323978,0.004639999940991402,0.0003292659134201931,5,0.004519999958574772,0.004639999940991402,0.00459199994802475,0.004600000102072954,4.664763494375637e-05,5,2880,64,8,16,8,9216,1,2944,0,True,TORCH_SDPA,False,even,[2944],2944,2944,2944,2944.0,2944,0.0,0.0,0.0,False,0,2944,2944,BF16,CUDA_EVENT,generic,generic,none
0.004399999976158142,0.004480000119656324,0.004456000030040741,0.004480000119656324,3.2000080682464336e-05,5,0.010119999758899212,0.038120001554489136,0.019400000385940076,0.018559999763965607,0.010111601834061746,5,0.004399999976158142,0.0069599999114871025,0.00603200001642108,0.0063599999994039536,0.000893496478324109,5,0.07708100229501724,0.09935999661684036,0.08248839974403381,0.07760000228881836,0.008554429766168511,5,0.00443999981507659,0.004480000119656324,0.0044559999369084835,0.00443999981507659,1.9596067155252676e-05,5,2880,64,8,16,8,9216,8,0,1024,False,TORCH_SDPA,False,even,"[1, 1, 1, 1, 1, 1, 1, 1]",8,1,1,1.0,2,0.0,0.0,0.0,False,0,0,0,BF16,CUDA_EVENT,generic,generic,none
0.004360000137239695,0.004559999797493219,0.004440000001341105,0.004399999976158142,8.390459196142184e-05,5,0.012280000373721123,0.020239999517798424,0.014079999923706055,0.012640000320971012,0.003083166992614532,5,0.004360000137239695,0.006639999803155661,0.004872000031173229,0.004480000119656324,0.0008852207632348723,5,0.29736098647117615,1.1773619651794434,0.4876649916172028,0.300121009349823,0.34583049541438526,5,0.004360000137239695,0.004559999797493219,0.004487999994307756,0.004519999958574772,6.881849822367357e-05,5,2880,64,8,16,8,9216,320,0,512,False,TORCH_SDPA,False,even,"[1, 1, 1, 1, 1, 1, 1, 1, 1, 1, 1, 1, 1, 1, 1, 1, 1, 1, 1, 1, 1, 1, 1, 1, 1, 1, 1, 1, 1, 1, 1, 1, 1, 1, 1, 1, 1, 1, 1, 1, 1, 1, 1, 1, 1, 1, 1, 1, 1, 1, 1, 1, 1, 1, 1, 1, 1, 1, 1, 1, 1, 1, 1, 1, 1, 1, 1, 1, 1, 1, 1, 1, 1, 1, 1, 1, 1, 1, 1, 1, 1, 1, 1, 1, 1, 1, 1, 1, 1, 1, 1, 1, 1, 1, 1, 1, 1, 1, 1, 1, 1, 1, 1, 1, 1, 1, 1, 1, 1, 1, 1, 1, 1, 1, 1, 1, 1, 1, 1, 1, 1, 1, 1, 1, 1, 1, 1, 1, 1, 1, 1, 1, 1, 1, 1, 1, 1, 1, 1, 1, 1, 1, 1, 1, 1, 1, 1, 1, 1, 1, 1, 1, 1, 1, 1, 1, 1, 1, 1, 1, 1, 1, 1, 1, 1, 1, 1, 1, 1, 1, 1, 1, 1, 1, 1, 1, 1, 1, 1, 1, 1, 1, 1, 1, 1, 1, 1, 1, 1, 1, 1, 1, 1, 1, 1, 1, 1, 1, 1, 1, 1, 1, 1, 1, 1, 1, 1, 1, 1, 1, 1, 1, 1, 1, 1, 1, 1, 1, 1, 1, 1, 1, 1, 1, 1, 1, 1, 1, 1, 1, 1, 1, 1, 1, 1, 1, 1, 1, 1, 1, 1, 1, 1, 1, 1, 1, 1, 1, 1, 1, 1, 1, 1, 1, 1, 1, 1, 1, 1, 1, 1, 1, 1, 1, 1, 1, 1, 1, 1, 1, 1, 1, 1, 1, 1, 1, 1, 1, 1, 1, 1, 1, 1, 1, 1, 1, 1, 1, 1, 1, 1, 1, 1, 1, 1, 1, 1, 1, 1, 1, 1, 1, 1, 1, 1, 1, 1, 1, 1, 1, 1, 1, 1, 1, 1, 1, 1, 1, 1, 1]",320,1,1,1.0,17,0.0,0.0,0.0,False,0,0,0,BF16,CUDA_EVENT,generic,generic,none
0.004360000137239695,0.14020000398159027,0.03159200083464384,0.004480000119656324,0.05430403103719244,5,0.012240000069141388,0.044199999421834946,0.0188400000333786,0.012520000338554382,0.012681072205157764,5,0.004399999976158142,0.007199999876320362,0.004975999891757965,0.00443999981507659,0.0011121438667079388,5,0.8799219727516174,1.0209629535675049,0.9118505954742432,0.8868430256843567,0.05469473179070121,5,0.00443999981507659,0.005119999870657921,0.004607999976724386,0.004480000119656324,0.00025724691473946097,5,2880,64,8,16,8,9216,320,0,2048,False,TORCH_SDPA,False,even,"[1, 1, 1, 1, 1, 1, 1, 1, 1, 1, 1, 1, 1, 1, 1, 1, 1, 1, 1, 1, 1, 1, 1, 1, 1, 1, 1, 1, 1, 1, 1, 1, 1, 1, 1, 1, 1, 1, 1, 1, 1, 1, 1, 1, 1, 1, 1, 1, 1, 1, 1, 1, 1, 1, 1, 1, 1, 1, 1, 1, 1, 1, 1, 1, 1, 1, 1, 1, 1, 1, 1, 1, 1, 1, 1, 1, 1, 1, 1, 1, 1, 1, 1, 1, 1, 1, 1, 1, 1, 1, 1, 1, 1, 1, 1, 1, 1, 1, 1, 1, 1, 1, 1, 1, 1, 1, 1, 1, 1, 1, 1, 1, 1, 1, 1, 1, 1, 1, 1, 1, 1, 1, 1, 1, 1, 1, 1, 1, 1, 1, 1, 1, 1, 1, 1, 1, 1, 1, 1, 1, 1, 1, 1, 1, 1, 1, 1, 1, 1, 1, 1, 1, 1, 1, 1, 1, 1, 1, 1, 1, 1, 1, 1, 1, 1, 1, 1, 1, 1, 1, 1, 1, 1, 1, 1, 1, 1, 1, 1, 1, 1, 1, 1, 1, 1, 1, 1, 1, 1, 1, 1, 1, 1, 1, 1, 1, 1, 1, 1, 1, 1, 1, 1, 1, 1, 1, 1, 1, 1, 1, 1, 1, 1, 1, 1, 1, 1, 1, 1, 1, 1, 1, 1, 1, 1, 1, 1, 1, 1, 1, 1, 1, 1, 1, 1, 1, 1, 1, 1, 1, 1, 1, 1, 1, 1, 1, 1, 1, 1, 1, 1, 1, 1, 1, 1, 1, 1, 1, 1, 1, 1, 1, 1, 1, 1, 1, 1, 1, 1, 1, 1, 1, 1, 1, 1, 1, 1, 1, 1, 1, 1, 1, 1, 1, 1, 1, 1, 1, 1, 1, 1, 1, 1, 1, 1, 1, 1, 1, 1, 1, 1, 1, 1, 1, 1, 1, 1, 1, 1, 1, 1, 1, 1, 1, 1, 1, 1, 1, 1, 1]",320,1,1,1.0,17,0.0,0.0,0.0,False,0,0,0,BF16,CUDA_EVENT,generic,generic,none
0.004399999976158142,0.004679999779909849,0.0045439998619258406,0.004559999797493219,8.979970604623208e-05,5,0.017121000215411186,0.03195999935269356,0.020416199788451196,0.01759999990463257,0.005780880832638519,5,1.2396429777145386,1.2892030477523804,1.2549871921539306,1.246724009513855,0.018086208551486484,5,0.004519999958574772,0.006719999946653843,0.005031999945640564,0.004679999779909849,0.0008479245257644402,5,0.004519999958574772,0.004720000084489584,0.004600000008940697,0.004600000102072954,6.693286652482382e-05,5,2880,64,8,16,8,9216,1,3904,0,True,TORCH_SDPA,False,even,[3904],3904,3904,3904,3904.0,3904,0.0,0.0,0.0,False,0,3904,3904,BF16,CUDA_EVENT,generic,generic,none
0.004559999797493219,0.007360000163316727,0.005248000007122755,0.004600000102072954,0.0010802667341004524,5,0.016920000314712524,0.0284000001847744,0.019568000361323355,0.017240000888705254,0.004438406855006685,5,0.9982830286026001,1.061282992362976,1.0163147926330567,1.008281946182251,0.022797560298188097,5,0.004480000119656324,0.004559999797493219,0.004527999926358462,0.004519999958574772,2.993313855179537e-05,5,0.004480000119656324,0.004679999779909849,0.0045519999228417875,0.004519999958574772,6.881849822367357e-05,5,2880,64,8,16,8,9216,1,3456,0,True,TORCH_SDPA,False,even,[3456],3456,3456,3456,3456.0,3456,0.0,0.0,0.0,False,0,3456,3456,BF16,CUDA_EVENT,generic,generic,none
0.004360000137239695,0.005080000031739473,0.004568000044673681,0.00443999981507659,0.0002705845421271992,5,0.0163199994713068,0.03003999963402748,0.01935199983417988,0.016599999740719795,0.005351718896262172,5,0.6340019702911377,0.7414019703865051,0.6566415786743164,0.6350409984588623,0.04240141594042845,5,0.00443999981507659,0.004920000210404396,0.00458399998024106,0.004519999958574772,0.00017269637215880888,5,0.004399999976158142,0.004519999958574772,0.0044559999369084835,0.00443999981507659,4.079219274941178e-05,5,2880,64,8,16,8,9216,1,2688,0,True,TORCH_SDPA,False,even,[2688],2688,2688,2688,2688.0,2688,0.0,0.0,0.0,False,0,2688,2688,BF16,CUDA_EVENT,generic,generic,none
0.00443999981507659,0.010040000081062317,0.005719999969005585,0.004559999797493219,0.0021722615545198033,5,0.01119999960064888,0.021400000900030136,0.013568000122904777,0.011880000121891499,0.003926395175946513,5,0.00431999983265996,0.004519999958574772,0.0044559999369084835,0.004480000119656324,7.418901073979258e-05,5,0.12664000689983368,0.14159999787807465,0.12972840368747712,0.12676100432872772,0.005936286312718564,5,0.004399999976158142,0.004480000119656324,0.004423999972641468,0.004399999976158142,3.200003411633561e-05,5,2880,64,8,16,8,9216,16,0,3072,False,TORCH_SDPA,False,even,"[1, 1, 1, 1, 1, 1, 1, 1, 1, 1, 1, 1, 1, 1, 1, 1]",16,1,1,1.0,4,0.0,0.0,0.0,False,0,0,0,BF16,CUDA_EVENT,generic,generic,none
0.004519999958574772,0.007160000037401915,0.005479999911040067,0.005119999870657921,0.0010033544287984073,5,0.012199999764561653,0.018239999189972878,0.015255999751389027,0.014999999664723873,0.002484460541823924,5,0.004279999993741512,0.006560000125318766,0.0053679999895393845,0.00535999983549118,0.0007241657768202092,5,0.08111999928951263,1.0700420141220093,0.2811448022723198,0.0848810002207756,0.39445783017935904,5,0.004399999976158142,0.004920000210404396,0.004552000015974045,0.004480000119656324,0.00018829773708103976,5,2880,64,8,16,8,9216,16,0,1024,False,TORCH_SDPA,False,even,"[1, 1, 1, 1, 1, 1, 1, 1, 1, 1, 1, 1, 1, 1, 1, 1]",16,1,1,1.0,4,0.0,0.0,0.0,False,0,0,0,BF16,CUDA_EVENT,generic,generic,none
0.004480000119656324,0.009159999899566174,0.00556000005453825,0.004519999958574772,0.0018184828130029457,5,0.012600000016391277,0.020080000162124634,0.014719999954104423,0.012799999676644802,0.002891864483629736,5,0.004399999976158142,0.006560000125318766,0.005128000024706125,0.004480000119656324,0.0008801455110810112,5,0.3051609992980957,0.35780099034309387,0.31625679731369016,0.3060399889945984,0.02077555115215247,5,0.004399999976158142,0.004519999958574772,0.004447999969124794,0.00443999981507659,4.664763494375637e-05,5,2880,64,8,16,8,9216,192,0,1024,False,TORCH_SDPA,False,even,"[1, 1, 1, 1, 1, 1, 1, 1, 1, 1, 1, 1, 1, 1, 1, 1, 1, 1, 1, 1, 1, 1, 1, 1, 1, 1, 1, 1, 1, 1, 1, 1, 1, 1, 1, 1, 1, 1, 1, 1, 1, 1, 1, 1, 1, 1, 1, 1, 1, 1, 1, 1, 1, 1, 1, 1, 1, 1, 1, 1, 1, 1, 1, 1, 1, 1, 1, 1, 1, 1, 1, 1, 1, 1, 1, 1, 1, 1, 1, 1, 1, 1, 1, 1, 1, 1, 1, 1, 1, 1, 1, 1, 1, 1, 1, 1, 1, 1, 1, 1, 1, 1, 1, 1, 1, 1, 1, 1, 1, 1, 1, 1, 1, 1, 1, 1, 1, 1, 1, 1, 1, 1, 1, 1, 1, 1, 1, 1, 1, 1, 1, 1, 1, 1, 1, 1, 1, 1, 1, 1, 1, 1, 1, 1, 1, 1, 1, 1, 1, 1, 1, 1, 1, 1, 1, 1, 1, 1, 1, 1, 1, 1, 1, 1, 1, 1, 1, 1, 1, 1, 1, 1, 1, 1, 1, 1, 1, 1, 1, 1, 1, 1, 1, 1, 1, 1, 1, 1, 1, 1, 1, 1]",192,1,1,1.0,13,0.0,0.0,0.0,False,0,0,0,BF16,CUDA_EVENT,generic,generic,none
0.004519999958574772,0.004800000227987766,0.00463200006633997,0.004600000102072954,0.00011142719910321746,5,0.01727999933063984,0.05116000026464462,0.02463200017809868,0.018160000443458557,0.013275454703151607,5,1.3406410217285156,1.4278010129928589,1.3725532054901124,1.3660409450531006,0.02923986436099603,5,0.004480000119656324,0.004920000210404396,0.004720000084489584,0.004720000084489584,0.00014532727260367054,5,0.004519999958574772,0.004840000066906214,0.004719999991357327,0.0047599999234080315,0.0001073312819013099,5,2880,64,8,16,8,9216,1,4032,0,True,TORCH_SDPA,False,even,[4032],4032,4032,4032,4032.0,4032,0.0,0.0,0.0,False,0,4032,4032,BF16,CUDA_EVENT,generic,generic,none
0.004360999912023544,0.007160000037401915,0.004952199943363667,0.004399999976158142,0.001104182712350879,5,0.016519999131560326,0.02848000079393387,0.01918420009315014,0.016920000314712524,0.004652406901467522,5,0.8672419786453247,0.9363219738006592,0.8866979956626893,0.8778020143508911,0.025113271377561728,5,0.004360000137239695,0.004519999958574772,0.004423999972641468,0.004399999976158142,5.425858614264964e-05,5,0.004360000137239695,0.004480000119656324,0.004416000004857779,0.004399999976158142,4.079213795521706e-05,5,2880,64,8,16,8,9216,1,3200,0,True,TORCH_SDPA,False,even,[3200],3200,3200,3200,3200.0,3200,0.0,0.0,0.0,False,0,3200,3200,BF16,CUDA_EVENT,generic,generic,none
0.00443999981507659,0.005520000122487545,0.00470399996265769,0.004519999958574772,0.00040995617265745295,5,0.017559999600052834,0.046560000628232956,0.023928000032901763,0.018400000408291817,0.011325508495641805,5,2.176206111907959,2.2832460403442383,2.203397846221924,2.1817259788513184,0.04051327037126521,5,0.00443999981507659,0.0055599999614059925,0.00471199993044138,0.004519999958574772,0.00042588262634011767,5,0.00443999981507659,0.004879999905824661,0.004575999919325113,0.004519999958574772,0.00015717504966530628,5,2880,64,8,16,8,9216,1,5376,0,True,TORCH_SDPA,False,even,[5376],5376,5376,5376,5376.0,5376,0.0,0.0,0.0,False,0,5376,5376,BF16,CUDA_EVENT,generic,generic,none
0.004519999958574772,0.007639999967068434,0.005511999968439341,0.004600000102072954,0.0012474357832094076,5,0.01624000072479248,0.029279999434947968,0.019432000070810317,0.01735999993979931,0.004950855767670243,5,1.2376840114593506,1.3212430477142334,1.2641634225845337,1.2535229921340942,0.02966585763905549,5,0.004399999976158142,0.004679999779909849,0.0045519999228417875,0.004519999958574772,9.927733459535287e-05,5,0.00443999981507659,0.0049600000493228436,0.0046479999087750915,0.004559999797493219,0.00017959966099888062,5,2880,64,8,16,8,9216,1,3968,0,True,TORCH_SDPA,False,even,[3968],3968,3968,3968,3968.0,3968,0.0,0.0,0.0,False,0,3968,3968,BF16,CUDA_EVENT,generic,generic,none
0.004279999993741512,0.004519999958574772,0.004431999940425158,0.00443999981507659,8.158431243966555e-05,5,0.008960000239312649,0.03136000037193298,0.013568000122904777,0.009080000221729279,0.008897618683485896,5,0.004399999976158142,0.005799999926239252,0.004727999866008759,0.00443999981507659,0.0005386798935492744,5,0.08647999912500381,0.11392000317573547,0.09349640011787415,0.08956100046634674,0.010306135094557545,5,0.004519999958574772,0.004559999797493219,0.0045439998619258406,0.004559999797493219,1.9595839028743304e-05,5,2880,64,8,16,8,9216,4,0,2048,False,TORCH_SDPA,False,even,"[1, 1, 1, 1]",4,1,1,1.0,2,0.0,0.0,0.0,False,0,0,0,BF16,CUDA_EVENT,generic,generic,none
0.004399999976158142,0.009359999559819698,0.005424199905246496,0.004441000055521727,0.0019680624691701693,5,0.016720000654459,0.04307999834418297,0.02227199971675873,0.017319999635219574,0.010407332110150385,5,1.123682975769043,1.242082953453064,1.1515227794647216,1.1308419704437256,0.04549298497452059,5,0.004360000137239695,0.004519999958574772,0.004424000065773726,0.004399999976158142,6.499226332255945e-05,5,0.004399999976158142,0.004519999958574772,0.0044559999369084835,0.00443999981507659,4.079219274941178e-05,5,2880,64,8,16,8,9216,1,3712,0,True,TORCH_SDPA,False,even,[3712],3712,3712,3712,3712.0,3712,0.0,0.0,0.0,False,0,3712,3712,BF16,CUDA_EVENT,generic,generic,none
0.004360000137239695,0.004519999958574772,0.004448000062257052,0.004480000119656324,5.8787732539092134e-05,5,0.012520000338554382,0.014999999664723873,0.013079999946057796,0.012559999711811543,0.0009636595600753553,5,0.00443999981507659,0.006200000178068876,0.004791999887675047,0.00443999981507659,0.0007040001451969147,5,0.9862419962882996,1.0839630365371704,1.0249306082725524,1.0002830028533936,0.04151004339548331,5,0.00443999981507659,0.004480000119656324,0.0044559999369084835,0.00443999981507659,1.9596067155252676e-05,5,2880,64,8,16,8,9216,256,0,3072,False,TORCH_SDPA,False,even,"[1, 1, 1, 1, 1, 1, 1, 1, 1, 1, 1, 1, 1, 1, 1, 1, 1, 1, 1, 1, 1, 1, 1, 1, 1, 1, 1, 1, 1, 1, 1, 1, 1, 1, 1, 1, 1, 1, 1, 1, 1, 1, 1, 1, 1, 1, 1, 1, 1, 1, 1, 1, 1, 1, 1, 1, 1, 1, 1, 1, 1, 1, 1, 1, 1, 1, 1, 1, 1, 1, 1, 1, 1, 1, 1, 1, 1, 1, 1, 1, 1, 1, 1, 1, 1, 1, 1, 1, 1, 1, 1, 1, 1, 1, 1, 1, 1, 1, 1, 1, 1, 1, 1, 1, 1, 1, 1, 1, 1, 1, 1, 1, 1, 1, 1, 1, 1, 1, 1, 1, 1, 1, 1, 1, 1, 1, 1, 1, 1, 1, 1, 1, 1, 1, 1, 1, 1, 1, 1, 1, 1, 1, 1, 1, 1, 1, 1, 1, 1, 1, 1, 1, 1, 1, 1, 1, 1, 1, 1, 1, 1, 1, 1, 1, 1, 1, 1, 1, 1, 1, 1, 1, 1, 1, 1, 1, 1, 1, 1, 1, 1, 1, 1, 1, 1, 1, 1, 1, 1, 1, 1, 1, 1, 1, 1, 1, 1, 1, 1, 1, 1, 1, 1, 1, 1, 1, 1, 1, 1, 1, 1, 1, 1, 1, 1, 1, 1, 1, 1, 1, 1, 1, 1, 1, 1, 1, 1, 1, 1, 1, 1, 1, 1, 1, 1, 1, 1, 1, 1, 1, 1, 1, 1, 1, 1, 1, 1, 1, 1, 1, 1, 1, 1, 1, 1, 1]",256,1,1,1.0,16,0.0,0.0,0.0,False,0,0,0,BF16,CUDA_EVENT,generic,generic,none
0.004600000102072954,0.012799999676644802,0.006279999949038028,0.004639999940991402,0.0032605274273928716,5,0.01711999997496605,0.05336099863052368,0.02512019984424114,0.01868000067770481,0.014140203648301342,5,2.6390020847320557,2.807241916656494,2.713690423965454,2.702162027359009,0.06689199584425466,5,0.004480000119656324,0.004720000084489584,0.00458399998024106,0.004559999797493219,9.991990859410919e-05,5,0.00443999981507659,0.004720000084489584,0.004535999987274409,0.004480000119656324,9.991999807268788e-05,5,2880,64,8,16,8,9216,1,5888,0,True,TORCH_SDPA,False,even,[5888],5888,5888,5888,5888.0,5888,0.0,0.0,0.0,False,0,5888,5888,BF16,CUDA_EVENT,generic,generic,none
0.004360000137239695,0.004480000119656324,0.004416000004857779,0.004399999976158142,4.079213795521706e-05,5,0.012400000356137753,0.02247999981045723,0.014848000183701516,0.012719999998807907,0.0038564977173061016,5,0.004360000137239695,0.005160000175237656,0.004616000037640333,0.004519999958574772,0.0002801143046971462,5,0.39104101061820984,0.4583210051059723,0.40565680265426635,0.39368098974227905,0.026358403839502654,5,0.004399999976158142,0.004639999940991402,0.004520199913531542,0.004559999797493219,8.745370267684872e-05,5,2880,64,8,16,8,9216,256,0,1024,False,TORCH_SDPA,False,even,"[1, 1, 1, 1, 1, 1, 1, 1, 1, 1, 1, 1, 1, 1, 1, 1, 1, 1, 1, 1, 1, 1, 1, 1, 1, 1, 1, 1, 1, 1, 1, 1, 1, 1, 1, 1, 1, 1, 1, 1, 1, 1, 1, 1, 1, 1, 1, 1, 1, 1, 1, 1, 1, 1, 1, 1, 1, 1, 1, 1, 1, 1, 1, 1, 1, 1, 1, 1, 1, 1, 1, 1, 1, 1, 1, 1, 1, 1, 1, 1, 1, 1, 1, 1, 1, 1, 1, 1, 1, 1, 1, 1, 1, 1, 1, 1, 1, 1, 1, 1, 1, 1, 1, 1, 1, 1, 1, 1, 1, 1, 1, 1, 1, 1, 1, 1, 1, 1, 1, 1, 1, 1, 1, 1, 1, 1, 1, 1, 1, 1, 1, 1, 1, 1, 1, 1, 1, 1, 1, 1, 1, 1, 1, 1, 1, 1, 1, 1, 1, 1, 1, 1, 1, 1, 1, 1, 1, 1, 1, 1, 1, 1, 1, 1, 1, 1, 1, 1, 1, 1, 1, 1, 1, 1, 1, 1, 1, 1, 1, 1, 1, 1, 1, 1, 1, 1, 1, 1, 1, 1, 1, 1, 1, 1, 1, 1, 1, 1, 1, 1, 1, 1, 1, 1, 1, 1, 1, 1, 1, 1, 1, 1, 1, 1, 1, 1, 1, 1, 1, 1, 1, 1, 1, 1, 1, 1, 1, 1, 1, 1, 1, 1, 1, 1, 1, 1, 1, 1, 1, 1, 1, 1, 1, 1, 1, 1, 1, 1, 1, 1, 1, 1, 1, 1, 1, 1]",256,1,1,1.0,16,0.0,0.0,0.0,False,0,0,0,BF16,CUDA_EVENT,generic,generic,none
0.004360000137239695,0.009600000455975533,0.005480000097304582,0.004480000119656324,0.002060679677906597,5,0.012439999729394913,0.023439999669790268,0.015311999991536141,0.012760000303387642,0.004199535082670205,5,0.00443999981507659,0.006560000125318766,0.004879999998956918,0.004480000119656324,0.0008401905206661461,5,0.4442009925842285,0.5084810256958008,0.4580172002315521,0.44644099473953247,0.025253353283979253,5,0.004360000137239695,0.004519999958574772,0.004440000001341105,0.00443999981507659,5.656851225467499e-05,5,2880,64,8,16,8,9216,160,0,2048,False,TORCH_SDPA,False,even,"[1, 1, 1, 1, 1, 1, 1, 1, 1, 1, 1, 1, 1, 1, 1, 1, 1, 1, 1, 1, 1, 1, 1, 1, 1, 1, 1, 1, 1, 1, 1, 1, 1, 1, 1, 1, 1, 1, 1, 1, 1, 1, 1, 1, 1, 1, 1, 1, 1, 1, 1, 1, 1, 1, 1, 1, 1, 1, 1, 1, 1, 1, 1, 1, 1, 1, 1, 1, 1, 1, 1, 1, 1, 1, 1, 1, 1, 1, 1, 1, 1, 1, 1, 1, 1, 1, 1, 1, 1, 1, 1, 1, 1, 1, 1, 1, 1, 1, 1, 1, 1, 1, 1, 1, 1, 1, 1, 1, 1, 1, 1, 1, 1, 1, 1, 1, 1, 1, 1, 1, 1, 1, 1, 1, 1, 1, 1, 1, 1, 1, 1, 1, 1, 1, 1, 1, 1, 1, 1, 1, 1, 1, 1, 1, 1, 1, 1, 1, 1, 1, 1, 1, 1, 1, 1, 1, 1, 1, 1, 1]",160,1,1,1.0,12,0.0,0.0,0.0,False,0,0,0,BF16,CUDA_EVENT,generic,generic,none
0.004360000137239695,0.004559999797493219,0.004423999972641468,0.004399999976158142,6.974228385242356e-05,5,0.010879999957978725,0.02476000040769577,0.014207999967038632,0.011839999817311764,0.00528928901495863,5,0.004399999976158142,0.006039999891072512,0.004751999955624342,0.00443999981507659,0.0006446828372574138,5,0.1456809937953949,0.18168100714683533,0.155416402220726,0.15116000175476074,0.013417005399628142,5,0.004360000137239695,0.006479999981820583,0.004848000034689904,0.004480000119656324,0.0008179584056890267,5,2880,64,8,16,8,9216,8,0,4096,False,TORCH_SDPA,False,even,"[1, 1, 1, 1, 1, 1, 1, 1]",8,1,1,1.0,2,0.0,0.0,0.0,False,0,0,0,BF16,CUDA_EVENT,generic,generic,none
0.004360000137239695,0.00547999981790781,0.004656000062823296,0.004480000119656324,0.00041461295018587363,5,0.00848000030964613,0.03460000082850456,0.01388000026345253,0.008840000256896019,0.010361992364759591,5,0.004399999976158142,0.005799999926239252,0.004751999955624342,0.004519999958574772,0.0005266649587874748,5,0.10868000239133835,0.15012100338935852,0.11713640093803405,0.10900100320577621,0.016493260558613432,5,0.00443999981507659,0.004519999958574772,0.00447199996560812,0.004480000119656324,2.9933337677144675e-05,5,2880,64,8,16,8,9216,2,0,3072,False,TORCH_SDPA,False,even,"[1, 1]",2,1,1,1.0,1,0.0,0.0,0.0,False,0,0,0,BF16,CUDA_EVENT,generic,generic,none
0.004480000119656324,0.006000000052154064,0.004808000009506941,0.004519999958574772,0.0005967378137256863,5,0.017920000478625298,0.029440000653266907,0.02060000002384186,0.018519999459385872,0.004426755317567411,5,2.4472460746765137,6.233654975891113,3.2135200023651125,2.4557271003723145,1.5101126459662466,5,0.00443999981507659,0.004600999876856804,0.004496199917048216,0.004480000119656324,6.0214300479750114e-05,5,0.004480000119656324,0.004679999779909849,0.00457600001245737,0.004600000102072954,6.974230521849422e-05,5,2880,64,8,16,8,9216,1,5632,0,True,TORCH_SDPA,False,even,[5632],5632,5632,5632,5632.0,5632,0.0,0.0,0.0,False,0,5632,5632,BF16,CUDA_EVENT,generic,generic,none
0.004399999976158142,0.004559999797493219,0.004495999962091446,0.004519999958574772,5.425858614264964e-05,5,0.017240000888705254,0.04264000058174133,0.023184000328183175,0.0188400000333786,0.009755002103752823,5,4.1573710441589355,4.197812080383301,4.16997127532959,4.159050941467285,0.015639857346918737,5,0.004480000119656324,0.004600000102072954,0.004528000019490719,0.004519999958574772,4.6647571055609506e-05,5,0.004480000119656324,0.005160000175237656,0.0046559999696910385,0.004559999797493219,0.0002537401125367925,5,2880,64,8,16,8,9216,1,7424,0,True,TORCH_SDPA,False,even,[7424],7424,7424,7424,7424.0,7424,0.0,0.0,0.0,False,0,7424,7424,BF16,CUDA_EVENT,generic,generic,none
0.004360000137239695,0.009720000438392162,0.006088000163435936,0.004480000119656324,0.0021480261612194583,5,0.01095999963581562,0.06268099695444107,0.022288399189710616,0.012719999998807907,0.02022749645549158,5,0.004399999976158142,0.007079999893903732,0.004983999952673912,0.004480000119656324,0.0010487630525640665,5,0.08799999952316284,0.14188000559806824,0.10268800109624862,0.08827999979257584,0.020957886164314786,5,0.00443999981507659,0.004519999958574772,0.00447199996560812,0.004480000119656324,2.9933337677144675e-05,5,2880,64,8,16,8,9216,8,0,2048,False,TORCH_SDPA,False,even,"[1, 1, 1, 1, 1, 1, 1, 1]",8,1,1,1.0,2,0.0,0.0,0.0,False,0,0,0,BF16,CUDA_EVENT,generic,generic,none
0.004480000119656324,0.004639999940991402,0.0045679999515414235,0.004559999797493219,5.306596546984384e-05,5,0.0163199994713068,0.027480000630021095,0.01902399994432926,0.017160000279545784,0.00424178111177981,5,0.6884819865226746,0.7915220260620117,0.7141460061073304,0.7006419897079468,0.03908416210185207,5,0.00443999981507659,0.004639999940991402,0.0045599998906254765,0.004559999797493219,7.58947018083731e-05,5,0.004519999958574772,0.006120000034570694,0.004927999898791313,0.004679999779909849,0.0005988790142487804,5,2880,64,8,16,8,9216,1,2816,0,True,TORCH_SDPA,False,even,[2816],2816,2816,2816,2816.0,2816,0.0,0.0,0.0,False,0,2816,2816,BF16,CUDA_EVENT,generic,generic,none
0.00443999981507659,0.013919999822974205,0.006399999931454658,0.004559999797493219,0.003760425454139836,5,0.018559999763965607,0.06340000033378601,0.028048000112175942,0.01875999942421913,0.01769614478280569,5,4.73500394821167,4.7992448806762695,4.756020450592041,4.744684219360352,0.023330268065894846,5,0.004480000119656324,0.004519999958574772,0.004511999990791082,0.004519999958574772,1.5999935567378997e-05,5,0.00443999981507659,0.004639999940991402,0.004543999955058098,0.004519999958574772,6.974244409748297e-05,5,2880,64,8,16,8,9216,1,7936,0,True,TORCH_SDPA,False,even,[7936],7936,7936,7936,7936.0,7936,0.0,0.0,0.0,False,0,7936,7936,BF16,CUDA_EVENT,generic,generic,none
0.004360000137239695,0.010239999741315842,0.005616000015288591,0.004480000119656324,0.0023126226155613314,5,0.017680000513792038,0.047439999878406525,0.02433600015938282,0.018160000443458557,0.011597257446835743,5,1.6816450357437134,1.816884994506836,1.7167486190795898,1.6973650455474854,0.05071789254477222,5,0.004399999976158142,0.00824000034481287,0.00521600004285574,0.004480000119656324,0.0015125291595780395,5,0.004360000137239695,0.00443999981507659,0.004407999943941832,0.004399999976158142,2.9933138551795365e-05,5,2880,64,8,16,8,9216,1,4608,0,True,TORCH_SDPA,False,even,[4608],4608,4608,4608,4608.0,4608,0.0,0.0,0.0,False,0,4608,4608,BF16,CUDA_EVENT,generic,generic,none
0.00443999981507659,0.006320000160485506,0.00483199991285801,0.00443999981507659,0.0007446450078250927,5,0.012480000033974648,0.018880000337958336,0.014016000181436538,0.012719999998807907,0.002458565515144494,5,0.004399999976158142,0.006399999838322401,0.00482399994507432,0.004399999976158142,0.000789369314862498,5,0.9762430191040039,1.0519219636917114,0.9997146010398865,0.9910020232200623,0.0268572598717421,5,0.00443999981507659,0.004519999958574772,0.00447199996560812,0.004480000119656324,2.9933337677144675e-05,5,2880,64,8,16,8,9216,192,0,4096,False,TORCH_SDPA,False,even,"[1, 1, 1, 1, 1, 1, 1, 1, 1, 1, 1, 1, 1, 1, 1, 1, 1, 1, 1, 1, 1, 1, 1, 1, 1, 1, 1, 1, 1, 1, 1, 1, 1, 1, 1, 1, 1, 1, 1, 1, 1, 1, 1, 1, 1, 1, 1, 1, 1, 1, 1, 1, 1, 1, 1, 1, 1, 1, 1, 1, 1, 1, 1, 1, 1, 1, 1, 1, 1, 1, 1, 1, 1, 1, 1, 1, 1, 1, 1, 1, 1, 1, 1, 1, 1, 1, 1, 1, 1, 1, 1, 1, 1, 1, 1, 1, 1, 1, 1, 1, 1, 1, 1, 1, 1, 1, 1, 1, 1, 1, 1, 1, 1, 1, 1, 1, 1, 1, 1, 1, 1, 1, 1, 1, 1, 1, 1, 1, 1, 1, 1, 1, 1, 1, 1, 1, 1, 1, 1, 1, 1, 1, 1, 1, 1, 1, 1, 1, 1, 1, 1, 1, 1, 1, 1, 1, 1, 1, 1, 1, 1, 1, 1, 1, 1, 1, 1, 1, 1, 1, 1, 1, 1, 1, 1, 1, 1, 1, 1, 1, 1, 1, 1, 1, 1, 1, 1, 1, 1, 1, 1, 1]",192,1,1,1.0,13,0.0,0.0,0.0,False,0,0,0,BF16,CUDA_EVENT,generic,generic,none
0.004360000137239695,0.004519999958574772,0.004447999969124794,0.00443999981507659,6.39999518171588e-05,5,0.012439999729394913,0.026000000536441803,0.015303999930620194,0.012679999694228172,0.00535071464505418,5,0.004360000137239695,0.005200000014156103,0.00457600001245737,0.00443999981507659,0.0003175909173860571,5,0.5300819873809814,0.6180809736251831,0.5502493977546692,0.5343620181083679,0.03395686334151541,5,0.004399999976158142,0.004480000119656324,0.004456000030040741,0.004480000119656324,3.2000080682464336e-05,5,2880,64,8,16,8,9216,192,0,2048,False,TORCH_SDPA,False,even,"[1, 1, 1, 1, 1, 1, 1, 1, 1, 1, 1, 1, 1, 1, 1, 1, 1, 1, 1, 1, 1, 1, 1, 1, 1, 1, 1, 1, 1, 1, 1, 1, 1, 1, 1, 1, 1, 1, 1, 1, 1, 1, 1, 1, 1, 1, 1, 1, 1, 1, 1, 1, 1, 1, 1, 1, 1, 1, 1, 1, 1, 1, 1, 1, 1, 1, 1, 1, 1, 1, 1, 1, 1, 1, 1, 1, 1, 1, 1, 1, 1, 1, 1, 1, 1, 1, 1, 1, 1, 1, 1, 1, 1, 1, 1, 1, 1, 1, 1, 1, 1, 1, 1, 1, 1, 1, 1, 1, 1, 1, 1, 1, 1, 1, 1, 1, 1, 1, 1, 1, 1, 1, 1, 1, 1, 1, 1, 1, 1, 1, 1, 1, 1, 1, 1, 1, 1, 1, 1, 1, 1, 1, 1, 1, 1, 1, 1, 1, 1, 1, 1, 1, 1, 1, 1, 1, 1, 1, 1, 1, 1, 1, 1, 1, 1, 1, 1, 1, 1, 1, 1, 1, 1, 1, 1, 1, 1, 1, 1, 1, 1, 1, 1, 1, 1, 1, 1, 1, 1, 1, 1, 1]",192,1,1,1.0,13,0.0,0.0,0.0,False,0,0,0,BF16,CUDA_EVENT,generic,generic,none
0.00443999981507659,0.004679999779909849,0.004567999858409166,0.004559999797493219,8.541662222298434e-05,5,0.016920000314712524,0.10752099752426147,0.03523239977657795,0.017000000923871994,0.03614563903118273,5,0.9428020119667053,1.2438030242919922,1.011522400379181,0.9569230079650879,0.11627086233155692,5,0.004519999958574772,0.0047599999234080315,0.004639999940991402,0.004639999940991402,7.999995723372159e-05,5,0.004480000119656324,0.004720000084489584,0.004599999915808439,0.004559999797493219,8.763559635988056e-05,5,2880,64,8,16,8,9216,1,3328,0,True,TORCH_SDPA,False,even,[3328],3328,3328,3328,3328.0,3328,0.0,0.0,0.0,False,0,3328,3328,BF16,CUDA_EVENT,generic,generic,none
0.004399999976158142,0.005840000230818987,0.004736000113189221,0.004480000119656324,0.000552868943218548,5,0.012600000016391277,0.18367999792099,0.0469839995726943,0.012919999659061432,0.0683481179776348,5,0.004399999976158142,0.005799999926239252,0.004735999926924706,0.004519999958574772,0.0005340262173947885,5,0.5125210285186768,0.5882019996643066,0.5316492080688476,0.5183209776878357,0.028455768838170203,5,0.004399999976158142,0.006320000160485506,0.004832000005990267,0.004480000119656324,0.0007450745714081982,5,2880,64,8,16,8,9216,128,0,3072,False,TORCH_SDPA,False,even,"[1, 1, 1, 1, 1, 1, 1, 1, 1, 1, 1, 1, 1, 1, 1, 1, 1, 1, 1, 1, 1, 1, 1, 1, 1, 1, 1, 1, 1, 1, 1, 1, 1, 1, 1, 1, 1, 1, 1, 1, 1, 1, 1, 1, 1, 1, 1, 1, 1, 1, 1, 1, 1, 1, 1, 1, 1, 1, 1, 1, 1, 1, 1, 1, 1, 1, 1, 1, 1, 1, 1, 1, 1, 1, 1, 1, 1, 1, 1, 1, 1, 1, 1, 1, 1, 1, 1, 1, 1, 1, 1, 1, 1, 1, 1, 1, 1, 1, 1, 1, 1, 1, 1, 1, 1, 1, 1, 1, 1, 1, 1, 1, 1, 1, 1, 1, 1, 1, 1, 1, 1, 1, 1, 1, 1, 1, 1, 1]",128,1,1,1.0,11,0.0,0.0,0.0,False,0,0,0,BF16,CUDA_EVENT,generic,generic,none
0.005880000069737434,0.00800000037997961,0.007496000081300735,0.007840000092983246,0.000811359373264539,5,0.018279999494552612,0.03807999938726425,0.02319200001657009,0.019440000876784325,0.007555422697356461,5,0.00443999981507659,0.007079999893903732,0.006263999920338392,0.006560000125318766,0.0009454226874460115,5,0.061441000550985336,0.08851999789476395,0.0693521998822689,0.0660799965262413,0.009946044126361278,5,0.00443999981507659,0.0081599997356534,0.005239999853074551,0.004519999958574772,0.0014605203967632382,5,2880,64,8,16,8,9216,2,0,512,False,TORCH_SDPA,False,even,"[1, 1]",2,1,1,1.0,1,0.0,0.0,0.0,False,0,0,0,BF16,CUDA_EVENT,generic,generic,none
0.004360000137239695,0.004559999797493219,0.004416000004857779,0.004399999976158142,7.418882997097904e-05,5,0.00872000027447939,0.044280000030994415,0.016120000183582305,0.009200000204145908,0.014082045229109389,5,0.004399999976158142,0.0069599999114871025,0.004975999984890222,0.004480000119656324,0.0009932894449589417,5,0.1122799962759018,0.1465200036764145,0.11932019889354706,0.11259999871253967,0.013601625243589788,5,0.004360000137239695,0.004519999958574772,0.004424000065773726,0.004399999976158142,6.499226332255945e-05,5,2880,64,8,16,8,9216,4,0,3072,False,TORCH_SDPA,False,even,"[1, 1, 1, 1]",4,1,1,1.0,2,0.0,0.0,0.0,False,0,0,0,BF16,CUDA_EVENT,generic,generic,none
0.004399999976158142,0.004559999797493219,0.004487999994307756,0.004480000119656324,5.306593738933738e-05,5,0.017920000478625298,0.04100000113248825,0.023000000417232512,0.018559999763965607,0.009008831582127293,5,4.49697208404541,4.5288519859313965,4.510315895080566,4.507852077484131,0.012646351643216956,5,0.004399999976158142,0.004639999940991402,0.004504000023007393,0.004480000119656324,9.99199757029639e-05,5,0.004360000137239695,0.004600000102072954,0.004503999929875135,0.004559999797493219,8.979973093698411e-05,5,2880,64,8,16,8,9216,1,7680,0,True,TORCH_SDPA,False,even,[7680],7680,7680,7680,7680.0,7680,0.0,0.0,0.0,False,0,7680,7680,BF16,CUDA_EVENT,generic,generic,none
0.004360000137239695,0.04320000112056732,0.012152000237256289,0.004399999976158142,0.015524028784611071,5,0.018319999799132347,0.13339999318122864,0.04257619827985763,0.01875999942421913,0.04545929310529249,5,3.3888089656829834,3.808729887008667,3.4833611488342284,3.405808925628662,0.1628384346234156,5,0.004399999976158142,0.004999999888241291,0.0045679999515414235,0.004480000119656324,0.00022399995609055667,5,0.004399999976158142,0.004480000119656324,0.004424200020730495,0.004399999976158142,3.210239455564192e-05,5,2880,64,8,16,8,9216,1,6656,0,True,TORCH_SDPA,False,even,[6656],6656,6656,6656,6656.0,6656,0.0,0.0,0.0,False,0,6656,6656,BF16,CUDA_EVENT,generic,generic,none
0.00431999983265996,0.004480000119656324,0.004392000008374452,0.004360000137239695,5.8787770560320464e-05,5,0.012400000356137753,0.021479999646544456,0.014360000006854534,0.012600000016391277,0.0035614826535938318,5,0.004360000137239695,0.005679999943822622,0.004656000062823296,0.004399999976158142,0.0005138715194569501,5,0.637802004814148,0.685001015663147,0.648257601261139,0.6381210088729858,0.018450389891707945,5,0.004399999976158142,0.004480000119656324,0.004447999969124794,0.00443999981507659,2.9933337677144675e-05,5,2880,64,8,16,8,9216,160,0,3072,False,TORCH_SDPA,False,even,"[1, 1, 1, 1, 1, 1, 1, 1, 1, 1, 1, 1, 1, 1, 1, 1, 1, 1, 1, 1, 1, 1, 1, 1, 1, 1, 1, 1, 1, 1, 1, 1, 1, 1, 1, 1, 1, 1, 1, 1, 1, 1, 1, 1, 1, 1, 1, 1, 1, 1, 1, 1, 1, 1, 1, 1, 1, 1, 1, 1, 1, 1, 1, 1, 1, 1, 1, 1, 1, 1, 1, 1, 1, 1, 1, 1, 1, 1, 1, 1, 1, 1, 1, 1, 1, 1, 1, 1, 1, 1, 1, 1, 1, 1, 1, 1, 1, 1, 1, 1, 1, 1, 1, 1, 1, 1, 1, 1, 1, 1, 1, 1, 1, 1, 1, 1, 1, 1, 1, 1, 1, 1, 1, 1, 1, 1, 1, 1, 1, 1, 1, 1, 1, 1, 1, 1, 1, 1, 1, 1, 1, 1, 1, 1, 1, 1, 1, 1, 1, 1, 1, 1, 1, 1, 1, 1, 1, 1, 1, 1]",160,1,1,1.0,12,0.0,0.0,0.0,False,0,0,0,BF16,CUDA_EVENT,generic,generic,none
0.00443999981507659,0.007199999876320362,0.0054560000076889995,0.005319999996572733,0.0010190505275992907,5,0.0175199992954731,0.03488000109791756,0.02141599990427494,0.017999999225139618,0.006742989836587899,5,0.00443999981507659,0.006479999981820583,0.005599999893456697,0.00571999978274107,0.0006674129797418608,5,0.05976000055670738,0.0761599987745285,0.06457599997520447,0.06272000074386597,0.005904281174197564,5,0.004480000119656324,0.008080000057816505,0.00521600004285574,0.004519999958574772,0.0014321117340649497,5,2880,64,8,16,8,9216,8,0,512,False,TORCH_SDPA,False,even,"[1, 1, 1, 1, 1, 1, 1, 1]",8,1,1,1.0,2,0.0,0.0,0.0,False,0,0,0,BF16,CUDA_EVENT,generic,generic,none
0.00431999983265996,0.004480000119656324,0.004392000008374452,0.004360000137239695,5.878777056032047e-05,5,0.009359999559819698,0.022200999781489372,0.01213619988411665,0.009759999811649323,0.0050352923770053525,5,0.004399999976158142,0.005960000213235617,0.004863999970257282,0.00443999981507659,0.0006037749277469848,5,0.16896000504493713,0.19208000600337982,0.1746482014656067,0.16976000368595123,0.008871047296348264,5,0.00443999981507659,0.004519999958574772,0.004480000026524067,0.004480000119656324,2.529826665971379e-05,5,2880,64,8,16,8,9216,4,0,5120,False,TORCH_SDPA,False,even,"[1, 1, 1, 1]",4,1,1,1.0,2,0.0,0.0,0.0,False,0,0,0,BF16,CUDA_EVENT,generic,generic,none
0.00431999983265996,0.00443999981507659,0.004375999886542558,0.004399999976158142,4.8000024010787934e-05,5,0.012600000016391277,0.0188400000333786,0.014544000104069709,0.012719999998807907,0.0024932035384280914,5,0.004360000137239695,0.005840000230818987,0.004728000052273274,0.004480000119656324,0.0005585123949801584,5,0.1300410032272339,0.17803999781608582,0.14035240113735198,0.13144099712371826,0.01885724538293647,5,0.004360000137239695,0.004999999888241291,0.0045679999515414235,0.004480000119656324,0.0002254239897925064,5,2880,64,8,16,8,9216,128,0,512,False,TORCH_SDPA,False,even,"[1, 1, 1, 1, 1, 1, 1, 1, 1, 1, 1, 1, 1, 1, 1, 1, 1, 1, 1, 1, 1, 1, 1, 1, 1, 1, 1, 1, 1, 1, 1, 1, 1, 1, 1, 1, 1, 1, 1, 1, 1, 1, 1, 1, 1, 1, 1, 1, 1, 1, 1, 1, 1, 1, 1, 1, 1, 1, 1, 1, 1, 1, 1, 1, 1, 1, 1, 1, 1, 1, 1, 1, 1, 1, 1, 1, 1, 1, 1, 1, 1, 1, 1, 1, 1, 1, 1, 1, 1, 1, 1, 1, 1, 1, 1, 1, 1, 1, 1, 1, 1, 1, 1, 1, 1, 1, 1, 1, 1, 1, 1, 1, 1, 1, 1, 1, 1, 1, 1, 1, 1, 1, 1, 1, 1, 1, 1, 1]",128,1,1,1.0,11,0.0,0.0,0.0,False,0,0,0,BF16,CUDA_EVENT,generic,generic,none
0.0041600000113248825,0.00800000037997961,0.005080000031739473,0.004399999976158142,0.0014633661537561359,5,0.00851999968290329,0.02167999930679798,0.01238419972360134,0.00875999964773655,0.005142715739983171,5,0.00443999981507659,0.006279999855905771,0.005047999881207943,0.00443999981507659,0.0007716580128216163,5,0.13556000590324402,0.16072000563144684,0.1415200024843216,0.13619999587535858,0.009679340395878259,5,0.004399999976158142,0.004519999958574772,0.00447199996560812,0.004480000119656324,4.664763494375637e-05,5,2880,64,8,16,8,9216,2,0,4096,False,TORCH_SDPA,False,even,"[1, 1]",2,1,1,1.0,1,0.0,0.0,0.0,False,0,0,0,BF16,CUDA_EVENT,generic,generic,none
0.00443999981507659,0.004639999940991402,0.004495999962091446,0.004480000119656324,7.418897056902215e-05,5,0.016359999775886536,0.06199999898672104,0.02560799978673458,0.01648000068962574,0.018196656873588006,5,1.1628429889678955,1.2752840518951416,1.1911391973495484,1.1706429719924927,0.042298328322913664,5,0.004480000119656324,0.004600000102072954,0.004528000019490719,0.004519999958574772,4.6647571055609506e-05,5,0.004480000119656324,0.00547999981790781,0.004735999926924706,0.004559999797493219,0.0003740373731550971,5,2880,64,8,16,8,9216,1,3840,0,True,TORCH_SDPA,False,even,[3840],3840,3840,3840,3840.0,3840,0.0,0.0,0.0,False,0,3840,3840,BF16,CUDA_EVENT,generic,generic,none
0.004399999976158142,0.013120000250637531,0.006184000056236982,0.004480000119656324,0.0034681269697445344,5,0.012280000373721123,0.038920000195503235,0.0182480001822114,0.012640000320971012,0.010380208858375524,5,0.00443999981507659,0.008559999987483025,0.00528799993917346,0.004480000119656324,0.0016362689519521976,5,0.1899999976158142,0.28904101252555847,0.20998440086841583,0.19023999571800232,0.03952860909835703,5,0.00443999981507659,0.004519999958574772,0.004463999904692173,0.00443999981507659,3.2000080682464336e-05,5,2880,64,8,16,8,9216,192,0,512,False,TORCH_SDPA,False,even,"[1, 1, 1, 1, 1, 1, 1, 1, 1, 1, 1, 1, 1, 1, 1, 1, 1, 1, 1, 1, 1, 1, 1, 1, 1, 1, 1, 1, 1, 1, 1, 1, 1, 1, 1, 1, 1, 1, 1, 1, 1, 1, 1, 1, 1, 1, 1, 1, 1, 1, 1, 1, 1, 1, 1, 1, 1, 1, 1, 1, 1, 1, 1, 1, 1, 1, 1, 1, 1, 1, 1, 1, 1, 1, 1, 1, 1, 1, 1, 1, 1, 1, 1, 1, 1, 1, 1, 1, 1, 1, 1, 1, 1, 1, 1, 1, 1, 1, 1, 1, 1, 1, 1, 1, 1, 1, 1, 1, 1, 1, 1, 1, 1, 1, 1, 1, 1, 1, 1, 1, 1, 1, 1, 1, 1, 1, 1, 1, 1, 1, 1, 1, 1, 1, 1, 1, 1, 1, 1, 1, 1, 1, 1, 1, 1, 1, 1, 1, 1, 1, 1, 1, 1, 1, 1, 1, 1, 1, 1, 1, 1, 1, 1, 1, 1, 1, 1, 1, 1, 1, 1, 1, 1, 1, 1, 1, 1, 1, 1, 1, 1, 1, 1, 1, 1, 1, 1, 1, 1, 1, 1, 1]",192,1,1,1.0,13,0.0,0.0,0.0,False,0,0,0,BF16,CUDA_EVENT,generic,generic,none
0.004399999976158142,0.007761000189930201,0.005552200041711331,0.004519999958574772,0.0013798041489979365,5,0.008200000040233135,0.023080000653862953,0.01170400008559227,0.008919999934732914,0.005702468509738152,5,0.004360000137239695,0.006719999946653843,0.00493599995970726,0.004519999958574772,0.0008946418135519398,5,0.13335999846458435,0.15219999849796295,0.13747200071811677,0.133760005235672,0.00737474049748534,5,0.004399999976158142,0.004519999958574772,0.0044559999369084835,0.00443999981507659,4.079219274941178e-05,5,2880,64,8,16,8,9216,1,0,4096,False,TORCH_SDPA,False,even,[1],1,1,1,1.0,1,0.0,0.0,0.0,False,0,0,0,BF16,CUDA_EVENT,generic,generic,none
0.004321000073105097,0.03460000082850456,0.010440200101584196,0.00443999981507659,0.012079978515416733,5,0.019121000543236732,0.08523999899625778,0.03252840004861355,0.019360000267624855,0.02635660641907503,5,6.030855178833008,6.329095840454102,6.105039405822754,6.040174961090088,0.11373736174785484,5,0.004279999993741512,0.004519999958574772,0.004407999943941832,0.004399999976158142,7.756285354573324e-05,5,0.00443999981507659,0.004559999797493219,0.004479999933391809,0.004480000119656324,4.381779818013822e-05,5,2880,64,8,16,8,9216,1,8704,0,True,TORCH_SDPA,False,even,[8704],8704,8704,8704,8704.0,8704,0.0,0.0,0.0,False,0,8704,8704,BF16,CUDA_EVENT,generic,generic,none
0.004279999993741512,0.004480000119656324,0.004392000008374452,0.004399999976158142,6.881859566138264e-05,5,0.012480000033974648,0.02232000045478344,0.014776000007987022,0.012799999676644802,0.003787609479280754,5,0.004399999976158142,0.005840000230818987,0.00471199993044138,0.00443999981507659,0.0005642128742593688,5,0.6632819771766663,0.7059209942817688,0.6732815980911255,0.6656010150909424,0.016413210508994497,5,0.004360000137239695,0.004559999797493219,0.004456000030040741,0.004480000119656324,6.974230521849422e-05,5,2880,64,8,16,8,9216,128,0,4096,False,TORCH_SDPA,False,even,"[1, 1, 1, 1, 1, 1, 1, 1, 1, 1, 1, 1, 1, 1, 1, 1, 1, 1, 1, 1, 1, 1, 1, 1, 1, 1, 1, 1, 1, 1, 1, 1, 1, 1, 1, 1, 1, 1, 1, 1, 1, 1, 1, 1, 1, 1, 1, 1, 1, 1, 1, 1, 1, 1, 1, 1, 1, 1, 1, 1, 1, 1, 1, 1, 1, 1, 1, 1, 1, 1, 1, 1, 1, 1, 1, 1, 1, 1, 1, 1, 1, 1, 1, 1, 1, 1, 1, 1, 1, 1, 1, 1, 1, 1, 1, 1, 1, 1, 1, 1, 1, 1, 1, 1, 1, 1, 1, 1, 1, 1, 1, 1, 1, 1, 1, 1, 1, 1, 1, 1, 1, 1, 1, 1, 1, 1, 1, 1]",128,1,1,1.0,11,0.0,0.0,0.0,False,0,0,0,BF16,CUDA_EVENT,generic,generic,none
0.004360000137239695,0.004639999940991402,0.004487999994307756,0.004519999958574772,9.927733459535287e-05,5,0.009039999917149544,0.022520000115036964,0.011895999871194362,0.009359999559819698,0.005314047921664833,5,0.004399999976158142,0.005640000104904175,0.004879999998956918,0.004559999797493219,0.0005027922460034326,5,0.07051999866962433,0.07952000200748444,0.07320800125598907,0.07156000286340714,0.0032857902680905856,5,0.00443999981507659,0.004600000102072954,0.004528199974447489,0.004521000199019909,5.303740606844439e-05,5,2880,64,8,16,8,9216,4,0,1024,False,TORCH_SDPA,False,even,"[1, 1, 1, 1]",4,1,1,1.0,2,0.0,0.0,0.0,False,0,0,0,BF16,CUDA_EVENT,generic,generic,none
0.004360000137239695,0.005840000230818987,0.004695999994874,0.00443999981507659,0.0005727688258564462,5,0.008559999987483025,0.02247999981045723,0.011495999805629254,0.00887999963015318,0.005493711315542734,5,0.004279999993741512,0.005160000175237656,0.004695999994874,0.004559999797493219,0.00034372094793632974,5,0.06684000045061111,0.07464099675416946,0.07073619961738586,0.07016000151634216,0.003279320229154564,5,0.004399999976158142,0.007280000019818544,0.005016199965029955,0.004480999894440174,0.0011328591353383258,5,2880,64,8,16,8,9216,1,0,1024,False,TORCH_SDPA,False,even,[1],1,1,1,1.0,1,0.0,0.0,0.0,False,0,0,0,BF16,CUDA_EVENT,generic,generic,none
0.004360000137239695,0.004480000119656324,0.004440000001341105,0.00443999981507659,4.381779818013822e-05,5,0.012839999981224537,0.029079999774694443,0.016303999908268453,0.013199999928474426,0.006390773277677188,5,0.00443999981507659,0.00443999981507659,0.00443999981507659,0.00443999981507659,0.0,5,0.07999999821186066,0.10292000323534012,0.08814400136470794,0.08556000143289566,0.008039806253576627,5,0.004480000119656324,0.005160999950021505,0.004656199924647808,0.004559999797493219,0.0002541372843892594,5,2880,64,8,16,8,9216,48,0,512,False,TORCH_SDPA,False,even,"[1, 1, 1, 1, 1, 1, 1, 1, 1, 1, 1, 1, 1, 1, 1, 1, 1, 1, 1, 1, 1, 1, 1, 1, 1, 1, 1, 1, 1, 1, 1, 1, 1, 1, 1, 1, 1, 1, 1, 1, 1, 1, 1, 1, 1, 1, 1, 1]",48,1,1,1.0,6,0.0,0.0,0.0,False,0,0,0,BF16,CUDA_EVENT,generic,generic,none
0.004360000137239695,0.01363999955356121,0.006279999949038028,0.004480000119656324,0.003680782325546595,5,0.0081599997356534,0.05999999865889549,0.018791999854147434,0.00872000027447939,0.020605682503490614,5,0.00431999983265996,0.0081599997356534,0.005183999892324209,0.004480000119656324,0.0014895045402733992,5,0.15987999737262726,0.22140100598335266,0.1731286019086838,0.16036100685596466,0.024175820687094323,5,0.00419999985024333,0.004480000119656324,0.004399999976158142,0.00443999981507659,0.00010430731843825912,5,2880,64,8,16,8,9216,1,0,5120,False,TORCH_SDPA,False,even,[1],1,1,1,1.0,1,0.0,0.0,0.0,False,0,0,0,BF16,CUDA_EVENT,generic,generic,none
0.004399999976158142,0.005439999978989363,0.0046640000306069854,0.004480000119656324,0.0003899538187640761,5,0.012760999612510204,0.026440000161528587,0.01593619994819164,0.013079999946057796,0.0052830062303023855,5,0.00443999981507659,0.301160991191864,0.06401619818061591,0.004519999958574772,0.11857296695752102,5,0.5024809837341309,0.571241021156311,0.5195291996002197,0.5081610083580017,0.025979434270874596,5,0.004399999976158142,0.004480000119656324,0.004456000030040741,0.004480000119656324,3.2000080682464336e-05,5,2880,64,8,16,8,9216,96,0,4096,False,TORCH_SDPA,False,even,"[1, 1, 1, 1, 1, 1, 1, 1, 1, 1, 1, 1, 1, 1, 1, 1, 1, 1, 1, 1, 1, 1, 1, 1, 1, 1, 1, 1, 1, 1, 1, 1, 1, 1, 1, 1, 1, 1, 1, 1, 1, 1, 1, 1, 1, 1, 1, 1, 1, 1, 1, 1, 1, 1, 1, 1, 1, 1, 1, 1, 1, 1, 1, 1, 1, 1, 1, 1, 1, 1, 1, 1, 1, 1, 1, 1, 1, 1, 1, 1, 1, 1, 1, 1, 1, 1, 1, 1, 1, 1, 1, 1, 1, 1, 1, 1]",96,1,1,1.0,9,0.0,0.0,0.0,False,0,0,0,BF16,CUDA_EVENT,generic,generic,none
0.00443999981507659,0.007160000037401915,0.005016000010073185,0.004480000119656324,0.0010722984806444437,5,0.016200000420212746,0.02824000082910061,0.02000799998641014,0.018239999189972878,0.004234139687125281,5,0.005239999853074551,0.0061599998734891415,0.005799999926239252,0.005799999926239252,0.0003169858085775645,5,0.05992000177502632,0.07816000282764435,0.06452800035476684,0.060839999467134476,0.006946074487849606,5,0.004519999958574772,0.007160000037401915,0.005095999967306852,0.004639999940991402,0.0010333944413892034,5,2880,64,8,16,8,9216,4,0,512,False,TORCH_SDPA,False,even,"[1, 1, 1, 1]",4,1,1,1.0,2,0.0,0.0,0.0,False,0,0,0,BF16,CUDA_EVENT,generic,generic,none
0.004399999976158142,0.004480000119656324,0.004447999969124794,0.00443999981507659,2.9933337677144675e-05,5,0.012640000320971012,0.023080000653862953,0.014840000122785569,0.012799999676644802,0.0041209710197911,5,0.004399999976158142,0.005520000122487545,0.004648000001907349,0.00443999981507659,0.0004370080717774169,5,1.0113229751586914,1.0799620151519775,1.032186794281006,1.0255630016326904,0.02476970118789119,5,0.004399999976158142,0.004519999958574772,0.004447999969124794,0.00443999981507659,4.664763494375637e-05,5,2880,64,8,16,8,9216,160,0,5120,False,TORCH_SDPA,False,even,"[1, 1, 1, 1, 1, 1, 1, 1, 1, 1, 1, 1, 1, 1, 1, 1, 1, 1, 1, 1, 1, 1, 1, 1, 1, 1, 1, 1, 1, 1, 1, 1, 1, 1, 1, 1, 1, 1, 1, 1, 1, 1, 1, 1, 1, 1, 1, 1, 1, 1, 1, 1, 1, 1, 1, 1, 1, 1, 1, 1, 1, 1, 1, 1, 1, 1, 1, 1, 1, 1, 1, 1, 1, 1, 1, 1, 1, 1, 1, 1, 1, 1, 1, 1, 1, 1, 1, 1, 1, 1, 1, 1, 1, 1, 1, 1, 1, 1, 1, 1, 1, 1, 1, 1, 1, 1, 1, 1, 1, 1, 1, 1, 1, 1, 1, 1, 1, 1, 1, 1, 1, 1, 1, 1, 1, 1, 1, 1, 1, 1, 1, 1, 1, 1, 1, 1, 1, 1, 1, 1, 1, 1, 1, 1, 1, 1, 1, 1, 1, 1, 1, 1, 1, 1, 1, 1, 1, 1, 1, 1]",160,1,1,1.0,12,0.0,0.0,0.0,False,0,0,0,BF16,CUDA_EVENT,generic,generic,none
0.004519999958574772,0.004600000102072954,0.004584000073373317,0.004600000102072954,3.2000057399272915e-05,5,0.01703999936580658,0.06747999787330627,0.027463999390602113,0.017640000209212303,0.020010949841590183,5,1.9746450185775757,2.0996060371398926,2.015973210334778,1.9992049932479858,0.04379946222307829,5,0.004519999958574772,0.004679999779909849,0.00459199994802475,0.004600000102072954,5.306596546984384e-05,5,0.004519999958574772,0.004639999940991402,0.00459199994802475,0.004600000102072954,4.664763494375637e-05,5,2880,64,8,16,8,9216,1,5120,0,True,TORCH_SDPA,False,even,[5120],5120,5120,5120,5120.0,5120,0.0,0.0,0.0,False,0,5120,5120,BF16,CUDA_EVENT,generic,generic,none
0.004279999993741512,0.010280000045895576,0.0055599999614059925,0.004399999976158142,0.002361423342213627,5,0.012439999729394913,0.020519999787211418,0.0142000000923872,0.012640000320971012,0.003163491595354318,5,0.0041600000113248825,0.005919999908655882,0.004631999973207712,0.004360000137239695,0.0006506119818701607,5,0.3476409912109375,0.4328809976577759,0.3673289954662323,0.3508409857749939,0.03285526591069595,5,0.00419999985024333,0.004559999797493219,0.004383999947458505,0.004360000137239695,0.00011757546507818424,5,2880,64,8,16,8,9216,384,0,512,False,TORCH_SDPA,False,even,"[1, 1, 1, 1, 1, 1, 1, 1, 1, 1, 1, 1, 1, 1, 1, 1, 1, 1, 1, 1, 1, 1, 1, 1, 1, 1, 1, 1, 1, 1, 1, 1, 1, 1, 1, 1, 1, 1, 1, 1, 1, 1, 1, 1, 1, 1, 1, 1, 1, 1, 1, 1, 1, 1, 1, 1, 1, 1, 1, 1, 1, 1, 1, 1, 1, 1, 1, 1, 1, 1, 1, 1, 1, 1, 1, 1, 1, 1, 1, 1, 1, 1, 1, 1, 1, 1, 1, 1, 1, 1, 1, 1, 1, 1, 1, 1, 1, 1, 1, 1, 1, 1, 1, 1, 1, 1, 1, 1, 1, 1, 1, 1, 1, 1, 1, 1, 1, 1, 1, 1, 1, 1, 1, 1, 1, 1, 1, 1, 1, 1, 1, 1, 1, 1, 1, 1, 1, 1, 1, 1, 1, 1, 1, 1, 1, 1, 1, 1, 1, 1, 1, 1, 1, 1, 1, 1, 1, 1, 1, 1, 1, 1, 1, 1, 1, 1, 1, 1, 1, 1, 1, 1, 1, 1, 1, 1, 1, 1, 1, 1, 1, 1, 1, 1, 1, 1, 1, 1, 1, 1, 1, 1, 1, 1, 1, 1, 1, 1, 1, 1, 1, 1, 1, 1, 1, 1, 1, 1, 1, 1, 1, 1, 1, 1, 1, 1, 1, 1, 1, 1, 1, 1, 1, 1, 1, 1, 1, 1, 1, 1, 1, 1, 1, 1, 1, 1, 1, 1, 1, 1, 1, 1, 1, 1, 1, 1, 1, 1, 1, 1, 1, 1, 1, 1, 1, 1, 1, 1, 1, 1, 1, 1, 1, 1, 1, 1, 1, 1, 1, 1, 1, 1, 1, 1, 1, 1, 1, 1, 1, 1, 1, 1, 1, 1, 1, 1, 1, 1, 1, 1, 1, 1, 1, 1, 1, 1, 1, 1, 1, 1, 1, 1, 1, 1, 1, 1, 1, 1, 1, 1, 1, 1, 1, 1, 1, 1, 1, 1, 1, 1, 1, 1, 1, 1, 1, 1, 1, 1, 1, 1, 1, 1, 1, 1, 1, 1, 1, 1, 1, 1, 1, 1, 1, 1, 1, 1, 1, 1, 1, 1, 1, 1, 1, 1, 1, 1, 1, 1, 1, 1, 1, 1, 1, 1, 1, 1, 1, 1, 1, 1, 1, 1, 1, 1, 1, 1, 1, 1, 1, 1, 1, 1, 1, 1]",384,1,1,1.0,19,0.0,0.0,0.0,False,0,0,0,BF16,CUDA_EVENT,generic,generic,none
0.004279999993741512,0.004519999958574772,0.004399999976158142,0.004399999976158142,7.999995723372159e-05,5,0.012240000069141388,0.12875999510288239,0.03575999904423952,0.012520000338554382,0.046500915868801014,5,0.004279999993741512,0.006800000090152025,0.004887999966740608,0.00443999981507659,0.0009591330013925807,5,0.6248409748077393,0.6998019814491272,0.6436177849769592,0.6308419704437256,0.028279533031006908,5,0.004360000137239695,0.004559999797493219,0.004456199984997511,0.004480000119656324,6.981222628516922e-05,5,2880,64,8,16,8,9216,96,0,5120,False,TORCH_SDPA,False,even,"[1, 1, 1, 1, 1, 1, 1, 1, 1, 1, 1, 1, 1, 1, 1, 1, 1, 1, 1, 1, 1, 1, 1, 1, 1, 1, 1, 1, 1, 1, 1, 1, 1, 1, 1, 1, 1, 1, 1, 1, 1, 1, 1, 1, 1, 1, 1, 1, 1, 1, 1, 1, 1, 1, 1, 1, 1, 1, 1, 1, 1, 1, 1, 1, 1, 1, 1, 1, 1, 1, 1, 1, 1, 1, 1, 1, 1, 1, 1, 1, 1, 1, 1, 1, 1, 1, 1, 1, 1, 1, 1, 1, 1, 1, 1, 1]",96,1,1,1.0,9,0.0,0.0,0.0,False,0,0,0,BF16,CUDA_EVENT,generic,generic,none
0.004240000154823065,0.007799999788403511,0.005111999996006489,0.004360000137239695,0.0013636186006467444,5,0.011760000139474869,0.021080000326037407,0.013928000070154666,0.012280000373721123,0.003586410026860962,5,0.00419999985024333,0.0075599998235702515,0.005335999932140112,0.004879999905824661,0.0012260113649419145,5,0.08096099644899368,3.523608922958374,0.7753299847245216,0.08900000154972076,1.3741567933552723,5,0.004240000154823065,0.00443999981507659,0.004327999986708164,0.004279999993741512,7.756278630471791e-05,5,2880,64,8,16,8,9216,32,0,1024,False,TORCH_SDPA,False,even,"[1, 1, 1, 1, 1, 1, 1, 1, 1, 1, 1, 1, 1, 1, 1, 1, 1, 1, 1, 1, 1, 1, 1, 1, 1, 1, 1, 1, 1, 1, 1, 1]",32,1,1,1.0,5,0.0,0.0,0.0,False,0,0,0,BF16,CUDA_EVENT,generic,generic,none
0.004480000119656324,0.004999999888241291,0.004607999976724386,0.004519999958574772,0.0001966112426193898,5,0.012679999694228172,0.018799999728798866,0.01398399993777275,0.012839999981224537,0.0024091292036816903,5,0.004519999958574772,0.005439999978989363,0.004743999987840653,0.004600000102072954,0.00034926208069019804,5,0.16224099695682526,0.20292100310325623,0.17086440026760102,0.1632000058889389,0.016032712909784683,5,0.004480000119656324,0.004679999779909849,0.0045599999837577345,0.004519999958574772,8.390459196142184e-05,5,2880,64,8,16,8,9216,160,0,512,False,TORCH_SDPA,False,even,"[1, 1, 1, 1, 1, 1, 1, 1, 1, 1, 1, 1, 1, 1, 1, 1, 1, 1, 1, 1, 1, 1, 1, 1, 1, 1, 1, 1, 1, 1, 1, 1, 1, 1, 1, 1, 1, 1, 1, 1, 1, 1, 1, 1, 1, 1, 1, 1, 1, 1, 1, 1, 1, 1, 1, 1, 1, 1, 1, 1, 1, 1, 1, 1, 1, 1, 1, 1, 1, 1, 1, 1, 1, 1, 1, 1, 1, 1, 1, 1, 1, 1, 1, 1, 1, 1, 1, 1, 1, 1, 1, 1, 1, 1, 1, 1, 1, 1, 1, 1, 1, 1, 1, 1, 1, 1, 1, 1, 1, 1, 1, 1, 1, 1, 1, 1, 1, 1, 1, 1, 1, 1, 1, 1, 1, 1, 1, 1, 1, 1, 1, 1, 1, 1, 1, 1, 1, 1, 1, 1, 1, 1, 1, 1, 1, 1, 1, 1, 1, 1, 1, 1, 1, 1, 1, 1, 1, 1, 1, 1]",160,1,1,1.0,12,0.0,0.0,0.0,False,0,0,0,BF16,CUDA_EVENT,generic,generic,none
0.00419999985024333,0.004399999976158142,0.004287999961525202,0.004279999993741512,6.881859566138264e-05,5,0.012480000033974648,0.03415999934077263,0.017152199894189833,0.012600000016391277,0.008521611047300873,5,0.00419999985024333,0.00571999978274107,0.004775999952107668,0.004519999958574772,0.0005476348972231805,5,0.48844099044799805,0.5548809766769409,0.5041691958904266,0.49132099747657776,0.025441495911287474,5,0.004240000154823065,0.0047599999234080315,0.004431999940425158,0.004399999976158142,0.00017780884474905066,5,2880,64,8,16,8,9216,320,0,1024,False,TORCH_SDPA,False,even,"[1, 1, 1, 1, 1, 1, 1, 1, 1, 1, 1, 1, 1, 1, 1, 1, 1, 1, 1, 1, 1, 1, 1, 1, 1, 1, 1, 1, 1, 1, 1, 1, 1, 1, 1, 1, 1, 1, 1, 1, 1, 1, 1, 1, 1, 1, 1, 1, 1, 1, 1, 1, 1, 1, 1, 1, 1, 1, 1, 1, 1, 1, 1, 1, 1, 1, 1, 1, 1, 1, 1, 1, 1, 1, 1, 1, 1, 1, 1, 1, 1, 1, 1, 1, 1, 1, 1, 1, 1, 1, 1, 1, 1, 1, 1, 1, 1, 1, 1, 1, 1, 1, 1, 1, 1, 1, 1, 1, 1, 1, 1, 1, 1, 1, 1, 1, 1, 1, 1, 1, 1, 1, 1, 1, 1, 1, 1, 1, 1, 1, 1, 1, 1, 1, 1, 1, 1, 1, 1, 1, 1, 1, 1, 1, 1, 1, 1, 1, 1, 1, 1, 1, 1, 1, 1, 1, 1, 1, 1, 1, 1, 1, 1, 1, 1, 1, 1, 1, 1, 1, 1, 1, 1, 1, 1, 1, 1, 1, 1, 1, 1, 1, 1, 1, 1, 1, 1, 1, 1, 1, 1, 1, 1, 1, 1, 1, 1, 1, 1, 1, 1, 1, 1, 1, 1, 1, 1, 1, 1, 1, 1, 1, 1, 1, 1, 1, 1, 1, 1, 1, 1, 1, 1, 1, 1, 1, 1, 1, 1, 1, 1, 1, 1, 1, 1, 1, 1, 1, 1, 1, 1, 1, 1, 1, 1, 1, 1, 1, 1, 1, 1, 1, 1, 1, 1, 1, 1, 1, 1, 1, 1, 1, 1, 1, 1, 1, 1, 1, 1, 1, 1, 1, 1, 1, 1, 1, 1, 1, 1, 1, 1, 1, 1, 1, 1, 1, 1, 1, 1, 1, 1, 1, 1, 1, 1, 1, 1, 1, 1, 1, 1, 1, 1, 1, 1, 1, 1, 1, 1, 1, 1, 1, 1, 1, 1, 1, 1, 1, 1, 1]",320,1,1,1.0,17,0.0,0.0,0.0,False,0,0,0,BF16,CUDA_EVENT,generic,generic,none
0.00443999981507659,0.007079999893903732,0.005247999913990498,0.00443999981507659,0.001064451105599668,5,0.012520000338554382,0.01720000058412552,0.013800000213086605,0.012880000285804272,0.0017598183167665757,5,0.004360000137239695,0.00559999980032444,0.004671999905258417,0.00443999981507659,0.00046880266379376143,5,0.25839999318122864,0.2985199987888336,0.267944198846817,0.25947999954223633,0.015434756120267065,5,0.004480000119656324,0.004639999940991402,0.004520000051707029,0.004480000119656324,6.196766434270914e-05,5,2880,64,8,16,8,9216,160,0,1024,False,TORCH_SDPA,False,even,"[1, 1, 1, 1, 1, 1, 1, 1, 1, 1, 1, 1, 1, 1, 1, 1, 1, 1, 1, 1, 1, 1, 1, 1, 1, 1, 1, 1, 1, 1, 1, 1, 1, 1, 1, 1, 1, 1, 1, 1, 1, 1, 1, 1, 1, 1, 1, 1, 1, 1, 1, 1, 1, 1, 1, 1, 1, 1, 1, 1, 1, 1, 1, 1, 1, 1, 1, 1, 1, 1, 1, 1, 1, 1, 1, 1, 1, 1, 1, 1, 1, 1, 1, 1, 1, 1, 1, 1, 1, 1, 1, 1, 1, 1, 1, 1, 1, 1, 1, 1, 1, 1, 1, 1, 1, 1, 1, 1, 1, 1, 1, 1, 1, 1, 1, 1, 1, 1, 1, 1, 1, 1, 1, 1, 1, 1, 1, 1, 1, 1, 1, 1, 1, 1, 1, 1, 1, 1, 1, 1, 1, 1, 1, 1, 1, 1, 1, 1, 1, 1, 1, 1, 1, 1, 1, 1, 1, 1, 1, 1]",160,1,1,1.0,12,0.0,0.0,0.0,False,0,0,0,BF16,CUDA_EVENT,generic,generic,none
0.00431999983265996,0.004399999976158142,0.004367999918758869,0.004399999976158142,3.9191906183995976e-05,5,0.014440000057220459,0.0221599992364645,0.016127999871969223,0.014560000039637089,0.0030202937068639275,5,0.00419999985024333,0.006039999891072512,0.004695999901741743,0.00443999981507659,0.0006776901877551568,5,3.3894081115722656,3.6226890087127686,3.4472805976867678,3.4081690311431885,0.08807326602817465,5,0.0041600000113248825,0.004519999958574772,0.004384000040590763,0.004399999976158142,0.0001254750965589486,5,2880,64,8,16,8,9216,512,0,5120,False,TORCH_SDPA,False,even,"[1, 1, 1, 1, 1, 1, 1, 1, 1, 1, 1, 1, 1, 1, 1, 1, 1, 1, 1, 1, 1, 1, 1, 1, 1, 1, 1, 1, 1, 1, 1, 1, 1, 1, 1, 1, 1, 1, 1, 1, 1, 1, 1, 1, 1, 1, 1, 1, 1, 1, 1, 1, 1, 1, 1, 1, 1, 1, 1, 1, 1, 1, 1, 1, 1, 1, 1, 1, 1, 1, 1, 1, 1, 1, 1, 1, 1, 1, 1, 1, 1, 1, 1, 1, 1, 1, 1, 1, 1, 1, 1, 1, 1, 1, 1, 1, 1, 1, 1, 1, 1, 1, 1, 1, 1, 1, 1, 1, 1, 1, 1, 1, 1, 1, 1, 1, 1, 1, 1, 1, 1, 1, 1, 1, 1, 1, 1, 1, 1, 1, 1, 1, 1, 1, 1, 1, 1, 1, 1, 1, 1, 1, 1, 1, 1, 1, 1, 1, 1, 1, 1, 1, 1, 1, 1, 1, 1, 1, 1, 1, 1, 1, 1, 1, 1, 1, 1, 1, 1, 1, 1, 1, 1, 1, 1, 1, 1, 1, 1, 1, 1, 1, 1, 1, 1, 1, 1, 1, 1, 1, 1, 1, 1, 1, 1, 1, 1, 1, 1, 1, 1, 1, 1, 1, 1, 1, 1, 1, 1, 1, 1, 1, 1, 1, 1, 1, 1, 1, 1, 1, 1, 1, 1, 1, 1, 1, 1, 1, 1, 1, 1, 1, 1, 1, 1, 1, 1, 1, 1, 1, 1, 1, 1, 1, 1, 1, 1, 1, 1, 1, 1, 1, 1, 1, 1, 1, 1, 1, 1, 1, 1, 1, 1, 1, 1, 1, 1, 1, 1, 1, 1, 1, 1, 1, 1, 1, 1, 1, 1, 1, 1, 1, 1, 1, 1, 1, 1, 1, 1, 1, 1, 1, 1, 1, 1, 1, 1, 1, 1, 1, 1, 1, 1, 1, 1, 1, 1, 1, 1, 1, 1, 1, 1, 1, 1, 1, 1, 1, 1, 1, 1, 1, 1, 1, 1, 1, 1, 1, 1, 1, 1, 1, 1, 1, 1, 1, 1, 1, 1, 1, 1, 1, 1, 1, 1, 1, 1, 1, 1, 1, 1, 1, 1, 1, 1, 1, 1, 1, 1, 1, 1, 1, 1, 1, 1, 1, 1, 1, 1, 1, 1, 1, 1, 1, 1, 1, 1, 1, 1, 1, 1, 1, 1, 1, 1, 1, 1, 1, 1, 1, 1, 1, 1, 1, 1, 1, 1, 1, 1, 1, 1, 1, 1, 1, 1, 1, 1, 1, 1, 1, 1, 1, 1, 1, 1, 1, 1, 1, 1, 1, 1, 1, 1, 1, 1, 1, 1, 1, 1, 1, 1, 1, 1, 1, 1, 1, 1, 1, 1, 1, 1, 1, 1, 1, 1, 1, 1, 1, 1, 1, 1, 1, 1, 1, 1, 1, 1, 1, 1, 1, 1, 1, 1, 1, 1, 1, 1, 1, 1, 1, 1, 1, 1, 1, 1, 1, 1, 1, 1, 1, 1, 1, 1, 1, 1, 1, 1, 1, 1, 1, 1, 1, 1, 1, 1, 1, 1, 1, 1, 1, 1, 1, 1, 1, 1, 1, 1, 1, 1, 1, 1, 1]",512,1,1,1.0,22,0.0,0.0,0.0,False,0,0,0,BF16,CUDA_EVENT,generic,generic,none
0.004240000154823065,0.01408000010997057,0.006456000078469515,0.004559999797493219,0.0038182383539877955,5,0.012400000356137753,0.060520999133586884,0.02241619974374771,0.013159999623894691,0.01905499236324211,5,0.004240000154823065,0.006120000034570694,0.004792000073939562,0.00443999981507659,0.0007089823600090686,5,0.09332100301980972,0.14975999295711517,0.10682419985532761,0.09356000274419785,0.021864834618447168,5,0.004240000154823065,0.005160000175237656,0.004488000087440014,0.004360000137239695,0.0003407286692937772,5,2880,64,8,16,8,9216,16,0,2048,False,TORCH_SDPA,False,even,"[1, 1, 1, 1, 1, 1, 1, 1, 1, 1, 1, 1, 1, 1, 1, 1]",16,1,1,1.0,4,0.0,0.0,0.0,False,0,0,0,BF16,CUDA_EVENT,generic,generic,none
0.004360000137239695,0.005200000014156103,0.004608000069856644,0.004480000119656324,0.0003008254958333035,5,0.012520000338554382,0.02027999982237816,0.015216000191867352,0.012760000303387642,0.003271951121713395,5,0.004519999958574772,0.006240000016987324,0.004903999995440245,0.004600000102072954,0.000669614826316664,5,0.1611199975013733,0.19312100112438202,0.16804039776325225,0.16203999519348145,0.012544933395088819,5,0.004480000119656324,0.008080000057816505,0.005248000100255013,0.004600000102072954,0.001417016562734209,5,2880,64,8,16,8,9216,96,0,1024,False,TORCH_SDPA,False,even,"[1, 1, 1, 1, 1, 1, 1, 1, 1, 1, 1, 1, 1, 1, 1, 1, 1, 1, 1, 1, 1, 1, 1, 1, 1, 1, 1, 1, 1, 1, 1, 1, 1, 1, 1, 1, 1, 1, 1, 1, 1, 1, 1, 1, 1, 1, 1, 1, 1, 1, 1, 1, 1, 1, 1, 1, 1, 1, 1, 1, 1, 1, 1, 1, 1, 1, 1, 1, 1, 1, 1, 1, 1, 1, 1, 1, 1, 1, 1, 1, 1, 1, 1, 1, 1, 1, 1, 1, 1, 1, 1, 1, 1, 1, 1, 1]",96,1,1,1.0,9,0.0,0.0,0.0,False,0,0,0,BF16,CUDA_EVENT,generic,generic,none
0.004399999976158142,0.00443999981507659,0.004415999911725521,0.004399999976158142,1.9595839028743304e-05,5,0.014360000379383564,0.02043999917805195,0.015823999978601934,0.014720000326633453,0.0023159408777040083,5,0.004360000137239695,0.0061599998734891415,0.004808000009506941,0.004519999958574772,0.0006785395352041381,5,2.715487003326416,2.832326889038086,2.7436153888702393,2.7225279808044434,0.044480995360469046,5,0.00443999981507659,0.007040000054985285,0.004984000045806169,0.004480000119656324,0.0010281167312572543,5,2880,64,8,16,8,9216,512,0,4096,False,TORCH_SDPA,False,even,"[1, 1, 1, 1, 1, 1, 1, 1, 1, 1, 1, 1, 1, 1, 1, 1, 1, 1, 1, 1, 1, 1, 1, 1, 1, 1, 1, 1, 1, 1, 1, 1, 1, 1, 1, 1, 1, 1, 1, 1, 1, 1, 1, 1, 1, 1, 1, 1, 1, 1, 1, 1, 1, 1, 1, 1, 1, 1, 1, 1, 1, 1, 1, 1, 1, 1, 1, 1, 1, 1, 1, 1, 1, 1, 1, 1, 1, 1, 1, 1, 1, 1, 1, 1, 1, 1, 1, 1, 1, 1, 1, 1, 1, 1, 1, 1, 1, 1, 1, 1, 1, 1, 1, 1, 1, 1, 1, 1, 1, 1, 1, 1, 1, 1, 1, 1, 1, 1, 1, 1, 1, 1, 1, 1, 1, 1, 1, 1, 1, 1, 1, 1, 1, 1, 1, 1, 1, 1, 1, 1, 1, 1, 1, 1, 1, 1, 1, 1, 1, 1, 1, 1, 1, 1, 1, 1, 1, 1, 1, 1, 1, 1, 1, 1, 1, 1, 1, 1, 1, 1, 1, 1, 1, 1, 1, 1, 1, 1, 1, 1, 1, 1, 1, 1, 1, 1, 1, 1, 1, 1, 1, 1, 1, 1, 1, 1, 1, 1, 1, 1, 1, 1, 1, 1, 1, 1, 1, 1, 1, 1, 1, 1, 1, 1, 1, 1, 1, 1, 1, 1, 1, 1, 1, 1, 1, 1, 1, 1, 1, 1, 1, 1, 1, 1, 1, 1, 1, 1, 1, 1, 1, 1, 1, 1, 1, 1, 1, 1, 1, 1, 1, 1, 1, 1, 1, 1, 1, 1, 1, 1, 1, 1, 1, 1, 1, 1, 1, 1, 1, 1, 1, 1, 1, 1, 1, 1, 1, 1, 1, 1, 1, 1, 1, 1, 1, 1, 1, 1, 1, 1, 1, 1, 1, 1, 1, 1, 1, 1, 1, 1, 1, 1, 1, 1, 1, 1, 1, 1, 1, 1, 1, 1, 1, 1, 1, 1, 1, 1, 1, 1, 1, 1, 1, 1, 1, 1, 1, 1, 1, 1, 1, 1, 1, 1, 1, 1, 1, 1, 1, 1, 1, 1, 1, 1, 1, 1, 1, 1, 1, 1, 1, 1, 1, 1, 1, 1, 1, 1, 1, 1, 1, 1, 1, 1, 1, 1, 1, 1, 1, 1, 1, 1, 1, 1, 1, 1, 1, 1, 1, 1, 1, 1, 1, 1, 1, 1, 1, 1, 1, 1, 1, 1, 1, 1, 1, 1, 1, 1, 1, 1, 1, 1, 1, 1, 1, 1, 1, 1, 1, 1, 1, 1, 1, 1, 1, 1, 1, 1, 1, 1, 1, 1, 1, 1, 1, 1, 1, 1, 1, 1, 1, 1, 1, 1, 1, 1, 1, 1, 1, 1, 1, 1, 1, 1, 1, 1, 1, 1, 1, 1, 1, 1, 1, 1, 1, 1, 1, 1, 1, 1, 1, 1, 1, 1, 1, 1, 1, 1, 1, 1, 1, 1, 1, 1, 1, 1, 1, 1, 1, 1, 1, 1, 1, 1, 1, 1, 1, 1, 1, 1, 1, 1, 1, 1, 1, 1, 1, 1, 1, 1, 1, 1, 1, 1, 1, 1, 1, 1, 1, 1, 1, 1]",512,1,1,1.0,22,0.0,0.0,0.0,False,0,0,0,BF16,CUDA_EVENT,generic,generic,none
0.004399999976158142,0.004519999958574772,0.004472000058740377,0.004480000119656324,3.9191849152437796e-05,5,0.008320000022649765,0.025520000606775284,0.012176000140607357,0.008919999934732914,0.006690631308815425,5,0.004360000137239695,0.005840000230818987,0.004719999991357327,0.00443999981507659,0.0005622811826668936,5,0.19076000154018402,0.22832100093364716,0.19860059916973113,0.19144099950790405,0.014864492281357973,5,0.00443999981507659,0.004519999958574772,0.00447199996560812,0.004480000119656324,2.9933337677144675e-05,5,2880,64,8,16,8,9216,2,0,6144,False,TORCH_SDPA,False,even,"[1, 1]",2,1,1,1.0,1,0.0,0.0,0.0,False,0,0,0,BF16,CUDA_EVENT,generic,generic,none
0.004399999976158142,0.01119999960064888,0.005839999858289957,0.004559999797493219,0.0026810146053568105,5,0.017920000478625298,0.06744000315666199,0.02818400040268898,0.018719999119639397,0.01963115375776502,5,3.8639309406280518,3.9926509857177734,3.9093547821044923,3.9025299549102783,0.04578726167072081,5,0.004480000119656324,0.004559999797493219,0.004527999926358462,0.004519999958574772,2.993313855179537e-05,5,0.004480000119656324,0.004639999940991402,0.0045599999837577345,0.004559999797493219,5.6568512254674996e-05,5,2880,64,8,16,8,9216,1,7168,0,True,TORCH_SDPA,False,even,[7168],7168,7168,7168,7168.0,7168,0.0,0.0,0.0,False,0,7168,7168,BF16,CUDA_EVENT,generic,generic,none
0.004399999976158142,0.026680000126361847,0.008863999973982573,0.004399999976158142,0.00890801354710811,5,0.012439999729394913,0.0737999975681305,0.02538399938493967,0.012559999711811543,0.024238686847058426,5,0.00431999983265996,0.0069599999114871025,0.005111999902874231,0.00443999981507659,0.0010193017066631193,5,0.49640101194381714,0.6059610247612,0.5205052077770234,0.5000010132789612,0.04275146292136336,5,0.004360000137239695,0.004519999958574772,0.0044639999978244305,0.004480000119656324,5.986647622883656e-05,5,2880,64,8,16,8,9216,64,0,6144,False,TORCH_SDPA,False,even,"[1, 1, 1, 1, 1, 1, 1, 1, 1, 1, 1, 1, 1, 1, 1, 1, 1, 1, 1, 1, 1, 1, 1, 1, 1, 1, 1, 1, 1, 1, 1, 1, 1, 1, 1, 1, 1, 1, 1, 1, 1, 1, 1, 1, 1, 1, 1, 1, 1, 1, 1, 1, 1, 1, 1, 1, 1, 1, 1, 1, 1, 1, 1, 1]",64,1,1,1.0,8,0.0,0.0,0.0,False,0,0,0,BF16,CUDA_EVENT,generic,generic,none
0.004399999976158142,0.005119999870657921,0.004679999966174364,0.004559999797493219,0.0002554995170661899,5,0.009359999559819698,0.021960999816656113,0.014904199726879596,0.014800000004470348,0.004104398520497491,5,0.004399999976158142,0.006839999929070473,0.005920000001788139,0.006200000178068876,0.0008298433658065346,5,0.07383999973535538,0.08312000334262848,0.07629600167274475,0.07460000365972519,0.003489651834251652,5,0.004519999958574772,0.004639999940991402,0.0045599998906254765,0.004559999797493219,4.381779817994027e-05,5,2880,64,8,16,8,9216,2,0,1024,False,TORCH_SDPA,False,even,"[1, 1]",2,1,1,1.0,1,0.0,0.0,0.0,False,0,0,0,BF16,CUDA_EVENT,generic,generic,none
0.004399999976158142,0.007400000002235174,0.005032000038772822,0.004480000119656324,0.0011845404008860871,5,0.012360000051558018,0.03579999879002571,0.01719219982624054,0.012520000338554382,0.009305015941555458,5,0.00443999981507659,0.006440000142902136,0.004856000002473593,0.004480000119656324,0.0007922020677154948,5,0.4217210114002228,0.44863998889923096,0.42771280407905576,0.4224010109901428,0.010481894968366792,5,0.004399999976158142,0.004519999958574772,0.004487999994307756,0.004519999958574772,4.664760299960091e-05,5,2880,64,8,16,8,9216,64,0,5120,False,TORCH_SDPA,False,even,"[1, 1, 1, 1, 1, 1, 1, 1, 1, 1, 1, 1, 1, 1, 1, 1, 1, 1, 1, 1, 1, 1, 1, 1, 1, 1, 1, 1, 1, 1, 1, 1, 1, 1, 1, 1, 1, 1, 1, 1, 1, 1, 1, 1, 1, 1, 1, 1, 1, 1, 1, 1, 1, 1, 1, 1, 1, 1, 1, 1, 1, 1, 1, 1]",64,1,1,1.0,8,0.0,0.0,0.0,False,0,0,0,BF16,CUDA_EVENT,generic,generic,none
0.0041600000113248825,0.0060800001956522465,0.00458399998024106,0.00419999985024333,0.000749015461738876,5,0.01256099995225668,0.02019999921321869,0.01424039974808693,0.012880999594926834,0.002982948640417955,5,0.004240000154823065,0.0055610002018511295,0.004544200003147125,0.00431999983265996,0.0005092648170976978,5,0.7011209726333618,2.9845669269561768,1.1605701804161073,0.703881025314331,0.9120040400481622,5,0.00419999985024333,0.004399999976158142,0.004287999961525202,0.004240000154823065,9.260672456171186e-05,5,2880,64,8,16,8,9216,256,0,2048,False,TORCH_SDPA,False,even,"[1, 1, 1, 1, 1, 1, 1, 1, 1, 1, 1, 1, 1, 1, 1, 1, 1, 1, 1, 1, 1, 1, 1, 1, 1, 1, 1, 1, 1, 1, 1, 1, 1, 1, 1, 1, 1, 1, 1, 1, 1, 1, 1, 1, 1, 1, 1, 1, 1, 1, 1, 1, 1, 1, 1, 1, 1, 1, 1, 1, 1, 1, 1, 1, 1, 1, 1, 1, 1, 1, 1, 1, 1, 1, 1, 1, 1, 1, 1, 1, 1, 1, 1, 1, 1, 1, 1, 1, 1, 1, 1, 1, 1, 1, 1, 1, 1, 1, 1, 1, 1, 1, 1, 1, 1, 1, 1, 1, 1, 1, 1, 1, 1, 1, 1, 1, 1, 1, 1, 1, 1, 1, 1, 1, 1, 1, 1, 1, 1, 1, 1, 1, 1, 1, 1, 1, 1, 1, 1, 1, 1, 1, 1, 1, 1, 1, 1, 1, 1, 1, 1, 1, 1, 1, 1, 1, 1, 1, 1, 1, 1, 1, 1, 1, 1, 1, 1, 1, 1, 1, 1, 1, 1, 1, 1, 1, 1, 1, 1, 1, 1, 1, 1, 1, 1, 1, 1, 1, 1, 1, 1, 1, 1, 1, 1, 1, 1, 1, 1, 1, 1, 1, 1, 1, 1, 1, 1, 1, 1, 1, 1, 1, 1, 1, 1, 1, 1, 1, 1, 1, 1, 1, 1, 1, 1, 1, 1, 1, 1, 1, 1, 1, 1, 1, 1, 1, 1, 1, 1, 1, 1, 1, 1, 1, 1, 1, 1, 1, 1, 1, 1, 1, 1, 1, 1, 1]",256,1,1,1.0,16,0.0,0.0,0.0,False,0,0,0,BF16,CUDA_EVENT,generic,generic,none
0.004480000119656324,0.004639999940991402,0.0045679999515414235,0.004559999797493219,5.306596546984384e-05,5,0.00848000030964613,0.039799999445676804,0.01498399991542101,0.00887999963015318,0.01240961152281868,5,0.004519999958574772,0.006719999946653843,0.005111999996006489,0.004639999940991402,0.0008272943643753817,5,0.08203999698162079,0.12839999794960022,0.09420019984245301,0.08668000251054764,0.017423168924616435,5,0.004480000119656324,0.004600000102072954,0.004528000019490719,0.004519999958574772,3.9191849152437796e-05,5,2880,64,8,16,8,9216,2,0,2048,False,TORCH_SDPA,False,even,"[1, 1]",2,1,1,1.0,1,0.0,0.0,0.0,False,0,0,0,BF16,CUDA_EVENT,generic,generic,none
0.004240000154823065,0.007079999893903732,0.004991999920457601,0.00443999981507659,0.0010671532012081401,5,0.012919999659061432,0.022919999435544014,0.015344199910759925,0.013079999946057796,0.0038556437817948014,5,0.004240000154823065,0.006240000016987324,0.004896000027656555,0.00431999983265996,0.0008117536337242268,5,0.11632099747657776,0.1334799975156784,0.12009619921445847,0.11680000275373459,0.0066992165733915305,5,0.00419999985024333,0.004279999993741512,0.0042559999972581865,0.004279999993741512,3.200003411633561e-05,5,2880,64,8,16,8,9216,8,0,3072,False,TORCH_SDPA,False,even,"[1, 1, 1, 1, 1, 1, 1, 1]",8,1,1,1.0,2,0.0,0.0,0.0,False,0,0,0,BF16,CUDA_EVENT,generic,generic,none
0.004480000119656324,0.22920100390911102,0.04946420080959797,0.004519999958574772,0.0898684100065706,5,0.012319999746978283,0.026559999212622643,0.01561599988490343,0.012520000338554382,0.005525596855587339,5,0.00443999981507659,0.007240000180900097,0.00505599994212389,0.004519999958574772,0.0010926958687301582,5,0.7494819760322571,0.9080020189285278,0.7860981941223144,0.7589619755744934,0.06110835321090746,5,0.004480000119656324,0.006000000052154064,0.00481599997729063,0.004519999958574772,0.0005925403270365274,5,2880,64,8,16,8,9216,512,0,1024,False,TORCH_SDPA,False,even,"[1, 1, 1, 1, 1, 1, 1, 1, 1, 1, 1, 1, 1, 1, 1, 1, 1, 1, 1, 1, 1, 1, 1, 1, 1, 1, 1, 1, 1, 1, 1, 1, 1, 1, 1, 1, 1, 1, 1, 1, 1, 1, 1, 1, 1, 1, 1, 1, 1, 1, 1, 1, 1, 1, 1, 1, 1, 1, 1, 1, 1, 1, 1, 1, 1, 1, 1, 1, 1, 1, 1, 1, 1, 1, 1, 1, 1, 1, 1, 1, 1, 1, 1, 1, 1, 1, 1, 1, 1, 1, 1, 1, 1, 1, 1, 1, 1, 1, 1, 1, 1, 1, 1, 1, 1, 1, 1, 1, 1, 1, 1, 1, 1, 1, 1, 1, 1, 1, 1, 1, 1, 1, 1, 1, 1, 1, 1, 1, 1, 1, 1, 1, 1, 1, 1, 1, 1, 1, 1, 1, 1, 1, 1, 1, 1, 1, 1, 1, 1, 1, 1, 1, 1, 1, 1, 1, 1, 1, 1, 1, 1, 1, 1, 1, 1, 1, 1, 1, 1, 1, 1, 1, 1, 1, 1, 1, 1, 1, 1, 1, 1, 1, 1, 1, 1, 1, 1, 1, 1, 1, 1, 1, 1, 1, 1, 1, 1, 1, 1, 1, 1, 1, 1, 1, 1, 1, 1, 1, 1, 1, 1, 1, 1, 1, 1, 1, 1, 1, 1, 1, 1, 1, 1, 1, 1, 1, 1, 1, 1, 1, 1, 1, 1, 1, 1, 1, 1, 1, 1, 1, 1, 1, 1, 1, 1, 1, 1, 1, 1, 1, 1, 1, 1, 1, 1, 1, 1, 1, 1, 1, 1, 1, 1, 1, 1, 1, 1, 1, 1, 1, 1, 1, 1, 1, 1, 1, 1, 1, 1, 1, 1, 1, 1, 1, 1, 1, 1, 1, 1, 1, 1, 1, 1, 1, 1, 1, 1, 1, 1, 1, 1, 1, 1, 1, 1, 1, 1, 1, 1, 1, 1, 1, 1, 1, 1, 1, 1, 1, 1, 1, 1, 1, 1, 1, 1, 1, 1, 1, 1, 1, 1, 1, 1, 1, 1, 1, 1, 1, 1, 1, 1, 1, 1, 1, 1, 1, 1, 1, 1, 1, 1, 1, 1, 1, 1, 1, 1, 1, 1, 1, 1, 1, 1, 1, 1, 1, 1, 1, 1, 1, 1, 1, 1, 1, 1, 1, 1, 1, 1, 1, 1, 1, 1, 1, 1, 1, 1, 1, 1, 1, 1, 1, 1, 1, 1, 1, 1, 1, 1, 1, 1, 1, 1, 1, 1, 1, 1, 1, 1, 1, 1, 1, 1, 1, 1, 1, 1, 1, 1, 1, 1, 1, 1, 1, 1, 1, 1, 1, 1, 1, 1, 1, 1, 1, 1, 1, 1, 1, 1, 1, 1, 1, 1, 1, 1, 1, 1, 1, 1, 1, 1, 1, 1, 1, 1, 1, 1, 1, 1, 1, 1, 1, 1, 1, 1, 1, 1, 1, 1, 1, 1, 1, 1, 1, 1, 1, 1, 1, 1, 1, 1, 1, 1, 1, 1, 1, 1, 1, 1, 1, 1, 1, 1, 1, 1, 1, 1, 1, 1, 1, 1, 1, 1, 1, 1, 1, 1, 1, 1, 1, 1, 1]",512,1,1,1.0,22,0.0,0.0,0.0,False,0,0,0,BF16,CUDA_EVENT,generic,generic,none
0.0041600000113248825,0.004279999993741512,0.004208000004291534,0.00419999985024333,4.664763494375637e-05,5,0.012640999630093575,0.022120000794529915,0.014616200141608715,0.012760000303387642,0.0037524493635541258,5,0.00419999985024333,0.005439999978989363,0.004472000058740377,0.004240000154823065,0.0004842478343322572,5,0.7479619979858398,0.8079609870910645,0.765353798866272,0.7577620148658752,0.021622660585660817,5,0.00419999985024333,0.004480000119656324,0.004296000022441149,0.004279999993741512,9.666442556310594e-05,5,2880,64,8,16,8,9216,192,0,3072,False,TORCH_SDPA,False,even,"[1, 1, 1, 1, 1, 1, 1, 1, 1, 1, 1, 1, 1, 1, 1, 1, 1, 1, 1, 1, 1, 1, 1, 1, 1, 1, 1, 1, 1, 1, 1, 1, 1, 1, 1, 1, 1, 1, 1, 1, 1, 1, 1, 1, 1, 1, 1, 1, 1, 1, 1, 1, 1, 1, 1, 1, 1, 1, 1, 1, 1, 1, 1, 1, 1, 1, 1, 1, 1, 1, 1, 1, 1, 1, 1, 1, 1, 1, 1, 1, 1, 1, 1, 1, 1, 1, 1, 1, 1, 1, 1, 1, 1, 1, 1, 1, 1, 1, 1, 1, 1, 1, 1, 1, 1, 1, 1, 1, 1, 1, 1, 1, 1, 1, 1, 1, 1, 1, 1, 1, 1, 1, 1, 1, 1, 1, 1, 1, 1, 1, 1, 1, 1, 1, 1, 1, 1, 1, 1, 1, 1, 1, 1, 1, 1, 1, 1, 1, 1, 1, 1, 1, 1, 1, 1, 1, 1, 1, 1, 1, 1, 1, 1, 1, 1, 1, 1, 1, 1, 1, 1, 1, 1, 1, 1, 1, 1, 1, 1, 1, 1, 1, 1, 1, 1, 1, 1, 1, 1, 1, 1, 1]",192,1,1,1.0,13,0.0,0.0,0.0,False,0,0,0,BF16,CUDA_EVENT,generic,generic,none
0.00675999978557229,0.00839999970048666,0.007335999887436629,0.007240000180900097,0.0006064189667707058,5,0.016839999705553055,0.023679999634623528,0.019599999859929086,0.019120000302791595,0.00239399248519475,5,0.005160000175237656,0.005880000069737434,0.005640000104904175,0.005799999926239252,0.00027129316415015623,5,0.058959998190402985,0.10515999794006348,0.07104019969701766,0.0631600022315979,0.017180895527021355,5,0.004480000119656324,0.00851999968290329,0.005543999932706356,0.004519999958574772,0.0015620702680575508,5,2880,64,8,16,8,9216,1,0,512,False,TORCH_SDPA,False,even,[1],1,1,1,1.0,1,0.0,0.0,0.0,False,0,0,0,BF16,CUDA_EVENT,generic,generic,none
0.004399999976158142,0.018319999799132347,0.007207999937236309,0.00443999981507659,0.005556079124249405,5,0.012400000356137753,0.023000000044703484,0.01552020013332367,0.012799999676644802,0.004105791089527974,5,0.004360000137239695,0.007199999876320362,0.005272000003606081,0.004480000119656324,0.0011275175392364215,5,0.9552019834518433,1.0238820314407349,0.9782664060592652,0.9713630080223083,0.023773535545371528,5,0.004360000137239695,0.004480000119656324,0.004448000062257052,0.004480000119656324,4.664761897177434e-05,5,2880,64,8,16,8,9216,128,0,6144,False,TORCH_SDPA,False,even,"[1, 1, 1, 1, 1, 1, 1, 1, 1, 1, 1, 1, 1, 1, 1, 1, 1, 1, 1, 1, 1, 1, 1, 1, 1, 1, 1, 1, 1, 1, 1, 1, 1, 1, 1, 1, 1, 1, 1, 1, 1, 1, 1, 1, 1, 1, 1, 1, 1, 1, 1, 1, 1, 1, 1, 1, 1, 1, 1, 1, 1, 1, 1, 1, 1, 1, 1, 1, 1, 1, 1, 1, 1, 1, 1, 1, 1, 1, 1, 1, 1, 1, 1, 1, 1, 1, 1, 1, 1, 1, 1, 1, 1, 1, 1, 1, 1, 1, 1, 1, 1, 1, 1, 1, 1, 1, 1, 1, 1, 1, 1, 1, 1, 1, 1, 1, 1, 1, 1, 1, 1, 1, 1, 1, 1, 1, 1, 1]",128,1,1,1.0,11,0.0,0.0,0.0,False,0,0,0,BF16,CUDA_EVENT,generic,generic,none
0.0041600000113248825,0.004279999993741512,0.004223999939858914,0.00419999985024333,4.800002401078793e-05,5,0.009279999881982803,0.033720001578330994,0.014416000433266163,0.009600000455975533,0.009654134610612626,5,0.004240000154823065,0.006120000034570694,0.004688000027090311,0.004360000137239695,0.0007192885328001238,5,0.14052000641822815,0.17032000422477722,0.14667240381240845,0.14080099761486053,0.01182642175201258,5,0.004240000154823065,0.004399999976158142,0.004312000051140785,0.004279999993741512,7.332113940631666e-05,5,2880,64,8,16,8,9216,4,0,4096,False,TORCH_SDPA,False,even,"[1, 1, 1, 1]",4,1,1,1.0,2,0.0,0.0,0.0,False,0,0,0,BF16,CUDA_EVENT,generic,generic,none
0.004399999976158142,0.00443999981507659,0.0044319998472929,0.00443999981507659,1.5999935567378997e-05,5,0.014279999770224094,0.021719999611377716,0.015935999900102617,0.014440000057220459,0.002898120638506335,5,0.004360000137239695,0.005799999926239252,0.004695999994874,0.004399999976158142,0.0005546025221222242,5,2.9484879970550537,3.0262069702148438,2.9707037925720217,2.958928108215332,0.02810682446824218,5,0.00431999983265996,0.004559999797493219,0.0044319998472929,0.00443999981507659,7.756285354573324e-05,5,2880,64,8,16,8,9216,448,0,5120,False,TORCH_SDPA,False,even,"[1, 1, 1, 1, 1, 1, 1, 1, 1, 1, 1, 1, 1, 1, 1, 1, 1, 1, 1, 1, 1, 1, 1, 1, 1, 1, 1, 1, 1, 1, 1, 1, 1, 1, 1, 1, 1, 1, 1, 1, 1, 1, 1, 1, 1, 1, 1, 1, 1, 1, 1, 1, 1, 1, 1, 1, 1, 1, 1, 1, 1, 1, 1, 1, 1, 1, 1, 1, 1, 1, 1, 1, 1, 1, 1, 1, 1, 1, 1, 1, 1, 1, 1, 1, 1, 1, 1, 1, 1, 1, 1, 1, 1, 1, 1, 1, 1, 1, 1, 1, 1, 1, 1, 1, 1, 1, 1, 1, 1, 1, 1, 1, 1, 1, 1, 1, 1, 1, 1, 1, 1, 1, 1, 1, 1, 1, 1, 1, 1, 1, 1, 1, 1, 1, 1, 1, 1, 1, 1, 1, 1, 1, 1, 1, 1, 1, 1, 1, 1, 1, 1, 1, 1, 1, 1, 1, 1, 1, 1, 1, 1, 1, 1, 1, 1, 1, 1, 1, 1, 1, 1, 1, 1, 1, 1, 1, 1, 1, 1, 1, 1, 1, 1, 1, 1, 1, 1, 1, 1, 1, 1, 1, 1, 1, 1, 1, 1, 1, 1, 1, 1, 1, 1, 1, 1, 1, 1, 1, 1, 1, 1, 1, 1, 1, 1, 1, 1, 1, 1, 1, 1, 1, 1, 1, 1, 1, 1, 1, 1, 1, 1, 1, 1, 1, 1, 1, 1, 1, 1, 1, 1, 1, 1, 1, 1, 1, 1, 1, 1, 1, 1, 1, 1, 1, 1, 1, 1, 1, 1, 1, 1, 1, 1, 1, 1, 1, 1, 1, 1, 1, 1, 1, 1, 1, 1, 1, 1, 1, 1, 1, 1, 1, 1, 1, 1, 1, 1, 1, 1, 1, 1, 1, 1, 1, 1, 1, 1, 1, 1, 1, 1, 1, 1, 1, 1, 1, 1, 1, 1, 1, 1, 1, 1, 1, 1, 1, 1, 1, 1, 1, 1, 1, 1, 1, 1, 1, 1, 1, 1, 1, 1, 1, 1, 1, 1, 1, 1, 1, 1, 1, 1, 1, 1, 1, 1, 1, 1, 1, 1, 1, 1, 1, 1, 1, 1, 1, 1, 1, 1, 1, 1, 1, 1, 1, 1, 1, 1, 1, 1, 1, 1, 1, 1, 1, 1, 1, 1, 1, 1, 1, 1, 1, 1, 1, 1, 1, 1, 1, 1, 1, 1, 1, 1, 1, 1, 1, 1, 1, 1, 1, 1, 1, 1, 1, 1, 1, 1, 1, 1, 1, 1, 1, 1, 1, 1, 1, 1, 1, 1, 1, 1, 1, 1, 1, 1, 1, 1, 1, 1, 1, 1, 1, 1, 1, 1, 1, 1, 1, 1, 1, 1, 1, 1, 1, 1, 1, 1, 1]",448,1,1,1.0,21,0.0,0.0,0.0,False,0,0,0,BF16,CUDA_EVENT,generic,generic,none
0.004480000119656324,0.027799999341368675,0.009215999767184258,0.004559999797493219,0.00929221932753151,5,0.012559999711811543,0.06960000097751617,0.024304000101983546,0.013120000250637531,0.02264939213064179,5,0.004480000119656324,0.0083600003272295,0.00532000008970499,0.004600000102072954,0.0015210523849019688,5,0.19404099881649017,0.3328010141849518,0.22253680229187012,0.19524000585079193,0.05513496855825386,5,0.004519999958574772,0.004639999940991402,0.0045679999515414235,0.004559999797493219,4.664763494375637e-05,5,2880,64,8,16,8,9216,64,0,2048,False,TORCH_SDPA,False,even,"[1, 1, 1, 1, 1, 1, 1, 1, 1, 1, 1, 1, 1, 1, 1, 1, 1, 1, 1, 1, 1, 1, 1, 1, 1, 1, 1, 1, 1, 1, 1, 1, 1, 1, 1, 1, 1, 1, 1, 1, 1, 1, 1, 1, 1, 1, 1, 1, 1, 1, 1, 1, 1, 1, 1, 1, 1, 1, 1, 1, 1, 1, 1, 1]",64,1,1,1.0,8,0.0,0.0,0.0,False,0,0,0,BF16,CUDA_EVENT,generic,generic,none
0.004399999976158142,0.004519999958574772,0.004463999904692173,0.00443999981507659,4.800002401078793e-05,5,0.012520000338554382,0.030559999868273735,0.0163119999691844,0.012839999981224537,0.0071255438567731115,5,0.004480000119656324,0.005760000087320805,0.004799999948590994,0.004559999797493219,0.0004846442539221972,5,0.3588410019874573,0.3953999876976013,0.36703239679336547,0.36039999127388,0.014195931325858212,5,0.004480000119656324,0.004600000102072954,0.004543999955058098,0.004559999797493219,4.079211969054e-05,5,2880,64,8,16,8,9216,128,0,2048,False,TORCH_SDPA,False,even,"[1, 1, 1, 1, 1, 1, 1, 1, 1, 1, 1, 1, 1, 1, 1, 1, 1, 1, 1, 1, 1, 1, 1, 1, 1, 1, 1, 1, 1, 1, 1, 1, 1, 1, 1, 1, 1, 1, 1, 1, 1, 1, 1, 1, 1, 1, 1, 1, 1, 1, 1, 1, 1, 1, 1, 1, 1, 1, 1, 1, 1, 1, 1, 1, 1, 1, 1, 1, 1, 1, 1, 1, 1, 1, 1, 1, 1, 1, 1, 1, 1, 1, 1, 1, 1, 1, 1, 1, 1, 1, 1, 1, 1, 1, 1, 1, 1, 1, 1, 1, 1, 1, 1, 1, 1, 1, 1, 1, 1, 1, 1, 1, 1, 1, 1, 1, 1, 1, 1, 1, 1, 1, 1, 1, 1, 1, 1, 1]",128,1,1,1.0,11,0.0,0.0,0.0,False,0,0,0,BF16,CUDA_EVENT,generic,generic,none
0.00419999985024333,0.004480000119656324,0.004311999958008528,0.004279999993741512,0.00011142719910321746,5,0.012280000373721123,0.07915999740362167,0.025751999579370022,0.012400000356137753,0.026704154692886457,5,0.00419999985024333,0.009399999864399433,0.005383999925106764,0.00443999981507659,0.002010786881055842,5,0.8220019936561584,0.9588819742202759,0.852882182598114,0.8284419775009155,0.05312543100804756,5,0.004279999993741512,0.00443999981507659,0.0043599999509751795,0.004399999976158142,6.69327552104297e-05,5,2880,64,8,16,8,9216,160,0,4096,False,TORCH_SDPA,False,even,"[1, 1, 1, 1, 1, 1, 1, 1, 1, 1, 1, 1, 1, 1, 1, 1, 1, 1, 1, 1, 1, 1, 1, 1, 1, 1, 1, 1, 1, 1, 1, 1, 1, 1, 1, 1, 1, 1, 1, 1, 1, 1, 1, 1, 1, 1, 1, 1, 1, 1, 1, 1, 1, 1, 1, 1, 1, 1, 1, 1, 1, 1, 1, 1, 1, 1, 1, 1, 1, 1, 1, 1, 1, 1, 1, 1, 1, 1, 1, 1, 1, 1, 1, 1, 1, 1, 1, 1, 1, 1, 1, 1, 1, 1, 1, 1, 1, 1, 1, 1, 1, 1, 1, 1, 1, 1, 1, 1, 1, 1, 1, 1, 1, 1, 1, 1, 1, 1, 1, 1, 1, 1, 1, 1, 1, 1, 1, 1, 1, 1, 1, 1, 1, 1, 1, 1, 1, 1, 1, 1, 1, 1, 1, 1, 1, 1, 1, 1, 1, 1, 1, 1, 1, 1, 1, 1, 1, 1, 1, 1]",160,1,1,1.0,12,0.0,0.0,0.0,False,0,0,0,BF16,CUDA_EVENT,generic,generic,none
0.0041600000113248825,0.00443999981507659,0.0043519999831914905,0.004360000137239695,0.00010244992430449097,5,0.01432000007480383,0.0250410009175539,0.016664400324225427,0.014560000039637089,0.004192927323031141,5,0.004360000137239695,0.006680000107735395,0.004863999970257282,0.00443999981507659,0.0009084845170626506,5,3.5544090270996094,3.6678879261016846,3.589416980743408,3.575969934463501,0.0406625701955501,5,0.00419999985024333,0.004879999905824661,0.0044559999369084835,0.004399999976158142,0.00022712110384224917,5,2880,64,8,16,8,9216,448,0,6144,False,TORCH_SDPA,False,even,"[1, 1, 1, 1, 1, 1, 1, 1, 1, 1, 1, 1, 1, 1, 1, 1, 1, 1, 1, 1, 1, 1, 1, 1, 1, 1, 1, 1, 1, 1, 1, 1, 1, 1, 1, 1, 1, 1, 1, 1, 1, 1, 1, 1, 1, 1, 1, 1, 1, 1, 1, 1, 1, 1, 1, 1, 1, 1, 1, 1, 1, 1, 1, 1, 1, 1, 1, 1, 1, 1, 1, 1, 1, 1, 1, 1, 1, 1, 1, 1, 1, 1, 1, 1, 1, 1, 1, 1, 1, 1, 1, 1, 1, 1, 1, 1, 1, 1, 1, 1, 1, 1, 1, 1, 1, 1, 1, 1, 1, 1, 1, 1, 1, 1, 1, 1, 1, 1, 1, 1, 1, 1, 1, 1, 1, 1, 1, 1, 1, 1, 1, 1, 1, 1, 1, 1, 1, 1, 1, 1, 1, 1, 1, 1, 1, 1, 1, 1, 1, 1, 1, 1, 1, 1, 1, 1, 1, 1, 1, 1, 1, 1, 1, 1, 1, 1, 1, 1, 1, 1, 1, 1, 1, 1, 1, 1, 1, 1, 1, 1, 1, 1, 1, 1, 1, 1, 1, 1, 1, 1, 1, 1, 1, 1, 1, 1, 1, 1, 1, 1, 1, 1, 1, 1, 1, 1, 1, 1, 1, 1, 1, 1, 1, 1, 1, 1, 1, 1, 1, 1, 1, 1, 1, 1, 1, 1, 1, 1, 1, 1, 1, 1, 1, 1, 1, 1, 1, 1, 1, 1, 1, 1, 1, 1, 1, 1, 1, 1, 1, 1, 1, 1, 1, 1, 1, 1, 1, 1, 1, 1, 1, 1, 1, 1, 1, 1, 1, 1, 1, 1, 1, 1, 1, 1, 1, 1, 1, 1, 1, 1, 1, 1, 1, 1, 1, 1, 1, 1, 1, 1, 1, 1, 1, 1, 1, 1, 1, 1, 1, 1, 1, 1, 1, 1, 1, 1, 1, 1, 1, 1, 1, 1, 1, 1, 1, 1, 1, 1, 1, 1, 1, 1, 1, 1, 1, 1, 1, 1, 1, 1, 1, 1, 1, 1, 1, 1, 1, 1, 1, 1, 1, 1, 1, 1, 1, 1, 1, 1, 1, 1, 1, 1, 1, 1, 1, 1, 1, 1, 1, 1, 1, 1, 1, 1, 1, 1, 1, 1, 1, 1, 1, 1, 1, 1, 1, 1, 1, 1, 1, 1, 1, 1, 1, 1, 1, 1, 1, 1, 1, 1, 1, 1, 1, 1, 1, 1, 1, 1, 1, 1, 1, 1, 1, 1, 1, 1, 1, 1, 1, 1, 1, 1, 1, 1, 1, 1, 1, 1, 1, 1, 1, 1, 1, 1, 1, 1, 1, 1, 1, 1, 1, 1, 1, 1, 1, 1, 1, 1, 1, 1, 1, 1, 1, 1, 1, 1, 1, 1]",448,1,1,1.0,21,0.0,0.0,0.0,False,0,0,0,BF16,CUDA_EVENT,generic,generic,none
0.004240000154823065,0.00675999978557229,0.004840199928730726,0.00443999981507659,0.0009661883925751057,5,0.008679999969899654,0.020479999482631683,0.011455999873578548,0.009119999594986439,0.004529907534711507,5,0.004360000137239695,0.005880000069737434,0.00470399996265769,0.00443999981507659,0.0005887478712278445,5,0.16308000683784485,0.1839209944009781,0.16764039993286134,0.1637209951877594,0.008144245690949277,5,0.004279999993741512,0.005080000031739473,0.004600000008940697,0.004399999976158142,0.0003327462313479686,5,2880,64,8,16,8,9216,2,0,5120,False,TORCH_SDPA,False,even,"[1, 1]",2,1,1,1.0,1,0.0,0.0,0.0,False,0,0,0,BF16,CUDA_EVENT,generic,generic,none
0.00443999981507659,0.004639999940991402,0.0045599998906254765,0.004559999797493219,7.58947018083731e-05,5,0.012640000320971012,0.019039999693632126,0.014024000056087971,0.012839999981224537,0.002509068168066648,5,0.00443999981507659,0.00535999983549118,0.004695999901741743,0.004559999797493219,0.0003361904003027621,5,0.10388000309467316,0.13388100266456604,0.11068020015954971,0.10447999835014343,0.011663921518936842,5,0.004519999958574772,0.005640000104904175,0.004783999919891357,0.004559999797493219,0.0004320000832969478,5,2880,64,8,16,8,9216,96,0,512,False,TORCH_SDPA,False,even,"[1, 1, 1, 1, 1, 1, 1, 1, 1, 1, 1, 1, 1, 1, 1, 1, 1, 1, 1, 1, 1, 1, 1, 1, 1, 1, 1, 1, 1, 1, 1, 1, 1, 1, 1, 1, 1, 1, 1, 1, 1, 1, 1, 1, 1, 1, 1, 1, 1, 1, 1, 1, 1, 1, 1, 1, 1, 1, 1, 1, 1, 1, 1, 1, 1, 1, 1, 1, 1, 1, 1, 1, 1, 1, 1, 1, 1, 1, 1, 1, 1, 1, 1, 1, 1, 1, 1, 1, 1, 1, 1, 1, 1, 1, 1, 1]",96,1,1,1.0,9,0.0,0.0,0.0,False,0,0,0,BF16,CUDA_EVENT,generic,generic,none
0.00431999983265996,0.00863999966531992,0.005263999849557876,0.00443999981507659,0.001688852774996367,5,0.012439999729394913,0.028279999271035194,0.01580799985677004,0.012679999694228172,0.006238584166498135,5,0.004399999976158142,0.005799999926239252,0.00471199993044138,0.00443999981507659,0.0005445879176129658,5,0.46376100182533264,0.49296098947525024,0.4710251986980438,0.46452200412750244,0.011223414374829295,5,0.004399999976158142,0.004480000119656324,0.004432200081646442,0.004401000216603279,3.903027653788598e-05,5,2880,64,8,16,8,9216,48,0,6144,False,TORCH_SDPA,False,even,"[1, 1, 1, 1, 1, 1, 1, 1, 1, 1, 1, 1, 1, 1, 1, 1, 1, 1, 1, 1, 1, 1, 1, 1, 1, 1, 1, 1, 1, 1, 1, 1, 1, 1, 1, 1, 1, 1, 1, 1, 1, 1, 1, 1, 1, 1, 1, 1]",48,1,1,1.0,6,0.0,0.0,0.0,False,0,0,0,BF16,CUDA_EVENT,generic,generic,none
0.004399999976158142,0.008200000040233135,0.00590400006622076,0.004519999958574772,0.0017946766859645144,5,0.008559999987483025,0.021800000220537186,0.011807999946177006,0.009039999917149544,0.005045799978972727,5,0.004399999976158142,0.005960000213235617,0.0047520000487566,0.004480000119656324,0.0006047281235676313,5,0.24032099545001984,0.2624399960041046,0.2458163946866989,0.241240993142128,0.008447345432407717,5,0.004399999976158142,0.004519999958574772,0.0044639999978244305,0.004480000119656324,4.079219274941178e-05,5,2880,64,8,16,8,9216,1,0,8192,False,TORCH_SDPA,False,even,[1],1,1,1,1.0,1,0.0,0.0,0.0,False,0,0,0,BF16,CUDA_EVENT,generic,generic,none
0.00443999981507659,0.005319999996572733,0.004671999905258417,0.004559999797493219,0.0003302363389544752,5,0.013559999875724316,0.017640000209212303,0.0146161999553442,0.013919999822974205,0.0015350811660429786,5,0.00443999981507659,0.006800000090152025,0.004951999988406897,0.004480000119656324,0.000924822194307397,5,1.184283971786499,1.3804830312728882,1.235587215423584,1.201843023300171,0.07310147325519288,5,0.00443999981507659,0.006120000034570694,0.004999999981373548,0.004559999797493219,0.0006621178823099108,5,2880,64,8,16,8,9216,448,0,2048,False,TORCH_SDPA,False,even,"[1, 1, 1, 1, 1, 1, 1, 1, 1, 1, 1, 1, 1, 1, 1, 1, 1, 1, 1, 1, 1, 1, 1, 1, 1, 1, 1, 1, 1, 1, 1, 1, 1, 1, 1, 1, 1, 1, 1, 1, 1, 1, 1, 1, 1, 1, 1, 1, 1, 1, 1, 1, 1, 1, 1, 1, 1, 1, 1, 1, 1, 1, 1, 1, 1, 1, 1, 1, 1, 1, 1, 1, 1, 1, 1, 1, 1, 1, 1, 1, 1, 1, 1, 1, 1, 1, 1, 1, 1, 1, 1, 1, 1, 1, 1, 1, 1, 1, 1, 1, 1, 1, 1, 1, 1, 1, 1, 1, 1, 1, 1, 1, 1, 1, 1, 1, 1, 1, 1, 1, 1, 1, 1, 1, 1, 1, 1, 1, 1, 1, 1, 1, 1, 1, 1, 1, 1, 1, 1, 1, 1, 1, 1, 1, 1, 1, 1, 1, 1, 1, 1, 1, 1, 1, 1, 1, 1, 1, 1, 1, 1, 1, 1, 1, 1, 1, 1, 1, 1, 1, 1, 1, 1, 1, 1, 1, 1, 1, 1, 1, 1, 1, 1, 1, 1, 1, 1, 1, 1, 1, 1, 1, 1, 1, 1, 1, 1, 1, 1, 1, 1, 1, 1, 1, 1, 1, 1, 1, 1, 1, 1, 1, 1, 1, 1, 1, 1, 1, 1, 1, 1, 1, 1, 1, 1, 1, 1, 1, 1, 1, 1, 1, 1, 1, 1, 1, 1, 1, 1, 1, 1, 1, 1, 1, 1, 1, 1, 1, 1, 1, 1, 1, 1, 1, 1, 1, 1, 1, 1, 1, 1, 1, 1, 1, 1, 1, 1, 1, 1, 1, 1, 1, 1, 1, 1, 1, 1, 1, 1, 1, 1, 1, 1, 1, 1, 1, 1, 1, 1, 1, 1, 1, 1, 1, 1, 1, 1, 1, 1, 1, 1, 1, 1, 1, 1, 1, 1, 1, 1, 1, 1, 1, 1, 1, 1, 1, 1, 1, 1, 1, 1, 1, 1, 1, 1, 1, 1, 1, 1, 1, 1, 1, 1, 1, 1, 1, 1, 1, 1, 1, 1, 1, 1, 1, 1, 1, 1, 1, 1, 1, 1, 1, 1, 1, 1, 1, 1, 1, 1, 1, 1, 1, 1, 1, 1, 1, 1, 1, 1, 1, 1, 1, 1, 1, 1, 1, 1, 1, 1, 1, 1, 1, 1, 1, 1, 1, 1, 1, 1, 1, 1, 1, 1, 1, 1, 1, 1, 1, 1, 1, 1, 1, 1, 1, 1, 1, 1, 1, 1, 1, 1, 1, 1, 1, 1, 1, 1, 1, 1, 1, 1, 1, 1, 1, 1, 1, 1, 1, 1, 1, 1, 1, 1, 1, 1, 1, 1, 1, 1, 1, 1, 1, 1, 1, 1, 1, 1, 1]",448,1,1,1.0,21,0.0,0.0,0.0,False,0,0,0,BF16,CUDA_EVENT,generic,generic,none
0.004399999976158142,0.007280000019818544,0.004991999920457601,0.00443999981507659,0.0011441399001396733,5,0.012360000051558018,0.019360000267624855,0.01401620004326105,0.012959999963641167,0.0026853786363379814,5,0.00431999983265996,0.00571999978274107,0.0048639998771250244,0.00443999981507659,0.0005925402880572344,5,0.5986009836196899,0.6347609758377075,0.607841181755066,0.6014019846916199,0.013539674126621744,5,0.004240000154823065,0.005200000014156103,0.00451200008392334,0.004399999976158142,0.0003563368767652045,5,2880,64,8,16,8,9216,48,0,8192,False,TORCH_SDPA,False,even,"[1, 1, 1, 1, 1, 1, 1, 1, 1, 1, 1, 1, 1, 1, 1, 1, 1, 1, 1, 1, 1, 1, 1, 1, 1, 1, 1, 1, 1, 1, 1, 1, 1, 1, 1, 1, 1, 1, 1, 1, 1, 1, 1, 1, 1, 1, 1, 1]",48,1,1,1.0,6,0.0,0.0,0.0,False,0,0,0,BF16,CUDA_EVENT,generic,generic,none
0.004399999976158142,0.006599999964237213,0.004904199950397014,0.004480000119656324,0.0008505660288995344,5,0.012520000338554382,0.019680000841617584,0.014056000299751759,0.012719999998807907,0.0028146590356661018,5,0.004519999958574772,0.005880000069737434,0.00481599997729063,0.004559999797493219,0.000532826474011332,5,0.20871999859809875,0.245960995554924,0.21639240086078643,0.20907999575138092,0.014785665246574103,5,0.004480000119656324,0.007280000019818544,0.005080000031739473,0.004559999797493219,0.001100981372471261,5,2880,64,8,16,8,9216,128,0,1024,False,TORCH_SDPA,False,even,"[1, 1, 1, 1, 1, 1, 1, 1, 1, 1, 1, 1, 1, 1, 1, 1, 1, 1, 1, 1, 1, 1, 1, 1, 1, 1, 1, 1, 1, 1, 1, 1, 1, 1, 1, 1, 1, 1, 1, 1, 1, 1, 1, 1, 1, 1, 1, 1, 1, 1, 1, 1, 1, 1, 1, 1, 1, 1, 1, 1, 1, 1, 1, 1, 1, 1, 1, 1, 1, 1, 1, 1, 1, 1, 1, 1, 1, 1, 1, 1, 1, 1, 1, 1, 1, 1, 1, 1, 1, 1, 1, 1, 1, 1, 1, 1, 1, 1, 1, 1, 1, 1, 1, 1, 1, 1, 1, 1, 1, 1, 1, 1, 1, 1, 1, 1, 1, 1, 1, 1, 1, 1, 1, 1, 1, 1, 1, 1]",128,1,1,1.0,11,0.0,0.0,0.0,False,0,0,0,BF16,CUDA_EVENT,generic,generic,none
0.004120000172406435,0.004519999958574772,0.004287999961525202,0.004279999993741512,0.0001348183508264017,5,0.012520000338554382,0.023639999330043793,0.014927999861538411,0.012919999659061432,0.004360139181173369,5,0.00419999985024333,0.005400000140070915,0.004503999929875135,0.00431999983265996,0.00045438320823980733,5,0.8187620043754578,0.8891220092773438,0.8394824028015136,0.8298029899597168,0.025244237662000006,5,0.00419999985024333,0.00443999981507659,0.004287999961525202,0.004240000154823065,9.600000145546596e-05,5,2880,64,8,16,8,9216,128,0,5120,False,TORCH_SDPA,False,even,"[1, 1, 1, 1, 1, 1, 1, 1, 1, 1, 1, 1, 1, 1, 1, 1, 1, 1, 1, 1, 1, 1, 1, 1, 1, 1, 1, 1, 1, 1, 1, 1, 1, 1, 1, 1, 1, 1, 1, 1, 1, 1, 1, 1, 1, 1, 1, 1, 1, 1, 1, 1, 1, 1, 1, 1, 1, 1, 1, 1, 1, 1, 1, 1, 1, 1, 1, 1, 1, 1, 1, 1, 1, 1, 1, 1, 1, 1, 1, 1, 1, 1, 1, 1, 1, 1, 1, 1, 1, 1, 1, 1, 1, 1, 1, 1, 1, 1, 1, 1, 1, 1, 1, 1, 1, 1, 1, 1, 1, 1, 1, 1, 1, 1, 1, 1, 1, 1, 1, 1, 1, 1, 1, 1, 1, 1, 1, 1]",128,1,1,1.0,11,0.0,0.0,0.0,False,0,0,0,BF16,CUDA_EVENT,generic,generic,none
0.004519999958574772,0.007519999984651804,0.005176000017672777,0.004600000102072954,0.0011726482687045346,5,0.008440000005066395,0.018559999763965607,0.010727999918162822,0.009039999917149544,0.003925905665439033,5,0.004519999958574772,0.005319999996572733,0.004679999966174364,0.004519999958574772,0.0003200000151991844,5,0.10735999792814255,0.1273999959230423,0.11155999749898911,0.1074799969792366,0.007925371100854523,5,0.004399999976158142,0.004600000102072954,0.004487999994307756,0.004480000119656324,6.881866061977869e-05,5,2880,64,8,16,8,9216,1,0,3072,False,TORCH_SDPA,False,even,[1],1,1,1,1.0,1,0.0,0.0,0.0,False,0,0,0,BF16,CUDA_EVENT,generic,generic,none
0.004240000154823065,0.007160000037401915,0.004911999963223934,0.004399999976158142,0.0011260977184231623,5,0.00827999971807003,0.021400000900030136,0.011192000098526477,0.008799999952316284,0.005108700433722028,5,0.004279999993741512,0.007439999841153622,0.005336199980229139,0.004360000137239695,0.001297675490951284,5,0.1850000023841858,0.2049199938774109,0.189792400598526,0.18636099994182587,0.00758204009000774,5,0.004240000154823065,0.004600000102072954,0.0043600000441074375,0.00431999983265996,0.00012649112714029805,5,2880,64,8,16,8,9216,1,0,6144,False,TORCH_SDPA,False,even,[1],1,1,1,1.0,1,0.0,0.0,0.0,False,0,0,0,BF16,CUDA_EVENT,generic,generic,none
0.004480000119656324,0.005520000122487545,0.004712000023573637,0.004519999958574772,0.00040508768541347597,5,0.012480000033974648,0.02507999911904335,0.01627199985086918,0.012880000285804272,0.0048772054507306385,5,0.00443999981507659,0.005840000230818987,0.0047761999070644375,0.004559999797493219,0.0005339156586734463,5,0.25272101163864136,0.292400985956192,0.26103260517120364,0.25328001379966736,0.015686721354066454,5,0.00443999981507659,0.004600000102072954,0.004519999958574772,0.004519999958574772,5.656857810916412e-05,5,2880,64,8,16,8,9216,48,0,3072,False,TORCH_SDPA,False,even,"[1, 1, 1, 1, 1, 1, 1, 1, 1, 1, 1, 1, 1, 1, 1, 1, 1, 1, 1, 1, 1, 1, 1, 1, 1, 1, 1, 1, 1, 1, 1, 1, 1, 1, 1, 1, 1, 1, 1, 1, 1, 1, 1, 1, 1, 1, 1, 1]",48,1,1,1.0,6,0.0,0.0,0.0,False,0,0,0,BF16,CUDA_EVENT,generic,generic,none
0.00443999981507659,0.00571999978274107,0.0047519998624920845,0.004559999797493219,0.0004862262405940612,5,0.012400000356137753,0.023840000852942467,0.014848200231790542,0.012719999998807907,0.004497828774894635,5,0.00443999981507659,0.005799999926239252,0.00489599984139204,0.004559999797493219,0.0005411691489618984,5,0.45924100279808044,0.6302819848060608,0.4956011950969696,0.4601210057735443,0.06742189593023654,5,0.004480000119656324,0.00571999978274107,0.004783999919891357,0.004559999797493219,0.0004696210524292086,5,2880,64,8,16,8,9216,512,0,512,False,TORCH_SDPA,False,even,"[1, 1, 1, 1, 1, 1, 1, 1, 1, 1, 1, 1, 1, 1, 1, 1, 1, 1, 1, 1, 1, 1, 1, 1, 1, 1, 1, 1, 1, 1, 1, 1, 1, 1, 1, 1, 1, 1, 1, 1, 1, 1, 1, 1, 1, 1, 1, 1, 1, 1, 1, 1, 1, 1, 1, 1, 1, 1, 1, 1, 1, 1, 1, 1, 1, 1, 1, 1, 1, 1, 1, 1, 1, 1, 1, 1, 1, 1, 1, 1, 1, 1, 1, 1, 1, 1, 1, 1, 1, 1, 1, 1, 1, 1, 1, 1, 1, 1, 1, 1, 1, 1, 1, 1, 1, 1, 1, 1, 1, 1, 1, 1, 1, 1, 1, 1, 1, 1, 1, 1, 1, 1, 1, 1, 1, 1, 1, 1, 1, 1, 1, 1, 1, 1, 1, 1, 1, 1, 1, 1, 1, 1, 1, 1, 1, 1, 1, 1, 1, 1, 1, 1, 1, 1, 1, 1, 1, 1, 1, 1, 1, 1, 1, 1, 1, 1, 1, 1, 1, 1, 1, 1, 1, 1, 1, 1, 1, 1, 1, 1, 1, 1, 1, 1, 1, 1, 1, 1, 1, 1, 1, 1, 1, 1, 1, 1, 1, 1, 1, 1, 1, 1, 1, 1, 1, 1, 1, 1, 1, 1, 1, 1, 1, 1, 1, 1, 1, 1, 1, 1, 1, 1, 1, 1, 1, 1, 1, 1, 1, 1, 1, 1, 1, 1, 1, 1, 1, 1, 1, 1, 1, 1, 1, 1, 1, 1, 1, 1, 1, 1, 1, 1, 1, 1, 1, 1, 1, 1, 1, 1, 1, 1, 1, 1, 1, 1, 1, 1, 1, 1, 1, 1, 1, 1, 1, 1, 1, 1, 1, 1, 1, 1, 1, 1, 1, 1, 1, 1, 1, 1, 1, 1, 1, 1, 1, 1, 1, 1, 1, 1, 1, 1, 1, 1, 1, 1, 1, 1, 1, 1, 1, 1, 1, 1, 1, 1, 1, 1, 1, 1, 1, 1, 1, 1, 1, 1, 1, 1, 1, 1, 1, 1, 1, 1, 1, 1, 1, 1, 1, 1, 1, 1, 1, 1, 1, 1, 1, 1, 1, 1, 1, 1, 1, 1, 1, 1, 1, 1, 1, 1, 1, 1, 1, 1, 1, 1, 1, 1, 1, 1, 1, 1, 1, 1, 1, 1, 1, 1, 1, 1, 1, 1, 1, 1, 1, 1, 1, 1, 1, 1, 1, 1, 1, 1, 1, 1, 1, 1, 1, 1, 1, 1, 1, 1, 1, 1, 1, 1, 1, 1, 1, 1, 1, 1, 1, 1, 1, 1, 1, 1, 1, 1, 1, 1, 1, 1, 1, 1, 1, 1, 1, 1, 1, 1, 1, 1, 1, 1, 1, 1, 1, 1, 1, 1, 1, 1, 1, 1, 1, 1, 1, 1, 1, 1, 1, 1, 1, 1, 1, 1, 1, 1, 1, 1, 1, 1, 1, 1, 1, 1, 1, 1, 1, 1, 1, 1, 1, 1, 1, 1, 1, 1, 1, 1, 1, 1, 1, 1, 1, 1, 1, 1, 1, 1, 1, 1, 1, 1, 1, 1, 1, 1, 1, 1, 1, 1, 1, 1, 1, 1, 1, 1]",512,1,1,1.0,22,0.0,0.0,0.0,False,0,0,0,BF16,CUDA_EVENT,generic,generic,none
0.004519999958574772,0.004600000102072954,0.0045599999837577345,0.004559999797493219,3.5777151814455904e-05,5,0.008559999987483025,0.026760000735521317,0.012463999912142754,0.009119999594986439,0.007151239740839178,5,0.00443999981507659,0.007199999876320362,0.005319999996572733,0.004600000102072954,0.0010712236012875122,5,0.08600100129842758,0.2234800010919571,0.11949640065431595,0.09888000041246414,0.05235156557534497,5,0.004519999958574772,0.004639999940991402,0.004600000008940697,0.004600000102072954,4.381779817994028e-05,5,2880,64,8,16,8,9216,1,0,2048,False,TORCH_SDPA,False,even,[1],1,1,1,1.0,1,0.0,0.0,0.0,False,0,0,0,BF16,CUDA_EVENT,generic,generic,none
0.00431999983265996,0.006719999946653843,0.004847999941557646,0.004399999976158142,0.0009368543126118386,5,0.014440000057220459,0.05455999821424484,0.022503999806940556,0.014480000361800194,0.016028046620513207,5,0.004360000137239695,0.0142000000923872,0.00637600002810359,0.00443999981507659,0.0039124499027787685,5,4.026010990142822,4.27092981338501,4.08619441986084,4.044210910797119,0.09296603661664897,5,0.004279999993741512,0.004399999976158142,0.004352000076323748,0.004360000137239695,3.9191849152437796e-05,5,2880,64,8,16,8,9216,384,0,8192,False,TORCH_SDPA,False,even,"[1, 1, 1, 1, 1, 1, 1, 1, 1, 1, 1, 1, 1, 1, 1, 1, 1, 1, 1, 1, 1, 1, 1, 1, 1, 1, 1, 1, 1, 1, 1, 1, 1, 1, 1, 1, 1, 1, 1, 1, 1, 1, 1, 1, 1, 1, 1, 1, 1, 1, 1, 1, 1, 1, 1, 1, 1, 1, 1, 1, 1, 1, 1, 1, 1, 1, 1, 1, 1, 1, 1, 1, 1, 1, 1, 1, 1, 1, 1, 1, 1, 1, 1, 1, 1, 1, 1, 1, 1, 1, 1, 1, 1, 1, 1, 1, 1, 1, 1, 1, 1, 1, 1, 1, 1, 1, 1, 1, 1, 1, 1, 1, 1, 1, 1, 1, 1, 1, 1, 1, 1, 1, 1, 1, 1, 1, 1, 1, 1, 1, 1, 1, 1, 1, 1, 1, 1, 1, 1, 1, 1, 1, 1, 1, 1, 1, 1, 1, 1, 1, 1, 1, 1, 1, 1, 1, 1, 1, 1, 1, 1, 1, 1, 1, 1, 1, 1, 1, 1, 1, 1, 1, 1, 1, 1, 1, 1, 1, 1, 1, 1, 1, 1, 1, 1, 1, 1, 1, 1, 1, 1, 1, 1, 1, 1, 1, 1, 1, 1, 1, 1, 1, 1, 1, 1, 1, 1, 1, 1, 1, 1, 1, 1, 1, 1, 1, 1, 1, 1, 1, 1, 1, 1, 1, 1, 1, 1, 1, 1, 1, 1, 1, 1, 1, 1, 1, 1, 1, 1, 1, 1, 1, 1, 1, 1, 1, 1, 1, 1, 1, 1, 1, 1, 1, 1, 1, 1, 1, 1, 1, 1, 1, 1, 1, 1, 1, 1, 1, 1, 1, 1, 1, 1, 1, 1, 1, 1, 1, 1, 1, 1, 1, 1, 1, 1, 1, 1, 1, 1, 1, 1, 1, 1, 1, 1, 1, 1, 1, 1, 1, 1, 1, 1, 1, 1, 1, 1, 1, 1, 1, 1, 1, 1, 1, 1, 1, 1, 1, 1, 1, 1, 1, 1, 1, 1, 1, 1, 1, 1, 1, 1, 1, 1, 1, 1, 1, 1, 1, 1, 1, 1, 1, 1, 1, 1, 1, 1, 1, 1, 1, 1, 1, 1, 1, 1, 1, 1, 1, 1, 1, 1, 1, 1, 1, 1, 1, 1, 1, 1, 1, 1, 1, 1, 1, 1, 1, 1, 1, 1, 1, 1, 1, 1, 1]",384,1,1,1.0,19,0.0,0.0,0.0,False,0,0,0,BF16,CUDA_EVENT,generic,generic,none
0.00419999985024333,0.006599999964237213,0.005095999967306852,0.004279999993741512,0.001043563151133461,5,0.012319999746978283,0.02043999917805195,0.014255999773740768,0.012679999694228172,0.003119958694438461,5,0.004240000154823065,0.005319999996572733,0.004511999990791082,0.004279999993741512,0.00040979993720709494,5,0.7197620272636414,0.7644810080528259,0.7335778117179871,0.7265620231628418,0.015964961583178044,5,0.00419999985024333,0.004920000210404396,0.004440000001341105,0.004399999976158142,0.000256748987865452,5,2880,64,8,16,8,9216,96,0,6144,False,TORCH_SDPA,False,even,"[1, 1, 1, 1, 1, 1, 1, 1, 1, 1, 1, 1, 1, 1, 1, 1, 1, 1, 1, 1, 1, 1, 1, 1, 1, 1, 1, 1, 1, 1, 1, 1, 1, 1, 1, 1, 1, 1, 1, 1, 1, 1, 1, 1, 1, 1, 1, 1, 1, 1, 1, 1, 1, 1, 1, 1, 1, 1, 1, 1, 1, 1, 1, 1, 1, 1, 1, 1, 1, 1, 1, 1, 1, 1, 1, 1, 1, 1, 1, 1, 1, 1, 1, 1, 1, 1, 1, 1, 1, 1, 1, 1, 1, 1, 1, 1]",96,1,1,1.0,9,0.0,0.0,0.0,False,0,0,0,BF16,CUDA_EVENT,generic,generic,none
0.004480000119656324,0.004559999797493219,0.004527999926358462,0.004519999958574772,2.993313855179537e-05,5,0.012640000320971012,0.020160000771284103,0.014216200262308121,0.012760000303387642,0.0029723706455861555,5,0.00443999981507659,0.009159999899566174,0.0054559999145567415,0.004559999797493219,0.0018532738522612187,5,0.1162009984254837,0.2253209948539734,0.14280039817094803,0.11655999720096588,0.04221324722282035,5,0.004519999958574772,0.004679999779909849,0.004583999887108803,0.004559999797493219,6.499226332255945e-05,5,2880,64,8,16,8,9216,64,0,1024,False,TORCH_SDPA,False,even,"[1, 1, 1, 1, 1, 1, 1, 1, 1, 1, 1, 1, 1, 1, 1, 1, 1, 1, 1, 1, 1, 1, 1, 1, 1, 1, 1, 1, 1, 1, 1, 1, 1, 1, 1, 1, 1, 1, 1, 1, 1, 1, 1, 1, 1, 1, 1, 1, 1, 1, 1, 1, 1, 1, 1, 1, 1, 1, 1, 1, 1, 1, 1, 1]",64,1,1,1.0,8,0.0,0.0,0.0,False,0,0,0,BF16,CUDA_EVENT,generic,generic,none
0.004360000137239695,0.004480000119656324,0.004423999972641468,0.00443999981507659,4.079211969054e-05,5,0.012160000391304493,0.023159999400377274,0.01462399996817112,0.012640000320971012,0.00427237422864202,5,0.004399999976158142,0.006039999891072512,0.004751999955624342,0.00443999981507659,0.0006446828372574137,5,0.9512029886245728,1.0041619539260864,0.9686105847358704,0.9643229842185974,0.01852885984641202,5,0.004399999976158142,0.00443999981507659,0.0044319998472929,0.00443999981507659,1.5999935567378997e-05,5,2880,64,8,16,8,9216,96,0,8192,False,TORCH_SDPA,False,even,"[1, 1, 1, 1, 1, 1, 1, 1, 1, 1, 1, 1, 1, 1, 1, 1, 1, 1, 1, 1, 1, 1, 1, 1, 1, 1, 1, 1, 1, 1, 1, 1, 1, 1, 1, 1, 1, 1, 1, 1, 1, 1, 1, 1, 1, 1, 1, 1, 1, 1, 1, 1, 1, 1, 1, 1, 1, 1, 1, 1, 1, 1, 1, 1, 1, 1, 1, 1, 1, 1, 1, 1, 1, 1, 1, 1, 1, 1, 1, 1, 1, 1, 1, 1, 1, 1, 1, 1, 1, 1, 1, 1, 1, 1, 1, 1]",96,1,1,1.0,9,0.0,0.0,0.0,False,0,0,0,BF16,CUDA_EVENT,generic,generic,none
0.004240000154823065,0.00443999981507659,0.004344000015407801,0.004360000137239695,7.418886009914523e-05,5,0.011680000461637974,0.03068000078201294,0.015824000351130962,0.012240000069141388,0.007431849511827045,5,0.004360000137239695,0.00571999978274107,0.004679999966174364,0.00443999981507659,0.0005215360993297161,5,0.37776100635528564,0.3988009989261627,0.3833209991455078,0.3786010146141052,0.00803085866376312,5,0.004399999976158142,0.004559999797493219,0.004455999843776226,0.00443999981507659,5.4258599874208434e-05,5,2880,64,8,16,8,9216,32,0,9216,False,TORCH_SDPA,False,even,"[1, 1, 1, 1, 1, 1, 1, 1, 1, 1, 1, 1, 1, 1, 1, 1, 1, 1, 1, 1, 1, 1, 1, 1, 1, 1, 1, 1, 1, 1, 1, 1]",32,1,1,1.0,5,0.0,0.0,0.0,False,0,0,0,BF16,CUDA_EVENT,generic,generic,none
0.004399999976158142,0.004600000102072954,0.004511999990791082,0.004519999958574772,6.881859566138264e-05,5,0.012760000303387642,0.019600000232458115,0.014264000207185745,0.013000000268220901,0.0026709219520665312,5,0.004519999958574772,0.007519999984651804,0.005151999928057194,0.004559999797493219,0.0011848105614170373,5,0.39535999298095703,0.4594799876213074,0.408912593126297,0.3967610001564026,0.025293338868154033,5,0.004519999958574772,0.004559999797493219,0.004535999894142151,0.004519999958574772,1.95958390287433e-05,5,2880,64,8,16,8,9216,96,0,3072,False,TORCH_SDPA,False,even,"[1, 1, 1, 1, 1, 1, 1, 1, 1, 1, 1, 1, 1, 1, 1, 1, 1, 1, 1, 1, 1, 1, 1, 1, 1, 1, 1, 1, 1, 1, 1, 1, 1, 1, 1, 1, 1, 1, 1, 1, 1, 1, 1, 1, 1, 1, 1, 1, 1, 1, 1, 1, 1, 1, 1, 1, 1, 1, 1, 1, 1, 1, 1, 1, 1, 1, 1, 1, 1, 1, 1, 1, 1, 1, 1, 1, 1, 1, 1, 1, 1, 1, 1, 1, 1, 1, 1, 1, 1, 1, 1, 1, 1, 1, 1, 1]",96,1,1,1.0,9,0.0,0.0,0.0,False,0,0,0,BF16,CUDA_EVENT,generic,generic,none
0.004360000137239695,0.0055599999614059925,0.004640000034123659,0.004399999976158142,0.0004616491821136451,5,0.014159999787807465,0.037039998918771744,0.019127999804913996,0.014680000022053719,0.008961620840497057,5,0.004360000137239695,0.005919999908655882,0.00470399996265769,0.004399999976158142,0.0006085260569706954,5,3.022847890853882,3.2969279289245605,3.0843599796295167,3.0337679386138916,0.10641521839761098,5,0.004399999976158142,0.004519999958574772,0.0044639999978244305,0.004480000119656324,4.079219274941178e-05,5,2880,64,8,16,8,9216,384,0,6144,False,TORCH_SDPA,False,even,"[1, 1, 1, 1, 1, 1, 1, 1, 1, 1, 1, 1, 1, 1, 1, 1, 1, 1, 1, 1, 1, 1, 1, 1, 1, 1, 1, 1, 1, 1, 1, 1, 1, 1, 1, 1, 1, 1, 1, 1, 1, 1, 1, 1, 1, 1, 1, 1, 1, 1, 1, 1, 1, 1, 1, 1, 1, 1, 1, 1, 1, 1, 1, 1, 1, 1, 1, 1, 1, 1, 1, 1, 1, 1, 1, 1, 1, 1, 1, 1, 1, 1, 1, 1, 1, 1, 1, 1, 1, 1, 1, 1, 1, 1, 1, 1, 1, 1, 1, 1, 1, 1, 1, 1, 1, 1, 1, 1, 1, 1, 1, 1, 1, 1, 1, 1, 1, 1, 1, 1, 1, 1, 1, 1, 1, 1, 1, 1, 1, 1, 1, 1, 1, 1, 1, 1, 1, 1, 1, 1, 1, 1, 1, 1, 1, 1, 1, 1, 1, 1, 1, 1, 1, 1, 1, 1, 1, 1, 1, 1, 1, 1, 1, 1, 1, 1, 1, 1, 1, 1, 1, 1, 1, 1, 1, 1, 1, 1, 1, 1, 1, 1, 1, 1, 1, 1, 1, 1, 1, 1, 1, 1, 1, 1, 1, 1, 1, 1, 1, 1, 1, 1, 1, 1, 1, 1, 1, 1, 1, 1, 1, 1, 1, 1, 1, 1, 1, 1, 1, 1, 1, 1, 1, 1, 1, 1, 1, 1, 1, 1, 1, 1, 1, 1, 1, 1, 1, 1, 1, 1, 1, 1, 1, 1, 1, 1, 1, 1, 1, 1, 1, 1, 1, 1, 1, 1, 1, 1, 1, 1, 1, 1, 1, 1, 1, 1, 1, 1, 1, 1, 1, 1, 1, 1, 1, 1, 1, 1, 1, 1, 1, 1, 1, 1, 1, 1, 1, 1, 1, 1, 1, 1, 1, 1, 1, 1, 1, 1, 1, 1, 1, 1, 1, 1, 1, 1, 1, 1, 1, 1, 1, 1, 1, 1, 1, 1, 1, 1, 1, 1, 1, 1, 1, 1, 1, 1, 1, 1, 1, 1, 1, 1, 1, 1, 1, 1, 1, 1, 1, 1, 1, 1, 1, 1, 1, 1, 1, 1, 1, 1, 1, 1, 1, 1, 1, 1, 1, 1, 1, 1, 1, 1, 1, 1, 1, 1, 1, 1, 1, 1, 1, 1, 1, 1, 1, 1, 1, 1, 1, 1, 1, 1, 1, 1]",384,1,1,1.0,19,0.0,0.0,0.0,False,0,0,0,BF16,CUDA_EVENT,generic,generic,none
0.004480000119656324,0.025760000571608543,0.008752000145614147,0.004480000119656324,0.008504056656380205,5,0.014360000379383564,0.05607999861240387,0.022767999768257143,0.014399999752640724,0.01665632602662374,5,0.00443999981507659,0.008520999923348427,0.006008199881762266,0.004519999958574772,0.0018617789470623365,5,1.519644021987915,1.7712440490722656,1.5804842233657836,1.53792405128479,0.09584815747036124,5,0.00443999981507659,0.004600000102072954,0.004511999990791082,0.004480000119656324,5.878777056032047e-05,5,2880,64,8,16,8,9216,384,0,3072,False,TORCH_SDPA,False,even,"[1, 1, 1, 1, 1, 1, 1, 1, 1, 1, 1, 1, 1, 1, 1, 1, 1, 1, 1, 1, 1, 1, 1, 1, 1, 1, 1, 1, 1, 1, 1, 1, 1, 1, 1, 1, 1, 1, 1, 1, 1, 1, 1, 1, 1, 1, 1, 1, 1, 1, 1, 1, 1, 1, 1, 1, 1, 1, 1, 1, 1, 1, 1, 1, 1, 1, 1, 1, 1, 1, 1, 1, 1, 1, 1, 1, 1, 1, 1, 1, 1, 1, 1, 1, 1, 1, 1, 1, 1, 1, 1, 1, 1, 1, 1, 1, 1, 1, 1, 1, 1, 1, 1, 1, 1, 1, 1, 1, 1, 1, 1, 1, 1, 1, 1, 1, 1, 1, 1, 1, 1, 1, 1, 1, 1, 1, 1, 1, 1, 1, 1, 1, 1, 1, 1, 1, 1, 1, 1, 1, 1, 1, 1, 1, 1, 1, 1, 1, 1, 1, 1, 1, 1, 1, 1, 1, 1, 1, 1, 1, 1, 1, 1, 1, 1, 1, 1, 1, 1, 1, 1, 1, 1, 1, 1, 1, 1, 1, 1, 1, 1, 1, 1, 1, 1, 1, 1, 1, 1, 1, 1, 1, 1, 1, 1, 1, 1, 1, 1, 1, 1, 1, 1, 1, 1, 1, 1, 1, 1, 1, 1, 1, 1, 1, 1, 1, 1, 1, 1, 1, 1, 1, 1, 1, 1, 1, 1, 1, 1, 1, 1, 1, 1, 1, 1, 1, 1, 1, 1, 1, 1, 1, 1, 1, 1, 1, 1, 1, 1, 1, 1, 1, 1, 1, 1, 1, 1, 1, 1, 1, 1, 1, 1, 1, 1, 1, 1, 1, 1, 1, 1, 1, 1, 1, 1, 1, 1, 1, 1, 1, 1, 1, 1, 1, 1, 1, 1, 1, 1, 1, 1, 1, 1, 1, 1, 1, 1, 1, 1, 1, 1, 1, 1, 1, 1, 1, 1, 1, 1, 1, 1, 1, 1, 1, 1, 1, 1, 1, 1, 1, 1, 1, 1, 1, 1, 1, 1, 1, 1, 1, 1, 1, 1, 1, 1, 1, 1, 1, 1, 1, 1, 1, 1, 1, 1, 1, 1, 1, 1, 1, 1, 1, 1, 1, 1, 1, 1, 1, 1, 1, 1, 1, 1, 1, 1, 1, 1, 1, 1, 1, 1, 1, 1, 1, 1, 1, 1, 1, 1, 1, 1, 1, 1, 1]",384,1,1,1.0,19,0.0,0.0,0.0,False,0,0,0,BF16,CUDA_EVENT,generic,generic,none
0.004480000119656324,0.00535999983549118,0.00470399996265769,0.004559999797493219,0.0003304299571448525,5,0.012199999764561653,0.04904000088572502,0.019816000200808048,0.012640000320971012,0.01461395751038782,5,0.004480000119656324,0.6697210073471069,0.1378082014620304,0.004559999797493219,0.26595683775036977,5,0.27452099323272705,0.4038810133934021,0.318545001745224,0.2776010036468506,0.05420659812102942,5,0.004480000119656324,0.004639999940991402,0.004535999987274409,0.004519999958574772,5.986643889284003e-05,5,2880,64,8,16,8,9216,96,0,2048,False,TORCH_SDPA,False,even,"[1, 1, 1, 1, 1, 1, 1, 1, 1, 1, 1, 1, 1, 1, 1, 1, 1, 1, 1, 1, 1, 1, 1, 1, 1, 1, 1, 1, 1, 1, 1, 1, 1, 1, 1, 1, 1, 1, 1, 1, 1, 1, 1, 1, 1, 1, 1, 1, 1, 1, 1, 1, 1, 1, 1, 1, 1, 1, 1, 1, 1, 1, 1, 1, 1, 1, 1, 1, 1, 1, 1, 1, 1, 1, 1, 1, 1, 1, 1, 1, 1, 1, 1, 1, 1, 1, 1, 1, 1, 1, 1, 1, 1, 1, 1, 1]",96,1,1,1.0,9,0.0,0.0,0.0,False,0,0,0,BF16,CUDA_EVENT,generic,generic,none
0.004360000137239695,0.007439999841153622,0.005007999949157238,0.004399999976158142,0.00121626307331638,5,0.014120000414550304,0.054680000990629196,0.022480000369250776,0.014480000361800194,0.01610131950834426,5,0.004279999993741512,0.01655999943614006,0.006815999839454889,0.004399999976158142,0.004872295355423448,5,3.784569025039673,3.9968490600585938,3.8280094146728514,3.785609006881714,0.08442847284263652,5,0.00431999983265996,0.005319999996572733,0.004592000041157007,0.004480000119656324,0.0003695618943445594,5,2880,64,8,16,8,9216,320,0,9216,False,TORCH_SDPA,False,even,"[1, 1, 1, 1, 1, 1, 1, 1, 1, 1, 1, 1, 1, 1, 1, 1, 1, 1, 1, 1, 1, 1, 1, 1, 1, 1, 1, 1, 1, 1, 1, 1, 1, 1, 1, 1, 1, 1, 1, 1, 1, 1, 1, 1, 1, 1, 1, 1, 1, 1, 1, 1, 1, 1, 1, 1, 1, 1, 1, 1, 1, 1, 1, 1, 1, 1, 1, 1, 1, 1, 1, 1, 1, 1, 1, 1, 1, 1, 1, 1, 1, 1, 1, 1, 1, 1, 1, 1, 1, 1, 1, 1, 1, 1, 1, 1, 1, 1, 1, 1, 1, 1, 1, 1, 1, 1, 1, 1, 1, 1, 1, 1, 1, 1, 1, 1, 1, 1, 1, 1, 1, 1, 1, 1, 1, 1, 1, 1, 1, 1, 1, 1, 1, 1, 1, 1, 1, 1, 1, 1, 1, 1, 1, 1, 1, 1, 1, 1, 1, 1, 1, 1, 1, 1, 1, 1, 1, 1, 1, 1, 1, 1, 1, 1, 1, 1, 1, 1, 1, 1, 1, 1, 1, 1, 1, 1, 1, 1, 1, 1, 1, 1, 1, 1, 1, 1, 1, 1, 1, 1, 1, 1, 1, 1, 1, 1, 1, 1, 1, 1, 1, 1, 1, 1, 1, 1, 1, 1, 1, 1, 1, 1, 1, 1, 1, 1, 1, 1, 1, 1, 1, 1, 1, 1, 1, 1, 1, 1, 1, 1, 1, 1, 1, 1, 1, 1, 1, 1, 1, 1, 1, 1, 1, 1, 1, 1, 1, 1, 1, 1, 1, 1, 1, 1, 1, 1, 1, 1, 1, 1, 1, 1, 1, 1, 1, 1, 1, 1, 1, 1, 1, 1, 1, 1, 1, 1, 1, 1, 1, 1, 1, 1, 1, 1, 1, 1, 1, 1, 1, 1, 1, 1, 1, 1, 1, 1, 1, 1, 1, 1, 1, 1, 1, 1, 1, 1, 1, 1, 1, 1, 1, 1, 1, 1, 1, 1, 1, 1, 1, 1]",320,1,1,1.0,17,0.0,0.0,0.0,False,0,0,0,BF16,CUDA_EVENT,generic,generic,none
0.004519999958574772,0.005160000175237656,0.004671999905258417,0.004559999797493219,0.00024449143940428195,5,0.012439999729394913,0.08764000236988068,0.028576000593602657,0.012760000303387642,0.029590308492454517,5,0.00443999981507659,0.006639999803155661,0.005063999909907579,0.004519999958574772,0.0008415603916446439,5,0.18432100117206573,0.2409210056066513,0.19678480327129363,0.18700100481510162,0.02210327205656779,5,0.004559999797493219,0.004679999779909849,0.004623999912291765,0.004600000102072954,4.799993087868105e-05,5,2880,64,8,16,8,9216,32,0,4096,False,TORCH_SDPA,False,even,"[1, 1, 1, 1, 1, 1, 1, 1, 1, 1, 1, 1, 1, 1, 1, 1, 1, 1, 1, 1, 1, 1, 1, 1, 1, 1, 1, 1, 1, 1, 1, 1]",32,1,1,1.0,5,0.0,0.0,0.0,False,0,0,0,BF16,CUDA_EVENT,generic,generic,none
0.004399999976158142,0.004561000037938356,0.004504199977964163,0.004519999958574772,6.0054607780481045e-05,5,0.012559999711811543,0.01744000054895878,0.013664000108838082,0.012640000320971012,0.0018954431626823096,5,0.004519999958574772,0.005799999926239252,0.004903999902307987,0.004559999797493219,0.0004935423364731706,5,0.6749609708786011,0.7973229885101318,0.7023216009140014,0.6773210167884827,0.04761569414720222,5,0.004480000119656324,0.004600000102072954,0.004544000048190356,0.004559999797493219,5.425861360592359e-05,5,2880,64,8,16,8,9216,448,0,1024,False,TORCH_SDPA,False,even,"[1, 1, 1, 1, 1, 1, 1, 1, 1, 1, 1, 1, 1, 1, 1, 1, 1, 1, 1, 1, 1, 1, 1, 1, 1, 1, 1, 1, 1, 1, 1, 1, 1, 1, 1, 1, 1, 1, 1, 1, 1, 1, 1, 1, 1, 1, 1, 1, 1, 1, 1, 1, 1, 1, 1, 1, 1, 1, 1, 1, 1, 1, 1, 1, 1, 1, 1, 1, 1, 1, 1, 1, 1, 1, 1, 1, 1, 1, 1, 1, 1, 1, 1, 1, 1, 1, 1, 1, 1, 1, 1, 1, 1, 1, 1, 1, 1, 1, 1, 1, 1, 1, 1, 1, 1, 1, 1, 1, 1, 1, 1, 1, 1, 1, 1, 1, 1, 1, 1, 1, 1, 1, 1, 1, 1, 1, 1, 1, 1, 1, 1, 1, 1, 1, 1, 1, 1, 1, 1, 1, 1, 1, 1, 1, 1, 1, 1, 1, 1, 1, 1, 1, 1, 1, 1, 1, 1, 1, 1, 1, 1, 1, 1, 1, 1, 1, 1, 1, 1, 1, 1, 1, 1, 1, 1, 1, 1, 1, 1, 1, 1, 1, 1, 1, 1, 1, 1, 1, 1, 1, 1, 1, 1, 1, 1, 1, 1, 1, 1, 1, 1, 1, 1, 1, 1, 1, 1, 1, 1, 1, 1, 1, 1, 1, 1, 1, 1, 1, 1, 1, 1, 1, 1, 1, 1, 1, 1, 1, 1, 1, 1, 1, 1, 1, 1, 1, 1, 1, 1, 1, 1, 1, 1, 1, 1, 1, 1, 1, 1, 1, 1, 1, 1, 1, 1, 1, 1, 1, 1, 1, 1, 1, 1, 1, 1, 1, 1, 1, 1, 1, 1, 1, 1, 1, 1, 1, 1, 1, 1, 1, 1, 1, 1, 1, 1, 1, 1, 1, 1, 1, 1, 1, 1, 1, 1, 1, 1, 1, 1, 1, 1, 1, 1, 1, 1, 1, 1, 1, 1, 1, 1, 1, 1, 1, 1, 1, 1, 1, 1, 1, 1, 1, 1, 1, 1, 1, 1, 1, 1, 1, 1, 1, 1, 1, 1, 1, 1, 1, 1, 1, 1, 1, 1, 1, 1, 1, 1, 1, 1, 1, 1, 1, 1, 1, 1, 1, 1, 1, 1, 1, 1, 1, 1, 1, 1, 1, 1, 1, 1, 1, 1, 1, 1, 1, 1, 1, 1, 1, 1, 1, 1, 1, 1, 1, 1, 1, 1, 1, 1, 1, 1, 1, 1, 1, 1, 1, 1, 1, 1, 1, 1, 1, 1, 1, 1, 1, 1, 1, 1, 1, 1, 1, 1, 1, 1, 1, 1, 1, 1, 1, 1, 1, 1, 1, 1, 1, 1, 1, 1, 1, 1, 1, 1, 1, 1, 1, 1, 1, 1, 1, 1, 1, 1, 1, 1, 1, 1, 1]",448,1,1,1.0,21,0.0,0.0,0.0,False,0,0,0,BF16,CUDA_EVENT,generic,generic,none
0.004399999976158142,0.004600000102072954,0.00447199996560812,0.00443999981507659,6.881868227260577e-05,5,0.011959999799728394,0.05780100077390671,0.021664199978113176,0.012839999981224537,0.018076534316030676,5,0.004399999976158142,0.006279999855905771,0.00482399994507432,0.004480000119656324,0.0007290980298285992,5,0.33952099084854126,0.3760809898376465,0.3489289999008179,0.3428809940814972,0.01364494254828552,5,0.004399999976158142,0.004559999797493219,0.004463999904692173,0.00443999981507659,5.4258613605923594e-05,5,2880,64,8,16,8,9216,32,0,8192,False,TORCH_SDPA,False,even,"[1, 1, 1, 1, 1, 1, 1, 1, 1, 1, 1, 1, 1, 1, 1, 1, 1, 1, 1, 1, 1, 1, 1, 1, 1, 1, 1, 1, 1, 1, 1, 1]",32,1,1,1.0,5,0.0,0.0,0.0,False,0,0,0,BF16,CUDA_EVENT,generic,generic,none
0.00443999981507659,0.005840000230818987,0.004775999952107668,0.004519999958574772,0.000533426798230801,5,0.012559999711811543,0.018719999119639397,0.014399999752640724,0.012839999981224537,0.0023784361147878735,5,0.004559999797493219,0.005760999862104654,0.004832199960947037,0.004600000102072954,0.0004650885038286625,5,0.1804009974002838,0.1995600014925003,0.18441660106182098,0.1807200014591217,0.0075726434412968354,5,0.004519999958574772,0.004600000102072954,0.0045679999515414235,0.004559999797493219,2.9933337677144675e-05,5,2880,64,8,16,8,9216,48,0,2048,False,TORCH_SDPA,False,even,"[1, 1, 1, 1, 1, 1, 1, 1, 1, 1, 1, 1, 1, 1, 1, 1, 1, 1, 1, 1, 1, 1, 1, 1, 1, 1, 1, 1, 1, 1, 1, 1, 1, 1, 1, 1, 1, 1, 1, 1, 1, 1, 1, 1, 1, 1, 1, 1]",48,1,1,1.0,6,0.0,0.0,0.0,False,0,0,0,BF16,CUDA_EVENT,generic,generic,none
0.004480000119656324,0.01432000007480383,0.006479999981820583,0.004519999958574772,0.003920081677636287,5,0.014360000379383564,0.041600000113248825,0.020591999962925912,0.015960000455379486,0.010536410072705293,5,0.004480000119656324,0.007720000110566616,0.0051599999889731405,0.004559999797493219,0.0012804999591294228,5,1.6814850568771362,1.7852050065994263,1.7101245880126954,1.6915639638900757,0.038997542768362,5,0.004480000119656324,0.004519999958574772,0.004496000055223703,0.004480000119656324,1.9595839028743304e-05,5,2880,64,8,16,8,9216,320,0,4096,False,TORCH_SDPA,False,even,"[1, 1, 1, 1, 1, 1, 1, 1, 1, 1, 1, 1, 1, 1, 1, 1, 1, 1, 1, 1, 1, 1, 1, 1, 1, 1, 1, 1, 1, 1, 1, 1, 1, 1, 1, 1, 1, 1, 1, 1, 1, 1, 1, 1, 1, 1, 1, 1, 1, 1, 1, 1, 1, 1, 1, 1, 1, 1, 1, 1, 1, 1, 1, 1, 1, 1, 1, 1, 1, 1, 1, 1, 1, 1, 1, 1, 1, 1, 1, 1, 1, 1, 1, 1, 1, 1, 1, 1, 1, 1, 1, 1, 1, 1, 1, 1, 1, 1, 1, 1, 1, 1, 1, 1, 1, 1, 1, 1, 1, 1, 1, 1, 1, 1, 1, 1, 1, 1, 1, 1, 1, 1, 1, 1, 1, 1, 1, 1, 1, 1, 1, 1, 1, 1, 1, 1, 1, 1, 1, 1, 1, 1, 1, 1, 1, 1, 1, 1, 1, 1, 1, 1, 1, 1, 1, 1, 1, 1, 1, 1, 1, 1, 1, 1, 1, 1, 1, 1, 1, 1, 1, 1, 1, 1, 1, 1, 1, 1, 1, 1, 1, 1, 1, 1, 1, 1, 1, 1, 1, 1, 1, 1, 1, 1, 1, 1, 1, 1, 1, 1, 1, 1, 1, 1, 1, 1, 1, 1, 1, 1, 1, 1, 1, 1, 1, 1, 1, 1, 1, 1, 1, 1, 1, 1, 1, 1, 1, 1, 1, 1, 1, 1, 1, 1, 1, 1, 1, 1, 1, 1, 1, 1, 1, 1, 1, 1, 1, 1, 1, 1, 1, 1, 1, 1, 1, 1, 1, 1, 1, 1, 1, 1, 1, 1, 1, 1, 1, 1, 1, 1, 1, 1, 1, 1, 1, 1, 1, 1, 1, 1, 1, 1, 1, 1, 1, 1, 1, 1, 1, 1, 1, 1, 1, 1, 1, 1, 1, 1, 1, 1, 1, 1, 1, 1, 1, 1, 1, 1, 1, 1, 1, 1, 1, 1, 1, 1, 1, 1, 1, 1]",320,1,1,1.0,17,0.0,0.0,0.0,False,0,0,0,BF16,CUDA_EVENT,generic,generic,none
0.00443999981507659,0.005799999926239252,0.004735999833792448,0.00443999981507659,0.0005340262620402677,5,0.014240000396966934,0.027400000020861626,0.01819220036268234,0.017000000923871994,0.004822283517906766,5,0.004480000119656324,0.005799999926239252,0.004919999931007624,0.004559999797493219,0.000521536163615977,5,1.3814829587936401,1.5294840335845947,1.419083595275879,1.3945239782333374,0.05578130732677672,5,0.004519999958574772,0.004600000102072954,0.0045519999228417875,0.004559999797493219,2.993328789585909e-05,5,2880,64,8,16,8,9216,512,0,2048,False,TORCH_SDPA,False,even,"[1, 1, 1, 1, 1, 1, 1, 1, 1, 1, 1, 1, 1, 1, 1, 1, 1, 1, 1, 1, 1, 1, 1, 1, 1, 1, 1, 1, 1, 1, 1, 1, 1, 1, 1, 1, 1, 1, 1, 1, 1, 1, 1, 1, 1, 1, 1, 1, 1, 1, 1, 1, 1, 1, 1, 1, 1, 1, 1, 1, 1, 1, 1, 1, 1, 1, 1, 1, 1, 1, 1, 1, 1, 1, 1, 1, 1, 1, 1, 1, 1, 1, 1, 1, 1, 1, 1, 1, 1, 1, 1, 1, 1, 1, 1, 1, 1, 1, 1, 1, 1, 1, 1, 1, 1, 1, 1, 1, 1, 1, 1, 1, 1, 1, 1, 1, 1, 1, 1, 1, 1, 1, 1, 1, 1, 1, 1, 1, 1, 1, 1, 1, 1, 1, 1, 1, 1, 1, 1, 1, 1, 1, 1, 1, 1, 1, 1, 1, 1, 1, 1, 1, 1, 1, 1, 1, 1, 1, 1, 1, 1, 1, 1, 1, 1, 1, 1, 1, 1, 1, 1, 1, 1, 1, 1, 1, 1, 1, 1, 1, 1, 1, 1, 1, 1, 1, 1, 1, 1, 1, 1, 1, 1, 1, 1, 1, 1, 1, 1, 1, 1, 1, 1, 1, 1, 1, 1, 1, 1, 1, 1, 1, 1, 1, 1, 1, 1, 1, 1, 1, 1, 1, 1, 1, 1, 1, 1, 1, 1, 1, 1, 1, 1, 1, 1, 1, 1, 1, 1, 1, 1, 1, 1, 1, 1, 1, 1, 1, 1, 1, 1, 1, 1, 1, 1, 1, 1, 1, 1, 1, 1, 1, 1, 1, 1, 1, 1, 1, 1, 1, 1, 1, 1, 1, 1, 1, 1, 1, 1, 1, 1, 1, 1, 1, 1, 1, 1, 1, 1, 1, 1, 1, 1, 1, 1, 1, 1, 1, 1, 1, 1, 1, 1, 1, 1, 1, 1, 1, 1, 1, 1, 1, 1, 1, 1, 1, 1, 1, 1, 1, 1, 1, 1, 1, 1, 1, 1, 1, 1, 1, 1, 1, 1, 1, 1, 1, 1, 1, 1, 1, 1, 1, 1, 1, 1, 1, 1, 1, 1, 1, 1, 1, 1, 1, 1, 1, 1, 1, 1, 1, 1, 1, 1, 1, 1, 1, 1, 1, 1, 1, 1, 1, 1, 1, 1, 1, 1, 1, 1, 1, 1, 1, 1, 1, 1, 1, 1, 1, 1, 1, 1, 1, 1, 1, 1, 1, 1, 1, 1, 1, 1, 1, 1, 1, 1, 1, 1, 1, 1, 1, 1, 1, 1, 1, 1, 1, 1, 1, 1, 1, 1, 1, 1, 1, 1, 1, 1, 1, 1, 1, 1, 1, 1, 1, 1, 1, 1, 1, 1, 1, 1, 1, 1, 1, 1, 1, 1, 1, 1, 1, 1, 1, 1, 1, 1, 1, 1, 1, 1, 1, 1, 1, 1, 1, 1, 1, 1, 1, 1, 1, 1, 1, 1, 1, 1, 1, 1, 1, 1, 1, 1, 1, 1, 1, 1, 1, 1, 1, 1, 1, 1, 1, 1, 1, 1, 1, 1, 1, 1, 1, 1, 1, 1, 1, 1, 1, 1, 1, 1, 1, 1, 1]",512,1,1,1.0,22,0.0,0.0,0.0,False,0,0,0,BF16,CUDA_EVENT,generic,generic,none
0.004480000119656324,0.007079999893903732,0.005016000010073185,0.004480000119656324,0.0010324649497107537,5,0.011719999834895134,0.02404000051319599,0.014664000272750855,0.012280000373721123,0.004705578097091688,5,0.004399999976158142,0.00547999981790781,0.004695999901741743,0.004519999958574772,0.0003956563693001949,5,0.1908009946346283,0.20528000593185425,0.19396039843559265,0.19115999341011047,0.0056671202812960285,5,0.004480000119656324,0.006120000034570694,0.004832000005990267,0.004519999958574772,0.0006446828765511158,5,2880,64,8,16,8,9216,16,0,5120,False,TORCH_SDPA,False,even,"[1, 1, 1, 1, 1, 1, 1, 1, 1, 1, 1, 1, 1, 1, 1, 1]",16,1,1,1.0,4,0.0,0.0,0.0,False,0,0,0,BF16,CUDA_EVENT,generic,generic,none
0.00443999981507659,0.008799999952316284,0.005375999864190817,0.004559999797493219,0.0017125606997441397,5,0.012400000356137753,0.019680000841617584,0.013968000188469887,0.012559999711811543,0.0028597513510038143,5,0.004480000119656324,0.006120000034570694,0.004832000005990267,0.004519999958574772,0.0006441863212400745,5,1.015442967414856,1.1185619831085205,1.0441307783126832,1.0296030044555664,0.03766330265410362,5,0.004480000119656324,0.005439999978989363,0.004719999991357327,0.004559999797493219,0.0003622153970179805,5,2880,64,8,16,8,9216,384,0,2048,False,TORCH_SDPA,False,even,"[1, 1, 1, 1, 1, 1, 1, 1, 1, 1, 1, 1, 1, 1, 1, 1, 1, 1, 1, 1, 1, 1, 1, 1, 1, 1, 1, 1, 1, 1, 1, 1, 1, 1, 1, 1, 1, 1, 1, 1, 1, 1, 1, 1, 1, 1, 1, 1, 1, 1, 1, 1, 1, 1, 1, 1, 1, 1, 1, 1, 1, 1, 1, 1, 1, 1, 1, 1, 1, 1, 1, 1, 1, 1, 1, 1, 1, 1, 1, 1, 1, 1, 1, 1, 1, 1, 1, 1, 1, 1, 1, 1, 1, 1, 1, 1, 1, 1, 1, 1, 1, 1, 1, 1, 1, 1, 1, 1, 1, 1, 1, 1, 1, 1, 1, 1, 1, 1, 1, 1, 1, 1, 1, 1, 1, 1, 1, 1, 1, 1, 1, 1, 1, 1, 1, 1, 1, 1, 1, 1, 1, 1, 1, 1, 1, 1, 1, 1, 1, 1, 1, 1, 1, 1, 1, 1, 1, 1, 1, 1, 1, 1, 1, 1, 1, 1, 1, 1, 1, 1, 1, 1, 1, 1, 1, 1, 1, 1, 1, 1, 1, 1, 1, 1, 1, 1, 1, 1, 1, 1, 1, 1, 1, 1, 1, 1, 1, 1, 1, 1, 1, 1, 1, 1, 1, 1, 1, 1, 1, 1, 1, 1, 1, 1, 1, 1, 1, 1, 1, 1, 1, 1, 1, 1, 1, 1, 1, 1, 1, 1, 1, 1, 1, 1, 1, 1, 1, 1, 1, 1, 1, 1, 1, 1, 1, 1, 1, 1, 1, 1, 1, 1, 1, 1, 1, 1, 1, 1, 1, 1, 1, 1, 1, 1, 1, 1, 1, 1, 1, 1, 1, 1, 1, 1, 1, 1, 1, 1, 1, 1, 1, 1, 1, 1, 1, 1, 1, 1, 1, 1, 1, 1, 1, 1, 1, 1, 1, 1, 1, 1, 1, 1, 1, 1, 1, 1, 1, 1, 1, 1, 1, 1, 1, 1, 1, 1, 1, 1, 1, 1, 1, 1, 1, 1, 1, 1, 1, 1, 1, 1, 1, 1, 1, 1, 1, 1, 1, 1, 1, 1, 1, 1, 1, 1, 1, 1, 1, 1, 1, 1, 1, 1, 1, 1, 1, 1, 1, 1, 1, 1, 1, 1, 1, 1, 1, 1, 1, 1, 1, 1, 1, 1, 1, 1, 1, 1, 1, 1, 1, 1, 1, 1, 1, 1]",384,1,1,1.0,19,0.0,0.0,0.0,False,0,0,0,BF16,CUDA_EVENT,generic,generic,none
0.0041600000113248825,0.00431999983265996,0.0042479999363422396,0.004279999993741512,5.878773253909213e-05,5,0.014399999752640724,0.041760001331567764,0.020192000083625317,0.015119999647140503,0.010787916824079247,5,0.0041600000113248825,0.007400000002235174,0.004912000056356192,0.004240000154823065,0.001249998368831145,5,4.075571060180664,4.1978912353515625,4.106203079223633,4.081211090087891,0.046424656471189915,5,0.00419999985024333,0.00443999981507659,0.004303999897092581,0.00431999983265996,8.236498081489306e-05,5,2880,64,8,16,8,9216,512,0,6144,False,TORCH_SDPA,False,even,"[1, 1, 1, 1, 1, 1, 1, 1, 1, 1, 1, 1, 1, 1, 1, 1, 1, 1, 1, 1, 1, 1, 1, 1, 1, 1, 1, 1, 1, 1, 1, 1, 1, 1, 1, 1, 1, 1, 1, 1, 1, 1, 1, 1, 1, 1, 1, 1, 1, 1, 1, 1, 1, 1, 1, 1, 1, 1, 1, 1, 1, 1, 1, 1, 1, 1, 1, 1, 1, 1, 1, 1, 1, 1, 1, 1, 1, 1, 1, 1, 1, 1, 1, 1, 1, 1, 1, 1, 1, 1, 1, 1, 1, 1, 1, 1, 1, 1, 1, 1, 1, 1, 1, 1, 1, 1, 1, 1, 1, 1, 1, 1, 1, 1, 1, 1, 1, 1, 1, 1, 1, 1, 1, 1, 1, 1, 1, 1, 1, 1, 1, 1, 1, 1, 1, 1, 1, 1, 1, 1, 1, 1, 1, 1, 1, 1, 1, 1, 1, 1, 1, 1, 1, 1, 1, 1, 1, 1, 1, 1, 1, 1, 1, 1, 1, 1, 1, 1, 1, 1, 1, 1, 1, 1, 1, 1, 1, 1, 1, 1, 1, 1, 1, 1, 1, 1, 1, 1, 1, 1, 1, 1, 1, 1, 1, 1, 1, 1, 1, 1, 1, 1, 1, 1, 1, 1, 1, 1, 1, 1, 1, 1, 1, 1, 1, 1, 1, 1, 1, 1, 1, 1, 1, 1, 1, 1, 1, 1, 1, 1, 1, 1, 1, 1, 1, 1, 1, 1, 1, 1, 1, 1, 1, 1, 1, 1, 1, 1, 1, 1, 1, 1, 1, 1, 1, 1, 1, 1, 1, 1, 1, 1, 1, 1, 1, 1, 1, 1, 1, 1, 1, 1, 1, 1, 1, 1, 1, 1, 1, 1, 1, 1, 1, 1, 1, 1, 1, 1, 1, 1, 1, 1, 1, 1, 1, 1, 1, 1, 1, 1, 1, 1, 1, 1, 1, 1, 1, 1, 1, 1, 1, 1, 1, 1, 1, 1, 1, 1, 1, 1, 1, 1, 1, 1, 1, 1, 1, 1, 1, 1, 1, 1, 1, 1, 1, 1, 1, 1, 1, 1, 1, 1, 1, 1, 1, 1, 1, 1, 1, 1, 1, 1, 1, 1, 1, 1, 1, 1, 1, 1, 1, 1, 1, 1, 1, 1, 1, 1, 1, 1, 1, 1, 1, 1, 1, 1, 1, 1, 1, 1, 1, 1, 1, 1, 1, 1, 1, 1, 1, 1, 1, 1, 1, 1, 1, 1, 1, 1, 1, 1, 1, 1, 1, 1, 1, 1, 1, 1, 1, 1, 1, 1, 1, 1, 1, 1, 1, 1, 1, 1, 1, 1, 1, 1, 1, 1, 1, 1, 1, 1, 1, 1, 1, 1, 1, 1, 1, 1, 1, 1, 1, 1, 1, 1, 1, 1, 1, 1, 1, 1, 1, 1, 1, 1, 1, 1, 1, 1, 1, 1, 1, 1, 1, 1, 1, 1, 1, 1, 1, 1, 1, 1, 1, 1, 1, 1, 1, 1, 1, 1, 1, 1, 1, 1, 1, 1, 1, 1, 1, 1, 1, 1, 1, 1, 1, 1, 1, 1, 1, 1, 1, 1, 1, 1, 1, 1, 1, 1, 1, 1, 1, 1]",512,1,1,1.0,22,0.0,0.0,0.0,False,0,0,0,BF16,CUDA_EVENT,generic,generic,none
0.004360000137239695,0.004559999797493219,0.004440000001341105,0.004399999976158142,8.390459196142184e-05,5,0.014360000379383564,0.017920000478625298,0.015144000016152858,0.014519999735057354,0.0013894691858276126,5,0.004480000119656324,0.00571999978274107,0.0047599999234080315,0.004519999958574772,0.0004806661287476621,5,2.0658841133117676,2.197082996368408,2.0982754230499268,2.0744431018829346,0.049627001566904874,5,0.004480000119656324,0.004559999797493219,0.004511999990791082,0.004519999958574772,2.9933138551795365e-05,5,2880,64,8,16,8,9216,512,0,3072,False,TORCH_SDPA,False,even,"[1, 1, 1, 1, 1, 1, 1, 1, 1, 1, 1, 1, 1, 1, 1, 1, 1, 1, 1, 1, 1, 1, 1, 1, 1, 1, 1, 1, 1, 1, 1, 1, 1, 1, 1, 1, 1, 1, 1, 1, 1, 1, 1, 1, 1, 1, 1, 1, 1, 1, 1, 1, 1, 1, 1, 1, 1, 1, 1, 1, 1, 1, 1, 1, 1, 1, 1, 1, 1, 1, 1, 1, 1, 1, 1, 1, 1, 1, 1, 1, 1, 1, 1, 1, 1, 1, 1, 1, 1, 1, 1, 1, 1, 1, 1, 1, 1, 1, 1, 1, 1, 1, 1, 1, 1, 1, 1, 1, 1, 1, 1, 1, 1, 1, 1, 1, 1, 1, 1, 1, 1, 1, 1, 1, 1, 1, 1, 1, 1, 1, 1, 1, 1, 1, 1, 1, 1, 1, 1, 1, 1, 1, 1, 1, 1, 1, 1, 1, 1, 1, 1, 1, 1, 1, 1, 1, 1, 1, 1, 1, 1, 1, 1, 1, 1, 1, 1, 1, 1, 1, 1, 1, 1, 1, 1, 1, 1, 1, 1, 1, 1, 1, 1, 1, 1, 1, 1, 1, 1, 1, 1, 1, 1, 1, 1, 1, 1, 1, 1, 1, 1, 1, 1, 1, 1, 1, 1, 1, 1, 1, 1, 1, 1, 1, 1, 1, 1, 1, 1, 1, 1, 1, 1, 1, 1, 1, 1, 1, 1, 1, 1, 1, 1, 1, 1, 1, 1, 1, 1, 1, 1, 1, 1, 1, 1, 1, 1, 1, 1, 1, 1, 1, 1, 1, 1, 1, 1, 1, 1, 1, 1, 1, 1, 1, 1, 1, 1, 1, 1, 1, 1, 1, 1, 1, 1, 1, 1, 1, 1, 1, 1, 1, 1, 1, 1, 1, 1, 1, 1, 1, 1, 1, 1, 1, 1, 1, 1, 1, 1, 1, 1, 1, 1, 1, 1, 1, 1, 1, 1, 1, 1, 1, 1, 1, 1, 1, 1, 1, 1, 1, 1, 1, 1, 1, 1, 1, 1, 1, 1, 1, 1, 1, 1, 1, 1, 1, 1, 1, 1, 1, 1, 1, 1, 1, 1, 1, 1, 1, 1, 1, 1, 1, 1, 1, 1, 1, 1, 1, 1, 1, 1, 1, 1, 1, 1, 1, 1, 1, 1, 1, 1, 1, 1, 1, 1, 1, 1, 1, 1, 1, 1, 1, 1, 1, 1, 1, 1, 1, 1, 1, 1, 1, 1, 1, 1, 1, 1, 1, 1, 1, 1, 1, 1, 1, 1, 1, 1, 1, 1, 1, 1, 1, 1, 1, 1, 1, 1, 1, 1, 1, 1, 1, 1, 1, 1, 1, 1, 1, 1, 1, 1, 1, 1, 1, 1, 1, 1, 1, 1, 1, 1, 1, 1, 1, 1, 1, 1, 1, 1, 1, 1, 1, 1, 1, 1, 1, 1, 1, 1, 1, 1, 1, 1, 1, 1, 1, 1, 1, 1, 1, 1, 1, 1, 1, 1, 1, 1, 1, 1, 1, 1, 1, 1, 1, 1, 1, 1, 1, 1, 1, 1, 1, 1, 1, 1, 1, 1, 1, 1, 1, 1, 1, 1, 1, 1, 1, 1, 1, 1, 1, 1, 1]",512,1,1,1.0,22,0.0,0.0,0.0,False,0,0,0,BF16,CUDA_EVENT,generic,generic,none
0.004279999993741512,0.004679999779909849,0.004447999969124794,0.004399999976158142,0.0001324234965681865,5,0.014600000344216824,0.02831999957561493,0.017431999929249285,0.014680000022053719,0.005445138571810058,5,0.004399999976158142,0.005481000058352947,0.004632399976253509,0.00443999981507659,0.00042468655997214306,5,3.3604090213775635,3.435167074203491,3.3808642387390138,3.3724091053009033,0.02776568559143233,5,0.004480000119656324,0.005080999806523323,0.004600200057029724,0.004480000119656324,0.0002403998747467995,5,2880,64,8,16,8,9216,320,0,8192,False,TORCH_SDPA,False,even,"[1, 1, 1, 1, 1, 1, 1, 1, 1, 1, 1, 1, 1, 1, 1, 1, 1, 1, 1, 1, 1, 1, 1, 1, 1, 1, 1, 1, 1, 1, 1, 1, 1, 1, 1, 1, 1, 1, 1, 1, 1, 1, 1, 1, 1, 1, 1, 1, 1, 1, 1, 1, 1, 1, 1, 1, 1, 1, 1, 1, 1, 1, 1, 1, 1, 1, 1, 1, 1, 1, 1, 1, 1, 1, 1, 1, 1, 1, 1, 1, 1, 1, 1, 1, 1, 1, 1, 1, 1, 1, 1, 1, 1, 1, 1, 1, 1, 1, 1, 1, 1, 1, 1, 1, 1, 1, 1, 1, 1, 1, 1, 1, 1, 1, 1, 1, 1, 1, 1, 1, 1, 1, 1, 1, 1, 1, 1, 1, 1, 1, 1, 1, 1, 1, 1, 1, 1, 1, 1, 1, 1, 1, 1, 1, 1, 1, 1, 1, 1, 1, 1, 1, 1, 1, 1, 1, 1, 1, 1, 1, 1, 1, 1, 1, 1, 1, 1, 1, 1, 1, 1, 1, 1, 1, 1, 1, 1, 1, 1, 1, 1, 1, 1, 1, 1, 1, 1, 1, 1, 1, 1, 1, 1, 1, 1, 1, 1, 1, 1, 1, 1, 1, 1, 1, 1, 1, 1, 1, 1, 1, 1, 1, 1, 1, 1, 1, 1, 1, 1, 1, 1, 1, 1, 1, 1, 1, 1, 1, 1, 1, 1, 1, 1, 1, 1, 1, 1, 1, 1, 1, 1, 1, 1, 1, 1, 1, 1, 1, 1, 1, 1, 1, 1, 1, 1, 1, 1, 1, 1, 1, 1, 1, 1, 1, 1, 1, 1, 1, 1, 1, 1, 1, 1, 1, 1, 1, 1, 1, 1, 1, 1, 1, 1, 1, 1, 1, 1, 1, 1, 1, 1, 1, 1, 1, 1, 1, 1, 1, 1, 1, 1, 1, 1, 1, 1, 1, 1, 1, 1, 1, 1, 1, 1, 1, 1, 1, 1, 1, 1, 1]",320,1,1,1.0,17,0.0,0.0,0.0,False,0,0,0,BF16,CUDA_EVENT,generic,generic,none
0.004519999958574772,0.009399999864399433,0.00556020000949502,0.004639999940991402,0.0019204040941348042,5,0.011760000139474869,0.05135999992489815,0.020016000047326087,0.012559999711811543,0.01567652200105941,5,0.004519999958574772,0.005840000230818987,0.004808000009506941,0.004559999797493219,0.0005168521223935089,5,0.1473200023174286,0.1743209958076477,0.15276840031147004,0.14740100502967834,0.010776372364951907,5,0.004480000119656324,0.004559999797493219,0.004527999926358462,0.004519999958574772,2.9933138551795365e-05,5,2880,64,8,16,8,9216,32,0,3072,False,TORCH_SDPA,False,even,"[1, 1, 1, 1, 1, 1, 1, 1, 1, 1, 1, 1, 1, 1, 1, 1, 1, 1, 1, 1, 1, 1, 1, 1, 1, 1, 1, 1, 1, 1, 1, 1]",32,1,1,1.0,5,0.0,0.0,0.0,False,0,0,0,BF16,CUDA_EVENT,generic,generic,none
0.004480000119656324,0.009920000098645687,0.005616000015288591,0.004519999958574772,0.002152669081585738,5,0.012400000356137753,0.044280000030994415,0.01907999999821186,0.012839999981224537,0.012602653703037757,5,0.004480000119656324,0.009800000116229057,0.005576000083237886,0.004519999958574772,0.0021124545129102045,5,0.26980099081993103,0.34668099880218506,0.2860729992389679,0.2706409990787506,0.030331600688002357,5,0.004480000119656324,0.004639999940991402,0.00457600001245737,0.004600000102072954,5.425861360592359e-05,5,2880,64,8,16,8,9216,64,0,3072,False,TORCH_SDPA,False,even,"[1, 1, 1, 1, 1, 1, 1, 1, 1, 1, 1, 1, 1, 1, 1, 1, 1, 1, 1, 1, 1, 1, 1, 1, 1, 1, 1, 1, 1, 1, 1, 1, 1, 1, 1, 1, 1, 1, 1, 1, 1, 1, 1, 1, 1, 1, 1, 1, 1, 1, 1, 1, 1, 1, 1, 1, 1, 1, 1, 1, 1, 1, 1, 1]",64,1,1,1.0,8,0.0,0.0,0.0,False,0,0,0,BF16,CUDA_EVENT,generic,generic,none
0.0041600000113248825,0.004480000119656324,0.004303999990224838,0.004279999993741512,0.00010307282290054503,5,0.012400000356137753,0.020719999447464943,0.014151999913156032,0.012559999711811543,0.0032847183211683643,5,0.004240000154823065,0.006120000034570694,0.004648000001907349,0.00431999983265996,0.0007368690614559847,5,0.642162024974823,0.6818810105323792,0.6550656080245971,0.6498820185661316,0.013802953727343584,5,0.004201000090688467,0.004480000119656324,0.00435219993814826,0.00431999983265996,9.897150321269654e-05,5,2880,64,8,16,8,9216,64,0,8192,False,TORCH_SDPA,False,even,"[1, 1, 1, 1, 1, 1, 1, 1, 1, 1, 1, 1, 1, 1, 1, 1, 1, 1, 1, 1, 1, 1, 1, 1, 1, 1, 1, 1, 1, 1, 1, 1, 1, 1, 1, 1, 1, 1, 1, 1, 1, 1, 1, 1, 1, 1, 1, 1, 1, 1, 1, 1, 1, 1, 1, 1, 1, 1, 1, 1, 1, 1, 1, 1]",64,1,1,1.0,8,0.0,0.0,0.0,False,0,0,0,BF16,CUDA_EVENT,generic,generic,none
0.004360000137239695,0.004519999958574772,0.0044639999978244305,0.004480000119656324,5.986647622883656e-05,5,0.012360000051558018,0.03680000081658363,0.01768000014126301,0.013039999641478062,0.009564501369944715,5,0.00443999981507659,0.00559999980032444,0.004671999812126159,0.00443999981507659,0.0004639999940991402,5,0.3178409934043884,0.3438810110092163,0.32418500185012816,0.32064101099967957,0.00992731251754375,5,0.004399999976158142,0.004559999797493219,0.004447999969124794,0.004399999976158142,6.39999518171588e-05,5,2880,64,8,16,8,9216,16,0,9216,False,TORCH_SDPA,False,even,"[1, 1, 1, 1, 1, 1, 1, 1, 1, 1, 1, 1, 1, 1, 1, 1]",16,1,1,1.0,4,0.0,0.0,0.0,False,0,0,0,BF16,CUDA_EVENT,generic,generic,none
0.00443999981507659,0.006920000072568655,0.004968000017106533,0.004480000119656324,0.0009763278426978386,5,0.012480000033974648,0.019680000841617584,0.014712000265717506,0.013559999875724316,0.002665381301691227,5,0.004480000119656324,0.006039999891072512,0.004824000038206577,0.004519999958574772,0.0006095768286113156,5,0.34332001209259033,0.37116101384162903,0.3505846083164215,0.34668099880218506,0.010384028606506033,5,0.004480000119656324,0.004639999940991402,0.004544000048190356,0.004519999958574772,6.499226332255945e-05,5,2880,64,8,16,8,9216,64,0,4096,False,TORCH_SDPA,False,even,"[1, 1, 1, 1, 1, 1, 1, 1, 1, 1, 1, 1, 1, 1, 1, 1, 1, 1, 1, 1, 1, 1, 1, 1, 1, 1, 1, 1, 1, 1, 1, 1, 1, 1, 1, 1, 1, 1, 1, 1, 1, 1, 1, 1, 1, 1, 1, 1, 1, 1, 1, 1, 1, 1, 1, 1, 1, 1, 1, 1, 1, 1, 1, 1]",64,1,1,1.0,8,0.0,0.0,0.0,False,0,0,0,BF16,CUDA_EVENT,generic,generic,none
0.004480000119656324,0.007360999938100576,0.005552199948579073,0.004559999797493219,0.0012607376688410657,5,0.014279999770224094,0.02019999921321869,0.01569599974900484,0.014560000039637089,0.00226466393958622,5,0.00443999981507659,0.006800000090152025,0.004984000045806169,0.004480000119656324,0.0009134024570572649,5,1.805245041847229,1.9146440029144287,1.8341808080673219,1.8186450004577637,0.0409054582115199,5,0.004480999894440174,0.00535999983549118,0.00470419991761446,0.004559999797493219,0.0003302946211321649,5,2880,64,8,16,8,9216,448,0,3072,False,TORCH_SDPA,False,even,"[1, 1, 1, 1, 1, 1, 1, 1, 1, 1, 1, 1, 1, 1, 1, 1, 1, 1, 1, 1, 1, 1, 1, 1, 1, 1, 1, 1, 1, 1, 1, 1, 1, 1, 1, 1, 1, 1, 1, 1, 1, 1, 1, 1, 1, 1, 1, 1, 1, 1, 1, 1, 1, 1, 1, 1, 1, 1, 1, 1, 1, 1, 1, 1, 1, 1, 1, 1, 1, 1, 1, 1, 1, 1, 1, 1, 1, 1, 1, 1, 1, 1, 1, 1, 1, 1, 1, 1, 1, 1, 1, 1, 1, 1, 1, 1, 1, 1, 1, 1, 1, 1, 1, 1, 1, 1, 1, 1, 1, 1, 1, 1, 1, 1, 1, 1, 1, 1, 1, 1, 1, 1, 1, 1, 1, 1, 1, 1, 1, 1, 1, 1, 1, 1, 1, 1, 1, 1, 1, 1, 1, 1, 1, 1, 1, 1, 1, 1, 1, 1, 1, 1, 1, 1, 1, 1, 1, 1, 1, 1, 1, 1, 1, 1, 1, 1, 1, 1, 1, 1, 1, 1, 1, 1, 1, 1, 1, 1, 1, 1, 1, 1, 1, 1, 1, 1, 1, 1, 1, 1, 1, 1, 1, 1, 1, 1, 1, 1, 1, 1, 1, 1, 1, 1, 1, 1, 1, 1, 1, 1, 1, 1, 1, 1, 1, 1, 1, 1, 1, 1, 1, 1, 1, 1, 1, 1, 1, 1, 1, 1, 1, 1, 1, 1, 1, 1, 1, 1, 1, 1, 1, 1, 1, 1, 1, 1, 1, 1, 1, 1, 1, 1, 1, 1, 1, 1, 1, 1, 1, 1, 1, 1, 1, 1, 1, 1, 1, 1, 1, 1, 1, 1, 1, 1, 1, 1, 1, 1, 1, 1, 1, 1, 1, 1, 1, 1, 1, 1, 1, 1, 1, 1, 1, 1, 1, 1, 1, 1, 1, 1, 1, 1, 1, 1, 1, 1, 1, 1, 1, 1, 1, 1, 1, 1, 1, 1, 1, 1, 1, 1, 1, 1, 1, 1, 1, 1, 1, 1, 1, 1, 1, 1, 1, 1, 1, 1, 1, 1, 1, 1, 1, 1, 1, 1, 1, 1, 1, 1, 1, 1, 1, 1, 1, 1, 1, 1, 1, 1, 1, 1, 1, 1, 1, 1, 1, 1, 1, 1, 1, 1, 1, 1, 1, 1, 1, 1, 1, 1, 1, 1, 1, 1, 1, 1, 1, 1, 1, 1, 1, 1, 1, 1, 1, 1, 1, 1, 1, 1, 1, 1, 1, 1, 1, 1, 1, 1, 1, 1, 1, 1, 1, 1, 1, 1, 1, 1, 1, 1, 1, 1, 1, 1, 1, 1, 1, 1, 1, 1, 1, 1, 1, 1, 1, 1, 1, 1, 1, 1, 1, 1, 1, 1, 1, 1, 1, 1, 1, 1]",448,1,1,1.0,21,0.0,0.0,0.0,False,0,0,0,BF16,CUDA_EVENT,generic,generic,none
0.004399999976158142,0.088639996945858,0.02149619935080409,0.004639999940991402,0.033573106514858495,5,0.012839999981224537,0.022199999541044235,0.014919999800622464,0.013199999928474426,0.003643558570270258,5,0.004399999976158142,0.006639999803155661,0.004887999873608351,0.00443999981507659,0.0008779612355147124,5,1.2629640102386475,1.3491640090942383,1.291227602958679,1.28376305103302,0.0300653272376481,5,0.004399999976158142,0.006200000178068876,0.004824000038206577,0.004519999958574772,0.0006893940061116012,5,2880,64,8,16,8,9216,320,0,3072,False,TORCH_SDPA,False,even,"[1, 1, 1, 1, 1, 1, 1, 1, 1, 1, 1, 1, 1, 1, 1, 1, 1, 1, 1, 1, 1, 1, 1, 1, 1, 1, 1, 1, 1, 1, 1, 1, 1, 1, 1, 1, 1, 1, 1, 1, 1, 1, 1, 1, 1, 1, 1, 1, 1, 1, 1, 1, 1, 1, 1, 1, 1, 1, 1, 1, 1, 1, 1, 1, 1, 1, 1, 1, 1, 1, 1, 1, 1, 1, 1, 1, 1, 1, 1, 1, 1, 1, 1, 1, 1, 1, 1, 1, 1, 1, 1, 1, 1, 1, 1, 1, 1, 1, 1, 1, 1, 1, 1, 1, 1, 1, 1, 1, 1, 1, 1, 1, 1, 1, 1, 1, 1, 1, 1, 1, 1, 1, 1, 1, 1, 1, 1, 1, 1, 1, 1, 1, 1, 1, 1, 1, 1, 1, 1, 1, 1, 1, 1, 1, 1, 1, 1, 1, 1, 1, 1, 1, 1, 1, 1, 1, 1, 1, 1, 1, 1, 1, 1, 1, 1, 1, 1, 1, 1, 1, 1, 1, 1, 1, 1, 1, 1, 1, 1, 1, 1, 1, 1, 1, 1, 1, 1, 1, 1, 1, 1, 1, 1, 1, 1, 1, 1, 1, 1, 1, 1, 1, 1, 1, 1, 1, 1, 1, 1, 1, 1, 1, 1, 1, 1, 1, 1, 1, 1, 1, 1, 1, 1, 1, 1, 1, 1, 1, 1, 1, 1, 1, 1, 1, 1, 1, 1, 1, 1, 1, 1, 1, 1, 1, 1, 1, 1, 1, 1, 1, 1, 1, 1, 1, 1, 1, 1, 1, 1, 1, 1, 1, 1, 1, 1, 1, 1, 1, 1, 1, 1, 1, 1, 1, 1, 1, 1, 1, 1, 1, 1, 1, 1, 1, 1, 1, 1, 1, 1, 1, 1, 1, 1, 1, 1, 1, 1, 1, 1, 1, 1, 1, 1, 1, 1, 1, 1, 1, 1, 1, 1, 1, 1, 1, 1, 1, 1, 1, 1, 1]",320,1,1,1.0,17,0.0,0.0,0.0,False,0,0,0,BF16,CUDA_EVENT,generic,generic,none
0.004360000137239695,0.018200000748038292,0.007216000184416771,0.004519999958574772,0.005492313455019893,5,0.014399999752640724,0.039799999445676804,0.01959199979901314,0.014639999717473984,0.010104807393998688,5,0.004360000137239695,0.007679999805986881,0.005063999909907579,0.00443999981507659,0.0013083362935362435,5,5.3863348960876465,5.5800957679748535,5.437063217163086,5.404135227203369,0.07198707352667766,5,0.004360000137239695,0.004519999958574772,0.004440000001341105,0.00443999981507659,5.656851225467499e-05,5,2880,64,8,16,8,9216,512,0,8192,False,TORCH_SDPA,False,even,"[1, 1, 1, 1, 1, 1, 1, 1, 1, 1, 1, 1, 1, 1, 1, 1, 1, 1, 1, 1, 1, 1, 1, 1, 1, 1, 1, 1, 1, 1, 1, 1, 1, 1, 1, 1, 1, 1, 1, 1, 1, 1, 1, 1, 1, 1, 1, 1, 1, 1, 1, 1, 1, 1, 1, 1, 1, 1, 1, 1, 1, 1, 1, 1, 1, 1, 1, 1, 1, 1, 1, 1, 1, 1, 1, 1, 1, 1, 1, 1, 1, 1, 1, 1, 1, 1, 1, 1, 1, 1, 1, 1, 1, 1, 1, 1, 1, 1, 1, 1, 1, 1, 1, 1, 1, 1, 1, 1, 1, 1, 1, 1, 1, 1, 1, 1, 1, 1, 1, 1, 1, 1, 1, 1, 1, 1, 1, 1, 1, 1, 1, 1, 1, 1, 1, 1, 1, 1, 1, 1, 1, 1, 1, 1, 1, 1, 1, 1, 1, 1, 1, 1, 1, 1, 1, 1, 1, 1, 1, 1, 1, 1, 1, 1, 1, 1, 1, 1, 1, 1, 1, 1, 1, 1, 1, 1, 1, 1, 1, 1, 1, 1, 1, 1, 1, 1, 1, 1, 1, 1, 1, 1, 1, 1, 1, 1, 1, 1, 1, 1, 1, 1, 1, 1, 1, 1, 1, 1, 1, 1, 1, 1, 1, 1, 1, 1, 1, 1, 1, 1, 1, 1, 1, 1, 1, 1, 1, 1, 1, 1, 1, 1, 1, 1, 1, 1, 1, 1, 1, 1, 1, 1, 1, 1, 1, 1, 1, 1, 1, 1, 1, 1, 1, 1, 1, 1, 1, 1, 1, 1, 1, 1, 1, 1, 1, 1, 1, 1, 1, 1, 1, 1, 1, 1, 1, 1, 1, 1, 1, 1, 1, 1, 1, 1, 1, 1, 1, 1, 1, 1, 1, 1, 1, 1, 1, 1, 1, 1, 1, 1, 1, 1, 1, 1, 1, 1, 1, 1, 1, 1, 1, 1, 1, 1, 1, 1, 1, 1, 1, 1, 1, 1, 1, 1, 1, 1, 1, 1, 1, 1, 1, 1, 1, 1, 1, 1, 1, 1, 1, 1, 1, 1, 1, 1, 1, 1, 1, 1, 1, 1, 1, 1, 1, 1, 1, 1, 1, 1, 1, 1, 1, 1, 1, 1, 1, 1, 1, 1, 1, 1, 1, 1, 1, 1, 1, 1, 1, 1, 1, 1, 1, 1, 1, 1, 1, 1, 1, 1, 1, 1, 1, 1, 1, 1, 1, 1, 1, 1, 1, 1, 1, 1, 1, 1, 1, 1, 1, 1, 1, 1, 1, 1, 1, 1, 1, 1, 1, 1, 1, 1, 1, 1, 1, 1, 1, 1, 1, 1, 1, 1, 1, 1, 1, 1, 1, 1, 1, 1, 1, 1, 1, 1, 1, 1, 1, 1, 1, 1, 1, 1, 1, 1, 1, 1, 1, 1, 1, 1, 1, 1, 1, 1, 1, 1, 1, 1, 1, 1, 1, 1, 1, 1, 1, 1, 1, 1, 1, 1, 1, 1, 1, 1, 1, 1, 1, 1, 1, 1, 1, 1, 1, 1, 1, 1, 1, 1, 1, 1, 1, 1, 1, 1, 1, 1, 1, 1, 1, 1, 1, 1, 1, 1]",512,1,1,1.0,22,0.0,0.0,0.0,False,0,0,0,BF16,CUDA_EVENT,generic,generic,none
0.004480000119656324,0.004559999797493219,0.004511999990791082,0.004519999958574772,2.993313855179537e-05,5,0.01432000007480383,0.02548000030219555,0.016888000071048737,0.014840000309050083,0.0043019922080403976,5,0.004399999976158142,0.007120000198483467,0.005008000042289495,0.004480000119656324,0.001057211501651196,5,1.6575239896774292,1.758963942527771,1.6840443849563598,1.6687250137329102,0.037691060758475,5,0.00443999981507659,0.004559999797493219,0.004511999897658825,0.004519999958574772,4.6647571055609506e-05,5,2880,64,8,16,8,9216,256,0,5120,False,TORCH_SDPA,False,even,"[1, 1, 1, 1, 1, 1, 1, 1, 1, 1, 1, 1, 1, 1, 1, 1, 1, 1, 1, 1, 1, 1, 1, 1, 1, 1, 1, 1, 1, 1, 1, 1, 1, 1, 1, 1, 1, 1, 1, 1, 1, 1, 1, 1, 1, 1, 1, 1, 1, 1, 1, 1, 1, 1, 1, 1, 1, 1, 1, 1, 1, 1, 1, 1, 1, 1, 1, 1, 1, 1, 1, 1, 1, 1, 1, 1, 1, 1, 1, 1, 1, 1, 1, 1, 1, 1, 1, 1, 1, 1, 1, 1, 1, 1, 1, 1, 1, 1, 1, 1, 1, 1, 1, 1, 1, 1, 1, 1, 1, 1, 1, 1, 1, 1, 1, 1, 1, 1, 1, 1, 1, 1, 1, 1, 1, 1, 1, 1, 1, 1, 1, 1, 1, 1, 1, 1, 1, 1, 1, 1, 1, 1, 1, 1, 1, 1, 1, 1, 1, 1, 1, 1, 1, 1, 1, 1, 1, 1, 1, 1, 1, 1, 1, 1, 1, 1, 1, 1, 1, 1, 1, 1, 1, 1, 1, 1, 1, 1, 1, 1, 1, 1, 1, 1, 1, 1, 1, 1, 1, 1, 1, 1, 1, 1, 1, 1, 1, 1, 1, 1, 1, 1, 1, 1, 1, 1, 1, 1, 1, 1, 1, 1, 1, 1, 1, 1, 1, 1, 1, 1, 1, 1, 1, 1, 1, 1, 1, 1, 1, 1, 1, 1, 1, 1, 1, 1, 1, 1, 1, 1, 1, 1, 1, 1, 1, 1, 1, 1, 1, 1, 1, 1, 1, 1, 1, 1]",256,1,1,1.0,16,0.0,0.0,0.0,False,0,0,0,BF16,CUDA_EVENT,generic,generic,none
0.004480000119656324,0.004600000102072954,0.004544000048190356,0.004559999797493219,5.425861360592359e-05,5,0.012360000051558018,0.02239999920129776,0.014551999792456628,0.012679999694228172,0.003928268538927962,5,0.004480000119656324,0.006519999820739031,0.005143999960273505,0.004519999958574772,0.0008246598560552684,5,0.3192810118198395,0.3439210057258606,0.32562480568885804,0.3219209909439087,0.009210971798119846,5,0.004399999976158142,0.004639999940991402,0.004535999987274409,0.004559999797493219,8.616261852424195e-05,5,2880,64,8,16,8,9216,48,0,4096,False,TORCH_SDPA,False,even,"[1, 1, 1, 1, 1, 1, 1, 1, 1, 1, 1, 1, 1, 1, 1, 1, 1, 1, 1, 1, 1, 1, 1, 1, 1, 1, 1, 1, 1, 1, 1, 1, 1, 1, 1, 1, 1, 1, 1, 1, 1, 1, 1, 1, 1, 1, 1, 1]",48,1,1,1.0,6,0.0,0.0,0.0,False,0,0,0,BF16,CUDA_EVENT,generic,generic,none
0.004519999958574772,0.0055599999614059925,0.004743999987840653,0.004519999958574772,0.0004091747703104608,5,0.012160000391304493,0.04447999969124794,0.01918400004506111,0.013000000268220901,0.012656611691357676,5,0.004559999797493219,0.006680000107735395,0.005119999963790178,0.004600000102072954,0.000817019055574449,5,0.15907999873161316,0.17520099878311157,0.16264860033988954,0.15952099859714508,0.006284671905978303,5,0.004519999958574772,0.004639999940991402,0.004575999919325113,0.004559999797493219,4.079219274941178e-05,5,2880,64,8,16,8,9216,16,0,4096,False,TORCH_SDPA,False,even,"[1, 1, 1, 1, 1, 1, 1, 1, 1, 1, 1, 1, 1, 1, 1, 1]",16,1,1,1.0,4,0.0,0.0,0.0,False,0,0,0,BF16,CUDA_EVENT,generic,generic,none
0.004480000119656324,0.0069599999114871025,0.005007999949157238,0.004519999958574772,0.0009763277923317296,5,0.010680999606847763,0.02295999974012375,0.013464199751615525,0.01143999956548214,0.0047607636559439314,5,0.004519999958574772,0.006039999891072512,0.0049519998952746395,0.004559999797493219,0.0005820790538099034,5,0.20332099497318268,0.22023999691009521,0.20736039876937867,0.20464099943637848,0.00646530470952936,5,0.004480000119656324,0.004600000102072954,0.0045519999228417875,0.004559999797493219,3.919179212101793e-05,5,2880,64,8,16,8,9216,8,0,6144,False,TORCH_SDPA,False,even,"[1, 1, 1, 1, 1, 1, 1, 1]",8,1,1,1.0,2,0.0,0.0,0.0,False,0,0,0,BF16,CUDA_EVENT,generic,generic,none
0.004279999993741512,0.004559999797493219,0.004447999969124794,0.004480000119656324,9.927734960500925e-05,5,0.012520000338554382,0.01955999992787838,0.013952000066637993,0.012559999711811543,0.002804156843325257,5,0.004399999976158142,0.005520000122487545,0.004695999994874,0.004519999958574772,0.0004146131352764684,5,0.7278019785881042,0.7943620085716248,0.7463539958000183,0.7370420098304749,0.024407749400700566,5,0.004399999976158142,0.0061599998734891415,0.004807999916374683,0.004519999958574772,0.0006775957292065981,5,2880,64,8,16,8,9216,64,0,9216,False,TORCH_SDPA,False,even,"[1, 1, 1, 1, 1, 1, 1, 1, 1, 1, 1, 1, 1, 1, 1, 1, 1, 1, 1, 1, 1, 1, 1, 1, 1, 1, 1, 1, 1, 1, 1, 1, 1, 1, 1, 1, 1, 1, 1, 1, 1, 1, 1, 1, 1, 1, 1, 1, 1, 1, 1, 1, 1, 1, 1, 1, 1, 1, 1, 1, 1, 1, 1, 1]",64,1,1,1.0,8,0.0,0.0,0.0,False,0,0,0,BF16,CUDA_EVENT,generic,generic,none
0.004399999976158142,0.008200000040233135,0.005183999985456466,0.00443999981507659,0.0015082917770871999,5,0.014720000326633453,0.023399999365210533,0.016519999876618386,0.014840000309050083,0.0034404648275901967,5,0.004360000137239695,0.005799999926239252,0.004704000055789947,0.004480000119656324,0.0005499672083277968,5,2.993048906326294,3.1366469860076904,3.0234161853790282,2.9965689182281494,0.056645332999150456,5,0.004399999976158142,0.004480000119656324,0.004456000030040741,0.004480000119656324,3.2000080682464336e-05,5,2880,64,8,16,8,9216,256,0,9216,False,TORCH_SDPA,False,even,"[1, 1, 1, 1, 1, 1, 1, 1, 1, 1, 1, 1, 1, 1, 1, 1, 1, 1, 1, 1, 1, 1, 1, 1, 1, 1, 1, 1, 1, 1, 1, 1, 1, 1, 1, 1, 1, 1, 1, 1, 1, 1, 1, 1, 1, 1, 1, 1, 1, 1, 1, 1, 1, 1, 1, 1, 1, 1, 1, 1, 1, 1, 1, 1, 1, 1, 1, 1, 1, 1, 1, 1, 1, 1, 1, 1, 1, 1, 1, 1, 1, 1, 1, 1, 1, 1, 1, 1, 1, 1, 1, 1, 1, 1, 1, 1, 1, 1, 1, 1, 1, 1, 1, 1, 1, 1, 1, 1, 1, 1, 1, 1, 1, 1, 1, 1, 1, 1, 1, 1, 1, 1, 1, 1, 1, 1, 1, 1, 1, 1, 1, 1, 1, 1, 1, 1, 1, 1, 1, 1, 1, 1, 1, 1, 1, 1, 1, 1, 1, 1, 1, 1, 1, 1, 1, 1, 1, 1, 1, 1, 1, 1, 1, 1, 1, 1, 1, 1, 1, 1, 1, 1, 1, 1, 1, 1, 1, 1, 1, 1, 1, 1, 1, 1, 1, 1, 1, 1, 1, 1, 1, 1, 1, 1, 1, 1, 1, 1, 1, 1, 1, 1, 1, 1, 1, 1, 1, 1, 1, 1, 1, 1, 1, 1, 1, 1, 1, 1, 1, 1, 1, 1, 1, 1, 1, 1, 1, 1, 1, 1, 1, 1, 1, 1, 1, 1, 1, 1, 1, 1, 1, 1, 1, 1, 1, 1, 1, 1, 1, 1, 1, 1, 1, 1, 1, 1]",256,1,1,1.0,16,0.0,0.0,0.0,False,0,0,0,BF16,CUDA_EVENT,generic,generic,none
0.00443999981507659,0.004519999958574772,0.004479999933391809,0.004480000119656324,3.5777151814455904e-05,5,0.014519999735057354,0.023000000044703484,0.016287999972701073,0.014600000344216824,0.0033569891615854094,5,0.00443999981507659,0.005439999978989363,0.004679999966174364,0.004519999958574772,0.0003811561452939546,5,2.391364097595215,2.530643939971924,2.4329959869384767,2.416163921356201,0.051059331854661244,5,0.004480000119656324,0.004600000102072954,0.00450400011613965,0.004480000119656324,4.7999992966651915e-05,5,2880,64,8,16,8,9216,448,0,4096,False,TORCH_SDPA,False,even,"[1, 1, 1, 1, 1, 1, 1, 1, 1, 1, 1, 1, 1, 1, 1, 1, 1, 1, 1, 1, 1, 1, 1, 1, 1, 1, 1, 1, 1, 1, 1, 1, 1, 1, 1, 1, 1, 1, 1, 1, 1, 1, 1, 1, 1, 1, 1, 1, 1, 1, 1, 1, 1, 1, 1, 1, 1, 1, 1, 1, 1, 1, 1, 1, 1, 1, 1, 1, 1, 1, 1, 1, 1, 1, 1, 1, 1, 1, 1, 1, 1, 1, 1, 1, 1, 1, 1, 1, 1, 1, 1, 1, 1, 1, 1, 1, 1, 1, 1, 1, 1, 1, 1, 1, 1, 1, 1, 1, 1, 1, 1, 1, 1, 1, 1, 1, 1, 1, 1, 1, 1, 1, 1, 1, 1, 1, 1, 1, 1, 1, 1, 1, 1, 1, 1, 1, 1, 1, 1, 1, 1, 1, 1, 1, 1, 1, 1, 1, 1, 1, 1, 1, 1, 1, 1, 1, 1, 1, 1, 1, 1, 1, 1, 1, 1, 1, 1, 1, 1, 1, 1, 1, 1, 1, 1, 1, 1, 1, 1, 1, 1, 1, 1, 1, 1, 1, 1, 1, 1, 1, 1, 1, 1, 1, 1, 1, 1, 1, 1, 1, 1, 1, 1, 1, 1, 1, 1, 1, 1, 1, 1, 1, 1, 1, 1, 1, 1, 1, 1, 1, 1, 1, 1, 1, 1, 1, 1, 1, 1, 1, 1, 1, 1, 1, 1, 1, 1, 1, 1, 1, 1, 1, 1, 1, 1, 1, 1, 1, 1, 1, 1, 1, 1, 1, 1, 1, 1, 1, 1, 1, 1, 1, 1, 1, 1, 1, 1, 1, 1, 1, 1, 1, 1, 1, 1, 1, 1, 1, 1, 1, 1, 1, 1, 1, 1, 1, 1, 1, 1, 1, 1, 1, 1, 1, 1, 1, 1, 1, 1, 1, 1, 1, 1, 1, 1, 1, 1, 1, 1, 1, 1, 1, 1, 1, 1, 1, 1, 1, 1, 1, 1, 1, 1, 1, 1, 1, 1, 1, 1, 1, 1, 1, 1, 1, 1, 1, 1, 1, 1, 1, 1, 1, 1, 1, 1, 1, 1, 1, 1, 1, 1, 1, 1, 1, 1, 1, 1, 1, 1, 1, 1, 1, 1, 1, 1, 1, 1, 1, 1, 1, 1, 1, 1, 1, 1, 1, 1, 1, 1, 1, 1, 1, 1, 1, 1, 1, 1, 1, 1, 1, 1, 1, 1, 1, 1, 1, 1, 1, 1, 1, 1, 1, 1, 1, 1, 1, 1, 1, 1, 1, 1, 1, 1, 1, 1, 1, 1, 1, 1, 1, 1, 1, 1, 1, 1, 1, 1, 1, 1, 1, 1, 1, 1, 1, 1, 1, 1, 1, 1, 1, 1, 1, 1, 1, 1, 1, 1, 1]",448,1,1,1.0,21,0.0,0.0,0.0,False,0,0,0,BF16,CUDA_EVENT,generic,generic,none
0.004120000172406435,0.007240000180900097,0.004856000002473593,0.00431999983265996,0.0011958863663711994,5,0.014120000414550304,0.022280000150203705,0.016024000197649,0.014600000344216824,0.003133366208575213,5,0.00419999985024333,0.005239999853074551,0.00447199996560812,0.004240000154823065,0.00039305972165805863,5,4.752011775970459,4.828291893005371,4.770020294189453,4.754572868347168,0.029297675064395477,5,0.00419999985024333,0.004360000137239695,0.004296000022441149,0.004279999993741512,5.986662557258982e-05,5,2880,64,8,16,8,9216,448,0,8192,False,TORCH_SDPA,False,even,"[1, 1, 1, 1, 1, 1, 1, 1, 1, 1, 1, 1, 1, 1, 1, 1, 1, 1, 1, 1, 1, 1, 1, 1, 1, 1, 1, 1, 1, 1, 1, 1, 1, 1, 1, 1, 1, 1, 1, 1, 1, 1, 1, 1, 1, 1, 1, 1, 1, 1, 1, 1, 1, 1, 1, 1, 1, 1, 1, 1, 1, 1, 1, 1, 1, 1, 1, 1, 1, 1, 1, 1, 1, 1, 1, 1, 1, 1, 1, 1, 1, 1, 1, 1, 1, 1, 1, 1, 1, 1, 1, 1, 1, 1, 1, 1, 1, 1, 1, 1, 1, 1, 1, 1, 1, 1, 1, 1, 1, 1, 1, 1, 1, 1, 1, 1, 1, 1, 1, 1, 1, 1, 1, 1, 1, 1, 1, 1, 1, 1, 1, 1, 1, 1, 1, 1, 1, 1, 1, 1, 1, 1, 1, 1, 1, 1, 1, 1, 1, 1, 1, 1, 1, 1, 1, 1, 1, 1, 1, 1, 1, 1, 1, 1, 1, 1, 1, 1, 1, 1, 1, 1, 1, 1, 1, 1, 1, 1, 1, 1, 1, 1, 1, 1, 1, 1, 1, 1, 1, 1, 1, 1, 1, 1, 1, 1, 1, 1, 1, 1, 1, 1, 1, 1, 1, 1, 1, 1, 1, 1, 1, 1, 1, 1, 1, 1, 1, 1, 1, 1, 1, 1, 1, 1, 1, 1, 1, 1, 1, 1, 1, 1, 1, 1, 1, 1, 1, 1, 1, 1, 1, 1, 1, 1, 1, 1, 1, 1, 1, 1, 1, 1, 1, 1, 1, 1, 1, 1, 1, 1, 1, 1, 1, 1, 1, 1, 1, 1, 1, 1, 1, 1, 1, 1, 1, 1, 1, 1, 1, 1, 1, 1, 1, 1, 1, 1, 1, 1, 1, 1, 1, 1, 1, 1, 1, 1, 1, 1, 1, 1, 1, 1, 1, 1, 1, 1, 1, 1, 1, 1, 1, 1, 1, 1, 1, 1, 1, 1, 1, 1, 1, 1, 1, 1, 1, 1, 1, 1, 1, 1, 1, 1, 1, 1, 1, 1, 1, 1, 1, 1, 1, 1, 1, 1, 1, 1, 1, 1, 1, 1, 1, 1, 1, 1, 1, 1, 1, 1, 1, 1, 1, 1, 1, 1, 1, 1, 1, 1, 1, 1, 1, 1, 1, 1, 1, 1, 1, 1, 1, 1, 1, 1, 1, 1, 1, 1, 1, 1, 1, 1, 1, 1, 1, 1, 1, 1, 1, 1, 1, 1, 1, 1, 1, 1, 1, 1, 1, 1, 1, 1, 1, 1, 1, 1, 1, 1, 1, 1, 1, 1, 1, 1, 1, 1, 1, 1, 1, 1, 1, 1, 1, 1, 1, 1, 1, 1, 1, 1, 1, 1, 1, 1, 1, 1, 1, 1, 1, 1]",448,1,1,1.0,21,0.0,0.0,0.0,False,0,0,0,BF16,CUDA_EVENT,generic,generic,none
0.004240000154823065,0.01923999935388565,0.007319999858736992,0.00431999983265996,0.005960778219611888,5,0.012520000338554382,0.06632100045681,0.02335220016539097,0.012600000016391277,0.0214845546761546,5,0.00419999985024333,0.008080000057816505,0.005487999971956014,0.004279999993741512,0.0015950724034128863,5,0.6684809923171997,0.7605220079421997,0.6910416007041931,0.6748420000076294,0.035006902862457466,5,0.004279999993741512,0.00443999981507659,0.0043439999222755436,0.00431999983265996,5.4258613605923594e-05,5,2880,64,8,16,8,9216,48,0,9216,False,TORCH_SDPA,False,even,"[1, 1, 1, 1, 1, 1, 1, 1, 1, 1, 1, 1, 1, 1, 1, 1, 1, 1, 1, 1, 1, 1, 1, 1, 1, 1, 1, 1, 1, 1, 1, 1, 1, 1, 1, 1, 1, 1, 1, 1, 1, 1, 1, 1, 1, 1, 1, 1]",48,1,1,1.0,6,0.0,0.0,0.0,False,0,0,0,BF16,CUDA_EVENT,generic,generic,none
0.00443999981507659,0.011839999817311764,0.0059679999016225335,0.004519999958574772,0.002936272424478516,5,0.01432000007480383,0.042520999908447266,0.020120200142264365,0.014440000057220459,0.01120277097687698,5,0.004480000119656324,0.00800000037997961,0.005456000100821257,0.004600000102072954,0.0013549554366647292,5,2.0349650382995605,2.1448850631713867,2.0642534255981446,2.0488059520721436,0.04063783741088715,5,0.00443999981507659,0.005160000175237656,0.004640000034123659,0.004519999958574772,0.0002653300660320297,5,2880,64,8,16,8,9216,384,0,4096,False,TORCH_SDPA,False,even,"[1, 1, 1, 1, 1, 1, 1, 1, 1, 1, 1, 1, 1, 1, 1, 1, 1, 1, 1, 1, 1, 1, 1, 1, 1, 1, 1, 1, 1, 1, 1, 1, 1, 1, 1, 1, 1, 1, 1, 1, 1, 1, 1, 1, 1, 1, 1, 1, 1, 1, 1, 1, 1, 1, 1, 1, 1, 1, 1, 1, 1, 1, 1, 1, 1, 1, 1, 1, 1, 1, 1, 1, 1, 1, 1, 1, 1, 1, 1, 1, 1, 1, 1, 1, 1, 1, 1, 1, 1, 1, 1, 1, 1, 1, 1, 1, 1, 1, 1, 1, 1, 1, 1, 1, 1, 1, 1, 1, 1, 1, 1, 1, 1, 1, 1, 1, 1, 1, 1, 1, 1, 1, 1, 1, 1, 1, 1, 1, 1, 1, 1, 1, 1, 1, 1, 1, 1, 1, 1, 1, 1, 1, 1, 1, 1, 1, 1, 1, 1, 1, 1, 1, 1, 1, 1, 1, 1, 1, 1, 1, 1, 1, 1, 1, 1, 1, 1, 1, 1, 1, 1, 1, 1, 1, 1, 1, 1, 1, 1, 1, 1, 1, 1, 1, 1, 1, 1, 1, 1, 1, 1, 1, 1, 1, 1, 1, 1, 1, 1, 1, 1, 1, 1, 1, 1, 1, 1, 1, 1, 1, 1, 1, 1, 1, 1, 1, 1, 1, 1, 1, 1, 1, 1, 1, 1, 1, 1, 1, 1, 1, 1, 1, 1, 1, 1, 1, 1, 1, 1, 1, 1, 1, 1, 1, 1, 1, 1, 1, 1, 1, 1, 1, 1, 1, 1, 1, 1, 1, 1, 1, 1, 1, 1, 1, 1, 1, 1, 1, 1, 1, 1, 1, 1, 1, 1, 1, 1, 1, 1, 1, 1, 1, 1, 1, 1, 1, 1, 1, 1, 1, 1, 1, 1, 1, 1, 1, 1, 1, 1, 1, 1, 1, 1, 1, 1, 1, 1, 1, 1, 1, 1, 1, 1, 1, 1, 1, 1, 1, 1, 1, 1, 1, 1, 1, 1, 1, 1, 1, 1, 1, 1, 1, 1, 1, 1, 1, 1, 1, 1, 1, 1, 1, 1, 1, 1, 1, 1, 1, 1, 1, 1, 1, 1, 1, 1, 1, 1, 1, 1, 1, 1, 1, 1, 1, 1, 1, 1, 1, 1, 1, 1, 1, 1, 1, 1, 1, 1, 1, 1, 1, 1, 1, 1, 1]",384,1,1,1.0,19,0.0,0.0,0.0,False,0,0,0,BF16,CUDA_EVENT,generic,generic,none
0.004360000137239695,0.004519999958574772,0.00447199996560812,0.004519999958574772,6.39999518171588e-05,5,0.014519999735057354,0.01923999935388565,0.015959999710321426,0.014759999699890614,0.0018066541925034387,5,0.004519999958574772,0.005840000230818987,0.00481599997729063,0.004559999797493219,0.0005126247478443842,5,1.4674439430236816,1.5468839406967163,1.4931479930877685,1.481444001197815,0.028254251685667305,5,0.00443999981507659,0.004519999958574772,0.004487999994307756,0.004480000119656324,2.9933287895859092e-05,5,2880,64,8,16,8,9216,192,0,6144,False,TORCH_SDPA,False,even,"[1, 1, 1, 1, 1, 1, 1, 1, 1, 1, 1, 1, 1, 1, 1, 1, 1, 1, 1, 1, 1, 1, 1, 1, 1, 1, 1, 1, 1, 1, 1, 1, 1, 1, 1, 1, 1, 1, 1, 1, 1, 1, 1, 1, 1, 1, 1, 1, 1, 1, 1, 1, 1, 1, 1, 1, 1, 1, 1, 1, 1, 1, 1, 1, 1, 1, 1, 1, 1, 1, 1, 1, 1, 1, 1, 1, 1, 1, 1, 1, 1, 1, 1, 1, 1, 1, 1, 1, 1, 1, 1, 1, 1, 1, 1, 1, 1, 1, 1, 1, 1, 1, 1, 1, 1, 1, 1, 1, 1, 1, 1, 1, 1, 1, 1, 1, 1, 1, 1, 1, 1, 1, 1, 1, 1, 1, 1, 1, 1, 1, 1, 1, 1, 1, 1, 1, 1, 1, 1, 1, 1, 1, 1, 1, 1, 1, 1, 1, 1, 1, 1, 1, 1, 1, 1, 1, 1, 1, 1, 1, 1, 1, 1, 1, 1, 1, 1, 1, 1, 1, 1, 1, 1, 1, 1, 1, 1, 1, 1, 1, 1, 1, 1, 1, 1, 1, 1, 1, 1, 1, 1, 1]",192,1,1,1.0,13,0.0,0.0,0.0,False,0,0,0,BF16,CUDA_EVENT,generic,generic,none
0.004480000119656324,0.012480000033974648,0.006111999973654747,0.004519999958574772,0.0031841005302760093,5,0.012319999746978283,0.04244000092148781,0.018496000207960606,0.012600000016391277,0.011972838950992257,5,0.004480000119656324,0.0074800001457333565,0.005128000024706125,0.004559999797493219,0.0011766801352183132,5,0.39424100518226624,0.4450809955596924,0.40542479753494265,0.3959600031375885,0.01983895878563324,5,0.00443999981507659,0.004840000066906214,0.004607999976724386,0.004600000102072954,0.00013481846688041165,5,2880,64,8,16,8,9216,48,0,5120,False,TORCH_SDPA,False,even,"[1, 1, 1, 1, 1, 1, 1, 1, 1, 1, 1, 1, 1, 1, 1, 1, 1, 1, 1, 1, 1, 1, 1, 1, 1, 1, 1, 1, 1, 1, 1, 1, 1, 1, 1, 1, 1, 1, 1, 1, 1, 1, 1, 1, 1, 1, 1, 1]",48,1,1,1.0,6,0.0,0.0,0.0,False,0,0,0,BF16,CUDA_EVENT,generic,generic,none
0.00443999981507659,0.004559999797493219,0.004495999868959188,0.004480000119656324,5.425861360592359e-05,5,0.012319999746978283,0.02824000082910061,0.016240200214087962,0.012841000221669674,0.0061052570556827356,5,0.00443999981507659,0.00535999983549118,0.004679999873042106,0.004559999797493219,0.00034316174447978444,5,0.2242400050163269,0.2478010058403015,0.22994460463523864,0.22448000311851501,0.009107732147110085,5,0.004519999958574772,0.004600000102072954,0.00457600001245737,0.004600000102072954,3.2000080682464336e-05,5,2880,64,8,16,8,9216,32,0,5120,False,TORCH_SDPA,False,even,"[1, 1, 1, 1, 1, 1, 1, 1, 1, 1, 1, 1, 1, 1, 1, 1, 1, 1, 1, 1, 1, 1, 1, 1, 1, 1, 1, 1, 1, 1, 1, 1]",32,1,1,1.0,5,0.0,0.0,0.0,False,0,0,0,BF16,CUDA_EVENT,generic,generic,none
0.00443999981507659,0.01844000071287155,0.007304000109434128,0.004559999797493219,0.005568287650972151,5,0.014600000344216824,0.06140099838376045,0.024032399617135526,0.014680000022053719,0.018684478680589096,5,0.004519999958574772,0.005799999926239252,0.004783999919891357,0.004519999958574772,0.0005082361668474172,5,1.3392839431762695,1.434283971786499,1.3686755895614624,1.3621629476547241,0.03410164906363109,5,0.004480000119656324,0.006039999891072512,0.00481599997729063,0.004519999958574772,0.0006127184836015144,5,2880,64,8,16,8,9216,256,0,4096,False,TORCH_SDPA,False,even,"[1, 1, 1, 1, 1, 1, 1, 1, 1, 1, 1, 1, 1, 1, 1, 1, 1, 1, 1, 1, 1, 1, 1, 1, 1, 1, 1, 1, 1, 1, 1, 1, 1, 1, 1, 1, 1, 1, 1, 1, 1, 1, 1, 1, 1, 1, 1, 1, 1, 1, 1, 1, 1, 1, 1, 1, 1, 1, 1, 1, 1, 1, 1, 1, 1, 1, 1, 1, 1, 1, 1, 1, 1, 1, 1, 1, 1, 1, 1, 1, 1, 1, 1, 1, 1, 1, 1, 1, 1, 1, 1, 1, 1, 1, 1, 1, 1, 1, 1, 1, 1, 1, 1, 1, 1, 1, 1, 1, 1, 1, 1, 1, 1, 1, 1, 1, 1, 1, 1, 1, 1, 1, 1, 1, 1, 1, 1, 1, 1, 1, 1, 1, 1, 1, 1, 1, 1, 1, 1, 1, 1, 1, 1, 1, 1, 1, 1, 1, 1, 1, 1, 1, 1, 1, 1, 1, 1, 1, 1, 1, 1, 1, 1, 1, 1, 1, 1, 1, 1, 1, 1, 1, 1, 1, 1, 1, 1, 1, 1, 1, 1, 1, 1, 1, 1, 1, 1, 1, 1, 1, 1, 1, 1, 1, 1, 1, 1, 1, 1, 1, 1, 1, 1, 1, 1, 1, 1, 1, 1, 1, 1, 1, 1, 1, 1, 1, 1, 1, 1, 1, 1, 1, 1, 1, 1, 1, 1, 1, 1, 1, 1, 1, 1, 1, 1, 1, 1, 1, 1, 1, 1, 1, 1, 1, 1, 1, 1, 1, 1, 1, 1, 1, 1, 1, 1, 1]",256,1,1,1.0,16,0.0,0.0,0.0,False,0,0,0,BF16,CUDA_EVENT,generic,generic,none
0.004519999958574772,0.004800000227987766,0.004607999976724386,0.004559999797493219,9.927752221567622e-05,5,0.009680000133812428,0.021239999681711197,0.012512000091373921,0.010200000368058681,0.004399665222883134,5,0.004519999958574772,0.005679999943822622,0.004911999963223934,0.004639999940991402,0.00045914703939389654,5,0.24928100407123566,0.2653610110282898,0.2532888025045395,0.25036099553108215,0.0060946896179840315,5,0.00443999981507659,0.004600000102072954,0.004528000019490719,0.004519999958574772,6.400007987400752e-05,5,2880,64,8,16,8,9216,4,0,8192,False,TORCH_SDPA,False,even,"[1, 1, 1, 1]",4,1,1,1.0,2,0.0,0.0,0.0,False,0,0,0,BF16,CUDA_EVENT,generic,generic,none
0.004360000137239695,0.0063599999994039536,0.004808000102639198,0.004480000119656324,0.0007778534045984829,5,0.014321000315248966,0.021560000255703926,0.01608820017427206,0.014639999717473984,0.0027555669438837087,5,0.00431999983265996,0.01071999967098236,0.005687999911606312,0.004480000119656324,0.002516937703468452,5,5.302093982696533,5.3689727783203125,5.3179497718811035,5.304893970489502,0.025704533372335945,5,0.004360000137239695,0.004519999958574772,0.004456000030040741,0.004480000119656324,5.425861360592359e-05,5,2880,64,8,16,8,9216,448,0,9216,False,TORCH_SDPA,False,even,"[1, 1, 1, 1, 1, 1, 1, 1, 1, 1, 1, 1, 1, 1, 1, 1, 1, 1, 1, 1, 1, 1, 1, 1, 1, 1, 1, 1, 1, 1, 1, 1, 1, 1, 1, 1, 1, 1, 1, 1, 1, 1, 1, 1, 1, 1, 1, 1, 1, 1, 1, 1, 1, 1, 1, 1, 1, 1, 1, 1, 1, 1, 1, 1, 1, 1, 1, 1, 1, 1, 1, 1, 1, 1, 1, 1, 1, 1, 1, 1, 1, 1, 1, 1, 1, 1, 1, 1, 1, 1, 1, 1, 1, 1, 1, 1, 1, 1, 1, 1, 1, 1, 1, 1, 1, 1, 1, 1, 1, 1, 1, 1, 1, 1, 1, 1, 1, 1, 1, 1, 1, 1, 1, 1, 1, 1, 1, 1, 1, 1, 1, 1, 1, 1, 1, 1, 1, 1, 1, 1, 1, 1, 1, 1, 1, 1, 1, 1, 1, 1, 1, 1, 1, 1, 1, 1, 1, 1, 1, 1, 1, 1, 1, 1, 1, 1, 1, 1, 1, 1, 1, 1, 1, 1, 1, 1, 1, 1, 1, 1, 1, 1, 1, 1, 1, 1, 1, 1, 1, 1, 1, 1, 1, 1, 1, 1, 1, 1, 1, 1, 1, 1, 1, 1, 1, 1, 1, 1, 1, 1, 1, 1, 1, 1, 1, 1, 1, 1, 1, 1, 1, 1, 1, 1, 1, 1, 1, 1, 1, 1, 1, 1, 1, 1, 1, 1, 1, 1, 1, 1, 1, 1, 1, 1, 1, 1, 1, 1, 1, 1, 1, 1, 1, 1, 1, 1, 1, 1, 1, 1, 1, 1, 1, 1, 1, 1, 1, 1, 1, 1, 1, 1, 1, 1, 1, 1, 1, 1, 1, 1, 1, 1, 1, 1, 1, 1, 1, 1, 1, 1, 1, 1, 1, 1, 1, 1, 1, 1, 1, 1, 1, 1, 1, 1, 1, 1, 1, 1, 1, 1, 1, 1, 1, 1, 1, 1, 1, 1, 1, 1, 1, 1, 1, 1, 1, 1, 1, 1, 1, 1, 1, 1, 1, 1, 1, 1, 1, 1, 1, 1, 1, 1, 1, 1, 1, 1, 1, 1, 1, 1, 1, 1, 1, 1, 1, 1, 1, 1, 1, 1, 1, 1, 1, 1, 1, 1, 1, 1, 1, 1, 1, 1, 1, 1, 1, 1, 1, 1, 1, 1, 1, 1, 1, 1, 1, 1, 1, 1, 1, 1, 1, 1, 1, 1, 1, 1, 1, 1, 1, 1, 1, 1, 1, 1, 1, 1, 1, 1, 1, 1, 1, 1, 1, 1, 1, 1, 1, 1, 1, 1, 1, 1, 1, 1, 1, 1, 1, 1, 1, 1, 1, 1, 1, 1, 1, 1, 1, 1, 1, 1, 1, 1, 1, 1, 1, 1, 1, 1]",448,1,1,1.0,21,0.0,0.0,0.0,False,0,0,0,BF16,CUDA_EVENT,generic,generic,none
0.004519999958574772,0.004600000102072954,0.0045519999228417875,0.004559999797493219,2.9933287895859092e-05,5,0.010759999975562096,0.038759998977184296,0.01680799964815378,0.010999999940395355,0.010994962872062988,5,0.004399999976158142,0.00675999978557229,0.0049599999561905864,0.004480000119656324,0.0009047429633076548,5,0.17624099552631378,0.1969199925661087,0.18046439588069915,0.17635999619960785,0.008228163440224302,5,0.00443999981507659,0.004800000227987766,0.00457600001245737,0.004559999797493219,0.00012547520937901844,5,2880,64,8,16,8,9216,8,0,5120,False,TORCH_SDPA,False,even,"[1, 1, 1, 1, 1, 1, 1, 1]",8,1,1,1.0,2,0.0,0.0,0.0,False,0,0,0,BF16,CUDA_EVENT,generic,generic,none
0.004399999976158142,0.1263200044631958,0.029296000860631465,0.004399999976158142,0.04852213266868982,5,0.014399999752640724,0.033479999750852585,0.01839999984949827,0.014639999717473984,0.007541288968251291,5,0.004399999976158142,0.007040000054985285,0.004992000013589859,0.004519999958574772,0.0010249370916433126,5,2.5029640197753906,2.6321640014648438,2.5421239852905275,2.5212440490722656,0.047052866734425464,5,0.004399999976158142,0.004559999797493219,0.00447199996560812,0.004480000119656324,5.306596546984384e-05,5,2880,64,8,16,8,9216,384,0,5120,False,TORCH_SDPA,False,even,"[1, 1, 1, 1, 1, 1, 1, 1, 1, 1, 1, 1, 1, 1, 1, 1, 1, 1, 1, 1, 1, 1, 1, 1, 1, 1, 1, 1, 1, 1, 1, 1, 1, 1, 1, 1, 1, 1, 1, 1, 1, 1, 1, 1, 1, 1, 1, 1, 1, 1, 1, 1, 1, 1, 1, 1, 1, 1, 1, 1, 1, 1, 1, 1, 1, 1, 1, 1, 1, 1, 1, 1, 1, 1, 1, 1, 1, 1, 1, 1, 1, 1, 1, 1, 1, 1, 1, 1, 1, 1, 1, 1, 1, 1, 1, 1, 1, 1, 1, 1, 1, 1, 1, 1, 1, 1, 1, 1, 1, 1, 1, 1, 1, 1, 1, 1, 1, 1, 1, 1, 1, 1, 1, 1, 1, 1, 1, 1, 1, 1, 1, 1, 1, 1, 1, 1, 1, 1, 1, 1, 1, 1, 1, 1, 1, 1, 1, 1, 1, 1, 1, 1, 1, 1, 1, 1, 1, 1, 1, 1, 1, 1, 1, 1, 1, 1, 1, 1, 1, 1, 1, 1, 1, 1, 1, 1, 1, 1, 1, 1, 1, 1, 1, 1, 1, 1, 1, 1, 1, 1, 1, 1, 1, 1, 1, 1, 1, 1, 1, 1, 1, 1, 1, 1, 1, 1, 1, 1, 1, 1, 1, 1, 1, 1, 1, 1, 1, 1, 1, 1, 1, 1, 1, 1, 1, 1, 1, 1, 1, 1, 1, 1, 1, 1, 1, 1, 1, 1, 1, 1, 1, 1, 1, 1, 1, 1, 1, 1, 1, 1, 1, 1, 1, 1, 1, 1, 1, 1, 1, 1, 1, 1, 1, 1, 1, 1, 1, 1, 1, 1, 1, 1, 1, 1, 1, 1, 1, 1, 1, 1, 1, 1, 1, 1, 1, 1, 1, 1, 1, 1, 1, 1, 1, 1, 1, 1, 1, 1, 1, 1, 1, 1, 1, 1, 1, 1, 1, 1, 1, 1, 1, 1, 1, 1, 1, 1, 1, 1, 1, 1, 1, 1, 1, 1, 1, 1, 1, 1, 1, 1, 1, 1, 1, 1, 1, 1, 1, 1, 1, 1, 1, 1, 1, 1, 1, 1, 1, 1, 1, 1, 1, 1, 1, 1, 1, 1, 1, 1, 1, 1, 1, 1, 1, 1, 1, 1, 1, 1, 1, 1, 1, 1, 1, 1, 1, 1, 1, 1, 1, 1, 1, 1, 1, 1]",384,1,1,1.0,19,0.0,0.0,0.0,False,0,0,0,BF16,CUDA_EVENT,generic,generic,none
0.00443999981507659,0.0106800002977252,0.005728000029921532,0.004519999958574772,0.0024761778339423743,5,0.014399999752640724,0.019680000841617584,0.015823999978601934,0.014759999699890614,0.0019623011253998043,5,0.004480000119656324,0.005840000230818987,0.004992000106722116,0.004600000102072954,0.0005720979561872302,5,1.6383249759674072,1.7099649906158447,1.6597166061401367,1.647603988647461,0.025764282295634943,5,0.004480000119656324,0.004561000037938356,0.00450420007109642,0.004480000119656324,3.2350535163062174e-05,5,2880,64,8,16,8,9216,160,0,8192,False,TORCH_SDPA,False,even,"[1, 1, 1, 1, 1, 1, 1, 1, 1, 1, 1, 1, 1, 1, 1, 1, 1, 1, 1, 1, 1, 1, 1, 1, 1, 1, 1, 1, 1, 1, 1, 1, 1, 1, 1, 1, 1, 1, 1, 1, 1, 1, 1, 1, 1, 1, 1, 1, 1, 1, 1, 1, 1, 1, 1, 1, 1, 1, 1, 1, 1, 1, 1, 1, 1, 1, 1, 1, 1, 1, 1, 1, 1, 1, 1, 1, 1, 1, 1, 1, 1, 1, 1, 1, 1, 1, 1, 1, 1, 1, 1, 1, 1, 1, 1, 1, 1, 1, 1, 1, 1, 1, 1, 1, 1, 1, 1, 1, 1, 1, 1, 1, 1, 1, 1, 1, 1, 1, 1, 1, 1, 1, 1, 1, 1, 1, 1, 1, 1, 1, 1, 1, 1, 1, 1, 1, 1, 1, 1, 1, 1, 1, 1, 1, 1, 1, 1, 1, 1, 1, 1, 1, 1, 1, 1, 1, 1, 1, 1, 1]",160,1,1,1.0,12,0.0,0.0,0.0,False,0,0,0,BF16,CUDA_EVENT,generic,generic,none
0.004240000154823065,0.010520000010728836,0.005527999997138977,0.004279999993741512,0.0024961282075978567,5,0.014321000315248966,0.04067999869585037,0.020464199781417846,0.014399999752640724,0.010237960494797683,5,0.0041600000113248825,0.006320000160485506,0.005000000074505806,0.00431999983265996,0.0009391060436734298,5,4.538691997528076,4.638131141662598,4.561948204040528,4.545292854309082,0.038215047309743184,5,0.0041600000113248825,0.00443999981507659,0.004279999993741512,0.004240000154823065,9.46571708300574e-05,5,2880,64,8,16,8,9216,384,0,9216,False,TORCH_SDPA,False,even,"[1, 1, 1, 1, 1, 1, 1, 1, 1, 1, 1, 1, 1, 1, 1, 1, 1, 1, 1, 1, 1, 1, 1, 1, 1, 1, 1, 1, 1, 1, 1, 1, 1, 1, 1, 1, 1, 1, 1, 1, 1, 1, 1, 1, 1, 1, 1, 1, 1, 1, 1, 1, 1, 1, 1, 1, 1, 1, 1, 1, 1, 1, 1, 1, 1, 1, 1, 1, 1, 1, 1, 1, 1, 1, 1, 1, 1, 1, 1, 1, 1, 1, 1, 1, 1, 1, 1, 1, 1, 1, 1, 1, 1, 1, 1, 1, 1, 1, 1, 1, 1, 1, 1, 1, 1, 1, 1, 1, 1, 1, 1, 1, 1, 1, 1, 1, 1, 1, 1, 1, 1, 1, 1, 1, 1, 1, 1, 1, 1, 1, 1, 1, 1, 1, 1, 1, 1, 1, 1, 1, 1, 1, 1, 1, 1, 1, 1, 1, 1, 1, 1, 1, 1, 1, 1, 1, 1, 1, 1, 1, 1, 1, 1, 1, 1, 1, 1, 1, 1, 1, 1, 1, 1, 1, 1, 1, 1, 1, 1, 1, 1, 1, 1, 1, 1, 1, 1, 1, 1, 1, 1, 1, 1, 1, 1, 1, 1, 1, 1, 1, 1, 1, 1, 1, 1, 1, 1, 1, 1, 1, 1, 1, 1, 1, 1, 1, 1, 1, 1, 1, 1, 1, 1, 1, 1, 1, 1, 1, 1, 1, 1, 1, 1, 1, 1, 1, 1, 1, 1, 1, 1, 1, 1, 1, 1, 1, 1, 1, 1, 1, 1, 1, 1, 1, 1, 1, 1, 1, 1, 1, 1, 1, 1, 1, 1, 1, 1, 1, 1, 1, 1, 1, 1, 1, 1, 1, 1, 1, 1, 1, 1, 1, 1, 1, 1, 1, 1, 1, 1, 1, 1, 1, 1, 1, 1, 1, 1, 1, 1, 1, 1, 1, 1, 1, 1, 1, 1, 1, 1, 1, 1, 1, 1, 1, 1, 1, 1, 1, 1, 1, 1, 1, 1, 1, 1, 1, 1, 1, 1, 1, 1, 1, 1, 1, 1, 1, 1, 1, 1, 1, 1, 1, 1, 1, 1, 1, 1, 1, 1, 1, 1, 1, 1, 1, 1, 1, 1, 1, 1, 1, 1, 1, 1, 1, 1, 1, 1, 1, 1, 1, 1, 1, 1, 1, 1, 1, 1, 1, 1, 1, 1, 1, 1, 1]",384,1,1,1.0,19,0.0,0.0,0.0,False,0,0,0,BF16,CUDA_EVENT,generic,generic,none
0.004480000119656324,0.007960000075399876,0.005215999949723482,0.004559999797493219,0.0013723207224772354,5,0.012880000285804272,0.018279999494552612,0.014111999981105327,0.013120000250637531,0.002087279327130375,5,0.00443999981507659,0.005840000230818987,0.004824000038206577,0.004559999797493219,0.0005231291665931397,5,1.217283010482788,1.279083013534546,1.2356671810150146,1.2271239757537842,0.022486265134098363,5,0.004480000119656324,0.0063599999994039536,0.004927999991923571,0.004600000102072954,0.0007179526456744917,5,2880,64,8,16,8,9216,192,0,5120,False,TORCH_SDPA,False,even,"[1, 1, 1, 1, 1, 1, 1, 1, 1, 1, 1, 1, 1, 1, 1, 1, 1, 1, 1, 1, 1, 1, 1, 1, 1, 1, 1, 1, 1, 1, 1, 1, 1, 1, 1, 1, 1, 1, 1, 1, 1, 1, 1, 1, 1, 1, 1, 1, 1, 1, 1, 1, 1, 1, 1, 1, 1, 1, 1, 1, 1, 1, 1, 1, 1, 1, 1, 1, 1, 1, 1, 1, 1, 1, 1, 1, 1, 1, 1, 1, 1, 1, 1, 1, 1, 1, 1, 1, 1, 1, 1, 1, 1, 1, 1, 1, 1, 1, 1, 1, 1, 1, 1, 1, 1, 1, 1, 1, 1, 1, 1, 1, 1, 1, 1, 1, 1, 1, 1, 1, 1, 1, 1, 1, 1, 1, 1, 1, 1, 1, 1, 1, 1, 1, 1, 1, 1, 1, 1, 1, 1, 1, 1, 1, 1, 1, 1, 1, 1, 1, 1, 1, 1, 1, 1, 1, 1, 1, 1, 1, 1, 1, 1, 1, 1, 1, 1, 1, 1, 1, 1, 1, 1, 1, 1, 1, 1, 1, 1, 1, 1, 1, 1, 1, 1, 1, 1, 1, 1, 1, 1, 1]",192,1,1,1.0,13,0.0,0.0,0.0,False,0,0,0,BF16,CUDA_EVENT,generic,generic,none
0.00443999981507659,0.004600000102072954,0.004527999926358462,0.004559999797493219,5.878777056032047e-05,5,0.011880000121891499,0.057840000838041306,0.021320000290870667,0.012400000356137753,0.018261654089081064,5,0.004480000119656324,0.005840000230818987,0.004792000073939562,0.004519999958574772,0.0005272722968143693,5,0.26291999220848083,0.30048099160194397,0.27108859419822695,0.263280987739563,0.014732165080438916,5,0.004480000119656324,0.004559999797493219,0.004519999958574772,0.004519999958574772,3.577694356427611e-05,5,2880,64,8,16,8,9216,32,0,6144,False,TORCH_SDPA,False,even,"[1, 1, 1, 1, 1, 1, 1, 1, 1, 1, 1, 1, 1, 1, 1, 1, 1, 1, 1, 1, 1, 1, 1, 1, 1, 1, 1, 1, 1, 1, 1, 1]",32,1,1,1.0,5,0.0,0.0,0.0,False,0,0,0,BF16,CUDA_EVENT,generic,generic,none
0.004360000137239695,0.007360000163316727,0.005071999970823526,0.004559999797493219,0.0011463752450550807,5,0.008919999934732914,0.04699999839067459,0.016783999651670455,0.009399999864399433,0.015109023957095196,5,0.004480000119656324,0.005840000230818987,0.004776000045239925,0.004519999958574772,0.0005322256070456349,5,0.272801011800766,0.5489619970321655,0.3284572005271912,0.2733609974384308,0.1102532961523861,5,0.004399999976158142,0.004600000102072954,0.004520000051707029,0.004519999958574772,7.589470180837311e-05,5,2880,64,8,16,8,9216,2,0,9216,False,TORCH_SDPA,False,even,"[1, 1]",2,1,1,1.0,1,0.0,0.0,0.0,False,0,0,0,BF16,CUDA_EVENT,generic,generic,none
0.004360000137239695,0.005439999978989363,0.0046559999696910385,0.004480000119656324,0.00039727067912412436,5,0.014560000039637089,0.06827999651432037,0.02701599933207035,0.01583999954164028,0.020793668457724963,5,0.004519999958574772,0.008320000022649765,0.0056559999473392965,0.004600000102072954,0.0014895046333115794,5,2.103364944458008,2.208364963531494,2.146461534500122,2.115125894546509,0.0461059547878894,5,0.004480000119656324,0.004559999797493219,0.004496000055223703,0.004480000119656324,3.199987113475799e-05,5,2880,64,8,16,8,9216,320,0,5120,False,TORCH_SDPA,False,even,"[1, 1, 1, 1, 1, 1, 1, 1, 1, 1, 1, 1, 1, 1, 1, 1, 1, 1, 1, 1, 1, 1, 1, 1, 1, 1, 1, 1, 1, 1, 1, 1, 1, 1, 1, 1, 1, 1, 1, 1, 1, 1, 1, 1, 1, 1, 1, 1, 1, 1, 1, 1, 1, 1, 1, 1, 1, 1, 1, 1, 1, 1, 1, 1, 1, 1, 1, 1, 1, 1, 1, 1, 1, 1, 1, 1, 1, 1, 1, 1, 1, 1, 1, 1, 1, 1, 1, 1, 1, 1, 1, 1, 1, 1, 1, 1, 1, 1, 1, 1, 1, 1, 1, 1, 1, 1, 1, 1, 1, 1, 1, 1, 1, 1, 1, 1, 1, 1, 1, 1, 1, 1, 1, 1, 1, 1, 1, 1, 1, 1, 1, 1, 1, 1, 1, 1, 1, 1, 1, 1, 1, 1, 1, 1, 1, 1, 1, 1, 1, 1, 1, 1, 1, 1, 1, 1, 1, 1, 1, 1, 1, 1, 1, 1, 1, 1, 1, 1, 1, 1, 1, 1, 1, 1, 1, 1, 1, 1, 1, 1, 1, 1, 1, 1, 1, 1, 1, 1, 1, 1, 1, 1, 1, 1, 1, 1, 1, 1, 1, 1, 1, 1, 1, 1, 1, 1, 1, 1, 1, 1, 1, 1, 1, 1, 1, 1, 1, 1, 1, 1, 1, 1, 1, 1, 1, 1, 1, 1, 1, 1, 1, 1, 1, 1, 1, 1, 1, 1, 1, 1, 1, 1, 1, 1, 1, 1, 1, 1, 1, 1, 1, 1, 1, 1, 1, 1, 1, 1, 1, 1, 1, 1, 1, 1, 1, 1, 1, 1, 1, 1, 1, 1, 1, 1, 1, 1, 1, 1, 1, 1, 1, 1, 1, 1, 1, 1, 1, 1, 1, 1, 1, 1, 1, 1, 1, 1, 1, 1, 1, 1, 1, 1, 1, 1, 1, 1, 1, 1, 1, 1, 1, 1, 1, 1, 1, 1, 1, 1, 1, 1]",320,1,1,1.0,17,0.0,0.0,0.0,False,0,0,0,BF16,CUDA_EVENT,generic,generic,none
0.004360000137239695,0.004600000102072954,0.004504000023007393,0.004519999958574772,8.236498081489306e-05,5,0.009320000186562538,0.03460000082850456,0.014528000168502331,0.009399999864399433,0.01003872216542333,5,0.004480000119656324,0.006599999964237213,0.0049519998952746395,0.004559999797493219,0.0008245823482789717,5,0.195360004901886,0.22276100516319275,0.2017606019973755,0.1958409994840622,0.01059275702492575,5,0.00443999981507659,0.004600000102072954,0.004519999958574772,0.004519999958574772,5.656857810916412e-05,5,2880,64,8,16,8,9216,4,0,6144,False,TORCH_SDPA,False,even,"[1, 1, 1, 1]",4,1,1,1.0,2,0.0,0.0,0.0,False,0,0,0,BF16,CUDA_EVENT,generic,generic,none
0.00443999981507659,0.009320000186562538,0.005471999943256378,0.004559999797493219,0.0019245613691859216,5,0.014440000057220459,0.04360000044107437,0.020376000180840494,0.014560000039637089,0.011612671828915528,5,0.004480000119656324,0.008200000040233135,0.005248000007122755,0.004519999958574772,0.0014762980870350498,5,1.4560840129852295,1.534764051437378,1.4802682399749756,1.4697240591049194,0.028436833117713105,5,0.00443999981507659,0.004480000119656324,0.0044559999369084835,0.00443999981507659,1.9596067155252676e-05,5,2880,64,8,16,8,9216,128,0,9216,False,TORCH_SDPA,False,even,"[1, 1, 1, 1, 1, 1, 1, 1, 1, 1, 1, 1, 1, 1, 1, 1, 1, 1, 1, 1, 1, 1, 1, 1, 1, 1, 1, 1, 1, 1, 1, 1, 1, 1, 1, 1, 1, 1, 1, 1, 1, 1, 1, 1, 1, 1, 1, 1, 1, 1, 1, 1, 1, 1, 1, 1, 1, 1, 1, 1, 1, 1, 1, 1, 1, 1, 1, 1, 1, 1, 1, 1, 1, 1, 1, 1, 1, 1, 1, 1, 1, 1, 1, 1, 1, 1, 1, 1, 1, 1, 1, 1, 1, 1, 1, 1, 1, 1, 1, 1, 1, 1, 1, 1, 1, 1, 1, 1, 1, 1, 1, 1, 1, 1, 1, 1, 1, 1, 1, 1, 1, 1, 1, 1, 1, 1, 1, 1]",128,1,1,1.0,11,0.0,0.0,0.0,False,0,0,0,BF16,CUDA_EVENT,generic,generic,none
0.004519999958574772,0.010440000332891941,0.005903999973088503,0.004559999797493219,0.002297490977047716,5,0.01140000019222498,0.06840100139379501,0.023040200397372246,0.011760000139474869,0.022681028344758894,5,0.004480000119656324,0.007199999876320362,0.005200000014156103,0.004600000102072954,0.0010285523278548909,5,0.22419999539852142,0.2678399980068207,0.23322439789772034,0.22464099526405334,0.017310061361992795,5,0.004480000119656324,0.006599999964237213,0.0049519998952746395,0.004559999797493219,0.0008245823482789717,5,2880,64,8,16,8,9216,16,0,6144,False,TORCH_SDPA,False,even,"[1, 1, 1, 1, 1, 1, 1, 1, 1, 1, 1, 1, 1, 1, 1, 1]",16,1,1,1.0,4,0.0,0.0,0.0,False,0,0,0,BF16,CUDA_EVENT,generic,generic,none
0.00443999981507659,0.013279999606311321,0.0062559998594224455,0.004519999958574772,0.0035122276562550877,5,0.014519999735057354,0.04095999896526337,0.019903999753296375,0.014600000344216824,0.010529032990832873,5,0.004480000119656324,0.010440000332891941,0.006248000077903271,0.004559999797493219,0.0023459788385062517,5,1.2163629531860352,1.3735229969024658,1.2572833776474,1.234442949295044,0.05858449641011733,5,0.00443999981507659,0.004600000102072954,0.004519999958574772,0.004519999958574772,5.656857810916412e-05,5,2880,64,8,16,8,9216,160,0,6144,False,TORCH_SDPA,False,even,"[1, 1, 1, 1, 1, 1, 1, 1, 1, 1, 1, 1, 1, 1, 1, 1, 1, 1, 1, 1, 1, 1, 1, 1, 1, 1, 1, 1, 1, 1, 1, 1, 1, 1, 1, 1, 1, 1, 1, 1, 1, 1, 1, 1, 1, 1, 1, 1, 1, 1, 1, 1, 1, 1, 1, 1, 1, 1, 1, 1, 1, 1, 1, 1, 1, 1, 1, 1, 1, 1, 1, 1, 1, 1, 1, 1, 1, 1, 1, 1, 1, 1, 1, 1, 1, 1, 1, 1, 1, 1, 1, 1, 1, 1, 1, 1, 1, 1, 1, 1, 1, 1, 1, 1, 1, 1, 1, 1, 1, 1, 1, 1, 1, 1, 1, 1, 1, 1, 1, 1, 1, 1, 1, 1, 1, 1, 1, 1, 1, 1, 1, 1, 1, 1, 1, 1, 1, 1, 1, 1, 1, 1, 1, 1, 1, 1, 1, 1, 1, 1, 1, 1, 1, 1, 1, 1, 1, 1, 1, 1]",160,1,1,1.0,12,0.0,0.0,0.0,False,0,0,0,BF16,CUDA_EVENT,generic,generic,none
0.004399999976158142,0.0063599999994039536,0.004808000009506941,0.004399999976158142,0.0007766183075385497,5,0.008799999952316284,0.0326399989426136,0.013911999762058258,0.009320000186562538,0.009366814202415792,5,0.004480000119656324,0.007079999893903732,0.005071999970823526,0.004600000102072954,0.0010063478080834323,5,0.244719997048378,0.2736009955406189,0.2509127974510193,0.24536100029945374,0.011352088388874153,5,0.004559999797493219,0.004600000102072954,0.004575999919325113,0.004559999797493219,1.9596067155252676e-05,5,2880,64,8,16,8,9216,2,0,8192,False,TORCH_SDPA,False,even,"[1, 1]",2,1,1,1.0,1,0.0,0.0,0.0,False,0,0,0,BF16,CUDA_EVENT,generic,generic,none
0.00443999981507659,0.004519999958574772,0.004479999933391809,0.004480000119656324,3.5777151814455904e-05,5,0.014480000361800194,0.033799998462200165,0.018896199762821198,0.014639999717473984,0.0075091794858173,5,0.004519999958574772,0.00812000036239624,0.005712000001221895,0.004559999797493219,0.0014993119921733816,5,2.0006449222564697,2.0871660709381104,2.021005630493164,2.00640606880188,0.03315725236486262,5,0.004480000119656324,0.004600999876856804,0.004528199974447489,0.004519999958574772,4.695688831393549e-05,5,2880,64,8,16,8,9216,256,0,6144,False,TORCH_SDPA,False,even,"[1, 1, 1, 1, 1, 1, 1, 1, 1, 1, 1, 1, 1, 1, 1, 1, 1, 1, 1, 1, 1, 1, 1, 1, 1, 1, 1, 1, 1, 1, 1, 1, 1, 1, 1, 1, 1, 1, 1, 1, 1, 1, 1, 1, 1, 1, 1, 1, 1, 1, 1, 1, 1, 1, 1, 1, 1, 1, 1, 1, 1, 1, 1, 1, 1, 1, 1, 1, 1, 1, 1, 1, 1, 1, 1, 1, 1, 1, 1, 1, 1, 1, 1, 1, 1, 1, 1, 1, 1, 1, 1, 1, 1, 1, 1, 1, 1, 1, 1, 1, 1, 1, 1, 1, 1, 1, 1, 1, 1, 1, 1, 1, 1, 1, 1, 1, 1, 1, 1, 1, 1, 1, 1, 1, 1, 1, 1, 1, 1, 1, 1, 1, 1, 1, 1, 1, 1, 1, 1, 1, 1, 1, 1, 1, 1, 1, 1, 1, 1, 1, 1, 1, 1, 1, 1, 1, 1, 1, 1, 1, 1, 1, 1, 1, 1, 1, 1, 1, 1, 1, 1, 1, 1, 1, 1, 1, 1, 1, 1, 1, 1, 1, 1, 1, 1, 1, 1, 1, 1, 1, 1, 1, 1, 1, 1, 1, 1, 1, 1, 1, 1, 1, 1, 1, 1, 1, 1, 1, 1, 1, 1, 1, 1, 1, 1, 1, 1, 1, 1, 1, 1, 1, 1, 1, 1, 1, 1, 1, 1, 1, 1, 1, 1, 1, 1, 1, 1, 1, 1, 1, 1, 1, 1, 1, 1, 1, 1, 1, 1, 1, 1, 1, 1, 1, 1, 1]",256,1,1,1.0,16,0.0,0.0,0.0,False,0,0,0,BF16,CUDA_EVENT,generic,generic,none
0.004519999958574772,0.07280000299215317,0.018648000527173282,0.004639999940991402,0.027089440057537568,5,0.014360000379383564,0.0246799997985363,0.016727999970316886,0.014600000344216824,0.0039950688533882065,5,0.004399999976158142,0.006479999981820583,0.004911999963223934,0.004559999797493219,0.0007868519655884566,5,2.484083890914917,2.65020489692688,2.5399163722991944,2.523643970489502,0.05897520763572437,5,0.004399999976158142,0.004519999958574772,0.0044639999978244305,0.004480000119656324,4.079219274941178e-05,5,2880,64,8,16,8,9216,320,0,6144,False,TORCH_SDPA,False,even,"[1, 1, 1, 1, 1, 1, 1, 1, 1, 1, 1, 1, 1, 1, 1, 1, 1, 1, 1, 1, 1, 1, 1, 1, 1, 1, 1, 1, 1, 1, 1, 1, 1, 1, 1, 1, 1, 1, 1, 1, 1, 1, 1, 1, 1, 1, 1, 1, 1, 1, 1, 1, 1, 1, 1, 1, 1, 1, 1, 1, 1, 1, 1, 1, 1, 1, 1, 1, 1, 1, 1, 1, 1, 1, 1, 1, 1, 1, 1, 1, 1, 1, 1, 1, 1, 1, 1, 1, 1, 1, 1, 1, 1, 1, 1, 1, 1, 1, 1, 1, 1, 1, 1, 1, 1, 1, 1, 1, 1, 1, 1, 1, 1, 1, 1, 1, 1, 1, 1, 1, 1, 1, 1, 1, 1, 1, 1, 1, 1, 1, 1, 1, 1, 1, 1, 1, 1, 1, 1, 1, 1, 1, 1, 1, 1, 1, 1, 1, 1, 1, 1, 1, 1, 1, 1, 1, 1, 1, 1, 1, 1, 1, 1, 1, 1, 1, 1, 1, 1, 1, 1, 1, 1, 1, 1, 1, 1, 1, 1, 1, 1, 1, 1, 1, 1, 1, 1, 1, 1, 1, 1, 1, 1, 1, 1, 1, 1, 1, 1, 1, 1, 1, 1, 1, 1, 1, 1, 1, 1, 1, 1, 1, 1, 1, 1, 1, 1, 1, 1, 1, 1, 1, 1, 1, 1, 1, 1, 1, 1, 1, 1, 1, 1, 1, 1, 1, 1, 1, 1, 1, 1, 1, 1, 1, 1, 1, 1, 1, 1, 1, 1, 1, 1, 1, 1, 1, 1, 1, 1, 1, 1, 1, 1, 1, 1, 1, 1, 1, 1, 1, 1, 1, 1, 1, 1, 1, 1, 1, 1, 1, 1, 1, 1, 1, 1, 1, 1, 1, 1, 1, 1, 1, 1, 1, 1, 1, 1, 1, 1, 1, 1, 1, 1, 1, 1, 1, 1, 1, 1, 1, 1, 1, 1, 1, 1, 1, 1, 1, 1, 1]",320,1,1,1.0,17,0.0,0.0,0.0,False,0,0,0,BF16,CUDA_EVENT,generic,generic,none
0.004480000119656324,0.005799999926239252,0.004775999952107668,0.004559999797493219,0.0005132484548892209,5,0.011760000139474869,0.023560000583529472,0.014336000196635723,0.011920000426471233,0.004620414016310291,5,0.00443999981507659,0.00547999981790781,0.004687999933958053,0.004519999958574772,0.0003971095016110213,5,0.2610810101032257,0.27640101313591003,0.26552900671958923,0.262241005897522,0.0057354735323479475,5,0.00443999981507659,0.004639999940991402,0.004528000019490719,0.004480000119656324,7.756289196924024e-05,5,2880,64,8,16,8,9216,8,0,8192,False,TORCH_SDPA,False,even,"[1, 1, 1, 1, 1, 1, 1, 1]",8,1,1,1.0,2,0.0,0.0,0.0,False,0,0,0,BF16,CUDA_EVENT,generic,generic,none
0.00443999981507659,0.007000000216066837,0.005016000010073185,0.004519999958574772,0.0009932895919768845,5,0.014360000379383564,0.01568000018596649,0.0148802001029253,0.014800000004470348,0.00043298053433181926,5,0.00443999981507659,0.005960000213235617,0.004807999916374683,0.004559999797493219,0.0005776644098689614,5,1.2984830141067505,1.3535239696502686,1.3147475957870483,1.3068840503692627,0.02006819610552922,5,0.004399999976158142,0.004600000102072954,0.004519999958574772,0.004559999797493219,7.155414744125801e-05,5,2880,64,8,16,8,9216,128,0,8192,False,TORCH_SDPA,False,even,"[1, 1, 1, 1, 1, 1, 1, 1, 1, 1, 1, 1, 1, 1, 1, 1, 1, 1, 1, 1, 1, 1, 1, 1, 1, 1, 1, 1, 1, 1, 1, 1, 1, 1, 1, 1, 1, 1, 1, 1, 1, 1, 1, 1, 1, 1, 1, 1, 1, 1, 1, 1, 1, 1, 1, 1, 1, 1, 1, 1, 1, 1, 1, 1, 1, 1, 1, 1, 1, 1, 1, 1, 1, 1, 1, 1, 1, 1, 1, 1, 1, 1, 1, 1, 1, 1, 1, 1, 1, 1, 1, 1, 1, 1, 1, 1, 1, 1, 1, 1, 1, 1, 1, 1, 1, 1, 1, 1, 1, 1, 1, 1, 1, 1, 1, 1, 1, 1, 1, 1, 1, 1, 1, 1, 1, 1, 1, 1]",128,1,1,1.0,11,0.0,0.0,0.0,False,0,0,0,BF16,CUDA_EVENT,generic,generic,none
0.004360000137239695,0.007000000216066837,0.005000000074505806,0.004559999797493219,0.0010033544399369219,5,0.012319999746978283,0.020560000091791153,0.015104199945926666,0.013201000168919563,0.0032543790767376336,5,0.004519999958574772,0.006519999820739031,0.005463999882340431,0.005439999978989363,0.000835454347237559,5,0.28591999411582947,0.3038409948348999,0.28987239599227904,0.28652000427246094,0.0069897374559020195,5,0.004480000119656324,0.004559999797493219,0.004511999990791082,0.004519999958574772,2.9933138551795365e-05,5,2880,64,8,16,8,9216,16,0,8192,False,TORCH_SDPA,False,even,"[1, 1, 1, 1, 1, 1, 1, 1, 1, 1, 1, 1, 1, 1, 1, 1]",16,1,1,1.0,4,0.0,0.0,0.0,False,0,0,0,BF16,CUDA_EVENT,generic,generic,none
0.004480000119656324,0.005840000230818987,0.004784000106155872,0.004519999958574772,0.0005298151236605692,5,0.00875999964773655,0.023600000888109207,0.011879999935626984,0.008999999612569809,0.005861167594755483,5,0.004399999976158142,0.006399999838322401,0.004919999931007624,0.004600000102072954,0.0007444729222413537,5,0.2667199969291687,0.28227999806404114,0.2705604016780853,0.26812100410461426,0.005895255139350426,5,0.00443999981507659,0.007000000216066837,0.005016000010073185,0.004519999958574772,0.0009932895919768845,5,2880,64,8,16,8,9216,1,0,9216,False,TORCH_SDPA,False,even,[1],1,1,1,1.0,1,0.0,0.0,0.0,False,0,0,0,BF16,CUDA_EVENT,generic,generic,none
0.004480000119656324,0.004559999797493219,0.004504000023007393,0.004480000119656324,3.1999871134757994e-05,5,0.014759999699890614,0.04887999966740608,0.021615999937057494,0.014840000309050083,0.013632046814165697,5,0.004559999797493219,0.009600000455975533,0.005840000044554472,0.004639999940991402,0.0019418756194664836,5,1.986045002937317,2.0657260417938232,2.006637620925903,1.992645025253296,0.029725809372476982,5,0.004480000119656324,0.006279999855905771,0.004863999970257282,0.004519999958574772,0.0007086211342823184,5,2880,64,8,16,8,9216,192,0,8192,False,TORCH_SDPA,False,even,"[1, 1, 1, 1, 1, 1, 1, 1, 1, 1, 1, 1, 1, 1, 1, 1, 1, 1, 1, 1, 1, 1, 1, 1, 1, 1, 1, 1, 1, 1, 1, 1, 1, 1, 1, 1, 1, 1, 1, 1, 1, 1, 1, 1, 1, 1, 1, 1, 1, 1, 1, 1, 1, 1, 1, 1, 1, 1, 1, 1, 1, 1, 1, 1, 1, 1, 1, 1, 1, 1, 1, 1, 1, 1, 1, 1, 1, 1, 1, 1, 1, 1, 1, 1, 1, 1, 1, 1, 1, 1, 1, 1, 1, 1, 1, 1, 1, 1, 1, 1, 1, 1, 1, 1, 1, 1, 1, 1, 1, 1, 1, 1, 1, 1, 1, 1, 1, 1, 1, 1, 1, 1, 1, 1, 1, 1, 1, 1, 1, 1, 1, 1, 1, 1, 1, 1, 1, 1, 1, 1, 1, 1, 1, 1, 1, 1, 1, 1, 1, 1, 1, 1, 1, 1, 1, 1, 1, 1, 1, 1, 1, 1, 1, 1, 1, 1, 1, 1, 1, 1, 1, 1, 1, 1, 1, 1, 1, 1, 1, 1, 1, 1, 1, 1, 1, 1, 1, 1, 1, 1, 1, 1]",192,1,1,1.0,13,0.0,0.0,0.0,False,0,0,0,BF16,CUDA_EVENT,generic,generic,none
0.00443999981507659,0.007280000019818544,0.005031999945640564,0.004480000119656324,0.0011243914298251952,5,0.012799999676644802,0.025280000641942024,0.01567199993878603,0.013399999588727951,0.004810216150299548,5,0.004399999976158142,0.006639999803155661,0.004919999931007624,0.004480000119656324,0.0008660715181545139,5,1.070162057876587,1.1178029775619507,1.0843628168106079,1.0788830518722534,0.017317697408215114,5,0.004519999958574772,0.004600000102072954,0.0045599998906254765,0.004559999797493219,2.529826665971379e-05,5,2880,64,8,16,8,9216,96,0,9216,False,TORCH_SDPA,False,even,"[1, 1, 1, 1, 1, 1, 1, 1, 1, 1, 1, 1, 1, 1, 1, 1, 1, 1, 1, 1, 1, 1, 1, 1, 1, 1, 1, 1, 1, 1, 1, 1, 1, 1, 1, 1, 1, 1, 1, 1, 1, 1, 1, 1, 1, 1, 1, 1, 1, 1, 1, 1, 1, 1, 1, 1, 1, 1, 1, 1, 1, 1, 1, 1, 1, 1, 1, 1, 1, 1, 1, 1, 1, 1, 1, 1, 1, 1, 1, 1, 1, 1, 1, 1, 1, 1, 1, 1, 1, 1, 1, 1, 1, 1, 1, 1]",96,1,1,1.0,9,0.0,0.0,0.0,False,0,0,0,BF16,CUDA_EVENT,generic,generic,none
0.004399999976158142,0.004600000102072954,0.004527999926358462,0.004559999797493219,6.881859566138262e-05,5,0.009239999577403069,0.038759998977184296,0.015327999740839005,0.009639999829232693,0.011717266194822702,5,0.00443999981507659,0.006839999929070473,0.0049599999561905864,0.004480000119656324,0.0009408081481248667,5,0.27900099754333496,0.3009209930896759,0.28437679409980776,0.2809999883174896,0.008305514161341024,5,0.004480000119656324,0.004559999797493219,0.004511999990791082,0.004519999958574772,2.9933138551795365e-05,5,2880,64,8,16,8,9216,4,0,9216,False,TORCH_SDPA,False,even,"[1, 1, 1, 1]",4,1,1,1.0,2,0.0,0.0,0.0,False,0,0,0,BF16,CUDA_EVENT,generic,generic,none
0.004279999993741512,0.004519999958574772,0.004424000065773726,0.004480000119656324,8.979978071817771e-05,5,0.014560000039637089,0.0392800010740757,0.019768000207841398,0.014800000004470348,0.009761062663852441,5,0.004399999976158142,0.005200000014156103,0.004736000020056963,0.004559999797493219,0.000321596068512106,5,2.639724016189575,2.7277650833129883,2.66083664894104,2.6464850902557373,0.033595888487149894,5,0.00443999981507659,0.00547999981790781,0.004711999837309122,0.004559999797493219,0.00038649190416777443,5,2880,64,8,16,8,9216,256,0,8192,False,TORCH_SDPA,False,even,"[1, 1, 1, 1, 1, 1, 1, 1, 1, 1, 1, 1, 1, 1, 1, 1, 1, 1, 1, 1, 1, 1, 1, 1, 1, 1, 1, 1, 1, 1, 1, 1, 1, 1, 1, 1, 1, 1, 1, 1, 1, 1, 1, 1, 1, 1, 1, 1, 1, 1, 1, 1, 1, 1, 1, 1, 1, 1, 1, 1, 1, 1, 1, 1, 1, 1, 1, 1, 1, 1, 1, 1, 1, 1, 1, 1, 1, 1, 1, 1, 1, 1, 1, 1, 1, 1, 1, 1, 1, 1, 1, 1, 1, 1, 1, 1, 1, 1, 1, 1, 1, 1, 1, 1, 1, 1, 1, 1, 1, 1, 1, 1, 1, 1, 1, 1, 1, 1, 1, 1, 1, 1, 1, 1, 1, 1, 1, 1, 1, 1, 1, 1, 1, 1, 1, 1, 1, 1, 1, 1, 1, 1, 1, 1, 1, 1, 1, 1, 1, 1, 1, 1, 1, 1, 1, 1, 1, 1, 1, 1, 1, 1, 1, 1, 1, 1, 1, 1, 1, 1, 1, 1, 1, 1, 1, 1, 1, 1, 1, 1, 1, 1, 1, 1, 1, 1, 1, 1, 1, 1, 1, 1, 1, 1, 1, 1, 1, 1, 1, 1, 1, 1, 1, 1, 1, 1, 1, 1, 1, 1, 1, 1, 1, 1, 1, 1, 1, 1, 1, 1, 1, 1, 1, 1, 1, 1, 1, 1, 1, 1, 1, 1, 1, 1, 1, 1, 1, 1, 1, 1, 1, 1, 1, 1, 1, 1, 1, 1, 1, 1, 1, 1, 1, 1, 1, 1]",256,1,1,1.0,16,0.0,0.0,0.0,False,0,0,0,BF16,CUDA_EVENT,generic,generic,none
0.004360000137239695,0.004559999797493219,0.004487999994307756,0.004519999958574772,6.881849822367357e-05,5,0.011239999905228615,0.04532000049948692,0.018536000140011312,0.012160000391304493,0.013399477188097234,5,0.00443999981507659,0.00687999976798892,0.0049439998343586925,0.00443999981507659,0.000968495709437074,5,0.2914009988307953,0.3140009939670563,0.2963685989379883,0.2921200096607208,0.008823872638679528,5,0.00443999981507659,0.004600000102072954,0.004503999929875135,0.004519999958574772,5.986662557258982e-05,5,2880,64,8,16,8,9216,8,0,9216,False,TORCH_SDPA,False,even,"[1, 1, 1, 1, 1, 1, 1, 1]",8,1,1,1.0,2,0.0,0.0,0.0,False,0,0,0,BF16,CUDA_EVENT,generic,generic,none
0.00443999981507659,0.007360000163316727,0.005039999913424254,0.00443999981507659,0.0011604138457116254,5,0.014159999787807465,0.020959999412298203,0.01583999991416931,0.014840000309050083,0.0025859928218564393,5,0.00443999981507659,0.005799999926239252,0.0047519998624920845,0.004519999958574772,0.0005260570640464436,5,1.8556849956512451,1.903525948524475,1.8715573787689208,1.861325979232788,0.01746842767056558,5,0.00443999981507659,0.004639999940991402,0.0045439998619258406,0.004559999797493219,6.499233210529004e-05,5,2880,64,8,16,8,9216,160,0,9216,False,TORCH_SDPA,False,even,"[1, 1, 1, 1, 1, 1, 1, 1, 1, 1, 1, 1, 1, 1, 1, 1, 1, 1, 1, 1, 1, 1, 1, 1, 1, 1, 1, 1, 1, 1, 1, 1, 1, 1, 1, 1, 1, 1, 1, 1, 1, 1, 1, 1, 1, 1, 1, 1, 1, 1, 1, 1, 1, 1, 1, 1, 1, 1, 1, 1, 1, 1, 1, 1, 1, 1, 1, 1, 1, 1, 1, 1, 1, 1, 1, 1, 1, 1, 1, 1, 1, 1, 1, 1, 1, 1, 1, 1, 1, 1, 1, 1, 1, 1, 1, 1, 1, 1, 1, 1, 1, 1, 1, 1, 1, 1, 1, 1, 1, 1, 1, 1, 1, 1, 1, 1, 1, 1, 1, 1, 1, 1, 1, 1, 1, 1, 1, 1, 1, 1, 1, 1, 1, 1, 1, 1, 1, 1, 1, 1, 1, 1, 1, 1, 1, 1, 1, 1, 1, 1, 1, 1, 1, 1, 1, 1, 1, 1, 1, 1]",160,1,1,1.0,12,0.0,0.0,0.0,False,0,0,0,BF16,CUDA_EVENT,generic,generic,none
0.004399999976158142,0.004559999797493219,0.00447199996560812,0.004480000119656324,6.39999518171588e-05,5,0.014600000344216824,0.03420000150799751,0.018656000308692456,0.014759999699890614,0.007773827458044455,5,0.004480000119656324,0.009759999811649323,0.005935999937355519,0.004559999797493219,0.002040642981276457,5,2.22404408454895,2.3700039386749268,2.261259984970093,2.2356839179992676,0.05472988623294504,5,0.004480000119656324,0.004559999797493219,0.004519999958574772,0.004519999958574772,3.577694356427611e-05,5,2880,64,8,16,8,9216,192,0,9216,False,TORCH_SDPA,False,even,"[1, 1, 1, 1, 1, 1, 1, 1, 1, 1, 1, 1, 1, 1, 1, 1, 1, 1, 1, 1, 1, 1, 1, 1, 1, 1, 1, 1, 1, 1, 1, 1, 1, 1, 1, 1, 1, 1, 1, 1, 1, 1, 1, 1, 1, 1, 1, 1, 1, 1, 1, 1, 1, 1, 1, 1, 1, 1, 1, 1, 1, 1, 1, 1, 1, 1, 1, 1, 1, 1, 1, 1, 1, 1, 1, 1, 1, 1, 1, 1, 1, 1, 1, 1, 1, 1, 1, 1, 1, 1, 1, 1, 1, 1, 1, 1, 1, 1, 1, 1, 1, 1, 1, 1, 1, 1, 1, 1, 1, 1, 1, 1, 1, 1, 1, 1, 1, 1, 1, 1, 1, 1, 1, 1, 1, 1, 1, 1, 1, 1, 1, 1, 1, 1, 1, 1, 1, 1, 1, 1, 1, 1, 1, 1, 1, 1, 1, 1, 1, 1, 1, 1, 1, 1, 1, 1, 1, 1, 1, 1, 1, 1, 1, 1, 1, 1, 1, 1, 1, 1, 1, 1, 1, 1, 1, 1, 1, 1, 1, 1, 1, 1, 1, 1, 1, 1, 1, 1, 1, 1, 1, 1]",192,1,1,1.0,13,0.0,0.0,0.0,False,0,0,0,BF16,CUDA_EVENT,generic,generic,none
0.004399999976158142,0.005840000230818987,0.004743999987840653,0.004480000119656324,0.0005505489344528695,5,0.014480000361800194,0.02208000048995018,0.016784000210464,0.014919999986886978,0.0028889418722716103,5,0.004480000119656324,0.005799999926239252,0.004767999984323978,0.004519999958574772,0.0005168519739158476,5,6.078495979309082,6.159817218780518,6.100616550445556,6.088856220245361,0.030382991035776977,5,0.004480000119656324,0.004600000102072954,0.0045519999228417875,0.004559999797493219,3.919179212101793e-05,5,2880,64,8,16,8,9216,512,0,9216,False,TORCH_SDPA,False,even,"[1, 1, 1, 1, 1, 1, 1, 1, 1, 1, 1, 1, 1, 1, 1, 1, 1, 1, 1, 1, 1, 1, 1, 1, 1, 1, 1, 1, 1, 1, 1, 1, 1, 1, 1, 1, 1, 1, 1, 1, 1, 1, 1, 1, 1, 1, 1, 1, 1, 1, 1, 1, 1, 1, 1, 1, 1, 1, 1, 1, 1, 1, 1, 1, 1, 1, 1, 1, 1, 1, 1, 1, 1, 1, 1, 1, 1, 1, 1, 1, 1, 1, 1, 1, 1, 1, 1, 1, 1, 1, 1, 1, 1, 1, 1, 1, 1, 1, 1, 1, 1, 1, 1, 1, 1, 1, 1, 1, 1, 1, 1, 1, 1, 1, 1, 1, 1, 1, 1, 1, 1, 1, 1, 1, 1, 1, 1, 1, 1, 1, 1, 1, 1, 1, 1, 1, 1, 1, 1, 1, 1, 1, 1, 1, 1, 1, 1, 1, 1, 1, 1, 1, 1, 1, 1, 1, 1, 1, 1, 1, 1, 1, 1, 1, 1, 1, 1, 1, 1, 1, 1, 1, 1, 1, 1, 1, 1, 1, 1, 1, 1, 1, 1, 1, 1, 1, 1, 1, 1, 1, 1, 1, 1, 1, 1, 1, 1, 1, 1, 1, 1, 1, 1, 1, 1, 1, 1, 1, 1, 1, 1, 1, 1, 1, 1, 1, 1, 1, 1, 1, 1, 1, 1, 1, 1, 1, 1, 1, 1, 1, 1, 1, 1, 1, 1, 1, 1, 1, 1, 1, 1, 1, 1, 1, 1, 1, 1, 1, 1, 1, 1, 1, 1, 1, 1, 1, 1, 1, 1, 1, 1, 1, 1, 1, 1, 1, 1, 1, 1, 1, 1, 1, 1, 1, 1, 1, 1, 1, 1, 1, 1, 1, 1, 1, 1, 1, 1, 1, 1, 1, 1, 1, 1, 1, 1, 1, 1, 1, 1, 1, 1, 1, 1, 1, 1, 1, 1, 1, 1, 1, 1, 1, 1, 1, 1, 1, 1, 1, 1, 1, 1, 1, 1, 1, 1, 1, 1, 1, 1, 1, 1, 1, 1, 1, 1, 1, 1, 1, 1, 1, 1, 1, 1, 1, 1, 1, 1, 1, 1, 1, 1, 1, 1, 1, 1, 1, 1, 1, 1, 1, 1, 1, 1, 1, 1, 1, 1, 1, 1, 1, 1, 1, 1, 1, 1, 1, 1, 1, 1, 1, 1, 1, 1, 1, 1, 1, 1, 1, 1, 1, 1, 1, 1, 1, 1, 1, 1, 1, 1, 1, 1, 1, 1, 1, 1, 1, 1, 1, 1, 1, 1, 1, 1, 1, 1, 1, 1, 1, 1, 1, 1, 1, 1, 1, 1, 1, 1, 1, 1, 1, 1, 1, 1, 1, 1, 1, 1, 1, 1, 1, 1, 1, 1, 1, 1, 1, 1, 1, 1, 1, 1, 1, 1, 1, 1, 1, 1, 1, 1, 1, 1, 1, 1, 1, 1, 1, 1, 1, 1, 1, 1, 1, 1, 1, 1, 1, 1, 1, 1, 1, 1, 1, 1, 1, 1, 1, 1, 1, 1, 1, 1, 1, 1, 1, 1, 1, 1, 1, 1, 1, 1, 1, 1, 1, 1, 1, 1, 1, 1, 1, 1, 1]",512,1,1,1.0,22,0.0,0.0,0.0,False,0,0,0,BF16,CUDA_EVENT,generic,generic,none
