avg_seq_len,batch_cv_interaction,batch_size,batch_variance_interaction,kv_cache_size,max_seq_len,min_seq_len,seq_len_cv,seq_len_range,seq_len_variance,total_tokens,total_tokens_squared,time_stats.attn_prefill.median,prediction
64.0,0.0,1.0,0.0,0.0,64.0,64.0,0.0,0.0,0.0,64.0,4096.0,0.0602880008518695,0.05758638143536083
64.0,0.0,1.0,0.0,0.0,64.0,64.0,0.0,0.0,0.0,64.0,4096.0,0.0597760006785392,0.05758638143536083
64.0,0.0,1.0,0.0,0.0,64.0,64.0,0.0,0.0,0.0,64.0,4096.0,0.0599359981715679,0.05758638143536083
64.0,0.0,1.0,0.0,0.0,64.0,64.0,0.0,0.0,0.0,64.0,4096.0,0.0607680007815361,0.05758638143536083
64.0,0.0,1.0,0.0,0.0,64.0,64.0,0.0,0.0,0.0,64.0,4096.0,0.0580159984529018,0.05758638143536083
64.0,0.0,1.0,0.0,0.0,64.0,64.0,0.0,0.0,0.0,64.0,4096.0,0.0588800013065338,0.05758638143536083
64.0,0.0,1.0,0.0,0.0,64.0,64.0,0.0,0.0,0.0,64.0,4096.0,0.0592960007488727,0.05758638143536083
64.0,0.0,1.0,0.0,0.0,64.0,64.0,0.0,0.0,0.0,64.0,4096.0,0.0573760010302066,0.05758638143536083
64.0,0.0,1.0,0.0,0.0,64.0,64.0,0.0,0.0,0.0,64.0,4096.0,0.0595519989728927,0.05758638143536083
64.0,0.0,1.0,0.0,0.0,64.0,64.0,0.0,0.0,0.0,64.0,4096.0,0.0585599988698959,0.05758638143536083
64.0,0.0,1.0,0.0,0.0,64.0,64.0,0.0,0.0,0.0,64.0,4096.0,0.0582400001585483,0.05758638143536083
64.0,0.0,1.0,0.0,0.0,64.0,64.0,0.0,0.0,0.0,64.0,4096.0,0.0574080012738704,0.05758638143536083
64.0,0.0,1.0,0.0,0.0,64.0,64.0,0.0,0.0,0.0,64.0,4096.0,0.0590719990432262,0.05758638143536083
64.0,0.0,1.0,0.0,0.0,64.0,64.0,0.0,0.0,0.0,64.0,4096.0,0.0579200014472007,0.05758638143536083
64.0,0.0,1.0,0.0,0.0,64.0,64.0,0.0,0.0,0.0,64.0,4096.0,0.0571519993245601,0.05758638143536083
64.0,0.0,1.0,0.0,0.0,64.0,64.0,0.0,0.0,0.0,64.0,4096.0,0.0577920004725456,0.05758638143536083
64.0,0.0,1.0,0.0,0.0,64.0,64.0,0.0,0.0,0.0,64.0,4096.0,0.0593920014798641,0.05758638143536083
64.0,0.0,1.0,0.0,0.0,64.0,64.0,0.0,0.0,0.0,64.0,4096.0,0.0588160008192062,0.05758638143536083
64.0,0.0,1.0,0.0,0.0,64.0,64.0,0.0,0.0,0.0,64.0,4096.0,0.0563200004398822,0.05758638143536083
128.0,0.0,1.0,0.0,0.0,128.0,128.0,0.0,0.0,0.0,128.0,16384.0,0.057472001761198,0.056628617884671884
64.0,0.0,1.0,0.0,0.0,64.0,64.0,0.0,0.0,0.0,64.0,4096.0,0.0546559989452362,0.05758638143536083
128.0,0.0,1.0,0.0,0.0,128.0,128.0,0.0,0.0,0.0,128.0,16384.0,0.0564800016582012,0.056628617884671884
64.0,0.0,1.0,0.0,0.0,64.0,64.0,0.0,0.0,0.0,64.0,4096.0,0.0587840005755424,0.05758638143536083
64.0,0.0,1.0,0.0,0.0,64.0,64.0,0.0,0.0,0.0,64.0,4096.0,0.0548160001635551,0.05758638143536083
128.0,0.0,1.0,0.0,0.0,128.0,128.0,0.0,0.0,0.0,128.0,16384.0,0.0560959987342357,0.056628617884671884
64.0,0.0,1.0,0.0,0.0,64.0,64.0,0.0,0.0,0.0,64.0,4096.0,0.0583360008895397,0.05758638143536083
64.0,0.0,1.0,0.0,0.0,64.0,64.0,0.0,0.0,0.0,64.0,4096.0,0.0555519983172416,0.05758638143536083
128.0,0.0,1.0,0.0,0.0,128.0,128.0,0.0,0.0,0.0,128.0,16384.0,0.0565759986639022,0.056628617884671884
64.0,0.0,1.0,0.0,0.0,64.0,64.0,0.0,0.0,0.0,64.0,4096.0,0.0599040016531944,0.05758638143536083
64.0,0.0,1.0,0.0,0.0,64.0,64.0,0.0,0.0,0.0,64.0,4096.0,0.0562239997088909,0.05758638143536083
128.0,0.0,1.0,0.0,0.0,128.0,128.0,0.0,0.0,0.0,128.0,16384.0,0.0585919991135597,0.056628617884671884
64.0,0.0,1.0,0.0,0.0,64.0,64.0,0.0,0.0,0.0,64.0,4096.0,0.0587520003318786,0.05758638143536083
128.0,0.0,1.0,0.0,0.0,128.0,128.0,0.0,0.0,0.0,128.0,16384.0,0.057983998209238,0.056628617884671884
64.0,0.0,1.0,0.0,0.0,64.0,64.0,0.0,0.0,0.0,64.0,4096.0,0.0583680011332035,0.05758638143536083
64.0,0.0,1.0,0.0,0.0,64.0,64.0,0.0,0.0,0.0,64.0,4096.0,0.0581119991838932,0.05758638143536083
128.0,0.0,1.0,0.0,0.0,128.0,128.0,0.0,0.0,0.0,128.0,16384.0,0.0575679987668991,0.056628617884671884
128.0,0.0,1.0,0.0,0.0,128.0,128.0,0.0,0.0,0.0,128.0,16384.0,0.0571519993245601,0.056628617884671884
64.0,0.0,1.0,0.0,0.0,64.0,64.0,0.0,0.0,0.0,64.0,4096.0,0.0570559985935688,0.05758638143536083
128.0,0.0,1.0,0.0,0.0,128.0,128.0,0.0,0.0,0.0,128.0,16384.0,0.0569280013442039,0.056628617884671884
128.0,0.0,1.0,0.0,0.0,128.0,128.0,0.0,0.0,0.0,128.0,16384.0,0.0562880001962184,0.056628617884671884
64.0,0.0,1.0,0.0,0.0,64.0,64.0,0.0,0.0,0.0,64.0,4096.0,0.0568320006132125,0.05758638143536083
128.0,0.0,1.0,0.0,0.0,128.0,128.0,0.0,0.0,0.0,128.0,16384.0,0.0571519993245601,0.056628617884671884
128.0,0.0,1.0,0.0,0.0,128.0,128.0,0.0,0.0,0.0,128.0,16384.0,0.0555839985609054,0.056628617884671884
64.0,0.0,1.0,0.0,0.0,64.0,64.0,0.0,0.0,0.0,64.0,4096.0,0.0581439994275569,0.05758638143536083
128.0,0.0,1.0,0.0,0.0,128.0,128.0,0.0,0.0,0.0,128.0,16384.0,0.0572159998118877,0.056628617884671884
128.0,0.0,1.0,0.0,0.0,128.0,128.0,0.0,0.0,0.0,128.0,16384.0,0.0564160011708736,0.056628617884671884
64.0,0.0,1.0,0.0,0.0,64.0,64.0,0.0,0.0,0.0,64.0,4096.0,0.0584639981389045,0.05758638143536083
128.0,0.0,1.0,0.0,0.0,128.0,128.0,0.0,0.0,0.0,128.0,16384.0,0.0573120005428791,0.056628617884671884
128.0,0.0,1.0,0.0,0.0,128.0,128.0,0.0,0.0,0.0,128.0,16384.0,0.0561599992215633,0.056628617884671884
64.0,0.0,1.0,0.0,0.0,64.0,64.0,0.0,0.0,0.0,64.0,4096.0,0.0569920018315315,0.05758638143536083
256.0,0.0,1.0,0.0,0.0,256.0,256.0,0.0,0.0,0.0,256.0,65536.0,0.0575359985232353,0.05642615192399803
128.0,0.0,1.0,0.0,0.0,128.0,128.0,0.0,0.0,0.0,128.0,16384.0,0.0553280003368854,0.056628617884671884
128.0,0.0,1.0,0.0,0.0,128.0,128.0,0.0,0.0,0.0,128.0,16384.0,0.0575679987668991,0.056628617884671884
256.0,0.0,1.0,0.0,0.0,256.0,256.0,0.0,0.0,0.0,256.0,65536.0,0.0570559985935688,0.05642615192399803
128.0,0.0,1.0,0.0,0.0,128.0,128.0,0.0,0.0,0.0,128.0,16384.0,0.0559360012412071,0.056628617884671884
128.0,0.0,1.0,0.0,0.0,128.0,128.0,0.0,0.0,0.0,128.0,16384.0,0.0578240007162094,0.056628617884671884
256.0,0.0,1.0,0.0,0.0,256.0,256.0,0.0,0.0,0.0,256.0,65536.0,0.0576639994978904,0.05642615192399803
128.0,0.0,1.0,0.0,0.0,128.0,128.0,0.0,0.0,0.0,128.0,16384.0,0.055392000824213,0.056628617884671884
128.0,0.0,1.0,0.0,0.0,128.0,128.0,0.0,0.0,0.0,128.0,16384.0,0.056768000125885,0.056628617884671884
256.0,0.0,1.0,0.0,0.0,256.0,256.0,0.0,0.0,0.0,256.0,65536.0,0.057472001761198,0.05642615192399803
128.0,0.0,1.0,0.0,0.0,128.0,128.0,0.0,0.0,0.0,128.0,16384.0,0.0559360012412071,0.056628617884671884
128.0,0.0,1.0,0.0,0.0,128.0,128.0,0.0,0.0,0.0,128.0,16384.0,0.0569600015878677,0.056628617884671884
256.0,0.0,1.0,0.0,0.0,256.0,256.0,0.0,0.0,0.0,256.0,65536.0,0.0576639994978904,0.05642615192399803
128.0,0.0,1.0,0.0,0.0,128.0,128.0,0.0,0.0,0.0,128.0,16384.0,0.0550719983875751,0.056628617884671884
128.0,0.0,1.0,0.0,0.0,128.0,128.0,0.0,0.0,0.0,128.0,16384.0,0.0576959997415542,0.056628617884671884
256.0,0.0,1.0,0.0,0.0,256.0,256.0,0.0,0.0,0.0,256.0,65536.0,0.0569600015878677,0.05642615192399803
128.0,0.0,1.0,0.0,0.0,128.0,128.0,0.0,0.0,0.0,128.0,16384.0,0.0549440011382103,0.056628617884671884
64.0,0.0,1.0,0.0,0.0,64.0,64.0,0.0,0.0,0.0,64.0,4096.0,0.0598400011658668,0.05758638143536083
128.0,0.0,1.0,0.0,0.0,128.0,128.0,0.0,0.0,0.0,128.0,16384.0,0.0557119995355606,0.056628617884671884
256.0,0.0,1.0,0.0,0.0,256.0,256.0,0.0,0.0,0.0,256.0,65536.0,0.0576959997415542,0.05642615192399803
256.0,0.0,1.0,0.0,0.0,256.0,256.0,0.0,0.0,0.0,256.0,65536.0,0.0546879991888999,0.05642615192399803
64.0,0.0,1.0,0.0,0.0,64.0,64.0,0.0,0.0,0.0,64.0,4096.0,0.0599999986588954,0.05758638143536083
128.0,0.0,1.0,0.0,0.0,128.0,128.0,0.0,0.0,0.0,128.0,16384.0,0.0653119981288909,0.056628617884671884
256.0,0.0,1.0,0.0,0.0,256.0,256.0,0.0,0.0,0.0,256.0,65536.0,0.0568000003695488,0.05642615192399803
64.0,0.0,1.0,0.0,0.0,64.0,64.0,0.0,0.0,0.0,64.0,4096.0,0.0587520003318786,0.05758638143536083
256.0,0.0,1.0,0.0,0.0,256.0,256.0,0.0,0.0,0.0,256.0,65536.0,0.0548160001635551,0.05642615192399803
128.0,0.0,1.0,0.0,0.0,128.0,128.0,0.0,0.0,0.0,128.0,16384.0,0.0584959983825683,0.056628617884671884
64.0,0.0,1.0,0.0,0.0,64.0,64.0,0.0,0.0,0.0,64.0,4096.0,0.0581119991838932,0.05758638143536083
256.0,0.0,1.0,0.0,0.0,256.0,256.0,0.0,0.0,0.0,256.0,65536.0,0.05884800106287,0.05642615192399803
64.0,0.0,1.0,0.0,0.0,64.0,64.0,0.0,0.0,0.0,64.0,4096.0,0.0588160008192062,0.05758638143536083
256.0,0.0,1.0,0.0,0.0,256.0,256.0,0.0,0.0,0.0,256.0,65536.0,0.0561919994652271,0.05642615192399803
128.0,0.0,1.0,0.0,0.0,128.0,128.0,0.0,0.0,0.0,128.0,16384.0,0.0607680007815361,0.056628617884671884
64.0,0.0,1.0,0.0,0.0,64.0,64.0,0.0,0.0,0.0,64.0,4096.0,0.0575679987668991,0.05758638143536083
256.0,0.0,1.0,0.0,0.0,256.0,256.0,0.0,0.0,0.0,256.0,65536.0,0.0577600002288818,0.05642615192399803
64.0,0.0,1.0,0.0,0.0,64.0,64.0,0.0,0.0,0.0,64.0,4096.0,0.0591359995305538,0.05758638143536083
256.0,0.0,1.0,0.0,0.0,256.0,256.0,0.0,0.0,0.0,256.0,65536.0,0.0582720004022121,0.05642615192399803
128.0,0.0,1.0,0.0,0.0,128.0,128.0,0.0,0.0,0.0,128.0,16384.0,0.0605119988322258,0.056628617884671884
64.0,0.0,1.0,0.0,0.0,64.0,64.0,0.0,0.0,0.0,64.0,4096.0,0.057472001761198,0.05758638143536083
256.0,0.0,1.0,0.0,0.0,256.0,256.0,0.0,0.0,0.0,256.0,65536.0,0.0580159984529018,0.05642615192399803
64.0,0.0,1.0,0.0,0.0,64.0,64.0,0.0,0.0,0.0,64.0,4096.0,0.0582400001585483,0.05758638143536083
256.0,0.0,1.0,0.0,0.0,256.0,256.0,0.0,0.0,0.0,256.0,65536.0,0.056352000683546,0.05642615192399803
128.0,0.0,1.0,0.0,0.0,128.0,128.0,0.0,0.0,0.0,128.0,16384.0,0.0598400011658668,0.056628617884671884
64.0,0.0,1.0,0.0,0.0,64.0,64.0,0.0,0.0,0.0,64.0,4096.0,0.0580159984529018,0.05758638143536083
512.0,0.0,1.0,0.0,0.0,512.0,512.0,0.0,0.0,0.0,512.0,262144.0,0.0584959983825683,0.05664702054721665
64.0,0.0,1.0,0.0,0.0,64.0,64.0,0.0,0.0,0.0,64.0,4096.0,0.0578560009598732,0.05758638143536083
256.0,0.0,1.0,0.0,0.0,256.0,256.0,0.0,0.0,0.0,256.0,65536.0,0.0549120008945465,0.05642615192399803
256.0,0.0,1.0,0.0,0.0,256.0,256.0,0.0,0.0,0.0,256.0,65536.0,0.0592320002615451,0.05642615192399803
64.0,0.0,1.0,0.0,0.0,64.0,64.0,0.0,0.0,0.0,64.0,4096.0,0.0576639994978904,0.05758638143536083
64.0,0.0,1.0,0.0,0.0,64.0,64.0,0.0,0.0,0.0,64.0,4096.0,0.0608960017561912,0.05758638143536083
64.0,0.0,1.0,0.0,0.0,64.0,64.0,0.0,0.0,0.0,64.0,4096.0,0.0571199990808963,0.05758638143536083
256.0,0.0,1.0,0.0,0.0,256.0,256.0,0.0,0.0,0.0,256.0,65536.0,0.0557119995355606,0.05642615192399803
512.0,0.0,1.0,0.0,0.0,512.0,512.0,0.0,0.0,0.0,512.0,262144.0,0.0603520013391971,0.05664702054721665
256.0,0.0,1.0,0.0,0.0,256.0,256.0,0.0,0.0,0.0,256.0,65536.0,0.0595519989728927,0.05642615192399803
64.0,0.0,1.0,0.0,0.0,64.0,64.0,0.0,0.0,0.0,64.0,4096.0,0.0569600015878677,0.05758638143536083
64.0,0.0,1.0,0.0,0.0,64.0,64.0,0.0,0.0,0.0,64.0,4096.0,0.0615679994225502,0.05758638143536083
64.0,0.0,1.0,0.0,0.0,64.0,64.0,0.0,0.0,0.0,64.0,4096.0,0.0589440017938613,0.05758638143536083
256.0,0.0,1.0,0.0,0.0,256.0,256.0,0.0,0.0,0.0,256.0,65536.0,0.0554560013115406,0.05642615192399803
512.0,0.0,1.0,0.0,0.0,512.0,512.0,0.0,0.0,0.0,512.0,262144.0,0.0592320002615451,0.05664702054721665
256.0,0.0,1.0,0.0,0.0,256.0,256.0,0.0,0.0,0.0,256.0,65536.0,0.0562239997088909,0.05642615192399803
64.0,0.0,1.0,0.0,0.0,64.0,64.0,0.0,0.0,0.0,64.0,4096.0,0.0568000003695488,0.05758638143536083
64.0,0.0,1.0,0.0,0.0,64.0,64.0,0.0,0.0,0.0,64.0,4096.0,0.0592960007488727,0.05758638143536083
64.0,0.0,1.0,0.0,0.0,64.0,64.0,0.0,0.0,0.0,64.0,4096.0,0.0589759983122348,0.05758638143536083
256.0,0.0,1.0,0.0,0.0,256.0,256.0,0.0,0.0,0.0,256.0,65536.0,0.0572480000555515,0.05642615192399803
512.0,0.0,1.0,0.0,0.0,512.0,512.0,0.0,0.0,0.0,512.0,262144.0,0.0570879988372325,0.05664702054721665
256.0,0.0,1.0,0.0,0.0,256.0,256.0,0.0,0.0,0.0,256.0,65536.0,0.0569920018315315,0.05642615192399803
64.0,0.0,1.0,0.0,0.0,64.0,64.0,0.0,0.0,0.0,64.0,4096.0,0.0582720004022121,0.05758638143536083
64.0,0.0,1.0,0.0,0.0,64.0,64.0,0.0,0.0,0.0,64.0,4096.0,0.059808000922203,0.05758638143536083
256.0,0.0,1.0,0.0,0.0,256.0,256.0,0.0,0.0,0.0,256.0,65536.0,0.0570879988372325,0.05642615192399803
512.0,0.0,1.0,0.0,0.0,512.0,512.0,0.0,0.0,0.0,512.0,262144.0,0.0584639981389045,0.05664702054721665
64.0,0.0,1.0,0.0,0.0,64.0,64.0,0.0,0.0,0.0,64.0,4096.0,0.05910399928689,0.05758638143536083
256.0,0.0,1.0,0.0,0.0,256.0,256.0,0.0,0.0,0.0,256.0,65536.0,0.0571199990808963,0.05642615192399803
64.0,0.0,1.0,0.0,0.0,64.0,64.0,0.0,0.0,0.0,64.0,4096.0,0.0593600012362003,0.05758638143536083
64.0,0.0,1.0,0.0,0.0,64.0,64.0,0.0,0.0,0.0,64.0,4096.0,0.029696000739932,0.05758638143536083
256.0,0.0,1.0,0.0,0.0,256.0,256.0,0.0,0.0,0.0,256.0,65536.0,0.0555200017988681,0.05642615192399803
512.0,0.0,1.0,0.0,0.0,512.0,512.0,0.0,0.0,0.0,512.0,262144.0,0.0581439994275569,0.05664702054721665
64.0,0.0,1.0,0.0,0.0,64.0,64.0,0.0,0.0,0.0,64.0,4096.0,0.0572480000555515,0.05758638143536083
256.0,0.0,1.0,0.0,0.0,256.0,256.0,0.0,0.0,0.0,256.0,65536.0,0.0576319992542266,0.05642615192399803
64.0,0.0,1.0,0.0,0.0,64.0,64.0,0.0,0.0,0.0,64.0,4096.0,0.0589759983122348,0.05758638143536083
64.0,0.0,1.0,0.0,0.0,64.0,64.0,0.0,0.0,0.0,64.0,4096.0,0.0573440007865428,0.05758638143536083
512.0,0.0,1.0,0.0,0.0,512.0,512.0,0.0,0.0,0.0,512.0,262144.0,0.057472001761198,0.05664702054721665
256.0,0.0,1.0,0.0,0.0,256.0,256.0,0.0,0.0,0.0,256.0,65536.0,0.0569920018315315,0.05642615192399803
256.0,0.0,1.0,0.0,0.0,256.0,256.0,0.0,0.0,0.0,256.0,65536.0,0.0538880005478858,0.05642615192399803
128.0,0.0,1.0,0.0,0.0,128.0,128.0,0.0,0.0,0.0,128.0,16384.0,0.0575999990105629,0.056628617884671884
64.0,0.0,1.0,0.0,0.0,64.0,64.0,0.0,0.0,0.0,64.0,4096.0,0.0585279986262321,0.05758638143536083
128.0,0.0,1.0,0.0,0.0,128.0,128.0,0.0,0.0,0.0,128.0,16384.0,0.0571839995682239,0.056628617884671884
512.0,0.0,1.0,0.0,0.0,512.0,512.0,0.0,0.0,0.0,512.0,262144.0,0.0586559996008873,0.05664702054721665
256.0,0.0,1.0,0.0,0.0,256.0,256.0,0.0,0.0,0.0,256.0,65536.0,0.0576319992542266,0.05642615192399803
512.0,0.0,1.0,0.0,0.0,512.0,512.0,0.0,0.0,0.0,512.0,262144.0,0.0556799992918968,0.05664702054721665
128.0,0.0,1.0,0.0,0.0,128.0,128.0,0.0,0.0,0.0,128.0,16384.0,0.0573440007865428,0.056628617884671884
64.0,0.0,1.0,0.0,0.0,64.0,64.0,0.0,0.0,0.0,64.0,4096.0,0.0592640005052089,0.05758638143536083
128.0,0.0,1.0,0.0,0.0,128.0,128.0,0.0,0.0,0.0,128.0,16384.0,0.0567039996385574,0.056628617884671884
64.0,0.0,1.0,0.0,0.0,64.0,64.0,0.0,0.0,0.0,64.0,4096.0,0.0584000013768672,0.05758638143536083
512.0,0.0,1.0,0.0,0.0,512.0,512.0,0.0,0.0,0.0,512.0,262144.0,0.0590079985558986,0.05664702054721665
256.0,0.0,1.0,0.0,0.0,256.0,256.0,0.0,0.0,0.0,256.0,65536.0,0.0578560009598732,0.05642615192399803
512.0,0.0,1.0,0.0,0.0,512.0,512.0,0.0,0.0,0.0,512.0,262144.0,0.055231999605894,0.05664702054721665
128.0,0.0,1.0,0.0,0.0,128.0,128.0,0.0,0.0,0.0,128.0,16384.0,0.0572480000555515,0.056628617884671884
128.0,0.0,1.0,0.0,0.0,128.0,128.0,0.0,0.0,0.0,128.0,16384.0,0.056768000125885,0.056628617884671884
64.0,0.0,1.0,0.0,0.0,64.0,64.0,0.0,0.0,0.0,64.0,4096.0,0.0579200014472007,0.05758638143536083
64.0,0.0,1.0,0.0,0.0,64.0,64.0,0.0,0.0,0.0,64.0,4096.0,0.0583040006458759,0.05758638143536083
512.0,0.0,1.0,0.0,0.0,512.0,512.0,0.0,0.0,0.0,512.0,262144.0,0.0590399987995624,0.05664702054721665
256.0,0.0,1.0,0.0,0.0,256.0,256.0,0.0,0.0,0.0,256.0,65536.0,0.058687999844551,0.05642615192399803
512.0,0.0,1.0,0.0,0.0,512.0,512.0,0.0,0.0,0.0,512.0,262144.0,0.0562239997088909,0.05664702054721665
128.0,0.0,1.0,0.0,0.0,128.0,128.0,0.0,0.0,0.0,128.0,16384.0,0.056352000683546,0.056628617884671884
128.0,0.0,1.0,0.0,0.0,128.0,128.0,0.0,0.0,0.0,128.0,16384.0,0.0561599992215633,0.056628617884671884
64.0,0.0,1.0,0.0,0.0,64.0,64.0,0.0,0.0,0.0,64.0,4096.0,0.0576959997415542,0.05758638143536083
64.0,0.0,1.0,0.0,0.0,64.0,64.0,0.0,0.0,0.0,64.0,4096.0,0.0588800013065338,0.05758638143536083
512.0,0.0,1.0,0.0,0.0,512.0,512.0,0.0,0.0,0.0,512.0,262144.0,0.0576319992542266,0.05664702054721665
256.0,0.0,1.0,0.0,0.0,256.0,256.0,0.0,0.0,0.0,256.0,65536.0,0.0575039982795715,0.05642615192399803
512.0,0.0,1.0,0.0,0.0,512.0,512.0,0.0,0.0,0.0,512.0,262144.0,0.0553280003368854,0.05664702054721665
128.0,0.0,1.0,0.0,0.0,128.0,128.0,0.0,0.0,0.0,128.0,16384.0,0.0587840005755424,0.056628617884671884
128.0,0.0,1.0,0.0,0.0,128.0,128.0,0.0,0.0,0.0,128.0,16384.0,0.0550719983875751,0.056628617884671884
64.0,0.0,1.0,0.0,0.0,64.0,64.0,0.0,0.0,0.0,64.0,4096.0,0.0581119991838932,0.05758638143536083
64.0,0.0,1.0,0.0,0.0,64.0,64.0,0.0,0.0,0.0,64.0,4096.0,0.0582720004022121,0.05758638143536083
1024.0,0.0,1.0,0.0,0.0,1024.0,1024.0,0.0,0.0,0.0,1024.0,1048576.0,0.0605119988322258,0.06006150929508787
512.0,0.0,1.0,0.0,0.0,512.0,512.0,0.0,0.0,0.0,512.0,262144.0,0.0568640008568763,0.05664702054721665
512.0,0.0,1.0,0.0,0.0,512.0,512.0,0.0,0.0,0.0,512.0,262144.0,0.0602560006082057,0.05664702054721665
128.0,0.0,1.0,0.0,0.0,128.0,128.0,0.0,0.0,0.0,128.0,16384.0,0.0553280003368854,0.056628617884671884
128.0,0.0,1.0,0.0,0.0,128.0,128.0,0.0,0.0,0.0,128.0,16384.0,0.0618560016155242,0.056628617884671884
64.0,0.0,1.0,0.0,0.0,64.0,64.0,0.0,0.0,0.0,64.0,4096.0,0.057727999985218,0.05758638143536083
128.0,0.0,1.0,0.0,0.0,128.0,128.0,0.0,0.0,0.0,128.0,16384.0,0.0597440004348754,0.056628617884671884
1024.0,0.0,1.0,0.0,0.0,1024.0,1024.0,0.0,0.0,0.0,1024.0,1048576.0,0.0603840015828609,0.06006150929508787
512.0,0.0,1.0,0.0,0.0,512.0,512.0,0.0,0.0,0.0,512.0,262144.0,0.0564160011708736,0.05664702054721665
512.0,0.0,1.0,0.0,0.0,512.0,512.0,0.0,0.0,0.0,512.0,262144.0,0.0563840009272098,0.05664702054721665
128.0,0.0,1.0,0.0,0.0,128.0,128.0,0.0,0.0,0.0,128.0,16384.0,0.0572480000555515,0.056628617884671884
128.0,0.0,1.0,0.0,0.0,128.0,128.0,0.0,0.0,0.0,128.0,16384.0,0.0561279989778995,0.056628617884671884
64.0,0.0,1.0,0.0,0.0,64.0,64.0,0.0,0.0,0.0,64.0,4096.0,0.057472001761198,0.05758638143536083
128.0,0.0,1.0,0.0,0.0,128.0,128.0,0.0,0.0,0.0,128.0,16384.0,0.0587520003318786,0.056628617884671884
1024.0,0.0,1.0,0.0,0.0,1024.0,1024.0,0.0,0.0,0.0,1024.0,1048576.0,0.0601279996335506,0.06006150929508787
512.0,0.0,1.0,0.0,0.0,512.0,512.0,0.0,0.0,0.0,512.0,262144.0,0.0562559999525547,0.05664702054721665
64.0,0.0,1.0,0.0,0.0,64.0,64.0,0.0,0.0,0.0,64.0,4096.0,0.0633279979228973,0.05758638143536083
512.0,0.0,1.0,0.0,0.0,512.0,512.0,0.0,0.0,0.0,512.0,262144.0,0.0570879988372325,0.05664702054721665
128.0,0.0,1.0,0.0,0.0,128.0,128.0,0.0,0.0,0.0,128.0,16384.0,0.0559040009975433,0.056628617884671884
128.0,0.0,1.0,0.0,0.0,128.0,128.0,0.0,0.0,0.0,128.0,16384.0,0.0560319982469081,0.056628617884671884
64.0,0.0,1.0,0.0,0.0,64.0,64.0,0.0,0.0,0.0,64.0,4096.0,0.057983998209238,0.05758638143536083
128.0,0.0,1.0,0.0,0.0,128.0,128.0,0.0,0.0,0.0,128.0,16384.0,0.0580799989402294,0.056628617884671884
1024.0,0.0,1.0,0.0,0.0,1024.0,1024.0,0.0,0.0,0.0,1024.0,1048576.0,0.0599679984152317,0.06006150929508787
512.0,0.0,1.0,0.0,0.0,512.0,512.0,0.0,0.0,0.0,512.0,262144.0,0.0576959997415542,0.05664702054721665
512.0,0.0,1.0,0.0,0.0,512.0,512.0,0.0,0.0,0.0,512.0,262144.0,0.0561599992215633,0.05664702054721665
64.0,0.0,1.0,0.0,0.0,64.0,64.0,0.0,0.0,0.0,64.0,4096.0,0.0592000000178813,0.05758638143536083
128.0,0.0,1.0,0.0,0.0,128.0,128.0,0.0,0.0,0.0,128.0,16384.0,0.0573120005428791,0.056628617884671884
64.0,0.0,1.0,0.0,0.0,64.0,64.0,0.0,0.0,0.0,64.0,4096.0,0.0575999990105629,0.05758638143536083
128.0,0.0,1.0,0.0,0.0,128.0,128.0,0.0,0.0,0.0,128.0,16384.0,0.0495040006935596,0.056628617884671884
128.0,0.0,1.0,0.0,0.0,128.0,128.0,0.0,0.0,0.0,128.0,16384.0,0.0577920004725456,0.056628617884671884
1024.0,0.0,1.0,0.0,0.0,1024.0,1024.0,0.0,0.0,0.0,1024.0,1048576.0,0.0606079995632171,0.06006150929508787
512.0,0.0,1.0,0.0,0.0,512.0,512.0,0.0,0.0,0.0,512.0,262144.0,0.055231999605894,0.05664702054721665
512.0,0.0,1.0,0.0,0.0,512.0,512.0,0.0,0.0,0.0,512.0,262144.0,0.0562559999525547,0.05664702054721665
64.0,0.0,1.0,0.0,0.0,64.0,64.0,0.0,0.0,0.0,64.0,4096.0,0.0620159991085529,0.05758638143536083
128.0,0.0,1.0,0.0,0.0,128.0,128.0,0.0,0.0,0.0,128.0,16384.0,0.0559360012412071,0.056628617884671884
64.0,0.0,1.0,0.0,0.0,64.0,64.0,0.0,0.0,0.0,64.0,4096.0,0.0582079999148845,0.05758638143536083
128.0,0.0,1.0,0.0,0.0,128.0,128.0,0.0,0.0,0.0,128.0,16384.0,0.0557439997792243,0.056628617884671884
128.0,0.0,1.0,0.0,0.0,128.0,128.0,0.0,0.0,0.0,128.0,16384.0,0.056768000125885,0.056628617884671884
1024.0,0.0,1.0,0.0,0.0,1024.0,1024.0,0.0,0.0,0.0,1024.0,1048576.0,0.0610239990055561,0.06006150929508787
512.0,0.0,1.0,0.0,0.0,512.0,512.0,0.0,0.0,0.0,512.0,262144.0,0.0571519993245601,0.05664702054721665
512.0,0.0,1.0,0.0,0.0,512.0,512.0,0.0,0.0,0.0,512.0,262144.0,0.0560319982469081,0.05664702054721665
64.0,0.0,1.0,0.0,0.0,64.0,64.0,0.0,0.0,0.0,64.0,4096.0,0.0596799999475479,0.05758638143536083
128.0,0.0,1.0,0.0,0.0,128.0,128.0,0.0,0.0,0.0,128.0,16384.0,0.0584639981389045,0.056628617884671884
64.0,0.0,1.0,0.0,0.0,64.0,64.0,0.0,0.0,0.0,64.0,4096.0,0.0560959987342357,0.05758638143536083
128.0,0.0,1.0,0.0,0.0,128.0,128.0,0.0,0.0,0.0,128.0,16384.0,0.0578240007162094,0.056628617884671884
128.0,0.0,1.0,0.0,0.0,128.0,128.0,0.0,0.0,0.0,128.0,16384.0,0.0560319982469081,0.056628617884671884
1024.0,0.0,1.0,0.0,0.0,1024.0,1024.0,0.0,0.0,0.0,1024.0,1048576.0,0.0608640015125274,0.06006150929508787
512.0,0.0,1.0,0.0,0.0,512.0,512.0,0.0,0.0,0.0,512.0,262144.0,0.0581119991838932,0.05664702054721665
512.0,0.0,1.0,0.0,0.0,512.0,512.0,0.0,0.0,0.0,512.0,262144.0,0.0573120005428791,0.05664702054721665
64.0,0.0,1.0,0.0,0.0,64.0,64.0,0.0,0.0,0.0,64.0,4096.0,0.0582720004022121,0.05758638143536083
64.0,0.0,1.0,0.0,0.0,64.0,64.0,0.0,0.0,0.0,64.0,4096.0,0.057023998349905,0.05758638143536083
128.0,0.0,1.0,0.0,0.0,128.0,128.0,0.0,0.0,0.0,128.0,16384.0,0.057472001761198,0.056628617884671884
128.0,0.0,1.0,0.0,0.0,128.0,128.0,0.0,0.0,0.0,128.0,16384.0,0.0573440007865428,0.056628617884671884
256.0,0.0,1.0,0.0,0.0,256.0,256.0,0.0,0.0,0.0,256.0,65536.0,0.0550719983875751,0.05642615192399803
1024.0,0.0,1.0,0.0,0.0,1024.0,1024.0,0.0,0.0,0.0,1024.0,1048576.0,0.0615679994225502,0.06006150929508787
512.0,0.0,1.0,0.0,0.0,512.0,512.0,0.0,0.0,0.0,512.0,262144.0,0.0571519993245601,0.05664702054721665
1024.0,0.0,1.0,0.0,0.0,1024.0,1024.0,0.0,0.0,0.0,1024.0,1048576.0,0.0596799999475479,0.06006150929508787
64.0,0.0,1.0,0.0,0.0,64.0,64.0,0.0,0.0,0.0,64.0,4096.0,0.0591679997742176,0.05758638143536083
256.0,0.0,1.0,0.0,0.0,256.0,256.0,0.0,0.0,0.0,256.0,65536.0,0.0546239987015724,0.05642615192399803
128.0,0.0,1.0,0.0,0.0,128.0,128.0,0.0,0.0,0.0,128.0,16384.0,0.0566399991512298,0.056628617884671884
256.0,0.0,1.0,0.0,0.0,256.0,256.0,0.0,0.0,0.0,256.0,65536.0,0.054976001381874,0.05642615192399803
64.0,0.0,1.0,0.0,0.0,64.0,64.0,0.0,0.0,0.0,64.0,4096.0,0.0159040000289678,0.05758638143536083
1024.0,0.0,1.0,0.0,0.0,1024.0,1024.0,0.0,0.0,0.0,1024.0,1048576.0,0.0615679994225502,0.06006150929508787
512.0,0.0,1.0,0.0,0.0,512.0,512.0,0.0,0.0,0.0,512.0,262144.0,0.0608640015125274,0.05664702054721665
1024.0,0.0,1.0,0.0,0.0,1024.0,1024.0,0.0,0.0,0.0,1024.0,1048576.0,0.0596159994602203,0.06006150929508787
64.0,0.0,1.0,0.0,0.0,64.0,64.0,0.0,0.0,0.0,64.0,4096.0,0.0582720004022121,0.05758638143536083
256.0,0.0,1.0,0.0,0.0,256.0,256.0,0.0,0.0,0.0,256.0,65536.0,0.0562880001962184,0.05642615192399803
128.0,0.0,1.0,0.0,0.0,128.0,128.0,0.0,0.0,0.0,128.0,16384.0,0.058432001620531,0.056628617884671884
256.0,0.0,1.0,0.0,0.0,256.0,256.0,0.0,0.0,0.0,256.0,65536.0,0.0560319982469081,0.05642615192399803
128.0,0.0,1.0,0.0,0.0,128.0,128.0,0.0,0.0,0.0,128.0,16384.0,0.0582720004022121,0.056628617884671884
1024.0,0.0,1.0,0.0,0.0,1024.0,1024.0,0.0,0.0,0.0,1024.0,1048576.0,0.0608320012688636,0.06006150929508787
512.0,0.0,1.0,0.0,0.0,512.0,512.0,0.0,0.0,0.0,512.0,262144.0,0.0609279982745647,0.05664702054721665
1024.0,0.0,1.0,0.0,0.0,1024.0,1024.0,0.0,0.0,0.0,1024.0,1048576.0,0.0596159994602203,0.06006150929508787
64.0,0.0,1.0,0.0,0.0,64.0,64.0,0.0,0.0,0.0,64.0,4096.0,0.0593600012362003,0.05758638143536083
256.0,0.0,1.0,0.0,0.0,256.0,256.0,0.0,0.0,0.0,256.0,65536.0,0.0570879988372325,0.05642615192399803
128.0,0.0,1.0,0.0,0.0,128.0,128.0,0.0,0.0,0.0,128.0,16384.0,0.0571839995682239,0.056628617884671884
256.0,0.0,1.0,0.0,0.0,256.0,256.0,0.0,0.0,0.0,256.0,65536.0,0.057023998349905,0.05642615192399803
128.0,0.0,1.0,0.0,0.0,128.0,128.0,0.0,0.0,0.0,128.0,16384.0,0.057727999985218,0.056628617884671884
1024.0,0.0,1.0,0.0,0.0,1024.0,1024.0,0.0,0.0,0.0,1024.0,1048576.0,0.0605439990758895,0.06006150929508787
512.0,0.0,1.0,0.0,0.0,512.0,512.0,0.0,0.0,0.0,512.0,262144.0,0.0613120011985302,0.05664702054721665
1024.0,0.0,1.0,0.0,0.0,1024.0,1024.0,0.0,0.0,0.0,1024.0,1048576.0,0.0595519989728927,0.06006150929508787
256.0,0.0,1.0,0.0,0.0,256.0,256.0,0.0,0.0,0.0,256.0,65536.0,0.0551999993622303,0.05642615192399803
128.0,0.0,1.0,0.0,0.0,128.0,128.0,0.0,0.0,0.0,128.0,16384.0,0.0568000003695488,0.056628617884671884
64.0,0.0,1.0,0.0,0.0,64.0,64.0,0.0,0.0,0.0,64.0,4096.0,0.0601920001208782,0.05758638143536083
256.0,0.0,1.0,0.0,0.0,256.0,256.0,0.0,0.0,0.0,256.0,65536.0,0.056768000125885,0.05642615192399803
128.0,0.0,1.0,0.0,0.0,128.0,128.0,0.0,0.0,0.0,128.0,16384.0,0.0569600015878677,0.056628617884671884
1024.0,0.0,1.0,0.0,0.0,1024.0,1024.0,0.0,0.0,0.0,1024.0,1048576.0,0.061439998447895,0.06006150929508787
1024.0,0.0,1.0,0.0,0.0,1024.0,1024.0,0.0,0.0,0.0,1024.0,1048576.0,0.0603840015828609,0.06006150929508787
512.0,0.0,1.0,0.0,0.0,512.0,512.0,0.0,0.0,0.0,512.0,262144.0,0.0631040036678314,0.05664702054721665
256.0,0.0,1.0,0.0,0.0,256.0,256.0,0.0,0.0,0.0,256.0,65536.0,0.0556799992918968,0.05642615192399803
64.0,0.0,1.0,0.0,0.0,64.0,64.0,0.0,0.0,0.0,64.0,4096.0,0.0571199990808963,0.05758638143536083
256.0,0.0,1.0,0.0,0.0,256.0,256.0,0.0,0.0,0.0,256.0,65536.0,0.0557439997792243,0.05642615192399803
128.0,0.0,1.0,0.0,0.0,128.0,128.0,0.0,0.0,0.0,128.0,16384.0,0.0671999976038932,0.056628617884671884
4096.0,0.0,1.0,0.0,0.0,4096.0,4096.0,0.0,0.0,0.0,4096.0,16777216.0,0.1456640064716339,0.14283536668684008
1024.0,0.0,1.0,0.0,0.0,1024.0,1024.0,0.0,0.0,0.0,1024.0,1048576.0,0.0594879984855651,0.06006150929508787
128.0,0.0,1.0,0.0,0.0,128.0,128.0,0.0,0.0,0.0,128.0,16384.0,0.0174400005489587,0.056628617884671884
1024.0,0.0,1.0,0.0,0.0,1024.0,1024.0,0.0,0.0,0.0,1024.0,1048576.0,0.0599359981715679,0.06006150929508787
256.0,0.0,1.0,0.0,0.0,256.0,256.0,0.0,0.0,0.0,256.0,65536.0,0.0576639994978904,0.05642615192399803
256.0,0.0,1.0,0.0,0.0,256.0,256.0,0.0,0.0,0.0,256.0,65536.0,0.0562559999525547,0.05642615192399803
64.0,0.0,1.0,0.0,0.0,64.0,64.0,0.0,0.0,0.0,64.0,4096.0,0.0583040006458759,0.05758638143536083
128.0,0.0,1.0,0.0,0.0,128.0,128.0,0.0,0.0,0.0,128.0,16384.0,0.0569920018315315,0.056628617884671884
4096.0,0.0,1.0,0.0,0.0,4096.0,4096.0,0.0,0.0,0.0,4096.0,16777216.0,0.1451199948787689,0.14283536668684008
1024.0,0.0,1.0,0.0,0.0,1024.0,1024.0,0.0,0.0,0.0,1024.0,1048576.0,0.0603520013391971,0.06006150929508787
256.0,0.0,1.0,0.0,0.0,256.0,256.0,0.0,0.0,0.0,256.0,65536.0,0.0585279986262321,0.05642615192399803
1024.0,0.0,1.0,0.0,0.0,1024.0,1024.0,0.0,0.0,0.0,1024.0,1048576.0,0.0615039989352226,0.06006150929508787
256.0,0.0,1.0,0.0,0.0,256.0,256.0,0.0,0.0,0.0,256.0,65536.0,0.057023998349905,0.05642615192399803
128.0,0.0,1.0,0.0,0.0,128.0,128.0,0.0,0.0,0.0,128.0,16384.0,0.0593920014798641,0.056628617884671884
256.0,0.0,1.0,0.0,0.0,256.0,256.0,0.0,0.0,0.0,256.0,65536.0,0.0547519996762275,0.05642615192399803
128.0,0.0,1.0,0.0,0.0,128.0,128.0,0.0,0.0,0.0,128.0,16384.0,0.0560000017285347,0.056628617884671884
4096.0,0.0,1.0,0.0,0.0,4096.0,4096.0,0.0,0.0,0.0,4096.0,16777216.0,0.145919993519783,0.14283536668684008
1024.0,0.0,1.0,0.0,0.0,1024.0,1024.0,0.0,0.0,0.0,1024.0,1048576.0,0.0592320002615451,0.06006150929508787
256.0,0.0,1.0,0.0,0.0,256.0,256.0,0.0,0.0,0.0,256.0,65536.0,0.05884800106287,0.05642615192399803
1024.0,0.0,1.0,0.0,0.0,1024.0,1024.0,0.0,0.0,0.0,1024.0,1048576.0,0.0610879994928836,0.06006150929508787
256.0,0.0,1.0,0.0,0.0,256.0,256.0,0.0,0.0,0.0,256.0,65536.0,0.0556799992918968,0.05642615192399803
128.0,0.0,1.0,0.0,0.0,128.0,128.0,0.0,0.0,0.0,128.0,16384.0,0.0609279982745647,0.056628617884671884
256.0,0.0,1.0,0.0,0.0,256.0,256.0,0.0,0.0,0.0,256.0,65536.0,0.0569280013442039,0.05642615192399803
128.0,0.0,1.0,0.0,0.0,128.0,128.0,0.0,0.0,0.0,128.0,16384.0,0.056768000125885,0.056628617884671884
4096.0,0.0,1.0,0.0,0.0,4096.0,4096.0,0.0,0.0,0.0,4096.0,16777216.0,0.1450240015983581,0.14283536668684008
1024.0,0.0,1.0,0.0,0.0,1024.0,1024.0,0.0,0.0,0.0,1024.0,1048576.0,0.0606399998068809,0.06006150929508787
256.0,0.0,1.0,0.0,0.0,256.0,256.0,0.0,0.0,0.0,256.0,65536.0,0.0578560009598732,0.05642615192399803
1024.0,0.0,1.0,0.0,0.0,1024.0,1024.0,0.0,0.0,0.0,1024.0,1048576.0,0.0605439990758895,0.06006150929508787
256.0,0.0,1.0,0.0,0.0,256.0,256.0,0.0,0.0,0.0,256.0,65536.0,0.0551679991185665,0.05642615192399803
128.0,0.0,1.0,0.0,0.0,128.0,128.0,0.0,0.0,0.0,128.0,16384.0,0.0601279996335506,0.056628617884671884
256.0,0.0,1.0,0.0,0.0,256.0,256.0,0.0,0.0,0.0,256.0,65536.0,0.0576319992542266,0.05642615192399803
128.0,0.0,1.0,0.0,0.0,128.0,128.0,0.0,0.0,0.0,128.0,16384.0,0.0560959987342357,0.056628617884671884
4096.0,0.0,1.0,0.0,0.0,4096.0,4096.0,0.0,0.0,0.0,4096.0,16777216.0,0.1461759954690933,0.14283536668684008
1024.0,0.0,1.0,0.0,0.0,1024.0,1024.0,0.0,0.0,0.0,1024.0,1048576.0,0.0603840015828609,0.06006150929508787
256.0,0.0,1.0,0.0,0.0,256.0,256.0,0.0,0.0,0.0,256.0,65536.0,0.0582720004022121,0.05642615192399803
1024.0,0.0,1.0,0.0,0.0,1024.0,1024.0,0.0,0.0,0.0,1024.0,1048576.0,0.0608000010251998,0.06006150929508787
256.0,0.0,1.0,0.0,0.0,256.0,256.0,0.0,0.0,0.0,256.0,65536.0,0.0567039996385574,0.05642615192399803
128.0,0.0,1.0,0.0,0.0,128.0,128.0,0.0,0.0,0.0,128.0,16384.0,0.0575679987668991,0.056628617884671884
256.0,0.0,1.0,0.0,0.0,256.0,256.0,0.0,0.0,0.0,256.0,65536.0,0.0579520016908645,0.05642615192399803
128.0,0.0,1.0,0.0,0.0,128.0,128.0,0.0,0.0,0.0,128.0,16384.0,0.0559680014848709,0.056628617884671884
4096.0,0.0,1.0,0.0,0.0,4096.0,4096.0,0.0,0.0,0.0,4096.0,16777216.0,0.1470080018043518,0.14283536668684008
1024.0,0.0,1.0,0.0,0.0,1024.0,1024.0,0.0,0.0,0.0,1024.0,1048576.0,0.0605759993195533,0.06006150929508787
256.0,0.0,1.0,0.0,0.0,256.0,256.0,0.0,0.0,0.0,256.0,65536.0,0.0580159984529018,0.05642615192399803
1024.0,0.0,1.0,0.0,0.0,1024.0,1024.0,0.0,0.0,0.0,1024.0,1048576.0,0.0623680017888546,0.06006150929508787
128.0,0.0,1.0,0.0,0.0,128.0,128.0,0.0,0.0,0.0,128.0,16384.0,0.0578880012035369,0.056628617884671884
256.0,0.0,1.0,0.0,0.0,256.0,256.0,0.0,0.0,0.0,256.0,65536.0,0.0578240007162094,0.05642615192399803
512.0,0.0,1.0,0.0,0.0,512.0,512.0,0.0,0.0,0.0,512.0,262144.0,0.0572159998118877,0.05664702054721665
4096.0,0.0,1.0,0.0,0.0,4096.0,4096.0,0.0,0.0,0.0,4096.0,16777216.0,0.1472959965467453,0.14283536668684008
4096.0,0.0,1.0,0.0,0.0,4096.0,4096.0,0.0,0.0,0.0,4096.0,16777216.0,0.1455039978027343,0.14283536668684008
128.0,0.0,1.0,0.0,0.0,128.0,128.0,0.0,0.0,0.0,128.0,16384.0,0.0296640004962682,0.056628617884671884
256.0,0.0,1.0,0.0,0.0,256.0,256.0,0.0,0.0,0.0,256.0,65536.0,0.057727999985218,0.05642615192399803
1024.0,0.0,1.0,0.0,0.0,1024.0,1024.0,0.0,0.0,0.0,1024.0,1048576.0,0.0603520013391971,0.06006150929508787
128.0,0.0,1.0,0.0,0.0,128.0,128.0,0.0,0.0,0.0,128.0,16384.0,0.0587520003318786,0.056628617884671884
512.0,0.0,1.0,0.0,0.0,512.0,512.0,0.0,0.0,0.0,512.0,262144.0,0.0565439984202384,0.05664702054721665
512.0,0.0,1.0,0.0,0.0,512.0,512.0,0.0,0.0,0.0,512.0,262144.0,0.055392000824213,0.05664702054721665
4096.0,0.0,1.0,0.0,0.0,4096.0,4096.0,0.0,0.0,0.0,4096.0,16777216.0,0.1451199948787689,0.14283536668684008
4096.0,0.0,1.0,0.0,0.0,4096.0,4096.0,0.0,0.0,0.0,4096.0,16777216.0,0.145792007446289,0.14283536668684008
256.0,0.0,1.0,0.0,0.0,256.0,256.0,0.0,0.0,0.0,256.0,65536.0,0.0585599988698959,0.05642615192399803
128.0,0.0,1.0,0.0,0.0,128.0,128.0,0.0,0.0,0.0,128.0,16384.0,0.056607998907566,0.056628617884671884
1024.0,0.0,1.0,0.0,0.0,1024.0,1024.0,0.0,0.0,0.0,1024.0,1048576.0,0.0607680007815361,0.06006150929508787
128.0,0.0,1.0,0.0,0.0,128.0,128.0,0.0,0.0,0.0,128.0,16384.0,0.0595519989728927,0.056628617884671884
512.0,0.0,1.0,0.0,0.0,512.0,512.0,0.0,0.0,0.0,512.0,262144.0,0.0567039996385574,0.05664702054721665
512.0,0.0,1.0,0.0,0.0,512.0,512.0,0.0,0.0,0.0,512.0,262144.0,0.0570879988372325,0.05664702054721665
4096.0,0.0,1.0,0.0,0.0,4096.0,4096.0,0.0,0.0,0.0,4096.0,16777216.0,0.1451839953660965,0.14283536668684008
4096.0,0.0,1.0,0.0,0.0,4096.0,4096.0,0.0,0.0,0.0,4096.0,16777216.0,0.1448320001363754,0.14283536668684008
256.0,0.0,1.0,0.0,0.0,256.0,256.0,0.0,0.0,0.0,256.0,65536.0,0.0595519989728927,0.05642615192399803
256.0,0.0,1.0,0.0,0.0,256.0,256.0,0.0,0.0,0.0,256.0,65536.0,0.0559360012412071,0.05642615192399803
1024.0,0.0,1.0,0.0,0.0,1024.0,1024.0,0.0,0.0,0.0,1024.0,1048576.0,0.0599359981715679,0.06006150929508787
512.0,0.0,1.0,0.0,0.0,512.0,512.0,0.0,0.0,0.0,512.0,262144.0,0.0559040009975433,0.05664702054721665
128.0,0.0,1.0,0.0,0.0,128.0,128.0,0.0,0.0,0.0,128.0,16384.0,0.057472001761198,0.056628617884671884
512.0,0.0,1.0,0.0,0.0,512.0,512.0,0.0,0.0,0.0,512.0,262144.0,0.056607998907566,0.05664702054721665
4096.0,0.0,1.0,0.0,0.0,4096.0,4096.0,0.0,0.0,0.0,4096.0,16777216.0,0.1442559957504272,0.14283536668684008
4096.0,0.0,1.0,0.0,0.0,4096.0,4096.0,0.0,0.0,0.0,4096.0,16777216.0,0.1323200017213821,0.14283536668684008
256.0,0.0,1.0,0.0,0.0,256.0,256.0,0.0,0.0,0.0,256.0,65536.0,0.0592640005052089,0.05642615192399803
256.0,0.0,1.0,0.0,0.0,256.0,256.0,0.0,0.0,0.0,256.0,65536.0,0.0567359998822212,0.05642615192399803
1024.0,0.0,1.0,0.0,0.0,1024.0,1024.0,0.0,0.0,0.0,1024.0,1048576.0,0.0615679994225502,0.06006150929508787
512.0,0.0,1.0,0.0,0.0,512.0,512.0,0.0,0.0,0.0,512.0,262144.0,0.0559040009975433,0.05664702054721665
128.0,0.0,1.0,0.0,0.0,128.0,128.0,0.0,0.0,0.0,128.0,16384.0,0.0577920004725456,0.056628617884671884
512.0,0.0,1.0,0.0,0.0,512.0,512.0,0.0,0.0,0.0,512.0,262144.0,0.0561919994652271,0.05664702054721665
4096.0,0.0,1.0,0.0,0.0,4096.0,4096.0,0.0,0.0,0.0,4096.0,16777216.0,0.1449279934167862,0.14283536668684008
4096.0,0.0,1.0,0.0,0.0,4096.0,4096.0,0.0,0.0,0.0,4096.0,16777216.0,0.1302080005407333,0.14283536668684008
256.0,0.0,1.0,0.0,0.0,256.0,256.0,0.0,0.0,0.0,256.0,65536.0,0.0554240010678768,0.05642615192399803
256.0,0.0,1.0,0.0,0.0,256.0,256.0,0.0,0.0,0.0,256.0,65536.0,0.0311040002852678,0.05642615192399803
512.0,0.0,1.0,0.0,0.0,512.0,512.0,0.0,0.0,0.0,512.0,262144.0,0.0576639994978904,0.05664702054721665
1024.0,0.0,1.0,0.0,0.0,1024.0,1024.0,0.0,0.0,0.0,1024.0,1048576.0,0.0605119988322258,0.06006150929508787
128.0,0.0,1.0,0.0,0.0,128.0,128.0,0.0,0.0,0.0,128.0,16384.0,0.0592960007488727,0.056628617884671884
512.0,0.0,1.0,0.0,0.0,512.0,512.0,0.0,0.0,0.0,512.0,262144.0,0.0553280003368854,0.05664702054721665
4096.0,0.0,1.0,0.0,0.0,4096.0,4096.0,0.0,0.0,0.0,4096.0,16777216.0,0.1446080058813095,0.14283536668684008
256.0,0.0,1.0,0.0,0.0,256.0,256.0,0.0,0.0,0.0,256.0,65536.0,0.056768000125885,0.05642615192399803
512.0,0.0,1.0,0.0,0.0,512.0,512.0,0.0,0.0,0.0,512.0,262144.0,0.0560000017285347,0.05664702054721665
256.0,0.0,1.0,0.0,0.0,256.0,256.0,0.0,0.0,0.0,256.0,65536.0,0.0574080012738704,0.05642615192399803
4096.0,0.0,1.0,0.0,0.0,4096.0,4096.0,0.0,0.0,0.0,4096.0,16777216.0,0.1454399973154068,0.14283536668684008
16384.0,0.0,1.0,0.0,0.0,16384.0,16384.0,0.0,0.0,0.0,16384.0,268435456.0,0.9564480185508728,0.956115375024183
128.0,0.0,1.0,0.0,0.0,128.0,128.0,0.0,0.0,0.0,128.0,16384.0,0.0616960003972053,0.056628617884671884
512.0,0.0,1.0,0.0,0.0,512.0,512.0,0.0,0.0,0.0,512.0,262144.0,0.0576959997415542,0.05664702054721665
4096.0,0.0,1.0,0.0,0.0,4096.0,4096.0,0.0,0.0,0.0,4096.0,16777216.0,0.1445759981870651,0.14283536668684008
256.0,0.0,1.0,0.0,0.0,256.0,256.0,0.0,0.0,0.0,256.0,65536.0,0.0581759996712207,0.05642615192399803
512.0,0.0,1.0,0.0,0.0,512.0,512.0,0.0,0.0,0.0,512.0,262144.0,0.0574080012738704,0.05664702054721665
512.0,0.0,1.0,0.0,0.0,512.0,512.0,0.0,0.0,0.0,512.0,262144.0,0.0581759996712207,0.05664702054721665
4096.0,0.0,1.0,0.0,0.0,4096.0,4096.0,0.0,0.0,0.0,4096.0,16777216.0,0.1443839967250824,0.14283536668684008
256.0,0.0,1.0,0.0,0.0,256.0,256.0,0.0,0.0,0.0,256.0,65536.0,0.0578880012035369,0.05642615192399803
512.0,0.0,1.0,0.0,0.0,512.0,512.0,0.0,0.0,0.0,512.0,262144.0,0.0587840005755424,0.05664702054721665
4096.0,0.0,1.0,0.0,0.0,4096.0,4096.0,0.0,0.0,0.0,4096.0,16777216.0,0.1458240002393722,0.14283536668684008
256.0,0.0,1.0,0.0,0.0,256.0,256.0,0.0,0.0,0.0,256.0,65536.0,0.0570559985935688,0.05642615192399803
512.0,0.0,1.0,0.0,0.0,512.0,512.0,0.0,0.0,0.0,512.0,262144.0,0.0563840009272098,0.05664702054721665
16384.0,0.0,1.0,0.0,0.0,16384.0,16384.0,0.0,0.0,0.0,16384.0,268435456.0,0.9582399725914,0.956115375024183
512.0,0.0,1.0,0.0,0.0,512.0,512.0,0.0,0.0,0.0,512.0,262144.0,0.0568000003695488,0.05664702054721665
4096.0,0.0,1.0,0.0,0.0,4096.0,4096.0,0.0,0.0,0.0,4096.0,16777216.0,0.1438719928264618,0.14283536668684008
256.0,0.0,1.0,0.0,0.0,256.0,256.0,0.0,0.0,0.0,256.0,65536.0,0.0594879984855651,0.05642615192399803
512.0,0.0,1.0,0.0,0.0,512.0,512.0,0.0,0.0,0.0,512.0,262144.0,0.0558400005102157,0.05664702054721665
4096.0,0.0,1.0,0.0,0.0,4096.0,4096.0,0.0,0.0,0.0,4096.0,16777216.0,0.137375995516777,0.14283536668684008
256.0,0.0,1.0,0.0,0.0,256.0,256.0,0.0,0.0,0.0,256.0,65536.0,0.0568000003695488,0.05642615192399803
512.0,0.0,1.0,0.0,0.0,512.0,512.0,0.0,0.0,0.0,512.0,262144.0,0.0569280013442039,0.05664702054721665
512.0,0.0,1.0,0.0,0.0,512.0,512.0,0.0,0.0,0.0,512.0,262144.0,0.0581759996712207,0.05664702054721665
4096.0,0.0,1.0,0.0,0.0,4096.0,4096.0,0.0,0.0,0.0,4096.0,16777216.0,0.1447679996490478,0.14283536668684008
256.0,0.0,1.0,0.0,0.0,256.0,256.0,0.0,0.0,0.0,256.0,65536.0,0.0592640005052089,0.05642615192399803
512.0,0.0,1.0,0.0,0.0,512.0,512.0,0.0,0.0,0.0,512.0,262144.0,0.0571839995682239,0.05664702054721665
4096.0,0.0,1.0,0.0,0.0,4096.0,4096.0,0.0,0.0,0.0,4096.0,16777216.0,0.1448000073432922,0.14283536668684008
16384.0,0.0,1.0,0.0,0.0,16384.0,16384.0,0.0,0.0,0.0,16384.0,268435456.0,0.956831991672516,0.956115375024183
256.0,0.0,1.0,0.0,0.0,256.0,256.0,0.0,0.0,0.0,256.0,65536.0,0.056768000125885,0.05642615192399803
512.0,0.0,1.0,0.0,0.0,512.0,512.0,0.0,0.0,0.0,512.0,262144.0,0.0568000003695488,0.05664702054721665
512.0,0.0,1.0,0.0,0.0,512.0,512.0,0.0,0.0,0.0,512.0,262144.0,0.0576319992542266,0.05664702054721665
4096.0,0.0,1.0,0.0,0.0,4096.0,4096.0,0.0,0.0,0.0,4096.0,16777216.0,0.1448320001363754,0.14283536668684008
256.0,0.0,1.0,0.0,0.0,256.0,256.0,0.0,0.0,0.0,256.0,65536.0,0.0636160001158714,0.05642615192399803
512.0,0.0,1.0,0.0,0.0,512.0,512.0,0.0,0.0,0.0,512.0,262144.0,0.056607998907566,0.05664702054721665
4096.0,0.0,1.0,0.0,0.0,4096.0,4096.0,0.0,0.0,0.0,4096.0,16777216.0,0.1444479972124099,0.14283536668684008
512.0,0.0,1.0,0.0,0.0,512.0,512.0,0.0,0.0,0.0,512.0,262144.0,0.05910399928689,0.05664702054721665
512.0,0.0,1.0,0.0,0.0,512.0,512.0,0.0,0.0,0.0,512.0,262144.0,0.0583360008895397,0.05664702054721665
256.0,0.0,1.0,0.0,0.0,256.0,256.0,0.0,0.0,0.0,256.0,65536.0,0.0514240004122257,0.05642615192399803
4096.0,0.0,1.0,0.0,0.0,4096.0,4096.0,0.0,0.0,0.0,4096.0,16777216.0,0.1448639929294586,0.14283536668684008
256.0,0.0,1.0,0.0,0.0,256.0,256.0,0.0,0.0,0.0,256.0,65536.0,0.0578240007162094,0.05642615192399803
16384.0,0.0,1.0,0.0,0.0,16384.0,16384.0,0.0,0.0,0.0,16384.0,268435456.0,0.9546560049057008,0.956115375024183
1024.0,0.0,1.0,0.0,0.0,1024.0,1024.0,0.0,0.0,0.0,1024.0,1048576.0,0.0619199983775615,0.06006150929508787
512.0,0.0,1.0,0.0,0.0,512.0,512.0,0.0,0.0,0.0,512.0,262144.0,0.0232640001922845,0.05664702054721665
256.0,0.0,1.0,0.0,0.0,256.0,256.0,0.0,0.0,0.0,256.0,65536.0,0.0550080016255378,0.05642615192399803
512.0,0.0,1.0,0.0,0.0,512.0,512.0,0.0,0.0,0.0,512.0,262144.0,0.0582079999148845,0.05664702054721665
4096.0,0.0,1.0,0.0,0.0,4096.0,4096.0,0.0,0.0,0.0,4096.0,16777216.0,0.146367996931076,0.14283536668684008
16384.0,0.0,1.0,0.0,0.0,16384.0,16384.0,0.0,0.0,0.0,16384.0,268435456.0,0.9543359875679016,0.956115375024183
256.0,0.0,1.0,0.0,0.0,256.0,256.0,0.0,0.0,0.0,256.0,65536.0,0.0579200014472007,0.05642615192399803
1024.0,0.0,1.0,0.0,0.0,1024.0,1024.0,0.0,0.0,0.0,1024.0,1048576.0,0.0606399998068809,0.06006150929508787
1024.0,0.0,1.0,0.0,0.0,1024.0,1024.0,0.0,0.0,0.0,1024.0,1048576.0,0.060479998588562,0.06006150929508787
512.0,0.0,1.0,0.0,0.0,512.0,512.0,0.0,0.0,0.0,512.0,262144.0,0.057023998349905,0.05664702054721665
256.0,0.0,1.0,0.0,0.0,256.0,256.0,0.0,0.0,0.0,256.0,65536.0,0.0575999990105629,0.05642615192399803
16384.0,0.0,1.0,0.0,0.0,16384.0,16384.0,0.0,0.0,0.0,16384.0,268435456.0,0.9578239917755128,0.956115375024183
4096.0,0.0,1.0,0.0,0.0,4096.0,4096.0,0.0,0.0,0.0,4096.0,16777216.0,0.1478399932384491,0.14283536668684008
256.0,0.0,1.0,0.0,0.0,256.0,256.0,0.0,0.0,0.0,256.0,65536.0,0.0581759996712207,0.05642615192399803
1024.0,0.0,1.0,0.0,0.0,1024.0,1024.0,0.0,0.0,0.0,1024.0,1048576.0,0.0609279982745647,0.06006150929508787
1024.0,0.0,1.0,0.0,0.0,1024.0,1024.0,0.0,0.0,0.0,1024.0,1048576.0,0.0601599998772144,0.06006150929508787
512.0,0.0,1.0,0.0,0.0,512.0,512.0,0.0,0.0,0.0,512.0,262144.0,0.0576959997415542,0.05664702054721665
512.0,0.0,1.0,0.0,0.0,512.0,512.0,0.0,0.0,0.0,512.0,262144.0,0.0567359998822212,0.05664702054721665
16384.0,0.0,1.0,0.0,0.0,16384.0,16384.0,0.0,0.0,0.0,16384.0,268435456.0,0.9592000246047974,0.956115375024183
4096.0,0.0,1.0,0.0,0.0,4096.0,4096.0,0.0,0.0,0.0,4096.0,16777216.0,0.1379839926958084,0.14283536668684008
256.0,0.0,1.0,0.0,0.0,256.0,256.0,0.0,0.0,0.0,256.0,65536.0,0.0576959997415542,0.05642615192399803
1024.0,0.0,1.0,0.0,0.0,1024.0,1024.0,0.0,0.0,0.0,1024.0,1048576.0,0.0599359981715679,0.06006150929508787
1024.0,0.0,1.0,0.0,0.0,1024.0,1024.0,0.0,0.0,0.0,1024.0,1048576.0,0.061184000223875,0.06006150929508787
512.0,0.0,1.0,0.0,0.0,512.0,512.0,0.0,0.0,0.0,512.0,262144.0,0.0549440011382103,0.05664702054721665
16384.0,0.0,1.0,0.0,0.0,16384.0,16384.0,0.0,0.0,0.0,16384.0,268435456.0,0.9551680088043212,0.956115375024183
512.0,0.0,1.0,0.0,0.0,512.0,512.0,0.0,0.0,0.0,512.0,262144.0,0.0545919984579086,0.05664702054721665
4096.0,0.0,1.0,0.0,0.0,4096.0,4096.0,0.0,0.0,0.0,4096.0,16777216.0,0.1420799940824508,0.14283536668684008
256.0,0.0,1.0,0.0,0.0,256.0,256.0,0.0,0.0,0.0,256.0,65536.0,0.057023998349905,0.05642615192399803
1024.0,0.0,1.0,0.0,0.0,1024.0,1024.0,0.0,0.0,0.0,1024.0,1048576.0,0.0595839992165565,0.06006150929508787
1024.0,0.0,1.0,0.0,0.0,1024.0,1024.0,0.0,0.0,0.0,1024.0,1048576.0,0.0596479997038841,0.06006150929508787
512.0,0.0,1.0,0.0,0.0,512.0,512.0,0.0,0.0,0.0,512.0,262144.0,0.0573120005428791,0.05664702054721665
16384.0,0.0,1.0,0.0,0.0,16384.0,16384.0,0.0,0.0,0.0,16384.0,268435456.0,0.9559360146522522,0.956115375024183
512.0,0.0,1.0,0.0,0.0,512.0,512.0,0.0,0.0,0.0,512.0,262144.0,0.057472001761198,0.05664702054721665
4096.0,0.0,1.0,0.0,0.0,4096.0,4096.0,0.0,0.0,0.0,4096.0,16777216.0,0.1404799968004226,0.14283536668684008
256.0,0.0,1.0,0.0,0.0,256.0,256.0,0.0,0.0,0.0,256.0,65536.0,0.0564160011708736,0.05642615192399803
1024.0,0.0,1.0,0.0,0.0,1024.0,1024.0,0.0,0.0,0.0,1024.0,1048576.0,0.0613440014421939,0.06006150929508787
1024.0,0.0,1.0,0.0,0.0,1024.0,1024.0,0.0,0.0,0.0,1024.0,1048576.0,0.0612160004675388,0.06006150929508787
16384.0,0.0,1.0,0.0,0.0,16384.0,16384.0,0.0,0.0,0.0,16384.0,268435456.0,0.9521600008010864,0.956115375024183
512.0,0.0,1.0,0.0,0.0,512.0,512.0,0.0,0.0,0.0,512.0,262144.0,0.0571519993245601,0.05664702054721665
512.0,0.0,1.0,0.0,0.0,512.0,512.0,0.0,0.0,0.0,512.0,262144.0,0.0571839995682239,0.05664702054721665
256.0,0.0,1.0,0.0,0.0,256.0,256.0,0.0,0.0,0.0,256.0,65536.0,0.0581759996712207,0.05642615192399803
1024.0,0.0,1.0,0.0,0.0,1024.0,1024.0,0.0,0.0,0.0,1024.0,1048576.0,0.0605759993195533,0.06006150929508787
1024.0,0.0,1.0,0.0,0.0,1024.0,1024.0,0.0,0.0,0.0,1024.0,1048576.0,0.0606720000505447,0.06006150929508787
16384.0,0.0,1.0,0.0,0.0,16384.0,16384.0,0.0,0.0,0.0,16384.0,268435456.0,0.9603840112686156,0.956115375024183
512.0,0.0,1.0,0.0,0.0,512.0,512.0,0.0,0.0,0.0,512.0,262144.0,0.0579200014472007,0.05664702054721665
16384.0,0.0,1.0,0.0,0.0,16384.0,16384.0,0.0,0.0,0.0,16384.0,268435456.0,0.9598079919815063,0.956115375024183
1024.0,0.0,1.0,0.0,0.0,1024.0,1024.0,0.0,0.0,0.0,1024.0,1048576.0,0.060063999146223,0.06006150929508787
1024.0,0.0,1.0,0.0,0.0,1024.0,1024.0,0.0,0.0,0.0,1024.0,1048576.0,0.0607360005378723,0.06006150929508787
16384.0,0.0,1.0,0.0,0.0,16384.0,16384.0,0.0,0.0,0.0,16384.0,268435456.0,0.951903998851776,0.956115375024183
1024.0,0.0,1.0,0.0,0.0,1024.0,1024.0,0.0,0.0,0.0,1024.0,1048576.0,0.0613440014421939,0.06006150929508787
512.0,0.0,1.0,0.0,0.0,512.0,512.0,0.0,0.0,0.0,512.0,262144.0,0.0562880001962184,0.05664702054721665
256.0,0.0,1.0,0.0,0.0,256.0,256.0,0.0,0.0,0.0,256.0,65536.0,0.0185279995203018,0.05642615192399803
1024.0,0.0,1.0,0.0,0.0,1024.0,1024.0,0.0,0.0,0.0,1024.0,1048576.0,0.0599999986588954,0.06006150929508787
1024.0,0.0,1.0,0.0,0.0,1024.0,1024.0,0.0,0.0,0.0,1024.0,1048576.0,0.0592640005052089,0.06006150929508787
16384.0,0.0,1.0,0.0,0.0,16384.0,16384.0,0.0,0.0,0.0,16384.0,268435456.0,0.9561920166015624,0.956115375024183
1024.0,0.0,1.0,0.0,0.0,1024.0,1024.0,0.0,0.0,0.0,1024.0,1048576.0,0.0610879994928836,0.06006150929508787
16384.0,0.0,1.0,0.0,0.0,16384.0,16384.0,0.0,0.0,0.0,16384.0,268435456.0,0.9555519819259644,0.956115375024183
512.0,0.0,1.0,0.0,0.0,512.0,512.0,0.0,0.0,0.0,512.0,262144.0,0.055392000824213,0.05664702054721665
512.0,0.0,1.0,0.0,0.0,512.0,512.0,0.0,0.0,0.0,512.0,262144.0,0.0572800002992153,0.05664702054721665
1024.0,0.0,1.0,0.0,0.0,1024.0,1024.0,0.0,0.0,0.0,1024.0,1048576.0,0.0654719993472099,0.06006150929508787
1024.0,0.0,1.0,0.0,0.0,1024.0,1024.0,0.0,0.0,0.0,1024.0,1048576.0,0.0592960007488727,0.06006150929508787
16384.0,0.0,1.0,0.0,0.0,16384.0,16384.0,0.0,0.0,0.0,16384.0,268435456.0,0.9490879774093628,0.956115375024183
1024.0,0.0,1.0,0.0,0.0,1024.0,1024.0,0.0,0.0,0.0,1024.0,1048576.0,0.0615359991788864,0.06006150929508787
512.0,0.0,1.0,0.0,0.0,512.0,512.0,0.0,0.0,0.0,512.0,262144.0,0.0567359998822212,0.05664702054721665
512.0,0.0,1.0,0.0,0.0,512.0,512.0,0.0,0.0,0.0,512.0,262144.0,0.0561919994652271,0.05664702054721665
1024.0,0.0,1.0,0.0,0.0,1024.0,1024.0,0.0,0.0,0.0,1024.0,1048576.0,0.0624319985508918,0.06006150929508787
16384.0,0.0,1.0,0.0,0.0,16384.0,16384.0,0.0,0.0,0.0,16384.0,268435456.0,0.9565439820289612,0.956115375024183
16384.0,0.0,1.0,0.0,0.0,16384.0,16384.0,0.0,0.0,0.0,16384.0,268435456.0,0.9557440280914308,0.956115375024183
1024.0,0.0,1.0,0.0,0.0,1024.0,1024.0,0.0,0.0,0.0,1024.0,1048576.0,0.0606399998068809,0.06006150929508787
1024.0,0.0,1.0,0.0,0.0,1024.0,1024.0,0.0,0.0,0.0,1024.0,1048576.0,0.0306240003556013,0.06006150929508787
512.0,0.0,1.0,0.0,0.0,512.0,512.0,0.0,0.0,0.0,512.0,262144.0,0.0574080012738704,0.05664702054721665
512.0,0.0,1.0,0.0,0.0,512.0,512.0,0.0,0.0,0.0,512.0,262144.0,0.0565759986639022,0.05664702054721665
1024.0,0.0,1.0,0.0,0.0,1024.0,1024.0,0.0,0.0,0.0,1024.0,1048576.0,0.0611199997365474,0.06006150929508787
16384.0,0.0,1.0,0.0,0.0,16384.0,16384.0,0.0,0.0,0.0,16384.0,268435456.0,0.9531520009040833,0.956115375024183
4096.0,0.0,1.0,0.0,0.0,4096.0,4096.0,0.0,0.0,0.0,4096.0,16777216.0,0.1455679982900619,0.14283536668684008
512.0,0.0,1.0,0.0,0.0,512.0,512.0,0.0,0.0,0.0,512.0,262144.0,0.0569920018315315,0.05664702054721665
1024.0,0.0,1.0,0.0,0.0,1024.0,1024.0,0.0,0.0,0.0,1024.0,1048576.0,0.0610239990055561,0.06006150929508787
512.0,0.0,1.0,0.0,0.0,512.0,512.0,0.0,0.0,0.0,512.0,262144.0,0.05884800106287,0.05664702054721665
16384.0,0.0,1.0,0.0,0.0,16384.0,16384.0,0.0,0.0,0.0,16384.0,268435456.0,0.9578880071640016,0.956115375024183
1024.0,0.0,1.0,0.0,0.0,1024.0,1024.0,0.0,0.0,0.0,1024.0,1048576.0,0.0603520013391971,0.06006150929508787
16384.0,0.0,1.0,0.0,0.0,16384.0,16384.0,0.0,0.0,0.0,16384.0,268435456.0,0.9563519954681396,0.956115375024183
4096.0,0.0,1.0,0.0,0.0,4096.0,4096.0,0.0,0.0,0.0,4096.0,16777216.0,0.1459520012140274,0.14283536668684008
512.0,0.0,1.0,0.0,0.0,512.0,512.0,0.0,0.0,0.0,512.0,262144.0,0.057727999985218,0.05664702054721665
4096.0,0.0,1.0,0.0,0.0,4096.0,4096.0,0.0,0.0,0.0,4096.0,16777216.0,0.1442559957504272,0.14283536668684008
512.0,0.0,1.0,0.0,0.0,512.0,512.0,0.0,0.0,0.0,512.0,262144.0,0.056607998907566,0.05664702054721665
16384.0,0.0,1.0,0.0,0.0,16384.0,16384.0,0.0,0.0,0.0,16384.0,268435456.0,0.9513919949531556,0.956115375024183
1024.0,0.0,1.0,0.0,0.0,1024.0,1024.0,0.0,0.0,0.0,1024.0,1048576.0,0.0612160004675388,0.06006150929508787
4096.0,0.0,1.0,0.0,0.0,4096.0,4096.0,0.0,0.0,0.0,4096.0,16777216.0,0.1461440026760101,0.14283536668684008
512.0,0.0,1.0,0.0,0.0,512.0,512.0,0.0,0.0,0.0,512.0,262144.0,0.0609919987618923,0.05664702054721665
4096.0,0.0,1.0,0.0,0.0,4096.0,4096.0,0.0,0.0,0.0,4096.0,16777216.0,0.1448000073432922,0.14283536668684008
1024.0,0.0,1.0,0.0,0.0,1024.0,1024.0,0.0,0.0,0.0,1024.0,1048576.0,0.0598400011658668,0.06006150929508787
16384.0,0.0,1.0,0.0,0.0,16384.0,16384.0,0.0,0.0,0.0,16384.0,268435456.0,0.9552639722824096,0.956115375024183
64.0,0.0,2.0,0.0,0.0,64.0,64.0,0.0,0.0,0.0,128.0,16384.0,0.0568320006132125,0.05599415297132829
16384.0,0.0,1.0,0.0,0.0,16384.0,16384.0,0.0,0.0,0.0,16384.0,268435456.0,0.9576640129089355,0.956115375024183
1024.0,0.0,1.0,0.0,0.0,1024.0,1024.0,0.0,0.0,0.0,1024.0,1048576.0,0.0607360005378723,0.06006150929508787
4096.0,0.0,1.0,0.0,0.0,4096.0,4096.0,0.0,0.0,0.0,4096.0,16777216.0,0.1459839940071106,0.14283536668684008
512.0,0.0,1.0,0.0,0.0,512.0,512.0,0.0,0.0,0.0,512.0,262144.0,0.058687999844551,0.05664702054721665
4096.0,0.0,1.0,0.0,0.0,4096.0,4096.0,0.0,0.0,0.0,4096.0,16777216.0,0.1444479972124099,0.14283536668684008
1024.0,0.0,1.0,0.0,0.0,1024.0,1024.0,0.0,0.0,0.0,1024.0,1048576.0,0.0595199987292289,0.06006150929508787
64.0,0.0,2.0,0.0,0.0,64.0,64.0,0.0,0.0,0.0,128.0,16384.0,0.0581439994275569,0.05599415297132829
1024.0,0.0,1.0,0.0,0.0,1024.0,1024.0,0.0,0.0,0.0,1024.0,1048576.0,0.0615679994225502,0.06006150929508787
4096.0,0.0,1.0,0.0,0.0,4096.0,4096.0,0.0,0.0,0.0,4096.0,16777216.0,0.1461440026760101,0.14283536668684008
512.0,0.0,1.0,0.0,0.0,512.0,512.0,0.0,0.0,0.0,512.0,262144.0,0.0592960007488727,0.05664702054721665
16384.0,0.0,1.0,0.0,0.0,16384.0,16384.0,0.0,0.0,0.0,16384.0,268435456.0,0.9567360281944276,0.956115375024183
4096.0,0.0,1.0,0.0,0.0,4096.0,4096.0,0.0,0.0,0.0,4096.0,16777216.0,0.1470720022916793,0.14283536668684008
1024.0,0.0,1.0,0.0,0.0,1024.0,1024.0,0.0,0.0,0.0,1024.0,1048576.0,0.0609279982745647,0.06006150929508787
16384.0,0.0,1.0,0.0,0.0,16384.0,16384.0,0.0,0.0,0.0,16384.0,268435456.0,0.9551039934158324,0.956115375024183
64.0,0.0,2.0,0.0,0.0,64.0,64.0,0.0,0.0,0.0,128.0,16384.0,0.0583360008895397,0.05599415297132829
1024.0,0.0,1.0,0.0,0.0,1024.0,1024.0,0.0,0.0,0.0,1024.0,1048576.0,0.061439998447895,0.06006150929508787
4096.0,0.0,1.0,0.0,0.0,4096.0,4096.0,0.0,0.0,0.0,4096.0,16777216.0,0.1467519998550415,0.14283536668684008
512.0,0.0,1.0,0.0,0.0,512.0,512.0,0.0,0.0,0.0,512.0,262144.0,0.0588800013065338,0.05664702054721665
4096.0,0.0,1.0,0.0,0.0,4096.0,4096.0,0.0,0.0,0.0,4096.0,16777216.0,0.1451199948787689,0.14283536668684008
1024.0,0.0,1.0,0.0,0.0,1024.0,1024.0,0.0,0.0,0.0,1024.0,1048576.0,0.0599679984152317,0.06006150929508787
64.0,0.0,2.0,0.0,0.0,64.0,64.0,0.0,0.0,0.0,128.0,16384.0,0.0573120005428791,0.05599415297132829
1024.0,0.0,1.0,0.0,0.0,1024.0,1024.0,0.0,0.0,0.0,1024.0,1048576.0,0.0624319985508918,0.06006150929508787
16384.0,0.0,1.0,0.0,0.0,16384.0,16384.0,0.0,0.0,0.0,16384.0,268435456.0,0.9581120014190674,0.956115375024183
4096.0,0.0,1.0,0.0,0.0,4096.0,4096.0,0.0,0.0,0.0,4096.0,16777216.0,0.1477120071649551,0.14283536668684008
4096.0,0.0,1.0,0.0,0.0,4096.0,4096.0,0.0,0.0,0.0,4096.0,16777216.0,0.1465920060873031,0.14283536668684008
16384.0,0.0,1.0,0.0,0.0,16384.0,16384.0,0.0,0.0,0.0,16384.0,268435456.0,0.9571200013160706,0.956115375024183
1024.0,0.0,1.0,0.0,0.0,1024.0,1024.0,0.0,0.0,0.0,1024.0,1048576.0,0.0608960017561912,0.06006150929508787
512.0,0.0,1.0,0.0,0.0,512.0,512.0,0.0,0.0,0.0,512.0,262144.0,0.0296320002526044,0.05664702054721665
64.0,0.0,2.0,0.0,0.0,64.0,64.0,0.0,0.0,0.0,128.0,16384.0,0.0580799989402294,0.05599415297132829
4096.0,0.0,1.0,0.0,0.0,4096.0,4096.0,0.0,0.0,0.0,4096.0,16777216.0,0.1448639929294586,0.14283536668684008
4096.0,0.0,1.0,0.0,0.0,4096.0,4096.0,0.0,0.0,0.0,4096.0,16777216.0,0.1478399932384491,0.14283536668684008
4096.0,0.0,1.0,0.0,0.0,4096.0,4096.0,0.0,0.0,0.0,4096.0,16777216.0,0.1451839953660965,0.14283536668684008
1024.0,0.0,1.0,0.0,0.0,1024.0,1024.0,0.0,0.0,0.0,1024.0,1048576.0,0.0604479983448982,0.06006150929508787
64.0,0.0,2.0,0.0,0.0,64.0,64.0,0.0,0.0,0.0,128.0,16384.0,0.0564800016582012,0.05599415297132829
16384.0,0.0,1.0,0.0,0.0,16384.0,16384.0,0.0,0.0,0.0,16384.0,268435456.0,0.958847999572754,0.956115375024183
512.0,0.0,1.0,0.0,0.0,512.0,512.0,0.0,0.0,0.0,512.0,262144.0,0.0578240007162094,0.05664702054721665
4096.0,0.0,1.0,0.0,0.0,4096.0,4096.0,0.0,0.0,0.0,4096.0,16777216.0,0.1456959992647171,0.14283536668684008
4096.0,0.0,1.0,0.0,0.0,4096.0,4096.0,0.0,0.0,0.0,4096.0,16777216.0,0.1473599970340728,0.14283536668684008
16384.0,0.0,1.0,0.0,0.0,16384.0,16384.0,0.0,0.0,0.0,16384.0,268435456.0,0.953216016292572,0.956115375024183
4096.0,0.0,1.0,0.0,0.0,4096.0,4096.0,0.0,0.0,0.0,4096.0,16777216.0,0.1447679996490478,0.14283536668684008
1024.0,0.0,1.0,0.0,0.0,1024.0,1024.0,0.0,0.0,0.0,1024.0,1048576.0,0.0617920011281967,0.06006150929508787
64.0,0.0,2.0,0.0,0.0,64.0,64.0,0.0,0.0,0.0,128.0,16384.0,0.0563840009272098,0.05599415297132829
1024.0,0.0,1.0,0.0,0.0,1024.0,1024.0,0.0,0.0,0.0,1024.0,1048576.0,0.0611199997365474,0.06006150929508787
4096.0,0.0,1.0,0.0,0.0,4096.0,4096.0,0.0,0.0,0.0,4096.0,16777216.0,0.1461759954690933,0.14283536668684008
4096.0,0.0,1.0,0.0,0.0,4096.0,4096.0,0.0,0.0,0.0,4096.0,16777216.0,0.1456319987773895,0.14283536668684008
1024.0,0.0,1.0,0.0,0.0,1024.0,1024.0,0.0,0.0,0.0,1024.0,1048576.0,0.0616960003972053,0.06006150929508787
4096.0,0.0,1.0,0.0,0.0,4096.0,4096.0,0.0,0.0,0.0,4096.0,16777216.0,0.1176000013947486,0.14283536668684008
64.0,0.0,2.0,0.0,0.0,64.0,64.0,0.0,0.0,0.0,128.0,16384.0,0.0567039996385574,0.05599415297132829
16384.0,0.0,1.0,0.0,0.0,16384.0,16384.0,0.0,0.0,0.0,16384.0,268435456.0,0.960096001625061,0.956115375024183
1024.0,0.0,1.0,0.0,0.0,1024.0,1024.0,0.0,0.0,0.0,1024.0,1048576.0,0.0602880008518695,0.06006150929508787
4096.0,0.0,1.0,0.0,0.0,4096.0,4096.0,0.0,0.0,0.0,4096.0,16777216.0,0.1460800021886825,0.14283536668684008
4096.0,0.0,1.0,0.0,0.0,4096.0,4096.0,0.0,0.0,0.0,4096.0,16777216.0,0.1448000073432922,0.14283536668684008
16384.0,0.0,1.0,0.0,0.0,16384.0,16384.0,0.0,0.0,0.0,16384.0,268435456.0,0.956831991672516,0.956115375024183
1024.0,0.0,1.0,0.0,0.0,1024.0,1024.0,0.0,0.0,0.0,1024.0,1048576.0,0.0607040002942085,0.06006150929508787
4096.0,0.0,1.0,0.0,0.0,4096.0,4096.0,0.0,0.0,0.0,4096.0,16777216.0,0.1325120031833648,0.14283536668684008
64.0,0.0,2.0,0.0,0.0,64.0,64.0,0.0,0.0,0.0,128.0,16384.0,0.0578880012035369,0.05599415297132829
64.0,0.0,2.0,0.0,0.0,64.0,64.0,0.0,0.0,0.0,128.0,16384.0,0.0543680004775524,0.05599415297132829
1024.0,0.0,1.0,0.0,0.0,1024.0,1024.0,0.0,0.0,0.0,1024.0,1048576.0,0.0607680007815361,0.06006150929508787
4096.0,0.0,1.0,0.0,0.0,4096.0,4096.0,0.0,0.0,0.0,4096.0,16777216.0,0.146464005112648,0.14283536668684008
4096.0,0.0,1.0,0.0,0.0,4096.0,4096.0,0.0,0.0,0.0,4096.0,16777216.0,0.1166080012917518,0.14283536668684008
1024.0,0.0,1.0,0.0,0.0,1024.0,1024.0,0.0,0.0,0.0,1024.0,1048576.0,0.0608000010251998,0.06006150929508787
64.0,0.0,2.0,0.0,0.0,64.0,64.0,0.0,0.0,0.0,128.0,16384.0,0.0573120005428791,0.05599415297132829
64.0,0.0,2.0,0.0,0.0,64.0,64.0,0.0,0.0,0.0,128.0,16384.0,0.0568000003695488,0.05599415297132829
4096.0,0.0,1.0,0.0,0.0,4096.0,4096.0,0.0,0.0,0.0,4096.0,16777216.0,0.1190079972147941,0.14283536668684008
1024.0,0.0,1.0,0.0,0.0,1024.0,1024.0,0.0,0.0,0.0,1024.0,1048576.0,0.0616640001535415,0.06006150929508787
4096.0,0.0,1.0,0.0,0.0,4096.0,4096.0,0.0,0.0,0.0,4096.0,16777216.0,0.1477120071649551,0.14283536668684008
16384.0,0.0,1.0,0.0,0.0,16384.0,16384.0,0.0,0.0,0.0,16384.0,268435456.0,0.9554880261421204,0.956115375024183
1024.0,0.0,1.0,0.0,0.0,1024.0,1024.0,0.0,0.0,0.0,1024.0,1048576.0,0.0603520013391971,0.06006150929508787
64.0,0.0,2.0,0.0,0.0,64.0,64.0,0.0,0.0,0.0,128.0,16384.0,0.0570879988372325,0.05599415297132829
64.0,0.0,2.0,0.0,0.0,64.0,64.0,0.0,0.0,0.0,128.0,16384.0,0.0553280003368854,0.05599415297132829
1024.0,0.0,1.0,0.0,0.0,1024.0,1024.0,0.0,0.0,0.0,1024.0,1048576.0,0.0607360005378723,0.06006150929508787
16384.0,0.0,1.0,0.0,0.0,16384.0,16384.0,0.0,0.0,0.0,16384.0,268435456.0,0.952351987361908,0.956115375024183
4096.0,0.0,1.0,0.0,0.0,4096.0,4096.0,0.0,0.0,0.0,4096.0,16777216.0,0.1464959979057312,0.14283536668684008
128.0,0.0,2.0,0.0,0.0,128.0,128.0,0.0,0.0,0.0,256.0,65536.0,0.0572800002992153,0.05605195508153082
16384.0,0.0,1.0,0.0,0.0,16384.0,16384.0,0.0,0.0,0.0,16384.0,268435456.0,0.9565759897232056,0.956115375024183
64.0,0.0,2.0,0.0,0.0,64.0,64.0,0.0,0.0,0.0,128.0,16384.0,0.0554240010678768,0.05599415297132829
1024.0,0.0,1.0,0.0,0.0,1024.0,1024.0,0.0,0.0,0.0,1024.0,1048576.0,0.0603200010955333,0.06006150929508787
1024.0,0.0,1.0,0.0,0.0,1024.0,1024.0,0.0,0.0,0.0,1024.0,1048576.0,0.0315520018339157,0.06006150929508787
16384.0,0.0,1.0,0.0,0.0,16384.0,16384.0,0.0,0.0,0.0,16384.0,268435456.0,0.9562879800796508,0.956115375024183
4096.0,0.0,1.0,0.0,0.0,4096.0,4096.0,0.0,0.0,0.0,4096.0,16777216.0,0.1478399932384491,0.14283536668684008
128.0,0.0,2.0,0.0,0.0,128.0,128.0,0.0,0.0,0.0,256.0,65536.0,0.057023998349905,0.05605195508153082
64.0,0.0,2.0,0.0,0.0,64.0,64.0,0.0,0.0,0.0,128.0,16384.0,0.0581439994275569,0.05599415297132829
16384.0,0.0,1.0,0.0,0.0,16384.0,16384.0,0.0,0.0,0.0,16384.0,268435456.0,0.948415994644165,0.956115375024183
1024.0,0.0,1.0,0.0,0.0,1024.0,1024.0,0.0,0.0,0.0,1024.0,1048576.0,0.0603200010955333,0.06006150929508787
4096.0,0.0,1.0,0.0,0.0,4096.0,4096.0,0.0,0.0,0.0,4096.0,16777216.0,0.1458240002393722,0.14283536668684008
64.0,0.0,2.0,0.0,0.0,64.0,64.0,0.0,0.0,0.0,128.0,16384.0,0.0573120005428791,0.05599415297132829
16384.0,0.0,1.0,0.0,0.0,16384.0,16384.0,0.0,0.0,0.0,16384.0,268435456.0,0.9573760032653807,0.956115375024183
4096.0,0.0,1.0,0.0,0.0,4096.0,4096.0,0.0,0.0,0.0,4096.0,16777216.0,0.1452800035476684,0.14283536668684008
128.0,0.0,2.0,0.0,0.0,128.0,128.0,0.0,0.0,0.0,256.0,65536.0,0.0576639994978904,0.05605195508153082
64.0,0.0,2.0,0.0,0.0,64.0,64.0,0.0,0.0,0.0,128.0,16384.0,0.0564800016582012,0.05599415297132829
1024.0,0.0,1.0,0.0,0.0,1024.0,1024.0,0.0,0.0,0.0,1024.0,1048576.0,0.0598400011658668,0.06006150929508787
4096.0,0.0,1.0,0.0,0.0,4096.0,4096.0,0.0,0.0,0.0,4096.0,16777216.0,0.1456000059843063,0.14283536668684008
64.0,0.0,2.0,0.0,0.0,64.0,64.0,0.0,0.0,0.0,128.0,16384.0,0.0589120015501976,0.05599415297132829
4096.0,0.0,1.0,0.0,0.0,4096.0,4096.0,0.0,0.0,0.0,4096.0,16777216.0,0.1485120058059692,0.14283536668684008
16384.0,0.0,1.0,0.0,0.0,16384.0,16384.0,0.0,0.0,0.0,16384.0,268435456.0,0.9488000273704528,0.956115375024183
128.0,0.0,2.0,0.0,0.0,128.0,128.0,0.0,0.0,0.0,256.0,65536.0,0.0574080012738704,0.05605195508153082
64.0,0.0,2.0,0.0,0.0,64.0,64.0,0.0,0.0,0.0,128.0,16384.0,0.0551999993622303,0.05599415297132829
4096.0,0.0,1.0,0.0,0.0,4096.0,4096.0,0.0,0.0,0.0,4096.0,16777216.0,0.1449600011110305,0.14283536668684008
16384.0,0.0,1.0,0.0,0.0,16384.0,16384.0,0.0,0.0,0.0,16384.0,268435456.0,0.9537280201911926,0.956115375024183
64.0,0.0,2.0,0.0,0.0,64.0,64.0,0.0,0.0,0.0,128.0,16384.0,0.0573760010302066,0.05599415297132829
1024.0,0.0,1.0,0.0,0.0,1024.0,1024.0,0.0,0.0,0.0,1024.0,1048576.0,0.0566719993948936,0.06006150929508787
4096.0,0.0,1.0,0.0,0.0,4096.0,4096.0,0.0,0.0,0.0,4096.0,16777216.0,0.146464005112648,0.14283536668684008
128.0,0.0,2.0,0.0,0.0,128.0,128.0,0.0,0.0,0.0,256.0,65536.0,0.0573120005428791,0.05605195508153082
64.0,0.0,2.0,0.0,0.0,64.0,64.0,0.0,0.0,0.0,128.0,16384.0,0.0559360012412071,0.05599415297132829
4096.0,0.0,1.0,0.0,0.0,4096.0,4096.0,0.0,0.0,0.0,4096.0,16777216.0,0.1458880007266998,0.14283536668684008
64.0,0.0,2.0,0.0,0.0,64.0,64.0,0.0,0.0,0.0,128.0,16384.0,0.0573760010302066,0.05599415297132829
16384.0,0.0,1.0,0.0,0.0,16384.0,16384.0,0.0,0.0,0.0,16384.0,268435456.0,0.95523202419281,0.956115375024183
1024.0,0.0,1.0,0.0,0.0,1024.0,1024.0,0.0,0.0,0.0,1024.0,1048576.0,0.0619839988648891,0.06006150929508787
128.0,0.0,2.0,0.0,0.0,128.0,128.0,0.0,0.0,0.0,256.0,65536.0,0.0583680011332035,0.05605195508153082
64.0,0.0,2.0,0.0,0.0,64.0,64.0,0.0,0.0,0.0,128.0,16384.0,0.0546239987015724,0.05599415297132829
16384.0,0.0,1.0,0.0,0.0,16384.0,16384.0,0.0,0.0,0.0,16384.0,268435456.0,0.957535982131958,0.956115375024183
4096.0,0.0,1.0,0.0,0.0,4096.0,4096.0,0.0,0.0,0.0,4096.0,16777216.0,0.1471679955720901,0.14283536668684008
64.0,0.0,2.0,0.0,0.0,64.0,64.0,0.0,0.0,0.0,128.0,16384.0,0.0568640008568763,0.05599415297132829
4096.0,0.0,1.0,0.0,0.0,4096.0,4096.0,0.0,0.0,0.0,4096.0,16777216.0,0.1171839982271194,0.14283536668684008
128.0,0.0,2.0,0.0,0.0,128.0,128.0,0.0,0.0,0.0,256.0,65536.0,0.0577920004725456,0.05605195508153082
1024.0,0.0,1.0,0.0,0.0,1024.0,1024.0,0.0,0.0,0.0,1024.0,1048576.0,0.061184000223875,0.06006150929508787
64.0,0.0,2.0,0.0,0.0,64.0,64.0,0.0,0.0,0.0,128.0,16384.0,0.0555839985609054,0.05599415297132829
4096.0,0.0,1.0,0.0,0.0,4096.0,4096.0,0.0,0.0,0.0,4096.0,16777216.0,0.1479039937257766,0.14283536668684008
16384.0,0.0,1.0,0.0,0.0,16384.0,16384.0,0.0,0.0,0.0,16384.0,268435456.0,0.9526399970054626,0.956115375024183
64.0,0.0,2.0,0.0,0.0,64.0,64.0,0.0,0.0,0.0,128.0,16384.0,0.0572480000555515,0.05599415297132829
128.0,0.0,2.0,0.0,0.0,128.0,128.0,0.0,0.0,0.0,256.0,65536.0,0.0575359985232353,0.05605195508153082
4096.0,0.0,1.0,0.0,0.0,4096.0,4096.0,0.0,0.0,0.0,4096.0,16777216.0,0.1451520025730133,0.14283536668684008
16384.0,0.0,1.0,0.0,0.0,16384.0,16384.0,0.0,0.0,0.0,16384.0,268435456.0,0.9541119933128356,0.956115375024183
64.0,0.0,2.0,0.0,0.0,64.0,64.0,0.0,0.0,0.0,128.0,16384.0,0.056768000125885,0.05599415297132829
4096.0,0.0,1.0,0.0,0.0,4096.0,4096.0,0.0,0.0,0.0,4096.0,16777216.0,0.1472640037536621,0.14283536668684008
16384.0,0.0,1.0,0.0,0.0,16384.0,16384.0,0.0,0.0,0.0,16384.0,268435456.0,0.9546880125999452,0.956115375024183
64.0,0.0,2.0,0.0,0.0,64.0,64.0,0.0,0.0,0.0,128.0,16384.0,0.0557760000228881,0.05599415297132829
128.0,0.0,2.0,0.0,0.0,128.0,128.0,0.0,0.0,0.0,256.0,65536.0,0.0568320006132125,0.05605195508153082
4096.0,0.0,1.0,0.0,0.0,4096.0,4096.0,0.0,0.0,0.0,4096.0,16777216.0,0.1463039964437484,0.14283536668684008
128.0,0.0,2.0,0.0,0.0,128.0,128.0,0.0,0.0,0.0,256.0,65536.0,0.0558080002665519,0.05605195508153082
16384.0,0.0,1.0,0.0,0.0,16384.0,16384.0,0.0,0.0,0.0,16384.0,268435456.0,0.9554240107536316,0.956115375024183
4096.0,0.0,1.0,0.0,0.0,4096.0,4096.0,0.0,0.0,0.0,4096.0,16777216.0,0.1462399959564209,0.14283536668684008
64.0,0.0,2.0,0.0,0.0,64.0,64.0,0.0,0.0,0.0,128.0,16384.0,0.0566399991512298,0.05599415297132829
128.0,0.0,2.0,0.0,0.0,128.0,128.0,0.0,0.0,0.0,256.0,65536.0,0.0557760000228881,0.05605195508153082
16384.0,0.0,1.0,0.0,0.0,16384.0,16384.0,0.0,0.0,0.0,16384.0,268435456.0,0.9578239917755128,0.956115375024183
4096.0,0.0,1.0,0.0,0.0,4096.0,4096.0,0.0,0.0,0.0,4096.0,16777216.0,0.1462720036506652,0.14283536668684008
128.0,0.0,2.0,0.0,0.0,128.0,128.0,0.0,0.0,0.0,256.0,65536.0,0.0555519983172416,0.05605195508153082
16384.0,0.0,1.0,0.0,0.0,16384.0,16384.0,0.0,0.0,0.0,16384.0,268435456.0,0.9553920030593872,0.956115375024183
4096.0,0.0,1.0,0.0,0.0,4096.0,4096.0,0.0,0.0,0.0,4096.0,16777216.0,0.1456640064716339,0.14283536668684008
64.0,0.0,2.0,0.0,0.0,64.0,64.0,0.0,0.0,0.0,128.0,16384.0,0.0567039996385574,0.05599415297132829
128.0,0.0,2.0,0.0,0.0,128.0,128.0,0.0,0.0,0.0,256.0,65536.0,0.0582079999148845,0.05605195508153082
4096.0,0.0,1.0,0.0,0.0,4096.0,4096.0,0.0,0.0,0.0,4096.0,16777216.0,0.1444800049066543,0.14283536668684008
16384.0,0.0,1.0,0.0,0.0,16384.0,16384.0,0.0,0.0,0.0,16384.0,268435456.0,0.9535679817199708,0.956115375024183
128.0,0.0,2.0,0.0,0.0,128.0,128.0,0.0,0.0,0.0,256.0,65536.0,0.0548480004072189,0.05605195508153082
64.0,0.0,2.0,0.0,0.0,64.0,64.0,0.0,0.0,0.0,128.0,16384.0,0.0551679991185665,0.05599415297132829
16384.0,0.0,1.0,0.0,0.0,16384.0,16384.0,0.0,0.0,0.0,16384.0,268435456.0,0.9567679762840272,0.956115375024183
4096.0,0.0,1.0,0.0,0.0,4096.0,4096.0,0.0,0.0,0.0,4096.0,16777216.0,0.11769600212574,0.14283536668684008
128.0,0.0,2.0,0.0,0.0,128.0,128.0,0.0,0.0,0.0,256.0,65536.0,0.0571199990808963,0.05605195508153082
4096.0,0.0,1.0,0.0,0.0,4096.0,4096.0,0.0,0.0,0.0,4096.0,16777216.0,0.1458240002393722,0.14283536668684008
16384.0,0.0,1.0,0.0,0.0,16384.0,16384.0,0.0,0.0,0.0,16384.0,268435456.0,0.9524480104446412,0.956115375024183
128.0,0.0,2.0,0.0,0.0,128.0,128.0,0.0,0.0,0.0,256.0,65536.0,0.0561919994652271,0.05605195508153082
64.0,0.0,2.0,0.0,0.0,64.0,64.0,0.0,0.0,0.0,128.0,16384.0,0.0561279989778995,0.05599415297132829
16384.0,0.0,1.0,0.0,0.0,16384.0,16384.0,0.0,0.0,0.0,16384.0,268435456.0,0.9524800181388856,0.956115375024183
256.0,0.0,2.0,0.0,0.0,256.0,256.0,0.0,0.0,0.0,512.0,262144.0,0.0563200004398822,0.05603932651913281
4096.0,0.0,1.0,0.0,0.0,4096.0,4096.0,0.0,0.0,0.0,4096.0,16777216.0,0.1215040013194084,0.14283536668684008
4096.0,0.0,1.0,0.0,0.0,4096.0,4096.0,0.0,0.0,0.0,4096.0,16777216.0,0.1449600011110305,0.14283536668684008
128.0,0.0,2.0,0.0,0.0,128.0,128.0,0.0,0.0,0.0,256.0,65536.0,0.0550080016255378,0.05605195508153082
64.0,0.0,2.0,0.0,0.0,64.0,64.0,0.0,0.0,0.0,128.0,16384.0,0.056768000125885,0.05599415297132829
16384.0,0.0,1.0,0.0,0.0,16384.0,16384.0,0.0,0.0,0.0,16384.0,268435456.0,0.95414400100708,0.956115375024183
256.0,0.0,2.0,0.0,0.0,256.0,256.0,0.0,0.0,0.0,512.0,262144.0,0.0558080002665519,0.05603932651913281
16384.0,0.0,1.0,0.0,0.0,16384.0,16384.0,0.0,0.0,0.0,16384.0,268435456.0,0.9595839977264404,0.956115375024183
128.0,0.0,2.0,0.0,0.0,128.0,128.0,0.0,0.0,0.0,256.0,65536.0,0.057023998349905,0.05605195508153082
4096.0,0.0,1.0,0.0,0.0,4096.0,4096.0,0.0,0.0,0.0,4096.0,16777216.0,0.145247995853424,0.14283536668684008
128.0,0.0,2.0,0.0,0.0,128.0,128.0,0.0,0.0,0.0,256.0,65536.0,0.0612480007112026,0.05605195508153082
16384.0,0.0,1.0,0.0,0.0,16384.0,16384.0,0.0,0.0,0.0,16384.0,268435456.0,0.9548799991607666,0.956115375024183
256.0,0.0,2.0,0.0,0.0,256.0,256.0,0.0,0.0,0.0,512.0,262144.0,0.055392000824213,0.05603932651913281
16384.0,0.0,1.0,0.0,0.0,16384.0,16384.0,0.0,0.0,0.0,16384.0,268435456.0,0.9585599899291992,0.956115375024183
128.0,0.0,2.0,0.0,0.0,128.0,128.0,0.0,0.0,0.0,256.0,65536.0,0.0554240010678768,0.05605195508153082
128.0,0.0,2.0,0.0,0.0,128.0,128.0,0.0,0.0,0.0,256.0,65536.0,0.0552960000932216,0.05605195508153082
4096.0,0.0,1.0,0.0,0.0,4096.0,4096.0,0.0,0.0,0.0,4096.0,16777216.0,0.1179519966244697,0.14283536668684008
16384.0,0.0,1.0,0.0,0.0,16384.0,16384.0,0.0,0.0,0.0,16384.0,268435456.0,0.9511359930038452,0.956115375024183
256.0,0.0,2.0,0.0,0.0,256.0,256.0,0.0,0.0,0.0,512.0,262144.0,0.057727999985218,0.05603932651913281
16384.0,0.0,1.0,0.0,0.0,16384.0,16384.0,0.0,0.0,0.0,16384.0,268435456.0,0.9559680223464966,0.956115375024183
128.0,0.0,2.0,0.0,0.0,128.0,128.0,0.0,0.0,0.0,256.0,65536.0,0.0577600002288818,0.05605195508153082
128.0,0.0,2.0,0.0,0.0,128.0,128.0,0.0,0.0,0.0,256.0,65536.0,0.0568640008568763,0.05605195508153082
16384.0,0.0,1.0,0.0,0.0,16384.0,16384.0,0.0,0.0,0.0,16384.0,268435456.0,0.9498559832572936,0.956115375024183
4096.0,0.0,1.0,0.0,0.0,4096.0,4096.0,0.0,0.0,0.0,4096.0,16777216.0,0.1413439959287643,0.14283536668684008
16384.0,0.0,1.0,0.0,0.0,16384.0,16384.0,0.0,0.0,0.0,16384.0,268435456.0,0.9576320052146912,0.956115375024183
256.0,0.0,2.0,0.0,0.0,256.0,256.0,0.0,0.0,0.0,512.0,262144.0,0.0593280009925365,0.05603932651913281
128.0,0.0,2.0,0.0,0.0,128.0,128.0,0.0,0.0,0.0,256.0,65536.0,0.0562559999525547,0.05605195508153082
128.0,0.0,2.0,0.0,0.0,128.0,128.0,0.0,0.0,0.0,256.0,65536.0,0.057727999985218,0.05605195508153082
16384.0,0.0,1.0,0.0,0.0,16384.0,16384.0,0.0,0.0,0.0,16384.0,268435456.0,0.9553920030593872,0.956115375024183
16384.0,0.0,1.0,0.0,0.0,16384.0,16384.0,0.0,0.0,0.0,16384.0,268435456.0,0.9565439820289612,0.956115375024183
4096.0,0.0,1.0,0.0,0.0,4096.0,4096.0,0.0,0.0,0.0,4096.0,16777216.0,0.1459839940071106,0.14283536668684008
256.0,0.0,2.0,0.0,0.0,256.0,256.0,0.0,0.0,0.0,512.0,262144.0,0.0585599988698959,0.05603932651913281
128.0,0.0,2.0,0.0,0.0,128.0,128.0,0.0,0.0,0.0,256.0,65536.0,0.0571199990808963,0.05605195508153082
128.0,0.0,2.0,0.0,0.0,128.0,128.0,0.0,0.0,0.0,256.0,65536.0,0.0599359981715679,0.05605195508153082
16384.0,0.0,1.0,0.0,0.0,16384.0,16384.0,0.0,0.0,0.0,16384.0,268435456.0,0.9510719776153564,0.956115375024183
16384.0,0.0,1.0,0.0,0.0,16384.0,16384.0,0.0,0.0,0.0,16384.0,268435456.0,0.959936022758484,0.956115375024183
4096.0,0.0,1.0,0.0,0.0,4096.0,4096.0,0.0,0.0,0.0,4096.0,16777216.0,0.1462080031633377,0.14283536668684008
256.0,0.0,2.0,0.0,0.0,256.0,256.0,0.0,0.0,0.0,512.0,262144.0,0.0557760000228881,0.05603932651913281
128.0,0.0,2.0,0.0,0.0,128.0,128.0,0.0,0.0,0.0,256.0,65536.0,0.0551359988749027,0.05605195508153082
128.0,0.0,2.0,0.0,0.0,128.0,128.0,0.0,0.0,0.0,256.0,65536.0,0.0587840005755424,0.05605195508153082
16384.0,0.0,1.0,0.0,0.0,16384.0,16384.0,0.0,0.0,0.0,16384.0,268435456.0,0.9515200257301332,0.956115375024183
64.0,0.0,2.0,0.0,0.0,64.0,64.0,0.0,0.0,0.0,128.0,16384.0,0.0555519983172416,0.05599415297132829
16384.0,0.0,1.0,0.0,0.0,16384.0,16384.0,0.0,0.0,0.0,16384.0,268435456.0,0.9570879936218262,0.956115375024183
256.0,0.0,2.0,0.0,0.0,256.0,256.0,0.0,0.0,0.0,512.0,262144.0,0.0575039982795715,0.05603932651913281
256.0,0.0,2.0,0.0,0.0,256.0,256.0,0.0,0.0,0.0,512.0,262144.0,0.0536959990859031,0.05603932651913281
128.0,0.0,2.0,0.0,0.0,128.0,128.0,0.0,0.0,0.0,256.0,65536.0,0.058432001620531,0.05605195508153082
64.0,0.0,2.0,0.0,0.0,64.0,64.0,0.0,0.0,0.0,128.0,16384.0,0.0574400015175342,0.05599415297132829
16384.0,0.0,1.0,0.0,0.0,16384.0,16384.0,0.0,0.0,0.0,16384.0,268435456.0,0.9551680088043212,0.956115375024183
64.0,0.0,2.0,0.0,0.0,64.0,64.0,0.0,0.0,0.0,128.0,16384.0,0.0562880001962184,0.05599415297132829
16384.0,0.0,1.0,0.0,0.0,16384.0,16384.0,0.0,0.0,0.0,16384.0,268435456.0,0.9661759734153748,0.956115375024183
256.0,0.0,2.0,0.0,0.0,256.0,256.0,0.0,0.0,0.0,512.0,262144.0,0.0570559985935688,0.05603932651913281
256.0,0.0,2.0,0.0,0.0,256.0,256.0,0.0,0.0,0.0,512.0,262144.0,0.0547519996762275,0.05603932651913281
128.0,0.0,2.0,0.0,0.0,128.0,128.0,0.0,0.0,0.0,256.0,65536.0,0.0568320006132125,0.05605195508153082
64.0,0.0,2.0,0.0,0.0,64.0,64.0,0.0,0.0,0.0,128.0,16384.0,0.0567359998822212,0.05599415297132829
16384.0,0.0,1.0,0.0,0.0,16384.0,16384.0,0.0,0.0,0.0,16384.0,268435456.0,0.950272023677826,0.956115375024183
64.0,0.0,2.0,0.0,0.0,64.0,64.0,0.0,0.0,0.0,128.0,16384.0,0.0554880015552043,0.05599415297132829
256.0,0.0,2.0,0.0,0.0,256.0,256.0,0.0,0.0,0.0,512.0,262144.0,0.0564800016582012,0.05603932651913281
256.0,0.0,2.0,0.0,0.0,256.0,256.0,0.0,0.0,0.0,512.0,262144.0,0.0560959987342357,0.05603932651913281
128.0,0.0,2.0,0.0,0.0,128.0,128.0,0.0,0.0,0.0,256.0,65536.0,0.0586559996008873,0.05605195508153082
64.0,0.0,2.0,0.0,0.0,64.0,64.0,0.0,0.0,0.0,128.0,16384.0,0.0557760000228881,0.05599415297132829
16384.0,0.0,1.0,0.0,0.0,16384.0,16384.0,0.0,0.0,0.0,16384.0,268435456.0,0.9570879936218262,0.956115375024183
16384.0,0.0,1.0,0.0,0.0,16384.0,16384.0,0.0,0.0,0.0,16384.0,268435456.0,0.9669439792633056,0.956115375024183
64.0,0.0,2.0,0.0,0.0,64.0,64.0,0.0,0.0,0.0,128.0,16384.0,0.0592960007488727,0.05599415297132829
256.0,0.0,2.0,0.0,0.0,256.0,256.0,0.0,0.0,0.0,512.0,262144.0,0.0558400005102157,0.05603932651913281
256.0,0.0,2.0,0.0,0.0,256.0,256.0,0.0,0.0,0.0,512.0,262144.0,0.0568640008568763,0.05603932651913281
16384.0,0.0,1.0,0.0,0.0,16384.0,16384.0,0.0,0.0,0.0,16384.0,268435456.0,0.9519360065460204,0.956115375024183
64.0,0.0,2.0,0.0,0.0,64.0,64.0,0.0,0.0,0.0,128.0,16384.0,0.0552960000932216,0.05599415297132829
128.0,0.0,2.0,0.0,0.0,128.0,128.0,0.0,0.0,0.0,256.0,65536.0,0.0567039996385574,0.05605195508153082
64.0,0.0,2.0,0.0,0.0,64.0,64.0,0.0,0.0,0.0,128.0,16384.0,0.0561599992215633,0.05599415297132829
256.0,0.0,2.0,0.0,0.0,256.0,256.0,0.0,0.0,0.0,512.0,262144.0,0.0556799992918968,0.05603932651913281
512.0,0.0,2.0,0.0,0.0,512.0,512.0,0.0,0.0,0.0,1024.0,1048576.0,0.0568320006132125,0.056156613214682835
16384.0,0.0,1.0,0.0,0.0,16384.0,16384.0,0.0,0.0,0.0,16384.0,268435456.0,0.9492160081863404,0.956115375024183
64.0,0.0,2.0,0.0,0.0,64.0,64.0,0.0,0.0,0.0,128.0,16384.0,0.0561279989778995,0.05599415297132829
16384.0,0.0,1.0,0.0,0.0,16384.0,16384.0,0.0,0.0,0.0,16384.0,268435456.0,0.9639040231704712,0.956115375024183
64.0,0.0,2.0,0.0,0.0,64.0,64.0,0.0,0.0,0.0,128.0,16384.0,0.0563840009272098,0.05599415297132829
128.0,0.0,2.0,0.0,0.0,128.0,128.0,0.0,0.0,0.0,256.0,65536.0,0.0559040009975433,0.05605195508153082
256.0,0.0,2.0,0.0,0.0,256.0,256.0,0.0,0.0,0.0,512.0,262144.0,0.0538560003042221,0.05603932651913281
512.0,0.0,2.0,0.0,0.0,512.0,512.0,0.0,0.0,0.0,1024.0,1048576.0,0.0573440007865428,0.056156613214682835
64.0,0.0,2.0,0.0,0.0,64.0,64.0,0.0,0.0,0.0,128.0,16384.0,0.0557119995355606,0.05599415297132829
16384.0,0.0,1.0,0.0,0.0,16384.0,16384.0,0.0,0.0,0.0,16384.0,268435456.0,0.9472320079803468,0.956115375024183
64.0,0.0,2.0,0.0,0.0,64.0,64.0,0.0,0.0,0.0,128.0,16384.0,0.0580799989402294,0.05599415297132829
256.0,0.0,2.0,0.0,0.0,256.0,256.0,0.0,0.0,0.0,512.0,262144.0,0.0588160008192062,0.05603932651913281
256.0,0.0,2.0,0.0,0.0,256.0,256.0,0.0,0.0,0.0,512.0,262144.0,0.056768000125885,0.05603932651913281
16384.0,0.0,1.0,0.0,0.0,16384.0,16384.0,0.0,0.0,0.0,16384.0,268435456.0,0.9530879855155944,0.956115375024183
512.0,0.0,2.0,0.0,0.0,512.0,512.0,0.0,0.0,0.0,1024.0,1048576.0,0.056352000683546,0.056156613214682835
16384.0,0.0,1.0,0.0,0.0,16384.0,16384.0,0.0,0.0,0.0,16384.0,268435456.0,0.9649919867515564,0.956115375024183
64.0,0.0,2.0,0.0,0.0,64.0,64.0,0.0,0.0,0.0,128.0,16384.0,0.0563840009272098,0.05599415297132829
64.0,0.0,2.0,0.0,0.0,64.0,64.0,0.0,0.0,0.0,128.0,16384.0,0.0569600015878677,0.05599415297132829
256.0,0.0,2.0,0.0,0.0,256.0,256.0,0.0,0.0,0.0,512.0,262144.0,0.0568000003695488,0.05603932651913281
256.0,0.0,2.0,0.0,0.0,256.0,256.0,0.0,0.0,0.0,512.0,262144.0,0.0551039986312389,0.05603932651913281
512.0,0.0,2.0,0.0,0.0,512.0,512.0,0.0,0.0,0.0,1024.0,1048576.0,0.0575999990105629,0.056156613214682835
64.0,0.0,2.0,0.0,0.0,64.0,64.0,0.0,0.0,0.0,128.0,16384.0,0.0562559999525547,0.05599415297132829
16384.0,0.0,1.0,0.0,0.0,16384.0,16384.0,0.0,0.0,0.0,16384.0,268435456.0,0.9534720182418824,0.956115375024183
64.0,0.0,2.0,0.0,0.0,64.0,64.0,0.0,0.0,0.0,128.0,16384.0,0.0569600015878677,0.05599415297132829
256.0,0.0,2.0,0.0,0.0,256.0,256.0,0.0,0.0,0.0,512.0,262144.0,0.0562239997088909,0.05603932651913281
16384.0,0.0,1.0,0.0,0.0,16384.0,16384.0,0.0,0.0,0.0,16384.0,268435456.0,0.9520000219345092,0.956115375024183
256.0,0.0,2.0,0.0,0.0,256.0,256.0,0.0,0.0,0.0,512.0,262144.0,0.0546239987015724,0.05603932651913281
512.0,0.0,2.0,0.0,0.0,512.0,512.0,0.0,0.0,0.0,1024.0,1048576.0,0.0571199990808963,0.056156613214682835
16384.0,0.0,1.0,0.0,0.0,16384.0,16384.0,0.0,0.0,0.0,16384.0,268435456.0,0.9653760194778442,0.956115375024183
64.0,0.0,2.0,0.0,0.0,64.0,64.0,0.0,0.0,0.0,128.0,16384.0,0.0560959987342357,0.05599415297132829
64.0,0.0,2.0,0.0,0.0,64.0,64.0,0.0,0.0,0.0,128.0,16384.0,0.0572800002992153,0.05599415297132829
64.0,0.0,2.0,0.0,0.0,64.0,64.0,0.0,0.0,0.0,128.0,16384.0,0.0579520016908645,0.05599415297132829
256.0,0.0,2.0,0.0,0.0,256.0,256.0,0.0,0.0,0.0,512.0,262144.0,0.0575039982795715,0.05603932651913281
256.0,0.0,2.0,0.0,0.0,256.0,256.0,0.0,0.0,0.0,512.0,262144.0,0.0560959987342357,0.05603932651913281
512.0,0.0,2.0,0.0,0.0,512.0,512.0,0.0,0.0,0.0,1024.0,1048576.0,0.0557119995355606,0.056156613214682835
64.0,0.0,2.0,0.0,0.0,64.0,64.0,0.0,0.0,0.0,128.0,16384.0,0.0550719983875751,0.05599415297132829
64.0,0.0,2.0,0.0,0.0,64.0,64.0,0.0,0.0,0.0,128.0,16384.0,0.0582720004022121,0.05599415297132829
64.0,0.0,2.0,0.0,0.0,64.0,64.0,0.0,0.0,0.0,128.0,16384.0,0.0565439984202384,0.05599415297132829
256.0,0.0,2.0,0.0,0.0,256.0,256.0,0.0,0.0,0.0,512.0,262144.0,0.0576959997415542,0.05603932651913281
256.0,0.0,2.0,0.0,0.0,256.0,256.0,0.0,0.0,0.0,512.0,262144.0,0.0539840012788772,0.05603932651913281
16384.0,0.0,1.0,0.0,0.0,16384.0,16384.0,0.0,0.0,0.0,16384.0,268435456.0,0.9490879774093628,0.956115375024183
16384.0,0.0,1.0,0.0,0.0,16384.0,16384.0,0.0,0.0,0.0,16384.0,268435456.0,0.9633280038833618,0.956115375024183
512.0,0.0,2.0,0.0,0.0,512.0,512.0,0.0,0.0,0.0,1024.0,1048576.0,0.0570559985935688,0.056156613214682835
64.0,0.0,2.0,0.0,0.0,64.0,64.0,0.0,0.0,0.0,128.0,16384.0,0.0566719993948936,0.05599415297132829
64.0,0.0,2.0,0.0,0.0,64.0,64.0,0.0,0.0,0.0,128.0,16384.0,0.058432001620531,0.05599415297132829
128.0,0.0,2.0,0.0,0.0,128.0,128.0,0.0,0.0,0.0,256.0,65536.0,0.0559360012412071,0.05605195508153082
256.0,0.0,2.0,0.0,0.0,256.0,256.0,0.0,0.0,0.0,512.0,262144.0,0.0569920018315315,0.05603932651913281
512.0,0.0,2.0,0.0,0.0,512.0,512.0,0.0,0.0,0.0,1024.0,1048576.0,0.0553600005805492,0.056156613214682835
512.0,0.0,2.0,0.0,0.0,512.0,512.0,0.0,0.0,0.0,1024.0,1048576.0,0.0581439994275569,0.056156613214682835
64.0,0.0,2.0,0.0,0.0,64.0,64.0,0.0,0.0,0.0,128.0,16384.0,0.0580799989402294,0.05599415297132829
128.0,0.0,2.0,0.0,0.0,128.0,128.0,0.0,0.0,0.0,256.0,65536.0,0.0569280013442039,0.05605195508153082
256.0,0.0,2.0,0.0,0.0,256.0,256.0,0.0,0.0,0.0,512.0,262144.0,0.0560319982469081,0.05603932651913281
16384.0,0.0,1.0,0.0,0.0,16384.0,16384.0,0.0,0.0,0.0,16384.0,268435456.0,0.9489920139312744,0.956115375024183
512.0,0.0,2.0,0.0,0.0,512.0,512.0,0.0,0.0,0.0,1024.0,1048576.0,0.056607998907566,0.056156613214682835
64.0,0.0,2.0,0.0,0.0,64.0,64.0,0.0,0.0,0.0,128.0,16384.0,0.016160000115633,0.05599415297132829
16384.0,0.0,1.0,0.0,0.0,16384.0,16384.0,0.0,0.0,0.0,16384.0,268435456.0,0.9621760249137878,0.956115375024183
512.0,0.0,2.0,0.0,0.0,512.0,512.0,0.0,0.0,0.0,1024.0,1048576.0,0.0581119991838932,0.056156613214682835
64.0,0.0,2.0,0.0,0.0,64.0,64.0,0.0,0.0,0.0,128.0,16384.0,0.0575359985232353,0.05599415297132829
128.0,0.0,2.0,0.0,0.0,128.0,128.0,0.0,0.0,0.0,256.0,65536.0,0.0575679987668991,0.05605195508153082
256.0,0.0,2.0,0.0,0.0,256.0,256.0,0.0,0.0,0.0,512.0,262144.0,0.0558400005102157,0.05603932651913281
512.0,0.0,2.0,0.0,0.0,512.0,512.0,0.0,0.0,0.0,1024.0,1048576.0,0.0551679991185665,0.056156613214682835
128.0,0.0,2.0,0.0,0.0,128.0,128.0,0.0,0.0,0.0,256.0,65536.0,0.0551679991185665,0.05605195508153082
512.0,0.0,2.0,0.0,0.0,512.0,512.0,0.0,0.0,0.0,1024.0,1048576.0,0.057727999985218,0.056156613214682835
64.0,0.0,2.0,0.0,0.0,64.0,64.0,0.0,0.0,0.0,128.0,16384.0,0.056352000683546,0.05599415297132829
128.0,0.0,2.0,0.0,0.0,128.0,128.0,0.0,0.0,0.0,256.0,65536.0,0.0578880012035369,0.05605195508153082
16384.0,0.0,1.0,0.0,0.0,16384.0,16384.0,0.0,0.0,0.0,16384.0,268435456.0,0.9528319835662842,0.956115375024183
256.0,0.0,2.0,0.0,0.0,256.0,256.0,0.0,0.0,0.0,512.0,262144.0,0.0575679987668991,0.05603932651913281
512.0,0.0,2.0,0.0,0.0,512.0,512.0,0.0,0.0,0.0,1024.0,1048576.0,0.0557439997792243,0.056156613214682835
128.0,0.0,2.0,0.0,0.0,128.0,128.0,0.0,0.0,0.0,256.0,65536.0,0.0575999990105629,0.05605195508153082
16384.0,0.0,1.0,0.0,0.0,16384.0,16384.0,0.0,0.0,0.0,16384.0,268435456.0,0.9641280174255372,0.956115375024183
512.0,0.0,2.0,0.0,0.0,512.0,512.0,0.0,0.0,0.0,1024.0,1048576.0,0.0572800002992153,0.056156613214682835
64.0,0.0,2.0,0.0,0.0,64.0,64.0,0.0,0.0,0.0,128.0,16384.0,0.0572480000555515,0.05599415297132829
128.0,0.0,2.0,0.0,0.0,128.0,128.0,0.0,0.0,0.0,256.0,65536.0,0.056607998907566,0.05605195508153082
64.0,0.0,2.0,0.0,0.0,64.0,64.0,0.0,0.0,0.0,128.0,16384.0,0.0571519993245601,0.05599415297132829
256.0,0.0,2.0,0.0,0.0,256.0,256.0,0.0,0.0,0.0,512.0,262144.0,0.0565759986639022,0.05603932651913281
512.0,0.0,2.0,0.0,0.0,512.0,512.0,0.0,0.0,0.0,1024.0,1048576.0,0.0560000017285347,0.056156613214682835
128.0,0.0,2.0,0.0,0.0,128.0,128.0,0.0,0.0,0.0,256.0,65536.0,0.0556799992918968,0.05605195508153082
1024.0,0.0,2.0,0.0,0.0,1024.0,1024.0,0.0,0.0,0.0,2048.0,4194304.0,0.0622080005705356,0.06062113179775182
64.0,0.0,2.0,0.0,0.0,64.0,64.0,0.0,0.0,0.0,128.0,16384.0,0.0559680014848709,0.05599415297132829
128.0,0.0,2.0,0.0,0.0,128.0,128.0,0.0,0.0,0.0,256.0,65536.0,0.0571839995682239,0.05605195508153082
64.0,0.0,2.0,0.0,0.0,64.0,64.0,0.0,0.0,0.0,128.0,16384.0,0.0564480014145374,0.05599415297132829
256.0,0.0,2.0,0.0,0.0,256.0,256.0,0.0,0.0,0.0,512.0,262144.0,0.0573440007865428,0.05603932651913281
512.0,0.0,2.0,0.0,0.0,512.0,512.0,0.0,0.0,0.0,1024.0,1048576.0,0.0560959987342357,0.056156613214682835
16384.0,0.0,1.0,0.0,0.0,16384.0,16384.0,0.0,0.0,0.0,16384.0,268435456.0,0.9628480076789856,0.956115375024183
128.0,0.0,2.0,0.0,0.0,128.0,128.0,0.0,0.0,0.0,256.0,65536.0,0.0568320006132125,0.05605195508153082
1024.0,0.0,2.0,0.0,0.0,1024.0,1024.0,0.0,0.0,0.0,2048.0,4194304.0,0.0613120011985302,0.06062113179775182
128.0,0.0,2.0,0.0,0.0,128.0,128.0,0.0,0.0,0.0,256.0,65536.0,0.0570879988372325,0.05605195508153082
64.0,0.0,2.0,0.0,0.0,64.0,64.0,0.0,0.0,0.0,128.0,16384.0,0.0561599992215633,0.05599415297132829
64.0,0.0,2.0,0.0,0.0,64.0,64.0,0.0,0.0,0.0,128.0,16384.0,0.0536959990859031,0.05599415297132829
512.0,0.0,2.0,0.0,0.0,512.0,512.0,0.0,0.0,0.0,1024.0,1048576.0,0.0556799992918968,0.056156613214682835
512.0,0.0,2.0,0.0,0.0,512.0,512.0,0.0,0.0,0.0,1024.0,1048576.0,0.0554240010678768,0.056156613214682835
128.0,0.0,2.0,0.0,0.0,128.0,128.0,0.0,0.0,0.0,256.0,65536.0,0.0558080002665519,0.05605195508153082
1024.0,0.0,2.0,0.0,0.0,1024.0,1024.0,0.0,0.0,0.0,2048.0,4194304.0,0.0622720010578632,0.06062113179775182
128.0,0.0,2.0,0.0,0.0,128.0,128.0,0.0,0.0,0.0,256.0,65536.0,0.0562880001962184,0.05605195508153082
64.0,0.0,2.0,0.0,0.0,64.0,64.0,0.0,0.0,0.0,128.0,16384.0,0.0564480014145374,0.05599415297132829
64.0,0.0,2.0,0.0,0.0,64.0,64.0,0.0,0.0,0.0,128.0,16384.0,0.0571519993245601,0.05599415297132829
512.0,0.0,2.0,0.0,0.0,512.0,512.0,0.0,0.0,0.0,1024.0,1048576.0,0.0563200004398822,0.056156613214682835
16384.0,0.0,1.0,0.0,0.0,16384.0,16384.0,0.0,0.0,0.0,16384.0,268435456.0,0.9639999866485596,0.956115375024183
512.0,0.0,2.0,0.0,0.0,512.0,512.0,0.0,0.0,0.0,1024.0,1048576.0,0.0554560013115406,0.056156613214682835
128.0,0.0,2.0,0.0,0.0,128.0,128.0,0.0,0.0,0.0,256.0,65536.0,0.0569600015878677,0.05605195508153082
1024.0,0.0,2.0,0.0,0.0,1024.0,1024.0,0.0,0.0,0.0,2048.0,4194304.0,0.062399998307228,0.06062113179775182
128.0,0.0,2.0,0.0,0.0,128.0,128.0,0.0,0.0,0.0,256.0,65536.0,0.0557439997792243,0.05605195508153082
64.0,0.0,2.0,0.0,0.0,64.0,64.0,0.0,0.0,0.0,128.0,16384.0,0.0575679987668991,0.05599415297132829
512.0,0.0,2.0,0.0,0.0,512.0,512.0,0.0,0.0,0.0,1024.0,1048576.0,0.0570879988372325,0.056156613214682835
64.0,0.0,2.0,0.0,0.0,64.0,64.0,0.0,0.0,0.0,128.0,16384.0,0.0565119981765747,0.05599415297132829
512.0,0.0,2.0,0.0,0.0,512.0,512.0,0.0,0.0,0.0,1024.0,1048576.0,0.0559040009975433,0.056156613214682835
128.0,0.0,2.0,0.0,0.0,128.0,128.0,0.0,0.0,0.0,256.0,65536.0,0.0554880015552043,0.05605195508153082
1024.0,0.0,2.0,0.0,0.0,1024.0,1024.0,0.0,0.0,0.0,2048.0,4194304.0,0.0615999996662139,0.06062113179775182
128.0,0.0,2.0,0.0,0.0,128.0,128.0,0.0,0.0,0.0,256.0,65536.0,0.0562559999525547,0.05605195508153082
64.0,0.0,2.0,0.0,0.0,64.0,64.0,0.0,0.0,0.0,128.0,16384.0,0.0557760000228881,0.05599415297132829
512.0,0.0,2.0,0.0,0.0,512.0,512.0,0.0,0.0,0.0,1024.0,1048576.0,0.0576639994978904,0.056156613214682835
16384.0,0.0,1.0,0.0,0.0,16384.0,16384.0,0.0,0.0,0.0,16384.0,268435456.0,0.966048002243042,0.956115375024183
128.0,0.0,2.0,0.0,0.0,128.0,128.0,0.0,0.0,0.0,256.0,65536.0,0.0575359985232353,0.05605195508153082
512.0,0.0,2.0,0.0,0.0,512.0,512.0,0.0,0.0,0.0,1024.0,1048576.0,0.0546559989452362,0.056156613214682835
128.0,0.0,2.0,0.0,0.0,128.0,128.0,0.0,0.0,0.0,256.0,65536.0,0.0565119981765747,0.05605195508153082
1024.0,0.0,2.0,0.0,0.0,1024.0,1024.0,0.0,0.0,0.0,2048.0,4194304.0,0.0607680007815361,0.06062113179775182
128.0,0.0,2.0,0.0,0.0,128.0,128.0,0.0,0.0,0.0,256.0,65536.0,0.0569280013442039,0.05605195508153082
64.0,0.0,2.0,0.0,0.0,64.0,64.0,0.0,0.0,0.0,128.0,16384.0,0.0559360012412071,0.05599415297132829
512.0,0.0,2.0,0.0,0.0,512.0,512.0,0.0,0.0,0.0,1024.0,1048576.0,0.0573120005428791,0.056156613214682835
128.0,0.0,2.0,0.0,0.0,128.0,128.0,0.0,0.0,0.0,256.0,65536.0,0.0575359985232353,0.05605195508153082
512.0,0.0,2.0,0.0,0.0,512.0,512.0,0.0,0.0,0.0,1024.0,1048576.0,0.0551999993622303,0.056156613214682835
128.0,0.0,2.0,0.0,0.0,128.0,128.0,0.0,0.0,0.0,256.0,65536.0,0.0561279989778995,0.05605195508153082
1024.0,0.0,2.0,0.0,0.0,1024.0,1024.0,0.0,0.0,0.0,2048.0,4194304.0,0.0603840015828609,0.06062113179775182
256.0,0.0,2.0,0.0,0.0,256.0,256.0,0.0,0.0,0.0,512.0,262144.0,0.0573760010302066,0.05603932651913281
512.0,0.0,2.0,0.0,0.0,512.0,512.0,0.0,0.0,0.0,1024.0,1048576.0,0.0575359985232353,0.056156613214682835
64.0,0.0,2.0,0.0,0.0,64.0,64.0,0.0,0.0,0.0,128.0,16384.0,0.0571519993245601,0.05599415297132829
128.0,0.0,2.0,0.0,0.0,128.0,128.0,0.0,0.0,0.0,256.0,65536.0,0.0591679997742176,0.05605195508153082
512.0,0.0,2.0,0.0,0.0,512.0,512.0,0.0,0.0,0.0,1024.0,1048576.0,0.0544320009648799,0.056156613214682835
1024.0,0.0,2.0,0.0,0.0,1024.0,1024.0,0.0,0.0,0.0,2048.0,4194304.0,0.061439998447895,0.06062113179775182
16384.0,0.0,1.0,0.0,0.0,16384.0,16384.0,0.0,0.0,0.0,16384.0,268435456.0,0.9660159945487976,0.956115375024183
256.0,0.0,2.0,0.0,0.0,256.0,256.0,0.0,0.0,0.0,512.0,262144.0,0.0565119981765747,0.05603932651913281
128.0,0.0,2.0,0.0,0.0,128.0,128.0,0.0,0.0,0.0,256.0,65536.0,0.02857599966228,0.05605195508153082
512.0,0.0,2.0,0.0,0.0,512.0,512.0,0.0,0.0,0.0,1024.0,1048576.0,0.0568960011005401,0.056156613214682835
64.0,0.0,2.0,0.0,0.0,64.0,64.0,0.0,0.0,0.0,128.0,16384.0,0.0565759986639022,0.05599415297132829
128.0,0.0,2.0,0.0,0.0,128.0,128.0,0.0,0.0,0.0,256.0,65536.0,0.0572800002992153,0.05605195508153082
1024.0,0.0,2.0,0.0,0.0,1024.0,1024.0,0.0,0.0,0.0,2048.0,4194304.0,0.0608000010251998,0.06062113179775182
1024.0,0.0,2.0,0.0,0.0,1024.0,1024.0,0.0,0.0,0.0,2048.0,4194304.0,0.061439998447895,0.06062113179775182
64.0,0.0,2.0,0.0,0.0,64.0,64.0,0.0,0.0,0.0,128.0,16384.0,0.0574400015175342,0.05599415297132829
256.0,0.0,2.0,0.0,0.0,256.0,256.0,0.0,0.0,0.0,512.0,262144.0,0.0568320006132125,0.05603932651913281
128.0,0.0,2.0,0.0,0.0,128.0,128.0,0.0,0.0,0.0,256.0,65536.0,0.0561599992215633,0.05605195508153082
512.0,0.0,2.0,0.0,0.0,512.0,512.0,0.0,0.0,0.0,1024.0,1048576.0,0.0560319982469081,0.056156613214682835
64.0,0.0,2.0,0.0,0.0,64.0,64.0,0.0,0.0,0.0,128.0,16384.0,0.0575039982795715,0.05599415297132829
128.0,0.0,2.0,0.0,0.0,128.0,128.0,0.0,0.0,0.0,256.0,65536.0,0.0569920018315315,0.05605195508153082
1024.0,0.0,2.0,0.0,0.0,1024.0,1024.0,0.0,0.0,0.0,2048.0,4194304.0,0.0607040002942085,0.06062113179775182
1024.0,0.0,2.0,0.0,0.0,1024.0,1024.0,0.0,0.0,0.0,2048.0,4194304.0,0.0620799995958805,0.06062113179775182
64.0,0.0,2.0,0.0,0.0,64.0,64.0,0.0,0.0,0.0,128.0,16384.0,0.0569280013442039,0.05599415297132829
256.0,0.0,2.0,0.0,0.0,256.0,256.0,0.0,0.0,0.0,512.0,262144.0,0.0565439984202384,0.05603932651913281
256.0,0.0,2.0,0.0,0.0,256.0,256.0,0.0,0.0,0.0,512.0,262144.0,0.0545280016958713,0.05603932651913281
512.0,0.0,2.0,0.0,0.0,512.0,512.0,0.0,0.0,0.0,1024.0,1048576.0,0.0571839995682239,0.056156613214682835
64.0,0.0,2.0,0.0,0.0,64.0,64.0,0.0,0.0,0.0,128.0,16384.0,0.0560959987342357,0.05599415297132829
128.0,0.0,2.0,0.0,0.0,128.0,128.0,0.0,0.0,0.0,256.0,65536.0,0.0572159998118877,0.05605195508153082
1024.0,0.0,2.0,0.0,0.0,1024.0,1024.0,0.0,0.0,0.0,2048.0,4194304.0,0.0608960017561912,0.06062113179775182
1024.0,0.0,2.0,0.0,0.0,1024.0,1024.0,0.0,0.0,0.0,2048.0,4194304.0,0.0623680017888546,0.06062113179775182
64.0,0.0,2.0,0.0,0.0,64.0,64.0,0.0,0.0,0.0,128.0,16384.0,0.0580159984529018,0.05599415297132829
256.0,0.0,2.0,0.0,0.0,256.0,256.0,0.0,0.0,0.0,512.0,262144.0,0.0580479986965656,0.05603932651913281
256.0,0.0,2.0,0.0,0.0,256.0,256.0,0.0,0.0,0.0,512.0,262144.0,0.0562880001962184,0.05603932651913281
512.0,0.0,2.0,0.0,0.0,512.0,512.0,0.0,0.0,0.0,1024.0,1048576.0,0.056352000683546,0.056156613214682835
128.0,0.0,2.0,0.0,0.0,128.0,128.0,0.0,0.0,0.0,256.0,65536.0,0.0570559985935688,0.05605195508153082
128.0,0.0,2.0,0.0,0.0,128.0,128.0,0.0,0.0,0.0,256.0,65536.0,0.0555519983172416,0.05605195508153082
4096.0,0.0,2.0,0.0,0.0,4096.0,4096.0,0.0,0.0,0.0,8192.0,67108864.0,0.1869439929723739,0.18684322167228637
1024.0,0.0,2.0,0.0,0.0,1024.0,1024.0,0.0,0.0,0.0,2048.0,4194304.0,0.0618560016155242,0.06062113179775182
64.0,0.0,2.0,0.0,0.0,64.0,64.0,0.0,0.0,0.0,128.0,16384.0,0.0567359998822212,0.05599415297132829
256.0,0.0,2.0,0.0,0.0,256.0,256.0,0.0,0.0,0.0,512.0,262144.0,0.0568320006132125,0.05603932651913281
256.0,0.0,2.0,0.0,0.0,256.0,256.0,0.0,0.0,0.0,512.0,262144.0,0.0543360002338886,0.05603932651913281
512.0,0.0,2.0,0.0,0.0,512.0,512.0,0.0,0.0,0.0,1024.0,1048576.0,0.0578880012035369,0.056156613214682835
128.0,0.0,2.0,0.0,0.0,128.0,128.0,0.0,0.0,0.0,256.0,65536.0,0.0560319982469081,0.05605195508153082
128.0,0.0,2.0,0.0,0.0,128.0,128.0,0.0,0.0,0.0,256.0,65536.0,0.0574080012738704,0.05605195508153082
4096.0,0.0,2.0,0.0,0.0,4096.0,4096.0,0.0,0.0,0.0,8192.0,67108864.0,0.1870719939470291,0.18684322167228637
1024.0,0.0,2.0,0.0,0.0,1024.0,1024.0,0.0,0.0,0.0,2048.0,4194304.0,0.0599359981715679,0.06062113179775182
64.0,0.0,2.0,0.0,0.0,64.0,64.0,0.0,0.0,0.0,128.0,16384.0,0.05884800106287,0.05599415297132829
256.0,0.0,2.0,0.0,0.0,256.0,256.0,0.0,0.0,0.0,512.0,262144.0,0.0566399991512298,0.05603932651913281
256.0,0.0,2.0,0.0,0.0,256.0,256.0,0.0,0.0,0.0,512.0,262144.0,0.0555200017988681,0.05603932651913281
1024.0,0.0,2.0,0.0,0.0,1024.0,1024.0,0.0,0.0,0.0,2048.0,4194304.0,0.0615999996662139,0.06062113179775182
128.0,0.0,2.0,0.0,0.0,128.0,128.0,0.0,0.0,0.0,256.0,65536.0,0.0562880001962184,0.05605195508153082
128.0,0.0,2.0,0.0,0.0,128.0,128.0,0.0,0.0,0.0,256.0,65536.0,0.0580479986965656,0.05605195508153082
4096.0,0.0,2.0,0.0,0.0,4096.0,4096.0,0.0,0.0,0.0,8192.0,67108864.0,0.1859200000762939,0.18684322167228637
1024.0,0.0,2.0,0.0,0.0,1024.0,1024.0,0.0,0.0,0.0,2048.0,4194304.0,0.0612160004675388,0.06062113179775182
64.0,0.0,2.0,0.0,0.0,64.0,64.0,0.0,0.0,0.0,128.0,16384.0,0.0583360008895397,0.05599415297132829
256.0,0.0,2.0,0.0,0.0,256.0,256.0,0.0,0.0,0.0,512.0,262144.0,0.0582079999148845,0.05603932651913281
256.0,0.0,2.0,0.0,0.0,256.0,256.0,0.0,0.0,0.0,512.0,262144.0,0.0562880001962184,0.05603932651913281
1024.0,0.0,2.0,0.0,0.0,1024.0,1024.0,0.0,0.0,0.0,2048.0,4194304.0,0.0615999996662139,0.06062113179775182
128.0,0.0,2.0,0.0,0.0,128.0,128.0,0.0,0.0,0.0,256.0,65536.0,0.0566719993948936,0.05605195508153082
128.0,0.0,2.0,0.0,0.0,128.0,128.0,0.0,0.0,0.0,256.0,65536.0,0.0582720004022121,0.05605195508153082
4096.0,0.0,2.0,0.0,0.0,4096.0,4096.0,0.0,0.0,0.0,8192.0,67108864.0,0.1859200000762939,0.18684322167228637
1024.0,0.0,2.0,0.0,0.0,1024.0,1024.0,0.0,0.0,0.0,2048.0,4194304.0,0.0605439990758895,0.06062113179775182
64.0,0.0,2.0,0.0,0.0,64.0,64.0,0.0,0.0,0.0,128.0,16384.0,0.0585279986262321,0.05599415297132829
256.0,0.0,2.0,0.0,0.0,256.0,256.0,0.0,0.0,0.0,512.0,262144.0,0.0569280013442039,0.05603932651913281
256.0,0.0,2.0,0.0,0.0,256.0,256.0,0.0,0.0,0.0,512.0,262144.0,0.056607998907566,0.05603932651913281
1024.0,0.0,2.0,0.0,0.0,1024.0,1024.0,0.0,0.0,0.0,2048.0,4194304.0,0.0617600008845329,0.06062113179775182
128.0,0.0,2.0,0.0,0.0,128.0,128.0,0.0,0.0,0.0,256.0,65536.0,0.0561279989778995,0.05605195508153082
128.0,0.0,2.0,0.0,0.0,128.0,128.0,0.0,0.0,0.0,256.0,65536.0,0.0559680014848709,0.05605195508153082
4096.0,0.0,2.0,0.0,0.0,4096.0,4096.0,0.0,0.0,0.0,8192.0,67108864.0,0.1847999989986419,0.18684322167228637
1024.0,0.0,2.0,0.0,0.0,1024.0,1024.0,0.0,0.0,0.0,2048.0,4194304.0,0.0601279996335506,0.06062113179775182
64.0,0.0,2.0,0.0,0.0,64.0,64.0,0.0,0.0,0.0,128.0,16384.0,0.0581439994275569,0.05599415297132829
256.0,0.0,2.0,0.0,0.0,256.0,256.0,0.0,0.0,0.0,512.0,262144.0,0.0562559999525547,0.05603932651913281
256.0,0.0,2.0,0.0,0.0,256.0,256.0,0.0,0.0,0.0,512.0,262144.0,0.0550719983875751,0.05603932651913281
1024.0,0.0,2.0,0.0,0.0,1024.0,1024.0,0.0,0.0,0.0,2048.0,4194304.0,0.0615359991788864,0.06062113179775182
128.0,0.0,2.0,0.0,0.0,128.0,128.0,0.0,0.0,0.0,256.0,65536.0,0.0580479986965656,0.05605195508153082
256.0,0.0,2.0,0.0,0.0,256.0,256.0,0.0,0.0,0.0,512.0,262144.0,0.0559040009975433,0.05603932651913281
4096.0,0.0,2.0,0.0,0.0,4096.0,4096.0,0.0,0.0,0.0,8192.0,67108864.0,0.185248002409935,0.18684322167228637
1024.0,0.0,2.0,0.0,0.0,1024.0,1024.0,0.0,0.0,0.0,2048.0,4194304.0,0.0599359981715679,0.06062113179775182
64.0,0.0,2.0,0.0,0.0,64.0,64.0,0.0,0.0,0.0,128.0,16384.0,0.0587840005755424,0.05599415297132829
256.0,0.0,2.0,0.0,0.0,256.0,256.0,0.0,0.0,0.0,512.0,262144.0,0.0557439997792243,0.05603932651913281
256.0,0.0,2.0,0.0,0.0,256.0,256.0,0.0,0.0,0.0,512.0,262144.0,0.0553280003368854,0.05603932651913281
1024.0,0.0,2.0,0.0,0.0,1024.0,1024.0,0.0,0.0,0.0,2048.0,4194304.0,0.0633279979228973,0.06062113179775182
128.0,0.0,2.0,0.0,0.0,128.0,128.0,0.0,0.0,0.0,256.0,65536.0,0.0574400015175342,0.05605195508153082
256.0,0.0,2.0,0.0,0.0,256.0,256.0,0.0,0.0,0.0,512.0,262144.0,0.0578880012035369,0.05603932651913281
4096.0,0.0,2.0,0.0,0.0,4096.0,4096.0,0.0,0.0,0.0,8192.0,67108864.0,0.1864320039749145,0.18684322167228637
1024.0,0.0,2.0,0.0,0.0,1024.0,1024.0,0.0,0.0,0.0,2048.0,4194304.0,0.0606399998068809,0.06062113179775182
256.0,0.0,2.0,0.0,0.0,256.0,256.0,0.0,0.0,0.0,512.0,262144.0,0.0576959997415542,0.05603932651913281
64.0,0.0,2.0,0.0,0.0,64.0,64.0,0.0,0.0,0.0,128.0,16384.0,0.0277440007776021,0.05599415297132829
1024.0,0.0,2.0,0.0,0.0,1024.0,1024.0,0.0,0.0,0.0,2048.0,4194304.0,0.0608640015125274,0.06062113179775182
256.0,0.0,2.0,0.0,0.0,256.0,256.0,0.0,0.0,0.0,512.0,262144.0,0.0480960011482238,0.05603932651913281
128.0,0.0,2.0,0.0,0.0,128.0,128.0,0.0,0.0,0.0,256.0,65536.0,0.057727999985218,0.05605195508153082
256.0,0.0,2.0,0.0,0.0,256.0,256.0,0.0,0.0,0.0,512.0,262144.0,0.0570879988372325,0.05603932651913281
4096.0,0.0,2.0,0.0,0.0,4096.0,4096.0,0.0,0.0,0.0,8192.0,67108864.0,0.1858559995889663,0.18684322167228637
1024.0,0.0,2.0,0.0,0.0,1024.0,1024.0,0.0,0.0,0.0,2048.0,4194304.0,0.0608000010251998,0.06062113179775182
512.0,0.0,2.0,0.0,0.0,512.0,512.0,0.0,0.0,0.0,1024.0,1048576.0,0.057023998349905,0.056156613214682835
64.0,0.0,2.0,0.0,0.0,64.0,64.0,0.0,0.0,0.0,128.0,16384.0,0.0572159998118877,0.05599415297132829
1024.0,0.0,2.0,0.0,0.0,1024.0,1024.0,0.0,0.0,0.0,2048.0,4194304.0,0.0619839988648891,0.06062113179775182
256.0,0.0,2.0,0.0,0.0,256.0,256.0,0.0,0.0,0.0,512.0,262144.0,0.0556159988045692,0.05603932651913281
128.0,0.0,2.0,0.0,0.0,128.0,128.0,0.0,0.0,0.0,256.0,65536.0,0.0559680014848709,0.05605195508153082
256.0,0.0,2.0,0.0,0.0,256.0,256.0,0.0,0.0,0.0,512.0,262144.0,0.0575039982795715,0.05603932651913281
4096.0,0.0,2.0,0.0,0.0,4096.0,4096.0,0.0,0.0,0.0,8192.0,67108864.0,0.1877119988203048,0.18684322167228637
4096.0,0.0,2.0,0.0,0.0,4096.0,4096.0,0.0,0.0,0.0,8192.0,67108864.0,0.1863359957933426,0.18684322167228637
512.0,0.0,2.0,0.0,0.0,512.0,512.0,0.0,0.0,0.0,1024.0,1048576.0,0.0577600002288818,0.056156613214682835
128.0,0.0,2.0,0.0,0.0,128.0,128.0,0.0,0.0,0.0,256.0,65536.0,0.0565119981765747,0.05605195508153082
1024.0,0.0,2.0,0.0,0.0,1024.0,1024.0,0.0,0.0,0.0,2048.0,4194304.0,0.0613760016858577,0.06062113179775182
128.0,0.0,2.0,0.0,0.0,128.0,128.0,0.0,0.0,0.0,256.0,65536.0,0.0559680014848709,0.05605195508153082
256.0,0.0,2.0,0.0,0.0,256.0,256.0,0.0,0.0,0.0,512.0,262144.0,0.0563200004398822,0.05603932651913281
256.0,0.0,2.0,0.0,0.0,256.0,256.0,0.0,0.0,0.0,512.0,262144.0,0.0578880012035369,0.05603932651913281
4096.0,0.0,2.0,0.0,0.0,4096.0,4096.0,0.0,0.0,0.0,8192.0,67108864.0,0.1868800073862075,0.18684322167228637
4096.0,0.0,2.0,0.0,0.0,4096.0,4096.0,0.0,0.0,0.0,8192.0,67108864.0,0.1869120001792907,0.18684322167228637
512.0,0.0,2.0,0.0,0.0,512.0,512.0,0.0,0.0,0.0,1024.0,1048576.0,0.0573440007865428,0.056156613214682835
1024.0,0.0,2.0,0.0,0.0,1024.0,1024.0,0.0,0.0,0.0,2048.0,4194304.0,0.0613120011985302,0.06062113179775182
128.0,0.0,2.0,0.0,0.0,128.0,128.0,0.0,0.0,0.0,256.0,65536.0,0.0567039996385574,0.05605195508153082
128.0,0.0,2.0,0.0,0.0,128.0,128.0,0.0,0.0,0.0,256.0,65536.0,0.0569600015878677,0.05605195508153082
512.0,0.0,2.0,0.0,0.0,512.0,512.0,0.0,0.0,0.0,1024.0,1048576.0,0.0555200017988681,0.056156613214682835
256.0,0.0,2.0,0.0,0.0,256.0,256.0,0.0,0.0,0.0,512.0,262144.0,0.0563200004398822,0.05603932651913281
4096.0,0.0,2.0,0.0,0.0,4096.0,4096.0,0.0,0.0,0.0,8192.0,67108864.0,0.1855040043592453,0.18684322167228637
4096.0,0.0,2.0,0.0,0.0,4096.0,4096.0,0.0,0.0,0.0,8192.0,67108864.0,0.1875199973583221,0.18684322167228637
512.0,0.0,2.0,0.0,0.0,512.0,512.0,0.0,0.0,0.0,1024.0,1048576.0,0.0568320006132125,0.056156613214682835
1024.0,0.0,2.0,0.0,0.0,1024.0,1024.0,0.0,0.0,0.0,2048.0,4194304.0,0.0607360005378723,0.06062113179775182
128.0,0.0,2.0,0.0,0.0,128.0,128.0,0.0,0.0,0.0,256.0,65536.0,0.0571199990808963,0.05605195508153082
512.0,0.0,2.0,0.0,0.0,512.0,512.0,0.0,0.0,0.0,1024.0,1048576.0,0.0544960014522075,0.056156613214682835
256.0,0.0,2.0,0.0,0.0,256.0,256.0,0.0,0.0,0.0,512.0,262144.0,0.061184000223875,0.05603932651913281
128.0,0.0,2.0,0.0,0.0,128.0,128.0,0.0,0.0,0.0,256.0,65536.0,0.0179839991033077,0.05605195508153082
4096.0,0.0,2.0,0.0,0.0,4096.0,4096.0,0.0,0.0,0.0,8192.0,67108864.0,0.1871040016412735,0.18684322167228637
512.0,0.0,2.0,0.0,0.0,512.0,512.0,0.0,0.0,0.0,1024.0,1048576.0,0.0568640008568763,0.056156613214682835
4096.0,0.0,2.0,0.0,0.0,4096.0,4096.0,0.0,0.0,0.0,8192.0,67108864.0,0.1858240067958831,0.18684322167228637
1024.0,0.0,2.0,0.0,0.0,1024.0,1024.0,0.0,0.0,0.0,2048.0,4194304.0,0.0644799992442131,0.06062113179775182
128.0,0.0,2.0,0.0,0.0,128.0,128.0,0.0,0.0,0.0,256.0,65536.0,0.0571839995682239,0.05605195508153082
512.0,0.0,2.0,0.0,0.0,512.0,512.0,0.0,0.0,0.0,1024.0,1048576.0,0.0551359988749027,0.056156613214682835
256.0,0.0,2.0,0.0,0.0,256.0,256.0,0.0,0.0,0.0,512.0,262144.0,0.0582079999148845,0.05603932651913281
256.0,0.0,2.0,0.0,0.0,256.0,256.0,0.0,0.0,0.0,512.0,262144.0,0.0589440017938613,0.05603932651913281
4096.0,0.0,2.0,0.0,0.0,4096.0,4096.0,0.0,0.0,0.0,8192.0,67108864.0,0.18886399269104,0.18684322167228637
512.0,0.0,2.0,0.0,0.0,512.0,512.0,0.0,0.0,0.0,1024.0,1048576.0,0.0571519993245601,0.056156613214682835
128.0,0.0,2.0,0.0,0.0,128.0,128.0,0.0,0.0,0.0,256.0,65536.0,0.0573760010302066,0.05605195508153082
1024.0,0.0,2.0,0.0,0.0,1024.0,1024.0,0.0,0.0,0.0,2048.0,4194304.0,0.0617280006408691,0.06062113179775182
512.0,0.0,2.0,0.0,0.0,512.0,512.0,0.0,0.0,0.0,1024.0,1048576.0,0.0560639984905719,0.056156613214682835
256.0,0.0,2.0,0.0,0.0,256.0,256.0,0.0,0.0,0.0,512.0,262144.0,0.057727999985218,0.05603932651913281
256.0,0.0,2.0,0.0,0.0,256.0,256.0,0.0,0.0,0.0,512.0,262144.0,0.057983998209238,0.05603932651913281
4096.0,0.0,2.0,0.0,0.0,4096.0,4096.0,0.0,0.0,0.0,8192.0,67108864.0,0.1885119974613189,0.18684322167228637
512.0,0.0,2.0,0.0,0.0,512.0,512.0,0.0,0.0,0.0,1024.0,1048576.0,0.0574080012738704,0.056156613214682835
128.0,0.0,2.0,0.0,0.0,128.0,128.0,0.0,0.0,0.0,256.0,65536.0,0.0561599992215633,0.05605195508153082
512.0,0.0,2.0,0.0,0.0,512.0,512.0,0.0,0.0,0.0,1024.0,1048576.0,0.0552639998495578,0.056156613214682835
4096.0,0.0,2.0,0.0,0.0,4096.0,4096.0,0.0,0.0,0.0,8192.0,67108864.0,0.1839679926633834,0.18684322167228637
256.0,0.0,2.0,0.0,0.0,256.0,256.0,0.0,0.0,0.0,512.0,262144.0,0.0559680014848709,0.05603932651913281
256.0,0.0,2.0,0.0,0.0,256.0,256.0,0.0,0.0,0.0,512.0,262144.0,0.0573120005428791,0.05603932651913281
16384.0,0.0,2.0,0.0,0.0,16384.0,16384.0,0.0,0.0,0.0,32768.0,1073741824.0,1.874016046524048,1.8933372817099712
4096.0,0.0,2.0,0.0,0.0,4096.0,4096.0,0.0,0.0,0.0,8192.0,67108864.0,0.1881600022315979,0.18684322167228637
512.0,0.0,2.0,0.0,0.0,512.0,512.0,0.0,0.0,0.0,1024.0,1048576.0,0.0576319992542266,0.056156613214682835
128.0,0.0,2.0,0.0,0.0,128.0,128.0,0.0,0.0,0.0,256.0,65536.0,0.0571199990808963,0.05605195508153082
512.0,0.0,2.0,0.0,0.0,512.0,512.0,0.0,0.0,0.0,1024.0,1048576.0,0.0557439997792243,0.056156613214682835
4096.0,0.0,2.0,0.0,0.0,4096.0,4096.0,0.0,0.0,0.0,8192.0,67108864.0,0.1858559995889663,0.18684322167228637
256.0,0.0,2.0,0.0,0.0,256.0,256.0,0.0,0.0,0.0,512.0,262144.0,0.0572159998118877,0.05603932651913281
256.0,0.0,2.0,0.0,0.0,256.0,256.0,0.0,0.0,0.0,512.0,262144.0,0.056607998907566,0.05603932651913281
4096.0,0.0,2.0,0.0,0.0,4096.0,4096.0,0.0,0.0,0.0,8192.0,67108864.0,0.18783999979496,0.18684322167228637
512.0,0.0,2.0,0.0,0.0,512.0,512.0,0.0,0.0,0.0,1024.0,1048576.0,0.0572159998118877,0.056156613214682835
128.0,0.0,2.0,0.0,0.0,128.0,128.0,0.0,0.0,0.0,256.0,65536.0,0.0555519983172416,0.05605195508153082
512.0,0.0,2.0,0.0,0.0,512.0,512.0,0.0,0.0,0.0,1024.0,1048576.0,0.0558080002665519,0.056156613214682835
4096.0,0.0,2.0,0.0,0.0,4096.0,4096.0,0.0,0.0,0.0,8192.0,67108864.0,0.1846079975366592,0.18684322167228637
256.0,0.0,2.0,0.0,0.0,256.0,256.0,0.0,0.0,0.0,512.0,262144.0,0.0576639994978904,0.05603932651913281
4096.0,0.0,2.0,0.0,0.0,4096.0,4096.0,0.0,0.0,0.0,8192.0,67108864.0,0.1871359944343567,0.18684322167228637
256.0,0.0,2.0,0.0,0.0,256.0,256.0,0.0,0.0,0.0,512.0,262144.0,0.0192319992929697,0.05603932651913281
512.0,0.0,2.0,0.0,0.0,512.0,512.0,0.0,0.0,0.0,1024.0,1048576.0,0.0564160011708736,0.056156613214682835
128.0,0.0,2.0,0.0,0.0,128.0,128.0,0.0,0.0,0.0,256.0,65536.0,0.0513279996812343,0.05605195508153082
512.0,0.0,2.0,0.0,0.0,512.0,512.0,0.0,0.0,0.0,1024.0,1048576.0,0.0566399991512298,0.056156613214682835
4096.0,0.0,2.0,0.0,0.0,4096.0,4096.0,0.0,0.0,0.0,8192.0,67108864.0,0.1840000003576278,0.18684322167228637
16384.0,0.0,2.0,0.0,0.0,16384.0,16384.0,0.0,0.0,0.0,32768.0,1073741824.0,1.8799999952316284,1.8933372817099712
256.0,0.0,2.0,0.0,0.0,256.0,256.0,0.0,0.0,0.0,512.0,262144.0,0.058432001620531,0.05603932651913281
512.0,0.0,2.0,0.0,0.0,512.0,512.0,0.0,0.0,0.0,1024.0,1048576.0,0.0576319992542266,0.056156613214682835
4096.0,0.0,2.0,0.0,0.0,4096.0,4096.0,0.0,0.0,0.0,8192.0,67108864.0,0.1875199973583221,0.18684322167228637
512.0,0.0,2.0,0.0,0.0,512.0,512.0,0.0,0.0,0.0,1024.0,1048576.0,0.0573440007865428,0.056156613214682835
128.0,0.0,2.0,0.0,0.0,128.0,128.0,0.0,0.0,0.0,256.0,65536.0,0.0581119991838932,0.05605195508153082
512.0,0.0,2.0,0.0,0.0,512.0,512.0,0.0,0.0,0.0,1024.0,1048576.0,0.054976001381874,0.056156613214682835
4096.0,0.0,2.0,0.0,0.0,4096.0,4096.0,0.0,0.0,0.0,8192.0,67108864.0,0.1861760020256042,0.18684322167228637
256.0,0.0,2.0,0.0,0.0,256.0,256.0,0.0,0.0,0.0,512.0,262144.0,0.0565119981765747,0.05603932651913281
512.0,0.0,2.0,0.0,0.0,512.0,512.0,0.0,0.0,0.0,1024.0,1048576.0,0.0580799989402294,0.056156613214682835
1024.0,0.0,2.0,0.0,0.0,1024.0,1024.0,0.0,0.0,0.0,2048.0,4194304.0,0.062144000083208,0.06062113179775182
4096.0,0.0,2.0,0.0,0.0,4096.0,4096.0,0.0,0.0,0.0,8192.0,67108864.0,0.18681600689888,0.18684322167228637
128.0,0.0,2.0,0.0,0.0,128.0,128.0,0.0,0.0,0.0,256.0,65536.0,0.0580479986965656,0.05605195508153082
512.0,0.0,2.0,0.0,0.0,512.0,512.0,0.0,0.0,0.0,1024.0,1048576.0,0.0568640008568763,0.056156613214682835
4096.0,0.0,2.0,0.0,0.0,4096.0,4096.0,0.0,0.0,0.0,8192.0,67108864.0,0.1871359944343567,0.18684322167228637
256.0,0.0,2.0,0.0,0.0,256.0,256.0,0.0,0.0,0.0,512.0,262144.0,0.0576319992542266,0.05603932651913281
512.0,0.0,2.0,0.0,0.0,512.0,512.0,0.0,0.0,0.0,1024.0,1048576.0,0.0583040006458759,0.056156613214682835
1024.0,0.0,2.0,0.0,0.0,1024.0,1024.0,0.0,0.0,0.0,2048.0,4194304.0,0.0616640001535415,0.06062113179775182
256.0,0.0,2.0,0.0,0.0,256.0,256.0,0.0,0.0,0.0,512.0,262144.0,0.0564800016582012,0.05603932651913281
16384.0,0.0,2.0,0.0,0.0,16384.0,16384.0,0.0,0.0,0.0,32768.0,1073741824.0,1.964352011680603,1.8933372817099712
512.0,0.0,2.0,0.0,0.0,512.0,512.0,0.0,0.0,0.0,1024.0,1048576.0,0.0559040009975433,0.056156613214682835
4096.0,0.0,2.0,0.0,0.0,4096.0,4096.0,0.0,0.0,0.0,8192.0,67108864.0,0.187168002128601,0.18684322167228637
256.0,0.0,2.0,0.0,0.0,256.0,256.0,0.0,0.0,0.0,512.0,262144.0,0.057472001761198,0.05603932651913281
512.0,0.0,2.0,0.0,0.0,512.0,512.0,0.0,0.0,0.0,1024.0,1048576.0,0.0581439994275569,0.056156613214682835
1024.0,0.0,2.0,0.0,0.0,1024.0,1024.0,0.0,0.0,0.0,2048.0,4194304.0,0.0618560016155242,0.06062113179775182
256.0,0.0,2.0,0.0,0.0,256.0,256.0,0.0,0.0,0.0,512.0,262144.0,0.0569600015878677,0.05603932651913281
1024.0,0.0,2.0,0.0,0.0,1024.0,1024.0,0.0,0.0,0.0,2048.0,4194304.0,0.0604479983448982,0.06062113179775182
4096.0,0.0,2.0,0.0,0.0,4096.0,4096.0,0.0,0.0,0.0,8192.0,67108864.0,0.1857600063085556,0.18684322167228637
512.0,0.0,2.0,0.0,0.0,512.0,512.0,0.0,0.0,0.0,1024.0,1048576.0,0.0587520003318786,0.056156613214682835
16384.0,0.0,2.0,0.0,0.0,16384.0,16384.0,0.0,0.0,0.0,32768.0,1073741824.0,1.893919944763184,1.8933372817099712
1024.0,0.0,2.0,0.0,0.0,1024.0,1024.0,0.0,0.0,0.0,2048.0,4194304.0,0.0626560002565383,0.06062113179775182
256.0,0.0,2.0,0.0,0.0,256.0,256.0,0.0,0.0,0.0,512.0,262144.0,0.030112000182271,0.05603932651913281
256.0,0.0,2.0,0.0,0.0,256.0,256.0,0.0,0.0,0.0,512.0,262144.0,0.0569600015878677,0.05603932651913281
1024.0,0.0,2.0,0.0,0.0,1024.0,1024.0,0.0,0.0,0.0,2048.0,4194304.0,0.0613120011985302,0.06062113179775182
4096.0,0.0,2.0,0.0,0.0,4096.0,4096.0,0.0,0.0,0.0,8192.0,67108864.0,0.1852799952030182,0.18684322167228637
512.0,0.0,2.0,0.0,0.0,512.0,512.0,0.0,0.0,0.0,1024.0,1048576.0,0.0591359995305538,0.056156613214682835
1024.0,0.0,2.0,0.0,0.0,1024.0,1024.0,0.0,0.0,0.0,2048.0,4194304.0,0.0599679984152317,0.06062113179775182
16384.0,0.0,2.0,0.0,0.0,16384.0,16384.0,0.0,0.0,0.0,32768.0,1073741824.0,1.9644479751586916,1.8933372817099712
256.0,0.0,2.0,0.0,0.0,256.0,256.0,0.0,0.0,0.0,512.0,262144.0,0.0566719993948936,0.05603932651913281
256.0,0.0,2.0,0.0,0.0,256.0,256.0,0.0,0.0,0.0,512.0,262144.0,0.0575039982795715,0.05603932651913281
1024.0,0.0,2.0,0.0,0.0,1024.0,1024.0,0.0,0.0,0.0,2048.0,4194304.0,0.0610559992492198,0.06062113179775182
512.0,0.0,2.0,0.0,0.0,512.0,512.0,0.0,0.0,0.0,1024.0,1048576.0,0.0590719990432262,0.056156613214682835
4096.0,0.0,2.0,0.0,0.0,4096.0,4096.0,0.0,0.0,0.0,8192.0,67108864.0,0.1851840019226074,0.18684322167228637
1024.0,0.0,2.0,0.0,0.0,1024.0,1024.0,0.0,0.0,0.0,2048.0,4194304.0,0.0601599998772144,0.06062113179775182
256.0,0.0,2.0,0.0,0.0,256.0,256.0,0.0,0.0,0.0,512.0,262144.0,0.0576639994978904,0.05603932651913281
512.0,0.0,2.0,0.0,0.0,512.0,512.0,0.0,0.0,0.0,1024.0,1048576.0,0.0568320006132125,0.056156613214682835
1024.0,0.0,2.0,0.0,0.0,1024.0,1024.0,0.0,0.0,0.0,2048.0,4194304.0,0.0616640001535415,0.06062113179775182
512.0,0.0,2.0,0.0,0.0,512.0,512.0,0.0,0.0,0.0,1024.0,1048576.0,0.0575039982795715,0.056156613214682835
16384.0,0.0,2.0,0.0,0.0,16384.0,16384.0,0.0,0.0,0.0,32768.0,1073741824.0,1.8925119638442995,1.8933372817099712
1024.0,0.0,2.0,0.0,0.0,1024.0,1024.0,0.0,0.0,0.0,2048.0,4194304.0,0.0601279996335506,0.06062113179775182
4096.0,0.0,2.0,0.0,0.0,4096.0,4096.0,0.0,0.0,0.0,8192.0,67108864.0,0.1848639994859695,0.18684322167228637
256.0,0.0,2.0,0.0,0.0,256.0,256.0,0.0,0.0,0.0,512.0,262144.0,0.057023998349905,0.05603932651913281
512.0,0.0,2.0,0.0,0.0,512.0,512.0,0.0,0.0,0.0,1024.0,1048576.0,0.0565119981765747,0.056156613214682835
1024.0,0.0,2.0,0.0,0.0,1024.0,1024.0,0.0,0.0,0.0,2048.0,4194304.0,0.0628480017185211,0.06062113179775182
512.0,0.0,2.0,0.0,0.0,512.0,512.0,0.0,0.0,0.0,1024.0,1048576.0,0.0571839995682239,0.056156613214682835
1024.0,0.0,2.0,0.0,0.0,1024.0,1024.0,0.0,0.0,0.0,2048.0,4194304.0,0.061439998447895,0.06062113179775182
16384.0,0.0,2.0,0.0,0.0,16384.0,16384.0,0.0,0.0,0.0,32768.0,1073741824.0,1.90230405330658,1.8933372817099712
256.0,0.0,2.0,0.0,0.0,256.0,256.0,0.0,0.0,0.0,512.0,262144.0,0.0579200014472007,0.05603932651913281
512.0,0.0,2.0,0.0,0.0,512.0,512.0,0.0,0.0,0.0,1024.0,1048576.0,0.057472001761198,0.056156613214682835
1024.0,0.0,2.0,0.0,0.0,1024.0,1024.0,0.0,0.0,0.0,2048.0,4194304.0,0.0602560006082057,0.06062113179775182
1024.0,0.0,2.0,0.0,0.0,1024.0,1024.0,0.0,0.0,0.0,2048.0,4194304.0,0.0613120011985302,0.06062113179775182
512.0,0.0,2.0,0.0,0.0,512.0,512.0,0.0,0.0,0.0,1024.0,1048576.0,0.0289600007236003,0.056156613214682835
512.0,0.0,2.0,0.0,0.0,512.0,512.0,0.0,0.0,0.0,1024.0,1048576.0,0.0571839995682239,0.056156613214682835
256.0,0.0,2.0,0.0,0.0,256.0,256.0,0.0,0.0,0.0,512.0,262144.0,0.0571199990808963,0.05603932651913281
1024.0,0.0,2.0,0.0,0.0,1024.0,1024.0,0.0,0.0,0.0,2048.0,4194304.0,0.0608000010251998,0.06062113179775182
16384.0,0.0,2.0,0.0,0.0,16384.0,16384.0,0.0,0.0,0.0,32768.0,1073741824.0,1.895359992980957,1.8933372817099712
1024.0,0.0,2.0,0.0,0.0,1024.0,1024.0,0.0,0.0,0.0,2048.0,4194304.0,0.0615359991788864,0.06062113179775182
16384.0,0.0,2.0,0.0,0.0,16384.0,16384.0,0.0,0.0,0.0,32768.0,1073741824.0,1.891968011856079,1.8933372817099712
512.0,0.0,2.0,0.0,0.0,512.0,512.0,0.0,0.0,0.0,1024.0,1048576.0,0.056607998907566,0.056156613214682835
512.0,0.0,2.0,0.0,0.0,512.0,512.0,0.0,0.0,0.0,1024.0,1048576.0,0.0578240007162094,0.056156613214682835
256.0,0.0,2.0,0.0,0.0,256.0,256.0,0.0,0.0,0.0,512.0,262144.0,0.0569920018315315,0.05603932651913281
1024.0,0.0,2.0,0.0,0.0,1024.0,1024.0,0.0,0.0,0.0,2048.0,4194304.0,0.0611519999802112,0.06062113179775182
16384.0,0.0,2.0,0.0,0.0,16384.0,16384.0,0.0,0.0,0.0,32768.0,1073741824.0,1.9087040424346924,1.8933372817099712
1024.0,0.0,2.0,0.0,0.0,1024.0,1024.0,0.0,0.0,0.0,2048.0,4194304.0,0.0623360015451908,0.06062113179775182
512.0,0.0,2.0,0.0,0.0,512.0,512.0,0.0,0.0,0.0,1024.0,1048576.0,0.0569280013442039,0.056156613214682835
1024.0,0.0,2.0,0.0,0.0,1024.0,1024.0,0.0,0.0,0.0,2048.0,4194304.0,0.0612160004675388,0.06062113179775182
256.0,0.0,2.0,0.0,0.0,256.0,256.0,0.0,0.0,0.0,512.0,262144.0,0.0560319982469081,0.05603932651913281
1024.0,0.0,2.0,0.0,0.0,1024.0,1024.0,0.0,0.0,0.0,2048.0,4194304.0,0.0605119988322258,0.06062113179775182
4096.0,0.0,2.0,0.0,0.0,4096.0,4096.0,0.0,0.0,0.0,8192.0,67108864.0,0.1869760006666183,0.18684322167228637
512.0,0.0,2.0,0.0,0.0,512.0,512.0,0.0,0.0,0.0,1024.0,1048576.0,0.0573760010302066,0.056156613214682835
1024.0,0.0,2.0,0.0,0.0,1024.0,1024.0,0.0,0.0,0.0,2048.0,4194304.0,0.0612480007112026,0.06062113179775182
256.0,0.0,2.0,0.0,0.0,256.0,256.0,0.0,0.0,0.0,512.0,262144.0,0.0557119995355606,0.05603932651913281
16384.0,0.0,2.0,0.0,0.0,16384.0,16384.0,0.0,0.0,0.0,32768.0,1073741824.0,1.897439956665039,1.8933372817099712
1024.0,0.0,2.0,0.0,0.0,1024.0,1024.0,0.0,0.0,0.0,2048.0,4194304.0,0.0619519986212253,0.06062113179775182
16384.0,0.0,2.0,0.0,0.0,16384.0,16384.0,0.0,0.0,0.0,32768.0,1073741824.0,1.886080026626587,1.8933372817099712
4096.0,0.0,2.0,0.0,0.0,4096.0,4096.0,0.0,0.0,0.0,8192.0,67108864.0,0.1870079934597015,0.18684322167228637
512.0,0.0,2.0,0.0,0.0,512.0,512.0,0.0,0.0,0.0,1024.0,1048576.0,0.0579520016908645,0.056156613214682835
1024.0,0.0,2.0,0.0,0.0,1024.0,1024.0,0.0,0.0,0.0,2048.0,4194304.0,0.0610879994928836,0.06062113179775182
512.0,0.0,2.0,0.0,0.0,512.0,512.0,0.0,0.0,0.0,1024.0,1048576.0,0.0569920018315315,0.056156613214682835
1024.0,0.0,2.0,0.0,0.0,1024.0,1024.0,0.0,0.0,0.0,2048.0,4194304.0,0.0600959993898868,0.06062113179775182
16384.0,0.0,2.0,0.0,0.0,16384.0,16384.0,0.0,0.0,0.0,32768.0,1073741824.0,1.8867199420928955,1.8933372817099712
4096.0,0.0,2.0,0.0,0.0,4096.0,4096.0,0.0,0.0,0.0,8192.0,67108864.0,0.1881919950246811,0.18684322167228637
1024.0,0.0,2.0,0.0,0.0,1024.0,1024.0,0.0,0.0,0.0,2048.0,4194304.0,0.0633919984102249,0.06062113179775182
512.0,0.0,2.0,0.0,0.0,512.0,512.0,0.0,0.0,0.0,1024.0,1048576.0,0.0586559996008873,0.056156613214682835
512.0,0.0,2.0,0.0,0.0,512.0,512.0,0.0,0.0,0.0,1024.0,1048576.0,0.0516799986362457,0.056156613214682835
4096.0,0.0,2.0,0.0,0.0,4096.0,4096.0,0.0,0.0,0.0,8192.0,67108864.0,0.1869760006666183,0.18684322167228637
1024.0,0.0,2.0,0.0,0.0,1024.0,1024.0,0.0,0.0,0.0,2048.0,4194304.0,0.0609919987618923,0.06062113179775182
1024.0,0.0,2.0,0.0,0.0,1024.0,1024.0,0.0,0.0,0.0,2048.0,4194304.0,0.0336639992892742,0.06062113179775182
512.0,0.0,2.0,0.0,0.0,512.0,512.0,0.0,0.0,0.0,1024.0,1048576.0,0.0580159984529018,0.056156613214682835
16384.0,0.0,2.0,0.0,0.0,16384.0,16384.0,0.0,0.0,0.0,32768.0,1073741824.0,1.8998719453811648,1.8933372817099712
512.0,0.0,2.0,0.0,0.0,512.0,512.0,0.0,0.0,0.0,1024.0,1048576.0,0.0558080002665519,0.056156613214682835
16384.0,0.0,2.0,0.0,0.0,16384.0,16384.0,0.0,0.0,0.0,32768.0,1073741824.0,1.890112042427063,1.8933372817099712
4096.0,0.0,2.0,0.0,0.0,4096.0,4096.0,0.0,0.0,0.0,8192.0,67108864.0,0.187168002128601,0.18684322167228637
1024.0,0.0,2.0,0.0,0.0,1024.0,1024.0,0.0,0.0,0.0,2048.0,4194304.0,0.0612160004675388,0.06062113179775182
4096.0,0.0,2.0,0.0,0.0,4096.0,4096.0,0.0,0.0,0.0,8192.0,67108864.0,0.1856639981269836,0.18684322167228637
512.0,0.0,2.0,0.0,0.0,512.0,512.0,0.0,0.0,0.0,1024.0,1048576.0,0.0567039996385574,0.056156613214682835
16384.0,0.0,2.0,0.0,0.0,16384.0,16384.0,0.0,0.0,0.0,32768.0,1073741824.0,1.8848960399627688,1.8933372817099712
512.0,0.0,2.0,0.0,0.0,512.0,512.0,0.0,0.0,0.0,1024.0,1048576.0,0.0569600015878677,0.056156613214682835
4096.0,0.0,2.0,0.0,0.0,4096.0,4096.0,0.0,0.0,0.0,8192.0,67108864.0,0.1874880045652389,0.18684322167228637
1024.0,0.0,2.0,0.0,0.0,1024.0,1024.0,0.0,0.0,0.0,2048.0,4194304.0,0.0608640015125274,0.06062113179775182
4096.0,0.0,2.0,0.0,0.0,4096.0,4096.0,0.0,0.0,0.0,8192.0,67108864.0,0.1867520064115524,0.18684322167228637
512.0,0.0,2.0,0.0,0.0,512.0,512.0,0.0,0.0,0.0,1024.0,1048576.0,0.058432001620531,0.056156613214682835
1024.0,0.0,2.0,0.0,0.0,1024.0,1024.0,0.0,0.0,0.0,2048.0,4194304.0,0.0611199997365474,0.06062113179775182
4096.0,0.0,2.0,0.0,0.0,4096.0,4096.0,0.0,0.0,0.0,8192.0,67108864.0,0.1858240067958831,0.18684322167228637
1024.0,0.0,2.0,0.0,0.0,1024.0,1024.0,0.0,0.0,0.0,2048.0,4194304.0,0.0609599985182285,0.06062113179775182
4096.0,0.0,2.0,0.0,0.0,4096.0,4096.0,0.0,0.0,0.0,8192.0,67108864.0,0.1861439943313598,0.18684322167228637
512.0,0.0,2.0,0.0,0.0,512.0,512.0,0.0,0.0,0.0,1024.0,1048576.0,0.0577920004725456,0.056156613214682835
16384.0,0.0,2.0,0.0,0.0,16384.0,16384.0,0.0,0.0,0.0,32768.0,1073741824.0,1.9008320569992063,1.8933372817099712
1024.0,0.0,2.0,0.0,0.0,1024.0,1024.0,0.0,0.0,0.0,2048.0,4194304.0,0.0613440014421939,0.06062113179775182
16384.0,0.0,2.0,0.0,0.0,16384.0,16384.0,0.0,0.0,0.0,32768.0,1073741824.0,1.8902080059051516,1.8933372817099712
4096.0,0.0,2.0,0.0,0.0,4096.0,4096.0,0.0,0.0,0.0,8192.0,67108864.0,0.1870400011539459,0.18684322167228637
4096.0,0.0,2.0,0.0,0.0,4096.0,4096.0,0.0,0.0,0.0,8192.0,67108864.0,0.1844799965620041,0.18684322167228637
1024.0,0.0,2.0,0.0,0.0,1024.0,1024.0,0.0,0.0,0.0,2048.0,4194304.0,0.0542399995028972,0.06062113179775182
512.0,0.0,2.0,0.0,0.0,512.0,512.0,0.0,0.0,0.0,1024.0,1048576.0,0.0562880001962184,0.056156613214682835
16384.0,0.0,2.0,0.0,0.0,16384.0,16384.0,0.0,0.0,0.0,32768.0,1073741824.0,1.9575040340423584,1.8933372817099712
1024.0,0.0,2.0,0.0,0.0,1024.0,1024.0,0.0,0.0,0.0,2048.0,4194304.0,0.0611519999802112,0.06062113179775182
4096.0,0.0,2.0,0.0,0.0,4096.0,4096.0,0.0,0.0,0.0,8192.0,67108864.0,0.1869120001792907,0.18684322167228637
4096.0,0.0,2.0,0.0,0.0,4096.0,4096.0,0.0,0.0,0.0,8192.0,67108864.0,0.1881279945373535,0.18684322167228637
1024.0,0.0,2.0,0.0,0.0,1024.0,1024.0,0.0,0.0,0.0,2048.0,4194304.0,0.0619839988648891,0.06062113179775182
512.0,0.0,2.0,0.0,0.0,512.0,512.0,0.0,0.0,0.0,1024.0,1048576.0,0.0575999990105629,0.056156613214682835
1024.0,0.0,2.0,0.0,0.0,1024.0,1024.0,0.0,0.0,0.0,2048.0,4194304.0,0.0632319971919059,0.06062113179775182
4096.0,0.0,2.0,0.0,0.0,4096.0,4096.0,0.0,0.0,0.0,8192.0,67108864.0,0.1879680007696151,0.18684322167228637
4096.0,0.0,2.0,0.0,0.0,4096.0,4096.0,0.0,0.0,0.0,8192.0,67108864.0,0.1862400025129318,0.18684322167228637
16384.0,0.0,2.0,0.0,0.0,16384.0,16384.0,0.0,0.0,0.0,32768.0,1073741824.0,1.9037760496139529,1.8933372817099712
1024.0,0.0,2.0,0.0,0.0,1024.0,1024.0,0.0,0.0,0.0,2048.0,4194304.0,0.0620479993522167,0.06062113179775182
512.0,0.0,2.0,0.0,0.0,512.0,512.0,0.0,0.0,0.0,1024.0,1048576.0,0.0572480000555515,0.056156613214682835
16384.0,0.0,2.0,0.0,0.0,16384.0,16384.0,0.0,0.0,0.0,32768.0,1073741824.0,1.889888048171997,1.8933372817099712
1024.0,0.0,2.0,0.0,0.0,1024.0,1024.0,0.0,0.0,0.0,2048.0,4194304.0,0.0603200010955333,0.06062113179775182
4096.0,0.0,2.0,0.0,0.0,4096.0,4096.0,0.0,0.0,0.0,8192.0,67108864.0,0.1873600035905838,0.18684322167228637
4096.0,0.0,2.0,0.0,0.0,4096.0,4096.0,0.0,0.0,0.0,8192.0,67108864.0,0.1866240054368972,0.18684322167228637
16384.0,0.0,2.0,0.0,0.0,16384.0,16384.0,0.0,0.0,0.0,32768.0,1073741824.0,1.89193594455719,1.8933372817099712
4096.0,0.0,2.0,0.0,0.0,4096.0,4096.0,0.0,0.0,0.0,8192.0,67108864.0,0.1856639981269836,0.18684322167228637
512.0,0.0,2.0,0.0,0.0,512.0,512.0,0.0,0.0,0.0,1024.0,1048576.0,0.0581439994275569,0.056156613214682835
1024.0,0.0,2.0,0.0,0.0,1024.0,1024.0,0.0,0.0,0.0,2048.0,4194304.0,0.0605119988322258,0.06062113179775182
4096.0,0.0,2.0,0.0,0.0,4096.0,4096.0,0.0,0.0,0.0,8192.0,67108864.0,0.1880320012569427,0.18684322167228637
4096.0,0.0,2.0,0.0,0.0,4096.0,4096.0,0.0,0.0,0.0,8192.0,67108864.0,0.1855680048465728,0.18684322167228637
512.0,0.0,2.0,0.0,0.0,512.0,512.0,0.0,0.0,0.0,1024.0,1048576.0,0.0581439994275569,0.056156613214682835
1024.0,0.0,2.0,0.0,0.0,1024.0,1024.0,0.0,0.0,0.0,2048.0,4194304.0,0.060224000364542,0.06062113179775182
16384.0,0.0,2.0,0.0,0.0,16384.0,16384.0,0.0,0.0,0.0,32768.0,1073741824.0,1.8998719453811648,1.8933372817099712
4096.0,0.0,2.0,0.0,0.0,4096.0,4096.0,0.0,0.0,0.0,8192.0,67108864.0,0.1870079934597015,0.18684322167228637
4096.0,0.0,2.0,0.0,0.0,4096.0,4096.0,0.0,0.0,0.0,8192.0,67108864.0,0.1875520050525665,0.18684322167228637
16384.0,0.0,2.0,0.0,0.0,16384.0,16384.0,0.0,0.0,0.0,32768.0,1073741824.0,1.8885120153427124,1.8933372817099712
16384.0,0.0,2.0,0.0,0.0,16384.0,16384.0,0.0,0.0,0.0,32768.0,1073741824.0,1.8769279718399048,1.8933372817099712
1024.0,0.0,2.0,0.0,0.0,1024.0,1024.0,0.0,0.0,0.0,2048.0,4194304.0,0.0609599985182285,0.06062113179775182
512.0,0.0,2.0,0.0,0.0,512.0,512.0,0.0,0.0,0.0,1024.0,1048576.0,0.02415999956429,0.056156613214682835
16384.0,0.0,2.0,0.0,0.0,16384.0,16384.0,0.0,0.0,0.0,32768.0,1073741824.0,1.8843200206756592,1.8933372817099712
4096.0,0.0,2.0,0.0,0.0,4096.0,4096.0,0.0,0.0,0.0,8192.0,67108864.0,0.1861760020256042,0.18684322167228637
4096.0,0.0,2.0,0.0,0.0,4096.0,4096.0,0.0,0.0,0.0,8192.0,67108864.0,0.18681600689888,0.18684322167228637
1024.0,0.0,2.0,0.0,0.0,1024.0,1024.0,0.0,0.0,0.0,2048.0,4194304.0,0.0614719986915588,0.06062113179775182
1024.0,0.0,2.0,0.0,0.0,1024.0,1024.0,0.0,0.0,0.0,2048.0,4194304.0,0.062304001301527,0.06062113179775182
64.0,0.0,3.0,0.0,0.0,64.0,64.0,0.0,0.0,0.0,192.0,36864.0,0.0566719993948936,0.0549122010136589
4096.0,0.0,2.0,0.0,0.0,4096.0,4096.0,0.0,0.0,0.0,8192.0,67108864.0,0.1881919950246811,0.18684322167228637
4096.0,0.0,2.0,0.0,0.0,4096.0,4096.0,0.0,0.0,0.0,8192.0,67108864.0,0.1866240054368972,0.18684322167228637
1024.0,0.0,2.0,0.0,0.0,1024.0,1024.0,0.0,0.0,0.0,2048.0,4194304.0,0.0612480007112026,0.06062113179775182
1024.0,0.0,2.0,0.0,0.0,1024.0,1024.0,0.0,0.0,0.0,2048.0,4194304.0,0.0609279982745647,0.06062113179775182
16384.0,0.0,2.0,0.0,0.0,16384.0,16384.0,0.0,0.0,0.0,32768.0,1073741824.0,1.905087947845459,1.8933372817099712
64.0,0.0,3.0,0.0,0.0,64.0,64.0,0.0,0.0,0.0,192.0,36864.0,0.0574400015175342,0.0549122010136589
16384.0,0.0,2.0,0.0,0.0,16384.0,16384.0,0.0,0.0,0.0,32768.0,1073741824.0,1.8876479864120483,1.8933372817099712
4096.0,0.0,2.0,0.0,0.0,4096.0,4096.0,0.0,0.0,0.0,8192.0,67108864.0,0.1869760006666183,0.18684322167228637
16384.0,0.0,2.0,0.0,0.0,16384.0,16384.0,0.0,0.0,0.0,32768.0,1073741824.0,1.8783680200576784,1.8933372817099712
1024.0,0.0,2.0,0.0,0.0,1024.0,1024.0,0.0,0.0,0.0,2048.0,4194304.0,0.0612480007112026,0.06062113179775182
1024.0,0.0,2.0,0.0,0.0,1024.0,1024.0,0.0,0.0,0.0,2048.0,4194304.0,0.0622080005705356,0.06062113179775182
64.0,0.0,3.0,0.0,0.0,64.0,64.0,0.0,0.0,0.0,192.0,36864.0,0.0579520016908645,0.0549122010136589
4096.0,0.0,2.0,0.0,0.0,4096.0,4096.0,0.0,0.0,0.0,8192.0,67108864.0,0.1852799952030182,0.18684322167228637
4096.0,0.0,2.0,0.0,0.0,4096.0,4096.0,0.0,0.0,0.0,8192.0,67108864.0,0.1848960071802139,0.18684322167228637
1024.0,0.0,2.0,0.0,0.0,1024.0,1024.0,0.0,0.0,0.0,2048.0,4194304.0,0.0628160014748573,0.06062113179775182
64.0,0.0,3.0,0.0,0.0,64.0,64.0,0.0,0.0,0.0,192.0,36864.0,0.0559040009975433,0.0549122010136589
16384.0,0.0,2.0,0.0,0.0,16384.0,16384.0,0.0,0.0,0.0,32768.0,1073741824.0,1.886271953582764,1.8933372817099712
4096.0,0.0,2.0,0.0,0.0,4096.0,4096.0,0.0,0.0,0.0,8192.0,67108864.0,0.1875839978456497,0.18684322167228637
4096.0,0.0,2.0,0.0,0.0,4096.0,4096.0,0.0,0.0,0.0,8192.0,67108864.0,0.1885440051555633,0.18684322167228637
1024.0,0.0,2.0,0.0,0.0,1024.0,1024.0,0.0,0.0,0.0,2048.0,4194304.0,0.0617280006408691,0.06062113179775182
64.0,0.0,3.0,0.0,0.0,64.0,64.0,0.0,0.0,0.0,192.0,36864.0,0.0560000017285347,0.0549122010136589
16384.0,0.0,2.0,0.0,0.0,16384.0,16384.0,0.0,0.0,0.0,32768.0,1073741824.0,1.8982399702072144,1.8933372817099712
16384.0,0.0,2.0,0.0,0.0,16384.0,16384.0,0.0,0.0,0.0,32768.0,1073741824.0,1.890720009803772,1.8933372817099712
16384.0,0.0,2.0,0.0,0.0,16384.0,16384.0,0.0,0.0,0.0,32768.0,1073741824.0,1.8802239894866943,1.8933372817099712
1024.0,0.0,2.0,0.0,0.0,1024.0,1024.0,0.0,0.0,0.0,2048.0,4194304.0,0.0620479993522167,0.06062113179775182
4096.0,0.0,2.0,0.0,0.0,4096.0,4096.0,0.0,0.0,0.0,8192.0,67108864.0,0.18681600689888,0.18684322167228637
4096.0,0.0,2.0,0.0,0.0,4096.0,4096.0,0.0,0.0,0.0,8192.0,67108864.0,0.1868800073862075,0.18684322167228637
64.0,0.0,3.0,0.0,0.0,64.0,64.0,0.0,0.0,0.0,192.0,36864.0,0.0570879988372325,0.0549122010136589
1024.0,0.0,2.0,0.0,0.0,1024.0,1024.0,0.0,0.0,0.0,2048.0,4194304.0,0.061184000223875,0.06062113179775182
4096.0,0.0,2.0,0.0,0.0,4096.0,4096.0,0.0,0.0,0.0,8192.0,67108864.0,0.1866240054368972,0.18684322167228637
4096.0,0.0,2.0,0.0,0.0,4096.0,4096.0,0.0,0.0,0.0,8192.0,67108864.0,0.1879999935626983,0.18684322167228637
64.0,0.0,3.0,0.0,0.0,64.0,64.0,0.0,0.0,0.0,192.0,36864.0,0.0557760000228881,0.0549122010136589
16384.0,0.0,2.0,0.0,0.0,16384.0,16384.0,0.0,0.0,0.0,32768.0,1073741824.0,1.8925440311431885,1.8933372817099712
1024.0,0.0,2.0,0.0,0.0,1024.0,1024.0,0.0,0.0,0.0,2048.0,4194304.0,0.0599040016531944,0.06062113179775182
4096.0,0.0,2.0,0.0,0.0,4096.0,4096.0,0.0,0.0,0.0,8192.0,67108864.0,0.1864960044622421,0.18684322167228637
4096.0,0.0,2.0,0.0,0.0,4096.0,4096.0,0.0,0.0,0.0,8192.0,67108864.0,0.18681600689888,0.18684322167228637
16384.0,0.0,2.0,0.0,0.0,16384.0,16384.0,0.0,0.0,0.0,32768.0,1073741824.0,1.899935960769653,1.8933372817099712
64.0,0.0,3.0,0.0,0.0,64.0,64.0,0.0,0.0,0.0,192.0,36864.0,0.0551999993622303,0.0549122010136589
16384.0,0.0,2.0,0.0,0.0,16384.0,16384.0,0.0,0.0,0.0,32768.0,1073741824.0,1.879423975944519,1.8933372817099712
16384.0,0.0,2.0,0.0,0.0,16384.0,16384.0,0.0,0.0,0.0,32768.0,1073741824.0,1.8891520500183103,1.8933372817099712
1024.0,0.0,2.0,0.0,0.0,1024.0,1024.0,0.0,0.0,0.0,2048.0,4194304.0,0.0603520013391971,0.06062113179775182
64.0,0.0,3.0,0.0,0.0,64.0,64.0,0.0,0.0,0.0,192.0,36864.0,0.0542079992592334,0.0549122010136589
4096.0,0.0,2.0,0.0,0.0,4096.0,4096.0,0.0,0.0,0.0,8192.0,67108864.0,0.1876800060272216,0.18684322167228637
64.0,0.0,3.0,0.0,0.0,64.0,64.0,0.0,0.0,0.0,192.0,36864.0,0.0554560013115406,0.0549122010136589
64.0,0.0,3.0,0.0,0.0,64.0,64.0,0.0,0.0,0.0,192.0,36864.0,0.0525440014898777,0.0549122010136589
1024.0,0.0,2.0,0.0,0.0,1024.0,1024.0,0.0,0.0,0.0,2048.0,4194304.0,0.0326399989426136,0.06062113179775182
16384.0,0.0,2.0,0.0,0.0,16384.0,16384.0,0.0,0.0,0.0,32768.0,1073741824.0,1.892032027244568,1.8933372817099712
4096.0,0.0,2.0,0.0,0.0,4096.0,4096.0,0.0,0.0,0.0,8192.0,67108864.0,0.1864960044622421,0.18684322167228637
64.0,0.0,3.0,0.0,0.0,64.0,64.0,0.0,0.0,0.0,192.0,36864.0,0.0557119995355606,0.0549122010136589
16384.0,0.0,2.0,0.0,0.0,16384.0,16384.0,0.0,0.0,0.0,32768.0,1073741824.0,1.8703999519348145,1.8933372817099712
64.0,0.0,3.0,0.0,0.0,64.0,64.0,0.0,0.0,0.0,192.0,36864.0,0.0544640012085437,0.0549122010136589
1024.0,0.0,2.0,0.0,0.0,1024.0,1024.0,0.0,0.0,0.0,2048.0,4194304.0,0.0625279992818832,0.06062113179775182
16384.0,0.0,2.0,0.0,0.0,16384.0,16384.0,0.0,0.0,0.0,32768.0,1073741824.0,1.881376028060913,1.8933372817099712
4096.0,0.0,2.0,0.0,0.0,4096.0,4096.0,0.0,0.0,0.0,8192.0,67108864.0,0.1880639940500259,0.18684322167228637
64.0,0.0,3.0,0.0,0.0,64.0,64.0,0.0,0.0,0.0,192.0,36864.0,0.0561599992215633,0.0549122010136589
16384.0,0.0,2.0,0.0,0.0,16384.0,16384.0,0.0,0.0,0.0,32768.0,1073741824.0,1.8929280042648315,1.8933372817099712
64.0,0.0,3.0,0.0,0.0,64.0,64.0,0.0,0.0,0.0,192.0,36864.0,0.0528640002012252,0.0549122010136589
4096.0,0.0,2.0,0.0,0.0,4096.0,4096.0,0.0,0.0,0.0,8192.0,67108864.0,0.1875199973583221,0.18684322167228637
128.0,0.0,3.0,0.0,0.0,128.0,128.0,0.0,0.0,0.0,384.0,147456.0,0.0561279989778995,0.05526510820789536
4096.0,0.0,2.0,0.0,0.0,4096.0,4096.0,0.0,0.0,0.0,8192.0,67108864.0,0.1887039989233017,0.18684322167228637
64.0,0.0,3.0,0.0,0.0,64.0,64.0,0.0,0.0,0.0,192.0,36864.0,0.0535040013492107,0.0549122010136589
16384.0,0.0,2.0,0.0,0.0,16384.0,16384.0,0.0,0.0,0.0,32768.0,1073741824.0,1.887231945991516,1.8933372817099712
4096.0,0.0,2.0,0.0,0.0,4096.0,4096.0,0.0,0.0,0.0,8192.0,67108864.0,0.1859519928693771,0.18684322167228637
128.0,0.0,3.0,0.0,0.0,128.0,128.0,0.0,0.0,0.0,384.0,147456.0,0.0563200004398822,0.05526510820789536
16384.0,0.0,2.0,0.0,0.0,16384.0,16384.0,0.0,0.0,0.0,32768.0,1073741824.0,1.8730560541152956,1.8933372817099712
64.0,0.0,3.0,0.0,0.0,64.0,64.0,0.0,0.0,0.0,192.0,36864.0,0.0544320009648799,0.0549122010136589
4096.0,0.0,2.0,0.0,0.0,4096.0,4096.0,0.0,0.0,0.0,8192.0,67108864.0,0.1884800046682357,0.18684322167228637
16384.0,0.0,2.0,0.0,0.0,16384.0,16384.0,0.0,0.0,0.0,32768.0,1073741824.0,1.8806400299072263,1.8933372817099712
4096.0,0.0,2.0,0.0,0.0,4096.0,4096.0,0.0,0.0,0.0,8192.0,67108864.0,0.188288003206253,0.18684322167228637
128.0,0.0,3.0,0.0,0.0,128.0,128.0,0.0,0.0,0.0,384.0,147456.0,0.0568320006132125,0.05526510820789536
64.0,0.0,3.0,0.0,0.0,64.0,64.0,0.0,0.0,0.0,192.0,36864.0,0.0546559989452362,0.0549122010136589
16384.0,0.0,2.0,0.0,0.0,16384.0,16384.0,0.0,0.0,0.0,32768.0,1073741824.0,1.8925440311431885,1.8933372817099712
4096.0,0.0,2.0,0.0,0.0,4096.0,4096.0,0.0,0.0,0.0,8192.0,67108864.0,0.1873279958963394,0.18684322167228637
4096.0,0.0,2.0,0.0,0.0,4096.0,4096.0,0.0,0.0,0.0,8192.0,67108864.0,0.1875199973583221,0.18684322167228637
128.0,0.0,3.0,0.0,0.0,128.0,128.0,0.0,0.0,0.0,384.0,147456.0,0.055647999048233,0.05526510820789536
64.0,0.0,3.0,0.0,0.0,64.0,64.0,0.0,0.0,0.0,192.0,36864.0,0.0540480017662048,0.0549122010136589
64.0,0.0,3.0,0.0,0.0,64.0,64.0,0.0,0.0,0.0,192.0,36864.0,0.0550080016255378,0.0549122010136589
16384.0,0.0,2.0,0.0,0.0,16384.0,16384.0,0.0,0.0,0.0,32768.0,1073741824.0,1.8917759656906128,1.8933372817099712
4096.0,0.0,2.0,0.0,0.0,4096.0,4096.0,0.0,0.0,0.0,8192.0,67108864.0,0.1894399970769882,0.18684322167228637
128.0,0.0,3.0,0.0,0.0,128.0,128.0,0.0,0.0,0.0,384.0,147456.0,0.0567359998822212,0.05526510820789536
16384.0,0.0,2.0,0.0,0.0,16384.0,16384.0,0.0,0.0,0.0,32768.0,1073741824.0,1.872864007949829,1.8933372817099712
64.0,0.0,3.0,0.0,0.0,64.0,64.0,0.0,0.0,0.0,192.0,36864.0,0.0536959990859031,0.0549122010136589
64.0,0.0,3.0,0.0,0.0,64.0,64.0,0.0,0.0,0.0,192.0,36864.0,0.0545599982142448,0.0549122010136589
4096.0,0.0,2.0,0.0,0.0,4096.0,4096.0,0.0,0.0,0.0,8192.0,67108864.0,0.187391996383667,0.18684322167228637
16384.0,0.0,2.0,0.0,0.0,16384.0,16384.0,0.0,0.0,0.0,32768.0,1073741824.0,1.8991039991378784,1.8933372817099712
4096.0,0.0,2.0,0.0,0.0,4096.0,4096.0,0.0,0.0,0.0,8192.0,67108864.0,0.1884160041809082,0.18684322167228637
128.0,0.0,3.0,0.0,0.0,128.0,128.0,0.0,0.0,0.0,384.0,147456.0,0.0556799992918968,0.05526510820789536
64.0,0.0,3.0,0.0,0.0,64.0,64.0,0.0,0.0,0.0,192.0,36864.0,0.0550399981439113,0.0549122010136589
64.0,0.0,3.0,0.0,0.0,64.0,64.0,0.0,0.0,0.0,192.0,36864.0,0.0551999993622303,0.0549122010136589
4096.0,0.0,2.0,0.0,0.0,4096.0,4096.0,0.0,0.0,0.0,8192.0,67108864.0,0.1886080056428909,0.18684322167228637
128.0,0.0,3.0,0.0,0.0,128.0,128.0,0.0,0.0,0.0,384.0,147456.0,0.0557119995355606,0.05526510820789536
64.0,0.0,3.0,0.0,0.0,64.0,64.0,0.0,0.0,0.0,192.0,36864.0,0.0540480017662048,0.0549122010136589
64.0,0.0,3.0,0.0,0.0,64.0,64.0,0.0,0.0,0.0,192.0,36864.0,0.0569600015878677,0.0549122010136589
16384.0,0.0,2.0,0.0,0.0,16384.0,16384.0,0.0,0.0,0.0,32768.0,1073741824.0,1.8839999437332156,1.8933372817099712
4096.0,0.0,2.0,0.0,0.0,4096.0,4096.0,0.0,0.0,0.0,8192.0,67108864.0,0.1878080070018768,0.18684322167228637
16384.0,0.0,2.0,0.0,0.0,16384.0,16384.0,0.0,0.0,0.0,32768.0,1073741824.0,1.8759679794311523,1.8933372817099712
128.0,0.0,3.0,0.0,0.0,128.0,128.0,0.0,0.0,0.0,384.0,147456.0,0.0568000003695488,0.05526510820789536
64.0,0.0,3.0,0.0,0.0,64.0,64.0,0.0,0.0,0.0,192.0,36864.0,0.0557119995355606,0.0549122010136589
64.0,0.0,3.0,0.0,0.0,64.0,64.0,0.0,0.0,0.0,192.0,36864.0,0.0547839999198913,0.0549122010136589
16384.0,0.0,2.0,0.0,0.0,16384.0,16384.0,0.0,0.0,0.0,32768.0,1073741824.0,1.875072002410889,1.8933372817099712
16384.0,0.0,2.0,0.0,0.0,16384.0,16384.0,0.0,0.0,0.0,32768.0,1073741824.0,1.9068479537963867,1.8933372817099712
128.0,0.0,3.0,0.0,0.0,128.0,128.0,0.0,0.0,0.0,384.0,147456.0,0.055231999605894,0.05526510820789536
64.0,0.0,3.0,0.0,0.0,64.0,64.0,0.0,0.0,0.0,192.0,36864.0,0.0555839985609054,0.0549122010136589
4096.0,0.0,2.0,0.0,0.0,4096.0,4096.0,0.0,0.0,0.0,8192.0,67108864.0,0.1875839978456497,0.18684322167228637
128.0,0.0,3.0,0.0,0.0,128.0,128.0,0.0,0.0,0.0,384.0,147456.0,0.0553600005805492,0.05526510820789536
128.0,0.0,3.0,0.0,0.0,128.0,128.0,0.0,0.0,0.0,384.0,147456.0,0.0563840009272098,0.05526510820789536
64.0,0.0,3.0,0.0,0.0,64.0,64.0,0.0,0.0,0.0,192.0,36864.0,0.0566719993948936,0.0549122010136589
16384.0,0.0,2.0,0.0,0.0,16384.0,16384.0,0.0,0.0,0.0,32768.0,1073741824.0,1.8852479457855225,1.8933372817099712
128.0,0.0,3.0,0.0,0.0,128.0,128.0,0.0,0.0,0.0,384.0,147456.0,0.0549440011382103,0.05526510820789536
4096.0,0.0,2.0,0.0,0.0,4096.0,4096.0,0.0,0.0,0.0,8192.0,67108864.0,0.1875520050525665,0.18684322167228637
16384.0,0.0,2.0,0.0,0.0,16384.0,16384.0,0.0,0.0,0.0,32768.0,1073741824.0,1.8734400272369385,1.8933372817099712
128.0,0.0,3.0,0.0,0.0,128.0,128.0,0.0,0.0,0.0,384.0,147456.0,0.0561599992215633,0.05526510820789536
64.0,0.0,3.0,0.0,0.0,64.0,64.0,0.0,0.0,0.0,192.0,36864.0,0.060063999146223,0.0549122010136589
16384.0,0.0,2.0,0.0,0.0,16384.0,16384.0,0.0,0.0,0.0,32768.0,1073741824.0,1.8746240139007568,1.8933372817099712
128.0,0.0,3.0,0.0,0.0,128.0,128.0,0.0,0.0,0.0,384.0,147456.0,0.0549440011382103,0.05526510820789536
16384.0,0.0,2.0,0.0,0.0,16384.0,16384.0,0.0,0.0,0.0,32768.0,1073741824.0,1.882815957069397,1.8933372817099712
4096.0,0.0,2.0,0.0,0.0,4096.0,4096.0,0.0,0.0,0.0,8192.0,67108864.0,0.1876160055398941,0.18684322167228637
256.0,0.0,3.0,0.0,0.0,256.0,256.0,0.0,0.0,0.0,768.0,589824.0,0.0554880015552043,0.0550574629570516
64.0,0.0,3.0,0.0,0.0,64.0,64.0,0.0,0.0,0.0,192.0,36864.0,0.0541759990155696,0.0549122010136589
128.0,0.0,3.0,0.0,0.0,128.0,128.0,0.0,0.0,0.0,384.0,147456.0,0.0537279993295669,0.05526510820789536
256.0,0.0,3.0,0.0,0.0,256.0,256.0,0.0,0.0,0.0,768.0,589824.0,0.0560319982469081,0.0550574629570516
64.0,0.0,3.0,0.0,0.0,64.0,64.0,0.0,0.0,0.0,192.0,36864.0,0.0526079982519149,0.0549122010136589
16384.0,0.0,2.0,0.0,0.0,16384.0,16384.0,0.0,0.0,0.0,32768.0,1073741824.0,1.8905279636383057,1.8933372817099712
128.0,0.0,3.0,0.0,0.0,128.0,128.0,0.0,0.0,0.0,384.0,147456.0,0.0534720011055469,0.05526510820789536
16384.0,0.0,2.0,0.0,0.0,16384.0,16384.0,0.0,0.0,0.0,32768.0,1073741824.0,1.8760000467300413,1.8933372817099712
256.0,0.0,3.0,0.0,0.0,256.0,256.0,0.0,0.0,0.0,768.0,589824.0,0.0564160011708736,0.0550574629570516
64.0,0.0,3.0,0.0,0.0,64.0,64.0,0.0,0.0,0.0,192.0,36864.0,0.0547199994325637,0.0549122010136589
16384.0,0.0,2.0,0.0,0.0,16384.0,16384.0,0.0,0.0,0.0,32768.0,1073741824.0,1.8811520338058472,1.8933372817099712
128.0,0.0,3.0,0.0,0.0,128.0,128.0,0.0,0.0,0.0,384.0,147456.0,0.0551359988749027,0.05526510820789536
16384.0,0.0,2.0,0.0,0.0,16384.0,16384.0,0.0,0.0,0.0,32768.0,1073741824.0,1.8770240545272827,1.8933372817099712
16384.0,0.0,2.0,0.0,0.0,16384.0,16384.0,0.0,0.0,0.0,32768.0,1073741824.0,1.9105279445648196,1.8933372817099712
256.0,0.0,3.0,0.0,0.0,256.0,256.0,0.0,0.0,0.0,768.0,589824.0,0.0563200004398822,0.0550574629570516
128.0,0.0,3.0,0.0,0.0,128.0,128.0,0.0,0.0,0.0,384.0,147456.0,0.0543680004775524,0.05526510820789536
128.0,0.0,3.0,0.0,0.0,128.0,128.0,0.0,0.0,0.0,384.0,147456.0,0.0558400005102157,0.05526510820789536
256.0,0.0,3.0,0.0,0.0,256.0,256.0,0.0,0.0,0.0,768.0,589824.0,0.0565439984202384,0.0550574629570516
128.0,0.0,3.0,0.0,0.0,128.0,128.0,0.0,0.0,0.0,384.0,147456.0,0.0558720007538795,0.05526510820789536
128.0,0.0,3.0,0.0,0.0,128.0,128.0,0.0,0.0,0.0,384.0,147456.0,0.0548480004072189,0.05526510820789536
16384.0,0.0,2.0,0.0,0.0,16384.0,16384.0,0.0,0.0,0.0,32768.0,1073741824.0,1.893183946609497,1.8933372817099712
16384.0,0.0,2.0,0.0,0.0,16384.0,16384.0,0.0,0.0,0.0,32768.0,1073741824.0,1.891487956047058,1.8933372817099712
256.0,0.0,3.0,0.0,0.0,256.0,256.0,0.0,0.0,0.0,768.0,589824.0,0.058432001620531,0.0550574629570516
128.0,0.0,3.0,0.0,0.0,128.0,128.0,0.0,0.0,0.0,384.0,147456.0,0.0580799989402294,0.05526510820789536
16384.0,0.0,2.0,0.0,0.0,16384.0,16384.0,0.0,0.0,0.0,32768.0,1073741824.0,1.8816959857940676,1.8933372817099712
128.0,0.0,3.0,0.0,0.0,128.0,128.0,0.0,0.0,0.0,384.0,147456.0,0.0546879991888999,0.05526510820789536
16384.0,0.0,2.0,0.0,0.0,16384.0,16384.0,0.0,0.0,0.0,32768.0,1073741824.0,1.8838080167770384,1.8933372817099712
16384.0,0.0,2.0,0.0,0.0,16384.0,16384.0,0.0,0.0,0.0,32768.0,1073741824.0,1.91046404838562,1.8933372817099712
256.0,0.0,3.0,0.0,0.0,256.0,256.0,0.0,0.0,0.0,768.0,589824.0,0.057023998349905,0.0550574629570516
128.0,0.0,3.0,0.0,0.0,128.0,128.0,0.0,0.0,0.0,384.0,147456.0,0.0543680004775524,0.05526510820789536
128.0,0.0,3.0,0.0,0.0,128.0,128.0,0.0,0.0,0.0,384.0,147456.0,0.055231999605894,0.05526510820789536
256.0,0.0,3.0,0.0,0.0,256.0,256.0,0.0,0.0,0.0,768.0,589824.0,0.0557119995355606,0.0550574629570516
128.0,0.0,3.0,0.0,0.0,128.0,128.0,0.0,0.0,0.0,384.0,147456.0,0.0552639998495578,0.05526510820789536
128.0,0.0,3.0,0.0,0.0,128.0,128.0,0.0,0.0,0.0,384.0,147456.0,0.0546879991888999,0.05526510820789536
16384.0,0.0,2.0,0.0,0.0,16384.0,16384.0,0.0,0.0,0.0,32768.0,1073741824.0,1.875455975532532,1.8933372817099712
256.0,0.0,3.0,0.0,0.0,256.0,256.0,0.0,0.0,0.0,768.0,589824.0,0.0568960011005401,0.0550574629570516
16384.0,0.0,2.0,0.0,0.0,16384.0,16384.0,0.0,0.0,0.0,32768.0,1073741824.0,1.909504055976868,1.8933372817099712
128.0,0.0,3.0,0.0,0.0,128.0,128.0,0.0,0.0,0.0,384.0,147456.0,0.0552960000932216,0.05526510820789536
16384.0,0.0,2.0,0.0,0.0,16384.0,16384.0,0.0,0.0,0.0,32768.0,1073741824.0,1.879680037498474,1.8933372817099712
256.0,0.0,3.0,0.0,0.0,256.0,256.0,0.0,0.0,0.0,768.0,589824.0,0.0550399981439113,0.0550574629570516
16384.0,0.0,2.0,0.0,0.0,16384.0,16384.0,0.0,0.0,0.0,32768.0,1073741824.0,1.919711947441101,1.8933372817099712
16384.0,0.0,2.0,0.0,0.0,16384.0,16384.0,0.0,0.0,0.0,32768.0,1073741824.0,1.8876479864120483,1.8933372817099712
256.0,0.0,3.0,0.0,0.0,256.0,256.0,0.0,0.0,0.0,768.0,589824.0,0.0561599992215633,0.0550574629570516
128.0,0.0,3.0,0.0,0.0,128.0,128.0,0.0,0.0,0.0,384.0,147456.0,0.0554240010678768,0.05526510820789536
256.0,0.0,3.0,0.0,0.0,256.0,256.0,0.0,0.0,0.0,768.0,589824.0,0.0542399995028972,0.0550574629570516
64.0,0.0,3.0,0.0,0.0,64.0,64.0,0.0,0.0,0.0,192.0,36864.0,0.0558080002665519,0.0549122010136589
256.0,0.0,3.0,0.0,0.0,256.0,256.0,0.0,0.0,0.0,768.0,589824.0,0.0569920018315315,0.0550574629570516
128.0,0.0,3.0,0.0,0.0,128.0,128.0,0.0,0.0,0.0,384.0,147456.0,0.0540480017662048,0.05526510820789536
256.0,0.0,3.0,0.0,0.0,256.0,256.0,0.0,0.0,0.0,768.0,589824.0,0.0543039999902248,0.0550574629570516
64.0,0.0,3.0,0.0,0.0,64.0,64.0,0.0,0.0,0.0,192.0,36864.0,0.0556799992918968,0.0549122010136589
16384.0,0.0,2.0,0.0,0.0,16384.0,16384.0,0.0,0.0,0.0,32768.0,1073741824.0,1.8718719482421875,1.8933372817099712
256.0,0.0,3.0,0.0,0.0,256.0,256.0,0.0,0.0,0.0,768.0,589824.0,0.0572480000555515,0.0550574629570516
128.0,0.0,3.0,0.0,0.0,128.0,128.0,0.0,0.0,0.0,384.0,147456.0,0.0555200017988681,0.05526510820789536
256.0,0.0,3.0,0.0,0.0,256.0,256.0,0.0,0.0,0.0,768.0,589824.0,0.054016001522541,0.0550574629570516
16384.0,0.0,2.0,0.0,0.0,16384.0,16384.0,0.0,0.0,0.0,32768.0,1073741824.0,1.896512031555176,1.8933372817099712
16384.0,0.0,2.0,0.0,0.0,16384.0,16384.0,0.0,0.0,0.0,32768.0,1073741824.0,1.8852479457855225,1.8933372817099712
16384.0,0.0,2.0,0.0,0.0,16384.0,16384.0,0.0,0.0,0.0,32768.0,1073741824.0,1.911903977394104,1.8933372817099712
64.0,0.0,3.0,0.0,0.0,64.0,64.0,0.0,0.0,0.0,192.0,36864.0,0.055392000824213,0.0549122010136589
512.0,0.0,3.0,0.0,0.0,512.0,512.0,0.0,0.0,0.0,1536.0,2359296.0,0.0561279989778995,0.05557060755524463
128.0,0.0,3.0,0.0,0.0,128.0,128.0,0.0,0.0,0.0,384.0,147456.0,0.0602560006082057,0.05526510820789536
256.0,0.0,3.0,0.0,0.0,256.0,256.0,0.0,0.0,0.0,768.0,589824.0,0.054271999746561,0.0550574629570516
64.0,0.0,3.0,0.0,0.0,64.0,64.0,0.0,0.0,0.0,192.0,36864.0,0.0558720007538795,0.0549122010136589
64.0,0.0,3.0,0.0,0.0,64.0,64.0,0.0,0.0,0.0,192.0,36864.0,0.0561919994652271,0.0549122010136589
512.0,0.0,3.0,0.0,0.0,512.0,512.0,0.0,0.0,0.0,1536.0,2359296.0,0.0567359998822212,0.05557060755524463
128.0,0.0,3.0,0.0,0.0,128.0,128.0,0.0,0.0,0.0,384.0,147456.0,0.0596159994602203,0.05526510820789536
256.0,0.0,3.0,0.0,0.0,256.0,256.0,0.0,0.0,0.0,768.0,589824.0,0.0544320009648799,0.0550574629570516
64.0,0.0,3.0,0.0,0.0,64.0,64.0,0.0,0.0,0.0,192.0,36864.0,0.0553280003368854,0.0549122010136589
64.0,0.0,3.0,0.0,0.0,64.0,64.0,0.0,0.0,0.0,192.0,36864.0,0.0561919994652271,0.0549122010136589
16384.0,0.0,2.0,0.0,0.0,16384.0,16384.0,0.0,0.0,0.0,32768.0,1073741824.0,1.8944640159606931,1.8933372817099712
512.0,0.0,3.0,0.0,0.0,512.0,512.0,0.0,0.0,0.0,1536.0,2359296.0,0.0564480014145374,0.05557060755524463
256.0,0.0,3.0,0.0,0.0,256.0,256.0,0.0,0.0,0.0,768.0,589824.0,0.0559040009975433,0.0550574629570516
128.0,0.0,3.0,0.0,0.0,128.0,128.0,0.0,0.0,0.0,384.0,147456.0,0.0546239987015724,0.05526510820789536
64.0,0.0,3.0,0.0,0.0,64.0,64.0,0.0,0.0,0.0,192.0,36864.0,0.056352000683546,0.0549122010136589
16384.0,0.0,2.0,0.0,0.0,16384.0,16384.0,0.0,0.0,0.0,32768.0,1073741824.0,1.884992003440857,1.8933372817099712
16384.0,0.0,2.0,0.0,0.0,16384.0,16384.0,0.0,0.0,0.0,32768.0,1073741824.0,1.9148160219192505,1.8933372817099712
64.0,0.0,3.0,0.0,0.0,64.0,64.0,0.0,0.0,0.0,192.0,36864.0,0.0532479993999004,0.0549122010136589
512.0,0.0,3.0,0.0,0.0,512.0,512.0,0.0,0.0,0.0,1536.0,2359296.0,0.0579520016908645,0.05557060755524463
256.0,0.0,3.0,0.0,0.0,256.0,256.0,0.0,0.0,0.0,768.0,589824.0,0.0539840012788772,0.0550574629570516
256.0,0.0,3.0,0.0,0.0,256.0,256.0,0.0,0.0,0.0,768.0,589824.0,0.0551039986312389,0.0550574629570516
64.0,0.0,3.0,0.0,0.0,64.0,64.0,0.0,0.0,0.0,192.0,36864.0,0.0557760000228881,0.0549122010136589
64.0,0.0,3.0,0.0,0.0,64.0,64.0,0.0,0.0,0.0,192.0,36864.0,0.0551679991185665,0.0549122010136589
512.0,0.0,3.0,0.0,0.0,512.0,512.0,0.0,0.0,0.0,1536.0,2359296.0,0.0632959976792335,0.05557060755524463
256.0,0.0,3.0,0.0,0.0,256.0,256.0,0.0,0.0,0.0,768.0,589824.0,0.0550080016255378,0.0550574629570516
256.0,0.0,3.0,0.0,0.0,256.0,256.0,0.0,0.0,0.0,768.0,589824.0,0.0546559989452362,0.0550574629570516
64.0,0.0,3.0,0.0,0.0,64.0,64.0,0.0,0.0,0.0,192.0,36864.0,0.0566399991512298,0.0549122010136589
64.0,0.0,3.0,0.0,0.0,64.0,64.0,0.0,0.0,0.0,192.0,36864.0,0.0551039986312389,0.0549122010136589
16384.0,0.0,2.0,0.0,0.0,16384.0,16384.0,0.0,0.0,0.0,32768.0,1073741824.0,1.877120018005371,1.8933372817099712
512.0,0.0,3.0,0.0,0.0,512.0,512.0,0.0,0.0,0.0,1536.0,2359296.0,0.0578240007162094,0.05557060755524463
256.0,0.0,3.0,0.0,0.0,256.0,256.0,0.0,0.0,0.0,768.0,589824.0,0.0537599995732307,0.0550574629570516
256.0,0.0,3.0,0.0,0.0,256.0,256.0,0.0,0.0,0.0,768.0,589824.0,0.0546879991888999,0.0550574629570516
64.0,0.0,3.0,0.0,0.0,64.0,64.0,0.0,0.0,0.0,192.0,36864.0,0.0562239997088909,0.0549122010136589
16384.0,0.0,2.0,0.0,0.0,16384.0,16384.0,0.0,0.0,0.0,32768.0,1073741824.0,1.887231945991516,1.8933372817099712
16384.0,0.0,2.0,0.0,0.0,16384.0,16384.0,0.0,0.0,0.0,32768.0,1073741824.0,1.915519952774048,1.8933372817099712
64.0,0.0,3.0,0.0,0.0,64.0,64.0,0.0,0.0,0.0,192.0,36864.0,0.0558720007538795,0.0549122010136589
512.0,0.0,3.0,0.0,0.0,512.0,512.0,0.0,0.0,0.0,1536.0,2359296.0,0.0575359985232353,0.05557060755524463
256.0,0.0,3.0,0.0,0.0,256.0,256.0,0.0,0.0,0.0,768.0,589824.0,0.0549120008945465,0.0550574629570516
256.0,0.0,3.0,0.0,0.0,256.0,256.0,0.0,0.0,0.0,768.0,589824.0,0.0550080016255378,0.0550574629570516
64.0,0.0,3.0,0.0,0.0,64.0,64.0,0.0,0.0,0.0,192.0,36864.0,0.0536639988422393,0.0549122010136589
64.0,0.0,3.0,0.0,0.0,64.0,64.0,0.0,0.0,0.0,192.0,36864.0,0.0546239987015724,0.0549122010136589
512.0,0.0,3.0,0.0,0.0,512.0,512.0,0.0,0.0,0.0,1536.0,2359296.0,0.0563840009272098,0.05557060755524463
512.0,0.0,3.0,0.0,0.0,512.0,512.0,0.0,0.0,0.0,1536.0,2359296.0,0.054271999746561,0.05557060755524463
256.0,0.0,3.0,0.0,0.0,256.0,256.0,0.0,0.0,0.0,768.0,589824.0,0.0560959987342357,0.0550574629570516
64.0,0.0,3.0,0.0,0.0,64.0,64.0,0.0,0.0,0.0,192.0,36864.0,0.0537279993295669,0.0549122010136589
64.0,0.0,3.0,0.0,0.0,64.0,64.0,0.0,0.0,0.0,192.0,36864.0,0.0546239987015724,0.0549122010136589
512.0,0.0,3.0,0.0,0.0,512.0,512.0,0.0,0.0,0.0,1536.0,2359296.0,0.0557439997792243,0.05557060755524463
512.0,0.0,3.0,0.0,0.0,512.0,512.0,0.0,0.0,0.0,1536.0,2359296.0,0.0535680018365383,0.05557060755524463
256.0,0.0,3.0,0.0,0.0,256.0,256.0,0.0,0.0,0.0,768.0,589824.0,0.0544320009648799,0.0550574629570516
16384.0,0.0,2.0,0.0,0.0,16384.0,16384.0,0.0,0.0,0.0,32768.0,1073741824.0,1.8823360204696653,1.8933372817099712
64.0,0.0,3.0,0.0,0.0,64.0,64.0,0.0,0.0,0.0,192.0,36864.0,0.0551999993622303,0.0549122010136589
16384.0,0.0,2.0,0.0,0.0,16384.0,16384.0,0.0,0.0,0.0,32768.0,1073741824.0,1.9132159948349,1.8933372817099712
16384.0,0.0,2.0,0.0,0.0,16384.0,16384.0,0.0,0.0,0.0,32768.0,1073741824.0,1.8811520338058472,1.8933372817099712
128.0,0.0,3.0,0.0,0.0,128.0,128.0,0.0,0.0,0.0,384.0,147456.0,0.0556799992918968,0.05526510820789536
512.0,0.0,3.0,0.0,0.0,512.0,512.0,0.0,0.0,0.0,1536.0,2359296.0,0.0551999993622303,0.05557060755524463
512.0,0.0,3.0,0.0,0.0,512.0,512.0,0.0,0.0,0.0,1536.0,2359296.0,0.0574080012738704,0.05557060755524463
256.0,0.0,3.0,0.0,0.0,256.0,256.0,0.0,0.0,0.0,768.0,589824.0,0.0582079999148845,0.0550574629570516
64.0,0.0,3.0,0.0,0.0,64.0,64.0,0.0,0.0,0.0,192.0,36864.0,0.0539520010352134,0.0549122010136589
64.0,0.0,3.0,0.0,0.0,64.0,64.0,0.0,0.0,0.0,192.0,36864.0,0.055647999048233,0.0549122010136589
128.0,0.0,3.0,0.0,0.0,128.0,128.0,0.0,0.0,0.0,384.0,147456.0,0.0555839985609054,0.05526510820789536
512.0,0.0,3.0,0.0,0.0,512.0,512.0,0.0,0.0,0.0,1536.0,2359296.0,0.0535360015928745,0.05557060755524463
256.0,0.0,3.0,0.0,0.0,256.0,256.0,0.0,0.0,0.0,768.0,589824.0,0.0542399995028972,0.0550574629570516
512.0,0.0,3.0,0.0,0.0,512.0,512.0,0.0,0.0,0.0,1536.0,2359296.0,0.0575999990105629,0.05557060755524463
64.0,0.0,3.0,0.0,0.0,64.0,64.0,0.0,0.0,0.0,192.0,36864.0,0.0534400008618831,0.0549122010136589
64.0,0.0,3.0,0.0,0.0,64.0,64.0,0.0,0.0,0.0,192.0,36864.0,0.056352000683546,0.0549122010136589
128.0,0.0,3.0,0.0,0.0,128.0,128.0,0.0,0.0,0.0,384.0,147456.0,0.0558720007538795,0.05526510820789536
512.0,0.0,3.0,0.0,0.0,512.0,512.0,0.0,0.0,0.0,1536.0,2359296.0,0.054016001522541,0.05557060755524463
256.0,0.0,3.0,0.0,0.0,256.0,256.0,0.0,0.0,0.0,768.0,589824.0,0.0551359988749027,0.0550574629570516
1024.0,0.0,3.0,0.0,0.0,1024.0,1024.0,0.0,0.0,0.0,3072.0,9437184.0,0.0716480016708374,0.07043299367351093
128.0,0.0,3.0,0.0,0.0,128.0,128.0,0.0,0.0,0.0,384.0,147456.0,0.0539200007915496,0.05526510820789536
64.0,0.0,3.0,0.0,0.0,64.0,64.0,0.0,0.0,0.0,192.0,36864.0,0.0566399991512298,0.0549122010136589
128.0,0.0,3.0,0.0,0.0,128.0,128.0,0.0,0.0,0.0,384.0,147456.0,0.0555519983172416,0.05526510820789536
16384.0,0.0,2.0,0.0,0.0,16384.0,16384.0,0.0,0.0,0.0,32768.0,1073741824.0,1.9133119583129885,1.8933372817099712
16384.0,0.0,2.0,0.0,0.0,16384.0,16384.0,0.0,0.0,0.0,32768.0,1073741824.0,1.8860479593276975,1.8933372817099712
512.0,0.0,3.0,0.0,0.0,512.0,512.0,0.0,0.0,0.0,1536.0,2359296.0,0.0546239987015724,0.05557060755524463
256.0,0.0,3.0,0.0,0.0,256.0,256.0,0.0,0.0,0.0,768.0,589824.0,0.0553280003368854,0.0550574629570516
1024.0,0.0,3.0,0.0,0.0,1024.0,1024.0,0.0,0.0,0.0,3072.0,9437184.0,0.0712959989905357,0.07043299367351093
128.0,0.0,3.0,0.0,0.0,128.0,128.0,0.0,0.0,0.0,384.0,147456.0,0.0546879991888999,0.05526510820789536
64.0,0.0,3.0,0.0,0.0,64.0,64.0,0.0,0.0,0.0,192.0,36864.0,0.0550080016255378,0.0549122010136589
128.0,0.0,3.0,0.0,0.0,128.0,128.0,0.0,0.0,0.0,384.0,147456.0,0.0550080016255378,0.05526510820789536
512.0,0.0,3.0,0.0,0.0,512.0,512.0,0.0,0.0,0.0,1536.0,2359296.0,0.0534720011055469,0.05557060755524463
256.0,0.0,3.0,0.0,0.0,256.0,256.0,0.0,0.0,0.0,768.0,589824.0,0.0553280003368854,0.0550574629570516
1024.0,0.0,3.0,0.0,0.0,1024.0,1024.0,0.0,0.0,0.0,3072.0,9437184.0,0.0716800019145011,0.07043299367351093
128.0,0.0,3.0,0.0,0.0,128.0,128.0,0.0,0.0,0.0,384.0,147456.0,0.0553600005805492,0.05526510820789536
64.0,0.0,3.0,0.0,0.0,64.0,64.0,0.0,0.0,0.0,192.0,36864.0,0.0568000003695488,0.0549122010136589
128.0,0.0,3.0,0.0,0.0,128.0,128.0,0.0,0.0,0.0,384.0,147456.0,0.0554560013115406,0.05526510820789536
512.0,0.0,3.0,0.0,0.0,512.0,512.0,0.0,0.0,0.0,1536.0,2359296.0,0.0548480004072189,0.05557060755524463
1024.0,0.0,3.0,0.0,0.0,1024.0,1024.0,0.0,0.0,0.0,3072.0,9437184.0,0.0710079967975616,0.07043299367351093
512.0,0.0,3.0,0.0,0.0,512.0,512.0,0.0,0.0,0.0,1536.0,2359296.0,0.058687999844551,0.05557060755524463
128.0,0.0,3.0,0.0,0.0,128.0,128.0,0.0,0.0,0.0,384.0,147456.0,0.055392000824213,0.05526510820789536
64.0,0.0,3.0,0.0,0.0,64.0,64.0,0.0,0.0,0.0,192.0,36864.0,0.0571199990808963,0.0549122010136589
128.0,0.0,3.0,0.0,0.0,128.0,128.0,0.0,0.0,0.0,384.0,147456.0,0.0559680014848709,0.05526510820789536
16384.0,0.0,2.0,0.0,0.0,16384.0,16384.0,0.0,0.0,0.0,32768.0,1073741824.0,1.9128320217132568,1.8933372817099712
512.0,0.0,3.0,0.0,0.0,512.0,512.0,0.0,0.0,0.0,1536.0,2359296.0,0.0545919984579086,0.05557060755524463
16384.0,0.0,2.0,0.0,0.0,16384.0,16384.0,0.0,0.0,0.0,32768.0,1073741824.0,1.89193594455719,1.8933372817099712
1024.0,0.0,3.0,0.0,0.0,1024.0,1024.0,0.0,0.0,0.0,3072.0,9437184.0,0.0717120021581649,0.07043299367351093
512.0,0.0,3.0,0.0,0.0,512.0,512.0,0.0,0.0,0.0,1536.0,2359296.0,0.0599999986588954,0.05557060755524463
128.0,0.0,3.0,0.0,0.0,128.0,128.0,0.0,0.0,0.0,384.0,147456.0,0.0548800006508827,0.05526510820789536
64.0,0.0,3.0,0.0,0.0,64.0,64.0,0.0,0.0,0.0,192.0,36864.0,0.0557760000228881,0.0549122010136589
128.0,0.0,3.0,0.0,0.0,128.0,128.0,0.0,0.0,0.0,384.0,147456.0,0.0560959987342357,0.05526510820789536
512.0,0.0,3.0,0.0,0.0,512.0,512.0,0.0,0.0,0.0,1536.0,2359296.0,0.0540480017662048,0.05557060755524463
64.0,0.0,3.0,0.0,0.0,64.0,64.0,0.0,0.0,0.0,192.0,36864.0,0.0558400005102157,0.0549122010136589
1024.0,0.0,3.0,0.0,0.0,1024.0,1024.0,0.0,0.0,0.0,3072.0,9437184.0,0.0716480016708374,0.07043299367351093
512.0,0.0,3.0,0.0,0.0,512.0,512.0,0.0,0.0,0.0,1536.0,2359296.0,0.0568640008568763,0.05557060755524463
128.0,0.0,3.0,0.0,0.0,128.0,128.0,0.0,0.0,0.0,384.0,147456.0,0.0547839999198913,0.05526510820789536
64.0,0.0,3.0,0.0,0.0,64.0,64.0,0.0,0.0,0.0,192.0,36864.0,0.0554240010678768,0.0549122010136589
128.0,0.0,3.0,0.0,0.0,128.0,128.0,0.0,0.0,0.0,384.0,147456.0,0.0551039986312389,0.05526510820789536
512.0,0.0,3.0,0.0,0.0,512.0,512.0,0.0,0.0,0.0,1536.0,2359296.0,0.054016001522541,0.05557060755524463
64.0,0.0,3.0,0.0,0.0,64.0,64.0,0.0,0.0,0.0,192.0,36864.0,0.0580799989402294,0.0549122010136589
1024.0,0.0,3.0,0.0,0.0,1024.0,1024.0,0.0,0.0,0.0,3072.0,9437184.0,0.070880003273487,0.07043299367351093
512.0,0.0,3.0,0.0,0.0,512.0,512.0,0.0,0.0,0.0,1536.0,2359296.0,0.061439998447895,0.05557060755524463
128.0,0.0,3.0,0.0,0.0,128.0,128.0,0.0,0.0,0.0,384.0,147456.0,0.0544640012085437,0.05526510820789536
64.0,0.0,3.0,0.0,0.0,64.0,64.0,0.0,0.0,0.0,192.0,36864.0,0.0571839995682239,0.0549122010136589
128.0,0.0,3.0,0.0,0.0,128.0,128.0,0.0,0.0,0.0,384.0,147456.0,0.0546879991888999,0.05526510820789536
16384.0,0.0,2.0,0.0,0.0,16384.0,16384.0,0.0,0.0,0.0,32768.0,1073741824.0,1.9131840467453003,1.8933372817099712
1024.0,0.0,3.0,0.0,0.0,1024.0,1024.0,0.0,0.0,0.0,3072.0,9437184.0,0.0703679993748664,0.07043299367351093
64.0,0.0,3.0,0.0,0.0,64.0,64.0,0.0,0.0,0.0,192.0,36864.0,0.0557439997792243,0.0549122010136589
1024.0,0.0,3.0,0.0,0.0,1024.0,1024.0,0.0,0.0,0.0,3072.0,9437184.0,0.0713919997215271,0.07043299367351093
512.0,0.0,3.0,0.0,0.0,512.0,512.0,0.0,0.0,0.0,1536.0,2359296.0,0.060479998588562,0.05557060755524463
128.0,0.0,3.0,0.0,0.0,128.0,128.0,0.0,0.0,0.0,384.0,147456.0,0.0560000017285347,0.05526510820789536
128.0,0.0,3.0,0.0,0.0,128.0,128.0,0.0,0.0,0.0,384.0,147456.0,0.055392000824213,0.05526510820789536
64.0,0.0,3.0,0.0,0.0,64.0,64.0,0.0,0.0,0.0,192.0,36864.0,0.0270399991422891,0.0549122010136589
1024.0,0.0,3.0,0.0,0.0,1024.0,1024.0,0.0,0.0,0.0,3072.0,9437184.0,0.0707200020551681,0.07043299367351093
64.0,0.0,3.0,0.0,0.0,64.0,64.0,0.0,0.0,0.0,192.0,36864.0,0.0548160001635551,0.0549122010136589
1024.0,0.0,3.0,0.0,0.0,1024.0,1024.0,0.0,0.0,0.0,3072.0,9437184.0,0.0717760026454925,0.07043299367351093
512.0,0.0,3.0,0.0,0.0,512.0,512.0,0.0,0.0,0.0,1536.0,2359296.0,0.0535680018365383,0.05557060755524463
128.0,0.0,3.0,0.0,0.0,128.0,128.0,0.0,0.0,0.0,384.0,147456.0,0.0560000017285347,0.05526510820789536
256.0,0.0,3.0,0.0,0.0,256.0,256.0,0.0,0.0,0.0,768.0,589824.0,0.0553280003368854,0.0550574629570516
1024.0,0.0,3.0,0.0,0.0,1024.0,1024.0,0.0,0.0,0.0,3072.0,9437184.0,0.0701119974255561,0.07043299367351093
64.0,0.0,3.0,0.0,0.0,64.0,64.0,0.0,0.0,0.0,192.0,36864.0,0.0562880001962184,0.0549122010136589
64.0,0.0,3.0,0.0,0.0,64.0,64.0,0.0,0.0,0.0,192.0,36864.0,0.0559360012412071,0.0549122010136589
1024.0,0.0,3.0,0.0,0.0,1024.0,1024.0,0.0,0.0,0.0,3072.0,9437184.0,0.0718080028891563,0.07043299367351093
512.0,0.0,3.0,0.0,0.0,512.0,512.0,0.0,0.0,0.0,1536.0,2359296.0,0.0553600005805492,0.05557060755524463
128.0,0.0,3.0,0.0,0.0,128.0,128.0,0.0,0.0,0.0,384.0,147456.0,0.0561599992215633,0.05526510820789536
256.0,0.0,3.0,0.0,0.0,256.0,256.0,0.0,0.0,0.0,768.0,589824.0,0.0550399981439113,0.0550574629570516
16384.0,0.0,2.0,0.0,0.0,16384.0,16384.0,0.0,0.0,0.0,32768.0,1073741824.0,1.9141759872436523,1.8933372817099712
1024.0,0.0,3.0,0.0,0.0,1024.0,1024.0,0.0,0.0,0.0,3072.0,9437184.0,0.0686400011181831,0.07043299367351093
128.0,0.0,3.0,0.0,0.0,128.0,128.0,0.0,0.0,0.0,384.0,147456.0,0.0621760003268718,0.05526510820789536
64.0,0.0,3.0,0.0,0.0,64.0,64.0,0.0,0.0,0.0,192.0,36864.0,0.0562559999525547,0.0549122010136589
1024.0,0.0,3.0,0.0,0.0,1024.0,1024.0,0.0,0.0,0.0,3072.0,9437184.0,0.0732479989528656,0.07043299367351093
512.0,0.0,3.0,0.0,0.0,512.0,512.0,0.0,0.0,0.0,1536.0,2359296.0,0.0557119995355606,0.05557060755524463
128.0,0.0,3.0,0.0,0.0,128.0,128.0,0.0,0.0,0.0,384.0,147456.0,0.0536319985985755,0.05526510820789536
256.0,0.0,3.0,0.0,0.0,256.0,256.0,0.0,0.0,0.0,768.0,589824.0,0.0561599992215633,0.0550574629570516
64.0,0.0,3.0,0.0,0.0,64.0,64.0,0.0,0.0,0.0,192.0,36864.0,0.0569280013442039,0.0549122010136589
1024.0,0.0,3.0,0.0,0.0,1024.0,1024.0,0.0,0.0,0.0,3072.0,9437184.0,0.0698880031704902,0.07043299367351093
128.0,0.0,3.0,0.0,0.0,128.0,128.0,0.0,0.0,0.0,384.0,147456.0,0.060224000364542,0.05526510820789536
64.0,0.0,3.0,0.0,0.0,64.0,64.0,0.0,0.0,0.0,192.0,36864.0,0.0575999990105629,0.0549122010136589
4096.0,0.0,3.0,0.0,0.0,4096.0,4096.0,0.0,0.0,0.0,12288.0,150994944.0,0.2520639896392822,0.25323921011535444
512.0,0.0,3.0,0.0,0.0,512.0,512.0,0.0,0.0,0.0,1536.0,2359296.0,0.0544640012085437,0.05557060755524463
256.0,0.0,3.0,0.0,0.0,256.0,256.0,0.0,0.0,0.0,768.0,589824.0,0.0555839985609054,0.0550574629570516
64.0,0.0,3.0,0.0,0.0,64.0,64.0,0.0,0.0,0.0,192.0,36864.0,0.0559040009975433,0.0549122010136589
1024.0,0.0,3.0,0.0,0.0,1024.0,1024.0,0.0,0.0,0.0,3072.0,9437184.0,0.070592001080513,0.07043299367351093
128.0,0.0,3.0,0.0,0.0,128.0,128.0,0.0,0.0,0.0,384.0,147456.0,0.0610239990055561,0.05526510820789536
128.0,0.0,3.0,0.0,0.0,128.0,128.0,0.0,0.0,0.0,384.0,147456.0,0.0185599997639656,0.05526510820789536
64.0,0.0,3.0,0.0,0.0,64.0,64.0,0.0,0.0,0.0,192.0,36864.0,0.0559040009975433,0.0549122010136589
4096.0,0.0,3.0,0.0,0.0,4096.0,4096.0,0.0,0.0,0.0,12288.0,150994944.0,0.2514240145683288,0.25323921011535444
512.0,0.0,3.0,0.0,0.0,512.0,512.0,0.0,0.0,0.0,1536.0,2359296.0,0.0558080002665519,0.05557060755524463
256.0,0.0,3.0,0.0,0.0,256.0,256.0,0.0,0.0,0.0,768.0,589824.0,0.055392000824213,0.0550574629570516
64.0,0.0,3.0,0.0,0.0,64.0,64.0,0.0,0.0,0.0,192.0,36864.0,0.0555839985609054,0.0549122010136589
1024.0,0.0,3.0,0.0,0.0,1024.0,1024.0,0.0,0.0,0.0,3072.0,9437184.0,0.0710719972848892,0.07043299367351093
128.0,0.0,3.0,0.0,0.0,128.0,128.0,0.0,0.0,0.0,384.0,147456.0,0.0593280009925365,0.05526510820789536
256.0,0.0,3.0,0.0,0.0,256.0,256.0,0.0,0.0,0.0,768.0,589824.0,0.0528640002012252,0.0550574629570516
64.0,0.0,3.0,0.0,0.0,64.0,64.0,0.0,0.0,0.0,192.0,36864.0,0.0569280013442039,0.0549122010136589
4096.0,0.0,3.0,0.0,0.0,4096.0,4096.0,0.0,0.0,0.0,12288.0,150994944.0,0.2525120079517364,0.25323921011535444
512.0,0.0,3.0,0.0,0.0,512.0,512.0,0.0,0.0,0.0,1536.0,2359296.0,0.0546239987015724,0.05557060755524463
256.0,0.0,3.0,0.0,0.0,256.0,256.0,0.0,0.0,0.0,768.0,589824.0,0.0541759990155696,0.0550574629570516
64.0,0.0,3.0,0.0,0.0,64.0,64.0,0.0,0.0,0.0,192.0,36864.0,0.0557119995355606,0.0549122010136589
1024.0,0.0,3.0,0.0,0.0,1024.0,1024.0,0.0,0.0,0.0,3072.0,9437184.0,0.0713919997215271,0.07043299367351093
128.0,0.0,3.0,0.0,0.0,128.0,128.0,0.0,0.0,0.0,384.0,147456.0,0.0565759986639022,0.05526510820789536
256.0,0.0,3.0,0.0,0.0,256.0,256.0,0.0,0.0,0.0,768.0,589824.0,0.0550080016255378,0.0550574629570516
64.0,0.0,3.0,0.0,0.0,64.0,64.0,0.0,0.0,0.0,192.0,36864.0,0.057727999985218,0.0549122010136589
1024.0,0.0,3.0,0.0,0.0,1024.0,1024.0,0.0,0.0,0.0,3072.0,9437184.0,0.0701439976692199,0.07043299367351093
4096.0,0.0,3.0,0.0,0.0,4096.0,4096.0,0.0,0.0,0.0,12288.0,150994944.0,0.2524479925632477,0.25323921011535444
256.0,0.0,3.0,0.0,0.0,256.0,256.0,0.0,0.0,0.0,768.0,589824.0,0.0549440011382103,0.0550574629570516
64.0,0.0,3.0,0.0,0.0,64.0,64.0,0.0,0.0,0.0,192.0,36864.0,0.0569600015878677,0.0549122010136589
1024.0,0.0,3.0,0.0,0.0,1024.0,1024.0,0.0,0.0,0.0,3072.0,9437184.0,0.0710719972848892,0.07043299367351093
128.0,0.0,3.0,0.0,0.0,128.0,128.0,0.0,0.0,0.0,384.0,147456.0,0.0604160018265247,0.05526510820789536
256.0,0.0,3.0,0.0,0.0,256.0,256.0,0.0,0.0,0.0,768.0,589824.0,0.0560000017285347,0.0550574629570516
1024.0,0.0,3.0,0.0,0.0,1024.0,1024.0,0.0,0.0,0.0,3072.0,9437184.0,0.0696960017085075,0.07043299367351093
64.0,0.0,3.0,0.0,0.0,64.0,64.0,0.0,0.0,0.0,192.0,36864.0,0.0554560013115406,0.0549122010136589
256.0,0.0,3.0,0.0,0.0,256.0,256.0,0.0,0.0,0.0,768.0,589824.0,0.0547519996762275,0.0550574629570516
4096.0,0.0,3.0,0.0,0.0,4096.0,4096.0,0.0,0.0,0.0,12288.0,150994944.0,0.2548159956932068,0.25323921011535444
64.0,0.0,3.0,0.0,0.0,64.0,64.0,0.0,0.0,0.0,192.0,36864.0,0.0559680014848709,0.0549122010136589
1024.0,0.0,3.0,0.0,0.0,1024.0,1024.0,0.0,0.0,0.0,3072.0,9437184.0,0.0702079981565475,0.07043299367351093
128.0,0.0,3.0,0.0,0.0,128.0,128.0,0.0,0.0,0.0,384.0,147456.0,0.0598400011658668,0.05526510820789536
256.0,0.0,3.0,0.0,0.0,256.0,256.0,0.0,0.0,0.0,768.0,589824.0,0.0538880005478858,0.0550574629570516
1024.0,0.0,3.0,0.0,0.0,1024.0,1024.0,0.0,0.0,0.0,3072.0,9437184.0,0.0697600021958351,0.07043299367351093
128.0,0.0,3.0,0.0,0.0,128.0,128.0,0.0,0.0,0.0,384.0,147456.0,0.0561919994652271,0.05526510820789536
4096.0,0.0,3.0,0.0,0.0,4096.0,4096.0,0.0,0.0,0.0,12288.0,150994944.0,0.252480000257492,0.25323921011535444
256.0,0.0,3.0,0.0,0.0,256.0,256.0,0.0,0.0,0.0,768.0,589824.0,0.0554560013115406,0.0550574629570516
64.0,0.0,3.0,0.0,0.0,64.0,64.0,0.0,0.0,0.0,192.0,36864.0,0.0553600005805492,0.0549122010136589
1024.0,0.0,3.0,0.0,0.0,1024.0,1024.0,0.0,0.0,0.0,3072.0,9437184.0,0.069023996591568,0.07043299367351093
128.0,0.0,3.0,0.0,0.0,128.0,128.0,0.0,0.0,0.0,384.0,147456.0,0.0580799989402294,0.05526510820789536
256.0,0.0,3.0,0.0,0.0,256.0,256.0,0.0,0.0,0.0,768.0,589824.0,0.055647999048233,0.0550574629570516
1024.0,0.0,3.0,0.0,0.0,1024.0,1024.0,0.0,0.0,0.0,3072.0,9437184.0,0.0694399997591972,0.07043299367351093
128.0,0.0,3.0,0.0,0.0,128.0,128.0,0.0,0.0,0.0,384.0,147456.0,0.0561279989778995,0.05526510820789536
4096.0,0.0,3.0,0.0,0.0,4096.0,4096.0,0.0,0.0,0.0,12288.0,150994944.0,0.2529279887676239,0.25323921011535444
256.0,0.0,3.0,0.0,0.0,256.0,256.0,0.0,0.0,0.0,768.0,589824.0,0.0541119985282421,0.0550574629570516
64.0,0.0,3.0,0.0,0.0,64.0,64.0,0.0,0.0,0.0,192.0,36864.0,0.0568960011005401,0.0549122010136589
1024.0,0.0,3.0,0.0,0.0,1024.0,1024.0,0.0,0.0,0.0,3072.0,9437184.0,0.0706880018115043,0.07043299367351093
256.0,0.0,3.0,0.0,0.0,256.0,256.0,0.0,0.0,0.0,768.0,589824.0,0.0548480004072189,0.0550574629570516
1024.0,0.0,3.0,0.0,0.0,1024.0,1024.0,0.0,0.0,0.0,3072.0,9437184.0,0.0706240013241767,0.07043299367351093
128.0,0.0,3.0,0.0,0.0,128.0,128.0,0.0,0.0,0.0,384.0,147456.0,0.0586559996008873,0.05526510820789536
128.0,0.0,3.0,0.0,0.0,128.0,128.0,0.0,0.0,0.0,384.0,147456.0,0.0573440007865428,0.05526510820789536
256.0,0.0,3.0,0.0,0.0,256.0,256.0,0.0,0.0,0.0,768.0,589824.0,0.0572800002992153,0.0550574629570516
4096.0,0.0,3.0,0.0,0.0,4096.0,4096.0,0.0,0.0,0.0,12288.0,150994944.0,0.2528960108757019,0.25323921011535444
64.0,0.0,3.0,0.0,0.0,64.0,64.0,0.0,0.0,0.0,192.0,36864.0,0.0546559989452362,0.0549122010136589
4096.0,0.0,3.0,0.0,0.0,4096.0,4096.0,0.0,0.0,0.0,12288.0,150994944.0,0.2541120052337646,0.25323921011535444
256.0,0.0,3.0,0.0,0.0,256.0,256.0,0.0,0.0,0.0,768.0,589824.0,0.0543680004775524,0.0550574629570516
1024.0,0.0,3.0,0.0,0.0,1024.0,1024.0,0.0,0.0,0.0,3072.0,9437184.0,0.0696000009775161,0.07043299367351093
128.0,0.0,3.0,0.0,0.0,128.0,128.0,0.0,0.0,0.0,384.0,147456.0,0.0563200004398822,0.05526510820789536
128.0,0.0,3.0,0.0,0.0,128.0,128.0,0.0,0.0,0.0,384.0,147456.0,0.0558080002665519,0.05526510820789536
512.0,0.0,3.0,0.0,0.0,512.0,512.0,0.0,0.0,0.0,1536.0,2359296.0,0.0543360002338886,0.05557060755524463
64.0,0.0,3.0,0.0,0.0,64.0,64.0,0.0,0.0,0.0,192.0,36864.0,0.055231999605894,0.0549122010136589
4096.0,0.0,3.0,0.0,0.0,4096.0,4096.0,0.0,0.0,0.0,12288.0,150994944.0,0.2535040080547333,0.25323921011535444
256.0,0.0,3.0,0.0,0.0,256.0,256.0,0.0,0.0,0.0,768.0,589824.0,0.0549440011382103,0.0550574629570516
4096.0,0.0,3.0,0.0,0.0,4096.0,4096.0,0.0,0.0,0.0,12288.0,150994944.0,0.2573440074920654,0.25323921011535444
1024.0,0.0,3.0,0.0,0.0,1024.0,1024.0,0.0,0.0,0.0,3072.0,9437184.0,0.0705280005931854,0.07043299367351093
128.0,0.0,3.0,0.0,0.0,128.0,128.0,0.0,0.0,0.0,384.0,147456.0,0.0565759986639022,0.05526510820789536
128.0,0.0,3.0,0.0,0.0,128.0,128.0,0.0,0.0,0.0,384.0,147456.0,0.0568960011005401,0.05526510820789536
512.0,0.0,3.0,0.0,0.0,512.0,512.0,0.0,0.0,0.0,1536.0,2359296.0,0.0560000017285347,0.05557060755524463
64.0,0.0,3.0,0.0,0.0,64.0,64.0,0.0,0.0,0.0,192.0,36864.0,0.0564160011708736,0.0549122010136589
256.0,0.0,3.0,0.0,0.0,256.0,256.0,0.0,0.0,0.0,768.0,589824.0,0.0543360002338886,0.0550574629570516
4096.0,0.0,3.0,0.0,0.0,4096.0,4096.0,0.0,0.0,0.0,12288.0,150994944.0,0.2525759935379028,0.25323921011535444
4096.0,0.0,3.0,0.0,0.0,4096.0,4096.0,0.0,0.0,0.0,12288.0,150994944.0,0.2532159984111786,0.25323921011535444
1024.0,0.0,3.0,0.0,0.0,1024.0,1024.0,0.0,0.0,0.0,3072.0,9437184.0,0.0724480003118515,0.07043299367351093
128.0,0.0,3.0,0.0,0.0,128.0,128.0,0.0,0.0,0.0,384.0,147456.0,0.0571519993245601,0.05526510820789536
256.0,0.0,3.0,0.0,0.0,256.0,256.0,0.0,0.0,0.0,768.0,589824.0,0.0584959983825683,0.0550574629570516
512.0,0.0,3.0,0.0,0.0,512.0,512.0,0.0,0.0,0.0,1536.0,2359296.0,0.0542399995028972,0.05557060755524463
256.0,0.0,3.0,0.0,0.0,256.0,256.0,0.0,0.0,0.0,768.0,589824.0,0.0223360005766153,0.0550574629570516
4096.0,0.0,3.0,0.0,0.0,4096.0,4096.0,0.0,0.0,0.0,12288.0,150994944.0,0.252128005027771,0.25323921011535444
64.0,0.0,3.0,0.0,0.0,64.0,64.0,0.0,0.0,0.0,192.0,36864.0,0.0165759995579719,0.0549122010136589
4096.0,0.0,3.0,0.0,0.0,4096.0,4096.0,0.0,0.0,0.0,12288.0,150994944.0,0.2535679936408996,0.25323921011535444
1024.0,0.0,3.0,0.0,0.0,1024.0,1024.0,0.0,0.0,0.0,3072.0,9437184.0,0.0729279965162277,0.07043299367351093
128.0,0.0,3.0,0.0,0.0,128.0,128.0,0.0,0.0,0.0,384.0,147456.0,0.0571839995682239,0.05526510820789536
256.0,0.0,3.0,0.0,0.0,256.0,256.0,0.0,0.0,0.0,768.0,589824.0,0.0571519993245601,0.0550574629570516
512.0,0.0,3.0,0.0,0.0,512.0,512.0,0.0,0.0,0.0,1536.0,2359296.0,0.0552639998495578,0.05557060755524463
256.0,0.0,3.0,0.0,0.0,256.0,256.0,0.0,0.0,0.0,768.0,589824.0,0.0548480004072189,0.0550574629570516
128.0,0.0,3.0,0.0,0.0,128.0,128.0,0.0,0.0,0.0,384.0,147456.0,0.0570879988372325,0.05526510820789536
4096.0,0.0,3.0,0.0,0.0,4096.0,4096.0,0.0,0.0,0.0,12288.0,150994944.0,0.2540160119533539,0.25323921011535444
1024.0,0.0,3.0,0.0,0.0,1024.0,1024.0,0.0,0.0,0.0,3072.0,9437184.0,0.0711679980158805,0.07043299367351093
256.0,0.0,3.0,0.0,0.0,256.0,256.0,0.0,0.0,0.0,768.0,589824.0,0.057472001761198,0.0550574629570516
128.0,0.0,3.0,0.0,0.0,128.0,128.0,0.0,0.0,0.0,384.0,147456.0,0.0559360012412071,0.05526510820789536
512.0,0.0,3.0,0.0,0.0,512.0,512.0,0.0,0.0,0.0,1536.0,2359296.0,0.0551999993622303,0.05557060755524463
512.0,0.0,3.0,0.0,0.0,512.0,512.0,0.0,0.0,0.0,1536.0,2359296.0,0.0538880005478858,0.05557060755524463
128.0,0.0,3.0,0.0,0.0,128.0,128.0,0.0,0.0,0.0,384.0,147456.0,0.0561919994652271,0.05526510820789536
1024.0,0.0,3.0,0.0,0.0,1024.0,1024.0,0.0,0.0,0.0,3072.0,9437184.0,0.0701439976692199,0.07043299367351093
4096.0,0.0,3.0,0.0,0.0,4096.0,4096.0,0.0,0.0,0.0,12288.0,150994944.0,0.254144012928009,0.25323921011535444
256.0,0.0,3.0,0.0,0.0,256.0,256.0,0.0,0.0,0.0,768.0,589824.0,0.0580479986965656,0.0550574629570516
128.0,0.0,3.0,0.0,0.0,128.0,128.0,0.0,0.0,0.0,384.0,147456.0,0.0561599992215633,0.05526510820789536
512.0,0.0,3.0,0.0,0.0,512.0,512.0,0.0,0.0,0.0,1536.0,2359296.0,0.0545280016958713,0.05557060755524463
512.0,0.0,3.0,0.0,0.0,512.0,512.0,0.0,0.0,0.0,1536.0,2359296.0,0.0558080002665519,0.05557060755524463
128.0,0.0,3.0,0.0,0.0,128.0,128.0,0.0,0.0,0.0,384.0,147456.0,0.0552960000932216,0.05526510820789536
4096.0,0.0,3.0,0.0,0.0,4096.0,4096.0,0.0,0.0,0.0,12288.0,150994944.0,0.2524160146713257,0.25323921011535444
256.0,0.0,3.0,0.0,0.0,256.0,256.0,0.0,0.0,0.0,768.0,589824.0,0.0570879988372325,0.0550574629570516
4096.0,0.0,3.0,0.0,0.0,4096.0,4096.0,0.0,0.0,0.0,12288.0,150994944.0,0.252480000257492,0.25323921011535444
128.0,0.0,3.0,0.0,0.0,128.0,128.0,0.0,0.0,0.0,384.0,147456.0,0.0575039982795715,0.05526510820789536
16384.0,0.0,3.0,0.0,0.0,16384.0,16384.0,0.0,0.0,0.0,49152.0,2415919104.0,2.79420804977417,2.8434982739427275
512.0,0.0,3.0,0.0,0.0,512.0,512.0,0.0,0.0,0.0,1536.0,2359296.0,0.0561599992215633,0.05557060755524463
512.0,0.0,3.0,0.0,0.0,512.0,512.0,0.0,0.0,0.0,1536.0,2359296.0,0.0546239987015724,0.05557060755524463
128.0,0.0,3.0,0.0,0.0,128.0,128.0,0.0,0.0,0.0,384.0,147456.0,0.0555200017988681,0.05526510820789536
256.0,0.0,3.0,0.0,0.0,256.0,256.0,0.0,0.0,0.0,768.0,589824.0,0.0569920018315315,0.0550574629570516
4096.0,0.0,3.0,0.0,0.0,4096.0,4096.0,0.0,0.0,0.0,12288.0,150994944.0,0.252703994512558,0.25323921011535444
512.0,0.0,3.0,0.0,0.0,512.0,512.0,0.0,0.0,0.0,1536.0,2359296.0,0.0565759986639022,0.05557060755524463
4096.0,0.0,3.0,0.0,0.0,4096.0,4096.0,0.0,0.0,0.0,12288.0,150994944.0,0.2537280023097992,0.25323921011535444
128.0,0.0,3.0,0.0,0.0,128.0,128.0,0.0,0.0,0.0,384.0,147456.0,0.0568960011005401,0.05526510820789536
512.0,0.0,3.0,0.0,0.0,512.0,512.0,0.0,0.0,0.0,1536.0,2359296.0,0.0556159988045692,0.05557060755524463
128.0,0.0,3.0,0.0,0.0,128.0,128.0,0.0,0.0,0.0,384.0,147456.0,0.0562880001962184,0.05526510820789536
256.0,0.0,3.0,0.0,0.0,256.0,256.0,0.0,0.0,0.0,768.0,589824.0,0.0564800016582012,0.0550574629570516
4096.0,0.0,3.0,0.0,0.0,4096.0,4096.0,0.0,0.0,0.0,12288.0,150994944.0,0.2530879974365234,0.25323921011535444
512.0,0.0,3.0,0.0,0.0,512.0,512.0,0.0,0.0,0.0,1536.0,2359296.0,0.0559040009975433,0.05557060755524463
256.0,0.0,3.0,0.0,0.0,256.0,256.0,0.0,0.0,0.0,768.0,589824.0,0.0554560013115406,0.0550574629570516
4096.0,0.0,3.0,0.0,0.0,4096.0,4096.0,0.0,0.0,0.0,12288.0,150994944.0,0.2528319954872131,0.25323921011535444
512.0,0.0,3.0,0.0,0.0,512.0,512.0,0.0,0.0,0.0,1536.0,2359296.0,0.0560959987342357,0.05557060755524463
128.0,0.0,3.0,0.0,0.0,128.0,128.0,0.0,0.0,0.0,384.0,147456.0,0.056607998907566,0.05526510820789536
256.0,0.0,3.0,0.0,0.0,256.0,256.0,0.0,0.0,0.0,768.0,589824.0,0.0580159984529018,0.0550574629570516
512.0,0.0,3.0,0.0,0.0,512.0,512.0,0.0,0.0,0.0,1536.0,2359296.0,0.0553600005805492,0.05557060755524463
4096.0,0.0,3.0,0.0,0.0,4096.0,4096.0,0.0,0.0,0.0,12288.0,150994944.0,0.2534720003604889,0.25323921011535444
256.0,0.0,3.0,0.0,0.0,256.0,256.0,0.0,0.0,0.0,768.0,589824.0,0.0559040009975433,0.0550574629570516
512.0,0.0,3.0,0.0,0.0,512.0,512.0,0.0,0.0,0.0,1536.0,2359296.0,0.0550719983875751,0.05557060755524463
4096.0,0.0,3.0,0.0,0.0,4096.0,4096.0,0.0,0.0,0.0,12288.0,150994944.0,0.2531839907169342,0.25323921011535444
128.0,0.0,3.0,0.0,0.0,128.0,128.0,0.0,0.0,0.0,384.0,147456.0,0.0571199990808963,0.05526510820789536
512.0,0.0,3.0,0.0,0.0,512.0,512.0,0.0,0.0,0.0,1536.0,2359296.0,0.055392000824213,0.05557060755524463
256.0,0.0,3.0,0.0,0.0,256.0,256.0,0.0,0.0,0.0,768.0,589824.0,0.0567359998822212,0.0550574629570516
256.0,0.0,3.0,0.0,0.0,256.0,256.0,0.0,0.0,0.0,768.0,589824.0,0.0564480014145374,0.0550574629570516
4096.0,0.0,3.0,0.0,0.0,4096.0,4096.0,0.0,0.0,0.0,12288.0,150994944.0,0.2534720003604889,0.25323921011535444
16384.0,0.0,3.0,0.0,0.0,16384.0,16384.0,0.0,0.0,0.0,49152.0,2415919104.0,2.799360036849976,2.8434982739427275
512.0,0.0,3.0,0.0,0.0,512.0,512.0,0.0,0.0,0.0,1536.0,2359296.0,0.0556159988045692,0.05557060755524463
128.0,0.0,3.0,0.0,0.0,128.0,128.0,0.0,0.0,0.0,384.0,147456.0,0.0557119995355606,0.05526510820789536
4096.0,0.0,3.0,0.0,0.0,4096.0,4096.0,0.0,0.0,0.0,12288.0,150994944.0,0.2526080012321472,0.25323921011535444
512.0,0.0,3.0,0.0,0.0,512.0,512.0,0.0,0.0,0.0,1536.0,2359296.0,0.0548160001635551,0.05557060755524463
256.0,0.0,3.0,0.0,0.0,256.0,256.0,0.0,0.0,0.0,768.0,589824.0,0.0551039986312389,0.0550574629570516
256.0,0.0,3.0,0.0,0.0,256.0,256.0,0.0,0.0,0.0,768.0,589824.0,0.056352000683546,0.0550574629570516
4096.0,0.0,3.0,0.0,0.0,4096.0,4096.0,0.0,0.0,0.0,12288.0,150994944.0,0.2513599991798401,0.25323921011535444
512.0,0.0,3.0,0.0,0.0,512.0,512.0,0.0,0.0,0.0,1536.0,2359296.0,0.0550719983875751,0.05557060755524463
128.0,0.0,3.0,0.0,0.0,128.0,128.0,0.0,0.0,0.0,384.0,147456.0,0.0557760000228881,0.05526510820789536
1024.0,0.0,3.0,0.0,0.0,1024.0,1024.0,0.0,0.0,0.0,3072.0,9437184.0,0.0713919997215271,0.07043299367351093
256.0,0.0,3.0,0.0,0.0,256.0,256.0,0.0,0.0,0.0,768.0,589824.0,0.0572800002992153,0.0550574629570516
256.0,0.0,3.0,0.0,0.0,256.0,256.0,0.0,0.0,0.0,768.0,589824.0,0.0585919991135597,0.0550574629570516
4096.0,0.0,3.0,0.0,0.0,4096.0,4096.0,0.0,0.0,0.0,12288.0,150994944.0,0.2523199915885925,0.25323921011535444
512.0,0.0,3.0,0.0,0.0,512.0,512.0,0.0,0.0,0.0,1536.0,2359296.0,0.0455680005252361,0.05557060755524463
1024.0,0.0,3.0,0.0,0.0,1024.0,1024.0,0.0,0.0,0.0,3072.0,9437184.0,0.0706880018115043,0.07043299367351093
256.0,0.0,3.0,0.0,0.0,256.0,256.0,0.0,0.0,0.0,768.0,589824.0,0.0562559999525547,0.0550574629570516
128.0,0.0,3.0,0.0,0.0,128.0,128.0,0.0,0.0,0.0,384.0,147456.0,0.026528000831604,0.05526510820789536
512.0,0.0,3.0,0.0,0.0,512.0,512.0,0.0,0.0,0.0,1536.0,2359296.0,0.0567039996385574,0.05557060755524463
4096.0,0.0,3.0,0.0,0.0,4096.0,4096.0,0.0,0.0,0.0,12288.0,150994944.0,0.2521600127220154,0.25323921011535444
512.0,0.0,3.0,0.0,0.0,512.0,512.0,0.0,0.0,0.0,1536.0,2359296.0,0.0540799982845783,0.05557060755524463
1024.0,0.0,3.0,0.0,0.0,1024.0,1024.0,0.0,0.0,0.0,3072.0,9437184.0,0.0705280005931854,0.07043299367351093
256.0,0.0,3.0,0.0,0.0,256.0,256.0,0.0,0.0,0.0,768.0,589824.0,0.0556159988045692,0.0550574629570516
512.0,0.0,3.0,0.0,0.0,512.0,512.0,0.0,0.0,0.0,1536.0,2359296.0,0.0566399991512298,0.05557060755524463
128.0,0.0,3.0,0.0,0.0,128.0,128.0,0.0,0.0,0.0,384.0,147456.0,0.0552639998495578,0.05526510820789536
16384.0,0.0,3.0,0.0,0.0,16384.0,16384.0,0.0,0.0,0.0,49152.0,2415919104.0,2.821280002593994,2.8434982739427275
4096.0,0.0,3.0,0.0,0.0,4096.0,4096.0,0.0,0.0,0.0,12288.0,150994944.0,0.2513599991798401,0.25323921011535444
16384.0,0.0,3.0,0.0,0.0,16384.0,16384.0,0.0,0.0,0.0,49152.0,2415919104.0,2.818847894668579,2.8434982739427275
1024.0,0.0,3.0,0.0,0.0,1024.0,1024.0,0.0,0.0,0.0,3072.0,9437184.0,0.0712319985032081,0.07043299367351093
512.0,0.0,3.0,0.0,0.0,512.0,512.0,0.0,0.0,0.0,1536.0,2359296.0,0.054271999746561,0.05557060755524463
256.0,0.0,3.0,0.0,0.0,256.0,256.0,0.0,0.0,0.0,768.0,589824.0,0.0569280013442039,0.0550574629570516
512.0,0.0,3.0,0.0,0.0,512.0,512.0,0.0,0.0,0.0,1536.0,2359296.0,0.0569280013442039,0.05557060755524463
256.0,0.0,3.0,0.0,0.0,256.0,256.0,0.0,0.0,0.0,768.0,589824.0,0.0550080016255378,0.0550574629570516
4096.0,0.0,3.0,0.0,0.0,4096.0,4096.0,0.0,0.0,0.0,12288.0,150994944.0,0.2516160011291504,0.25323921011535444
1024.0,0.0,3.0,0.0,0.0,1024.0,1024.0,0.0,0.0,0.0,3072.0,9437184.0,0.0703679993748664,0.07043299367351093
1024.0,0.0,3.0,0.0,0.0,1024.0,1024.0,0.0,0.0,0.0,3072.0,9437184.0,0.0700159966945648,0.07043299367351093
256.0,0.0,3.0,0.0,0.0,256.0,256.0,0.0,0.0,0.0,768.0,589824.0,0.0570559985935688,0.0550574629570516
512.0,0.0,3.0,0.0,0.0,512.0,512.0,0.0,0.0,0.0,1536.0,2359296.0,0.0559040009975433,0.05557060755524463
256.0,0.0,3.0,0.0,0.0,256.0,256.0,0.0,0.0,0.0,768.0,589824.0,0.0557119995355606,0.0550574629570516
1024.0,0.0,3.0,0.0,0.0,1024.0,1024.0,0.0,0.0,0.0,3072.0,9437184.0,0.0718400031328201,0.07043299367351093
4096.0,0.0,3.0,0.0,0.0,4096.0,4096.0,0.0,0.0,0.0,12288.0,150994944.0,0.2536639869213104,0.25323921011535444
1024.0,0.0,3.0,0.0,0.0,1024.0,1024.0,0.0,0.0,0.0,3072.0,9437184.0,0.0696000009775161,0.07043299367351093
256.0,0.0,3.0,0.0,0.0,256.0,256.0,0.0,0.0,0.0,768.0,589824.0,0.0559680014848709,0.0550574629570516
512.0,0.0,3.0,0.0,0.0,512.0,512.0,0.0,0.0,0.0,1536.0,2359296.0,0.0572480000555515,0.05557060755524463
256.0,0.0,3.0,0.0,0.0,256.0,256.0,0.0,0.0,0.0,768.0,589824.0,0.0558720007538795,0.0550574629570516
1024.0,0.0,3.0,0.0,0.0,1024.0,1024.0,0.0,0.0,0.0,3072.0,9437184.0,0.0718400031328201,0.07043299367351093
1024.0,0.0,3.0,0.0,0.0,1024.0,1024.0,0.0,0.0,0.0,3072.0,9437184.0,0.0699520036578178,0.07043299367351093
256.0,0.0,3.0,0.0,0.0,256.0,256.0,0.0,0.0,0.0,768.0,589824.0,0.0543360002338886,0.0550574629570516
512.0,0.0,3.0,0.0,0.0,512.0,512.0,0.0,0.0,0.0,1536.0,2359296.0,0.0576319992542266,0.05557060755524463
4096.0,0.0,3.0,0.0,0.0,4096.0,4096.0,0.0,0.0,0.0,12288.0,150994944.0,0.2504960000514984,0.25323921011535444
16384.0,0.0,3.0,0.0,0.0,16384.0,16384.0,0.0,0.0,0.0,49152.0,2415919104.0,2.875776052474976,2.8434982739427275
256.0,0.0,3.0,0.0,0.0,256.0,256.0,0.0,0.0,0.0,768.0,589824.0,0.0556799992918968,0.0550574629570516
1024.0,0.0,3.0,0.0,0.0,1024.0,1024.0,0.0,0.0,0.0,3072.0,9437184.0,0.0705280005931854,0.07043299367351093
16384.0,0.0,3.0,0.0,0.0,16384.0,16384.0,0.0,0.0,0.0,49152.0,2415919104.0,2.8277759552001958,2.8434982739427275
1024.0,0.0,3.0,0.0,0.0,1024.0,1024.0,0.0,0.0,0.0,3072.0,9437184.0,0.0695360004901886,0.07043299367351093
512.0,0.0,3.0,0.0,0.0,512.0,512.0,0.0,0.0,0.0,1536.0,2359296.0,0.0571519993245601,0.05557060755524463
256.0,0.0,3.0,0.0,0.0,256.0,256.0,0.0,0.0,0.0,768.0,589824.0,0.0568000003695488,0.0550574629570516
256.0,0.0,3.0,0.0,0.0,256.0,256.0,0.0,0.0,0.0,768.0,589824.0,0.0203200001269578,0.0550574629570516
1024.0,0.0,3.0,0.0,0.0,1024.0,1024.0,0.0,0.0,0.0,3072.0,9437184.0,0.0706560015678405,0.07043299367351093
1024.0,0.0,3.0,0.0,0.0,1024.0,1024.0,0.0,0.0,0.0,3072.0,9437184.0,0.0710079967975616,0.07043299367351093
512.0,0.0,3.0,0.0,0.0,512.0,512.0,0.0,0.0,0.0,1536.0,2359296.0,0.0574400015175342,0.05557060755524463
256.0,0.0,3.0,0.0,0.0,256.0,256.0,0.0,0.0,0.0,768.0,589824.0,0.0559360012412071,0.0550574629570516
512.0,0.0,3.0,0.0,0.0,512.0,512.0,0.0,0.0,0.0,1536.0,2359296.0,0.0564800016582012,0.05557060755524463
1024.0,0.0,3.0,0.0,0.0,1024.0,1024.0,0.0,0.0,0.0,3072.0,9437184.0,0.0725440010428428,0.07043299367351093
1024.0,0.0,3.0,0.0,0.0,1024.0,1024.0,0.0,0.0,0.0,3072.0,9437184.0,0.0700799971818924,0.07043299367351093
512.0,0.0,3.0,0.0,0.0,512.0,512.0,0.0,0.0,0.0,1536.0,2359296.0,0.0575359985232353,0.05557060755524463
256.0,0.0,3.0,0.0,0.0,256.0,256.0,0.0,0.0,0.0,768.0,589824.0,0.0557439997792243,0.0550574629570516
512.0,0.0,3.0,0.0,0.0,512.0,512.0,0.0,0.0,0.0,1536.0,2359296.0,0.0569920018315315,0.05557060755524463
1024.0,0.0,3.0,0.0,0.0,1024.0,1024.0,0.0,0.0,0.0,3072.0,9437184.0,0.0698560029268264,0.07043299367351093
1024.0,0.0,3.0,0.0,0.0,1024.0,1024.0,0.0,0.0,0.0,3072.0,9437184.0,0.0716480016708374,0.07043299367351093
512.0,0.0,3.0,0.0,0.0,512.0,512.0,0.0,0.0,0.0,1536.0,2359296.0,0.0572800002992153,0.05557060755524463
256.0,0.0,3.0,0.0,0.0,256.0,256.0,0.0,0.0,0.0,768.0,589824.0,0.0558720007538795,0.0550574629570516
16384.0,0.0,3.0,0.0,0.0,16384.0,16384.0,0.0,0.0,0.0,49152.0,2415919104.0,2.815808057785034,2.8434982739427275
512.0,0.0,3.0,0.0,0.0,512.0,512.0,0.0,0.0,0.0,1536.0,2359296.0,0.0560959987342357,0.05557060755524463
16384.0,0.0,3.0,0.0,0.0,16384.0,16384.0,0.0,0.0,0.0,49152.0,2415919104.0,2.929503917694092,2.8434982739427275
16384.0,0.0,3.0,0.0,0.0,16384.0,16384.0,0.0,0.0,0.0,49152.0,2415919104.0,2.8331520557403564,2.8434982739427275
1024.0,0.0,3.0,0.0,0.0,1024.0,1024.0,0.0,0.0,0.0,3072.0,9437184.0,0.0722879990935325,0.07043299367351093
4096.0,0.0,3.0,0.0,0.0,4096.0,4096.0,0.0,0.0,0.0,12288.0,150994944.0,0.2554880082607269,0.25323921011535444
512.0,0.0,3.0,0.0,0.0,512.0,512.0,0.0,0.0,0.0,1536.0,2359296.0,0.0577600002288818,0.05557060755524463
512.0,0.0,3.0,0.0,0.0,512.0,512.0,0.0,0.0,0.0,1536.0,2359296.0,0.0561599992215633,0.05557060755524463
256.0,0.0,3.0,0.0,0.0,256.0,256.0,0.0,0.0,0.0,768.0,589824.0,0.04831999912858,0.0550574629570516
1024.0,0.0,3.0,0.0,0.0,1024.0,1024.0,0.0,0.0,0.0,3072.0,9437184.0,0.070880003273487,0.07043299367351093
4096.0,0.0,3.0,0.0,0.0,4096.0,4096.0,0.0,0.0,0.0,12288.0,150994944.0,0.2530879974365234,0.25323921011535444
512.0,0.0,3.0,0.0,0.0,512.0,512.0,0.0,0.0,0.0,1536.0,2359296.0,0.0563200004398822,0.05557060755524463
256.0,0.0,3.0,0.0,0.0,256.0,256.0,0.0,0.0,0.0,768.0,589824.0,0.0555839985609054,0.0550574629570516
512.0,0.0,3.0,0.0,0.0,512.0,512.0,0.0,0.0,0.0,1536.0,2359296.0,0.0537919998168945,0.05557060755524463
1024.0,0.0,3.0,0.0,0.0,1024.0,1024.0,0.0,0.0,0.0,3072.0,9437184.0,0.0717440024018287,0.07043299367351093
4096.0,0.0,3.0,0.0,0.0,4096.0,4096.0,0.0,0.0,0.0,12288.0,150994944.0,0.2543359994888305,0.25323921011535444
512.0,0.0,3.0,0.0,0.0,512.0,512.0,0.0,0.0,0.0,1536.0,2359296.0,0.0573120005428791,0.05557060755524463
256.0,0.0,3.0,0.0,0.0,256.0,256.0,0.0,0.0,0.0,768.0,589824.0,0.0562239997088909,0.0550574629570516
1024.0,0.0,3.0,0.0,0.0,1024.0,1024.0,0.0,0.0,0.0,3072.0,9437184.0,0.0712319985032081,0.07043299367351093
1024.0,0.0,3.0,0.0,0.0,1024.0,1024.0,0.0,0.0,0.0,3072.0,9437184.0,0.0706880018115043,0.07043299367351093
4096.0,0.0,3.0,0.0,0.0,4096.0,4096.0,0.0,0.0,0.0,12288.0,150994944.0,0.2539519965648651,0.25323921011535444
512.0,0.0,3.0,0.0,0.0,512.0,512.0,0.0,0.0,0.0,1536.0,2359296.0,0.0569920018315315,0.05557060755524463
16384.0,0.0,3.0,0.0,0.0,16384.0,16384.0,0.0,0.0,0.0,49152.0,2415919104.0,2.8131840229034424,2.8434982739427275
512.0,0.0,3.0,0.0,0.0,512.0,512.0,0.0,0.0,0.0,1536.0,2359296.0,0.056768000125885,0.05557060755524463
16384.0,0.0,3.0,0.0,0.0,16384.0,16384.0,0.0,0.0,0.0,49152.0,2415919104.0,2.8737599849700928,2.8434982739427275
1024.0,0.0,3.0,0.0,0.0,1024.0,1024.0,0.0,0.0,0.0,3072.0,9437184.0,0.0711359977722168,0.07043299367351093
16384.0,0.0,3.0,0.0,0.0,16384.0,16384.0,0.0,0.0,0.0,49152.0,2415919104.0,2.829440116882324,2.8434982739427275
4096.0,0.0,3.0,0.0,0.0,4096.0,4096.0,0.0,0.0,0.0,12288.0,150994944.0,0.2537600100040436,0.25323921011535444
512.0,0.0,3.0,0.0,0.0,512.0,512.0,0.0,0.0,0.0,1536.0,2359296.0,0.0559360012412071,0.05557060755524463
4096.0,0.0,3.0,0.0,0.0,4096.0,4096.0,0.0,0.0,0.0,12288.0,150994944.0,0.2520000040531158,0.25323921011535444
512.0,0.0,3.0,0.0,0.0,512.0,512.0,0.0,0.0,0.0,1536.0,2359296.0,0.0569600015878677,0.05557060755524463
1024.0,0.0,3.0,0.0,0.0,1024.0,1024.0,0.0,0.0,0.0,3072.0,9437184.0,0.0721599981188774,0.07043299367351093
4096.0,0.0,3.0,0.0,0.0,4096.0,4096.0,0.0,0.0,0.0,12288.0,150994944.0,0.2550719976425171,0.25323921011535444
512.0,0.0,3.0,0.0,0.0,512.0,512.0,0.0,0.0,0.0,1536.0,2359296.0,0.0559680014848709,0.05557060755524463
512.0,0.0,3.0,0.0,0.0,512.0,512.0,0.0,0.0,0.0,1536.0,2359296.0,0.055392000824213,0.05557060755524463
4096.0,0.0,3.0,0.0,0.0,4096.0,4096.0,0.0,0.0,0.0,12288.0,150994944.0,0.253248006105423,0.25323921011535444
1024.0,0.0,3.0,0.0,0.0,1024.0,1024.0,0.0,0.0,0.0,3072.0,9437184.0,0.0711679980158805,0.07043299367351093
4096.0,0.0,3.0,0.0,0.0,4096.0,4096.0,0.0,0.0,0.0,12288.0,150994944.0,0.2528960108757019,0.25323921011535444
512.0,0.0,3.0,0.0,0.0,512.0,512.0,0.0,0.0,0.0,1536.0,2359296.0,0.0563840009272098,0.05557060755524463
512.0,0.0,3.0,0.0,0.0,512.0,512.0,0.0,0.0,0.0,1536.0,2359296.0,0.0256960000842809,0.05557060755524463
4096.0,0.0,3.0,0.0,0.0,4096.0,4096.0,0.0,0.0,0.0,12288.0,150994944.0,0.2534080147743225,0.25323921011535444
1024.0,0.0,3.0,0.0,0.0,1024.0,1024.0,0.0,0.0,0.0,3072.0,9437184.0,0.0728960037231445,0.07043299367351093
512.0,0.0,3.0,0.0,0.0,512.0,512.0,0.0,0.0,0.0,1536.0,2359296.0,0.0565759986639022,0.05557060755524463
4096.0,0.0,3.0,0.0,0.0,4096.0,4096.0,0.0,0.0,0.0,12288.0,150994944.0,0.2535040080547333,0.25323921011535444
16384.0,0.0,3.0,0.0,0.0,16384.0,16384.0,0.0,0.0,0.0,49152.0,2415919104.0,2.8124799728393555,2.8434982739427275
512.0,0.0,3.0,0.0,0.0,512.0,512.0,0.0,0.0,0.0,1536.0,2359296.0,0.0568320006132125,0.05557060755524463
16384.0,0.0,3.0,0.0,0.0,16384.0,16384.0,0.0,0.0,0.0,49152.0,2415919104.0,2.9386560916900635,2.8434982739427275
4096.0,0.0,3.0,0.0,0.0,4096.0,4096.0,0.0,0.0,0.0,12288.0,150994944.0,0.2539519965648651,0.25323921011535444
1024.0,0.0,3.0,0.0,0.0,1024.0,1024.0,0.0,0.0,0.0,3072.0,9437184.0,0.0721919983625412,0.07043299367351093
16384.0,0.0,3.0,0.0,0.0,16384.0,16384.0,0.0,0.0,0.0,49152.0,2415919104.0,2.846143960952759,2.8434982739427275
512.0,0.0,3.0,0.0,0.0,512.0,512.0,0.0,0.0,0.0,1536.0,2359296.0,0.0556159988045692,0.05557060755524463
4096.0,0.0,3.0,0.0,0.0,4096.0,4096.0,0.0,0.0,0.0,12288.0,150994944.0,0.2534720003604889,0.25323921011535444
1024.0,0.0,3.0,0.0,0.0,1024.0,1024.0,0.0,0.0,0.0,3072.0,9437184.0,0.0715200006961822,0.07043299367351093
1024.0,0.0,3.0,0.0,0.0,1024.0,1024.0,0.0,0.0,0.0,3072.0,9437184.0,0.0729919970035553,0.07043299367351093
4096.0,0.0,3.0,0.0,0.0,4096.0,4096.0,0.0,0.0,0.0,12288.0,150994944.0,0.2520639896392822,0.25323921011535444
512.0,0.0,3.0,0.0,0.0,512.0,512.0,0.0,0.0,0.0,1536.0,2359296.0,0.0551999993622303,0.05557060755524463
1024.0,0.0,3.0,0.0,0.0,1024.0,1024.0,0.0,0.0,0.0,3072.0,9437184.0,0.0710399970412254,0.07043299367351093
4096.0,0.0,3.0,0.0,0.0,4096.0,4096.0,0.0,0.0,0.0,12288.0,150994944.0,0.2525120079517364,0.25323921011535444
1024.0,0.0,3.0,0.0,0.0,1024.0,1024.0,0.0,0.0,0.0,3072.0,9437184.0,0.0709120035171508,0.07043299367351093
4096.0,0.0,3.0,0.0,0.0,4096.0,4096.0,0.0,0.0,0.0,12288.0,150994944.0,0.2525439858436584,0.25323921011535444
1024.0,0.0,3.0,0.0,0.0,1024.0,1024.0,0.0,0.0,0.0,3072.0,9437184.0,0.0702719986438751,0.07043299367351093
512.0,0.0,3.0,0.0,0.0,512.0,512.0,0.0,0.0,0.0,1536.0,2359296.0,0.0575999990105629,0.05557060755524463
4096.0,0.0,3.0,0.0,0.0,4096.0,4096.0,0.0,0.0,0.0,12288.0,150994944.0,0.2533760070800781,0.25323921011535444
1024.0,0.0,3.0,0.0,0.0,1024.0,1024.0,0.0,0.0,0.0,3072.0,9437184.0,0.0715840011835098,0.07043299367351093
16384.0,0.0,3.0,0.0,0.0,16384.0,16384.0,0.0,0.0,0.0,49152.0,2415919104.0,2.813920021057129,2.8434982739427275
1024.0,0.0,3.0,0.0,0.0,1024.0,1024.0,0.0,0.0,0.0,3072.0,9437184.0,0.0722559988498687,0.07043299367351093
4096.0,0.0,3.0,0.0,0.0,4096.0,4096.0,0.0,0.0,0.0,12288.0,150994944.0,0.2532159984111786,0.25323921011535444
512.0,0.0,3.0,0.0,0.0,512.0,512.0,0.0,0.0,0.0,1536.0,2359296.0,0.0568960011005401,0.05557060755524463
16384.0,0.0,3.0,0.0,0.0,16384.0,16384.0,0.0,0.0,0.0,49152.0,2415919104.0,2.8224639892578125,2.8434982739427275
4096.0,0.0,3.0,0.0,0.0,4096.0,4096.0,0.0,0.0,0.0,12288.0,150994944.0,0.2522880136966705,0.25323921011535444
16384.0,0.0,3.0,0.0,0.0,16384.0,16384.0,0.0,0.0,0.0,49152.0,2415919104.0,2.848128080368042,2.8434982739427275
1024.0,0.0,3.0,0.0,0.0,1024.0,1024.0,0.0,0.0,0.0,3072.0,9437184.0,0.04390399903059,0.07043299367351093
1024.0,0.0,3.0,0.0,0.0,1024.0,1024.0,0.0,0.0,0.0,3072.0,9437184.0,0.0712639987468719,0.07043299367351093
512.0,0.0,3.0,0.0,0.0,512.0,512.0,0.0,0.0,0.0,1536.0,2359296.0,0.0568320006132125,0.05557060755524463
4096.0,0.0,3.0,0.0,0.0,4096.0,4096.0,0.0,0.0,0.0,12288.0,150994944.0,0.2556799948215484,0.25323921011535444
1024.0,0.0,3.0,0.0,0.0,1024.0,1024.0,0.0,0.0,0.0,3072.0,9437184.0,0.0735680013895034,0.07043299367351093
1024.0,0.0,3.0,0.0,0.0,1024.0,1024.0,0.0,0.0,0.0,3072.0,9437184.0,0.0734080001711845,0.07043299367351093
512.0,0.0,3.0,0.0,0.0,512.0,512.0,0.0,0.0,0.0,1536.0,2359296.0,0.0556799992918968,0.05557060755524463
4096.0,0.0,3.0,0.0,0.0,4096.0,4096.0,0.0,0.0,0.0,12288.0,150994944.0,0.2540479898452759,0.25323921011535444
1024.0,0.0,3.0,0.0,0.0,1024.0,1024.0,0.0,0.0,0.0,3072.0,9437184.0,0.071552000939846,0.07043299367351093
4096.0,0.0,3.0,0.0,0.0,4096.0,4096.0,0.0,0.0,0.0,12288.0,150994944.0,0.2534399926662445,0.25323921011535444
1024.0,0.0,3.0,0.0,0.0,1024.0,1024.0,0.0,0.0,0.0,3072.0,9437184.0,0.0713279992341995,0.07043299367351093
16384.0,0.0,3.0,0.0,0.0,16384.0,16384.0,0.0,0.0,0.0,49152.0,2415919104.0,2.815711975097656,2.8434982739427275
1024.0,0.0,3.0,0.0,0.0,1024.0,1024.0,0.0,0.0,0.0,3072.0,9437184.0,0.0712319985032081,0.07043299367351093
4096.0,0.0,3.0,0.0,0.0,4096.0,4096.0,0.0,0.0,0.0,12288.0,150994944.0,0.254144012928009,0.25323921011535444
16384.0,0.0,3.0,0.0,0.0,16384.0,16384.0,0.0,0.0,0.0,49152.0,2415919104.0,2.79584002494812,2.8434982739427275
1024.0,0.0,3.0,0.0,0.0,1024.0,1024.0,0.0,0.0,0.0,3072.0,9437184.0,0.070592001080513,0.07043299367351093
4096.0,0.0,3.0,0.0,0.0,4096.0,4096.0,0.0,0.0,0.0,12288.0,150994944.0,0.2535359859466553,0.25323921011535444
16384.0,0.0,3.0,0.0,0.0,16384.0,16384.0,0.0,0.0,0.0,49152.0,2415919104.0,2.8034560680389404,2.8434982739427275
16384.0,0.0,3.0,0.0,0.0,16384.0,16384.0,0.0,0.0,0.0,49152.0,2415919104.0,2.84335994720459,2.8434982739427275
1024.0,0.0,3.0,0.0,0.0,1024.0,1024.0,0.0,0.0,0.0,3072.0,9437184.0,0.062399998307228,0.07043299367351093
1024.0,0.0,3.0,0.0,0.0,1024.0,1024.0,0.0,0.0,0.0,3072.0,9437184.0,0.0717120021581649,0.07043299367351093
4096.0,0.0,3.0,0.0,0.0,4096.0,4096.0,0.0,0.0,0.0,12288.0,150994944.0,0.2539199888706207,0.25323921011535444
4096.0,0.0,3.0,0.0,0.0,4096.0,4096.0,0.0,0.0,0.0,12288.0,150994944.0,0.2542720139026642,0.25323921011535444
1024.0,0.0,3.0,0.0,0.0,1024.0,1024.0,0.0,0.0,0.0,3072.0,9437184.0,0.0716160014271736,0.07043299367351093
1024.0,0.0,3.0,0.0,0.0,1024.0,1024.0,0.0,0.0,0.0,3072.0,9437184.0,0.0710719972848892,0.07043299367351093
4096.0,0.0,3.0,0.0,0.0,4096.0,4096.0,0.0,0.0,0.0,12288.0,150994944.0,0.2513920068740845,0.25323921011535444
1024.0,0.0,3.0,0.0,0.0,1024.0,1024.0,0.0,0.0,0.0,3072.0,9437184.0,0.0708160027861595,0.07043299367351093
1024.0,0.0,3.0,0.0,0.0,1024.0,1024.0,0.0,0.0,0.0,3072.0,9437184.0,0.0719999969005584,0.07043299367351093
4096.0,0.0,3.0,0.0,0.0,4096.0,4096.0,0.0,0.0,0.0,12288.0,150994944.0,0.2546559870243072,0.25323921011535444
16384.0,0.0,3.0,0.0,0.0,16384.0,16384.0,0.0,0.0,0.0,49152.0,2415919104.0,2.901983976364136,2.8434982739427275
16384.0,0.0,3.0,0.0,0.0,16384.0,16384.0,0.0,0.0,0.0,49152.0,2415919104.0,2.79967999458313,2.8434982739427275
1024.0,0.0,3.0,0.0,0.0,1024.0,1024.0,0.0,0.0,0.0,3072.0,9437184.0,0.0706880018115043,0.07043299367351093
4096.0,0.0,3.0,0.0,0.0,4096.0,4096.0,0.0,0.0,0.0,12288.0,150994944.0,0.2528319954872131,0.25323921011535444
16384.0,0.0,3.0,0.0,0.0,16384.0,16384.0,0.0,0.0,0.0,49152.0,2415919104.0,2.803936004638672,2.8434982739427275
16384.0,0.0,3.0,0.0,0.0,16384.0,16384.0,0.0,0.0,0.0,49152.0,2415919104.0,2.866431951522827,2.8434982739427275
4096.0,0.0,3.0,0.0,0.0,4096.0,4096.0,0.0,0.0,0.0,12288.0,150994944.0,0.2534080147743225,0.25323921011535444
1024.0,0.0,3.0,0.0,0.0,1024.0,1024.0,0.0,0.0,0.0,3072.0,9437184.0,0.0720319971442222,0.07043299367351093
4096.0,0.0,3.0,0.0,0.0,4096.0,4096.0,0.0,0.0,0.0,12288.0,150994944.0,0.2544000148773193,0.25323921011535444
16384.0,0.0,3.0,0.0,0.0,16384.0,16384.0,0.0,0.0,0.0,49152.0,2415919104.0,2.8080320358276367,2.8434982739427275
4096.0,0.0,3.0,0.0,0.0,4096.0,4096.0,0.0,0.0,0.0,12288.0,150994944.0,0.2512960135936737,0.25323921011535444
1024.0,0.0,3.0,0.0,0.0,1024.0,1024.0,0.0,0.0,0.0,3072.0,9437184.0,0.0713919997215271,0.07043299367351093
4096.0,0.0,3.0,0.0,0.0,4096.0,4096.0,0.0,0.0,0.0,12288.0,150994944.0,0.2534720003604889,0.25323921011535444
4096.0,0.0,3.0,0.0,0.0,4096.0,4096.0,0.0,0.0,0.0,12288.0,150994944.0,0.2520959973335266,0.25323921011535444
1024.0,0.0,3.0,0.0,0.0,1024.0,1024.0,0.0,0.0,0.0,3072.0,9437184.0,0.0718080028891563,0.07043299367351093
4096.0,0.0,3.0,0.0,0.0,4096.0,4096.0,0.0,0.0,0.0,12288.0,150994944.0,0.252703994512558,0.25323921011535444
16384.0,0.0,3.0,0.0,0.0,16384.0,16384.0,0.0,0.0,0.0,49152.0,2415919104.0,2.833728075027466,2.8434982739427275
16384.0,0.0,3.0,0.0,0.0,16384.0,16384.0,0.0,0.0,0.0,49152.0,2415919104.0,2.8056960105896,2.8434982739427275
1024.0,0.0,3.0,0.0,0.0,1024.0,1024.0,0.0,0.0,0.0,3072.0,9437184.0,0.0727680027484893,0.07043299367351093
16384.0,0.0,3.0,0.0,0.0,16384.0,16384.0,0.0,0.0,0.0,49152.0,2415919104.0,2.805056095123291,2.8434982739427275
4096.0,0.0,3.0,0.0,0.0,4096.0,4096.0,0.0,0.0,0.0,12288.0,150994944.0,0.2529920041561126,0.25323921011535444
4096.0,0.0,3.0,0.0,0.0,4096.0,4096.0,0.0,0.0,0.0,12288.0,150994944.0,0.2528640031814575,0.25323921011535444
16384.0,0.0,3.0,0.0,0.0,16384.0,16384.0,0.0,0.0,0.0,49152.0,2415919104.0,2.9476161003112797,2.8434982739427275
1024.0,0.0,3.0,0.0,0.0,1024.0,1024.0,0.0,0.0,0.0,3072.0,9437184.0,0.0708480030298233,0.07043299367351093
4096.0,0.0,3.0,0.0,0.0,4096.0,4096.0,0.0,0.0,0.0,12288.0,150994944.0,0.2537919878959656,0.25323921011535444
4096.0,0.0,3.0,0.0,0.0,4096.0,4096.0,0.0,0.0,0.0,12288.0,150994944.0,0.254175990819931,0.25323921011535444
16384.0,0.0,3.0,0.0,0.0,16384.0,16384.0,0.0,0.0,0.0,49152.0,2415919104.0,2.825792074203491,2.8434982739427275
1024.0,0.0,3.0,0.0,0.0,1024.0,1024.0,0.0,0.0,0.0,3072.0,9437184.0,0.0436800010502338,0.07043299367351093
4096.0,0.0,3.0,0.0,0.0,4096.0,4096.0,0.0,0.0,0.0,12288.0,150994944.0,0.2522880136966705,0.25323921011535444
4096.0,0.0,3.0,0.0,0.0,4096.0,4096.0,0.0,0.0,0.0,12288.0,150994944.0,0.253055989742279,0.25323921011535444
4096.0,0.0,3.0,0.0,0.0,4096.0,4096.0,0.0,0.0,0.0,12288.0,150994944.0,0.2522880136966705,0.25323921011535444
16384.0,0.0,3.0,0.0,0.0,16384.0,16384.0,0.0,0.0,0.0,49152.0,2415919104.0,2.833791971206665,2.8434982739427275
16384.0,0.0,3.0,0.0,0.0,16384.0,16384.0,0.0,0.0,0.0,49152.0,2415919104.0,2.806272029876709,2.8434982739427275
4096.0,0.0,3.0,0.0,0.0,4096.0,4096.0,0.0,0.0,0.0,12288.0,150994944.0,0.2535359859466553,0.25323921011535444
16384.0,0.0,3.0,0.0,0.0,16384.0,16384.0,0.0,0.0,0.0,49152.0,2415919104.0,2.807104110717773,2.8434982739427275
4096.0,0.0,3.0,0.0,0.0,4096.0,4096.0,0.0,0.0,0.0,12288.0,150994944.0,0.2539519965648651,0.25323921011535444
16384.0,0.0,3.0,0.0,0.0,16384.0,16384.0,0.0,0.0,0.0,49152.0,2415919104.0,2.8962559700012207,2.8434982739427275
4096.0,0.0,3.0,0.0,0.0,4096.0,4096.0,0.0,0.0,0.0,12288.0,150994944.0,0.2529279887676239,0.25323921011535444
4096.0,0.0,3.0,0.0,0.0,4096.0,4096.0,0.0,0.0,0.0,12288.0,150994944.0,0.2540160119533539,0.25323921011535444
16384.0,0.0,3.0,0.0,0.0,16384.0,16384.0,0.0,0.0,0.0,49152.0,2415919104.0,2.8228158950805664,2.8434982739427275
4096.0,0.0,3.0,0.0,0.0,4096.0,4096.0,0.0,0.0,0.0,12288.0,150994944.0,0.2523519992828369,0.25323921011535444
4096.0,0.0,3.0,0.0,0.0,4096.0,4096.0,0.0,0.0,0.0,12288.0,150994944.0,0.2536639869213104,0.25323921011535444
16384.0,0.0,3.0,0.0,0.0,16384.0,16384.0,0.0,0.0,0.0,49152.0,2415919104.0,2.783776044845581,2.8434982739427275
4096.0,0.0,3.0,0.0,0.0,4096.0,4096.0,0.0,0.0,0.0,12288.0,150994944.0,0.2528960108757019,0.25323921011535444
16384.0,0.0,3.0,0.0,0.0,16384.0,16384.0,0.0,0.0,0.0,49152.0,2415919104.0,2.840735912322998,2.8434982739427275
16384.0,0.0,3.0,0.0,0.0,16384.0,16384.0,0.0,0.0,0.0,49152.0,2415919104.0,2.807039976119995,2.8434982739427275
4096.0,0.0,3.0,0.0,0.0,4096.0,4096.0,0.0,0.0,0.0,12288.0,150994944.0,0.2538239955902099,0.25323921011535444
4096.0,0.0,3.0,0.0,0.0,4096.0,4096.0,0.0,0.0,0.0,12288.0,150994944.0,0.2535359859466553,0.25323921011535444
16384.0,0.0,3.0,0.0,0.0,16384.0,16384.0,0.0,0.0,0.0,49152.0,2415919104.0,2.8696959018707275,2.8434982739427275
16384.0,0.0,3.0,0.0,0.0,16384.0,16384.0,0.0,0.0,0.0,49152.0,2415919104.0,2.8715200424194336,2.8434982739427275
4096.0,0.0,3.0,0.0,0.0,4096.0,4096.0,0.0,0.0,0.0,12288.0,150994944.0,0.2527999877929687,0.25323921011535444
16384.0,0.0,3.0,0.0,0.0,16384.0,16384.0,0.0,0.0,0.0,49152.0,2415919104.0,2.784863948822021,2.8434982739427275
4096.0,0.0,3.0,0.0,0.0,4096.0,4096.0,0.0,0.0,0.0,12288.0,150994944.0,0.2549760043621063,0.25323921011535444
16384.0,0.0,3.0,0.0,0.0,16384.0,16384.0,0.0,0.0,0.0,49152.0,2415919104.0,2.7971200942993164,2.8434982739427275
16384.0,0.0,3.0,0.0,0.0,16384.0,16384.0,0.0,0.0,0.0,49152.0,2415919104.0,2.8091840744018555,2.8434982739427275
16384.0,0.0,3.0,0.0,0.0,16384.0,16384.0,0.0,0.0,0.0,49152.0,2415919104.0,2.8203840255737305,2.8434982739427275
4096.0,0.0,3.0,0.0,0.0,4096.0,4096.0,0.0,0.0,0.0,12288.0,150994944.0,0.255295991897583,0.25323921011535444
4096.0,0.0,3.0,0.0,0.0,4096.0,4096.0,0.0,0.0,0.0,12288.0,150994944.0,0.254175990819931,0.25323921011535444
16384.0,0.0,3.0,0.0,0.0,16384.0,16384.0,0.0,0.0,0.0,49152.0,2415919104.0,2.867264032363892,2.8434982739427275
16384.0,0.0,3.0,0.0,0.0,16384.0,16384.0,0.0,0.0,0.0,49152.0,2415919104.0,2.798784017562866,2.8434982739427275
4096.0,0.0,3.0,0.0,0.0,4096.0,4096.0,0.0,0.0,0.0,12288.0,150994944.0,0.2537600100040436,0.25323921011535444
16384.0,0.0,3.0,0.0,0.0,16384.0,16384.0,0.0,0.0,0.0,49152.0,2415919104.0,2.8729279041290283,2.8434982739427275
16384.0,0.0,3.0,0.0,0.0,16384.0,16384.0,0.0,0.0,0.0,49152.0,2415919104.0,2.817888021469116,2.8434982739427275
16384.0,0.0,3.0,0.0,0.0,16384.0,16384.0,0.0,0.0,0.0,49152.0,2415919104.0,2.8179519176483154,2.8434982739427275
16384.0,0.0,3.0,0.0,0.0,16384.0,16384.0,0.0,0.0,0.0,49152.0,2415919104.0,2.817215919494629,2.8434982739427275
16384.0,0.0,3.0,0.0,0.0,16384.0,16384.0,0.0,0.0,0.0,49152.0,2415919104.0,2.795072078704834,2.8434982739427275
16384.0,0.0,3.0,0.0,0.0,16384.0,16384.0,0.0,0.0,0.0,49152.0,2415919104.0,2.8482561111450195,2.8434982739427275
16384.0,0.0,3.0,0.0,0.0,16384.0,16384.0,0.0,0.0,0.0,49152.0,2415919104.0,2.822751998901367,2.8434982739427275
16384.0,0.0,3.0,0.0,0.0,16384.0,16384.0,0.0,0.0,0.0,49152.0,2415919104.0,2.87990403175354,2.8434982739427275
16384.0,0.0,3.0,0.0,0.0,16384.0,16384.0,0.0,0.0,0.0,49152.0,2415919104.0,2.814847946166992,2.8434982739427275
16384.0,0.0,3.0,0.0,0.0,16384.0,16384.0,0.0,0.0,0.0,49152.0,2415919104.0,2.7959680557250977,2.8434982739427275
16384.0,0.0,3.0,0.0,0.0,16384.0,16384.0,0.0,0.0,0.0,49152.0,2415919104.0,2.8646080493927,2.8434982739427275
16384.0,0.0,3.0,0.0,0.0,16384.0,16384.0,0.0,0.0,0.0,49152.0,2415919104.0,2.8272640705108643,2.8434982739427275
16384.0,0.0,3.0,0.0,0.0,16384.0,16384.0,0.0,0.0,0.0,49152.0,2415919104.0,2.869856119155884,2.8434982739427275
16384.0,0.0,3.0,0.0,0.0,16384.0,16384.0,0.0,0.0,0.0,49152.0,2415919104.0,2.8192639350891118,2.8434982739427275
16384.0,0.0,3.0,0.0,0.0,16384.0,16384.0,0.0,0.0,0.0,49152.0,2415919104.0,2.7945919036865234,2.8434982739427275
16384.0,0.0,3.0,0.0,0.0,16384.0,16384.0,0.0,0.0,0.0,49152.0,2415919104.0,2.864703893661499,2.8434982739427275
16384.0,0.0,3.0,0.0,0.0,16384.0,16384.0,0.0,0.0,0.0,49152.0,2415919104.0,2.815999984741211,2.8434982739427275
16384.0,0.0,3.0,0.0,0.0,16384.0,16384.0,0.0,0.0,0.0,49152.0,2415919104.0,2.8207039833068848,2.8434982739427275
16384.0,0.0,3.0,0.0,0.0,16384.0,16384.0,0.0,0.0,0.0,49152.0,2415919104.0,2.8176960945129395,2.8434982739427275
16384.0,0.0,3.0,0.0,0.0,16384.0,16384.0,0.0,0.0,0.0,49152.0,2415919104.0,2.851903915405273,2.8434982739427275
16384.0,0.0,3.0,0.0,0.0,16384.0,16384.0,0.0,0.0,0.0,49152.0,2415919104.0,2.886687994003296,2.8434982739427275
16384.0,0.0,3.0,0.0,0.0,16384.0,16384.0,0.0,0.0,0.0,49152.0,2415919104.0,2.819008111953736,2.8434982739427275
16384.0,0.0,3.0,0.0,0.0,16384.0,16384.0,0.0,0.0,0.0,49152.0,2415919104.0,2.809376001358032,2.8434982739427275
16384.0,0.0,3.0,0.0,0.0,16384.0,16384.0,0.0,0.0,0.0,49152.0,2415919104.0,2.856287956237793,2.8434982739427275
16384.0,0.0,3.0,0.0,0.0,16384.0,16384.0,0.0,0.0,0.0,49152.0,2415919104.0,2.8550078868865967,2.8434982739427275
16384.0,0.0,3.0,0.0,0.0,16384.0,16384.0,0.0,0.0,0.0,49152.0,2415919104.0,2.899775981903076,2.8434982739427275
16384.0,0.0,3.0,0.0,0.0,16384.0,16384.0,0.0,0.0,0.0,49152.0,2415919104.0,2.8385279178619385,2.8434982739427275
16384.0,0.0,3.0,0.0,0.0,16384.0,16384.0,0.0,0.0,0.0,49152.0,2415919104.0,2.824064016342163,2.8434982739427275
16384.0,0.0,3.0,0.0,0.0,16384.0,16384.0,0.0,0.0,0.0,49152.0,2415919104.0,2.858239889144897,2.8434982739427275
16384.0,0.0,3.0,0.0,0.0,16384.0,16384.0,0.0,0.0,0.0,49152.0,2415919104.0,2.8400321006774902,2.8434982739427275
16384.0,0.0,3.0,0.0,0.0,16384.0,16384.0,0.0,0.0,0.0,49152.0,2415919104.0,2.870431900024414,2.8434982739427275
16384.0,0.0,3.0,0.0,0.0,16384.0,16384.0,0.0,0.0,0.0,49152.0,2415919104.0,2.9862399101257324,2.8434982739427275
16384.0,0.0,3.0,0.0,0.0,16384.0,16384.0,0.0,0.0,0.0,49152.0,2415919104.0,2.851936101913452,2.8434982739427275
16384.0,0.0,3.0,0.0,0.0,16384.0,16384.0,0.0,0.0,0.0,49152.0,2415919104.0,2.877631902694702,2.8434982739427275
16384.0,0.0,3.0,0.0,0.0,16384.0,16384.0,0.0,0.0,0.0,49152.0,2415919104.0,2.9648959636688232,2.8434982739427275
16384.0,0.0,3.0,0.0,0.0,16384.0,16384.0,0.0,0.0,0.0,49152.0,2415919104.0,2.9799680709838867,2.8434982739427275
16384.0,0.0,3.0,0.0,0.0,16384.0,16384.0,0.0,0.0,0.0,49152.0,2415919104.0,2.879040002822876,2.8434982739427275
16384.0,0.0,3.0,0.0,0.0,16384.0,16384.0,0.0,0.0,0.0,49152.0,2415919104.0,2.865952014923096,2.8434982739427275
16384.0,0.0,3.0,0.0,0.0,16384.0,16384.0,0.0,0.0,0.0,49152.0,2415919104.0,2.9164481163024902,2.8434982739427275
16384.0,0.0,3.0,0.0,0.0,16384.0,16384.0,0.0,0.0,0.0,49152.0,2415919104.0,2.8863680362701416,2.8434982739427275
16384.0,0.0,3.0,0.0,0.0,16384.0,16384.0,0.0,0.0,0.0,49152.0,2415919104.0,2.8331520557403564,2.8434982739427275
16384.0,0.0,3.0,0.0,0.0,16384.0,16384.0,0.0,0.0,0.0,49152.0,2415919104.0,2.891711950302124,2.8434982739427275
