time_stats.attn_input_reshape.min,time_stats.attn_input_reshape.max,time_stats.attn_input_reshape.mean,time_stats.attn_input_reshape.median,time_stats.attn_input_reshape.std,time_stats.attn_input_reshape.count,time_stats.attn_kv_cache_save.min,time_stats.attn_kv_cache_save.max,time_stats.attn_kv_cache_save.mean,time_stats.attn_kv_cache_save.median,time_stats.attn_kv_cache_save.std,time_stats.attn_kv_cache_save.count,time_stats.attn_prefill.min,time_stats.attn_prefill.max,time_stats.attn_prefill.mean,time_stats.attn_prefill.median,time_stats.attn_prefill.std,time_stats.attn_prefill.count,time_stats.attn_decode.min,time_stats.attn_decode.max,time_stats.attn_decode.mean,time_stats.attn_decode.median,time_stats.attn_decode.std,time_stats.attn_decode.count,time_stats.attn_output_reshape.min,time_stats.attn_output_reshape.max,time_stats.attn_output_reshape.mean,time_stats.attn_output_reshape.median,time_stats.attn_output_reshape.std,time_stats.attn_output_reshape.count,n_embd,n_q_head,n_kv_head,block_size,num_tensor_parallel_workers,max_model_len,batch_size,prefill_chunk_size,kv_cache_size,is_prefill,attention_backend,is_mixed_batch,mode,seq_lens,total_tokens,max_seq_len,min_seq_len,avg_seq_len,equal_seq_len,seq_len_variance,seq_len_std,seq_len_cv,is_chunked_prefill_sample,chunk_start_token,chunk_end_token,total_prefill_tokens,profiling_precision,measurement_type,model_arch,model_architecture_profile,quant_signature
0.006839999929070473,0.015279999934136868,0.00899200001731515,0.007840000092983246,0.0031849043819477062,5,0.01688000001013279,0.059039998799562454,0.027535999938845635,0.020800000056624413,0.015834717766937387,5,0.1862799972295761,0.28012099862098694,0.21571259796619416,0.20503999292850494,0.033006263870550195,5,0.005799999926239252,0.00863999966531992,0.006743999943137169,0.006279999855905771,0.001066913175255673,5,0.005760000087320805,0.007439999841153622,0.006631999928504229,0.0069599999114871025,0.0007121347506181903,5,2880,64,8,1,8,9216,1,32,0,True,TORCH_SDPA,False,even,[32],32,32,32,32.0,32,0.0,0.0,0.0,False,0,32,32,BF16,CUDA_EVENT,generic,generic,none
0.005880000069737434,0.008679999969899654,0.007240199949592352,0.006920999847352505,0.0009424394238022049,5,0.01775999926030636,0.05172000080347061,0.026176000013947487,0.020519999787211418,0.012904563370842866,5,0.1879200041294098,0.2655999958515167,0.21410439908504486,0.20732100307941437,0.02682033332362743,5,0.00559999980032444,0.005960000213235617,0.00579200005158782,0.005799999926239252,0.00011703005059610963,5,0.005799999926239252,0.007960000075399876,0.0065760000608861445,0.005880000069737434,0.0009189907388028561,5,2880,64,8,1,8,9216,1,224,0,True,TORCH_SDPA,False,even,[224],224,224,224,224.0,224,0.0,0.0,0.0,False,0,224,224,BF16,CUDA_EVENT,generic,generic,none
0.00443999981507659,0.0074800001457333565,0.006712200026959181,0.007160000037401915,0.0011422870087602873,5,0.019120000302791595,0.023719999939203262,0.020999999716877937,0.020759999752044678,0.0016820938963497043,5,0.19619999825954437,0.22764000296592712,0.20748839974403382,0.20104099810123444,0.01158011936930683,5,0.00535999983549118,0.0074800001457333565,0.006440000049769879,0.006320000160485506,0.00072044440000442,5,0.004279999993741512,0.01576000079512596,0.007536000199615955,0.005880000069737434,0.004167731579307694,5,2880,64,8,1,8,9216,1,288,0,True,TORCH_SDPA,False,even,[288],288,288,288,288.0,288,0.0,0.0,0.0,False,0,288,288,BF16,CUDA_EVENT,generic,generic,none
0.00431999983265996,0.007519999984651804,0.005855999980121851,0.005799999926239252,0.0010133825015388907,5,0.018279999494552612,0.029279999434947968,0.02125599980354309,0.01964000053703785,0.0040764375598465056,5,0.19059999287128448,0.24480099976062775,0.2137045979499817,0.20499999821186066,0.019190272448393265,5,0.004360000137239695,0.006839999929070473,0.006000000052154064,0.006440000142902136,0.0008951423877369214,5,0.005799999926239252,0.007079999893903732,0.006096000038087368,0.005840000230818987,0.0004935422232521791,5,2880,64,8,1,8,9216,1,480,0,True,TORCH_SDPA,False,even,[480],480,480,480,480.0,480,0.0,0.0,0.0,False,0,480,480,BF16,CUDA_EVENT,generic,generic,none
0.00431999983265996,0.007639999967068434,0.006568199954926968,0.007079999893903732,0.0011762504249987458,5,0.021040000021457672,0.05488000065088272,0.028616000339388846,0.022280000150203705,0.013148715083346559,5,0.19560100138187408,0.26812100410461426,0.22347260117530823,0.2115200012922287,0.027972196544335564,5,0.005040000192821026,0.007079999893903732,0.006040000077337027,0.005880000069737434,0.000786689179930942,5,0.006200000178068876,0.007840000092983246,0.006888000108301639,0.006599999964237213,0.0005820790320499924,5,2880,64,8,1,8,9216,1,544,0,True,TORCH_SDPA,False,even,[544],544,544,544,544.0,544,0.0,0.0,0.0,False,0,544,544,BF16,CUDA_EVENT,generic,generic,none
0.004399999976158142,0.014800000004470348,0.007783999945968389,0.007079999893903732,0.0036688178246142137,5,0.0213600005954504,0.06568100303411484,0.031984200701117516,0.02304000034928322,0.016946007820416636,5,0.19776000082492828,0.26820001006126404,0.22238460481166838,0.2154410034418106,0.02398932517188767,5,0.005200000014156103,0.007519999984651804,0.00672800000756979,0.006920000072568655,0.0008494327818078792,5,0.005160000175237656,0.007639999967068434,0.006296000070869922,0.005840000230818987,0.0009541822615817278,5,2880,64,8,1,8,9216,1,800,0,True,TORCH_SDPA,False,even,[800],800,800,800,800.0,800,0.0,0.0,0.0,False,0,800,800,BF16,CUDA_EVENT,generic,generic,none
0.00571999978274107,0.009960000403225422,0.006928000040352345,0.006440000142902136,0.001562439312048985,5,0.015440000221133232,0.02239999920129776,0.019007999822497366,0.01844000071287155,0.002508404697068162,5,0.18448099493980408,0.2540000081062317,0.21172040104866027,0.210439994931221,0.025378438285814084,5,0.006039999891072512,0.01348000019788742,0.007919999957084655,0.006719999946653843,0.002791988657927979,5,0.004800000227987766,0.007079999893903732,0.005880000069737434,0.005840000230818987,0.0007231043142246747,5,2880,64,8,1,8,9216,1,736,0,True,TORCH_SDPA,False,even,[736],736,736,736,736.0,736,0.0,0.0,0.0,False,0,736,736,BF16,CUDA_EVENT,generic,generic,none
0.00419999985024333,0.0077599999494850636,0.005039999913424254,0.004399999976158142,0.001362585796178224,5,0.012719999998807907,0.024720000103116035,0.015304000116884708,0.012959999963641167,0.004711015172356496,5,0.21720099449157715,0.2537199854850769,0.23433639705181122,0.23792000114917755,0.01358739397966212,5,0.00419999985024333,0.004639999940991402,0.004423999972641468,0.00443999981507659,0.00014444378250145728,5,0.004360000137239695,0.004480000119656324,0.004423999972641468,0.00443999981507659,4.079211969054e-05,5,2880,64,8,1,8,9216,1,1088,0,True,TORCH_SDPA,False,even,[1088],1088,1088,1088,1088.0,1088,0.0,0.0,0.0,False,0,1088,1088,BF16,CUDA_EVENT,generic,generic,none
0.004279999993741512,0.00812000036239624,0.005512000061571598,0.004999999888241291,0.0014056800572289673,5,0.012679999694228172,0.022281000390648842,0.018128200061619283,0.019279999658465385,0.003943520994763549,5,0.21692100167274475,0.2271600067615509,0.2215364009141922,0.22111999988555908,0.0038405442565602748,5,0.004399999976158142,0.004559999797493219,0.004487999901175499,0.004480000119656324,6.399994017566368e-05,5,0.004399999976158142,0.004519999958574772,0.004431999940425158,0.004399999976158142,4.6647602999600904e-05,5,2880,64,8,1,8,9216,1,992,0,True,TORCH_SDPA,False,even,[992],992,992,992,992.0,992,0.0,0.0,0.0,False,0,992,992,BF16,CUDA_EVENT,generic,generic,none
0.00443999981507659,0.005160000175237656,0.004600000008940697,0.004480000119656324,0.0002805709383319123,5,0.012319999746978283,0.02548000030219555,0.015360200032591819,0.012760000303387642,0.005074791179475202,5,0.22300000488758087,0.3062799870967865,0.24858420193195344,0.23440100252628326,0.03106680405289655,5,0.004399999976158142,0.004639999940991402,0.004543999955058098,0.004559999797493219,8.236504413550221e-05,5,0.004519999958574772,0.005160000175237656,0.00470399996265769,0.004639999940991402,0.00023268873994650163,5,2880,64,8,1,8,9216,1,1472,0,True,TORCH_SDPA,False,even,[1472],1472,1472,1472,1472.0,1472,0.0,0.0,0.0,False,0,1472,1472,BF16,CUDA_EVENT,generic,generic,none
0.00431999983265996,0.014039999805390835,0.006311999913305044,0.004399999976158142,0.0038642069796154628,5,0.012400000356137753,0.05764000117778778,0.02192820031195879,0.013000000268220901,0.01786173284948766,5,0.2496809959411621,0.4137609899044037,0.29250459372997284,0.2521199882030487,0.06327835315477744,5,0.004399999976158142,0.005040000192821026,0.004592000041157007,0.004480000119656324,0.00022964326303090722,5,0.004360000137239695,0.00443999981507659,0.004415999911725521,0.00443999981507659,3.1999871134757994e-05,5,2880,64,8,1,8,9216,1,1600,0,True,TORCH_SDPA,False,even,[1600],1600,1600,1600,1600.0,1600,0.0,0.0,0.0,False,0,1600,1600,BF16,CUDA_EVENT,generic,generic,none
0.004920000210404396,0.007679999805986881,0.006392000056803226,0.006440000142902136,0.000891344915410063,5,0.017240000888705254,0.022840000689029694,0.01931999996304512,0.01875999942421913,0.0018691604011764722,5,0.1788800060749054,0.20240099728107452,0.18944040238857268,0.18768000602722168,0.009697696767973643,5,0.005400000140070915,0.00788000039756298,0.006224000081419945,0.006120000034570694,0.0008805817561302772,5,0.00443999981507659,0.007160000037401915,0.005592000018805265,0.005960000213235617,0.0010376590271666765,5,2880,64,8,1,8,9216,1,128,0,True,TORCH_SDPA,False,even,[128],128,128,128,128.0,128,0.0,0.0,0.0,False,0,128,128,BF16,CUDA_EVENT,generic,generic,none
0.004480000119656324,0.007280000019818544,0.005079999938607216,0.004559999797493219,0.0011003999646696145,5,0.014279999770224094,5.422213077545166,1.0978906154632568,0.0163199994713068,2.1621630568247783,5,0.34276100993156433,0.42128100991249084,0.37230499982833865,0.3465209901332855,0.033987458086903684,5,0.00443999981507659,0.004559999797493219,0.004503999929875135,0.004519999958574772,4.079213795521706e-05,5,0.004600000102072954,0.005080000031739473,0.004696000088006258,0.004600000102072954,0.0001919999718666077,5,2880,64,8,1,8,9216,1,1984,0,True,TORCH_SDPA,False,even,[1984],1984,1984,1984,1984.0,1984,0.0,0.0,0.0,False,0,1984,1984,BF16,CUDA_EVENT,generic,generic,none
0.004360000137239695,0.00839999970048666,0.005199999921023846,0.004399999976158142,0.0016001998756361392,5,0.014840000309050083,0.023959999904036522,0.017664000019431116,0.015960000455379486,0.0033183705072501075,5,0.40136000514030457,0.4811210036277771,0.41863260269165037,0.403560996055603,0.0312595241670927,5,0.004399999976158142,0.004480000119656324,0.004440199956297875,0.00443999981507659,2.5301429518424846e-05,5,0.00431999983265996,0.00443999981507659,0.004391999915242195,0.004399999976158142,3.9191849152437796e-05,5,2880,64,8,1,8,9216,1,2112,0,True,TORCH_SDPA,False,even,[2112],2112,2112,2112,2112.0,2112,0.0,0.0,0.0,False,0,2112,2112,BF16,CUDA_EVENT,generic,generic,none
0.007040000054985285,0.008799999952316284,0.007655999995768071,0.0074800001457333565,0.0005973809244788525,5,0.0175199992954731,0.02223999984562397,0.01939999982714653,0.018519999459385872,0.0016864638828427902,5,0.18408100306987762,0.22148099541664124,0.20213639736175537,0.19711999595165253,0.013666925217131058,5,0.004399999976158142,0.014680000022053719,0.007392000034451484,0.005960000213235617,0.0037131894730393538,5,0.005760000087320805,0.007160000037401915,0.0060720001347362995,0.005840000230818987,0.0005451751568459836,5,2880,64,8,1,8,9216,1,96,0,True,TORCH_SDPA,False,even,[96],96,96,96,96.0,96,0.0,0.0,0.0,False,0,96,96,BF16,CUDA_EVENT,generic,generic,none
0.00675999978557229,0.007519999984651804,0.0070639999583363535,0.007079999893903732,0.00026605268913735186,5,0.0200399998575449,0.02552100084722042,0.021960200369358064,0.021400000900030136,0.0019841333667160264,5,0.1823209971189499,0.2146800011396408,0.19609639942646026,0.19356000423431396,0.012469382884749998,5,0.005520000122487545,0.007960000075399876,0.0061600000597536566,0.005799999926239252,0.0009180849627665079,5,0.005799999926239252,0.008799999952316284,0.006528200022876263,0.005960000213235617,0.001141793708210277,5,2880,64,8,1,8,9216,1,384,0,True,TORCH_SDPA,False,even,[384],384,384,384,384.0,384,0.0,0.0,0.0,False,0,384,384,BF16,CUDA_EVENT,generic,generic,none
0.00443999981507659,0.007319999858736992,0.005631999950855971,0.004679999779909849,0.001348278954007057,5,0.016401000320911407,0.02556000091135502,0.018664200231432913,0.017319999635219574,0.0034776717144615545,5,0.5466409921646118,2.63576602935791,0.9798977971076965,0.5578799843788147,0.8282811782425853,5,0.004519999958574772,0.004720000084489584,0.004600000008940697,0.004600000102072954,6.693286652482382e-05,5,0.004480000119656324,0.005119999870657921,0.004671999905258417,0.004559999797493219,0.00023378618119764544,5,2880,64,8,1,8,9216,1,2496,0,True,TORCH_SDPA,False,even,[2496],2496,2496,2496,2496.0,2496,0.0,0.0,0.0,False,0,2496,2496,BF16,CUDA_EVENT,generic,generic,none
0.005679999943822622,0.030319999903440475,0.012183999922126532,0.008559999987483025,0.009137933237360287,5,0.020239999517798424,0.08987999707460403,0.03579999916255474,0.022040000185370445,0.02713982651891307,5,0.20396099984645844,0.5502820014953613,0.2864810019731522,0.22064000368118286,0.13283905454689268,5,0.005799999926239252,0.009519999846816063,0.006631999928504229,0.005919999908655882,0.0014460760278841886,5,0.006200000178068876,0.015239999629557133,0.008463999908417463,0.006800000090152025,0.003425887179842744,5,2880,64,8,1,8,9216,1,352,0,True,TORCH_SDPA,False,even,[352],352,352,352,352.0,352,0.0,0.0,0.0,False,0,352,352,BF16,CUDA_EVENT,generic,generic,none
0.007799999788403511,0.037801001220941544,0.014128200337290764,0.008320000022649765,0.011839275969731352,5,0.0188400000333786,0.11608000099658966,0.04047200009226799,0.021239999681711197,0.037862415779168136,5,0.2058809995651245,0.6453220248222351,0.305320805311203,0.22920000553131104,0.17051235952109045,5,0.004840000066906214,0.008559999987483025,0.006120000127702951,0.005840000230818987,0.0012734833616608408,5,0.004399999976158142,0.0081599997356534,0.007007999904453754,0.007400000002235174,0.0013375559317601942,5,2880,64,8,1,8,9216,1,640,0,True,TORCH_SDPA,False,even,[640],640,640,640,640.0,640,0.0,0.0,0.0,False,0,640,640,BF16,CUDA_EVENT,generic,generic,none
0.006000000052154064,0.008080000057816505,0.00696000000461936,0.0069599999114871025,0.0006788225421814375,5,0.018959999084472656,0.023959999904036522,0.020624199882149696,0.0200009997934103,0.001732920962495702,5,0.18424099683761597,0.20372100174427032,0.19671359956264495,0.20248199999332428,0.007861717314359518,5,0.004480000119656324,0.019759999588131905,0.008271999936550856,0.00547999981790781,0.005778270849236465,5,0.005919999908655882,0.007280000019818544,0.0062801999971270565,0.005960999988019466,0.00051648054689087,5,2880,64,8,1,8,9216,1,192,0,True,TORCH_SDPA,False,even,[192],192,192,192,192.0,192,0.0,0.0,0.0,False,0,192,192,BF16,CUDA_EVENT,generic,generic,none
0.006639999803155661,0.008559999987483025,0.007608199957758188,0.0077599999494850636,0.0007413589970694347,5,0.019440000876784325,0.0618400014936924,0.0294560007750988,0.0225600004196167,0.016233922361434984,5,0.18184000253677368,0.25303998589515686,0.20700019896030425,0.20268000662326813,0.02498580624795218,5,0.005400000140070915,0.007120000198483467,0.006128000002354384,0.006039999891072512,0.0005748878522984611,5,0.006120000034570694,0.0075599998235702515,0.006831999961286783,0.006839999929070473,0.0005404590106705335,5,2880,64,8,1,8,9216,1,160,0,True,TORCH_SDPA,False,even,[160],160,160,160,160.0,160,0.0,0.0,0.0,False,0,160,160,BF16,CUDA_EVENT,generic,generic,none
0.00443999981507659,0.007840000092983246,0.007095999922603369,0.007799999788403511,0.0013306480116087663,5,0.020320000126957893,0.05747999995946884,0.028615999966859818,0.02127999998629093,0.014472276365675012,5,0.19228099286556244,0.27076101303100586,0.2116086006164551,0.1934799998998642,0.030210303474311813,5,0.005840000230818987,0.013120000250637531,0.007880000118166208,0.006920000072568655,0.002650645256447204,5,0.006440000142902136,0.007160000037401915,0.006824000086635351,0.0069599999114871025,0.0002755067698612907,5,2880,64,8,1,8,9216,1,608,0,True,TORCH_SDPA,False,even,[608],608,608,608,608.0,608,0.0,0.0,0.0,False,0,608,608,BF16,CUDA_EVENT,generic,generic,none
0.005760000087320805,0.007679999805986881,0.006984000001102686,0.007079999893903732,0.0006580455158385068,5,0.018479999154806137,0.06544099748134613,0.03008039928972721,0.02144099958240986,0.017827702556642244,5,0.20819999277591705,0.27191999554634094,0.2299283981323242,0.22088000178337097,0.022397218372546015,5,0.004399999976158142,0.0077599999494850636,0.005408000014722347,0.004840000066906214,0.00123868315847483,5,0.004480000119656324,0.007240000180900097,0.005776000116020441,0.005799999926239252,0.00088239675688627,5,2880,64,8,1,8,9216,1,896,0,True,TORCH_SDPA,False,even,[896],896,896,896,896.0,896,0.0,0.0,0.0,False,0,896,896,BF16,CUDA_EVENT,generic,generic,none
0.005760000087320805,0.00848000030964613,0.006352000124752522,0.005840000230818987,0.0010647517075550777,5,0.017720000818371773,0.026920000091195107,0.020392200350761412,0.019161000847816467,0.003399635632746668,5,0.18560099601745605,0.22703999280929565,0.20261619985103607,0.19604000449180603,0.015471902476544636,5,0.004360000137239695,0.006639999803155661,0.005415999982506037,0.00535999983549118,0.0007312891720874693,5,0.005640000104904175,0.005841000005602837,0.0057922000996768475,0.005840000230818987,7.76875943713049e-05,5,2880,64,8,1,8,9216,1,64,0,True,TORCH_SDPA,False,even,[64],64,64,64,64.0,64,0.0,0.0,0.0,False,0,64,64,BF16,CUDA_EVENT,generic,generic,none
0.004480000119656324,0.008679999969899654,0.006784199923276901,0.007079999893903732,0.0014723119182196525,5,0.020400000736117363,0.05456100031733513,0.028896399959921836,0.023719999939203262,0.01292755968112788,5,0.2002819925546646,0.24868200719356537,0.21595399975776672,0.20440199971199036,0.018947619043627045,5,0.005880000069737434,0.006800000090152025,0.006448000017553568,0.006639999803155661,0.0003407286168139192,5,0.006120000034570694,0.010239999741315842,0.007143999915570021,0.006519999820739031,0.0015653445962842448,5,2880,64,8,1,8,9216,1,448,0,True,TORCH_SDPA,False,even,[448],448,448,448,448.0,448,0.0,0.0,0.0,False,0,448,448,BF16,CUDA_EVENT,generic,generic,none
0.0069599999114871025,0.007799999788403511,0.007327999919652939,0.007319999858736992,0.0002976171919044251,5,0.01899999938905239,0.023280000314116478,0.020288000255823134,0.01964000053703785,0.0015630534719704287,5,0.1796800047159195,0.20808100700378418,0.19132840037345886,0.1842000037431717,0.01160342595948568,5,0.004999999888241291,0.011800000444054604,0.006823999993503094,0.00559999980032444,0.0025510596140644283,5,0.005200000014156103,0.006560000125318766,0.005960000026971102,0.006120000034570694,0.0004944492692367763,5,2880,64,8,1,8,9216,1,416,0,True,TORCH_SDPA,False,even,[416],416,416,416,416.0,416,0.0,0.0,0.0,False,0,416,416,BF16,CUDA_EVENT,generic,generic,none
0.004399999976158142,0.007639999967068434,0.006232200004160404,0.006920000072568655,0.0012102972015366018,5,0.020600000396370888,0.05660000070929527,0.02967199981212616,0.022199999541044235,0.013705529804582417,5,0.2053609937429428,0.257081001996994,0.218640598654747,0.20987999439239502,0.019547729686145904,5,0.00443999981507659,0.00687999976798892,0.0049519998952746395,0.004480000119656324,0.0009644562620382877,5,0.004279999993741512,0.006839999929070473,0.005079999938607216,0.00431999983265996,0.0010204313192516286,5,2880,64,8,1,8,9216,1,864,0,True,TORCH_SDPA,False,even,[864],864,864,864,864.0,864,0.0,0.0,0.0,False,0,864,864,BF16,CUDA_EVENT,generic,generic,none
0.005640000104904175,0.007720000110566616,0.0061760001815855505,0.005840000230818987,0.0007758762483336343,5,0.017880000174045563,0.023360000923275948,0.019472000375390052,0.018200000748038292,0.0020468748112113526,5,0.18428100645542145,0.21500100195407867,0.19570460319519042,0.1904810070991516,0.01183827572310512,5,0.004399999976158142,0.006320000160485506,0.005391999986022711,0.005679999943822622,0.0008203024704624927,5,0.005439999978989363,0.005840000230818987,0.005728000029921532,0.005799999926239252,0.000146205367993849,5,2880,64,8,1,8,9216,1,320,0,True,TORCH_SDPA,False,even,[320],320,320,320,320.0,320,0.0,0.0,0.0,False,0,320,320,BF16,CUDA_EVENT,generic,generic,none
0.004399999976158142,0.012719999998807907,0.007671999931335449,0.007280000019818544,0.003155936555423407,5,0.012559999711811543,0.06800000369548798,0.028784000501036643,0.024879999458789825,0.02039328035627826,5,0.21811999380588531,3.0652871131896973,0.8380900233983993,0.27848100662231445,1.1146102644340834,5,0.004399999976158142,0.006719999946653843,0.005016000010073185,0.004399999976158142,0.000901412220549986,5,0.00443999981507659,0.00860000029206276,0.005808000080287456,0.004800000227987766,0.0016187700251615502,5,2880,64,8,1,8,9216,1,1216,0,True,TORCH_SDPA,False,even,[1216],1216,1216,1216,1216.0,1216,0.0,0.0,0.0,False,0,1216,1216,BF16,CUDA_EVENT,generic,generic,none
0.0063599999994039536,0.007360000163316727,0.006856000050902367,0.006800000090152025,0.0003907736978130038,5,0.017880000174045563,0.022280000150203705,0.01972000002861023,0.019440000876784325,0.001431754184549695,5,0.17856000363826752,0.19672000408172607,0.18682440221309662,0.18396100401878357,0.007376322177597655,5,0.005239999853074551,0.007040000054985285,0.005967999994754791,0.005880000069737434,0.0005951269369192057,5,0.004399999976158142,0.006800000090152025,0.0057680000551044944,0.005880000069737434,0.0007716579906144523,5,2880,64,8,1,8,9216,1,672,0,True,TORCH_SDPA,False,even,[672],672,672,672,672.0,672,0.0,0.0,0.0,False,0,672,672,BF16,CUDA_EVENT,generic,generic,none
0.004399999976158142,0.004480000119656324,0.004423999972641468,0.004399999976158142,3.200003411633561e-05,5,0.014360000379383564,0.04868000000715256,0.02156819999217987,0.014840999618172646,0.013559143227949549,5,0.284400999546051,0.38892099261283875,0.3077525973320007,0.2861599922180176,0.040702853540065954,5,0.00431999983265996,0.004480000119656324,0.004399999976158142,0.004399999976158142,5.05965333189133e-05,5,0.00443999981507659,0.005040000192821026,0.004688000027090311,0.004519999958574772,0.0002572470479681244,5,2880,64,8,1,8,9216,1,1728,0,True,TORCH_SDPA,False,even,[1728],1728,1728,1728,1728.0,1728,0.0,0.0,0.0,False,0,1728,1728,BF16,CUDA_EVENT,generic,generic,none
0.004600000102072954,0.005640000104904175,0.004832000005990267,0.004639999940991402,0.00040508768541347597,5,0.012520000338554382,0.03968000039458275,0.018056000210344793,0.012640000320971012,0.010812514322364495,5,0.22112099826335907,0.30844101309776306,0.25784080326557157,0.24736100435256958,0.03138456067908815,5,0.004519999958574772,0.005760000087320805,0.004799999948590994,0.004559999797493219,0.0004819959190985436,5,0.004480000119656324,0.004600000102072954,0.004544000048190356,0.004519999958574772,4.800002401078793e-05,5,2880,64,8,1,8,9216,1,1280,0,True,TORCH_SDPA,False,even,[1280],1280,1280,1280,1280.0,1280,0.0,0.0,0.0,False,0,1280,1280,BF16,CUDA_EVENT,generic,generic,none
0.006839999929070473,0.008679999969899654,0.0074239999987185,0.007199999876320362,0.0006452782246839684,5,0.018719999119639397,0.023959999904036522,0.020239999517798424,0.019039999693632126,0.002008462352947354,5,0.18060100078582764,0.2059600055217743,0.1915444016456604,0.18967999517917633,0.009419705030960445,5,0.005400000140070915,0.006240000016987324,0.005840000044554472,0.006000000052154064,0.00033657098271725486,5,0.00547999981790781,0.0069599999114871025,0.00621599992737174,0.0061599998734891415,0.0005107485273198175,5,2880,64,8,1,8,9216,1,704,0,True,TORCH_SDPA,False,even,[704],704,704,704,704.0,704,0.0,0.0,0.0,False,0,704,704,BF16,CUDA_EVENT,generic,generic,none
0.004399999976158142,0.004999999888241291,0.0045519999228417875,0.00443999981507659,0.00022542403275931547,5,0.015960000455379486,0.0522800013422966,0.023368000611662866,0.016119999811053276,0.01445716246647305,5,0.4434410035610199,0.5536010265350342,0.4667050063610077,0.4452410042285919,0.043458912684684194,5,0.00443999981507659,0.004480000119656324,0.0044639999978244305,0.004480000119656324,1.9596067155252676e-05,5,0.00443999981507659,0.005040000192821026,0.004615999944508076,0.004559999797493219,0.000217034670695915,5,2880,64,8,1,8,9216,1,2240,0,True,TORCH_SDPA,False,even,[2240],2240,2240,2240,2240.0,2240,0.0,0.0,0.0,False,0,2240,2240,BF16,CUDA_EVENT,generic,generic,none
0.004480000119656324,0.007600000128149986,0.005752000119537115,0.005280000157654285,0.0012835949427701643,5,0.018719999119639397,0.03996000066399574,0.024744199961423873,0.022200999781489372,0.007722010949437985,5,0.21092000603675842,0.25464001297950745,0.22677640318870546,0.21980099380016327,0.015169154008454993,5,0.004519999958574772,0.006599999964237213,0.004967999923974275,0.004559999797493219,0.0008171756434769047,5,0.004480000119656324,0.007679999805986881,0.0051520000211894516,0.004519999958574772,0.0012647591578720822,5,2880,64,8,1,8,9216,1,928,0,True,TORCH_SDPA,False,even,[928],928,928,928,928.0,928,0.0,0.0,0.0,False,0,928,928,BF16,CUDA_EVENT,generic,generic,none
0.00443999981507659,0.007160000037401915,0.005231999885290861,0.00443999981507659,0.001077003340073088,5,0.01655999943614006,0.039719998836517334,0.021343999728560447,0.016839999705553055,0.009189092223184446,5,0.6703609824180603,0.7802820205688477,0.6957698106765747,0.6768820285797119,0.04236280666151339,5,0.004399999976158142,0.004559999797493219,0.004487999994307756,0.004480000119656324,5.306593738933737e-05,5,0.00443999981507659,0.004559999797493219,0.004503999929875135,0.004480000119656324,4.799993087868105e-05,5,2880,64,8,1,8,9216,1,2752,0,True,TORCH_SDPA,False,even,[2752],2752,2752,2752,2752.0,2752,0.0,0.0,0.0,False,0,2752,2752,BF16,CUDA_EVENT,generic,generic,none
0.004480000119656324,0.008080000057816505,0.0054639999754726885,0.004559999797493219,0.0013832368189928169,5,0.012719999998807907,0.04848000034689903,0.020416000112891197,0.012880000285804272,0.01406020436986107,5,0.21136100590229034,0.3036409914493561,0.2503684014081955,0.230880007147789,0.03510477963745707,5,0.004480000119656324,0.004559999797493219,0.004519999958574772,0.004519999958574772,2.5298119404428044e-05,5,0.004480000119656324,0.004600000102072954,0.004535999987274409,0.004519999958574772,4.079213795521706e-05,5,2880,64,8,1,8,9216,1,1344,0,True,TORCH_SDPA,False,even,[1344],1344,1344,1344,1344.0,1344,0.0,0.0,0.0,False,0,1344,1344,BF16,CUDA_EVENT,generic,generic,none
0.00443999981507659,0.005400000140070915,0.004719999898225069,0.004559999797493219,0.000348712028193213,5,0.014480000361800194,0.03799999877810478,0.019487999752163886,0.014800000004470348,0.009260855625858133,5,0.2988010048866272,0.40668100118637085,0.3232890009880066,0.3024809956550598,0.04186482125688171,5,0.004480000119656324,0.004639999940991402,0.004543999955058098,0.004559999797493219,5.986642644755097e-05,5,0.00443999981507659,0.004559999797493219,0.004511999897658825,0.004519999958574772,3.9191849152437796e-05,5,2880,64,8,1,8,9216,1,1792,0,True,TORCH_SDPA,False,even,[1792],1792,1792,1792,1792.0,1792,0.0,0.0,0.0,False,0,1792,1792,BF16,CUDA_EVENT,generic,generic,none
0.004360000137239695,0.004519999958574772,0.004480000026524067,0.004519999958574772,6.196766434270914e-05,5,0.014279999770224094,0.03579999879002571,0.019079999811947346,0.015080000273883343,0.008367096962115291,5,0.31808099150657654,0.41308099031448364,0.33948899507522584,0.3232809901237488,0.03688669008303385,5,0.00443999981507659,0.004999999888241291,0.004607999976724386,0.004480000119656324,0.00020769203618575547,5,0.00443999981507659,0.004519999958574772,0.00447199996560812,0.004480000119656324,2.9933337677144675e-05,5,2880,64,8,1,8,9216,1,1856,0,True,TORCH_SDPA,False,even,[1856],1856,1856,1856,1856.0,1856,0.0,0.0,0.0,False,0,1856,1856,BF16,CUDA_EVENT,generic,generic,none
0.004279999993741512,0.011599999852478504,0.007928000018000602,0.00788000039756298,0.0023331214503656095,5,0.019840000197291374,0.02800000086426735,0.022520000115036964,0.02143999934196472,0.002896177032962578,5,0.19548000395298004,0.2667210102081299,0.22160860598087312,0.2085600048303604,0.026779766277572857,5,0.00443999981507659,0.022120000794529915,0.010736000072211028,0.00675999978557229,0.00675796925946549,5,0.005080000031739473,0.006920000072568655,0.006399999931454658,0.00675999978557229,0.000683520266689045,5,2880,64,8,1,8,9216,1,576,0,True,TORCH_SDPA,False,even,[576],576,576,576,576.0,576,0.0,0.0,0.0,False,0,576,576,BF16,CUDA_EVENT,generic,generic,none
0.004399999976158142,0.007160000037401915,0.005016000010073185,0.004519999958574772,0.0010728951620422819,5,0.012480000033974648,0.026599999517202377,0.01812799982726574,0.018880000337958336,0.0049872411007691785,5,0.20172099769115448,0.2274399995803833,0.2119605988264084,0.2075210064649582,0.009617457340252064,5,0.004480000119656324,0.004600000102072954,0.00451200008392334,0.004480000119656324,4.6647602999600904e-05,5,0.004480000119656324,0.004639999940991402,0.004592000041157007,0.004600000102072954,5.8787694517986746e-05,5,2880,64,8,1,8,9216,1,960,0,True,TORCH_SDPA,False,even,[960],960,960,960,960.0,960,0.0,0.0,0.0,False,0,960,960,BF16,CUDA_EVENT,generic,generic,none
0.00443999981507659,0.004600000102072954,0.004495999962091446,0.004480000119656324,5.986661312733957e-05,5,0.01616000011563301,0.0408799983561039,0.02165619991719723,0.01688000001013279,0.009631757213152693,5,0.4927609860897064,0.5812410116195679,0.511608999967575,0.49448099732398987,0.0348291928988711,5,0.00443999981507659,0.004639999940991402,0.004519999958574772,0.004519999958574772,6.693281086764991e-05,5,0.00443999981507659,0.004559999797493219,0.004519999865442515,0.004519999958574772,4.381779817994027e-05,5,2880,64,8,1,8,9216,1,2368,0,True,TORCH_SDPA,False,even,[2368],2368,2368,2368,2368.0,2368,0.0,0.0,0.0,False,0,2368,2368,BF16,CUDA_EVENT,generic,generic,none
0.00419999985024333,0.009200000204145908,0.007055999990552664,0.007199999876320362,0.0016168315824168383,5,0.020080000162124634,0.03531999886035919,0.024720000103116035,0.022360000759363174,0.005554500259614754,5,0.20820100605487823,1.2704429626464844,0.4328173935413361,0.21408100426197052,0.4191849915035235,5,0.004840000066906214,0.007639999967068434,0.006167999934405088,0.0061599998734891415,0.0009809056533714,5,0.005679999943822622,0.007199999876320362,0.006591999996453523,0.006839999929070473,0.0005687318922924802,5,2880,64,8,1,8,9216,1,832,0,True,TORCH_SDPA,False,even,[832],832,832,832,832.0,832,0.0,0.0,0.0,False,0,832,832,BF16,CUDA_EVENT,generic,generic,none
0.004480000119656324,0.007319999858736992,0.0050560000352561476,0.004480000119656324,0.0011321059129990219,5,0.012600000016391277,0.024080000817775726,0.015056000091135502,0.012880000285804272,0.004514623712635888,5,0.21435999870300293,0.28568100929260254,0.2306966006755829,0.215720996260643,0.027643592644937664,5,0.00443999981507659,0.004679999779909849,0.004527999926358462,0.004480000119656324,9.600000145546596e-05,5,0.004480000119656324,0.004600000102072954,0.004520000051707029,0.004519999958574772,4.381779817994027e-05,5,2880,64,8,1,8,9216,1,1408,0,True,TORCH_SDPA,False,even,[1408],1408,1408,1408,1408.0,1408,0.0,0.0,0.0,False,0,1408,1408,BF16,CUDA_EVENT,generic,generic,none
0.00443999981507659,0.004600000102072954,0.004504000023007393,0.004480000119656324,5.4258695995502165e-05,5,0.01648000068962574,0.02783999964594841,0.0188960000872612,0.016680000349879265,0.004473895616429796,5,0.4654819965362549,3.2621679306030273,1.0435705840587617,0.47196099162101746,1.109745381615221,5,0.004480000119656324,0.005640000104904175,0.004743999987840653,0.004559999797493219,0.0004494263478427392,5,0.00443999981507659,0.004720000084489584,0.0045599999837577345,0.004519999958574772,9.465736760782234e-05,5,2880,64,8,1,8,9216,1,2304,0,True,TORCH_SDPA,False,even,[2304],2304,2304,2304,2304.0,2304,0.0,0.0,0.0,False,0,2304,2304,BF16,CUDA_EVENT,generic,generic,none
0.00443999981507659,0.007840000092983246,0.005183999892324209,0.004559999797493219,0.0013287227949849232,5,0.014680000022053719,0.02435999922454357,0.017023999802768232,0.015479999594390392,0.0036806605116657524,5,0.3346810042858124,0.403560996055603,0.3505608022212982,0.3380810022354126,0.026602704352818158,5,0.00443999981507659,0.007280000019818544,0.005071999970823526,0.004519999958574772,0.0011051588407438961,5,0.004480000119656324,0.005040000192821026,0.004648000001907349,0.004559999797493219,0.00019984002224313646,5,2880,64,8,1,8,9216,1,1920,0,True,TORCH_SDPA,False,even,[1920],1920,1920,1920,1920.0,1920,0.0,0.0,0.0,False,0,1920,1920,BF16,CUDA_EVENT,generic,generic,none
0.00443999981507659,0.029920000582933426,0.012328000087291003,0.009159999899566174,0.009005719328623256,5,0.013679999858140945,0.08420100063085556,0.0361201997846365,0.026799999177455902,0.024672628773013305,5,0.2527199983596802,0.5951210260391235,0.3532721996307373,0.28839999437332153,0.1254895425083841,5,0.00443999981507659,0.007679999805986881,0.005615999922156334,0.004519999958574772,0.0014100439152789556,5,0.004401000216603279,0.008440000005066395,0.005512200016528368,0.00443999981507659,0.0015629112126229227,5,2880,64,8,1,8,9216,1,1152,0,True,TORCH_SDPA,False,even,[1152],1152,1152,1152,1152.0,1152,0.0,0.0,0.0,False,0,1152,1152,BF16,CUDA_EVENT,generic,generic,none
0.004399999976158142,0.004600000102072954,0.004528000019490719,0.004559999797493219,7.756289196924024e-05,5,0.01640000008046627,0.04500000178813934,0.022472000494599343,0.017000000923871994,0.011267153621409027,5,0.5285220146179199,0.6121209859848022,0.5471134066581727,0.531561017036438,0.032573052005548685,5,0.00443999981507659,0.005080000031739473,0.004616000037640333,0.004480000119656324,0.00023812602805571838,5,0.004480000119656324,0.005080000031739473,0.004648000001907349,0.004559999797493219,0.00021967249425701736,5,2880,64,8,1,8,9216,1,2432,0,True,TORCH_SDPA,False,even,[2432],2432,2432,2432,2432.0,2432,0.0,0.0,0.0,False,0,2432,2432,BF16,CUDA_EVENT,generic,generic,none
0.004360000137239695,0.00559999980032444,0.004679999966174364,0.004480000119656324,0.00046303338949161074,5,0.012520000338554382,0.050919998437166214,0.020359999686479568,0.012719999998807907,0.0152806485753979,5,0.2568809986114502,0.37320101261138916,0.2837370038032532,0.2626410126686096,0.04484320935653779,5,0.004360000137239695,0.005640000104904175,0.004695999994874,0.004519999958574772,0.0004777279957490423,5,0.00443999981507659,0.004519999958574772,0.004487999994307756,0.004480000119656324,2.9933287895859092e-05,5,2880,64,8,1,8,9216,1,1664,0,True,TORCH_SDPA,False,even,[1664],1664,1664,1664,1664.0,1664,0.0,0.0,0.0,False,0,1664,1664,BF16,CUDA_EVENT,generic,generic,none
0.004360000137239695,0.006680000107735395,0.005232000071555376,0.0047599999234080315,0.0009275861679760498,5,0.015879999846220016,0.03587999939918518,0.020391999930143356,0.01688000001013279,0.007754447249724887,5,0.4209209978580475,0.517920970916748,0.4410089910030365,0.4224410057067871,0.03846312477063353,5,0.004399999976158142,0.004559999797493219,0.0044639999978244305,0.004480000119656324,5.986647622883656e-05,5,0.004399999976158142,0.0063599999994039536,0.004808000009506941,0.004399999976158142,0.0007766183075385497,5,2880,64,8,1,8,9216,1,2176,0,True,TORCH_SDPA,False,even,[2176],2176,2176,2176,2176.0,2176,0.0,0.0,0.0,False,0,2176,2176,BF16,CUDA_EVENT,generic,generic,none
0.004480000119656324,0.00559999980032444,0.004735999926924706,0.004559999797493219,0.00043347887491721057,5,0.016599999740719795,0.055560000240802765,0.024568000063300132,0.01688000001013279,0.015496836409834831,5,0.7703220248222351,0.9128419756889343,0.8031219959259033,0.7794820070266724,0.05499130472282968,5,0.004480000119656324,0.004639999940991402,0.004535999987274409,0.004519999958574772,5.4258599874208434e-05,5,0.004399999976158142,0.004559999797493219,0.004511999897658825,0.004519999958574772,5.8787694517986746e-05,5,2880,64,8,1,8,9216,1,3008,0,True,TORCH_SDPA,False,even,[3008],3008,3008,3008,3008.0,3008,0.0,0.0,0.0,False,0,3008,3008,BF16,CUDA_EVENT,generic,generic,none
0.004240000154823065,0.007679999805986881,0.004975999984890222,0.004279999993741512,0.0013540102438259307,5,0.018039999529719353,0.030559999868273735,0.021023999899625778,0.018719999119639397,0.004787356677254768,5,5.3368120193481445,5.415852069854736,5.358036041259766,5.341571807861328,0.029841733348272042,5,0.00419999985024333,0.004480000119656324,0.004279999993741512,0.004240000154823065,0.00010430731843825912,5,0.004240000154823065,0.00443999981507659,0.004311999958008528,0.00431999983265996,7.33210784369847e-05,5,2880,64,8,1,8,9216,1,8192,0,True,TORCH_SDPA,False,even,[8192],8192,8192,8192,8192.0,8192,0.0,0.0,0.0,False,0,8192,8192,BF16,CUDA_EVENT,generic,generic,none
0.004399999976158142,0.0055599999614059925,0.004719999898225069,0.004559999797493219,0.000424075487760215,5,0.016720000654459,0.029360000044107437,0.01964000016450882,0.01688000001013279,0.004901591551140425,5,1.01596200466156,1.1158030033111572,1.0394586086273194,1.0182019472122192,0.03854857476778522,5,0.00443999981507659,0.005119999870657921,0.00466399984434247,0.004559999797493219,0.00023677839933615582,5,0.004360000137239695,0.004639999940991402,0.004544000048190356,0.004600000102072954,9.991993096367456e-05,5,2880,64,8,1,8,9216,1,3520,0,True,TORCH_SDPA,False,even,[3520],3520,3520,3520,3520.0,3520,0.0,0.0,0.0,False,0,3520,3520,BF16,CUDA_EVENT,generic,generic,none
0.00431999983265996,0.004519999958574772,0.004399999976158142,0.004360000137239695,7.155414744125801e-05,5,0.01696000061929226,0.054680000990629196,0.024712000414729117,0.01696000061929226,0.014989413070374423,5,0.6176419854164124,0.7880420088768005,0.6538016080856324,0.6217210292816162,0.06714328017898122,5,0.004360000137239695,0.004559999797493219,0.00447199996560812,0.004480000119656324,6.881851987655174e-05,5,0.004360000137239695,0.004480000119656324,0.004423999972641468,0.00443999981507659,4.079211969054e-05,5,2880,64,8,1,8,9216,1,2624,0,True,TORCH_SDPA,False,even,[2624],2624,2624,2624,2624.0,2624,0.0,0.0,0.0,False,0,2624,2624,BF16,CUDA_EVENT,generic,generic,none
0.004279999993741512,0.007000000216066837,0.006336000002920628,0.006800000090152025,0.0010312245287037334,5,0.019840000197291374,0.03551999852061272,0.023687999695539474,0.020519999787211418,0.006002260249140024,5,0.17316000163555145,0.2346400022506714,0.20251220166683198,0.19912099838256836,0.021833277928921233,5,0.005239999853074551,0.0060800001956522465,0.005615999922156334,0.00559999980032444,0.00026844750293310537,5,0.005919999908655882,0.006599999964237213,0.006295999884605408,0.006279999855905771,0.00022141365022965642,5,2880,64,8,1,8,9216,1,256,0,True,TORCH_SDPA,False,even,[256],256,256,256,256.0,256,0.0,0.0,0.0,False,0,256,256,BF16,CUDA_EVENT,generic,generic,none
0.004399999976158142,0.004559999797493219,0.004480000026524067,0.004480000119656324,5.0596386064013265e-05,5,0.01648000068962574,0.053119998425245285,0.02417599968612194,0.01727999933063984,0.014476520494058556,5,1.2634429931640625,1.3629640340805054,1.2909074068069457,1.2732030153274536,0.03671160645354924,5,0.00443999981507659,0.005919999908655882,0.004783999919891357,0.004519999958574772,0.0005710901909909688,5,0.004480000119656324,0.004600000102072954,0.004520000051707029,0.004519999958574772,4.381779817994027e-05,5,2880,64,8,1,8,9216,1,4032,0,True,TORCH_SDPA,False,even,[4032],4032,4032,4032,4032.0,4032,0.0,0.0,0.0,False,0,4032,4032,BF16,CUDA_EVENT,generic,generic,none
0.00431999983265996,0.005200000014156103,0.00458399998024106,0.004480000119656324,0.0003135347219294414,5,0.016720000654459,0.06471999734640121,0.02654399983584881,0.017000000923871994,0.019089557787533688,5,0.85276198387146,0.9584029912948608,0.8773061990737915,0.858922004699707,0.040664015558154826,5,0.00431999983265996,0.004480000119656324,0.004407999943941832,0.00443999981507659,5.878777056032047e-05,5,0.00443999981507659,0.004519999958574772,0.004487999994307756,0.004480000119656324,2.9933287895859092e-05,5,2880,64,8,1,8,9216,1,3136,0,True,TORCH_SDPA,False,even,[3136],3136,3136,3136,3136.0,3136,0.0,0.0,0.0,False,0,3136,3136,BF16,CUDA_EVENT,generic,generic,none
0.004120000172406435,0.01131999958306551,0.007303999923169613,0.007079999893903732,0.0023072197906125686,5,0.019039999693632126,0.04307999834418297,0.024583999440073966,0.020679999142885208,0.009274777288947753,5,0.1793610006570816,0.23547999560832977,0.19808839857578278,0.19480100274085999,0.02014921278557563,5,0.005200000014156103,0.0060800001956522465,0.005576000083237886,0.005439999978989363,0.0003094253302869995,5,0.005679999943822622,0.007120000198483467,0.006120000034570694,0.005919999908655882,0.0005172234554804067,5,2880,64,8,1,8,9216,1,512,0,True,TORCH_SDPA,False,even,[512],512,512,512,512.0,512,0.0,0.0,0.0,False,0,512,512,BF16,CUDA_EVENT,generic,generic,none
0.00431999983265996,0.004519999958574772,0.004407999943941832,0.004399999976158142,6.881859566138264e-05,5,0.01679999940097332,0.030640000477433205,0.019888000190258028,0.01744000054895878,0.005384089302536451,5,1.0961229801177979,1.1758830547332764,1.116514801979065,1.1021629571914673,0.029865052541425692,5,0.004360000137239695,0.005160000175237656,0.004560000076889992,0.004399999976158142,0.0003025227764989346,5,0.00431999983265996,0.009560000151395798,0.005415999982506037,0.004399999976158142,0.002072231732549126,5,2880,64,8,1,8,9216,1,3648,0,True,TORCH_SDPA,False,even,[3648],3648,3648,3648,3648.0,3648,0.0,0.0,0.0,False,0,3648,3648,BF16,CUDA_EVENT,generic,generic,none
0.004120000172406435,0.007639999967068434,0.005776000022888183,0.005880000069737434,0.0013461886940153056,5,0.018360000103712082,0.03156000003218651,0.023575999960303306,0.024080000817775726,0.004653401381704243,5,0.1799210011959076,0.2114810049533844,0.1912646025419235,0.18792100250720978,0.010666196235664662,5,0.004279999993741512,0.005640000104904175,0.004776000045239925,0.004360000137239695,0.0005843834487353284,5,0.00419999985024333,0.005640000104904175,0.004800000041723251,0.004360000137239695,0.000655804849495859,5,2880,64,8,1,8,9216,1,768,0,True,TORCH_SDPA,False,even,[768],768,768,768,768.0,768,0.0,0.0,0.0,False,0,768,768,BF16,CUDA_EVENT,generic,generic,none
0.004480000119656324,0.00863999966531992,0.005351999867707491,0.004559999797493219,0.0016442675147880495,5,0.017400000244379044,0.028119999915361404,0.019895999878644943,0.017999999225139618,0.004130402367699489,5,2.6212470531463623,2.7405669689178467,2.653703212738037,2.640047073364258,0.044176910050853994,5,0.004480000119656324,0.004519999958574772,0.004511999990791082,0.004519999958574772,1.5999935567378997e-05,5,0.00443999981507659,0.004600000102072954,0.004544000048190356,0.004600000102072954,6.974246546350453e-05,5,2880,64,8,1,8,9216,1,5888,0,True,TORCH_SDPA,False,even,[5888],5888,5888,5888,5888.0,5888,0.0,0.0,0.0,False,0,5888,5888,BF16,CUDA_EVENT,generic,generic,none
0.004399999976158142,0.04115999862551689,0.011783999670296908,0.00443999981507659,0.014688064836924867,5,0.017240000888705254,0.4105609953403473,0.09620819948613643,0.017720000818371773,0.15717662086045314,5,1.5352439880371094,2.51352596282959,1.7386041641235352,1.547603964805603,0.38753619779243126,5,0.00431999983265996,0.004480000119656324,0.004416000004857779,0.00443999981507659,6.499236649676148e-05,5,0.00443999981507659,0.004519999958574772,0.004479999933391809,0.004480000119656324,3.5777151814455904e-05,5,2880,64,8,1,8,9216,1,4352,0,True,TORCH_SDPA,False,even,[4352],4352,4352,4352,4352.0,4352,0.0,0.0,0.0,False,0,4352,4352,BF16,CUDA_EVENT,generic,generic,none
0.004240000154823065,0.007120000198483467,0.005352000147104264,0.004360000137239695,0.0013175492402169465,5,0.012719999998807907,0.021640000864863396,0.01588000003248453,0.012959999963641167,0.0038005474857015923,5,0.1908009946346283,0.22256000339984894,0.20595239996910095,0.20608000457286835,0.011038057668185311,5,0.004240000154823065,0.004559999797493219,0.004375999979674816,0.004279999993741512,0.00013529218295118856,5,0.004120000172406435,0.005040000192821026,0.0043680001050233844,0.004240000154823065,0.0003388451400527329,5,2880,64,8,1,8,9216,1,1024,0,True,TORCH_SDPA,False,even,[1024],1024,1024,1024,1024.0,1024,0.0,0.0,0.0,False,0,1024,1024,BF16,CUDA_EVENT,generic,generic,none
0.004279999993741512,0.007600000128149986,0.0050640000961720945,0.004360000137239695,0.0012826472902549913,5,0.012520000338554382,0.02412099950015545,0.015152199752628803,0.012799999676644802,0.004496612291359867,5,0.23124000430107117,0.30831998586654663,0.24803259670734407,0.23276099562644958,0.030177593788400105,5,0.0041600000113248825,0.005040000192821026,0.004400000069290399,0.004240000154823065,0.00032397535988488497,5,0.004240000154823065,0.007160000037401915,0.004856000095605851,0.004279999993741512,0.0011528330028180156,5,2880,64,8,1,8,9216,1,1536,0,True,TORCH_SDPA,False,even,[1536],1536,1536,1536,1536.0,1536,0.0,0.0,0.0,False,0,1536,1536,BF16,CUDA_EVENT,generic,generic,none
0.004521000199019909,0.00791999977082014,0.005704400036484003,0.004600000102072954,0.0014495504678792926,5,0.018200000748038292,0.028279999271035194,0.020471999794244765,0.01875999942421913,0.003911124364177278,5,4.723091125488281,4.851411819458008,4.757979202270508,4.736851215362549,0.04788369086047798,5,0.00443999981507659,0.004519999958574772,0.004480000026524067,0.004480000119656324,2.529826665971379e-05,5,0.004441000055521727,0.004639999940991402,0.004536199942231178,0.004519999958574772,6.469740369372574e-05,5,2880,64,8,1,8,9216,1,7936,0,True,TORCH_SDPA,False,even,[7936],7936,7936,7936,7936.0,7936,0.0,0.0,0.0,False,0,7936,7936,BF16,CUDA_EVENT,generic,generic,none
0.004399999976158142,0.005239999853074551,0.004607999976724386,0.004480000119656324,0.0003173892956842606,5,0.017160000279545784,0.06536000221967697,0.027320000529289245,0.017999999225139618,0.019024044575561724,5,3.1060469150543213,3.1702880859375,3.126607608795166,3.1167280673980713,0.02291760926049981,5,0.00431999983265996,0.004480000119656324,0.004392000008374452,0.004399999976158142,5.306606375125428e-05,5,0.00431999983265996,0.004519999958574772,0.004431999940425158,0.00443999981507659,6.881866061977869e-05,5,2880,64,8,1,8,9216,1,6400,0,True,TORCH_SDPA,False,even,[6400],6400,6400,6400,6400.0,6400,0.0,0.0,0.0,False,0,6400,6400,BF16,CUDA_EVENT,generic,generic,none
0.00443999981507659,0.007400000002235174,0.005047999881207943,0.00443999981507659,0.0011764081544140992,5,0.014159999787807465,0.048280999064445496,0.02149619981646538,0.014840000309050083,0.013397822497179985,5,0.3617610037326813,0.4748010039329529,0.3856970012187958,0.3635610044002533,0.044582147239293955,5,0.004399999976158142,0.004480000119656324,0.004447999969124794,0.00443999981507659,2.9933337677144675e-05,5,0.004360000137239695,0.004480000119656324,0.004440000094473362,0.004480000119656324,5.0596459691431135e-05,5,2880,64,8,1,8,9216,1,2048,0,True,TORCH_SDPA,False,even,[2048],2048,2048,2048,2048.0,2048,0.0,0.0,0.0,False,0,2048,2048,BF16,CUDA_EVENT,generic,generic,none
0.004399999976158142,0.007519999984651804,0.006312000099569559,0.007360000163316727,0.0014045412096054745,5,0.018120000138878822,0.03976000100374222,0.023184000328183175,0.01892000064253807,0.008346749682739392,5,0.004920000210404396,0.006320000160485506,0.005816000048071146,0.0060800001956522465,0.0005082361433919517,5,0.06468000262975693,0.0812000036239624,0.07060840129852294,0.0650010034441948,0.007156940812709587,5,0.004360000137239695,0.0077599999494850636,0.00532800005748868,0.004480000119656324,0.0013060841776373296,5,2880,64,8,1,8,9216,8,0,512,False,TORCH_SDPA,False,even,"[1, 1, 1, 1, 1, 1, 1, 1]",8,1,1,1.0,2,0.0,0.0,0.0,False,0,0,0,BF16,CUDA_EVENT,generic,generic,none
0.004399999976158142,0.004519999958574772,0.004431999940425158,0.004399999976158142,4.664760299960091e-05,5,0.01648000068962574,0.05084000155329704,0.024008000269532204,0.017999999225139618,0.013432436588950412,5,0.572842001914978,0.7042419910430908,0.6013136029243469,0.5762410163879395,0.05149843247210173,5,0.004360000137239695,0.00443999981507659,0.004399999976158142,0.004399999976158142,2.5298119404428044e-05,5,0.004399999976158142,0.004480000119656324,0.004439999908208847,0.00443999981507659,2.529826665971379e-05,5,2880,64,8,1,8,9216,1,2560,0,True,TORCH_SDPA,False,even,[2560],2560,2560,2560,2560.0,2560,0.0,0.0,0.0,False,0,2560,2560,BF16,CUDA_EVENT,generic,generic,none
0.004360000137239695,0.0060800001956522465,0.0047680000774562355,0.004480000119656324,0.0006584345632751102,5,0.01648000068962574,0.05352000147104263,0.024272000789642333,0.017160000279545784,0.014626385266165002,5,0.9162020087242126,1.0278830528259277,0.9468982100486756,0.9288020133972168,0.04095160773801464,5,0.00443999981507659,0.004559999797493219,0.004503999929875135,0.004480000119656324,4.799993087868105e-05,5,0.00431999983265996,0.004480000119656324,0.004432000033557415,0.004480000119656324,6.400011479854584e-05,5,2880,64,8,1,8,9216,1,3264,0,True,TORCH_SDPA,False,even,[3264],3264,3264,3264,3264.0,3264,0.0,0.0,0.0,False,0,3264,3264,BF16,CUDA_EVENT,generic,generic,none
0.004399999976158142,0.004559999797493219,0.004479999933391809,0.004480000119656324,5.6568512254674996e-05,5,0.012520000338554382,0.019680000841617584,0.014144200272858143,0.012841000221669674,0.002771141296844667,5,0.004480000119656324,0.0055599999614059925,0.0047520000487566,0.004600000102072954,0.0004090182855652747,5,0.19251999258995056,0.23888100683689117,0.20332840085029602,0.19268099963665009,0.018000197846899806,5,0.004480000119656324,0.004600000102072954,0.004544000048190356,0.004559999797493219,5.425861360592359e-05,5,2880,64,8,1,8,9216,192,0,512,False,TORCH_SDPA,False,even,"[1, 1, 1, 1, 1, 1, 1, 1, 1, 1, 1, 1, 1, 1, 1, 1, 1, 1, 1, 1, 1, 1, 1, 1, 1, 1, 1, 1, 1, 1, 1, 1, 1, 1, 1, 1, 1, 1, 1, 1, 1, 1, 1, 1, 1, 1, 1, 1, 1, 1, 1, 1, 1, 1, 1, 1, 1, 1, 1, 1, 1, 1, 1, 1, 1, 1, 1, 1, 1, 1, 1, 1, 1, 1, 1, 1, 1, 1, 1, 1, 1, 1, 1, 1, 1, 1, 1, 1, 1, 1, 1, 1, 1, 1, 1, 1, 1, 1, 1, 1, 1, 1, 1, 1, 1, 1, 1, 1, 1, 1, 1, 1, 1, 1, 1, 1, 1, 1, 1, 1, 1, 1, 1, 1, 1, 1, 1, 1, 1, 1, 1, 1, 1, 1, 1, 1, 1, 1, 1, 1, 1, 1, 1, 1, 1, 1, 1, 1, 1, 1, 1, 1, 1, 1, 1, 1, 1, 1, 1, 1, 1, 1, 1, 1, 1, 1, 1, 1, 1, 1, 1, 1, 1, 1, 1, 1, 1, 1, 1, 1, 1, 1, 1, 1, 1, 1, 1, 1, 1, 1, 1, 1]",192,1,1,1.0,13,0.0,0.0,0.0,False,0,0,0,BF16,CUDA_EVENT,generic,generic,none
0.004360000137239695,0.004920000210404396,0.004520000051707029,0.00443999981507659,0.00020396085415794817,5,0.0188400000333786,0.036240000277757645,0.02252800017595291,0.019200000911951065,0.006857423473668525,5,5.7079339027404785,5.78533411026001,5.733261966705323,5.726253986358643,0.026927542266958527,5,0.004360000137239695,0.007000000216066837,0.00509600006043911,0.004399999976158142,0.0010184223765811562,5,0.004399999976158142,0.004519999958574772,0.004439999908208847,0.00443999981507659,4.381779817994027e-05,5,2880,64,8,1,8,9216,1,8448,0,True,TORCH_SDPA,False,even,[8448],8448,8448,8448,8448.0,8448,0.0,0.0,0.0,False,0,8448,8448,BF16,CUDA_EVENT,generic,generic,none
0.00443999981507659,0.009600000455975533,0.005535999964922667,0.004559999797493219,0.002032472631367227,5,0.009200000204145908,0.020999999716877937,0.012567999958992004,0.009440000168979168,0.004579634769074332,5,0.00443999981507659,0.006039999891072512,0.005200000014156103,0.005520000122487545,0.0006334666656682802,5,0.07184000313282013,0.0812000036239624,0.07595200091600418,0.07568000257015228,0.003162824731876379,5,0.004559999797493219,0.004639999940991402,0.004600000008940697,0.004600000102072954,2.529826665971379e-05,5,2880,64,8,1,8,9216,4,0,1024,False,TORCH_SDPA,False,even,"[1, 1, 1, 1]",4,1,1,1.0,2,0.0,0.0,0.0,False,0,0,0,BF16,CUDA_EVENT,generic,generic,none
0.004360000137239695,0.011680000461637974,0.005848000105470419,0.004399999976158142,0.0029160413297228223,5,0.016759999096393585,0.06040000170469284,0.026184000074863434,0.01696000061929226,0.01715185155622258,5,1.1652430295944214,1.3322030305862427,1.2071470022201538,1.1784030199050903,0.06287782641546985,5,0.00431999983265996,0.004519999958574772,0.004399999976158142,0.004399999976158142,6.693281086764991e-05,5,0.004399999976158142,0.004519999958574772,0.0044639999978244305,0.004480000119656324,4.079219274941178e-05,5,2880,64,8,1,8,9216,1,3776,0,True,TORCH_SDPA,False,even,[3776],3776,3776,3776,3776.0,3776,0.0,0.0,0.0,False,0,3776,3776,BF16,CUDA_EVENT,generic,generic,none
0.00443999981507659,0.005640000104904175,0.004760199971497059,0.004600000102072954,0.0004439101551935268,5,0.016720000654459,0.04368000105023384,0.022960000112652777,0.0175199992954731,0.010415465880829491,5,0.820281982421875,0.9048020243644714,0.851994001865387,0.8472819924354553,0.028530536610012074,5,0.004360000137239695,0.004600000102072954,0.00447199996560812,0.00443999981507659,8.158433070443462e-05,5,0.004399999976158142,0.004639999940991402,0.0045599998906254765,0.004559999797493219,8.763559635978157e-05,5,2880,64,8,1,8,9216,1,3072,0,True,TORCH_SDPA,False,even,[3072],3072,3072,3072,3072.0,3072,0.0,0.0,0.0,False,0,3072,3072,BF16,CUDA_EVENT,generic,generic,none
0.004480000119656324,0.004519999958574772,0.004496000055223703,0.004480000119656324,1.95958390287433e-05,5,0.012559999711811543,0.02167999930679798,0.014495999924838543,0.012760000303387642,0.0035938255137583624,5,0.00443999981507659,0.0060800001956522465,0.00481599997729063,0.004519999958574772,0.0006332646652813604,5,0.2614409923553467,0.3057210147380829,0.27132860422134397,0.2637610137462616,0.017224323289135774,5,0.004519999958574772,0.004639999940991402,0.004600000008940697,0.004600000102072954,4.381779817994027e-05,5,2880,64,8,1,8,9216,160,0,1024,False,TORCH_SDPA,False,even,"[1, 1, 1, 1, 1, 1, 1, 1, 1, 1, 1, 1, 1, 1, 1, 1, 1, 1, 1, 1, 1, 1, 1, 1, 1, 1, 1, 1, 1, 1, 1, 1, 1, 1, 1, 1, 1, 1, 1, 1, 1, 1, 1, 1, 1, 1, 1, 1, 1, 1, 1, 1, 1, 1, 1, 1, 1, 1, 1, 1, 1, 1, 1, 1, 1, 1, 1, 1, 1, 1, 1, 1, 1, 1, 1, 1, 1, 1, 1, 1, 1, 1, 1, 1, 1, 1, 1, 1, 1, 1, 1, 1, 1, 1, 1, 1, 1, 1, 1, 1, 1, 1, 1, 1, 1, 1, 1, 1, 1, 1, 1, 1, 1, 1, 1, 1, 1, 1, 1, 1, 1, 1, 1, 1, 1, 1, 1, 1, 1, 1, 1, 1, 1, 1, 1, 1, 1, 1, 1, 1, 1, 1, 1, 1, 1, 1, 1, 1, 1, 1, 1, 1, 1, 1, 1, 1, 1, 1, 1, 1]",160,1,1,1.0,12,0.0,0.0,0.0,False,0,0,0,BF16,CUDA_EVENT,generic,generic,none
0.00431999983265996,0.00443999981507659,0.004367999918758869,0.004360000137239695,4.664761897177434e-05,5,0.01688000001013279,0.03200000151991844,0.02017600052058697,0.017240000888705254,0.005919708580048964,5,1.0568419694900513,1.1330829858779907,1.077522587776184,1.0634020566940308,0.028155951177338077,5,0.004360000137239695,0.004559999797493219,0.00447199996560812,0.004480000119656324,6.881851987655175e-05,5,0.004399999976158142,0.004480000119656324,0.004431999940425158,0.00443999981507659,2.9933287895859092e-05,5,2880,64,8,1,8,9216,1,3584,0,True,TORCH_SDPA,False,even,[3584],3584,3584,3584,3584.0,3584,0.0,0.0,0.0,False,0,3584,3584,BF16,CUDA_EVENT,generic,generic,none
0.00443999981507659,0.004519999958574772,0.004487999994307756,0.004480000119656324,2.9933287895859092e-05,5,0.0083600003272295,0.04391999915242195,0.01573599986732006,0.008960000239312649,0.014094755547062602,5,0.004559999797493219,0.007600000128149986,0.005535999964922667,0.005200000014156103,0.0011250174531265312,5,0.0817599967122078,0.11668000370264053,0.09114419966936112,0.08372099697589874,0.013193308870088728,5,0.004519999958574772,0.004600000102072954,0.004543999955058098,0.004519999958574772,3.200003411633561e-05,5,2880,64,8,1,8,9216,2,0,2048,False,TORCH_SDPA,False,even,"[1, 1]",2,1,1,1.0,1,0.0,0.0,0.0,False,0,0,0,BF16,CUDA_EVENT,generic,generic,none
0.004280999768525362,0.007160000037401915,0.0055761999450623986,0.005640000104904175,0.0011182244248072594,5,0.014919999986886978,0.020959999412298203,0.017511999979615212,0.017400000244379044,0.0019532780793902757,5,0.004279999993741512,0.007040000054985285,0.005920000001788139,0.006120000034570694,0.0008997777620215578,5,0.06752000004053116,0.07571999728679657,0.06973600089550018,0.06868000328540802,0.0030457401722865504,5,0.00431999983265996,0.004559999797493219,0.004439999908208847,0.004399999976158142,8.763559635978157e-05,5,2880,64,8,1,8,9216,32,0,512,False,TORCH_SDPA,False,even,"[1, 1, 1, 1, 1, 1, 1, 1, 1, 1, 1, 1, 1, 1, 1, 1, 1, 1, 1, 1, 1, 1, 1, 1, 1, 1, 1, 1, 1, 1, 1, 1]",32,1,1,1.0,5,0.0,0.0,0.0,False,0,0,0,BF16,CUDA_EVENT,generic,generic,none
0.004360000137239695,0.004519999958574772,0.004447999969124794,0.00443999981507659,5.306596546984384e-05,5,0.01703999936580658,0.036959998309612274,0.02143999934196472,0.017920000478625298,0.007768654460611095,5,1.8695249557495117,1.9418450593948364,1.895692801475525,1.890565037727356,0.02445044122454353,5,0.004360000137239695,0.004559999797493219,0.004463999904692173,0.00443999981507659,6.974230521849422e-05,5,0.004480000119656324,0.004559999797493219,0.004511999990791082,0.004519999958574772,2.9933138551795365e-05,5,2880,64,8,1,8,9216,1,4864,0,True,TORCH_SDPA,False,even,[4864],4864,4864,4864,4864.0,4864,0.0,0.0,0.0,False,0,4864,4864,BF16,CUDA_EVENT,generic,generic,none
0.004360000137239695,0.005640000104904175,0.004640000034123659,0.004399999976158142,0.0005008792552129556,5,0.016920000314712524,0.03604000061750412,0.021008000150322913,0.01735999993979931,0.007519464040414946,5,1.3082829713821411,1.4046039581298828,1.3328113794326781,1.316483974456787,0.03611559042277498,5,0.00431999983265996,0.004480000119656324,0.004408000037074089,0.004399999976158142,6.400007987400752e-05,5,0.004360000137239695,0.004519999958574772,0.0044639999978244305,0.004480000119656324,5.986647622883656e-05,5,2880,64,8,1,8,9216,1,4096,0,True,TORCH_SDPA,False,even,[4096],4096,4096,4096,4096.0,4096,0.0,0.0,0.0,False,0,4096,4096,BF16,CUDA_EVENT,generic,generic,none
0.004480000119656324,0.011880000121891499,0.006400000024586916,0.004639999940991402,0.002835545867758729,5,0.012280000373721123,0.04064000025391579,0.0181920001283288,0.012679999694228172,0.01122552525908846,5,0.004519999958574772,0.009159999899566174,0.005463999882340431,0.004559999797493219,0.0018480865859736855,5,0.35976099967956543,0.4941610097885132,0.3877690076828003,0.36104100942611694,0.05320532050458976,5,0.004480000119656324,0.004600000102072954,0.004528000019490719,0.004519999958574772,3.9191849152437796e-05,5,2880,64,8,1,8,9216,128,0,2048,False,TORCH_SDPA,False,even,"[1, 1, 1, 1, 1, 1, 1, 1, 1, 1, 1, 1, 1, 1, 1, 1, 1, 1, 1, 1, 1, 1, 1, 1, 1, 1, 1, 1, 1, 1, 1, 1, 1, 1, 1, 1, 1, 1, 1, 1, 1, 1, 1, 1, 1, 1, 1, 1, 1, 1, 1, 1, 1, 1, 1, 1, 1, 1, 1, 1, 1, 1, 1, 1, 1, 1, 1, 1, 1, 1, 1, 1, 1, 1, 1, 1, 1, 1, 1, 1, 1, 1, 1, 1, 1, 1, 1, 1, 1, 1, 1, 1, 1, 1, 1, 1, 1, 1, 1, 1, 1, 1, 1, 1, 1, 1, 1, 1, 1, 1, 1, 1, 1, 1, 1, 1, 1, 1, 1, 1, 1, 1, 1, 1, 1, 1, 1, 1]",128,1,1,1.0,11,0.0,0.0,0.0,False,0,0,0,BF16,CUDA_EVENT,generic,generic,none
0.00443999981507659,0.0055599999614059925,0.004751999955624342,0.004600000102072954,0.0004082352431445936,5,0.016839999705553055,0.10668099671602249,0.035016199573874474,0.01720000058412552,0.03583292100017719,5,0.7093619704246521,0.8628020286560059,0.7469460010528565,0.7198020219802856,0.05814978270086015,5,0.004519999958574772,0.004639999940991402,0.004575999919325113,0.004559999797493219,4.079219274941178e-05,5,0.004480000119656324,0.004639999940991402,0.0045599999837577345,0.004559999797493219,5.656851225467499e-05,5,2880,64,8,1,8,9216,1,2880,0,True,TORCH_SDPA,False,even,[2880],2880,2880,2880,2880.0,2880,0.0,0.0,0.0,False,0,2880,2880,BF16,CUDA_EVENT,generic,generic,none
0.004360000137239695,0.004480000119656324,0.004424000065773726,0.00443999981507659,5.425861360592359e-05,5,0.012400000356137753,0.026760000735521317,0.015352000296115876,0.012559999711811543,0.005704757531125717,5,0.00431999983265996,0.006639999803155661,0.004832000005990267,0.004360000137239695,0.0009055914218035187,5,0.3059209883213043,0.4800809919834137,0.34195299744606017,0.30664101243019104,0.06908642618640115,5,0.004399999976158142,0.004480000119656324,0.004440000001341105,0.00443999981507659,3.5777151814455904e-05,5,2880,64,8,1,8,9216,320,0,512,False,TORCH_SDPA,False,even,"[1, 1, 1, 1, 1, 1, 1, 1, 1, 1, 1, 1, 1, 1, 1, 1, 1, 1, 1, 1, 1, 1, 1, 1, 1, 1, 1, 1, 1, 1, 1, 1, 1, 1, 1, 1, 1, 1, 1, 1, 1, 1, 1, 1, 1, 1, 1, 1, 1, 1, 1, 1, 1, 1, 1, 1, 1, 1, 1, 1, 1, 1, 1, 1, 1, 1, 1, 1, 1, 1, 1, 1, 1, 1, 1, 1, 1, 1, 1, 1, 1, 1, 1, 1, 1, 1, 1, 1, 1, 1, 1, 1, 1, 1, 1, 1, 1, 1, 1, 1, 1, 1, 1, 1, 1, 1, 1, 1, 1, 1, 1, 1, 1, 1, 1, 1, 1, 1, 1, 1, 1, 1, 1, 1, 1, 1, 1, 1, 1, 1, 1, 1, 1, 1, 1, 1, 1, 1, 1, 1, 1, 1, 1, 1, 1, 1, 1, 1, 1, 1, 1, 1, 1, 1, 1, 1, 1, 1, 1, 1, 1, 1, 1, 1, 1, 1, 1, 1, 1, 1, 1, 1, 1, 1, 1, 1, 1, 1, 1, 1, 1, 1, 1, 1, 1, 1, 1, 1, 1, 1, 1, 1, 1, 1, 1, 1, 1, 1, 1, 1, 1, 1, 1, 1, 1, 1, 1, 1, 1, 1, 1, 1, 1, 1, 1, 1, 1, 1, 1, 1, 1, 1, 1, 1, 1, 1, 1, 1, 1, 1, 1, 1, 1, 1, 1, 1, 1, 1, 1, 1, 1, 1, 1, 1, 1, 1, 1, 1, 1, 1, 1, 1, 1, 1, 1, 1, 1, 1, 1, 1, 1, 1, 1, 1, 1, 1, 1, 1, 1, 1, 1, 1, 1, 1, 1, 1, 1, 1, 1, 1, 1, 1, 1, 1, 1, 1, 1, 1, 1, 1, 1, 1, 1, 1, 1, 1, 1, 1, 1, 1, 1, 1, 1, 1, 1, 1, 1, 1, 1, 1, 1, 1, 1, 1, 1, 1, 1, 1, 1, 1]",320,1,1,1.0,17,0.0,0.0,0.0,False,0,0,0,BF16,CUDA_EVENT,generic,generic,none
0.00443999981507659,0.004600000102072954,0.004543999955058098,0.004559999797493219,5.986661312733957e-05,5,0.016519999131560326,0.05283999815583229,0.024727999418973922,0.017160000279545784,0.014132954343266703,5,0.7543619871139526,0.892162024974823,0.78681800365448,0.7633219957351685,0.05279262003734535,5,0.004399999976158142,0.004720000084489584,0.004535999987274409,0.004519999958574772,0.00010613200816058245,5,0.004480000119656324,0.004639999940991402,0.00457600001245737,0.004600000102072954,6.499226332255945e-05,5,2880,64,8,1,8,9216,1,2944,0,True,TORCH_SDPA,False,even,[2944],2944,2944,2944,2944.0,2944,0.0,0.0,0.0,False,0,2944,2944,BF16,CUDA_EVENT,generic,generic,none
0.004399999976158142,0.008799999952316284,0.005303999967873096,0.00443999981507659,0.0017482516909851221,5,0.01744000054895878,0.026839999482035637,0.019527999684214592,0.017559999600052834,0.0036684513298667885,5,3.619168996810913,3.668889045715332,3.6431292057037354,3.644089937210083,0.01610005341377778,5,0.004360999912023544,0.004559999797493219,0.0044721999205648896,0.004480000119656324,6.84934943206944e-05,5,0.004360000137239695,0.004559999797493219,0.004456000030040741,0.004480000119656324,6.974230521849422e-05,5,2880,64,8,1,8,9216,1,6912,0,True,TORCH_SDPA,False,even,[6912],6912,6912,6912,6912.0,6912,0.0,0.0,0.0,False,0,6912,6912,BF16,CUDA_EVENT,generic,generic,none
0.004360000137239695,0.004519999958574772,0.004439999908208847,0.00443999981507659,5.0596386064013265e-05,5,0.018120000138878822,0.04192100092768669,0.023736200109124184,0.01955999992787838,0.009110239570766305,5,2.7961270809173584,2.8750059604644775,2.8250864028930662,2.8092870712280273,0.030434823403525678,5,0.00431999983265996,0.004559999797493219,0.004424199927598238,0.004399999976158142,8.629339651870128e-05,5,0.00431999983265996,0.004519999958574772,0.004431999940425158,0.00443999981507659,6.881866061977869e-05,5,2880,64,8,1,8,9216,1,6144,0,True,TORCH_SDPA,False,even,[6144],6144,6144,6144,6144.0,6144,0.0,0.0,0.0,False,0,6144,6144,BF16,CUDA_EVENT,generic,generic,none
0.004360000137239695,0.005400000140070915,0.004640000034123659,0.004480000119656324,0.0003836665692173453,5,0.012199999764561653,0.05063999816775322,0.020167999528348447,0.012360000051558018,0.01524127800726852,5,0.004279999993741512,0.007120000198483467,0.005000200029462576,0.004399999976158142,0.001077745939803,5,0.0774800032377243,0.09907999634742737,0.0839919999241829,0.07891999930143356,0.008126415821617007,5,0.004360000137239695,0.004519999958574772,0.004447999969124794,0.00443999981507659,5.306596546984384e-05,5,2880,64,8,1,8,9216,16,0,1024,False,TORCH_SDPA,False,even,"[1, 1, 1, 1, 1, 1, 1, 1, 1, 1, 1, 1, 1, 1, 1, 1]",16,1,1,1.0,4,0.0,0.0,0.0,False,0,0,0,BF16,CUDA_EVENT,generic,generic,none
0.004480000119656324,0.008320000022649765,0.00528799993917346,0.004559999797493219,0.0015162902490824459,5,0.00848000030964613,0.0221599992364645,0.011551999859511853,0.008799999952316284,0.0053254645558190455,5,0.004519999958574772,0.0063599999994039536,0.004936000052839518,0.004600000102072954,0.0007126738141659469,5,0.10716000199317932,0.1316000074148178,0.11245600283145904,0.10796000063419342,0.009578264334636377,5,0.004519999958574772,0.004600000102072954,0.0045681999996304515,0.004561000037938356,2.9882502411731297e-05,5,2880,64,8,1,8,9216,1,0,3072,False,TORCH_SDPA,False,even,[1],1,1,1,1.0,1,0.0,0.0,0.0,False,0,0,0,BF16,CUDA_EVENT,generic,generic,none
0.00443999981507659,0.004559999797493219,0.004495999962091446,0.004480000119656324,4.079211969054001e-05,5,0.016720000654459,0.04439999908208847,0.02297600023448467,0.017920000478625298,0.01072315119661567,5,0.999642014503479,1.1209629774093628,1.0311945915222167,1.0116430521011353,0.04513908207780719,5,0.00443999981507659,0.004559999797493219,0.004503999929875135,0.004519999958574772,4.079213795521706e-05,5,0.004480000119656324,0.004639999940991402,0.00457600001245737,0.004600000102072954,5.4258613605923594e-05,5,2880,64,8,1,8,9216,1,3456,0,True,TORCH_SDPA,False,even,[3456],3456,3456,3456,3456.0,3456,0.0,0.0,0.0,False,0,3456,3456,BF16,CUDA_EVENT,generic,generic,none
0.004480000119656324,0.014000000432133675,0.006440000049769879,0.004559999797493219,0.0037803705426250993,5,0.016759999096393585,0.06552000343799591,0.02716820053756237,0.016881000250577927,0.01921141423920503,5,0.6950809955596924,0.9002019762992859,0.7407297968864441,0.7025219798088074,0.0799176268027217,5,0.004559999797493219,0.0060800001956522465,0.004928199946880341,0.004639999940991402,0.0005797629757398449,5,0.004519999958574772,0.004679999779909849,0.0045679999515414235,0.004519999958574772,6.39999518171588e-05,5,2880,64,8,1,8,9216,1,2816,0,True,TORCH_SDPA,False,even,[2816],2816,2816,2816,2816.0,2816,0.0,0.0,0.0,False,0,2816,2816,BF16,CUDA_EVENT,generic,generic,none
0.004559999797493219,0.005760000087320805,0.00481599997729063,0.004600000102072954,0.0004723389215463189,5,0.01759999990463257,0.050599999725818634,0.02452800013124943,0.018120000138878822,0.013038610768905489,5,0.9833620190620422,1.0603229999542236,1.0076186060905457,1.002761960029602,0.02811804014404175,5,0.004519999958574772,0.004720000084489584,0.00459199994802475,0.004559999797493219,7.756293039261637e-05,5,0.004480000119656324,0.004679999779909849,0.00458399998024106,0.004600000102072954,7.418886009914523e-05,5,2880,64,8,1,8,9216,1,3392,0,True,TORCH_SDPA,False,even,[3392],3392,3392,3392,3392.0,3392,0.0,0.0,0.0,False,0,3392,3392,BF16,CUDA_EVENT,generic,generic,none
0.004399999976158142,0.03579999879002571,0.010839999746531248,0.004480000119656324,0.012482486454104567,5,0.012480000033974648,0.04399999976158142,0.018872000090777875,0.012640000320971012,0.012564289548532333,5,0.004399999976158142,0.010200000368058681,0.005592000018805265,0.00443999981507659,0.0023041390598173292,5,0.40344101190567017,1.670964002609253,0.6573296010494232,0.40424099564552307,0.5068173201133321,5,0.004399999976158142,0.004519999958574772,0.0044559999369084835,0.00443999981507659,5.425864106902378e-05,5,2880,64,8,1,8,9216,256,0,1024,False,TORCH_SDPA,False,even,"[1, 1, 1, 1, 1, 1, 1, 1, 1, 1, 1, 1, 1, 1, 1, 1, 1, 1, 1, 1, 1, 1, 1, 1, 1, 1, 1, 1, 1, 1, 1, 1, 1, 1, 1, 1, 1, 1, 1, 1, 1, 1, 1, 1, 1, 1, 1, 1, 1, 1, 1, 1, 1, 1, 1, 1, 1, 1, 1, 1, 1, 1, 1, 1, 1, 1, 1, 1, 1, 1, 1, 1, 1, 1, 1, 1, 1, 1, 1, 1, 1, 1, 1, 1, 1, 1, 1, 1, 1, 1, 1, 1, 1, 1, 1, 1, 1, 1, 1, 1, 1, 1, 1, 1, 1, 1, 1, 1, 1, 1, 1, 1, 1, 1, 1, 1, 1, 1, 1, 1, 1, 1, 1, 1, 1, 1, 1, 1, 1, 1, 1, 1, 1, 1, 1, 1, 1, 1, 1, 1, 1, 1, 1, 1, 1, 1, 1, 1, 1, 1, 1, 1, 1, 1, 1, 1, 1, 1, 1, 1, 1, 1, 1, 1, 1, 1, 1, 1, 1, 1, 1, 1, 1, 1, 1, 1, 1, 1, 1, 1, 1, 1, 1, 1, 1, 1, 1, 1, 1, 1, 1, 1, 1, 1, 1, 1, 1, 1, 1, 1, 1, 1, 1, 1, 1, 1, 1, 1, 1, 1, 1, 1, 1, 1, 1, 1, 1, 1, 1, 1, 1, 1, 1, 1, 1, 1, 1, 1, 1, 1, 1, 1, 1, 1, 1, 1, 1, 1, 1, 1, 1, 1, 1, 1, 1, 1, 1, 1, 1, 1, 1, 1, 1, 1, 1, 1]",256,1,1,1.0,16,0.0,0.0,0.0,False,0,0,0,BF16,CUDA_EVENT,generic,generic,none
0.004399999976158142,0.004519999958574772,0.00447199996560812,0.004480000119656324,4.664763494375637e-05,5,0.017000000923871994,0.031279999762773514,0.02043200023472309,0.017559999600052834,0.005462330407143547,5,0.6362419724464417,0.745602011680603,0.662393593788147,0.6433619856834412,0.041771732520568816,5,0.004399999976158142,0.006440000142902136,0.004856199957430363,0.00443999981507659,0.0007937417161611057,5,0.004360000137239695,0.004480000119656324,0.004440000001341105,0.00443999981507659,4.381779818013822e-05,5,2880,64,8,1,8,9216,1,2688,0,True,TORCH_SDPA,False,even,[2688],2688,2688,2688,2688.0,2688,0.0,0.0,0.0,False,0,2688,2688,BF16,CUDA_EVENT,generic,generic,none
0.00431999983265996,0.004480000119656324,0.004399999976158142,0.004399999976158142,5.656857810916412e-05,5,0.018120000138878822,0.04287999868392944,0.023455999791622162,0.01875999942421913,0.009718455294164237,5,5.327853202819824,5.37665319442749,5.3524774551391605,5.353854179382324,0.015586249597845098,5,0.004360000137239695,0.004480000119656324,0.004440000001341105,0.00443999981507659,4.381779818013822e-05,5,0.004360000137239695,0.004519999958574772,0.004432000033557415,0.00443999981507659,6.399994017566368e-05,5,2880,64,8,1,8,9216,1,8192,0,True,TORCH_SDPA,False,even,[8192],8192,8192,8192,8192.0,8192,0.0,0.0,0.0,False,0,8192,8192,BF16,CUDA_EVENT,generic,generic,none
0.004559999797493219,0.012160000391304493,0.006256000045686961,0.004639999940991402,0.0029652495735264057,5,0.01664000004529953,0.03167999908328056,0.0198719996958971,0.01703999936580658,0.005907142493775884,5,1.2655630111694336,1.3420829772949219,1.2851311922073365,1.2728439569473267,0.028733000180047076,5,0.00443999981507659,0.00535999983549118,0.0046639999374747275,0.004480000119656324,0.0003501770431949753,5,0.00443999981507659,0.004519999958574772,0.004496199917048216,0.004519999958574772,3.190240767999665e-05,5,2880,64,8,1,8,9216,1,3968,0,True,TORCH_SDPA,False,even,[3968],3968,3968,3968,3968.0,3968,0.0,0.0,0.0,False,0,3968,3968,BF16,CUDA_EVENT,generic,generic,none
0.004480000119656324,0.00535999983549118,0.004695999994874,0.004519999958574772,0.00033428124069596367,5,0.016759999096393585,0.040800001472234726,0.021776000037789345,0.01711999997496605,0.009513968556447814,5,1.2225630283355713,1.3017630577087402,1.2420594215393066,1.2288039922714233,0.029969196890546085,5,0.004480000119656324,0.005119999870657921,0.004640000034123659,0.004480000119656324,0.00024787083772061203,5,0.004480000119656324,0.004639999940991402,0.004528000019490719,0.004480000119656324,6.399990525103007e-05,5,2880,64,8,1,8,9216,1,3904,0,True,TORCH_SDPA,False,even,[3904],3904,3904,3904,3904.0,3904,0.0,0.0,0.0,False,0,3904,3904,BF16,CUDA_EVENT,generic,generic,none
0.004519999958574772,0.014440000057220459,0.006887999922037124,0.005239999853074551,0.0037965374309857905,5,0.016720000654459,0.08196000009775162,0.03612020052969456,0.017240000888705254,0.02578186813328227,5,0.9426829814910889,4.990132808685303,1.8800209522247315,1.2331229448318481,1.5616281843016415,5,0.004519999958574772,0.014399999752640724,0.006543999910354615,0.004600000102072954,0.003928203582111611,5,0.004559999797493219,0.028759999200701714,0.009935999754816294,0.004559999797493219,0.009469060095539198,5,2880,64,8,1,8,9216,1,3328,0,True,TORCH_SDPA,False,even,[3328],3328,3328,3328,3328.0,3328,0.0,0.0,0.0,False,0,3328,3328,BF16,CUDA_EVENT,generic,generic,none
0.004360000137239695,0.00443999981507659,0.004392199963331222,0.004360999912023544,3.9030122869417613e-05,5,0.018880000337958336,0.03548000007867813,0.022496000304818152,0.01940000057220459,0.0064948766385137,5,6.407333850860596,6.502655029296875,6.432278347015381,6.417893886566162,0.035638692160739054,5,0.004399999976158142,0.004480000119656324,0.004416000004857779,0.004399999976158142,3.2000057399272915e-05,5,0.00431999983265996,0.004559999797493219,0.004447999969124794,0.004480000119656324,9.260666824394041e-05,5,2880,64,8,1,8,9216,1,8960,0,True,TORCH_SDPA,False,even,[8960],8960,8960,8960,8960.0,8960,0.0,0.0,0.0,False,0,8960,8960,BF16,CUDA_EVENT,generic,generic,none
0.004519999958574772,0.03903999924659729,0.01145599978044629,0.004559999797493219,0.013792069338449252,5,0.012919999659061432,0.056279998272657394,0.02165599949657917,0.013000000268220901,0.01731222119802124,5,0.004480000119656324,0.009119999594986439,0.005439999978989363,0.004519999958574772,0.001840521473080929,5,0.39496099948883057,0.5078809857368469,0.417808997631073,0.3954010009765625,0.04503643016090085,5,0.004480000119656324,0.004600000102072954,0.004568000044673681,0.004600000102072954,4.664761897177434e-05,5,2880,64,8,1,8,9216,96,0,3072,False,TORCH_SDPA,False,even,"[1, 1, 1, 1, 1, 1, 1, 1, 1, 1, 1, 1, 1, 1, 1, 1, 1, 1, 1, 1, 1, 1, 1, 1, 1, 1, 1, 1, 1, 1, 1, 1, 1, 1, 1, 1, 1, 1, 1, 1, 1, 1, 1, 1, 1, 1, 1, 1, 1, 1, 1, 1, 1, 1, 1, 1, 1, 1, 1, 1, 1, 1, 1, 1, 1, 1, 1, 1, 1, 1, 1, 1, 1, 1, 1, 1, 1, 1, 1, 1, 1, 1, 1, 1, 1, 1, 1, 1, 1, 1, 1, 1, 1, 1, 1, 1]",96,1,1,1.0,9,0.0,0.0,0.0,False,0,0,0,BF16,CUDA_EVENT,generic,generic,none
0.004360000137239695,0.004480000119656324,0.004440000094473362,0.004480000119656324,5.0596459691431135e-05,5,0.01688000001013279,0.035760000348091125,0.020952000096440316,0.01727999933063984,0.00740794829049484,5,0.8903229832649231,0.9777219891548157,0.9093703985214233,0.8938030004501343,0.034220847449085934,5,0.004360000137239695,0.004519999958574772,0.004447999969124794,0.00443999981507659,5.306596546984384e-05,5,0.004360000137239695,0.004519999958574772,0.004447999969124794,0.00443999981507659,6.39999518171588e-05,5,2880,64,8,1,8,9216,1,3200,0,True,TORCH_SDPA,False,even,[3200],3200,3200,3200,3200.0,3200,0.0,0.0,0.0,False,0,3200,3200,BF16,CUDA_EVENT,generic,generic,none
0.004441000055521727,0.005880000069737434,0.0047842000611126425,0.004519999958574772,0.0005504239867979901,5,0.018160000443458557,0.06564000248908997,0.02780820056796074,0.018279999494552612,0.018917129623182597,5,2.1875250339508057,2.2574050426483154,2.2096770286560057,2.20420503616333,0.02500209121465812,5,0.00443999981507659,0.007240000180900097,0.0050640000030398365,0.004559999797493219,0.0010894696863801504,5,0.004480000119656324,0.004600000102072954,0.004520000051707029,0.004519999958574772,4.381779817994028e-05,5,2880,64,8,1,8,9216,1,5376,0,True,TORCH_SDPA,False,even,[5376],5376,5376,5376,5376.0,5376,0.0,0.0,0.0,False,0,5376,5376,BF16,CUDA_EVENT,generic,generic,none
0.00443999981507659,0.00547999981790781,0.004679999873042106,0.004519999958574772,0.00040159679099592934,5,0.012600000016391277,0.0200399998575449,0.014224000088870526,0.012760000303387642,0.002910900779771979,5,0.00443999981507659,0.005799999926239252,0.004808000009506941,0.004519999958574772,0.0005118749713515971,5,0.08951999992132187,0.1095609962940216,0.09664019793272019,0.09427999705076218,0.0068305222531264975,5,0.004399999976158142,0.005799999926239252,0.004727999959141016,0.004480000119656324,0.0005374904505005657,5,2880,64,8,1,8,9216,64,0,512,False,TORCH_SDPA,False,even,"[1, 1, 1, 1, 1, 1, 1, 1, 1, 1, 1, 1, 1, 1, 1, 1, 1, 1, 1, 1, 1, 1, 1, 1, 1, 1, 1, 1, 1, 1, 1, 1, 1, 1, 1, 1, 1, 1, 1, 1, 1, 1, 1, 1, 1, 1, 1, 1, 1, 1, 1, 1, 1, 1, 1, 1, 1, 1, 1, 1, 1, 1, 1, 1]",64,1,1,1.0,8,0.0,0.0,0.0,False,0,0,0,BF16,CUDA_EVENT,generic,generic,none
0.004360000137239695,0.009359999559819698,0.005383999925106764,0.004399999976158142,0.0019880601781325363,5,0.01119999960064888,0.03683999925851822,0.016551999747753142,0.011599999852478504,0.01014705923425344,5,0.004360000137239695,0.005760000087320805,0.004695999994874,0.00443999981507659,0.000534625142874988,5,0.08835999667644501,0.11856000125408173,0.09482399970293046,0.08895999938249588,0.011875854602069974,5,0.004399999976158142,0.004519999958574772,0.004479999933391809,0.004519999958574772,5.0596459691431135e-05,5,2880,64,8,1,8,9216,8,0,2048,False,TORCH_SDPA,False,even,"[1, 1, 1, 1, 1, 1, 1, 1]",8,1,1,1.0,2,0.0,0.0,0.0,False,0,0,0,BF16,CUDA_EVENT,generic,generic,none
0.00443999981507659,0.005280000157654285,0.00471199993044138,0.004639999940991402,0.0002932849666280984,5,0.018039999529719353,0.04740000143647194,0.02447200007736683,0.01907999999821186,0.011473222383728476,5,2.4300060272216797,2.5286059379577637,2.474269962310791,2.4652459621429443,0.03910628332493016,5,0.00443999981507659,0.004639999940991402,0.0045679999515414235,0.004600000102072954,7.756293039261637e-05,5,0.004480000119656324,0.004639999940991402,0.0045519999228417875,0.004559999797493219,5.306593738933737e-05,5,2880,64,8,1,8,9216,1,5632,0,True,TORCH_SDPA,False,even,[5632],5632,5632,5632,5632.0,5632,0.0,0.0,0.0,False,0,5632,5632,BF16,CUDA_EVENT,generic,generic,none
0.006240000016987324,0.01092000026255846,0.007608000002801418,0.006719999946653843,0.001707283349139488,5,0.01664000004529953,0.0522800013422966,0.024856000393629073,0.018160000443458557,0.013756269764147473,5,0.005160000175237656,0.007120000198483467,0.005952000059187413,0.005880000069737434,0.0007076270325312724,5,0.06468000262975693,0.11692000180482864,0.0769919991493225,0.06731999665498734,0.0200928480633323,5,0.004360000137239695,0.007160000037401915,0.004975999984890222,0.00443999981507659,0.0010944514783156544,5,2880,64,8,1,8,9216,16,0,512,False,TORCH_SDPA,False,even,"[1, 1, 1, 1, 1, 1, 1, 1, 1, 1, 1, 1, 1, 1, 1, 1]",16,1,1,1.0,4,0.0,0.0,0.0,False,0,0,0,BF16,CUDA_EVENT,generic,generic,none
0.00443999981507659,0.004519999958574772,0.004495999962091446,0.004519999958574772,3.200003411633561e-05,5,0.018239999189972878,0.03020000085234642,0.020983999967575072,0.01892000064253807,0.004616811483237924,5,4.155051231384277,4.197290897369385,4.1785070419311525,4.179211139678955,0.015246335859455024,5,0.004480000119656324,0.004559999797493219,0.004504000023007393,0.004480000119656324,3.1999871134757994e-05,5,0.004480000119656324,0.004600000102072954,0.004535999987274409,0.004519999958574772,4.079213795521706e-05,5,2880,64,8,1,8,9216,1,7424,0,True,TORCH_SDPA,False,even,[7424],7424,7424,7424,7424.0,7424,0.0,0.0,0.0,False,0,7424,7424,BF16,CUDA_EVENT,generic,generic,none
0.004480000119656324,0.004801000002771616,0.004600199963897466,0.004559999797493219,0.00011349078427504317,5,0.01720000058412552,0.022760000079870224,0.019288000464439393,0.017720000818371773,0.0022851727465504775,5,1.1856839656829834,1.2939629554748535,1.2120513916015625,1.1933239698410034,0.04107215186704495,5,0.004480000119656324,0.004559999797493219,0.004527999926358462,0.004519999958574772,2.9933138551795365e-05,5,0.004519999958574772,0.004639999940991402,0.0045519999228417875,0.004519999958574772,4.6647602999600904e-05,5,2880,64,8,1,8,9216,1,3840,0,True,TORCH_SDPA,False,even,[3840],3840,3840,3840,3840.0,3840,0.0,0.0,0.0,False,0,3840,3840,BF16,CUDA_EVENT,generic,generic,none
0.004480000119656324,0.010759999975562096,0.005783999990671873,0.004559999797493219,0.0024883215147356325,5,0.017920000478625298,0.05984000116586685,0.026600000262260438,0.018400000408291817,0.01662122062042738,5,4.474690914154053,4.558691024780273,4.505874824523926,4.500891208648682,0.030542615314114376,5,0.004480000119656324,0.004519999958574772,0.004504000023007393,0.004519999958574772,1.95958390287433e-05,5,0.00443999981507659,0.004559999797493219,0.004487999901175499,0.004480000119656324,4.664761897177434e-05,5,2880,64,8,1,8,9216,1,7680,0,True,TORCH_SDPA,False,even,[7680],7680,7680,7680,7680.0,7680,0.0,0.0,0.0,False,0,7680,7680,BF16,CUDA_EVENT,generic,generic,none
0.004279999993741512,0.004480000119656324,0.004376000072807073,0.004360000137239695,6.499233210529004e-05,5,0.012559999711811543,0.020400000736117363,0.01422400027513504,0.012760000303387642,0.003088932736662914,5,0.004240000154823065,0.00547999981790781,0.00457600001245737,0.004399999976158142,0.0004557893206808201,5,0.24420000612735748,0.3059999942779541,0.2574084013700485,0.24488100409507751,0.024316748359751283,5,0.004399999976158142,0.004519999958574772,0.0044479998759925365,0.00443999981507659,3.9191849152437796e-05,5,2880,64,8,1,8,9216,256,0,512,False,TORCH_SDPA,False,even,"[1, 1, 1, 1, 1, 1, 1, 1, 1, 1, 1, 1, 1, 1, 1, 1, 1, 1, 1, 1, 1, 1, 1, 1, 1, 1, 1, 1, 1, 1, 1, 1, 1, 1, 1, 1, 1, 1, 1, 1, 1, 1, 1, 1, 1, 1, 1, 1, 1, 1, 1, 1, 1, 1, 1, 1, 1, 1, 1, 1, 1, 1, 1, 1, 1, 1, 1, 1, 1, 1, 1, 1, 1, 1, 1, 1, 1, 1, 1, 1, 1, 1, 1, 1, 1, 1, 1, 1, 1, 1, 1, 1, 1, 1, 1, 1, 1, 1, 1, 1, 1, 1, 1, 1, 1, 1, 1, 1, 1, 1, 1, 1, 1, 1, 1, 1, 1, 1, 1, 1, 1, 1, 1, 1, 1, 1, 1, 1, 1, 1, 1, 1, 1, 1, 1, 1, 1, 1, 1, 1, 1, 1, 1, 1, 1, 1, 1, 1, 1, 1, 1, 1, 1, 1, 1, 1, 1, 1, 1, 1, 1, 1, 1, 1, 1, 1, 1, 1, 1, 1, 1, 1, 1, 1, 1, 1, 1, 1, 1, 1, 1, 1, 1, 1, 1, 1, 1, 1, 1, 1, 1, 1, 1, 1, 1, 1, 1, 1, 1, 1, 1, 1, 1, 1, 1, 1, 1, 1, 1, 1, 1, 1, 1, 1, 1, 1, 1, 1, 1, 1, 1, 1, 1, 1, 1, 1, 1, 1, 1, 1, 1, 1, 1, 1, 1, 1, 1, 1, 1, 1, 1, 1, 1, 1, 1, 1, 1, 1, 1, 1, 1, 1, 1, 1, 1, 1]",256,1,1,1.0,16,0.0,0.0,0.0,False,0,0,0,BF16,CUDA_EVENT,generic,generic,none
0.004279999993741512,0.004559999797493219,0.004423999879509211,0.00443999981507659,8.979970604623208e-05,5,0.01703999936580658,0.04323999956250191,0.023152000084519387,0.017480000853538513,0.01012325297269378,5,1.1290429830551147,1.207643985748291,1.1543391942977905,1.146602988243103,0.02742317524875695,5,0.004399999976158142,0.0055599999614059925,0.004671999998390674,0.004480000119656324,0.0004449898736680383,5,0.00443999981507659,0.004559999797493219,0.004519999865442515,0.004519999958574772,4.381779817994027e-05,5,2880,64,8,1,8,9216,1,3712,0,True,TORCH_SDPA,False,even,[3712],3712,3712,3712,3712.0,3712,0.0,0.0,0.0,False,0,3712,3712,BF16,CUDA_EVENT,generic,generic,none
0.004519999958574772,0.007240000180900097,0.005656000040471554,0.005040000192821026,0.0011655316079895086,5,0.015560000203549862,0.021800000220537186,0.017120000161230563,0.015960000455379486,0.0023618297674497467,5,0.0047599999234080315,0.005239999853074551,0.005063999909907579,0.005080000031739473,0.00017816843629172948,5,0.057440999895334244,0.06700000166893005,0.060992199927568436,0.05996000021696091,0.0032820664478434977,5,0.004480000119656324,0.0063599999994039536,0.004928000085055828,0.004600000102072954,0.0007175067512158046,5,2880,64,8,1,8,9216,2,0,512,False,TORCH_SDPA,False,even,"[1, 1]",2,1,1,1.0,1,0.0,0.0,0.0,False,0,0,0,BF16,CUDA_EVENT,generic,generic,none
0.004399999976158142,0.004480000119656324,0.004440000001341105,0.00443999981507659,3.5777151814455904e-05,5,0.012280000373721123,0.018959999084472656,0.01375999990850687,0.012520000338554382,0.00260362781705804,5,0.004360000137239695,0.006719999946653843,0.004872000031173229,0.004399999976158142,0.0009248221032719815,5,0.4136410057544708,0.5096409916877747,0.43521699905395506,0.41752201318740845,0.037324348479658556,5,0.00443999981507659,0.004519999958574772,0.004463999904692173,0.00443999981507659,3.2000080682464336e-05,5,2880,64,8,1,8,9216,448,0,512,False,TORCH_SDPA,False,even,"[1, 1, 1, 1, 1, 1, 1, 1, 1, 1, 1, 1, 1, 1, 1, 1, 1, 1, 1, 1, 1, 1, 1, 1, 1, 1, 1, 1, 1, 1, 1, 1, 1, 1, 1, 1, 1, 1, 1, 1, 1, 1, 1, 1, 1, 1, 1, 1, 1, 1, 1, 1, 1, 1, 1, 1, 1, 1, 1, 1, 1, 1, 1, 1, 1, 1, 1, 1, 1, 1, 1, 1, 1, 1, 1, 1, 1, 1, 1, 1, 1, 1, 1, 1, 1, 1, 1, 1, 1, 1, 1, 1, 1, 1, 1, 1, 1, 1, 1, 1, 1, 1, 1, 1, 1, 1, 1, 1, 1, 1, 1, 1, 1, 1, 1, 1, 1, 1, 1, 1, 1, 1, 1, 1, 1, 1, 1, 1, 1, 1, 1, 1, 1, 1, 1, 1, 1, 1, 1, 1, 1, 1, 1, 1, 1, 1, 1, 1, 1, 1, 1, 1, 1, 1, 1, 1, 1, 1, 1, 1, 1, 1, 1, 1, 1, 1, 1, 1, 1, 1, 1, 1, 1, 1, 1, 1, 1, 1, 1, 1, 1, 1, 1, 1, 1, 1, 1, 1, 1, 1, 1, 1, 1, 1, 1, 1, 1, 1, 1, 1, 1, 1, 1, 1, 1, 1, 1, 1, 1, 1, 1, 1, 1, 1, 1, 1, 1, 1, 1, 1, 1, 1, 1, 1, 1, 1, 1, 1, 1, 1, 1, 1, 1, 1, 1, 1, 1, 1, 1, 1, 1, 1, 1, 1, 1, 1, 1, 1, 1, 1, 1, 1, 1, 1, 1, 1, 1, 1, 1, 1, 1, 1, 1, 1, 1, 1, 1, 1, 1, 1, 1, 1, 1, 1, 1, 1, 1, 1, 1, 1, 1, 1, 1, 1, 1, 1, 1, 1, 1, 1, 1, 1, 1, 1, 1, 1, 1, 1, 1, 1, 1, 1, 1, 1, 1, 1, 1, 1, 1, 1, 1, 1, 1, 1, 1, 1, 1, 1, 1, 1, 1, 1, 1, 1, 1, 1, 1, 1, 1, 1, 1, 1, 1, 1, 1, 1, 1, 1, 1, 1, 1, 1, 1, 1, 1, 1, 1, 1, 1, 1, 1, 1, 1, 1, 1, 1, 1, 1, 1, 1, 1, 1, 1, 1, 1, 1, 1, 1, 1, 1, 1, 1, 1, 1, 1, 1, 1, 1, 1, 1, 1, 1, 1, 1, 1, 1, 1, 1, 1, 1, 1, 1, 1, 1, 1, 1, 1, 1, 1, 1, 1, 1, 1, 1, 1, 1, 1, 1, 1, 1, 1, 1, 1, 1, 1, 1, 1, 1, 1, 1, 1, 1, 1, 1, 1, 1, 1, 1, 1, 1, 1, 1, 1, 1, 1, 1, 1, 1, 1, 1, 1, 1, 1, 1, 1, 1, 1, 1]",448,1,1,1.0,21,0.0,0.0,0.0,False,0,0,0,BF16,CUDA_EVENT,generic,generic,none
0.004279999993741512,0.006680999882519245,0.004888199921697378,0.004480000119656324,0.0009010288105690378,5,0.010080000385642052,0.021080000326037407,0.01320000011473894,0.010999999940395355,0.00407482027882844,5,0.00443999981507659,0.005679999943822622,0.004999999981373548,0.004920000210404396,0.0004766550927685809,5,0.0703200027346611,0.0820000022649765,0.0752560019493103,0.07540000230073929,0.004140307597888813,5,0.00431999983265996,0.004800000227987766,0.004528000019490719,0.004480000119656324,0.00015676744413589263,5,2880,64,8,1,8,9216,8,0,1024,False,TORCH_SDPA,False,even,"[1, 1, 1, 1, 1, 1, 1, 1]",8,1,1,1.0,2,0.0,0.0,0.0,False,0,0,0,BF16,CUDA_EVENT,generic,generic,none
0.004480000119656324,0.010879999957978725,0.005855999980121851,0.004639999940991402,0.002513273551562672,5,0.017400000244379044,0.06047999858856201,0.026432199776172637,0.017999999225139618,0.017028173331342433,5,1.992324948310852,2.1059250831604004,2.0253253698349,1.9983259439468384,0.04279220904674158,5,0.00443999981507659,0.004600000102072954,0.004535999894142151,0.004559999797493219,5.4258695995502165e-05,5,0.00443999981507659,0.004600000102072954,0.004528000019490719,0.004519999958574772,6.400007987400752e-05,5,2880,64,8,1,8,9216,1,5120,0,True,TORCH_SDPA,False,even,[5120],5120,5120,5120,5120.0,5120,0.0,0.0,0.0,False,0,5120,5120,BF16,CUDA_EVENT,generic,generic,none
0.004360000137239695,0.00559999980032444,0.0046559999696910385,0.00443999981507659,0.00047369179679231625,5,0.01727999933063984,0.02727999910712242,0.019727999716997145,0.017640000209212303,0.0038158739517570165,5,1.6712839603424072,1.7372440099716187,1.6876603841781617,1.6759649515151978,0.024944936259132886,5,0.004360000137239695,0.004519999958574772,0.004440000001341105,0.00443999981507659,5.6568512254674996e-05,5,0.004399999976158142,0.004519999958574772,0.004439999908208847,0.00443999981507659,4.381779817994027e-05,5,2880,64,8,1,8,9216,1,4608,0,True,TORCH_SDPA,False,even,[4608],4608,4608,4608,4608.0,4608,0.0,0.0,0.0,False,0,4608,4608,BF16,CUDA_EVENT,generic,generic,none
0.007439999841153622,0.012959999963641167,0.00900799985975027,0.007840000092983246,0.0020445283324507534,5,0.017960000783205032,0.05400099977850914,0.02643220014870167,0.01940000057220459,0.01387347674910493,5,0.00535999983549118,0.0074800001457333565,0.006320000067353249,0.0060800001956522465,0.000841712651239339,5,0.060600001364946365,0.11964000016450882,0.0770079992711544,0.06871999800205231,0.02165145604831141,5,0.004519999958574772,0.008999999612569809,0.00563999991863966,0.004639999940991402,0.0017088942423720743,5,2880,64,8,1,8,9216,4,0,512,False,TORCH_SDPA,False,even,"[1, 1, 1, 1]",4,1,1,1.0,2,0.0,0.0,0.0,False,0,0,0,BF16,CUDA_EVENT,generic,generic,none
0.004360000137239695,0.10796000063419342,0.02513600019738078,0.004480000119656324,0.041412026297810094,5,0.012679999694228172,0.04224000126123428,0.018680000118911265,0.012839999981224537,0.011780472549122362,5,0.00431999983265996,0.007280000019818544,0.005143999960273505,0.004559999797493219,0.0011078195374747198,5,0.5375609993934631,0.679440975189209,0.568985390663147,0.5425209999084473,0.05526607285070389,5,0.004399999976158142,0.004519999958574772,0.0044559999369084835,0.00443999981507659,5.425864106902378e-05,5,2880,64,8,1,8,9216,192,0,2048,False,TORCH_SDPA,False,even,"[1, 1, 1, 1, 1, 1, 1, 1, 1, 1, 1, 1, 1, 1, 1, 1, 1, 1, 1, 1, 1, 1, 1, 1, 1, 1, 1, 1, 1, 1, 1, 1, 1, 1, 1, 1, 1, 1, 1, 1, 1, 1, 1, 1, 1, 1, 1, 1, 1, 1, 1, 1, 1, 1, 1, 1, 1, 1, 1, 1, 1, 1, 1, 1, 1, 1, 1, 1, 1, 1, 1, 1, 1, 1, 1, 1, 1, 1, 1, 1, 1, 1, 1, 1, 1, 1, 1, 1, 1, 1, 1, 1, 1, 1, 1, 1, 1, 1, 1, 1, 1, 1, 1, 1, 1, 1, 1, 1, 1, 1, 1, 1, 1, 1, 1, 1, 1, 1, 1, 1, 1, 1, 1, 1, 1, 1, 1, 1, 1, 1, 1, 1, 1, 1, 1, 1, 1, 1, 1, 1, 1, 1, 1, 1, 1, 1, 1, 1, 1, 1, 1, 1, 1, 1, 1, 1, 1, 1, 1, 1, 1, 1, 1, 1, 1, 1, 1, 1, 1, 1, 1, 1, 1, 1, 1, 1, 1, 1, 1, 1, 1, 1, 1, 1, 1, 1, 1, 1, 1, 1, 1, 1]",192,1,1,1.0,13,0.0,0.0,0.0,False,0,0,0,BF16,CUDA_EVENT,generic,generic,none
0.00443999981507659,0.004519999958574772,0.004480000026524067,0.004480000119656324,2.529826665971379e-05,5,0.014360000379383564,0.024080000817775726,0.016472000256180765,0.014680000022053719,0.003806134276441962,5,0.004480000119656324,0.0060800001956522465,0.004840000066906214,0.004519999958574772,0.0006212246619531996,5,2.068804979324341,2.365165948867798,2.1378856182098387,2.0846049785614014,0.1140670338003665,5,0.00443999981507659,0.004559999797493219,0.004511999897658825,0.004519999958574772,4.6647571055609506e-05,5,2880,64,8,1,8,9216,512,0,3072,False,TORCH_SDPA,False,even,"[1, 1, 1, 1, 1, 1, 1, 1, 1, 1, 1, 1, 1, 1, 1, 1, 1, 1, 1, 1, 1, 1, 1, 1, 1, 1, 1, 1, 1, 1, 1, 1, 1, 1, 1, 1, 1, 1, 1, 1, 1, 1, 1, 1, 1, 1, 1, 1, 1, 1, 1, 1, 1, 1, 1, 1, 1, 1, 1, 1, 1, 1, 1, 1, 1, 1, 1, 1, 1, 1, 1, 1, 1, 1, 1, 1, 1, 1, 1, 1, 1, 1, 1, 1, 1, 1, 1, 1, 1, 1, 1, 1, 1, 1, 1, 1, 1, 1, 1, 1, 1, 1, 1, 1, 1, 1, 1, 1, 1, 1, 1, 1, 1, 1, 1, 1, 1, 1, 1, 1, 1, 1, 1, 1, 1, 1, 1, 1, 1, 1, 1, 1, 1, 1, 1, 1, 1, 1, 1, 1, 1, 1, 1, 1, 1, 1, 1, 1, 1, 1, 1, 1, 1, 1, 1, 1, 1, 1, 1, 1, 1, 1, 1, 1, 1, 1, 1, 1, 1, 1, 1, 1, 1, 1, 1, 1, 1, 1, 1, 1, 1, 1, 1, 1, 1, 1, 1, 1, 1, 1, 1, 1, 1, 1, 1, 1, 1, 1, 1, 1, 1, 1, 1, 1, 1, 1, 1, 1, 1, 1, 1, 1, 1, 1, 1, 1, 1, 1, 1, 1, 1, 1, 1, 1, 1, 1, 1, 1, 1, 1, 1, 1, 1, 1, 1, 1, 1, 1, 1, 1, 1, 1, 1, 1, 1, 1, 1, 1, 1, 1, 1, 1, 1, 1, 1, 1, 1, 1, 1, 1, 1, 1, 1, 1, 1, 1, 1, 1, 1, 1, 1, 1, 1, 1, 1, 1, 1, 1, 1, 1, 1, 1, 1, 1, 1, 1, 1, 1, 1, 1, 1, 1, 1, 1, 1, 1, 1, 1, 1, 1, 1, 1, 1, 1, 1, 1, 1, 1, 1, 1, 1, 1, 1, 1, 1, 1, 1, 1, 1, 1, 1, 1, 1, 1, 1, 1, 1, 1, 1, 1, 1, 1, 1, 1, 1, 1, 1, 1, 1, 1, 1, 1, 1, 1, 1, 1, 1, 1, 1, 1, 1, 1, 1, 1, 1, 1, 1, 1, 1, 1, 1, 1, 1, 1, 1, 1, 1, 1, 1, 1, 1, 1, 1, 1, 1, 1, 1, 1, 1, 1, 1, 1, 1, 1, 1, 1, 1, 1, 1, 1, 1, 1, 1, 1, 1, 1, 1, 1, 1, 1, 1, 1, 1, 1, 1, 1, 1, 1, 1, 1, 1, 1, 1, 1, 1, 1, 1, 1, 1, 1, 1, 1, 1, 1, 1, 1, 1, 1, 1, 1, 1, 1, 1, 1, 1, 1, 1, 1, 1, 1, 1, 1, 1, 1, 1, 1, 1, 1, 1, 1, 1, 1, 1, 1, 1, 1, 1, 1, 1, 1, 1, 1, 1, 1, 1, 1, 1, 1, 1, 1, 1, 1, 1, 1, 1, 1, 1, 1, 1, 1, 1, 1, 1, 1, 1, 1, 1, 1, 1, 1, 1, 1, 1, 1, 1, 1, 1, 1, 1, 1, 1, 1, 1, 1, 1, 1, 1, 1, 1, 1, 1, 1]",512,1,1,1.0,22,0.0,0.0,0.0,False,0,0,0,BF16,CUDA_EVENT,generic,generic,none
0.004399999976158142,0.047200001776218414,0.013000000361353159,0.004480000119656324,0.01710006386524407,5,0.012679999694228172,0.09480000287294388,0.029512000642716883,0.012880000285804272,0.03265086597653088,5,0.004399999976158142,0.005880000069737434,0.005016000010073185,0.004480000119656324,0.0007059065597012099,5,0.10971999913454056,0.2828409969806671,0.1480005994439125,0.10992000252008438,0.06778026368851037,5,0.00443999981507659,0.005200000014156103,0.004607999883592129,0.00443999981507659,0.00029761727451695433,5,2880,64,8,1,8,9216,48,0,1024,False,TORCH_SDPA,False,even,"[1, 1, 1, 1, 1, 1, 1, 1, 1, 1, 1, 1, 1, 1, 1, 1, 1, 1, 1, 1, 1, 1, 1, 1, 1, 1, 1, 1, 1, 1, 1, 1, 1, 1, 1, 1, 1, 1, 1, 1, 1, 1, 1, 1, 1, 1, 1, 1]",48,1,1,1.0,6,0.0,0.0,0.0,False,0,0,0,BF16,CUDA_EVENT,generic,generic,none
0.00443999981507659,0.007120000198483467,0.0050560000352561476,0.004600000102072954,0.0010337041071208201,5,0.012640000320971012,0.01844000071287155,0.014832000248134136,0.012919999659061432,0.002573763426466249,5,0.004480000119656324,0.005200000014156103,0.0047680000774562355,0.004639999940991402,0.0002976172019180565,5,0.1332399994134903,0.16564099490642548,0.1402884006500244,0.13340100646018982,0.012713906003621336,5,0.00443999981507659,0.005119999870657921,0.004615999944508076,0.004519999958574772,0.0002537399921482797,5,2880,64,8,1,8,9216,128,0,512,False,TORCH_SDPA,False,even,"[1, 1, 1, 1, 1, 1, 1, 1, 1, 1, 1, 1, 1, 1, 1, 1, 1, 1, 1, 1, 1, 1, 1, 1, 1, 1, 1, 1, 1, 1, 1, 1, 1, 1, 1, 1, 1, 1, 1, 1, 1, 1, 1, 1, 1, 1, 1, 1, 1, 1, 1, 1, 1, 1, 1, 1, 1, 1, 1, 1, 1, 1, 1, 1, 1, 1, 1, 1, 1, 1, 1, 1, 1, 1, 1, 1, 1, 1, 1, 1, 1, 1, 1, 1, 1, 1, 1, 1, 1, 1, 1, 1, 1, 1, 1, 1, 1, 1, 1, 1, 1, 1, 1, 1, 1, 1, 1, 1, 1, 1, 1, 1, 1, 1, 1, 1, 1, 1, 1, 1, 1, 1, 1, 1, 1, 1, 1, 1]",128,1,1,1.0,11,0.0,0.0,0.0,False,0,0,0,BF16,CUDA_EVENT,generic,generic,none
0.00443999981507659,0.00443999981507659,0.00443999981507659,0.00443999981507659,0.0,5,0.008960000239312649,0.03223999962210655,0.013855999894440174,0.009359999559819698,0.009195532691484274,5,0.00443999981507659,0.00571999978274107,0.004727999866008759,0.004480000119656324,0.0004979316801897372,5,0.11320000141859055,0.14504100382328033,0.1196723997592926,0.1133200004696846,0.012684739567903043,5,0.004360000137239695,0.004519999958574772,0.004424000065773726,0.004399999976158142,6.499226332255945e-05,5,2880,64,8,1,8,9216,4,0,3072,False,TORCH_SDPA,False,even,"[1, 1, 1, 1]",4,1,1,1.0,2,0.0,0.0,0.0,False,0,0,0,BF16,CUDA_EVENT,generic,generic,none
0.004519999958574772,0.0106800002977252,0.00590400006622076,0.004720000084489584,0.002393538079676962,5,0.018160000443458557,0.05144000053405762,0.026071999967098237,0.020719999447464943,0.012727555249722888,5,3.8925700187683105,4.174170970916748,4.018562316894531,3.9537699222564697,0.1163105121971606,5,0.004480000119656324,0.006240000016987324,0.005264000128954649,0.004920000210404396,0.0007970344843861847,5,0.004559999797493219,0.004920000210404396,0.004687999933958053,0.004639999940991402,0.000122376602600814,5,2880,64,8,1,8,9216,1,7168,0,True,TORCH_SDPA,False,even,[7168],7168,7168,7168,7168.0,7168,0.0,0.0,0.0,False,0,7168,7168,BF16,CUDA_EVENT,generic,generic,none
0.004480000119656324,0.009879999794065952,0.005607999861240387,0.004559999797493219,0.002136224671888121,5,0.012360000051558018,0.07835999876260757,0.02583999987691641,0.012880000285804272,0.026260832636035052,5,0.004480000119656324,0.009720000438392162,0.006048000138252974,0.004519999958574772,0.0020842112515171776,5,0.1648010015487671,0.37400099635124207,0.2213126003742218,0.17020000517368317,0.08046664704768336,5,0.004519999958574772,0.006240000016987324,0.004887999873608351,0.004559999797493219,0.0006761775617330231,5,2880,64,8,1,8,9216,160,0,512,False,TORCH_SDPA,False,even,"[1, 1, 1, 1, 1, 1, 1, 1, 1, 1, 1, 1, 1, 1, 1, 1, 1, 1, 1, 1, 1, 1, 1, 1, 1, 1, 1, 1, 1, 1, 1, 1, 1, 1, 1, 1, 1, 1, 1, 1, 1, 1, 1, 1, 1, 1, 1, 1, 1, 1, 1, 1, 1, 1, 1, 1, 1, 1, 1, 1, 1, 1, 1, 1, 1, 1, 1, 1, 1, 1, 1, 1, 1, 1, 1, 1, 1, 1, 1, 1, 1, 1, 1, 1, 1, 1, 1, 1, 1, 1, 1, 1, 1, 1, 1, 1, 1, 1, 1, 1, 1, 1, 1, 1, 1, 1, 1, 1, 1, 1, 1, 1, 1, 1, 1, 1, 1, 1, 1, 1, 1, 1, 1, 1, 1, 1, 1, 1, 1, 1, 1, 1, 1, 1, 1, 1, 1, 1, 1, 1, 1, 1, 1, 1, 1, 1, 1, 1, 1, 1, 1, 1, 1, 1, 1, 1, 1, 1, 1, 1]",160,1,1,1.0,12,0.0,0.0,0.0,False,0,0,0,BF16,CUDA_EVENT,generic,generic,none
0.004399999976158142,0.00559999980032444,0.004847999941557646,0.004559999797493219,0.0004591470296577147,5,0.012199999764561653,0.01860100030899048,0.01372820008546114,0.012640000320971012,0.0024428764909393066,5,0.00443999981507659,0.005119999870657921,0.0046479999087750915,0.004559999797493219,0.00024185945971837722,5,0.34408101439476013,0.3723599910736084,0.3507367968559265,0.34564098715782166,0.010846624359053264,5,0.00443999981507659,0.0074800001457333565,0.005111999996006489,0.004559999797493219,0.001185350657529623,5,2880,64,8,1,8,9216,64,0,4096,False,TORCH_SDPA,False,even,"[1, 1, 1, 1, 1, 1, 1, 1, 1, 1, 1, 1, 1, 1, 1, 1, 1, 1, 1, 1, 1, 1, 1, 1, 1, 1, 1, 1, 1, 1, 1, 1, 1, 1, 1, 1, 1, 1, 1, 1, 1, 1, 1, 1, 1, 1, 1, 1, 1, 1, 1, 1, 1, 1, 1, 1, 1, 1, 1, 1, 1, 1, 1, 1]",64,1,1,1.0,8,0.0,0.0,0.0,False,0,0,0,BF16,CUDA_EVENT,generic,generic,none
0.004279999993741512,0.004519999958574772,0.004408000037074089,0.004399999976158142,8.541662222298434e-05,5,0.017960000783205032,0.029759999364614487,0.020687999948859215,0.018559999763965607,0.004543084094819116,5,3.3658089637756348,3.40864896774292,3.3897285938262938,3.388607978820801,0.015903695771018383,5,0.004399999976158142,0.004519999958574772,0.0044559999369084835,0.00443999981507659,5.425864106902378e-05,5,0.004399999976158142,0.004480000119656324,0.004440000001341105,0.00443999981507659,3.5777151814455904e-05,5,2880,64,8,1,8,9216,1,6656,0,True,TORCH_SDPA,False,even,[6656],6656,6656,6656,6656.0,6656,0.0,0.0,0.0,False,0,6656,6656,BF16,CUDA_EVENT,generic,generic,none
0.0055599999614059925,0.008200000040233135,0.006888199970126152,0.007321000099182129,0.0010732143236499142,5,0.01844000071287155,0.03280000016093254,0.022384200245141983,0.019480999559164047,0.005356523362792781,5,0.004639999940991402,0.009159999899566174,0.0067679999396204945,0.006399999838322401,0.0014814911558064005,5,0.06007999926805496,0.07308000326156616,0.06588000059127808,0.0626399964094162,0.005156558763812471,5,0.004519999958574772,0.00791999977082014,0.00552799990400672,0.005319999996572733,0.0012510219124644314,5,2880,64,8,1,8,9216,1,0,512,False,TORCH_SDPA,False,even,[1],1,1,1,1.0,1,0.0,0.0,0.0,False,0,0,0,BF16,CUDA_EVENT,generic,generic,none
0.004360000137239695,0.004519999958574772,0.004408000037074089,0.004360000137239695,6.399990525103007e-05,5,0.012439999729394913,0.035920001566410065,0.017688000202178956,0.012679999694228172,0.009155139993876424,5,0.004399999976158142,0.009560000151395798,0.0054639999754726885,0.00443999981507659,0.0020481563325553346,5,0.585722029209137,0.8190410137176514,0.6375854134559631,0.5925210118293762,0.09083016341090278,5,0.00443999981507659,0.004519999958574772,0.004463999904692173,0.00443999981507659,3.2000080682464336e-05,5,2880,64,8,1,8,9216,384,0,1024,False,TORCH_SDPA,False,even,"[1, 1, 1, 1, 1, 1, 1, 1, 1, 1, 1, 1, 1, 1, 1, 1, 1, 1, 1, 1, 1, 1, 1, 1, 1, 1, 1, 1, 1, 1, 1, 1, 1, 1, 1, 1, 1, 1, 1, 1, 1, 1, 1, 1, 1, 1, 1, 1, 1, 1, 1, 1, 1, 1, 1, 1, 1, 1, 1, 1, 1, 1, 1, 1, 1, 1, 1, 1, 1, 1, 1, 1, 1, 1, 1, 1, 1, 1, 1, 1, 1, 1, 1, 1, 1, 1, 1, 1, 1, 1, 1, 1, 1, 1, 1, 1, 1, 1, 1, 1, 1, 1, 1, 1, 1, 1, 1, 1, 1, 1, 1, 1, 1, 1, 1, 1, 1, 1, 1, 1, 1, 1, 1, 1, 1, 1, 1, 1, 1, 1, 1, 1, 1, 1, 1, 1, 1, 1, 1, 1, 1, 1, 1, 1, 1, 1, 1, 1, 1, 1, 1, 1, 1, 1, 1, 1, 1, 1, 1, 1, 1, 1, 1, 1, 1, 1, 1, 1, 1, 1, 1, 1, 1, 1, 1, 1, 1, 1, 1, 1, 1, 1, 1, 1, 1, 1, 1, 1, 1, 1, 1, 1, 1, 1, 1, 1, 1, 1, 1, 1, 1, 1, 1, 1, 1, 1, 1, 1, 1, 1, 1, 1, 1, 1, 1, 1, 1, 1, 1, 1, 1, 1, 1, 1, 1, 1, 1, 1, 1, 1, 1, 1, 1, 1, 1, 1, 1, 1, 1, 1, 1, 1, 1, 1, 1, 1, 1, 1, 1, 1, 1, 1, 1, 1, 1, 1, 1, 1, 1, 1, 1, 1, 1, 1, 1, 1, 1, 1, 1, 1, 1, 1, 1, 1, 1, 1, 1, 1, 1, 1, 1, 1, 1, 1, 1, 1, 1, 1, 1, 1, 1, 1, 1, 1, 1, 1, 1, 1, 1, 1, 1, 1, 1, 1, 1, 1, 1, 1, 1, 1, 1, 1, 1, 1, 1, 1, 1, 1, 1, 1, 1, 1, 1, 1, 1, 1, 1, 1, 1, 1, 1, 1, 1, 1, 1, 1, 1, 1, 1, 1, 1, 1, 1, 1, 1, 1, 1, 1, 1, 1, 1, 1, 1, 1, 1, 1, 1, 1, 1, 1, 1, 1, 1, 1, 1, 1, 1, 1, 1, 1, 1, 1, 1, 1, 1, 1, 1, 1, 1, 1, 1, 1, 1, 1]",384,1,1,1.0,19,0.0,0.0,0.0,False,0,0,0,BF16,CUDA_EVENT,generic,generic,none
0.004399999976158142,0.004600000102072954,0.004528000019490719,0.004559999797493219,7.756289196924024e-05,5,0.00863999966531992,0.02988000027835369,0.013944000005722046,0.009279999881982803,0.008119728212310133,5,0.004360000137239695,0.0061599998734891415,0.004895999934524298,0.004519999958574772,0.0006700924875889551,5,0.07072100043296814,0.08247999846935272,0.07568040043115616,0.07479999959468842,0.004026386000972566,5,0.004519999958574772,0.005239999853074551,0.004671999905258417,0.004519999958574772,0.00028442219190282577,5,2880,64,8,1,8,9216,1,0,1024,False,TORCH_SDPA,False,even,[1],1,1,1,1.0,1,0.0,0.0,0.0,False,0,0,0,BF16,CUDA_EVENT,generic,generic,none
0.00419999985024333,0.004360000137239695,0.004256000090390444,0.004240000154823065,5.4258695995502165e-05,5,0.012559999711811543,0.021400000900030136,0.01448000017553568,0.012880000285804272,0.003463455289083073,5,0.004240000154823065,0.005119999870657921,0.004447999969124794,0.00431999983265996,0.0003378993290995625,5,0.3086009919643402,0.3699209988117218,0.32115299701690675,0.30868101119995117,0.02438948579372628,5,0.00419999985024333,0.004399999976158142,0.004303999990224838,0.00431999983265996,7.418897056902215e-05,5,2880,64,8,1,8,9216,192,0,1024,False,TORCH_SDPA,False,even,"[1, 1, 1, 1, 1, 1, 1, 1, 1, 1, 1, 1, 1, 1, 1, 1, 1, 1, 1, 1, 1, 1, 1, 1, 1, 1, 1, 1, 1, 1, 1, 1, 1, 1, 1, 1, 1, 1, 1, 1, 1, 1, 1, 1, 1, 1, 1, 1, 1, 1, 1, 1, 1, 1, 1, 1, 1, 1, 1, 1, 1, 1, 1, 1, 1, 1, 1, 1, 1, 1, 1, 1, 1, 1, 1, 1, 1, 1, 1, 1, 1, 1, 1, 1, 1, 1, 1, 1, 1, 1, 1, 1, 1, 1, 1, 1, 1, 1, 1, 1, 1, 1, 1, 1, 1, 1, 1, 1, 1, 1, 1, 1, 1, 1, 1, 1, 1, 1, 1, 1, 1, 1, 1, 1, 1, 1, 1, 1, 1, 1, 1, 1, 1, 1, 1, 1, 1, 1, 1, 1, 1, 1, 1, 1, 1, 1, 1, 1, 1, 1, 1, 1, 1, 1, 1, 1, 1, 1, 1, 1, 1, 1, 1, 1, 1, 1, 1, 1, 1, 1, 1, 1, 1, 1, 1, 1, 1, 1, 1, 1, 1, 1, 1, 1, 1, 1, 1, 1, 1, 1, 1, 1]",192,1,1,1.0,13,0.0,0.0,0.0,False,0,0,0,BF16,CUDA_EVENT,generic,generic,none
0.004279999993741512,0.007240000180900097,0.004896000027656555,0.00431999983265996,0.001172375444056674,5,0.00887999963015318,0.03147999942302704,0.013647999800741672,0.009440000168979168,0.008918884052469678,5,0.004240000154823065,0.007240000180900097,0.004896000027656555,0.00431999983265996,0.001173194005190035,5,0.0841199979186058,0.12244000285863876,0.1038561999797821,0.10332100093364716,0.012605352615139209,5,0.004240000154823065,0.004519999958574772,0.004344000015407801,0.004279999993741512,0.00011482150173882859,5,2880,64,8,1,8,9216,4,0,2048,False,TORCH_SDPA,False,even,"[1, 1, 1, 1]",4,1,1,1.0,2,0.0,0.0,0.0,False,0,0,0,BF16,CUDA_EVENT,generic,generic,none
0.004360000137239695,0.0083600003272295,0.00521600004285574,0.00443999981507659,0.0015724835274515975,5,0.012559999711811543,0.033240001648664474,0.01756800040602684,0.012959999963641167,0.007968474519820792,5,0.004360000137239695,0.009119999594986439,0.005375999957323074,0.004480000119656324,0.0018725125690214198,5,0.6327610015869141,0.8092809915542603,0.6714735984802246,0.6379619836807251,0.06900950778654855,5,0.00431999983265996,0.004480000119656324,0.004407999943941832,0.00443999981507659,5.878777056032047e-05,5,2880,64,8,1,8,9216,160,0,3072,False,TORCH_SDPA,False,even,"[1, 1, 1, 1, 1, 1, 1, 1, 1, 1, 1, 1, 1, 1, 1, 1, 1, 1, 1, 1, 1, 1, 1, 1, 1, 1, 1, 1, 1, 1, 1, 1, 1, 1, 1, 1, 1, 1, 1, 1, 1, 1, 1, 1, 1, 1, 1, 1, 1, 1, 1, 1, 1, 1, 1, 1, 1, 1, 1, 1, 1, 1, 1, 1, 1, 1, 1, 1, 1, 1, 1, 1, 1, 1, 1, 1, 1, 1, 1, 1, 1, 1, 1, 1, 1, 1, 1, 1, 1, 1, 1, 1, 1, 1, 1, 1, 1, 1, 1, 1, 1, 1, 1, 1, 1, 1, 1, 1, 1, 1, 1, 1, 1, 1, 1, 1, 1, 1, 1, 1, 1, 1, 1, 1, 1, 1, 1, 1, 1, 1, 1, 1, 1, 1, 1, 1, 1, 1, 1, 1, 1, 1, 1, 1, 1, 1, 1, 1, 1, 1, 1, 1, 1, 1, 1, 1, 1, 1, 1, 1]",160,1,1,1.0,12,0.0,0.0,0.0,False,0,0,0,BF16,CUDA_EVENT,generic,generic,none
0.004399999976158142,0.00559999980032444,0.004687999933958053,0.004480000119656324,0.0004577509596688171,5,0.011719999834895134,0.029279999434947968,0.015663999877870084,0.012480000033974648,0.006815164053614326,5,0.004399999976158142,0.005799999926239252,0.004800199996680021,0.00443999981507659,0.0005430286636334161,5,0.1082800030708313,0.12999999523162842,0.11291219890117646,0.1088000014424324,0.008546412777961922,5,0.00443999981507659,0.004559999797493219,0.004495999962091446,0.004480000119656324,4.079211969054e-05,5,2880,64,8,1,8,9216,32,0,2048,False,TORCH_SDPA,False,even,"[1, 1, 1, 1, 1, 1, 1, 1, 1, 1, 1, 1, 1, 1, 1, 1, 1, 1, 1, 1, 1, 1, 1, 1, 1, 1, 1, 1, 1, 1, 1, 1]",32,1,1,1.0,5,0.0,0.0,0.0,False,0,0,0,BF16,CUDA_EVENT,generic,generic,none
0.004480000119656324,0.004639999940991402,0.00457600001245737,0.004600000102072954,5.4258613605923594e-05,5,0.012679999694228172,0.02640100009739399,0.015984199941158295,0.012880000285804272,0.005296647158995823,5,0.004480000119656324,0.0060800001956522465,0.0048640000633895395,0.004600000102072954,0.0006106259714378587,5,0.10628099739551544,0.1664399951696396,0.11889619827270508,0.10707999765872955,0.023781883547761583,5,0.004480000119656324,0.004679999779909849,0.0045679999515414235,0.004559999797493219,6.881851987655174e-05,5,2880,64,8,1,8,9216,96,0,512,False,TORCH_SDPA,False,even,"[1, 1, 1, 1, 1, 1, 1, 1, 1, 1, 1, 1, 1, 1, 1, 1, 1, 1, 1, 1, 1, 1, 1, 1, 1, 1, 1, 1, 1, 1, 1, 1, 1, 1, 1, 1, 1, 1, 1, 1, 1, 1, 1, 1, 1, 1, 1, 1, 1, 1, 1, 1, 1, 1, 1, 1, 1, 1, 1, 1, 1, 1, 1, 1, 1, 1, 1, 1, 1, 1, 1, 1, 1, 1, 1, 1, 1, 1, 1, 1, 1, 1, 1, 1, 1, 1, 1, 1, 1, 1, 1, 1, 1, 1, 1, 1]",96,1,1,1.0,9,0.0,0.0,0.0,False,0,0,0,BF16,CUDA_EVENT,generic,generic,none
0.004519999958574772,0.01092000026255846,0.0065679999999701975,0.005200000014156103,0.0024571073708292658,5,0.00872000027447939,0.05144000053405762,0.02071200031787157,0.012880000285804272,0.016020155460252063,5,0.004519999958574772,0.006560000125318766,0.005527999997138977,0.00559999980032444,0.000749784055774639,5,0.07475999742746353,0.11980099976062775,0.08621639907360076,0.07740099728107452,0.016944239858838687,5,0.004519999958574772,0.004559999797493219,0.0045439998619258406,0.004559999797493219,1.95958390287433e-05,5,2880,64,8,1,8,9216,2,0,1024,False,TORCH_SDPA,False,even,"[1, 1]",2,1,1,1.0,1,0.0,0.0,0.0,False,0,0,0,BF16,CUDA_EVENT,generic,generic,none
0.004360000137239695,0.01524099987000227,0.006568199954926968,0.00443999981507659,0.004336547541699888,5,0.01940000057220459,2.4552860260009766,0.5070492051541805,0.019600000232458115,0.9741187163819227,5,6.034056186676025,6.523656845092773,6.1650642395019535,6.107736110687256,0.18172390482059406,5,0.004399999976158142,0.006519999820739031,0.004871999938040971,0.004480000119656324,0.0008249702451348476,5,0.004399999976158142,0.005840000230818987,0.00474400008097291,0.004480000119656324,0.000549385186287343,5,2880,64,8,1,8,9216,1,8704,0,True,TORCH_SDPA,False,even,[8704],8704,8704,8704,8704.0,8704,0.0,0.0,0.0,False,0,8704,8704,BF16,CUDA_EVENT,generic,generic,none
0.004360000137239695,0.00800000037997961,0.005288000125437975,0.004480000119656324,0.0013859640602625553,5,0.00851999968290329,0.025599999353289604,0.01218399964272976,0.008999999612569809,0.0067105932729017445,5,0.00431999983265996,0.004519999958574772,0.004447999969124794,0.004480000119656324,7.756293039261637e-05,5,0.13580100238323212,0.16787999868392944,0.14848060309886932,0.1422010064125061,0.013070573247190593,5,0.004399999976158142,0.004559999797493219,0.00447199996560812,0.004480000119656324,5.306596546984384e-05,5,2880,64,8,1,8,9216,2,0,4096,False,TORCH_SDPA,False,even,"[1, 1]",2,1,1,1.0,1,0.0,0.0,0.0,False,0,0,0,BF16,CUDA_EVENT,generic,generic,none
0.004360000137239695,0.004559999797493219,0.0044639999978244305,0.004480000119656324,6.499222893130033e-05,5,0.01432000007480383,0.03195999935269356,0.01809599995613098,0.014720000326633453,0.0069347862127699415,5,0.00443999981507659,0.0060800001956522465,0.004808000009506941,0.004519999958574772,0.0006366915427536867,5,2.3920860290527344,2.519404888153076,2.4214057445526125,2.396925926208496,0.049100146252007024,5,0.004480000119656324,0.004639999940991402,0.0045599999837577345,0.004559999797493219,5.656851225467499e-05,5,2880,64,8,1,8,9216,448,0,4096,False,TORCH_SDPA,False,even,"[1, 1, 1, 1, 1, 1, 1, 1, 1, 1, 1, 1, 1, 1, 1, 1, 1, 1, 1, 1, 1, 1, 1, 1, 1, 1, 1, 1, 1, 1, 1, 1, 1, 1, 1, 1, 1, 1, 1, 1, 1, 1, 1, 1, 1, 1, 1, 1, 1, 1, 1, 1, 1, 1, 1, 1, 1, 1, 1, 1, 1, 1, 1, 1, 1, 1, 1, 1, 1, 1, 1, 1, 1, 1, 1, 1, 1, 1, 1, 1, 1, 1, 1, 1, 1, 1, 1, 1, 1, 1, 1, 1, 1, 1, 1, 1, 1, 1, 1, 1, 1, 1, 1, 1, 1, 1, 1, 1, 1, 1, 1, 1, 1, 1, 1, 1, 1, 1, 1, 1, 1, 1, 1, 1, 1, 1, 1, 1, 1, 1, 1, 1, 1, 1, 1, 1, 1, 1, 1, 1, 1, 1, 1, 1, 1, 1, 1, 1, 1, 1, 1, 1, 1, 1, 1, 1, 1, 1, 1, 1, 1, 1, 1, 1, 1, 1, 1, 1, 1, 1, 1, 1, 1, 1, 1, 1, 1, 1, 1, 1, 1, 1, 1, 1, 1, 1, 1, 1, 1, 1, 1, 1, 1, 1, 1, 1, 1, 1, 1, 1, 1, 1, 1, 1, 1, 1, 1, 1, 1, 1, 1, 1, 1, 1, 1, 1, 1, 1, 1, 1, 1, 1, 1, 1, 1, 1, 1, 1, 1, 1, 1, 1, 1, 1, 1, 1, 1, 1, 1, 1, 1, 1, 1, 1, 1, 1, 1, 1, 1, 1, 1, 1, 1, 1, 1, 1, 1, 1, 1, 1, 1, 1, 1, 1, 1, 1, 1, 1, 1, 1, 1, 1, 1, 1, 1, 1, 1, 1, 1, 1, 1, 1, 1, 1, 1, 1, 1, 1, 1, 1, 1, 1, 1, 1, 1, 1, 1, 1, 1, 1, 1, 1, 1, 1, 1, 1, 1, 1, 1, 1, 1, 1, 1, 1, 1, 1, 1, 1, 1, 1, 1, 1, 1, 1, 1, 1, 1, 1, 1, 1, 1, 1, 1, 1, 1, 1, 1, 1, 1, 1, 1, 1, 1, 1, 1, 1, 1, 1, 1, 1, 1, 1, 1, 1, 1, 1, 1, 1, 1, 1, 1, 1, 1, 1, 1, 1, 1, 1, 1, 1, 1, 1, 1, 1, 1, 1, 1, 1, 1, 1, 1, 1, 1, 1, 1, 1, 1, 1, 1, 1, 1, 1, 1, 1, 1, 1, 1, 1, 1, 1, 1, 1, 1, 1, 1, 1, 1, 1, 1, 1, 1, 1, 1, 1, 1, 1, 1, 1, 1, 1, 1, 1, 1, 1, 1, 1, 1, 1, 1, 1, 1, 1, 1, 1, 1, 1, 1, 1, 1, 1, 1, 1, 1, 1, 1, 1, 1, 1]",448,1,1,1.0,21,0.0,0.0,0.0,False,0,0,0,BF16,CUDA_EVENT,generic,generic,none
0.004480000119656324,0.004679999779909849,0.0045679999515414235,0.004559999797493219,6.881851987655174e-05,5,0.012439999729394913,0.017640000209212303,0.01361600011587143,0.012719999998807907,0.002015555559186073,5,0.004480000119656324,0.005640000104904175,0.004776000045239925,0.004600000102072954,0.0004342165648755276,5,0.47068101167678833,0.5856819748878479,0.49625739455223083,0.4732010066509247,0.04479027423661859,5,0.004519999958574772,0.005160000175237656,0.004688000027090311,0.004600000102072954,0.00024053281728784125,5,2880,64,8,1,8,9216,512,0,512,False,TORCH_SDPA,False,even,"[1, 1, 1, 1, 1, 1, 1, 1, 1, 1, 1, 1, 1, 1, 1, 1, 1, 1, 1, 1, 1, 1, 1, 1, 1, 1, 1, 1, 1, 1, 1, 1, 1, 1, 1, 1, 1, 1, 1, 1, 1, 1, 1, 1, 1, 1, 1, 1, 1, 1, 1, 1, 1, 1, 1, 1, 1, 1, 1, 1, 1, 1, 1, 1, 1, 1, 1, 1, 1, 1, 1, 1, 1, 1, 1, 1, 1, 1, 1, 1, 1, 1, 1, 1, 1, 1, 1, 1, 1, 1, 1, 1, 1, 1, 1, 1, 1, 1, 1, 1, 1, 1, 1, 1, 1, 1, 1, 1, 1, 1, 1, 1, 1, 1, 1, 1, 1, 1, 1, 1, 1, 1, 1, 1, 1, 1, 1, 1, 1, 1, 1, 1, 1, 1, 1, 1, 1, 1, 1, 1, 1, 1, 1, 1, 1, 1, 1, 1, 1, 1, 1, 1, 1, 1, 1, 1, 1, 1, 1, 1, 1, 1, 1, 1, 1, 1, 1, 1, 1, 1, 1, 1, 1, 1, 1, 1, 1, 1, 1, 1, 1, 1, 1, 1, 1, 1, 1, 1, 1, 1, 1, 1, 1, 1, 1, 1, 1, 1, 1, 1, 1, 1, 1, 1, 1, 1, 1, 1, 1, 1, 1, 1, 1, 1, 1, 1, 1, 1, 1, 1, 1, 1, 1, 1, 1, 1, 1, 1, 1, 1, 1, 1, 1, 1, 1, 1, 1, 1, 1, 1, 1, 1, 1, 1, 1, 1, 1, 1, 1, 1, 1, 1, 1, 1, 1, 1, 1, 1, 1, 1, 1, 1, 1, 1, 1, 1, 1, 1, 1, 1, 1, 1, 1, 1, 1, 1, 1, 1, 1, 1, 1, 1, 1, 1, 1, 1, 1, 1, 1, 1, 1, 1, 1, 1, 1, 1, 1, 1, 1, 1, 1, 1, 1, 1, 1, 1, 1, 1, 1, 1, 1, 1, 1, 1, 1, 1, 1, 1, 1, 1, 1, 1, 1, 1, 1, 1, 1, 1, 1, 1, 1, 1, 1, 1, 1, 1, 1, 1, 1, 1, 1, 1, 1, 1, 1, 1, 1, 1, 1, 1, 1, 1, 1, 1, 1, 1, 1, 1, 1, 1, 1, 1, 1, 1, 1, 1, 1, 1, 1, 1, 1, 1, 1, 1, 1, 1, 1, 1, 1, 1, 1, 1, 1, 1, 1, 1, 1, 1, 1, 1, 1, 1, 1, 1, 1, 1, 1, 1, 1, 1, 1, 1, 1, 1, 1, 1, 1, 1, 1, 1, 1, 1, 1, 1, 1, 1, 1, 1, 1, 1, 1, 1, 1, 1, 1, 1, 1, 1, 1, 1, 1, 1, 1, 1, 1, 1, 1, 1, 1, 1, 1, 1, 1, 1, 1, 1, 1, 1, 1, 1, 1, 1, 1, 1, 1, 1, 1, 1, 1, 1, 1, 1, 1, 1, 1, 1, 1, 1, 1, 1, 1, 1, 1, 1, 1, 1, 1, 1, 1, 1, 1, 1, 1, 1, 1, 1, 1, 1, 1, 1, 1, 1, 1, 1, 1, 1, 1, 1, 1, 1, 1, 1, 1, 1, 1, 1, 1, 1, 1, 1, 1, 1]",512,1,1,1.0,22,0.0,0.0,0.0,False,0,0,0,BF16,CUDA_EVENT,generic,generic,none
0.004519999958574772,0.014999999664723873,0.007439999934285879,0.004559999797493219,0.0040950310684656965,5,0.012280000373721123,0.05984099954366684,0.023360199853777887,0.013000000268220901,0.018423789647627403,5,0.004480000119656324,0.006240000016987324,0.00509600006043911,0.004480000119656324,0.0007671661479447746,5,0.0868000015616417,0.14271999895572662,0.10405640006065368,0.09680099785327911,0.01972823786823305,5,0.00443999981507659,0.004519999958574772,0.004487999994307756,0.004480000119656324,2.9933287895859092e-05,5,2880,64,8,1,8,9216,48,0,512,False,TORCH_SDPA,False,even,"[1, 1, 1, 1, 1, 1, 1, 1, 1, 1, 1, 1, 1, 1, 1, 1, 1, 1, 1, 1, 1, 1, 1, 1, 1, 1, 1, 1, 1, 1, 1, 1, 1, 1, 1, 1, 1, 1, 1, 1, 1, 1, 1, 1, 1, 1, 1, 1]",48,1,1,1.0,6,0.0,0.0,0.0,False,0,0,0,BF16,CUDA_EVENT,generic,generic,none
0.00443999981507659,0.012760000303387642,0.006136000063270331,0.004480000119656324,0.0033120967373500027,5,0.012679999694228172,0.05455999821424484,0.021159999631345273,0.012880000285804272,0.016700217254193343,5,0.004399999976158142,0.0055610002018511295,0.0046721999533474445,0.00443999981507659,0.0004461070176890023,5,0.45520099997520447,0.6045609712600708,0.48749719858169555,0.4578019976615906,0.058574039640895914,5,0.004360000137239695,0.004519999958574772,0.004440000001341105,0.00443999981507659,5.6568512254674996e-05,5,2880,64,8,1,8,9216,160,0,2048,False,TORCH_SDPA,False,even,"[1, 1, 1, 1, 1, 1, 1, 1, 1, 1, 1, 1, 1, 1, 1, 1, 1, 1, 1, 1, 1, 1, 1, 1, 1, 1, 1, 1, 1, 1, 1, 1, 1, 1, 1, 1, 1, 1, 1, 1, 1, 1, 1, 1, 1, 1, 1, 1, 1, 1, 1, 1, 1, 1, 1, 1, 1, 1, 1, 1, 1, 1, 1, 1, 1, 1, 1, 1, 1, 1, 1, 1, 1, 1, 1, 1, 1, 1, 1, 1, 1, 1, 1, 1, 1, 1, 1, 1, 1, 1, 1, 1, 1, 1, 1, 1, 1, 1, 1, 1, 1, 1, 1, 1, 1, 1, 1, 1, 1, 1, 1, 1, 1, 1, 1, 1, 1, 1, 1, 1, 1, 1, 1, 1, 1, 1, 1, 1, 1, 1, 1, 1, 1, 1, 1, 1, 1, 1, 1, 1, 1, 1, 1, 1, 1, 1, 1, 1, 1, 1, 1, 1, 1, 1, 1, 1, 1, 1, 1, 1]",160,1,1,1.0,12,0.0,0.0,0.0,False,0,0,0,BF16,CUDA_EVENT,generic,generic,none
0.004480000119656324,0.010440000332891941,0.005744000151753426,0.004600000102072954,0.0023484600113010744,5,0.012480000033974648,0.04363999888300896,0.018903999775648116,0.012719999998807907,0.012369344885660504,5,0.004519999958574772,0.006320000160485506,0.005016000010073185,0.004559999797493219,0.000695862161047514,5,0.21276099979877472,0.28968098759651184,0.22928859889507294,0.21356000006198883,0.03023228062875295,5,0.004519999958574772,0.004639999940991402,0.0045519999228417875,0.004519999958574772,4.6647602999600904e-05,5,2880,64,8,1,8,9216,128,0,1024,False,TORCH_SDPA,False,even,"[1, 1, 1, 1, 1, 1, 1, 1, 1, 1, 1, 1, 1, 1, 1, 1, 1, 1, 1, 1, 1, 1, 1, 1, 1, 1, 1, 1, 1, 1, 1, 1, 1, 1, 1, 1, 1, 1, 1, 1, 1, 1, 1, 1, 1, 1, 1, 1, 1, 1, 1, 1, 1, 1, 1, 1, 1, 1, 1, 1, 1, 1, 1, 1, 1, 1, 1, 1, 1, 1, 1, 1, 1, 1, 1, 1, 1, 1, 1, 1, 1, 1, 1, 1, 1, 1, 1, 1, 1, 1, 1, 1, 1, 1, 1, 1, 1, 1, 1, 1, 1, 1, 1, 1, 1, 1, 1, 1, 1, 1, 1, 1, 1, 1, 1, 1, 1, 1, 1, 1, 1, 1, 1, 1, 1, 1, 1, 1]",128,1,1,1.0,11,0.0,0.0,0.0,False,0,0,0,BF16,CUDA_EVENT,generic,generic,none
0.004399999976158142,0.004999999888241291,0.004631999973207712,0.004600000102072954,0.00019823215930011047,5,0.012520000338554382,0.024560000747442245,0.01499200016260147,0.012640000320971012,0.00478433472773452,5,0.004519999958574772,0.0055599999614059925,0.004767999984323978,0.004600000102072954,0.00039710955039229785,5,0.3908810019493103,8.18794059753418,1.955532717704773,0.39132100343704224,3.116219666214566,5,0.004519999958574772,0.004600000102072954,0.004543999955058098,0.004519999958574772,3.200003411633561e-05,5,2880,64,8,1,8,9216,48,0,5120,False,TORCH_SDPA,False,even,"[1, 1, 1, 1, 1, 1, 1, 1, 1, 1, 1, 1, 1, 1, 1, 1, 1, 1, 1, 1, 1, 1, 1, 1, 1, 1, 1, 1, 1, 1, 1, 1, 1, 1, 1, 1, 1, 1, 1, 1, 1, 1, 1, 1, 1, 1, 1, 1]",48,1,1,1.0,6,0.0,0.0,0.0,False,0,0,0,BF16,CUDA_EVENT,generic,generic,none
0.004480999894440174,0.004600000102072954,0.004536199942231178,0.004519999958574772,4.051868142818834e-05,5,0.00860000029206276,0.03443999961018562,0.014752000011503697,0.010759999975562096,0.00990277193679498,5,0.004519999958574772,0.006039999891072512,0.005119999963790178,0.004600000102072954,0.0006881860323976912,5,0.08139999955892563,0.10884000360965729,0.08747999966144562,0.08243999630212784,0.010689301236819992,5,0.004559999797493219,0.005239999853074551,0.004719999991357327,0.004600000102072954,0.00026046106753496533,5,2880,64,8,1,8,9216,1,0,2048,False,TORCH_SDPA,False,even,[1],1,1,1,1.0,1,0.0,0.0,0.0,False,0,0,0,BF16,CUDA_EVENT,generic,generic,none
0.004399999976158142,0.14268000423908234,0.03242400074377656,0.00443999981507659,0.055132090987826274,5,0.012400000356137753,0.05559999868273735,0.021567999757826327,0.012439999729394913,0.017044269358585037,5,0.004360000137239695,0.01071999967098236,0.005703999940305948,0.004480000119656324,0.002508558016194066,5,0.8717219829559326,1.1768029928207397,0.9387703895568847,0.8838819861412048,0.11915179573218938,5,0.00443999981507659,0.005239999853074551,0.004599999822676182,0.00443999981507659,0.0003200000151991844,5,2880,64,8,1,8,9216,320,0,2048,False,TORCH_SDPA,False,even,"[1, 1, 1, 1, 1, 1, 1, 1, 1, 1, 1, 1, 1, 1, 1, 1, 1, 1, 1, 1, 1, 1, 1, 1, 1, 1, 1, 1, 1, 1, 1, 1, 1, 1, 1, 1, 1, 1, 1, 1, 1, 1, 1, 1, 1, 1, 1, 1, 1, 1, 1, 1, 1, 1, 1, 1, 1, 1, 1, 1, 1, 1, 1, 1, 1, 1, 1, 1, 1, 1, 1, 1, 1, 1, 1, 1, 1, 1, 1, 1, 1, 1, 1, 1, 1, 1, 1, 1, 1, 1, 1, 1, 1, 1, 1, 1, 1, 1, 1, 1, 1, 1, 1, 1, 1, 1, 1, 1, 1, 1, 1, 1, 1, 1, 1, 1, 1, 1, 1, 1, 1, 1, 1, 1, 1, 1, 1, 1, 1, 1, 1, 1, 1, 1, 1, 1, 1, 1, 1, 1, 1, 1, 1, 1, 1, 1, 1, 1, 1, 1, 1, 1, 1, 1, 1, 1, 1, 1, 1, 1, 1, 1, 1, 1, 1, 1, 1, 1, 1, 1, 1, 1, 1, 1, 1, 1, 1, 1, 1, 1, 1, 1, 1, 1, 1, 1, 1, 1, 1, 1, 1, 1, 1, 1, 1, 1, 1, 1, 1, 1, 1, 1, 1, 1, 1, 1, 1, 1, 1, 1, 1, 1, 1, 1, 1, 1, 1, 1, 1, 1, 1, 1, 1, 1, 1, 1, 1, 1, 1, 1, 1, 1, 1, 1, 1, 1, 1, 1, 1, 1, 1, 1, 1, 1, 1, 1, 1, 1, 1, 1, 1, 1, 1, 1, 1, 1, 1, 1, 1, 1, 1, 1, 1, 1, 1, 1, 1, 1, 1, 1, 1, 1, 1, 1, 1, 1, 1, 1, 1, 1, 1, 1, 1, 1, 1, 1, 1, 1, 1, 1, 1, 1, 1, 1, 1, 1, 1, 1, 1, 1, 1, 1, 1, 1, 1, 1, 1, 1, 1, 1, 1, 1, 1, 1, 1, 1, 1, 1, 1, 1]",320,1,1,1.0,17,0.0,0.0,0.0,False,0,0,0,BF16,CUDA_EVENT,generic,generic,none
0.004480000119656324,0.05344000086188316,0.01430400013923645,0.004519999958574772,0.01956801671441427,5,0.012160000391304493,0.023800000548362732,0.01480800025165081,0.012760000303387642,0.004502330206958292,5,0.004559999797493219,0.007400000002235174,0.005687999911606312,0.004600000102072954,0.0013654947995631983,5,0.1650409996509552,0.23684099316596985,0.18044059872627258,0.16675999760627747,0.028208319416513757,5,0.004480000119656324,0.004600000102072954,0.004528000019490719,0.004519999958574772,3.9191849152437796e-05,5,2880,64,8,1,8,9216,96,0,1024,False,TORCH_SDPA,False,even,"[1, 1, 1, 1, 1, 1, 1, 1, 1, 1, 1, 1, 1, 1, 1, 1, 1, 1, 1, 1, 1, 1, 1, 1, 1, 1, 1, 1, 1, 1, 1, 1, 1, 1, 1, 1, 1, 1, 1, 1, 1, 1, 1, 1, 1, 1, 1, 1, 1, 1, 1, 1, 1, 1, 1, 1, 1, 1, 1, 1, 1, 1, 1, 1, 1, 1, 1, 1, 1, 1, 1, 1, 1, 1, 1, 1, 1, 1, 1, 1, 1, 1, 1, 1, 1, 1, 1, 1, 1, 1, 1, 1, 1, 1, 1, 1]",96,1,1,1.0,9,0.0,0.0,0.0,False,0,0,0,BF16,CUDA_EVENT,generic,generic,none
0.00431999983265996,0.004480000119656324,0.004432000033557415,0.004480000119656324,6.400011479854584e-05,5,0.0081599997356534,0.03207999840378761,0.013431999646127225,0.00851999968290329,0.009347731516263728,5,0.00443999981507659,0.006200000178068876,0.004847999941557646,0.004559999797493219,0.0006775958644526464,5,0.10928100347518921,0.1406410038471222,0.11663240194320679,0.1096000000834465,0.012151808880116641,5,0.004399999976158142,0.004559999797493219,0.004463999904692173,0.00443999981507659,5.425861360592359e-05,5,2880,64,8,1,8,9216,2,0,3072,False,TORCH_SDPA,False,even,"[1, 1]",2,1,1,1.0,1,0.0,0.0,0.0,False,0,0,0,BF16,CUDA_EVENT,generic,generic,none
0.00431999983265996,0.004399999976158142,0.0043680000118911265,0.004360000137239695,2.993328789585909e-05,5,0.012439999729394913,0.023439999669790268,0.014952000044286252,0.013000000268220901,0.004249001588026021,5,0.004360000137239695,0.005319999996572733,0.00459199994802475,0.00443999981507659,0.00036520680522669947,5,0.6631219983100891,0.7266809940338135,0.6786977887153626,0.6664019823074341,0.02412129024276837,5,0.004360000137239695,0.004480000119656324,0.004416000004857779,0.004399999976158142,4.079213795521706e-05,5,2880,64,8,1,8,9216,128,0,4096,False,TORCH_SDPA,False,even,"[1, 1, 1, 1, 1, 1, 1, 1, 1, 1, 1, 1, 1, 1, 1, 1, 1, 1, 1, 1, 1, 1, 1, 1, 1, 1, 1, 1, 1, 1, 1, 1, 1, 1, 1, 1, 1, 1, 1, 1, 1, 1, 1, 1, 1, 1, 1, 1, 1, 1, 1, 1, 1, 1, 1, 1, 1, 1, 1, 1, 1, 1, 1, 1, 1, 1, 1, 1, 1, 1, 1, 1, 1, 1, 1, 1, 1, 1, 1, 1, 1, 1, 1, 1, 1, 1, 1, 1, 1, 1, 1, 1, 1, 1, 1, 1, 1, 1, 1, 1, 1, 1, 1, 1, 1, 1, 1, 1, 1, 1, 1, 1, 1, 1, 1, 1, 1, 1, 1, 1, 1, 1, 1, 1, 1, 1, 1, 1]",128,1,1,1.0,11,0.0,0.0,0.0,False,0,0,0,BF16,CUDA_EVENT,generic,generic,none
0.004360000137239695,0.00547999981790781,0.004767999984323978,0.004519999958574772,0.00041753551429358425,5,0.012199999764561653,0.02428000047802925,0.014864000119268894,0.012760000303387642,0.004713460066463424,5,0.004399999976158142,0.005239999853074551,0.0046559998765587805,0.004559999797493219,0.0002978321438758422,5,0.1268800050020218,0.17776000499725342,0.139136403799057,0.12936000525951385,0.019499370528335957,5,0.004360000137239695,0.004559999797493219,0.004480000026524067,0.004480000119656324,6.693269955329282e-05,5,2880,64,8,1,8,9216,16,0,3072,False,TORCH_SDPA,False,even,"[1, 1, 1, 1, 1, 1, 1, 1, 1, 1, 1, 1, 1, 1, 1, 1]",16,1,1,1.0,4,0.0,0.0,0.0,False,0,0,0,BF16,CUDA_EVENT,generic,generic,none
0.004559999797493219,0.005840000230818987,0.004848000034689904,0.004600000102072954,0.0004966448424941297,5,0.012520000338554382,0.018360000103712082,0.013768000155687332,0.012640000320971012,0.002296627062655085,5,0.004519999958574772,0.00675999978557229,0.005007999856024981,0.004559999797493219,0.0008779612355147124,5,0.11692000180482864,0.13672100007534027,0.12219239920377731,0.11740099638700485,0.007565288892522628,5,0.004519999958574772,0.004639999940991402,0.004543999955058098,0.004519999958574772,4.7999992966651915e-05,5,2880,64,8,1,8,9216,64,0,1024,False,TORCH_SDPA,False,even,"[1, 1, 1, 1, 1, 1, 1, 1, 1, 1, 1, 1, 1, 1, 1, 1, 1, 1, 1, 1, 1, 1, 1, 1, 1, 1, 1, 1, 1, 1, 1, 1, 1, 1, 1, 1, 1, 1, 1, 1, 1, 1, 1, 1, 1, 1, 1, 1, 1, 1, 1, 1, 1, 1, 1, 1, 1, 1, 1, 1, 1, 1, 1, 1]",64,1,1,1.0,8,0.0,0.0,0.0,False,0,0,0,BF16,CUDA_EVENT,generic,generic,none
0.004480000119656324,0.005799999926239252,0.004791999980807304,0.004559999797493219,0.0005055847810081536,5,0.012480000033974648,0.028359999880194664,0.015784000046551228,0.012640000320971012,0.006289882582158421,5,0.00443999981507659,0.00559999980032444,0.00470399996265769,0.004480000119656324,0.00044871363871704903,5,0.2799209952354431,0.35124099254608154,0.29497679471969607,0.28120100498199463,0.028136775812679347,5,0.004480000119656324,0.004559999797493219,0.004511999990791082,0.004519999958574772,2.993313855179537e-05,5,2880,64,8,1,8,9216,96,0,2048,False,TORCH_SDPA,False,even,"[1, 1, 1, 1, 1, 1, 1, 1, 1, 1, 1, 1, 1, 1, 1, 1, 1, 1, 1, 1, 1, 1, 1, 1, 1, 1, 1, 1, 1, 1, 1, 1, 1, 1, 1, 1, 1, 1, 1, 1, 1, 1, 1, 1, 1, 1, 1, 1, 1, 1, 1, 1, 1, 1, 1, 1, 1, 1, 1, 1, 1, 1, 1, 1, 1, 1, 1, 1, 1, 1, 1, 1, 1, 1, 1, 1, 1, 1, 1, 1, 1, 1, 1, 1, 1, 1, 1, 1, 1, 1, 1, 1, 1, 1, 1, 1]",96,1,1,1.0,9,0.0,0.0,0.0,False,0,0,0,BF16,CUDA_EVENT,generic,generic,none
0.004360000137239695,0.00687999976798892,0.00493599995970726,0.004480000119656324,0.0009744248568830659,5,0.012439999729394913,0.018200000748038292,0.01373600009828806,0.012719999998807907,0.002238371175405402,5,0.004360000137239695,0.006240000016987324,0.004776000045239925,0.004399999976158142,0.0007343459485162094,5,0.35464099049568176,0.4346809983253479,0.3735367953777313,0.35899999737739563,0.030659219519595597,5,0.004360000137239695,0.007040000054985285,0.004936000052839518,0.004399999976158142,0.0010527221870245112,5,2880,64,8,1,8,9216,384,0,512,False,TORCH_SDPA,False,even,"[1, 1, 1, 1, 1, 1, 1, 1, 1, 1, 1, 1, 1, 1, 1, 1, 1, 1, 1, 1, 1, 1, 1, 1, 1, 1, 1, 1, 1, 1, 1, 1, 1, 1, 1, 1, 1, 1, 1, 1, 1, 1, 1, 1, 1, 1, 1, 1, 1, 1, 1, 1, 1, 1, 1, 1, 1, 1, 1, 1, 1, 1, 1, 1, 1, 1, 1, 1, 1, 1, 1, 1, 1, 1, 1, 1, 1, 1, 1, 1, 1, 1, 1, 1, 1, 1, 1, 1, 1, 1, 1, 1, 1, 1, 1, 1, 1, 1, 1, 1, 1, 1, 1, 1, 1, 1, 1, 1, 1, 1, 1, 1, 1, 1, 1, 1, 1, 1, 1, 1, 1, 1, 1, 1, 1, 1, 1, 1, 1, 1, 1, 1, 1, 1, 1, 1, 1, 1, 1, 1, 1, 1, 1, 1, 1, 1, 1, 1, 1, 1, 1, 1, 1, 1, 1, 1, 1, 1, 1, 1, 1, 1, 1, 1, 1, 1, 1, 1, 1, 1, 1, 1, 1, 1, 1, 1, 1, 1, 1, 1, 1, 1, 1, 1, 1, 1, 1, 1, 1, 1, 1, 1, 1, 1, 1, 1, 1, 1, 1, 1, 1, 1, 1, 1, 1, 1, 1, 1, 1, 1, 1, 1, 1, 1, 1, 1, 1, 1, 1, 1, 1, 1, 1, 1, 1, 1, 1, 1, 1, 1, 1, 1, 1, 1, 1, 1, 1, 1, 1, 1, 1, 1, 1, 1, 1, 1, 1, 1, 1, 1, 1, 1, 1, 1, 1, 1, 1, 1, 1, 1, 1, 1, 1, 1, 1, 1, 1, 1, 1, 1, 1, 1, 1, 1, 1, 1, 1, 1, 1, 1, 1, 1, 1, 1, 1, 1, 1, 1, 1, 1, 1, 1, 1, 1, 1, 1, 1, 1, 1, 1, 1, 1, 1, 1, 1, 1, 1, 1, 1, 1, 1, 1, 1, 1, 1, 1, 1, 1, 1, 1, 1, 1, 1, 1, 1, 1, 1, 1, 1, 1, 1, 1, 1, 1, 1, 1, 1, 1, 1, 1, 1, 1, 1, 1, 1, 1, 1, 1, 1, 1, 1, 1, 1, 1, 1, 1, 1, 1, 1, 1, 1, 1, 1, 1, 1, 1, 1, 1, 1, 1, 1, 1, 1, 1, 1, 1, 1, 1, 1, 1, 1, 1, 1, 1]",384,1,1,1.0,19,0.0,0.0,0.0,False,0,0,0,BF16,CUDA_EVENT,generic,generic,none
0.004279999993741512,0.005760000087320805,0.004679999966174364,0.00443999981507659,0.0005455273245201411,5,0.008440000005066395,0.026000000536441803,0.012592000141739845,0.008960000239312649,0.006764680206213065,5,0.004360000137239695,0.005200000014156103,0.004568000044673681,0.004399999976158142,0.00031839596598067676,5,0.16035999357700348,0.18775999546051025,0.16614419519901275,0.16068099439144135,0.010813123583184646,5,0.004360000137239695,0.004639999940991402,0.004511999897658825,0.004559999797493219,9.927731958578158e-05,5,2880,64,8,1,8,9216,1,0,5120,False,TORCH_SDPA,False,even,[1],1,1,1,1.0,1,0.0,0.0,0.0,False,0,0,0,BF16,CUDA_EVENT,generic,generic,none
0.004360000137239695,0.004480000119656324,0.004416000004857779,0.00443999981507659,4.799993087868105e-05,5,0.012760000303387642,0.02524000033736229,0.015408000163733959,0.012880000285804272,0.0049191479711965915,5,0.004399999976158142,0.005880000069737434,0.004736000020056963,0.004480000119656324,0.0005727687426051857,5,0.5119609832763672,0.5566009879112244,0.522857403755188,0.5153220295906067,0.01697264368319345,5,0.004360000137239695,0.005400000140070915,0.004616000037640333,0.00443999981507659,0.00039403558017284547,5,2880,64,8,1,8,9216,128,0,3072,False,TORCH_SDPA,False,even,"[1, 1, 1, 1, 1, 1, 1, 1, 1, 1, 1, 1, 1, 1, 1, 1, 1, 1, 1, 1, 1, 1, 1, 1, 1, 1, 1, 1, 1, 1, 1, 1, 1, 1, 1, 1, 1, 1, 1, 1, 1, 1, 1, 1, 1, 1, 1, 1, 1, 1, 1, 1, 1, 1, 1, 1, 1, 1, 1, 1, 1, 1, 1, 1, 1, 1, 1, 1, 1, 1, 1, 1, 1, 1, 1, 1, 1, 1, 1, 1, 1, 1, 1, 1, 1, 1, 1, 1, 1, 1, 1, 1, 1, 1, 1, 1, 1, 1, 1, 1, 1, 1, 1, 1, 1, 1, 1, 1, 1, 1, 1, 1, 1, 1, 1, 1, 1, 1, 1, 1, 1, 1, 1, 1, 1, 1, 1, 1]",128,1,1,1.0,11,0.0,0.0,0.0,False,0,0,0,BF16,CUDA_EVENT,generic,generic,none
0.00443999981507659,0.008441000245511532,0.005472199991345406,0.004519999958574772,0.0015397155004650183,5,0.011640000157058239,0.03620000183582306,0.018144000507891177,0.012360000051558018,0.009334859256430015,5,0.004399999976158142,0.008679999969899654,0.0054479999467730526,0.004519999958574772,0.0016421254701193399,5,0.08315999805927277,0.10248000174760818,0.08728019893169403,0.08327999711036682,0.0076101199100929865,5,0.00443999981507659,0.004559999797493219,0.004487999901175499,0.004480000119656324,4.664761897177434e-05,5,2880,64,8,1,8,9216,32,0,1024,False,TORCH_SDPA,False,even,"[1, 1, 1, 1, 1, 1, 1, 1, 1, 1, 1, 1, 1, 1, 1, 1, 1, 1, 1, 1, 1, 1, 1, 1, 1, 1, 1, 1, 1, 1, 1, 1]",32,1,1,1.0,5,0.0,0.0,0.0,False,0,0,0,BF16,CUDA_EVENT,generic,generic,none
0.00443999981507659,0.20712099969387054,0.04543219991028309,0.004480000119656324,0.08084878300708889,5,0.012319999746978283,0.027400000020861626,0.015623999945819377,0.012839999981224537,0.0058910970519811985,5,0.004399999976158142,0.005080000031739473,0.004616000037640333,0.004519999958574772,0.00024079867603237517,5,0.7686820030212402,1.0234830379486084,0.8251222133636474,0.7733619809150696,0.09941549449674206,5,0.004480000119656324,0.004559999797493219,0.004504000023007393,0.004480000119656324,3.1999871134757994e-05,5,2880,64,8,1,8,9216,512,0,1024,False,TORCH_SDPA,False,even,"[1, 1, 1, 1, 1, 1, 1, 1, 1, 1, 1, 1, 1, 1, 1, 1, 1, 1, 1, 1, 1, 1, 1, 1, 1, 1, 1, 1, 1, 1, 1, 1, 1, 1, 1, 1, 1, 1, 1, 1, 1, 1, 1, 1, 1, 1, 1, 1, 1, 1, 1, 1, 1, 1, 1, 1, 1, 1, 1, 1, 1, 1, 1, 1, 1, 1, 1, 1, 1, 1, 1, 1, 1, 1, 1, 1, 1, 1, 1, 1, 1, 1, 1, 1, 1, 1, 1, 1, 1, 1, 1, 1, 1, 1, 1, 1, 1, 1, 1, 1, 1, 1, 1, 1, 1, 1, 1, 1, 1, 1, 1, 1, 1, 1, 1, 1, 1, 1, 1, 1, 1, 1, 1, 1, 1, 1, 1, 1, 1, 1, 1, 1, 1, 1, 1, 1, 1, 1, 1, 1, 1, 1, 1, 1, 1, 1, 1, 1, 1, 1, 1, 1, 1, 1, 1, 1, 1, 1, 1, 1, 1, 1, 1, 1, 1, 1, 1, 1, 1, 1, 1, 1, 1, 1, 1, 1, 1, 1, 1, 1, 1, 1, 1, 1, 1, 1, 1, 1, 1, 1, 1, 1, 1, 1, 1, 1, 1, 1, 1, 1, 1, 1, 1, 1, 1, 1, 1, 1, 1, 1, 1, 1, 1, 1, 1, 1, 1, 1, 1, 1, 1, 1, 1, 1, 1, 1, 1, 1, 1, 1, 1, 1, 1, 1, 1, 1, 1, 1, 1, 1, 1, 1, 1, 1, 1, 1, 1, 1, 1, 1, 1, 1, 1, 1, 1, 1, 1, 1, 1, 1, 1, 1, 1, 1, 1, 1, 1, 1, 1, 1, 1, 1, 1, 1, 1, 1, 1, 1, 1, 1, 1, 1, 1, 1, 1, 1, 1, 1, 1, 1, 1, 1, 1, 1, 1, 1, 1, 1, 1, 1, 1, 1, 1, 1, 1, 1, 1, 1, 1, 1, 1, 1, 1, 1, 1, 1, 1, 1, 1, 1, 1, 1, 1, 1, 1, 1, 1, 1, 1, 1, 1, 1, 1, 1, 1, 1, 1, 1, 1, 1, 1, 1, 1, 1, 1, 1, 1, 1, 1, 1, 1, 1, 1, 1, 1, 1, 1, 1, 1, 1, 1, 1, 1, 1, 1, 1, 1, 1, 1, 1, 1, 1, 1, 1, 1, 1, 1, 1, 1, 1, 1, 1, 1, 1, 1, 1, 1, 1, 1, 1, 1, 1, 1, 1, 1, 1, 1, 1, 1, 1, 1, 1, 1, 1, 1, 1, 1, 1, 1, 1, 1, 1, 1, 1, 1, 1, 1, 1, 1, 1, 1, 1, 1, 1, 1, 1, 1, 1, 1, 1, 1, 1, 1, 1, 1, 1, 1, 1, 1, 1, 1, 1, 1, 1, 1, 1, 1, 1, 1, 1, 1, 1, 1, 1, 1, 1, 1, 1, 1, 1, 1, 1, 1, 1, 1, 1, 1, 1, 1, 1, 1, 1, 1, 1, 1, 1, 1, 1, 1, 1, 1, 1, 1, 1, 1, 1, 1, 1, 1, 1, 1, 1, 1, 1, 1, 1, 1, 1, 1, 1, 1, 1, 1, 1, 1, 1, 1, 1, 1, 1, 1, 1]",512,1,1,1.0,22,0.0,0.0,0.0,False,0,0,0,BF16,CUDA_EVENT,generic,generic,none
0.004399999976158142,0.005439999978989363,0.0046639999374747275,0.004519999958574772,0.0003907736139215723,5,0.00848000030964613,0.031199999153614044,0.013151999935507775,0.00872000027447939,0.009025276110891819,5,0.004399999976158142,0.005760000087320805,0.004727999959141016,0.004519999958574772,0.0005180888604963652,5,0.13340100646018982,0.18724100291728973,0.14444860219955444,0.13379999995231628,0.021397627253454104,5,0.004360000137239695,0.004480000119656324,0.004424000065773726,0.004399999976158142,4.800002401078793e-05,5,2880,64,8,1,8,9216,1,0,4096,False,TORCH_SDPA,False,even,[1],1,1,1,1.0,1,0.0,0.0,0.0,False,0,0,0,BF16,CUDA_EVENT,generic,generic,none
0.004519999958574772,0.1992810070514679,0.04351220140233636,0.004600000102072954,0.07788441669127695,5,0.012439999729394913,0.02507999911904335,0.01580799985677004,0.012799999676644802,0.004850230259105797,5,0.004480000119656324,0.006800000090152025,0.004960200097411871,0.004480000119656324,0.0009204347621292464,5,0.6864820122718811,0.9295219779014587,0.741033387184143,0.6988409757614136,0.09436583662783699,5,0.004480000119656324,0.004600000102072954,0.004528000019490719,0.004519999958574772,4.6647571055609506e-05,5,2880,64,8,1,8,9216,448,0,1024,False,TORCH_SDPA,False,even,"[1, 1, 1, 1, 1, 1, 1, 1, 1, 1, 1, 1, 1, 1, 1, 1, 1, 1, 1, 1, 1, 1, 1, 1, 1, 1, 1, 1, 1, 1, 1, 1, 1, 1, 1, 1, 1, 1, 1, 1, 1, 1, 1, 1, 1, 1, 1, 1, 1, 1, 1, 1, 1, 1, 1, 1, 1, 1, 1, 1, 1, 1, 1, 1, 1, 1, 1, 1, 1, 1, 1, 1, 1, 1, 1, 1, 1, 1, 1, 1, 1, 1, 1, 1, 1, 1, 1, 1, 1, 1, 1, 1, 1, 1, 1, 1, 1, 1, 1, 1, 1, 1, 1, 1, 1, 1, 1, 1, 1, 1, 1, 1, 1, 1, 1, 1, 1, 1, 1, 1, 1, 1, 1, 1, 1, 1, 1, 1, 1, 1, 1, 1, 1, 1, 1, 1, 1, 1, 1, 1, 1, 1, 1, 1, 1, 1, 1, 1, 1, 1, 1, 1, 1, 1, 1, 1, 1, 1, 1, 1, 1, 1, 1, 1, 1, 1, 1, 1, 1, 1, 1, 1, 1, 1, 1, 1, 1, 1, 1, 1, 1, 1, 1, 1, 1, 1, 1, 1, 1, 1, 1, 1, 1, 1, 1, 1, 1, 1, 1, 1, 1, 1, 1, 1, 1, 1, 1, 1, 1, 1, 1, 1, 1, 1, 1, 1, 1, 1, 1, 1, 1, 1, 1, 1, 1, 1, 1, 1, 1, 1, 1, 1, 1, 1, 1, 1, 1, 1, 1, 1, 1, 1, 1, 1, 1, 1, 1, 1, 1, 1, 1, 1, 1, 1, 1, 1, 1, 1, 1, 1, 1, 1, 1, 1, 1, 1, 1, 1, 1, 1, 1, 1, 1, 1, 1, 1, 1, 1, 1, 1, 1, 1, 1, 1, 1, 1, 1, 1, 1, 1, 1, 1, 1, 1, 1, 1, 1, 1, 1, 1, 1, 1, 1, 1, 1, 1, 1, 1, 1, 1, 1, 1, 1, 1, 1, 1, 1, 1, 1, 1, 1, 1, 1, 1, 1, 1, 1, 1, 1, 1, 1, 1, 1, 1, 1, 1, 1, 1, 1, 1, 1, 1, 1, 1, 1, 1, 1, 1, 1, 1, 1, 1, 1, 1, 1, 1, 1, 1, 1, 1, 1, 1, 1, 1, 1, 1, 1, 1, 1, 1, 1, 1, 1, 1, 1, 1, 1, 1, 1, 1, 1, 1, 1, 1, 1, 1, 1, 1, 1, 1, 1, 1, 1, 1, 1, 1, 1, 1, 1, 1, 1, 1, 1, 1, 1, 1, 1, 1, 1, 1, 1, 1, 1, 1, 1, 1, 1, 1, 1, 1, 1, 1, 1, 1, 1, 1, 1, 1, 1, 1, 1, 1, 1, 1, 1, 1, 1, 1, 1, 1, 1, 1, 1, 1, 1, 1, 1, 1]",448,1,1,1.0,21,0.0,0.0,0.0,False,0,0,0,BF16,CUDA_EVENT,generic,generic,none
0.004279999993741512,0.004519999958574772,0.004447999969124794,0.004480000119656324,8.908423069119777e-05,5,0.014039999805390835,0.038600001484155655,0.019400000385940076,0.014480000361800194,0.009612825312856578,5,0.00443999981507659,0.005200000014156103,0.004639999940991402,0.004519999958574772,0.0002828427456652864,5,1.3910030126571655,1.5402439832687378,1.4316675901412963,1.4132829904556274,0.0549388882689859,5,0.00443999981507659,0.004600000102072954,0.004519999865442515,0.004559999797493219,6.693286652482382e-05,5,2880,64,8,1,8,9216,512,0,2048,False,TORCH_SDPA,False,even,"[1, 1, 1, 1, 1, 1, 1, 1, 1, 1, 1, 1, 1, 1, 1, 1, 1, 1, 1, 1, 1, 1, 1, 1, 1, 1, 1, 1, 1, 1, 1, 1, 1, 1, 1, 1, 1, 1, 1, 1, 1, 1, 1, 1, 1, 1, 1, 1, 1, 1, 1, 1, 1, 1, 1, 1, 1, 1, 1, 1, 1, 1, 1, 1, 1, 1, 1, 1, 1, 1, 1, 1, 1, 1, 1, 1, 1, 1, 1, 1, 1, 1, 1, 1, 1, 1, 1, 1, 1, 1, 1, 1, 1, 1, 1, 1, 1, 1, 1, 1, 1, 1, 1, 1, 1, 1, 1, 1, 1, 1, 1, 1, 1, 1, 1, 1, 1, 1, 1, 1, 1, 1, 1, 1, 1, 1, 1, 1, 1, 1, 1, 1, 1, 1, 1, 1, 1, 1, 1, 1, 1, 1, 1, 1, 1, 1, 1, 1, 1, 1, 1, 1, 1, 1, 1, 1, 1, 1, 1, 1, 1, 1, 1, 1, 1, 1, 1, 1, 1, 1, 1, 1, 1, 1, 1, 1, 1, 1, 1, 1, 1, 1, 1, 1, 1, 1, 1, 1, 1, 1, 1, 1, 1, 1, 1, 1, 1, 1, 1, 1, 1, 1, 1, 1, 1, 1, 1, 1, 1, 1, 1, 1, 1, 1, 1, 1, 1, 1, 1, 1, 1, 1, 1, 1, 1, 1, 1, 1, 1, 1, 1, 1, 1, 1, 1, 1, 1, 1, 1, 1, 1, 1, 1, 1, 1, 1, 1, 1, 1, 1, 1, 1, 1, 1, 1, 1, 1, 1, 1, 1, 1, 1, 1, 1, 1, 1, 1, 1, 1, 1, 1, 1, 1, 1, 1, 1, 1, 1, 1, 1, 1, 1, 1, 1, 1, 1, 1, 1, 1, 1, 1, 1, 1, 1, 1, 1, 1, 1, 1, 1, 1, 1, 1, 1, 1, 1, 1, 1, 1, 1, 1, 1, 1, 1, 1, 1, 1, 1, 1, 1, 1, 1, 1, 1, 1, 1, 1, 1, 1, 1, 1, 1, 1, 1, 1, 1, 1, 1, 1, 1, 1, 1, 1, 1, 1, 1, 1, 1, 1, 1, 1, 1, 1, 1, 1, 1, 1, 1, 1, 1, 1, 1, 1, 1, 1, 1, 1, 1, 1, 1, 1, 1, 1, 1, 1, 1, 1, 1, 1, 1, 1, 1, 1, 1, 1, 1, 1, 1, 1, 1, 1, 1, 1, 1, 1, 1, 1, 1, 1, 1, 1, 1, 1, 1, 1, 1, 1, 1, 1, 1, 1, 1, 1, 1, 1, 1, 1, 1, 1, 1, 1, 1, 1, 1, 1, 1, 1, 1, 1, 1, 1, 1, 1, 1, 1, 1, 1, 1, 1, 1, 1, 1, 1, 1, 1, 1, 1, 1, 1, 1, 1, 1, 1, 1, 1, 1, 1, 1, 1, 1, 1, 1, 1, 1, 1, 1, 1, 1, 1, 1, 1, 1, 1, 1, 1, 1, 1, 1, 1, 1, 1, 1, 1, 1, 1, 1, 1, 1, 1, 1, 1, 1, 1, 1, 1, 1, 1, 1, 1, 1, 1, 1, 1, 1, 1, 1, 1, 1, 1, 1, 1, 1]",512,1,1,1.0,22,0.0,0.0,0.0,False,0,0,0,BF16,CUDA_EVENT,generic,generic,none
0.004519999958574772,0.00559999980032444,0.004775999952107668,0.004600000102072954,0.00041306650984267786,5,0.012559999711811543,0.02247999981045723,0.014639999717473984,0.012679999694228172,0.003920734671309233,5,0.004480000119656324,0.006000000052154064,0.004863999970257282,0.004639999940991402,0.0005727687426051858,5,0.19419999420642853,0.230321004986763,0.20725679993629456,0.19496099650859833,0.01577197389640267,5,0.004480000119656324,0.004639999940991402,0.0045599998906254765,0.004559999797493219,5.0596386064013265e-05,5,2880,64,8,1,8,9216,64,0,2048,False,TORCH_SDPA,False,even,"[1, 1, 1, 1, 1, 1, 1, 1, 1, 1, 1, 1, 1, 1, 1, 1, 1, 1, 1, 1, 1, 1, 1, 1, 1, 1, 1, 1, 1, 1, 1, 1, 1, 1, 1, 1, 1, 1, 1, 1, 1, 1, 1, 1, 1, 1, 1, 1, 1, 1, 1, 1, 1, 1, 1, 1, 1, 1, 1, 1, 1, 1, 1, 1]",64,1,1,1.0,8,0.0,0.0,0.0,False,0,0,0,BF16,CUDA_EVENT,generic,generic,none
0.00431999983265996,0.004480000119656324,0.004431999940425158,0.00443999981507659,5.87878466024083e-05,5,0.012919999659061432,0.01964000053703785,0.014319999888539315,0.012959999963641167,0.0026614886283732133,5,0.004360000137239695,0.00571999978274107,0.0046639999374747275,0.004399999976158142,0.0005286056310199839,5,0.48840099573135376,0.5723609924316406,0.5074411928653717,0.49292099475860596,0.032503936223547414,5,0.004399999976158142,0.004519999958574772,0.0044559999369084835,0.00443999981507659,4.079219274941178e-05,5,2880,64,8,1,8,9216,320,0,1024,False,TORCH_SDPA,False,even,"[1, 1, 1, 1, 1, 1, 1, 1, 1, 1, 1, 1, 1, 1, 1, 1, 1, 1, 1, 1, 1, 1, 1, 1, 1, 1, 1, 1, 1, 1, 1, 1, 1, 1, 1, 1, 1, 1, 1, 1, 1, 1, 1, 1, 1, 1, 1, 1, 1, 1, 1, 1, 1, 1, 1, 1, 1, 1, 1, 1, 1, 1, 1, 1, 1, 1, 1, 1, 1, 1, 1, 1, 1, 1, 1, 1, 1, 1, 1, 1, 1, 1, 1, 1, 1, 1, 1, 1, 1, 1, 1, 1, 1, 1, 1, 1, 1, 1, 1, 1, 1, 1, 1, 1, 1, 1, 1, 1, 1, 1, 1, 1, 1, 1, 1, 1, 1, 1, 1, 1, 1, 1, 1, 1, 1, 1, 1, 1, 1, 1, 1, 1, 1, 1, 1, 1, 1, 1, 1, 1, 1, 1, 1, 1, 1, 1, 1, 1, 1, 1, 1, 1, 1, 1, 1, 1, 1, 1, 1, 1, 1, 1, 1, 1, 1, 1, 1, 1, 1, 1, 1, 1, 1, 1, 1, 1, 1, 1, 1, 1, 1, 1, 1, 1, 1, 1, 1, 1, 1, 1, 1, 1, 1, 1, 1, 1, 1, 1, 1, 1, 1, 1, 1, 1, 1, 1, 1, 1, 1, 1, 1, 1, 1, 1, 1, 1, 1, 1, 1, 1, 1, 1, 1, 1, 1, 1, 1, 1, 1, 1, 1, 1, 1, 1, 1, 1, 1, 1, 1, 1, 1, 1, 1, 1, 1, 1, 1, 1, 1, 1, 1, 1, 1, 1, 1, 1, 1, 1, 1, 1, 1, 1, 1, 1, 1, 1, 1, 1, 1, 1, 1, 1, 1, 1, 1, 1, 1, 1, 1, 1, 1, 1, 1, 1, 1, 1, 1, 1, 1, 1, 1, 1, 1, 1, 1, 1, 1, 1, 1, 1, 1, 1, 1, 1, 1, 1, 1, 1, 1, 1, 1, 1, 1, 1, 1, 1, 1, 1, 1, 1]",320,1,1,1.0,17,0.0,0.0,0.0,False,0,0,0,BF16,CUDA_EVENT,generic,generic,none
0.004480000119656324,0.014240000396966934,0.00716000022366643,0.004480000119656324,0.003810385922522257,5,0.012199999764561653,0.053401000797748566,0.02093620002269745,0.012719999998807907,0.01624317032979144,5,0.004399999976158142,0.006839999929070473,0.004903999902307987,0.00443999981507659,0.000968165287194695,5,0.6253610253334045,0.6835209727287292,0.6386896014213562,0.6277220249176025,0.022474684772215623,5,0.004360000137239695,0.00443999981507659,0.004407999943941832,0.004399999976158142,2.9933138551795365e-05,5,2880,64,8,1,8,9216,96,0,5120,False,TORCH_SDPA,False,even,"[1, 1, 1, 1, 1, 1, 1, 1, 1, 1, 1, 1, 1, 1, 1, 1, 1, 1, 1, 1, 1, 1, 1, 1, 1, 1, 1, 1, 1, 1, 1, 1, 1, 1, 1, 1, 1, 1, 1, 1, 1, 1, 1, 1, 1, 1, 1, 1, 1, 1, 1, 1, 1, 1, 1, 1, 1, 1, 1, 1, 1, 1, 1, 1, 1, 1, 1, 1, 1, 1, 1, 1, 1, 1, 1, 1, 1, 1, 1, 1, 1, 1, 1, 1, 1, 1, 1, 1, 1, 1, 1, 1, 1, 1, 1, 1]",96,1,1,1.0,9,0.0,0.0,0.0,False,0,0,0,BF16,CUDA_EVENT,generic,generic,none
0.004480000119656324,0.007360000163316727,0.00508800009265542,0.004519999958574772,0.001136844791389124,5,0.012160000391304493,0.017319999635219574,0.013575999811291695,0.012799999676644802,0.0019020156460940018,5,0.004519999958574772,0.005439999978989363,0.0047520000487566,0.004600000102072954,0.00034539250056136317,5,0.18180100619792938,0.20200000703334808,0.18615240156650542,0.1823209971189499,0.007926395431889827,5,0.004480000119656324,0.004679999779909849,0.0045599999837577345,0.004559999797493219,7.589455455341117e-05,5,2880,64,8,1,8,9216,48,0,2048,False,TORCH_SDPA,False,even,"[1, 1, 1, 1, 1, 1, 1, 1, 1, 1, 1, 1, 1, 1, 1, 1, 1, 1, 1, 1, 1, 1, 1, 1, 1, 1, 1, 1, 1, 1, 1, 1, 1, 1, 1, 1, 1, 1, 1, 1, 1, 1, 1, 1, 1, 1, 1, 1]",48,1,1,1.0,6,0.0,0.0,0.0,False,0,0,0,BF16,CUDA_EVENT,generic,generic,none
0.00443999981507659,0.08216000348329544,0.01998400054872036,0.00443999981507659,0.03108800146728754,5,0.012360000051558018,0.022120000794529915,0.015024000033736228,0.012600000016391277,0.003750592802018694,5,0.004399999976158142,0.005760000087320805,0.004712000023573637,0.004480000119656324,0.0005248390586568534,5,1.0123629570007324,1.1534819602966309,1.048154592514038,1.0225629806518555,0.05298831817490529,5,0.004399999976158142,0.004559999797493219,0.004463999904692173,0.00443999981507659,5.4258613605923594e-05,5,2880,64,8,1,8,9216,256,0,3072,False,TORCH_SDPA,False,even,"[1, 1, 1, 1, 1, 1, 1, 1, 1, 1, 1, 1, 1, 1, 1, 1, 1, 1, 1, 1, 1, 1, 1, 1, 1, 1, 1, 1, 1, 1, 1, 1, 1, 1, 1, 1, 1, 1, 1, 1, 1, 1, 1, 1, 1, 1, 1, 1, 1, 1, 1, 1, 1, 1, 1, 1, 1, 1, 1, 1, 1, 1, 1, 1, 1, 1, 1, 1, 1, 1, 1, 1, 1, 1, 1, 1, 1, 1, 1, 1, 1, 1, 1, 1, 1, 1, 1, 1, 1, 1, 1, 1, 1, 1, 1, 1, 1, 1, 1, 1, 1, 1, 1, 1, 1, 1, 1, 1, 1, 1, 1, 1, 1, 1, 1, 1, 1, 1, 1, 1, 1, 1, 1, 1, 1, 1, 1, 1, 1, 1, 1, 1, 1, 1, 1, 1, 1, 1, 1, 1, 1, 1, 1, 1, 1, 1, 1, 1, 1, 1, 1, 1, 1, 1, 1, 1, 1, 1, 1, 1, 1, 1, 1, 1, 1, 1, 1, 1, 1, 1, 1, 1, 1, 1, 1, 1, 1, 1, 1, 1, 1, 1, 1, 1, 1, 1, 1, 1, 1, 1, 1, 1, 1, 1, 1, 1, 1, 1, 1, 1, 1, 1, 1, 1, 1, 1, 1, 1, 1, 1, 1, 1, 1, 1, 1, 1, 1, 1, 1, 1, 1, 1, 1, 1, 1, 1, 1, 1, 1, 1, 1, 1, 1, 1, 1, 1, 1, 1, 1, 1, 1, 1, 1, 1, 1, 1, 1, 1, 1, 1, 1, 1, 1, 1, 1, 1]",256,1,1,1.0,16,0.0,0.0,0.0,False,0,0,0,BF16,CUDA_EVENT,generic,generic,none
0.004399999976158142,0.005760000087320805,0.004719999991357327,0.004480000119656324,0.0005233737134232191,5,0.012839999981224537,0.3359209895133972,0.07816019784659148,0.012919999659061432,0.12888676189126747,5,0.004399999976158142,0.00443999981507659,0.0044319998472929,0.00443999981507659,1.5999935567378997e-05,5,0.5061209797859192,0.5745609998703003,0.5217290043830871,0.5094810128211975,0.026513178391620127,5,0.004399999976158142,0.007079999893903732,0.004960200004279614,0.00443999981507659,0.0010603094088174512,5,2880,64,8,1,8,9216,96,0,4096,False,TORCH_SDPA,False,even,"[1, 1, 1, 1, 1, 1, 1, 1, 1, 1, 1, 1, 1, 1, 1, 1, 1, 1, 1, 1, 1, 1, 1, 1, 1, 1, 1, 1, 1, 1, 1, 1, 1, 1, 1, 1, 1, 1, 1, 1, 1, 1, 1, 1, 1, 1, 1, 1, 1, 1, 1, 1, 1, 1, 1, 1, 1, 1, 1, 1, 1, 1, 1, 1, 1, 1, 1, 1, 1, 1, 1, 1, 1, 1, 1, 1, 1, 1, 1, 1, 1, 1, 1, 1, 1, 1, 1, 1, 1, 1, 1, 1, 1, 1, 1, 1]",96,1,1,1.0,9,0.0,0.0,0.0,False,0,0,0,BF16,CUDA_EVENT,generic,generic,none
0.00443999981507659,0.004561000037938356,0.004520199913531542,0.004519999958574772,4.400185603159951e-05,5,0.014279999770224094,0.020840000361204147,0.016024000011384487,0.015159999951720238,0.0024388327054080177,5,0.004519999958574772,0.007040000054985285,0.0054720000363886355,0.004600000102072954,0.0011393753036163833,5,2.5151259899139404,2.6149649620056152,2.5385738372802735,2.520646095275879,0.03830580458694721,5,0.004480000119656324,0.004600000102072954,0.004520000051707029,0.004519999958574772,4.381779817994028e-05,5,2880,64,8,1,8,9216,384,0,5120,False,TORCH_SDPA,False,even,"[1, 1, 1, 1, 1, 1, 1, 1, 1, 1, 1, 1, 1, 1, 1, 1, 1, 1, 1, 1, 1, 1, 1, 1, 1, 1, 1, 1, 1, 1, 1, 1, 1, 1, 1, 1, 1, 1, 1, 1, 1, 1, 1, 1, 1, 1, 1, 1, 1, 1, 1, 1, 1, 1, 1, 1, 1, 1, 1, 1, 1, 1, 1, 1, 1, 1, 1, 1, 1, 1, 1, 1, 1, 1, 1, 1, 1, 1, 1, 1, 1, 1, 1, 1, 1, 1, 1, 1, 1, 1, 1, 1, 1, 1, 1, 1, 1, 1, 1, 1, 1, 1, 1, 1, 1, 1, 1, 1, 1, 1, 1, 1, 1, 1, 1, 1, 1, 1, 1, 1, 1, 1, 1, 1, 1, 1, 1, 1, 1, 1, 1, 1, 1, 1, 1, 1, 1, 1, 1, 1, 1, 1, 1, 1, 1, 1, 1, 1, 1, 1, 1, 1, 1, 1, 1, 1, 1, 1, 1, 1, 1, 1, 1, 1, 1, 1, 1, 1, 1, 1, 1, 1, 1, 1, 1, 1, 1, 1, 1, 1, 1, 1, 1, 1, 1, 1, 1, 1, 1, 1, 1, 1, 1, 1, 1, 1, 1, 1, 1, 1, 1, 1, 1, 1, 1, 1, 1, 1, 1, 1, 1, 1, 1, 1, 1, 1, 1, 1, 1, 1, 1, 1, 1, 1, 1, 1, 1, 1, 1, 1, 1, 1, 1, 1, 1, 1, 1, 1, 1, 1, 1, 1, 1, 1, 1, 1, 1, 1, 1, 1, 1, 1, 1, 1, 1, 1, 1, 1, 1, 1, 1, 1, 1, 1, 1, 1, 1, 1, 1, 1, 1, 1, 1, 1, 1, 1, 1, 1, 1, 1, 1, 1, 1, 1, 1, 1, 1, 1, 1, 1, 1, 1, 1, 1, 1, 1, 1, 1, 1, 1, 1, 1, 1, 1, 1, 1, 1, 1, 1, 1, 1, 1, 1, 1, 1, 1, 1, 1, 1, 1, 1, 1, 1, 1, 1, 1, 1, 1, 1, 1, 1, 1, 1, 1, 1, 1, 1, 1, 1, 1, 1, 1, 1, 1, 1, 1, 1, 1, 1, 1, 1, 1, 1, 1, 1, 1, 1, 1, 1, 1, 1, 1, 1, 1, 1, 1, 1, 1, 1, 1, 1, 1, 1, 1, 1, 1, 1, 1, 1, 1, 1, 1, 1, 1]",384,1,1,1.0,19,0.0,0.0,0.0,False,0,0,0,BF16,CUDA_EVENT,generic,generic,none
0.00431999983265996,0.004480000119656324,0.004431999940425158,0.00443999981507659,5.87878466024083e-05,5,0.011239999905228615,0.038600001484155655,0.017160000279545784,0.011959999799728394,0.010724029695869948,5,0.00443999981507659,0.006479999981820583,0.004887999966740608,0.004519999958574772,0.0007965525809570307,5,0.09391999989748001,0.12064000219106674,0.09981639981269837,0.09460099786520004,0.010429828557677122,5,0.004399999976158142,0.005119999870657921,0.004591999854892492,0.00443999981507659,0.0002693993310919412,5,2880,64,8,1,8,9216,16,0,2048,False,TORCH_SDPA,False,even,"[1, 1, 1, 1, 1, 1, 1, 1, 1, 1, 1, 1, 1, 1, 1, 1]",16,1,1,1.0,4,0.0,0.0,0.0,False,0,0,0,BF16,CUDA_EVENT,generic,generic,none
0.00443999981507659,0.015720000490546227,0.0067680000327527525,0.004559999797493219,0.004476312998030249,5,0.012520000338554382,0.029920000582933426,0.016072000190615655,0.012600000016391277,0.006924479672013042,5,0.00443999981507659,0.006039999891072512,0.00482399994507432,0.004559999797493219,0.0006106258848068873,5,0.27024200558662415,0.3341220021247864,0.28339380621910093,0.27072200179100037,0.025366091809330405,5,0.004480000119656324,0.004600000102072954,0.004552000015974045,0.004559999797493219,4.664761897177434e-05,5,2880,64,8,1,8,9216,64,0,3072,False,TORCH_SDPA,False,even,"[1, 1, 1, 1, 1, 1, 1, 1, 1, 1, 1, 1, 1, 1, 1, 1, 1, 1, 1, 1, 1, 1, 1, 1, 1, 1, 1, 1, 1, 1, 1, 1, 1, 1, 1, 1, 1, 1, 1, 1, 1, 1, 1, 1, 1, 1, 1, 1, 1, 1, 1, 1, 1, 1, 1, 1, 1, 1, 1, 1, 1, 1, 1, 1]",64,1,1,1.0,8,0.0,0.0,0.0,False,0,0,0,BF16,CUDA_EVENT,generic,generic,none
0.00443999981507659,0.006399999838322401,0.004967999830842018,0.00443999981507659,0.0007628997422299645,5,0.011959999799728394,0.04495999962091446,0.018711999990046024,0.012160000391304493,0.01312461851543097,5,0.004399999976158142,0.006240000016987324,0.004799999948590994,0.00443999981507659,0.0007204443431253677,5,0.1451600044965744,0.1732410043478012,0.151144403219223,0.1457200050354004,0.011051361956521538,5,0.004399999976158142,0.004519999958574772,0.004480000026524067,0.004480000119656324,4.381779817994027e-05,5,2880,64,8,1,8,9216,8,0,4096,False,TORCH_SDPA,False,even,"[1, 1, 1, 1, 1, 1, 1, 1]",8,1,1,1.0,2,0.0,0.0,0.0,False,0,0,0,BF16,CUDA_EVENT,generic,generic,none
0.004399999976158142,0.05827999860048294,0.015215999633073806,0.00443999981507659,0.02153203477999815,5,0.01128000020980835,0.024879999458789825,0.014839999936521053,0.012799999676644802,0.005071267841448778,5,0.004480000119656324,0.005679999943822622,0.0047520000487566,0.004519999958574772,0.00046606432039791797,5,0.2627600133419037,0.28620100021362305,0.2686487972736359,0.2653209865093231,0.008838247781417723,5,0.004480000119656324,0.004600000102072954,0.004543999955058098,0.004559999797493219,4.079211969054e-05,5,2880,64,8,1,8,9216,32,0,6144,False,TORCH_SDPA,False,even,"[1, 1, 1, 1, 1, 1, 1, 1, 1, 1, 1, 1, 1, 1, 1, 1, 1, 1, 1, 1, 1, 1, 1, 1, 1, 1, 1, 1, 1, 1, 1, 1]",32,1,1,1.0,5,0.0,0.0,0.0,False,0,0,0,BF16,CUDA_EVENT,generic,generic,none
0.00443999981507659,0.00848000030964613,0.0052640000358223915,0.004480000119656324,0.0016080996378277945,5,0.013279999606311321,0.055080000311136246,0.022799999825656413,0.01375999953597784,0.016261601641064678,5,0.004480000119656324,0.00824000034481287,0.005800000112503767,0.004519999958574772,0.0016289383791668103,5,1.1992830038070679,1.5314429998397827,1.2748991966247558,1.21172297000885,0.12850601190286537,5,0.00443999981507659,0.004559999797493219,0.004495999962091446,0.004480000119656324,4.079211969054e-05,5,2880,64,8,1,8,9216,448,0,2048,False,TORCH_SDPA,False,even,"[1, 1, 1, 1, 1, 1, 1, 1, 1, 1, 1, 1, 1, 1, 1, 1, 1, 1, 1, 1, 1, 1, 1, 1, 1, 1, 1, 1, 1, 1, 1, 1, 1, 1, 1, 1, 1, 1, 1, 1, 1, 1, 1, 1, 1, 1, 1, 1, 1, 1, 1, 1, 1, 1, 1, 1, 1, 1, 1, 1, 1, 1, 1, 1, 1, 1, 1, 1, 1, 1, 1, 1, 1, 1, 1, 1, 1, 1, 1, 1, 1, 1, 1, 1, 1, 1, 1, 1, 1, 1, 1, 1, 1, 1, 1, 1, 1, 1, 1, 1, 1, 1, 1, 1, 1, 1, 1, 1, 1, 1, 1, 1, 1, 1, 1, 1, 1, 1, 1, 1, 1, 1, 1, 1, 1, 1, 1, 1, 1, 1, 1, 1, 1, 1, 1, 1, 1, 1, 1, 1, 1, 1, 1, 1, 1, 1, 1, 1, 1, 1, 1, 1, 1, 1, 1, 1, 1, 1, 1, 1, 1, 1, 1, 1, 1, 1, 1, 1, 1, 1, 1, 1, 1, 1, 1, 1, 1, 1, 1, 1, 1, 1, 1, 1, 1, 1, 1, 1, 1, 1, 1, 1, 1, 1, 1, 1, 1, 1, 1, 1, 1, 1, 1, 1, 1, 1, 1, 1, 1, 1, 1, 1, 1, 1, 1, 1, 1, 1, 1, 1, 1, 1, 1, 1, 1, 1, 1, 1, 1, 1, 1, 1, 1, 1, 1, 1, 1, 1, 1, 1, 1, 1, 1, 1, 1, 1, 1, 1, 1, 1, 1, 1, 1, 1, 1, 1, 1, 1, 1, 1, 1, 1, 1, 1, 1, 1, 1, 1, 1, 1, 1, 1, 1, 1, 1, 1, 1, 1, 1, 1, 1, 1, 1, 1, 1, 1, 1, 1, 1, 1, 1, 1, 1, 1, 1, 1, 1, 1, 1, 1, 1, 1, 1, 1, 1, 1, 1, 1, 1, 1, 1, 1, 1, 1, 1, 1, 1, 1, 1, 1, 1, 1, 1, 1, 1, 1, 1, 1, 1, 1, 1, 1, 1, 1, 1, 1, 1, 1, 1, 1, 1, 1, 1, 1, 1, 1, 1, 1, 1, 1, 1, 1, 1, 1, 1, 1, 1, 1, 1, 1, 1, 1, 1, 1, 1, 1, 1, 1, 1, 1, 1, 1, 1, 1, 1, 1, 1, 1, 1, 1, 1, 1, 1, 1, 1, 1, 1, 1, 1, 1, 1, 1, 1, 1, 1, 1, 1, 1, 1, 1, 1, 1, 1, 1, 1, 1, 1, 1, 1, 1, 1, 1, 1, 1, 1, 1, 1, 1, 1, 1, 1, 1, 1, 1, 1, 1, 1, 1, 1, 1, 1, 1, 1, 1, 1, 1, 1, 1, 1, 1, 1, 1, 1, 1, 1, 1, 1, 1]",448,1,1,1.0,21,0.0,0.0,0.0,False,0,0,0,BF16,CUDA_EVENT,generic,generic,none
0.00431999983265996,0.004480000119656324,0.004415999911725521,0.00443999981507659,5.4258695995502165e-05,5,0.012600000016391277,0.01931999996304512,0.014080199971795082,0.012880999594926834,0.0026245914237359477,5,0.004360000137239695,0.00687999976798892,0.004999999888241291,0.00443999981507659,0.0009576637602835495,5,0.6894829869270325,0.760204017162323,0.710811197757721,0.7002429962158203,0.025188075052331612,5,0.004360000137239695,0.0061599998734891415,0.0047599999234080315,0.00443999981507659,0.0007006282594708863,5,2880,64,8,1,8,9216,256,0,2048,False,TORCH_SDPA,False,even,"[1, 1, 1, 1, 1, 1, 1, 1, 1, 1, 1, 1, 1, 1, 1, 1, 1, 1, 1, 1, 1, 1, 1, 1, 1, 1, 1, 1, 1, 1, 1, 1, 1, 1, 1, 1, 1, 1, 1, 1, 1, 1, 1, 1, 1, 1, 1, 1, 1, 1, 1, 1, 1, 1, 1, 1, 1, 1, 1, 1, 1, 1, 1, 1, 1, 1, 1, 1, 1, 1, 1, 1, 1, 1, 1, 1, 1, 1, 1, 1, 1, 1, 1, 1, 1, 1, 1, 1, 1, 1, 1, 1, 1, 1, 1, 1, 1, 1, 1, 1, 1, 1, 1, 1, 1, 1, 1, 1, 1, 1, 1, 1, 1, 1, 1, 1, 1, 1, 1, 1, 1, 1, 1, 1, 1, 1, 1, 1, 1, 1, 1, 1, 1, 1, 1, 1, 1, 1, 1, 1, 1, 1, 1, 1, 1, 1, 1, 1, 1, 1, 1, 1, 1, 1, 1, 1, 1, 1, 1, 1, 1, 1, 1, 1, 1, 1, 1, 1, 1, 1, 1, 1, 1, 1, 1, 1, 1, 1, 1, 1, 1, 1, 1, 1, 1, 1, 1, 1, 1, 1, 1, 1, 1, 1, 1, 1, 1, 1, 1, 1, 1, 1, 1, 1, 1, 1, 1, 1, 1, 1, 1, 1, 1, 1, 1, 1, 1, 1, 1, 1, 1, 1, 1, 1, 1, 1, 1, 1, 1, 1, 1, 1, 1, 1, 1, 1, 1, 1, 1, 1, 1, 1, 1, 1, 1, 1, 1, 1, 1, 1, 1, 1, 1, 1, 1, 1]",256,1,1,1.0,16,0.0,0.0,0.0,False,0,0,0,BF16,CUDA_EVENT,generic,generic,none
0.004480000119656324,0.004559999797493219,0.004511999990791082,0.004480000119656324,3.91916780574866e-05,5,0.012120000086724758,0.019360000267624855,0.01382400020956993,0.012600000016391277,0.002774120431888961,5,0.00443999981507659,0.006399999838322401,0.004895999934524298,0.004600000102072954,0.0007553965488562678,5,0.25120100378990173,0.27428099513053894,0.25607280135154725,0.2515609860420227,0.009106100217711981,5,0.004480000119656324,0.005119999870657921,0.0046559999696910385,0.004559999797493219,0.0002394660044775293,5,2880,64,8,1,8,9216,48,0,3072,False,TORCH_SDPA,False,even,"[1, 1, 1, 1, 1, 1, 1, 1, 1, 1, 1, 1, 1, 1, 1, 1, 1, 1, 1, 1, 1, 1, 1, 1, 1, 1, 1, 1, 1, 1, 1, 1, 1, 1, 1, 1, 1, 1, 1, 1, 1, 1, 1, 1, 1, 1, 1, 1]",48,1,1,1.0,6,0.0,0.0,0.0,False,0,0,0,BF16,CUDA_EVENT,generic,generic,none
0.00443999981507659,0.010280000045895576,0.005647999979555607,0.004519999958574772,0.002316190008585008,5,0.012400000356137753,0.03519999980926514,0.01702400017529726,0.012480000033974648,0.009088422342257728,5,0.004519999958574772,0.009359999559819698,0.00552799990400672,0.004600000102072954,0.0019162294603272314,5,1.0487229824066162,1.2617629766464233,1.0985790014266967,1.0564830303192139,0.08201635757036639,5,0.00443999981507659,0.004720000084489584,0.0045599998906254765,0.004559999797493219,9.121411593867351e-05,5,2880,64,8,1,8,9216,384,0,2048,False,TORCH_SDPA,False,even,"[1, 1, 1, 1, 1, 1, 1, 1, 1, 1, 1, 1, 1, 1, 1, 1, 1, 1, 1, 1, 1, 1, 1, 1, 1, 1, 1, 1, 1, 1, 1, 1, 1, 1, 1, 1, 1, 1, 1, 1, 1, 1, 1, 1, 1, 1, 1, 1, 1, 1, 1, 1, 1, 1, 1, 1, 1, 1, 1, 1, 1, 1, 1, 1, 1, 1, 1, 1, 1, 1, 1, 1, 1, 1, 1, 1, 1, 1, 1, 1, 1, 1, 1, 1, 1, 1, 1, 1, 1, 1, 1, 1, 1, 1, 1, 1, 1, 1, 1, 1, 1, 1, 1, 1, 1, 1, 1, 1, 1, 1, 1, 1, 1, 1, 1, 1, 1, 1, 1, 1, 1, 1, 1, 1, 1, 1, 1, 1, 1, 1, 1, 1, 1, 1, 1, 1, 1, 1, 1, 1, 1, 1, 1, 1, 1, 1, 1, 1, 1, 1, 1, 1, 1, 1, 1, 1, 1, 1, 1, 1, 1, 1, 1, 1, 1, 1, 1, 1, 1, 1, 1, 1, 1, 1, 1, 1, 1, 1, 1, 1, 1, 1, 1, 1, 1, 1, 1, 1, 1, 1, 1, 1, 1, 1, 1, 1, 1, 1, 1, 1, 1, 1, 1, 1, 1, 1, 1, 1, 1, 1, 1, 1, 1, 1, 1, 1, 1, 1, 1, 1, 1, 1, 1, 1, 1, 1, 1, 1, 1, 1, 1, 1, 1, 1, 1, 1, 1, 1, 1, 1, 1, 1, 1, 1, 1, 1, 1, 1, 1, 1, 1, 1, 1, 1, 1, 1, 1, 1, 1, 1, 1, 1, 1, 1, 1, 1, 1, 1, 1, 1, 1, 1, 1, 1, 1, 1, 1, 1, 1, 1, 1, 1, 1, 1, 1, 1, 1, 1, 1, 1, 1, 1, 1, 1, 1, 1, 1, 1, 1, 1, 1, 1, 1, 1, 1, 1, 1, 1, 1, 1, 1, 1, 1, 1, 1, 1, 1, 1, 1, 1, 1, 1, 1, 1, 1, 1, 1, 1, 1, 1, 1, 1, 1, 1, 1, 1, 1, 1, 1, 1, 1, 1, 1, 1, 1, 1, 1, 1, 1, 1, 1, 1, 1, 1, 1, 1, 1, 1, 1, 1, 1, 1, 1, 1, 1, 1, 1, 1, 1, 1, 1, 1, 1, 1, 1, 1, 1, 1, 1, 1, 1, 1, 1, 1]",384,1,1,1.0,19,0.0,0.0,0.0,False,0,0,0,BF16,CUDA_EVENT,generic,generic,none
0.00443999981507659,0.014600000344216824,0.006623999960720539,0.004679999779909849,0.003990196179428515,5,0.012240000069141388,0.05087999999523163,0.020576000027358533,0.013240000233054161,0.01515941105311098,5,0.004519999958574772,0.005880000069737434,0.004904199950397014,0.004681000020354986,0.000503720776384706,5,0.11736000329256058,0.1719599962234497,0.12835199981927872,0.11748000234365463,0.02180406240642157,5,0.004399999976158142,0.004600000102072954,0.004504000023007393,0.004480000119656324,8.236511650192828e-05,5,2880,64,8,1,8,9216,8,0,3072,False,TORCH_SDPA,False,even,"[1, 1, 1, 1, 1, 1, 1, 1]",8,1,1,1.0,2,0.0,0.0,0.0,False,0,0,0,BF16,CUDA_EVENT,generic,generic,none
0.004480000119656324,0.004600000102072954,0.004535999987274409,0.004519999958574772,4.079213795521706e-05,5,0.01140000019222498,0.02848000079393387,0.015304000116884708,0.012199999764561653,0.006596125256294182,5,0.00443999981507659,0.0049600000493228436,0.004632199928164482,0.004600999876856804,0.00018483335934881226,5,0.1486400067806244,0.16844099760055542,0.1532564014196396,0.14876100420951843,0.007681551291014812,5,0.00443999981507659,0.006120000034570694,0.00482399994507432,0.004519999958574772,0.0006492334374344968,5,2880,64,8,1,8,9216,32,0,3072,False,TORCH_SDPA,False,even,"[1, 1, 1, 1, 1, 1, 1, 1, 1, 1, 1, 1, 1, 1, 1, 1, 1, 1, 1, 1, 1, 1, 1, 1, 1, 1, 1, 1, 1, 1, 1, 1]",32,1,1,1.0,5,0.0,0.0,0.0,False,0,0,0,BF16,CUDA_EVENT,generic,generic,none
0.00431999983265996,0.004480000119656324,0.004407999943941832,0.004399999976158142,5.306606375125428e-05,5,0.014440000057220459,0.02727999910712242,0.017119999788701535,0.014600000344216824,0.0050811019003635825,5,0.004399999976158142,0.007400000002235174,0.005071999970823526,0.004519999958574772,0.0011652021415941346,5,2.7232069969177246,3.0476880073547363,2.7922153949737547,2.7288880348205566,0.12781046201846455,5,0.004399999976158142,0.004559999797493219,0.0044639999978244305,0.004480000119656324,5.986647622883656e-05,5,2880,64,8,1,8,9216,512,0,4096,False,TORCH_SDPA,False,even,"[1, 1, 1, 1, 1, 1, 1, 1, 1, 1, 1, 1, 1, 1, 1, 1, 1, 1, 1, 1, 1, 1, 1, 1, 1, 1, 1, 1, 1, 1, 1, 1, 1, 1, 1, 1, 1, 1, 1, 1, 1, 1, 1, 1, 1, 1, 1, 1, 1, 1, 1, 1, 1, 1, 1, 1, 1, 1, 1, 1, 1, 1, 1, 1, 1, 1, 1, 1, 1, 1, 1, 1, 1, 1, 1, 1, 1, 1, 1, 1, 1, 1, 1, 1, 1, 1, 1, 1, 1, 1, 1, 1, 1, 1, 1, 1, 1, 1, 1, 1, 1, 1, 1, 1, 1, 1, 1, 1, 1, 1, 1, 1, 1, 1, 1, 1, 1, 1, 1, 1, 1, 1, 1, 1, 1, 1, 1, 1, 1, 1, 1, 1, 1, 1, 1, 1, 1, 1, 1, 1, 1, 1, 1, 1, 1, 1, 1, 1, 1, 1, 1, 1, 1, 1, 1, 1, 1, 1, 1, 1, 1, 1, 1, 1, 1, 1, 1, 1, 1, 1, 1, 1, 1, 1, 1, 1, 1, 1, 1, 1, 1, 1, 1, 1, 1, 1, 1, 1, 1, 1, 1, 1, 1, 1, 1, 1, 1, 1, 1, 1, 1, 1, 1, 1, 1, 1, 1, 1, 1, 1, 1, 1, 1, 1, 1, 1, 1, 1, 1, 1, 1, 1, 1, 1, 1, 1, 1, 1, 1, 1, 1, 1, 1, 1, 1, 1, 1, 1, 1, 1, 1, 1, 1, 1, 1, 1, 1, 1, 1, 1, 1, 1, 1, 1, 1, 1, 1, 1, 1, 1, 1, 1, 1, 1, 1, 1, 1, 1, 1, 1, 1, 1, 1, 1, 1, 1, 1, 1, 1, 1, 1, 1, 1, 1, 1, 1, 1, 1, 1, 1, 1, 1, 1, 1, 1, 1, 1, 1, 1, 1, 1, 1, 1, 1, 1, 1, 1, 1, 1, 1, 1, 1, 1, 1, 1, 1, 1, 1, 1, 1, 1, 1, 1, 1, 1, 1, 1, 1, 1, 1, 1, 1, 1, 1, 1, 1, 1, 1, 1, 1, 1, 1, 1, 1, 1, 1, 1, 1, 1, 1, 1, 1, 1, 1, 1, 1, 1, 1, 1, 1, 1, 1, 1, 1, 1, 1, 1, 1, 1, 1, 1, 1, 1, 1, 1, 1, 1, 1, 1, 1, 1, 1, 1, 1, 1, 1, 1, 1, 1, 1, 1, 1, 1, 1, 1, 1, 1, 1, 1, 1, 1, 1, 1, 1, 1, 1, 1, 1, 1, 1, 1, 1, 1, 1, 1, 1, 1, 1, 1, 1, 1, 1, 1, 1, 1, 1, 1, 1, 1, 1, 1, 1, 1, 1, 1, 1, 1, 1, 1, 1, 1, 1, 1, 1, 1, 1, 1, 1, 1, 1, 1, 1, 1, 1, 1, 1, 1, 1, 1, 1, 1, 1, 1, 1, 1, 1, 1, 1, 1, 1, 1, 1, 1, 1, 1, 1, 1, 1, 1, 1, 1, 1, 1, 1, 1, 1, 1, 1, 1, 1, 1, 1, 1, 1, 1, 1, 1, 1, 1, 1, 1, 1, 1, 1, 1, 1, 1, 1, 1, 1, 1, 1]",512,1,1,1.0,22,0.0,0.0,0.0,False,0,0,0,BF16,CUDA_EVENT,generic,generic,none
0.00431999983265996,0.12480100244283676,0.0291042004711926,0.004399999976158142,0.04786526796005224,5,0.012679999694228172,0.04456000030040741,0.020024000108242034,0.012760000303387642,0.012401202631681062,5,0.00431999983265996,0.008200000040233135,0.005143999960273505,0.004399999976158142,0.0015285235099492837,5,0.9978020191192627,1.1644829511642456,1.0395387887954712,1.0102829933166504,0.06280681136900446,5,0.004360000137239695,0.004559999797493219,0.004408000037074089,0.004360000137239695,7.756274788127041e-05,5,2880,64,8,1,8,9216,192,0,4096,False,TORCH_SDPA,False,even,"[1, 1, 1, 1, 1, 1, 1, 1, 1, 1, 1, 1, 1, 1, 1, 1, 1, 1, 1, 1, 1, 1, 1, 1, 1, 1, 1, 1, 1, 1, 1, 1, 1, 1, 1, 1, 1, 1, 1, 1, 1, 1, 1, 1, 1, 1, 1, 1, 1, 1, 1, 1, 1, 1, 1, 1, 1, 1, 1, 1, 1, 1, 1, 1, 1, 1, 1, 1, 1, 1, 1, 1, 1, 1, 1, 1, 1, 1, 1, 1, 1, 1, 1, 1, 1, 1, 1, 1, 1, 1, 1, 1, 1, 1, 1, 1, 1, 1, 1, 1, 1, 1, 1, 1, 1, 1, 1, 1, 1, 1, 1, 1, 1, 1, 1, 1, 1, 1, 1, 1, 1, 1, 1, 1, 1, 1, 1, 1, 1, 1, 1, 1, 1, 1, 1, 1, 1, 1, 1, 1, 1, 1, 1, 1, 1, 1, 1, 1, 1, 1, 1, 1, 1, 1, 1, 1, 1, 1, 1, 1, 1, 1, 1, 1, 1, 1, 1, 1, 1, 1, 1, 1, 1, 1, 1, 1, 1, 1, 1, 1, 1, 1, 1, 1, 1, 1, 1, 1, 1, 1, 1, 1]",192,1,1,1.0,13,0.0,0.0,0.0,False,0,0,0,BF16,CUDA_EVENT,generic,generic,none
0.004480999894440174,0.007922999560832977,0.005329799931496381,0.004600999876856804,0.001320849468210829,5,0.014405000023543835,0.022127000615000725,0.01602920014411211,0.014564000070095062,0.0030497883165709005,5,0.004480999894440174,0.005882000084966421,0.0048016000539064406,0.004561000037938356,0.0005422031538047114,5,1.811566948890686,1.9420100450515747,1.843185806274414,1.816290020942688,0.04983332216303319,5,0.004480999894440174,0.005160999950021505,0.004641399905085564,0.004521999973803759,0.0002615344152439309,5,2880,64,8,1,8,9216,448,0,3072,False,TORCH_SDPA,False,even,"[1, 1, 1, 1, 1, 1, 1, 1, 1, 1, 1, 1, 1, 1, 1, 1, 1, 1, 1, 1, 1, 1, 1, 1, 1, 1, 1, 1, 1, 1, 1, 1, 1, 1, 1, 1, 1, 1, 1, 1, 1, 1, 1, 1, 1, 1, 1, 1, 1, 1, 1, 1, 1, 1, 1, 1, 1, 1, 1, 1, 1, 1, 1, 1, 1, 1, 1, 1, 1, 1, 1, 1, 1, 1, 1, 1, 1, 1, 1, 1, 1, 1, 1, 1, 1, 1, 1, 1, 1, 1, 1, 1, 1, 1, 1, 1, 1, 1, 1, 1, 1, 1, 1, 1, 1, 1, 1, 1, 1, 1, 1, 1, 1, 1, 1, 1, 1, 1, 1, 1, 1, 1, 1, 1, 1, 1, 1, 1, 1, 1, 1, 1, 1, 1, 1, 1, 1, 1, 1, 1, 1, 1, 1, 1, 1, 1, 1, 1, 1, 1, 1, 1, 1, 1, 1, 1, 1, 1, 1, 1, 1, 1, 1, 1, 1, 1, 1, 1, 1, 1, 1, 1, 1, 1, 1, 1, 1, 1, 1, 1, 1, 1, 1, 1, 1, 1, 1, 1, 1, 1, 1, 1, 1, 1, 1, 1, 1, 1, 1, 1, 1, 1, 1, 1, 1, 1, 1, 1, 1, 1, 1, 1, 1, 1, 1, 1, 1, 1, 1, 1, 1, 1, 1, 1, 1, 1, 1, 1, 1, 1, 1, 1, 1, 1, 1, 1, 1, 1, 1, 1, 1, 1, 1, 1, 1, 1, 1, 1, 1, 1, 1, 1, 1, 1, 1, 1, 1, 1, 1, 1, 1, 1, 1, 1, 1, 1, 1, 1, 1, 1, 1, 1, 1, 1, 1, 1, 1, 1, 1, 1, 1, 1, 1, 1, 1, 1, 1, 1, 1, 1, 1, 1, 1, 1, 1, 1, 1, 1, 1, 1, 1, 1, 1, 1, 1, 1, 1, 1, 1, 1, 1, 1, 1, 1, 1, 1, 1, 1, 1, 1, 1, 1, 1, 1, 1, 1, 1, 1, 1, 1, 1, 1, 1, 1, 1, 1, 1, 1, 1, 1, 1, 1, 1, 1, 1, 1, 1, 1, 1, 1, 1, 1, 1, 1, 1, 1, 1, 1, 1, 1, 1, 1, 1, 1, 1, 1, 1, 1, 1, 1, 1, 1, 1, 1, 1, 1, 1, 1, 1, 1, 1, 1, 1, 1, 1, 1, 1, 1, 1, 1, 1, 1, 1, 1, 1, 1, 1, 1, 1, 1, 1, 1, 1, 1, 1, 1, 1, 1, 1, 1, 1, 1, 1, 1, 1, 1, 1, 1, 1, 1, 1, 1, 1, 1, 1, 1, 1, 1, 1, 1, 1, 1, 1, 1, 1, 1, 1, 1, 1, 1, 1, 1, 1, 1, 1, 1, 1, 1]",448,1,1,1.0,21,0.0,0.0,0.0,False,0,0,0,BF16,CUDA_EVENT,generic,generic,none
0.004399999976158142,0.05739999935030937,0.015415999852120877,0.00443999981507659,0.021006674501174168,5,0.012719999998807907,0.05187999829649925,0.02189599983394146,0.012760000303387642,0.015212722369702805,5,0.004360000137239695,0.012199999764561653,0.005976000055670738,0.004480000119656324,0.003112462544870949,5,0.7544019818305969,0.888401985168457,0.7842179894447326,0.759801983833313,0.05213260175988668,5,0.004399999976158142,0.00443999981507659,0.004415999911725521,0.004399999976158142,1.95958390287433e-05,5,2880,64,8,1,8,9216,192,0,3072,False,TORCH_SDPA,False,even,"[1, 1, 1, 1, 1, 1, 1, 1, 1, 1, 1, 1, 1, 1, 1, 1, 1, 1, 1, 1, 1, 1, 1, 1, 1, 1, 1, 1, 1, 1, 1, 1, 1, 1, 1, 1, 1, 1, 1, 1, 1, 1, 1, 1, 1, 1, 1, 1, 1, 1, 1, 1, 1, 1, 1, 1, 1, 1, 1, 1, 1, 1, 1, 1, 1, 1, 1, 1, 1, 1, 1, 1, 1, 1, 1, 1, 1, 1, 1, 1, 1, 1, 1, 1, 1, 1, 1, 1, 1, 1, 1, 1, 1, 1, 1, 1, 1, 1, 1, 1, 1, 1, 1, 1, 1, 1, 1, 1, 1, 1, 1, 1, 1, 1, 1, 1, 1, 1, 1, 1, 1, 1, 1, 1, 1, 1, 1, 1, 1, 1, 1, 1, 1, 1, 1, 1, 1, 1, 1, 1, 1, 1, 1, 1, 1, 1, 1, 1, 1, 1, 1, 1, 1, 1, 1, 1, 1, 1, 1, 1, 1, 1, 1, 1, 1, 1, 1, 1, 1, 1, 1, 1, 1, 1, 1, 1, 1, 1, 1, 1, 1, 1, 1, 1, 1, 1, 1, 1, 1, 1, 1, 1]",192,1,1,1.0,13,0.0,0.0,0.0,False,0,0,0,BF16,CUDA_EVENT,generic,generic,none
0.004441000055521727,0.004521999973803759,0.0044894000515341755,0.004482000134885311,3.0097193466242247e-05,5,0.012164000421762466,0.019526999443769455,0.014772999845445157,0.01284400001168251,0.002995804950064858,5,0.004441000055521727,0.006322000175714493,0.0050975999794900416,0.004561999812722206,0.0007666636603239349,5,0.32082799077033997,0.34235501289367676,0.3261654019355774,0.3225480020046234,0.008122327305910362,5,0.004561000037938356,0.004720999859273434,0.004608999937772751,0.004600999876856804,5.8787694517986746e-05,5,2880,64,8,1,8,9216,48,0,4096,False,TORCH_SDPA,False,even,"[1, 1, 1, 1, 1, 1, 1, 1, 1, 1, 1, 1, 1, 1, 1, 1, 1, 1, 1, 1, 1, 1, 1, 1, 1, 1, 1, 1, 1, 1, 1, 1, 1, 1, 1, 1, 1, 1, 1, 1, 1, 1, 1, 1, 1, 1, 1, 1]",48,1,1,1.0,6,0.0,0.0,0.0,False,0,0,0,BF16,CUDA_EVENT,generic,generic,none
0.0040799998678267,0.00443999981507659,0.0043439999222755436,0.004399999976158142,0.00013529227657066748,5,0.01432000007480383,0.022120000794529915,0.01609600018709898,0.014800000004470348,0.0030191498590800537,5,0.004399999976158142,0.004920000210404396,0.004544000048190356,0.004480000119656324,0.00019032612690994755,5,3.4048891067504883,9.166864395141602,4.5797161102294925,3.4273290634155273,2.293725429660252,5,0.004360000137239695,0.004480999894440174,0.004424200020730495,0.00443999981507659,5.446606333380707e-05,5,2880,64,8,1,8,9216,512,0,5120,False,TORCH_SDPA,False,even,"[1, 1, 1, 1, 1, 1, 1, 1, 1, 1, 1, 1, 1, 1, 1, 1, 1, 1, 1, 1, 1, 1, 1, 1, 1, 1, 1, 1, 1, 1, 1, 1, 1, 1, 1, 1, 1, 1, 1, 1, 1, 1, 1, 1, 1, 1, 1, 1, 1, 1, 1, 1, 1, 1, 1, 1, 1, 1, 1, 1, 1, 1, 1, 1, 1, 1, 1, 1, 1, 1, 1, 1, 1, 1, 1, 1, 1, 1, 1, 1, 1, 1, 1, 1, 1, 1, 1, 1, 1, 1, 1, 1, 1, 1, 1, 1, 1, 1, 1, 1, 1, 1, 1, 1, 1, 1, 1, 1, 1, 1, 1, 1, 1, 1, 1, 1, 1, 1, 1, 1, 1, 1, 1, 1, 1, 1, 1, 1, 1, 1, 1, 1, 1, 1, 1, 1, 1, 1, 1, 1, 1, 1, 1, 1, 1, 1, 1, 1, 1, 1, 1, 1, 1, 1, 1, 1, 1, 1, 1, 1, 1, 1, 1, 1, 1, 1, 1, 1, 1, 1, 1, 1, 1, 1, 1, 1, 1, 1, 1, 1, 1, 1, 1, 1, 1, 1, 1, 1, 1, 1, 1, 1, 1, 1, 1, 1, 1, 1, 1, 1, 1, 1, 1, 1, 1, 1, 1, 1, 1, 1, 1, 1, 1, 1, 1, 1, 1, 1, 1, 1, 1, 1, 1, 1, 1, 1, 1, 1, 1, 1, 1, 1, 1, 1, 1, 1, 1, 1, 1, 1, 1, 1, 1, 1, 1, 1, 1, 1, 1, 1, 1, 1, 1, 1, 1, 1, 1, 1, 1, 1, 1, 1, 1, 1, 1, 1, 1, 1, 1, 1, 1, 1, 1, 1, 1, 1, 1, 1, 1, 1, 1, 1, 1, 1, 1, 1, 1, 1, 1, 1, 1, 1, 1, 1, 1, 1, 1, 1, 1, 1, 1, 1, 1, 1, 1, 1, 1, 1, 1, 1, 1, 1, 1, 1, 1, 1, 1, 1, 1, 1, 1, 1, 1, 1, 1, 1, 1, 1, 1, 1, 1, 1, 1, 1, 1, 1, 1, 1, 1, 1, 1, 1, 1, 1, 1, 1, 1, 1, 1, 1, 1, 1, 1, 1, 1, 1, 1, 1, 1, 1, 1, 1, 1, 1, 1, 1, 1, 1, 1, 1, 1, 1, 1, 1, 1, 1, 1, 1, 1, 1, 1, 1, 1, 1, 1, 1, 1, 1, 1, 1, 1, 1, 1, 1, 1, 1, 1, 1, 1, 1, 1, 1, 1, 1, 1, 1, 1, 1, 1, 1, 1, 1, 1, 1, 1, 1, 1, 1, 1, 1, 1, 1, 1, 1, 1, 1, 1, 1, 1, 1, 1, 1, 1, 1, 1, 1, 1, 1, 1, 1, 1, 1, 1, 1, 1, 1, 1, 1, 1, 1, 1, 1, 1, 1, 1, 1, 1, 1, 1, 1, 1, 1, 1, 1, 1, 1, 1, 1, 1, 1, 1, 1, 1, 1, 1, 1, 1, 1, 1, 1, 1, 1, 1, 1, 1, 1, 1, 1, 1, 1, 1, 1, 1, 1, 1, 1, 1, 1, 1, 1, 1, 1, 1, 1, 1, 1, 1, 1, 1, 1, 1, 1]",512,1,1,1.0,22,0.0,0.0,0.0,False,0,0,0,BF16,CUDA_EVENT,generic,generic,none
0.00443999981507659,0.009960000403225422,0.005551999993622303,0.00443999981507659,0.0022040546514141357,5,0.012480000033974648,0.03759999945759773,0.01756800003349781,0.012600000016391277,0.010016159455390784,5,0.004399999976158142,0.00547999981790781,0.0046399998478591446,0.00443999981507659,0.0004202855999049518,5,0.42264100909233093,0.4710409939289093,0.4347850024700165,0.4272409975528717,0.01821104844242393,5,0.004399999976158142,0.004480000119656324,0.004447999969124794,0.00443999981507659,2.9933337677144675e-05,5,2880,64,8,1,8,9216,64,0,5120,False,TORCH_SDPA,False,even,"[1, 1, 1, 1, 1, 1, 1, 1, 1, 1, 1, 1, 1, 1, 1, 1, 1, 1, 1, 1, 1, 1, 1, 1, 1, 1, 1, 1, 1, 1, 1, 1, 1, 1, 1, 1, 1, 1, 1, 1, 1, 1, 1, 1, 1, 1, 1, 1, 1, 1, 1, 1, 1, 1, 1, 1, 1, 1, 1, 1, 1, 1, 1, 1]",64,1,1,1.0,8,0.0,0.0,0.0,False,0,0,0,BF16,CUDA_EVENT,generic,generic,none
0.004279999993741512,0.004519999958574772,0.004423999972641468,0.00443999981507659,8.236504413550221e-05,5,0.009200000204145908,0.02167999930679798,0.01195199992507696,0.009639999829232693,0.004866959314536128,5,0.004399999976158142,0.005840000230818987,0.004736000020056963,0.004480000119656324,0.0005551793497078645,5,0.16896000504493713,0.20332099497318268,0.17671239972114564,0.16947999596595764,0.013358452344293293,5,0.004360000137239695,0.004519999958574772,0.004416000004857779,0.004399999976158142,5.986643889284003e-05,5,2880,64,8,1,8,9216,4,0,5120,False,TORCH_SDPA,False,even,"[1, 1, 1, 1]",4,1,1,1.0,2,0.0,0.0,0.0,False,0,0,0,BF16,CUDA_EVENT,generic,generic,none
0.00431999983265996,0.006920000072568655,0.004927999991923571,0.004480000119656324,0.0009983667106195982,5,0.009279999881982803,0.024800000712275505,0.015560000203549862,0.009479999542236328,0.00754472572471791,5,0.004360000137239695,0.006639999803155661,0.004920000024139881,0.004519999958574772,0.0008634812136535481,5,0.1414400041103363,1.9280450344085693,0.5073852062225341,0.1615999937057495,0.7103880866055633,5,0.00443999981507659,0.005840000230818987,0.004791999980807304,0.004480000119656324,0.0005374905905046596,5,2880,64,8,1,8,9216,4,0,4096,False,TORCH_SDPA,False,even,"[1, 1, 1, 1]",4,1,1,1.0,2,0.0,0.0,0.0,False,0,0,0,BF16,CUDA_EVENT,generic,generic,none
0.00443999981507659,0.005880000069737434,0.004791999980807304,0.004519999958574772,0.0005463479272056265,5,0.014081000350415707,0.41996100544929504,0.0956404011696577,0.014600000344216824,0.16216056400403459,5,0.00443999981507659,0.005799999926239252,0.004767999891191721,0.004559999797493219,0.0005180888087251545,5,1.5351639986038208,1.8053250312805176,1.6039881944656371,1.5584839582443237,0.10163549421778012,5,0.004480000119656324,0.004559999797493219,0.004504000023007393,0.004480000119656324,3.1999871134757994e-05,5,2880,64,8,1,8,9216,384,0,3072,False,TORCH_SDPA,False,even,"[1, 1, 1, 1, 1, 1, 1, 1, 1, 1, 1, 1, 1, 1, 1, 1, 1, 1, 1, 1, 1, 1, 1, 1, 1, 1, 1, 1, 1, 1, 1, 1, 1, 1, 1, 1, 1, 1, 1, 1, 1, 1, 1, 1, 1, 1, 1, 1, 1, 1, 1, 1, 1, 1, 1, 1, 1, 1, 1, 1, 1, 1, 1, 1, 1, 1, 1, 1, 1, 1, 1, 1, 1, 1, 1, 1, 1, 1, 1, 1, 1, 1, 1, 1, 1, 1, 1, 1, 1, 1, 1, 1, 1, 1, 1, 1, 1, 1, 1, 1, 1, 1, 1, 1, 1, 1, 1, 1, 1, 1, 1, 1, 1, 1, 1, 1, 1, 1, 1, 1, 1, 1, 1, 1, 1, 1, 1, 1, 1, 1, 1, 1, 1, 1, 1, 1, 1, 1, 1, 1, 1, 1, 1, 1, 1, 1, 1, 1, 1, 1, 1, 1, 1, 1, 1, 1, 1, 1, 1, 1, 1, 1, 1, 1, 1, 1, 1, 1, 1, 1, 1, 1, 1, 1, 1, 1, 1, 1, 1, 1, 1, 1, 1, 1, 1, 1, 1, 1, 1, 1, 1, 1, 1, 1, 1, 1, 1, 1, 1, 1, 1, 1, 1, 1, 1, 1, 1, 1, 1, 1, 1, 1, 1, 1, 1, 1, 1, 1, 1, 1, 1, 1, 1, 1, 1, 1, 1, 1, 1, 1, 1, 1, 1, 1, 1, 1, 1, 1, 1, 1, 1, 1, 1, 1, 1, 1, 1, 1, 1, 1, 1, 1, 1, 1, 1, 1, 1, 1, 1, 1, 1, 1, 1, 1, 1, 1, 1, 1, 1, 1, 1, 1, 1, 1, 1, 1, 1, 1, 1, 1, 1, 1, 1, 1, 1, 1, 1, 1, 1, 1, 1, 1, 1, 1, 1, 1, 1, 1, 1, 1, 1, 1, 1, 1, 1, 1, 1, 1, 1, 1, 1, 1, 1, 1, 1, 1, 1, 1, 1, 1, 1, 1, 1, 1, 1, 1, 1, 1, 1, 1, 1, 1, 1, 1, 1, 1, 1, 1, 1, 1, 1, 1, 1, 1, 1, 1, 1, 1, 1, 1, 1, 1, 1, 1, 1, 1, 1, 1, 1, 1, 1, 1, 1, 1, 1, 1, 1, 1, 1, 1, 1, 1, 1, 1, 1, 1, 1, 1, 1, 1, 1, 1, 1, 1]",384,1,1,1.0,19,0.0,0.0,0.0,False,0,0,0,BF16,CUDA_EVENT,generic,generic,none
0.004360000137239695,0.02043999917805195,0.007607999909669161,0.004399999976158142,0.006416149258346586,5,0.012280000373721123,0.04035999998450279,0.01814400013536215,0.012760000303387642,0.011109566249944322,5,0.004360000137239695,0.006399999838322401,0.00483199991285801,0.00443999981507659,0.0007868519097222639,5,0.5009610056877136,0.5428419709205627,0.5118654012680054,0.5054810047149658,0.01571084650363522,5,0.004360000137239695,0.00559999980032444,0.004687999933958053,0.004519999958574772,0.00046192631993774544,5,2880,64,8,1,8,9216,64,0,6144,False,TORCH_SDPA,False,even,"[1, 1, 1, 1, 1, 1, 1, 1, 1, 1, 1, 1, 1, 1, 1, 1, 1, 1, 1, 1, 1, 1, 1, 1, 1, 1, 1, 1, 1, 1, 1, 1, 1, 1, 1, 1, 1, 1, 1, 1, 1, 1, 1, 1, 1, 1, 1, 1, 1, 1, 1, 1, 1, 1, 1, 1, 1, 1, 1, 1, 1, 1, 1, 1]",64,1,1,1.0,8,0.0,0.0,0.0,False,0,0,0,BF16,CUDA_EVENT,generic,generic,none
0.004399999976158142,0.004600000102072954,0.004520000051707029,0.004519999958574772,7.589470180837311e-05,5,0.014279999770224094,0.023439999669790268,0.016392000019550323,0.014680000022053719,0.00353391777318691,5,0.004399999976158142,0.005760000087320805,0.004719999991357327,0.004480000119656324,0.0005215362421880738,5,1.2434829473495483,1.3387620449066162,1.2686110019683838,1.2504830360412598,0.03578267318308745,5,0.004480000119656324,0.004639999940991402,0.004568000044673681,0.004600000102072954,5.878773253909212e-05,5,2880,64,8,1,8,9216,320,0,3072,False,TORCH_SDPA,False,even,"[1, 1, 1, 1, 1, 1, 1, 1, 1, 1, 1, 1, 1, 1, 1, 1, 1, 1, 1, 1, 1, 1, 1, 1, 1, 1, 1, 1, 1, 1, 1, 1, 1, 1, 1, 1, 1, 1, 1, 1, 1, 1, 1, 1, 1, 1, 1, 1, 1, 1, 1, 1, 1, 1, 1, 1, 1, 1, 1, 1, 1, 1, 1, 1, 1, 1, 1, 1, 1, 1, 1, 1, 1, 1, 1, 1, 1, 1, 1, 1, 1, 1, 1, 1, 1, 1, 1, 1, 1, 1, 1, 1, 1, 1, 1, 1, 1, 1, 1, 1, 1, 1, 1, 1, 1, 1, 1, 1, 1, 1, 1, 1, 1, 1, 1, 1, 1, 1, 1, 1, 1, 1, 1, 1, 1, 1, 1, 1, 1, 1, 1, 1, 1, 1, 1, 1, 1, 1, 1, 1, 1, 1, 1, 1, 1, 1, 1, 1, 1, 1, 1, 1, 1, 1, 1, 1, 1, 1, 1, 1, 1, 1, 1, 1, 1, 1, 1, 1, 1, 1, 1, 1, 1, 1, 1, 1, 1, 1, 1, 1, 1, 1, 1, 1, 1, 1, 1, 1, 1, 1, 1, 1, 1, 1, 1, 1, 1, 1, 1, 1, 1, 1, 1, 1, 1, 1, 1, 1, 1, 1, 1, 1, 1, 1, 1, 1, 1, 1, 1, 1, 1, 1, 1, 1, 1, 1, 1, 1, 1, 1, 1, 1, 1, 1, 1, 1, 1, 1, 1, 1, 1, 1, 1, 1, 1, 1, 1, 1, 1, 1, 1, 1, 1, 1, 1, 1, 1, 1, 1, 1, 1, 1, 1, 1, 1, 1, 1, 1, 1, 1, 1, 1, 1, 1, 1, 1, 1, 1, 1, 1, 1, 1, 1, 1, 1, 1, 1, 1, 1, 1, 1, 1, 1, 1, 1, 1, 1, 1, 1, 1, 1, 1, 1, 1, 1, 1, 1, 1, 1, 1, 1, 1, 1, 1, 1, 1, 1, 1, 1, 1]",320,1,1,1.0,17,0.0,0.0,0.0,False,0,0,0,BF16,CUDA_EVENT,generic,generic,none
0.004480000119656324,0.012319999746978283,0.006079999916255474,0.004559999797493219,0.003120205035177331,5,0.011119999922811985,0.046799998730421066,0.01855199970304966,0.011359999887645245,0.014128470632488198,5,0.004519999958574772,0.007240000180900097,0.005080000031739473,0.004519999958574772,0.0010804444291759936,5,0.16048100590705872,0.226841002702713,0.17391260266304015,0.16076000034809113,0.02646454855507625,5,0.004480000119656324,0.005679999943822622,0.004887999966740608,0.004559999797493219,0.00047625203108067735,5,2880,64,8,1,8,9216,16,0,4096,False,TORCH_SDPA,False,even,"[1, 1, 1, 1, 1, 1, 1, 1, 1, 1, 1, 1, 1, 1, 1, 1]",16,1,1,1.0,4,0.0,0.0,0.0,False,0,0,0,BF16,CUDA_EVENT,generic,generic,none
0.004399999976158142,0.004559999797493219,0.00447199996560812,0.004480000119656324,5.306596546984384e-05,5,0.011479999870061874,0.03991999849677086,0.017496199905872346,0.012121000327169895,0.011214596650749755,5,0.004480000119656324,0.009399999864399433,0.005487999971956014,0.004519999958574772,0.0019562248803580216,5,0.18568000197410583,0.2280000001192093,0.1946483999490738,0.1862809956073761,0.016682730596678182,5,0.004480000119656324,0.007040000054985285,0.005031999945640564,0.004559999797493219,0.0010044382025264315,5,2880,64,8,1,8,9216,32,0,4096,False,TORCH_SDPA,False,even,"[1, 1, 1, 1, 1, 1, 1, 1, 1, 1, 1, 1, 1, 1, 1, 1, 1, 1, 1, 1, 1, 1, 1, 1, 1, 1, 1, 1, 1, 1, 1, 1]",32,1,1,1.0,5,0.0,0.0,0.0,False,0,0,0,BF16,CUDA_EVENT,generic,generic,none
0.004399999976158142,0.008799999952316284,0.005303999967873096,0.00443999981507659,0.0017482516909851221,5,0.012679999694228172,0.041200000792741776,0.019712000153958797,0.013000000268220901,0.010992896933642983,5,0.004360000137239695,0.009720000438392162,0.005776000116020441,0.004519999958574772,0.002045811511214811,5,0.8265619874000549,2.0733649730682373,1.081890594959259,0.836322009563446,0.4957648188073649,5,0.004399999976158142,0.004480000119656324,0.004432199988514185,0.00443999981507659,2.9989373459294445e-05,5,2880,64,8,1,8,9216,160,0,4096,False,TORCH_SDPA,False,even,"[1, 1, 1, 1, 1, 1, 1, 1, 1, 1, 1, 1, 1, 1, 1, 1, 1, 1, 1, 1, 1, 1, 1, 1, 1, 1, 1, 1, 1, 1, 1, 1, 1, 1, 1, 1, 1, 1, 1, 1, 1, 1, 1, 1, 1, 1, 1, 1, 1, 1, 1, 1, 1, 1, 1, 1, 1, 1, 1, 1, 1, 1, 1, 1, 1, 1, 1, 1, 1, 1, 1, 1, 1, 1, 1, 1, 1, 1, 1, 1, 1, 1, 1, 1, 1, 1, 1, 1, 1, 1, 1, 1, 1, 1, 1, 1, 1, 1, 1, 1, 1, 1, 1, 1, 1, 1, 1, 1, 1, 1, 1, 1, 1, 1, 1, 1, 1, 1, 1, 1, 1, 1, 1, 1, 1, 1, 1, 1, 1, 1, 1, 1, 1, 1, 1, 1, 1, 1, 1, 1, 1, 1, 1, 1, 1, 1, 1, 1, 1, 1, 1, 1, 1, 1, 1, 1, 1, 1, 1, 1]",160,1,1,1.0,12,0.0,0.0,0.0,False,0,0,0,BF16,CUDA_EVENT,generic,generic,none
0.004480000119656324,0.004639999940991402,0.004543999955058098,0.004519999958574772,5.425858614264964e-05,5,0.008679999969899654,0.03167999908328056,0.013463999889791013,0.008960000239312649,0.009111033788501938,5,0.00443999981507659,0.005840000230818987,0.004751999955624342,0.004480000119656324,0.000545761989463587,5,0.16380000114440918,0.19124099612236023,0.16965659856796264,0.1642809957265854,0.010796126813770165,5,0.00443999981507659,0.004559999797493219,0.004479999840259552,0.00443999981507659,5.0596459691431135e-05,5,2880,64,8,1,8,9216,2,0,5120,False,TORCH_SDPA,False,even,"[1, 1]",2,1,1,1.0,1,0.0,0.0,0.0,False,0,0,0,BF16,CUDA_EVENT,generic,generic,none
0.0041600000113248825,0.006639999803155661,0.004815999884158373,0.00443999981507659,0.0009179454847663755,5,0.012640000320971012,0.04224000126123428,0.019040000252425672,0.01360000018030405,0.011605819729046849,5,0.004399999976158142,0.010280000045895576,0.005623999983072281,0.004480000119656324,0.0023283436490920493,5,1.016042947769165,1.21248197555542,1.063498568534851,1.0305629968643188,0.07468800163488772,5,0.004399999976158142,0.004519999958574772,0.004447999969124794,0.00443999981507659,4.664763494375637e-05,5,2880,64,8,1,8,9216,160,0,5120,False,TORCH_SDPA,False,even,"[1, 1, 1, 1, 1, 1, 1, 1, 1, 1, 1, 1, 1, 1, 1, 1, 1, 1, 1, 1, 1, 1, 1, 1, 1, 1, 1, 1, 1, 1, 1, 1, 1, 1, 1, 1, 1, 1, 1, 1, 1, 1, 1, 1, 1, 1, 1, 1, 1, 1, 1, 1, 1, 1, 1, 1, 1, 1, 1, 1, 1, 1, 1, 1, 1, 1, 1, 1, 1, 1, 1, 1, 1, 1, 1, 1, 1, 1, 1, 1, 1, 1, 1, 1, 1, 1, 1, 1, 1, 1, 1, 1, 1, 1, 1, 1, 1, 1, 1, 1, 1, 1, 1, 1, 1, 1, 1, 1, 1, 1, 1, 1, 1, 1, 1, 1, 1, 1, 1, 1, 1, 1, 1, 1, 1, 1, 1, 1, 1, 1, 1, 1, 1, 1, 1, 1, 1, 1, 1, 1, 1, 1, 1, 1, 1, 1, 1, 1, 1, 1, 1, 1, 1, 1, 1, 1, 1, 1, 1, 1]",160,1,1,1.0,12,0.0,0.0,0.0,False,0,0,0,BF16,CUDA_EVENT,generic,generic,none
0.004279999993741512,0.004480000119656324,0.004423999972641468,0.00443999981507659,7.418897056902217e-05,5,0.008440000005066395,0.04259999841451645,0.015975999645888805,0.00887999963015318,0.013345299081188922,5,0.00431999983265996,0.007040000054985285,0.005103999935090542,0.004519999958574772,0.0010152754081502397,5,0.19120100140571594,0.22588099539279938,0.19908879995346068,0.19223999977111816,0.013430272364447165,5,0.004399999976158142,0.004480000119656324,0.004439999908208847,0.00443999981507659,2.529826665971379e-05,5,2880,64,8,1,8,9216,2,0,6144,False,TORCH_SDPA,False,even,"[1, 1]",2,1,1,1.0,1,0.0,0.0,0.0,False,0,0,0,BF16,CUDA_EVENT,generic,generic,none
0.00431999983265996,0.004519999958574772,0.004440000001341105,0.004480000119656324,7.15542515661964e-05,5,0.012600000016391277,0.020719999447464943,0.014311999827623368,0.012719999998807907,0.0032061339260683456,5,0.004360000137239695,0.004519999958574772,0.004432000033557415,0.004399999976158142,5.8787732539092134e-05,5,0.8002020120620728,0.867002010345459,0.8203302025794983,0.8108019828796387,0.02422332530087362,5,0.004360000137239695,0.004559999797493219,0.0044639999978244305,0.004480000119656324,6.499222893130033e-05,5,2880,64,8,1,8,9216,128,0,5120,False,TORCH_SDPA,False,even,"[1, 1, 1, 1, 1, 1, 1, 1, 1, 1, 1, 1, 1, 1, 1, 1, 1, 1, 1, 1, 1, 1, 1, 1, 1, 1, 1, 1, 1, 1, 1, 1, 1, 1, 1, 1, 1, 1, 1, 1, 1, 1, 1, 1, 1, 1, 1, 1, 1, 1, 1, 1, 1, 1, 1, 1, 1, 1, 1, 1, 1, 1, 1, 1, 1, 1, 1, 1, 1, 1, 1, 1, 1, 1, 1, 1, 1, 1, 1, 1, 1, 1, 1, 1, 1, 1, 1, 1, 1, 1, 1, 1, 1, 1, 1, 1, 1, 1, 1, 1, 1, 1, 1, 1, 1, 1, 1, 1, 1, 1, 1, 1, 1, 1, 1, 1, 1, 1, 1, 1, 1, 1, 1, 1, 1, 1, 1, 1]",128,1,1,1.0,11,0.0,0.0,0.0,False,0,0,0,BF16,CUDA_EVENT,generic,generic,none
0.004399999976158142,0.010359999723732471,0.005616199970245361,0.004441000055521727,0.002372086250222148,5,0.014159999787807465,0.04064000025391579,0.019687999971210957,0.014519999735057354,0.010477111194983397,5,0.004399999976158142,0.009879999794065952,0.005543999932706356,0.004480000119656324,0.0021683689034484553,5,2.962646961212158,3.100208044052124,2.9976712226867677,2.9720470905303955,0.051724162025246365,5,0.004399999976158142,0.004480000119656324,0.004432400036603212,0.00443999981507659,2.9776492331296473e-05,5,2880,64,8,1,8,9216,448,0,5120,False,TORCH_SDPA,False,even,"[1, 1, 1, 1, 1, 1, 1, 1, 1, 1, 1, 1, 1, 1, 1, 1, 1, 1, 1, 1, 1, 1, 1, 1, 1, 1, 1, 1, 1, 1, 1, 1, 1, 1, 1, 1, 1, 1, 1, 1, 1, 1, 1, 1, 1, 1, 1, 1, 1, 1, 1, 1, 1, 1, 1, 1, 1, 1, 1, 1, 1, 1, 1, 1, 1, 1, 1, 1, 1, 1, 1, 1, 1, 1, 1, 1, 1, 1, 1, 1, 1, 1, 1, 1, 1, 1, 1, 1, 1, 1, 1, 1, 1, 1, 1, 1, 1, 1, 1, 1, 1, 1, 1, 1, 1, 1, 1, 1, 1, 1, 1, 1, 1, 1, 1, 1, 1, 1, 1, 1, 1, 1, 1, 1, 1, 1, 1, 1, 1, 1, 1, 1, 1, 1, 1, 1, 1, 1, 1, 1, 1, 1, 1, 1, 1, 1, 1, 1, 1, 1, 1, 1, 1, 1, 1, 1, 1, 1, 1, 1, 1, 1, 1, 1, 1, 1, 1, 1, 1, 1, 1, 1, 1, 1, 1, 1, 1, 1, 1, 1, 1, 1, 1, 1, 1, 1, 1, 1, 1, 1, 1, 1, 1, 1, 1, 1, 1, 1, 1, 1, 1, 1, 1, 1, 1, 1, 1, 1, 1, 1, 1, 1, 1, 1, 1, 1, 1, 1, 1, 1, 1, 1, 1, 1, 1, 1, 1, 1, 1, 1, 1, 1, 1, 1, 1, 1, 1, 1, 1, 1, 1, 1, 1, 1, 1, 1, 1, 1, 1, 1, 1, 1, 1, 1, 1, 1, 1, 1, 1, 1, 1, 1, 1, 1, 1, 1, 1, 1, 1, 1, 1, 1, 1, 1, 1, 1, 1, 1, 1, 1, 1, 1, 1, 1, 1, 1, 1, 1, 1, 1, 1, 1, 1, 1, 1, 1, 1, 1, 1, 1, 1, 1, 1, 1, 1, 1, 1, 1, 1, 1, 1, 1, 1, 1, 1, 1, 1, 1, 1, 1, 1, 1, 1, 1, 1, 1, 1, 1, 1, 1, 1, 1, 1, 1, 1, 1, 1, 1, 1, 1, 1, 1, 1, 1, 1, 1, 1, 1, 1, 1, 1, 1, 1, 1, 1, 1, 1, 1, 1, 1, 1, 1, 1, 1, 1, 1, 1, 1, 1, 1, 1, 1, 1, 1, 1, 1, 1, 1, 1, 1, 1, 1, 1, 1, 1, 1, 1, 1, 1, 1, 1, 1, 1, 1, 1, 1, 1, 1, 1, 1, 1, 1, 1, 1, 1, 1, 1, 1, 1, 1, 1, 1, 1, 1, 1, 1, 1, 1, 1, 1, 1, 1, 1, 1, 1, 1, 1, 1, 1, 1, 1, 1, 1, 1, 1, 1, 1, 1, 1, 1, 1, 1, 1, 1, 1, 1, 1, 1]",448,1,1,1.0,21,0.0,0.0,0.0,False,0,0,0,BF16,CUDA_EVENT,generic,generic,none
0.00431999983265996,0.004559999797493219,0.004455999843776226,0.00443999981507659,8.236505318126945e-05,5,0.008679999969899654,0.02687999978661537,0.012479999847710133,0.008840000256896019,0.007202577282783584,5,0.004399999976158142,0.005880000069737434,0.004727999959141016,0.00443999981507659,0.0005765553451313446,5,0.18664099276065826,0.2149599939584732,0.19397659599781036,0.1873210072517395,0.010810796781841549,5,0.004399999976158142,0.006120000034570694,0.004808000009506941,0.004480000119656324,0.0006579483343884675,5,2880,64,8,1,8,9216,1,0,6144,False,TORCH_SDPA,False,even,[1],1,1,1,1.0,1,0.0,0.0,0.0,False,0,0,0,BF16,CUDA_EVENT,generic,generic,none
0.004559999797493219,0.14440099895000458,0.03344819974154234,0.004639999940991402,0.05550369603511812,5,0.014440000057220459,0.07196000218391418,0.026408000290393828,0.014720000326633453,0.022785475608319523,5,0.004480000119656324,0.008200000040233135,0.005256000068038702,0.004519999958574772,0.0014726520154155704,5,2.044605016708374,2.3839259147644043,2.121141195297241,2.0509250164031982,0.13192307921691085,5,0.004480000119656324,0.004559999797493219,0.004527999926358462,0.004519999958574772,2.9933138551795365e-05,5,2880,64,8,1,8,9216,384,0,4096,False,TORCH_SDPA,False,even,"[1, 1, 1, 1, 1, 1, 1, 1, 1, 1, 1, 1, 1, 1, 1, 1, 1, 1, 1, 1, 1, 1, 1, 1, 1, 1, 1, 1, 1, 1, 1, 1, 1, 1, 1, 1, 1, 1, 1, 1, 1, 1, 1, 1, 1, 1, 1, 1, 1, 1, 1, 1, 1, 1, 1, 1, 1, 1, 1, 1, 1, 1, 1, 1, 1, 1, 1, 1, 1, 1, 1, 1, 1, 1, 1, 1, 1, 1, 1, 1, 1, 1, 1, 1, 1, 1, 1, 1, 1, 1, 1, 1, 1, 1, 1, 1, 1, 1, 1, 1, 1, 1, 1, 1, 1, 1, 1, 1, 1, 1, 1, 1, 1, 1, 1, 1, 1, 1, 1, 1, 1, 1, 1, 1, 1, 1, 1, 1, 1, 1, 1, 1, 1, 1, 1, 1, 1, 1, 1, 1, 1, 1, 1, 1, 1, 1, 1, 1, 1, 1, 1, 1, 1, 1, 1, 1, 1, 1, 1, 1, 1, 1, 1, 1, 1, 1, 1, 1, 1, 1, 1, 1, 1, 1, 1, 1, 1, 1, 1, 1, 1, 1, 1, 1, 1, 1, 1, 1, 1, 1, 1, 1, 1, 1, 1, 1, 1, 1, 1, 1, 1, 1, 1, 1, 1, 1, 1, 1, 1, 1, 1, 1, 1, 1, 1, 1, 1, 1, 1, 1, 1, 1, 1, 1, 1, 1, 1, 1, 1, 1, 1, 1, 1, 1, 1, 1, 1, 1, 1, 1, 1, 1, 1, 1, 1, 1, 1, 1, 1, 1, 1, 1, 1, 1, 1, 1, 1, 1, 1, 1, 1, 1, 1, 1, 1, 1, 1, 1, 1, 1, 1, 1, 1, 1, 1, 1, 1, 1, 1, 1, 1, 1, 1, 1, 1, 1, 1, 1, 1, 1, 1, 1, 1, 1, 1, 1, 1, 1, 1, 1, 1, 1, 1, 1, 1, 1, 1, 1, 1, 1, 1, 1, 1, 1, 1, 1, 1, 1, 1, 1, 1, 1, 1, 1, 1, 1, 1, 1, 1, 1, 1, 1, 1, 1, 1, 1, 1, 1, 1, 1, 1, 1, 1, 1, 1, 1, 1, 1, 1, 1, 1, 1, 1, 1, 1, 1, 1, 1, 1, 1, 1, 1, 1, 1, 1, 1, 1, 1, 1, 1, 1, 1, 1, 1, 1, 1, 1, 1, 1, 1, 1, 1, 1, 1]",384,1,1,1.0,19,0.0,0.0,0.0,False,0,0,0,BF16,CUDA_EVENT,generic,generic,none
0.00443999981507659,0.004480000119656324,0.0044639999978244305,0.004480000119656324,1.9596067155252676e-05,5,0.014600000344216824,0.02184000052511692,0.016712000221014024,0.014999999664723873,0.0027321378875200604,5,0.004441000055521727,0.007160000037401915,0.005432200059294701,0.004519999958574772,0.0011813972193594746,5,1.6934850215911865,1.7887239456176758,1.7136363983154297,1.6954840421676636,0.03755132148118351,5,0.00443999981507659,0.004639999940991402,0.004511999897658825,0.004480000119656324,7.756289196924024e-05,5,2880,64,8,1,8,9216,320,0,4096,False,TORCH_SDPA,False,even,"[1, 1, 1, 1, 1, 1, 1, 1, 1, 1, 1, 1, 1, 1, 1, 1, 1, 1, 1, 1, 1, 1, 1, 1, 1, 1, 1, 1, 1, 1, 1, 1, 1, 1, 1, 1, 1, 1, 1, 1, 1, 1, 1, 1, 1, 1, 1, 1, 1, 1, 1, 1, 1, 1, 1, 1, 1, 1, 1, 1, 1, 1, 1, 1, 1, 1, 1, 1, 1, 1, 1, 1, 1, 1, 1, 1, 1, 1, 1, 1, 1, 1, 1, 1, 1, 1, 1, 1, 1, 1, 1, 1, 1, 1, 1, 1, 1, 1, 1, 1, 1, 1, 1, 1, 1, 1, 1, 1, 1, 1, 1, 1, 1, 1, 1, 1, 1, 1, 1, 1, 1, 1, 1, 1, 1, 1, 1, 1, 1, 1, 1, 1, 1, 1, 1, 1, 1, 1, 1, 1, 1, 1, 1, 1, 1, 1, 1, 1, 1, 1, 1, 1, 1, 1, 1, 1, 1, 1, 1, 1, 1, 1, 1, 1, 1, 1, 1, 1, 1, 1, 1, 1, 1, 1, 1, 1, 1, 1, 1, 1, 1, 1, 1, 1, 1, 1, 1, 1, 1, 1, 1, 1, 1, 1, 1, 1, 1, 1, 1, 1, 1, 1, 1, 1, 1, 1, 1, 1, 1, 1, 1, 1, 1, 1, 1, 1, 1, 1, 1, 1, 1, 1, 1, 1, 1, 1, 1, 1, 1, 1, 1, 1, 1, 1, 1, 1, 1, 1, 1, 1, 1, 1, 1, 1, 1, 1, 1, 1, 1, 1, 1, 1, 1, 1, 1, 1, 1, 1, 1, 1, 1, 1, 1, 1, 1, 1, 1, 1, 1, 1, 1, 1, 1, 1, 1, 1, 1, 1, 1, 1, 1, 1, 1, 1, 1, 1, 1, 1, 1, 1, 1, 1, 1, 1, 1, 1, 1, 1, 1, 1, 1, 1, 1, 1, 1, 1, 1, 1, 1, 1, 1, 1, 1, 1, 1, 1, 1, 1, 1, 1]",320,1,1,1.0,17,0.0,0.0,0.0,False,0,0,0,BF16,CUDA_EVENT,generic,generic,none
0.004399999976158142,0.0722000002861023,0.017992000002413987,0.00443999981507659,0.027104035560936775,5,0.012760000303387642,1.1660430431365967,0.2434486087411642,0.012799999676644802,0.46129721927880335,5,0.00431999983265996,0.007720000110566616,0.00505599994212389,0.004399999976158142,0.0013340105814750064,5,0.9787629842758179,1.0974429845809937,1.0093305945396422,0.9878820180892944,0.04436886855400963,5,0.004360000137239695,0.004600000102072954,0.004472000058740377,0.004480000119656324,7.756289196924024e-05,5,2880,64,8,1,8,9216,128,0,6144,False,TORCH_SDPA,False,even,"[1, 1, 1, 1, 1, 1, 1, 1, 1, 1, 1, 1, 1, 1, 1, 1, 1, 1, 1, 1, 1, 1, 1, 1, 1, 1, 1, 1, 1, 1, 1, 1, 1, 1, 1, 1, 1, 1, 1, 1, 1, 1, 1, 1, 1, 1, 1, 1, 1, 1, 1, 1, 1, 1, 1, 1, 1, 1, 1, 1, 1, 1, 1, 1, 1, 1, 1, 1, 1, 1, 1, 1, 1, 1, 1, 1, 1, 1, 1, 1, 1, 1, 1, 1, 1, 1, 1, 1, 1, 1, 1, 1, 1, 1, 1, 1, 1, 1, 1, 1, 1, 1, 1, 1, 1, 1, 1, 1, 1, 1, 1, 1, 1, 1, 1, 1, 1, 1, 1, 1, 1, 1, 1, 1, 1, 1, 1, 1]",128,1,1,1.0,11,0.0,0.0,0.0,False,0,0,0,BF16,CUDA_EVENT,generic,generic,none
0.00443999981507659,0.004559999797493219,0.004527999833226204,0.004559999797493219,4.664760299960091e-05,5,0.014081000350415707,0.10447999835014343,0.033816199749708176,0.014680000022053719,0.035441058108470265,5,0.004399999976158142,0.006839999929070473,0.0053599999286234375,0.004559999797493219,0.00106883115492657,5,2.4932470321655273,2.686366081237793,2.543510627746582,2.506166934967041,0.07261087863476028,5,0.004480000119656324,0.004600000102072954,0.0045519999228417875,0.004559999797493219,3.919179212101793e-05,5,2880,64,8,1,8,9216,320,0,6144,False,TORCH_SDPA,False,even,"[1, 1, 1, 1, 1, 1, 1, 1, 1, 1, 1, 1, 1, 1, 1, 1, 1, 1, 1, 1, 1, 1, 1, 1, 1, 1, 1, 1, 1, 1, 1, 1, 1, 1, 1, 1, 1, 1, 1, 1, 1, 1, 1, 1, 1, 1, 1, 1, 1, 1, 1, 1, 1, 1, 1, 1, 1, 1, 1, 1, 1, 1, 1, 1, 1, 1, 1, 1, 1, 1, 1, 1, 1, 1, 1, 1, 1, 1, 1, 1, 1, 1, 1, 1, 1, 1, 1, 1, 1, 1, 1, 1, 1, 1, 1, 1, 1, 1, 1, 1, 1, 1, 1, 1, 1, 1, 1, 1, 1, 1, 1, 1, 1, 1, 1, 1, 1, 1, 1, 1, 1, 1, 1, 1, 1, 1, 1, 1, 1, 1, 1, 1, 1, 1, 1, 1, 1, 1, 1, 1, 1, 1, 1, 1, 1, 1, 1, 1, 1, 1, 1, 1, 1, 1, 1, 1, 1, 1, 1, 1, 1, 1, 1, 1, 1, 1, 1, 1, 1, 1, 1, 1, 1, 1, 1, 1, 1, 1, 1, 1, 1, 1, 1, 1, 1, 1, 1, 1, 1, 1, 1, 1, 1, 1, 1, 1, 1, 1, 1, 1, 1, 1, 1, 1, 1, 1, 1, 1, 1, 1, 1, 1, 1, 1, 1, 1, 1, 1, 1, 1, 1, 1, 1, 1, 1, 1, 1, 1, 1, 1, 1, 1, 1, 1, 1, 1, 1, 1, 1, 1, 1, 1, 1, 1, 1, 1, 1, 1, 1, 1, 1, 1, 1, 1, 1, 1, 1, 1, 1, 1, 1, 1, 1, 1, 1, 1, 1, 1, 1, 1, 1, 1, 1, 1, 1, 1, 1, 1, 1, 1, 1, 1, 1, 1, 1, 1, 1, 1, 1, 1, 1, 1, 1, 1, 1, 1, 1, 1, 1, 1, 1, 1, 1, 1, 1, 1, 1, 1, 1, 1, 1, 1, 1, 1, 1, 1, 1, 1, 1, 1]",320,1,1,1.0,17,0.0,0.0,0.0,False,0,0,0,BF16,CUDA_EVENT,generic,generic,none
0.004360000137239695,0.0055599999614059925,0.004656000062823296,0.004480000119656324,0.0004543830491876087,5,0.012360000051558018,0.03036000020802021,0.01616000011563301,0.012480000033974648,0.00710663919178616,5,0.00443999981507659,0.007519999984651804,0.00587199991568923,0.0055599999614059925,0.0013600941908240788,5,0.456481009721756,0.4949609935283661,0.4653450012207031,0.45792099833488464,0.014851853099424528,5,0.004399999976158142,0.004559999797493219,0.004456199891865254,0.00443999981507659,5.420105337472375e-05,5,2880,64,8,1,8,9216,48,0,6144,False,TORCH_SDPA,False,even,"[1, 1, 1, 1, 1, 1, 1, 1, 1, 1, 1, 1, 1, 1, 1, 1, 1, 1, 1, 1, 1, 1, 1, 1, 1, 1, 1, 1, 1, 1, 1, 1, 1, 1, 1, 1, 1, 1, 1, 1, 1, 1, 1, 1, 1, 1, 1, 1]",48,1,1,1.0,6,0.0,0.0,0.0,False,0,0,0,BF16,CUDA_EVENT,generic,generic,none
0.00443999981507659,0.005760000087320805,0.004719999991357327,0.004480000119656324,0.000520307653964753,5,0.012799999676644802,0.07580000162124634,0.02553600016981363,0.013039999641478062,0.025132183758820658,5,0.004399999976158142,0.00559999980032444,0.004687999933958053,0.004480000119656324,0.00045984337884161783,5,0.7363219857215881,0.8269230127334595,0.7593141913414001,0.7440419793128967,0.0342067289503958,5,0.004399999976158142,0.004519999958574772,0.00447199996560812,0.004480000119656324,4.664763494375637e-05,5,2880,64,8,1,8,9216,96,0,6144,False,TORCH_SDPA,False,even,"[1, 1, 1, 1, 1, 1, 1, 1, 1, 1, 1, 1, 1, 1, 1, 1, 1, 1, 1, 1, 1, 1, 1, 1, 1, 1, 1, 1, 1, 1, 1, 1, 1, 1, 1, 1, 1, 1, 1, 1, 1, 1, 1, 1, 1, 1, 1, 1, 1, 1, 1, 1, 1, 1, 1, 1, 1, 1, 1, 1, 1, 1, 1, 1, 1, 1, 1, 1, 1, 1, 1, 1, 1, 1, 1, 1, 1, 1, 1, 1, 1, 1, 1, 1, 1, 1, 1, 1, 1, 1, 1, 1, 1, 1, 1, 1]",96,1,1,1.0,9,0.0,0.0,0.0,False,0,0,0,BF16,CUDA_EVENT,generic,generic,none
0.004480000119656324,0.010080000385642052,0.005632000043988228,0.004519999958574772,0.0022241440498950455,5,0.01152000017464161,0.039319999516010284,0.017943999916315078,0.012000000104308128,0.010778455344318432,5,0.004559999797493219,0.005760000087320805,0.00481599997729063,0.004600000102072954,0.0004723389215463189,5,0.22416000068187714,0.26684099435806274,0.23288879692554473,0.22432099282741547,0.01697770372547495,5,0.004480000119656324,0.004559999797493219,0.004519999958574772,0.004519999958574772,2.5298119404428044e-05,5,2880,64,8,1,8,9216,32,0,5120,False,TORCH_SDPA,False,even,"[1, 1, 1, 1, 1, 1, 1, 1, 1, 1, 1, 1, 1, 1, 1, 1, 1, 1, 1, 1, 1, 1, 1, 1, 1, 1, 1, 1, 1, 1, 1, 1]",32,1,1,1.0,5,0.0,0.0,0.0,False,0,0,0,BF16,CUDA_EVENT,generic,generic,none
0.004519999958574772,0.017400000244379044,0.007127999980002642,0.004559999797493219,0.005136187044615349,5,0.011119999922811985,0.07767999917268753,0.024911999888718128,0.012000000104308128,0.02638604929107035,5,0.004519999958574772,0.008080000057816505,0.005247999913990498,0.004559999797493219,0.0014161130608395405,5,0.1934799998998642,0.33692100644111633,0.22272080183029175,0.19392099976539612,0.057105324057597544,5,0.004519999958574772,0.005200000014156103,0.004671999998390674,0.004519999958574772,0.00026581197792054567,5,2880,64,8,1,8,9216,16,0,5120,False,TORCH_SDPA,False,even,"[1, 1, 1, 1, 1, 1, 1, 1, 1, 1, 1, 1, 1, 1, 1, 1]",16,1,1,1.0,4,0.0,0.0,0.0,False,0,0,0,BF16,CUDA_EVENT,generic,generic,none
0.00431999983265996,0.004519999958574772,0.004415999911725521,0.00443999981507659,6.974236931654253e-05,5,0.00860000029206276,0.027720000594854355,0.012640000134706498,0.009039999917149544,0.007542943949346011,5,0.004399999976158142,0.00788000039756298,0.00544800003990531,0.004519999958574772,0.0013560886763768782,5,0.23948100209236145,0.2674809992313385,0.2456248015165329,0.24060100317001343,0.01094186250169144,5,0.004360000137239695,0.004999999888241291,0.0045519999228417875,0.00443999981507659,0.00022964317218725588,5,2880,64,8,1,8,9216,1,0,8192,False,TORCH_SDPA,False,even,[1],1,1,1,1.0,1,0.0,0.0,0.0,False,0,0,0,BF16,CUDA_EVENT,generic,generic,none
0.004480000119656324,0.004600000102072954,0.004552000015974045,0.004559999797493219,4.664761897177434e-05,5,0.01116000022739172,0.028880000114440918,0.014976000040769577,0.011599999852478504,0.00695561244196386,5,0.004480000119656324,0.005841000005602837,0.0047922000288963314,0.004559999797493219,0.0005264554524616633,5,0.28908100724220276,0.3044399917125702,0.29269660115242,0.2899610102176666,0.005887619907600082,5,0.004519999958574772,0.004600000102072954,0.004552000015974045,0.004519999958574772,3.9191906183995976e-05,5,2880,64,8,1,8,9216,16,0,8192,False,TORCH_SDPA,False,even,"[1, 1, 1, 1, 1, 1, 1, 1, 1, 1, 1, 1, 1, 1, 1, 1]",16,1,1,1.0,4,0.0,0.0,0.0,False,0,0,0,BF16,CUDA_EVENT,generic,generic,none
0.00443999981507659,0.004600000102072954,0.004504000023007393,0.004480000119656324,5.425869599550217e-05,5,0.014240000396966934,0.02043999917805195,0.015639999881386757,0.014560000039637089,0.002404528697260482,5,0.00443999981507659,0.006200000178068876,0.004839999973773957,0.004519999958574772,0.000681175555352595,5,1.3277230262756348,1.4113229513168335,1.3531153917312622,1.348242998123169,0.0305369367113362,5,0.004480000119656324,0.004639999940991402,0.0045679999515414235,0.004559999797493219,5.306596546984384e-05,5,2880,64,8,1,8,9216,256,0,4096,False,TORCH_SDPA,False,even,"[1, 1, 1, 1, 1, 1, 1, 1, 1, 1, 1, 1, 1, 1, 1, 1, 1, 1, 1, 1, 1, 1, 1, 1, 1, 1, 1, 1, 1, 1, 1, 1, 1, 1, 1, 1, 1, 1, 1, 1, 1, 1, 1, 1, 1, 1, 1, 1, 1, 1, 1, 1, 1, 1, 1, 1, 1, 1, 1, 1, 1, 1, 1, 1, 1, 1, 1, 1, 1, 1, 1, 1, 1, 1, 1, 1, 1, 1, 1, 1, 1, 1, 1, 1, 1, 1, 1, 1, 1, 1, 1, 1, 1, 1, 1, 1, 1, 1, 1, 1, 1, 1, 1, 1, 1, 1, 1, 1, 1, 1, 1, 1, 1, 1, 1, 1, 1, 1, 1, 1, 1, 1, 1, 1, 1, 1, 1, 1, 1, 1, 1, 1, 1, 1, 1, 1, 1, 1, 1, 1, 1, 1, 1, 1, 1, 1, 1, 1, 1, 1, 1, 1, 1, 1, 1, 1, 1, 1, 1, 1, 1, 1, 1, 1, 1, 1, 1, 1, 1, 1, 1, 1, 1, 1, 1, 1, 1, 1, 1, 1, 1, 1, 1, 1, 1, 1, 1, 1, 1, 1, 1, 1, 1, 1, 1, 1, 1, 1, 1, 1, 1, 1, 1, 1, 1, 1, 1, 1, 1, 1, 1, 1, 1, 1, 1, 1, 1, 1, 1, 1, 1, 1, 1, 1, 1, 1, 1, 1, 1, 1, 1, 1, 1, 1, 1, 1, 1, 1, 1, 1, 1, 1, 1, 1, 1, 1, 1, 1, 1, 1, 1, 1, 1, 1, 1, 1]",256,1,1,1.0,16,0.0,0.0,0.0,False,0,0,0,BF16,CUDA_EVENT,generic,generic,none
0.00431999983265996,0.017680000513792038,0.007055999990552664,0.00443999981507659,0.005312180981375254,5,0.014600000344216824,0.019881000742316246,0.01575220040977001,0.014720000326633453,0.0020657947731612812,5,0.004360000137239695,0.0081599997356534,0.0055519999004900455,0.00443999981507659,0.001516923101939245,5,3.5685689449310303,3.6743690967559814,3.5970571994781495,3.579569101333618,0.039043069203476756,5,0.004399999976158142,0.004519999958574772,0.004439999908208847,0.00443999981507659,4.381779817994027e-05,5,2880,64,8,1,8,9216,448,0,6144,False,TORCH_SDPA,False,even,"[1, 1, 1, 1, 1, 1, 1, 1, 1, 1, 1, 1, 1, 1, 1, 1, 1, 1, 1, 1, 1, 1, 1, 1, 1, 1, 1, 1, 1, 1, 1, 1, 1, 1, 1, 1, 1, 1, 1, 1, 1, 1, 1, 1, 1, 1, 1, 1, 1, 1, 1, 1, 1, 1, 1, 1, 1, 1, 1, 1, 1, 1, 1, 1, 1, 1, 1, 1, 1, 1, 1, 1, 1, 1, 1, 1, 1, 1, 1, 1, 1, 1, 1, 1, 1, 1, 1, 1, 1, 1, 1, 1, 1, 1, 1, 1, 1, 1, 1, 1, 1, 1, 1, 1, 1, 1, 1, 1, 1, 1, 1, 1, 1, 1, 1, 1, 1, 1, 1, 1, 1, 1, 1, 1, 1, 1, 1, 1, 1, 1, 1, 1, 1, 1, 1, 1, 1, 1, 1, 1, 1, 1, 1, 1, 1, 1, 1, 1, 1, 1, 1, 1, 1, 1, 1, 1, 1, 1, 1, 1, 1, 1, 1, 1, 1, 1, 1, 1, 1, 1, 1, 1, 1, 1, 1, 1, 1, 1, 1, 1, 1, 1, 1, 1, 1, 1, 1, 1, 1, 1, 1, 1, 1, 1, 1, 1, 1, 1, 1, 1, 1, 1, 1, 1, 1, 1, 1, 1, 1, 1, 1, 1, 1, 1, 1, 1, 1, 1, 1, 1, 1, 1, 1, 1, 1, 1, 1, 1, 1, 1, 1, 1, 1, 1, 1, 1, 1, 1, 1, 1, 1, 1, 1, 1, 1, 1, 1, 1, 1, 1, 1, 1, 1, 1, 1, 1, 1, 1, 1, 1, 1, 1, 1, 1, 1, 1, 1, 1, 1, 1, 1, 1, 1, 1, 1, 1, 1, 1, 1, 1, 1, 1, 1, 1, 1, 1, 1, 1, 1, 1, 1, 1, 1, 1, 1, 1, 1, 1, 1, 1, 1, 1, 1, 1, 1, 1, 1, 1, 1, 1, 1, 1, 1, 1, 1, 1, 1, 1, 1, 1, 1, 1, 1, 1, 1, 1, 1, 1, 1, 1, 1, 1, 1, 1, 1, 1, 1, 1, 1, 1, 1, 1, 1, 1, 1, 1, 1, 1, 1, 1, 1, 1, 1, 1, 1, 1, 1, 1, 1, 1, 1, 1, 1, 1, 1, 1, 1, 1, 1, 1, 1, 1, 1, 1, 1, 1, 1, 1, 1, 1, 1, 1, 1, 1, 1, 1, 1, 1, 1, 1, 1, 1, 1, 1, 1, 1, 1, 1, 1, 1, 1, 1, 1, 1, 1, 1, 1, 1, 1, 1, 1, 1, 1, 1, 1, 1, 1, 1, 1, 1, 1, 1, 1, 1, 1, 1, 1, 1, 1, 1, 1, 1, 1, 1, 1, 1, 1, 1, 1, 1, 1, 1, 1, 1, 1, 1, 1, 1]",448,1,1,1.0,21,0.0,0.0,0.0,False,0,0,0,BF16,CUDA_EVENT,generic,generic,none
0.004480000119656324,0.004679999779909849,0.0045761999674141405,0.004559999797493219,7.403878490017786e-05,5,0.012120000086724758,0.03099999949336052,0.016335999965667723,0.012400000356137753,0.007357416705804331,5,0.004519999958574772,0.006120000034570694,0.004871999938040971,0.004559999797493219,0.0006245126600242246,5,0.17640000581741333,1.6422439813613892,0.47376900017261503,0.17744100093841553,0.5842832744334027,5,0.004519999958574772,0.01071999967098236,0.005799999833106995,0.004559999797493219,0.0024606990051520895,5,2880,64,8,1,8,9216,8,0,5120,False,TORCH_SDPA,False,even,"[1, 1, 1, 1, 1, 1, 1, 1]",8,1,1,1.0,2,0.0,0.0,0.0,False,0,0,0,BF16,CUDA_EVENT,generic,generic,none
0.00431999983265996,0.03959999978542328,0.011471999902278185,0.004480000119656324,0.01406415921287774,5,0.012439999729394913,0.044440001249313354,0.01893600020557642,0.012559999711811543,0.012752477302309015,5,0.004360000137239695,0.005799999926239252,0.004687999933958053,0.00443999981507659,0.0005567907943031855,5,0.6019610166549683,0.6414809823036194,0.6138334035873413,0.6078019738197327,0.014318781286768452,5,0.004399999976158142,0.004519999958574772,0.004447999969124794,0.00443999981507659,4.664763494375637e-05,5,2880,64,8,1,8,9216,48,0,8192,False,TORCH_SDPA,False,even,"[1, 1, 1, 1, 1, 1, 1, 1, 1, 1, 1, 1, 1, 1, 1, 1, 1, 1, 1, 1, 1, 1, 1, 1, 1, 1, 1, 1, 1, 1, 1, 1, 1, 1, 1, 1, 1, 1, 1, 1, 1, 1, 1, 1, 1, 1, 1, 1]",48,1,1,1.0,6,0.0,0.0,0.0,False,0,0,0,BF16,CUDA_EVENT,generic,generic,none
0.00431999983265996,0.004519999958574772,0.004415999911725521,0.004399999976158142,6.499233210529004e-05,5,0.012439999729394913,0.024320000782608986,0.015200000256299973,0.013120000250637531,0.004568203421174943,5,0.00443999981507659,0.006039999891072512,0.004767999891191721,0.00443999981507659,0.0006361886540792389,5,0.9519219994544983,1.0277620553970337,0.9726184129714965,0.9606019854545593,0.028224431096680477,5,0.004399999976158142,0.004519999958574772,0.004480000026524067,0.004480000119656324,4.381779817994027e-05,5,2880,64,8,1,8,9216,96,0,8192,False,TORCH_SDPA,False,even,"[1, 1, 1, 1, 1, 1, 1, 1, 1, 1, 1, 1, 1, 1, 1, 1, 1, 1, 1, 1, 1, 1, 1, 1, 1, 1, 1, 1, 1, 1, 1, 1, 1, 1, 1, 1, 1, 1, 1, 1, 1, 1, 1, 1, 1, 1, 1, 1, 1, 1, 1, 1, 1, 1, 1, 1, 1, 1, 1, 1, 1, 1, 1, 1, 1, 1, 1, 1, 1, 1, 1, 1, 1, 1, 1, 1, 1, 1, 1, 1, 1, 1, 1, 1, 1, 1, 1, 1, 1, 1, 1, 1, 1, 1, 1, 1]",96,1,1,1.0,9,0.0,0.0,0.0,False,0,0,0,BF16,CUDA_EVENT,generic,generic,none
0.004480000119656324,0.059480998665094376,0.015544199664145709,0.004559999797493219,0.021968457765776907,5,0.014480000361800194,0.06007999926805496,0.02378419991582632,0.01476099994033575,0.01814857688103488,5,0.004480000119656324,0.009560000151395798,0.005544000025838614,0.004559999797493219,0.0020083984291987956,5,1.204043984413147,1.4970430135726929,1.2721231937408448,1.2132829427719116,0.11291885034254134,5,0.004480000119656324,0.004600000102072954,0.004535999987274409,0.004559999797493219,4.7999930878681056e-05,5,2880,64,8,1,8,9216,192,0,5120,False,TORCH_SDPA,False,even,"[1, 1, 1, 1, 1, 1, 1, 1, 1, 1, 1, 1, 1, 1, 1, 1, 1, 1, 1, 1, 1, 1, 1, 1, 1, 1, 1, 1, 1, 1, 1, 1, 1, 1, 1, 1, 1, 1, 1, 1, 1, 1, 1, 1, 1, 1, 1, 1, 1, 1, 1, 1, 1, 1, 1, 1, 1, 1, 1, 1, 1, 1, 1, 1, 1, 1, 1, 1, 1, 1, 1, 1, 1, 1, 1, 1, 1, 1, 1, 1, 1, 1, 1, 1, 1, 1, 1, 1, 1, 1, 1, 1, 1, 1, 1, 1, 1, 1, 1, 1, 1, 1, 1, 1, 1, 1, 1, 1, 1, 1, 1, 1, 1, 1, 1, 1, 1, 1, 1, 1, 1, 1, 1, 1, 1, 1, 1, 1, 1, 1, 1, 1, 1, 1, 1, 1, 1, 1, 1, 1, 1, 1, 1, 1, 1, 1, 1, 1, 1, 1, 1, 1, 1, 1, 1, 1, 1, 1, 1, 1, 1, 1, 1, 1, 1, 1, 1, 1, 1, 1, 1, 1, 1, 1, 1, 1, 1, 1, 1, 1, 1, 1, 1, 1, 1, 1, 1, 1, 1, 1, 1, 1]",192,1,1,1.0,13,0.0,0.0,0.0,False,0,0,0,BF16,CUDA_EVENT,generic,generic,none
0.004480000119656324,0.00535999983549118,0.004695999994874,0.004559999797493219,0.00033523714401395544,5,0.009279999881982803,0.04144100099802017,0.016256200335919856,0.009840000420808792,0.0126078922111453,5,0.004519999958574772,0.005880000069737434,0.004824000038206577,0.004600000102072954,0.0005292107531411647,5,0.19623999297618866,0.222120001912117,0.20156859755516052,0.19644099473953247,0.010276714020569254,5,0.004480000119656324,0.004600000102072954,0.004544000048190356,0.004559999797493219,5.425861360592359e-05,5,2880,64,8,1,8,9216,4,0,6144,False,TORCH_SDPA,False,even,"[1, 1, 1, 1]",4,1,1,1.0,2,0.0,0.0,0.0,False,0,0,0,BF16,CUDA_EVENT,generic,generic,none
0.004399999976158142,0.004639999940991402,0.004535999987274409,0.004600000102072954,9.666442556310595e-05,5,0.01432000007480383,0.0225600004196167,0.01628000009804964,0.014600000344216824,0.0031614681684322076,5,0.00443999981507659,0.004639999940991402,0.004487999901175499,0.00443999981507659,7.756292078680208e-05,5,1.6632449626922607,1.7443640232086182,1.6861164093017578,1.675765037536621,0.029736107164763242,5,0.004519999958574772,0.004600000102072954,0.004535999987274409,0.004519999958574772,3.200005739927292e-05,5,2880,64,8,1,8,9216,256,0,5120,False,TORCH_SDPA,False,even,"[1, 1, 1, 1, 1, 1, 1, 1, 1, 1, 1, 1, 1, 1, 1, 1, 1, 1, 1, 1, 1, 1, 1, 1, 1, 1, 1, 1, 1, 1, 1, 1, 1, 1, 1, 1, 1, 1, 1, 1, 1, 1, 1, 1, 1, 1, 1, 1, 1, 1, 1, 1, 1, 1, 1, 1, 1, 1, 1, 1, 1, 1, 1, 1, 1, 1, 1, 1, 1, 1, 1, 1, 1, 1, 1, 1, 1, 1, 1, 1, 1, 1, 1, 1, 1, 1, 1, 1, 1, 1, 1, 1, 1, 1, 1, 1, 1, 1, 1, 1, 1, 1, 1, 1, 1, 1, 1, 1, 1, 1, 1, 1, 1, 1, 1, 1, 1, 1, 1, 1, 1, 1, 1, 1, 1, 1, 1, 1, 1, 1, 1, 1, 1, 1, 1, 1, 1, 1, 1, 1, 1, 1, 1, 1, 1, 1, 1, 1, 1, 1, 1, 1, 1, 1, 1, 1, 1, 1, 1, 1, 1, 1, 1, 1, 1, 1, 1, 1, 1, 1, 1, 1, 1, 1, 1, 1, 1, 1, 1, 1, 1, 1, 1, 1, 1, 1, 1, 1, 1, 1, 1, 1, 1, 1, 1, 1, 1, 1, 1, 1, 1, 1, 1, 1, 1, 1, 1, 1, 1, 1, 1, 1, 1, 1, 1, 1, 1, 1, 1, 1, 1, 1, 1, 1, 1, 1, 1, 1, 1, 1, 1, 1, 1, 1, 1, 1, 1, 1, 1, 1, 1, 1, 1, 1, 1, 1, 1, 1, 1, 1, 1, 1, 1, 1, 1, 1]",256,1,1,1.0,16,0.0,0.0,0.0,False,0,0,0,BF16,CUDA_EVENT,generic,generic,none
0.004480000119656324,0.04312000051140785,0.012240000069141388,0.004519999958574772,0.015440020946340702,5,0.014399999752640724,0.047600001096725464,0.021240000054240225,0.014639999717473984,0.013181466296184812,5,0.004480000119656324,0.010239999741315842,0.005687999911606312,0.004559999797493219,0.002276333808888746,5,2.6328070163726807,2.878206968307495,2.692638969421387,2.64540696144104,0.09338247262932191,5,0.00443999981507659,0.004519999958574772,0.004487999994307756,0.004480000119656324,2.9933287895859092e-05,5,2880,64,8,1,8,9216,256,0,8192,False,TORCH_SDPA,False,even,"[1, 1, 1, 1, 1, 1, 1, 1, 1, 1, 1, 1, 1, 1, 1, 1, 1, 1, 1, 1, 1, 1, 1, 1, 1, 1, 1, 1, 1, 1, 1, 1, 1, 1, 1, 1, 1, 1, 1, 1, 1, 1, 1, 1, 1, 1, 1, 1, 1, 1, 1, 1, 1, 1, 1, 1, 1, 1, 1, 1, 1, 1, 1, 1, 1, 1, 1, 1, 1, 1, 1, 1, 1, 1, 1, 1, 1, 1, 1, 1, 1, 1, 1, 1, 1, 1, 1, 1, 1, 1, 1, 1, 1, 1, 1, 1, 1, 1, 1, 1, 1, 1, 1, 1, 1, 1, 1, 1, 1, 1, 1, 1, 1, 1, 1, 1, 1, 1, 1, 1, 1, 1, 1, 1, 1, 1, 1, 1, 1, 1, 1, 1, 1, 1, 1, 1, 1, 1, 1, 1, 1, 1, 1, 1, 1, 1, 1, 1, 1, 1, 1, 1, 1, 1, 1, 1, 1, 1, 1, 1, 1, 1, 1, 1, 1, 1, 1, 1, 1, 1, 1, 1, 1, 1, 1, 1, 1, 1, 1, 1, 1, 1, 1, 1, 1, 1, 1, 1, 1, 1, 1, 1, 1, 1, 1, 1, 1, 1, 1, 1, 1, 1, 1, 1, 1, 1, 1, 1, 1, 1, 1, 1, 1, 1, 1, 1, 1, 1, 1, 1, 1, 1, 1, 1, 1, 1, 1, 1, 1, 1, 1, 1, 1, 1, 1, 1, 1, 1, 1, 1, 1, 1, 1, 1, 1, 1, 1, 1, 1, 1, 1, 1, 1, 1, 1, 1]",256,1,1,1.0,16,0.0,0.0,0.0,False,0,0,0,BF16,CUDA_EVENT,generic,generic,none
0.004480999894440174,0.004600000102072954,0.004520800057798624,0.004521000199019909,4.3453039324750046e-05,5,0.014081999659538269,0.7423020005226135,0.1598779998719692,0.014321999624371529,0.2912120501858539,5,0.004480999894440174,0.006839999929070473,0.005024599935859441,0.004600999876856804,0.0009088825203740283,5,2.1158111095428467,2.2229459285736084,2.1398148059844972,2.1174919605255127,0.041751220253874066,5,0.004480000119656324,0.004600999876856804,0.004528600070625543,0.004521000199019909,4.705987322770543e-05,5,2880,64,8,1,8,9216,320,0,5120,False,TORCH_SDPA,False,even,"[1, 1, 1, 1, 1, 1, 1, 1, 1, 1, 1, 1, 1, 1, 1, 1, 1, 1, 1, 1, 1, 1, 1, 1, 1, 1, 1, 1, 1, 1, 1, 1, 1, 1, 1, 1, 1, 1, 1, 1, 1, 1, 1, 1, 1, 1, 1, 1, 1, 1, 1, 1, 1, 1, 1, 1, 1, 1, 1, 1, 1, 1, 1, 1, 1, 1, 1, 1, 1, 1, 1, 1, 1, 1, 1, 1, 1, 1, 1, 1, 1, 1, 1, 1, 1, 1, 1, 1, 1, 1, 1, 1, 1, 1, 1, 1, 1, 1, 1, 1, 1, 1, 1, 1, 1, 1, 1, 1, 1, 1, 1, 1, 1, 1, 1, 1, 1, 1, 1, 1, 1, 1, 1, 1, 1, 1, 1, 1, 1, 1, 1, 1, 1, 1, 1, 1, 1, 1, 1, 1, 1, 1, 1, 1, 1, 1, 1, 1, 1, 1, 1, 1, 1, 1, 1, 1, 1, 1, 1, 1, 1, 1, 1, 1, 1, 1, 1, 1, 1, 1, 1, 1, 1, 1, 1, 1, 1, 1, 1, 1, 1, 1, 1, 1, 1, 1, 1, 1, 1, 1, 1, 1, 1, 1, 1, 1, 1, 1, 1, 1, 1, 1, 1, 1, 1, 1, 1, 1, 1, 1, 1, 1, 1, 1, 1, 1, 1, 1, 1, 1, 1, 1, 1, 1, 1, 1, 1, 1, 1, 1, 1, 1, 1, 1, 1, 1, 1, 1, 1, 1, 1, 1, 1, 1, 1, 1, 1, 1, 1, 1, 1, 1, 1, 1, 1, 1, 1, 1, 1, 1, 1, 1, 1, 1, 1, 1, 1, 1, 1, 1, 1, 1, 1, 1, 1, 1, 1, 1, 1, 1, 1, 1, 1, 1, 1, 1, 1, 1, 1, 1, 1, 1, 1, 1, 1, 1, 1, 1, 1, 1, 1, 1, 1, 1, 1, 1, 1, 1, 1, 1, 1, 1, 1, 1, 1, 1, 1, 1, 1, 1]",320,1,1,1.0,17,0.0,0.0,0.0,False,0,0,0,BF16,CUDA_EVENT,generic,generic,none
0.004360000137239695,2.5086870193481445,0.5053214038722217,0.004519999958574772,1.0016828096547314,5,0.011680000461637974,0.03380100056529045,0.01838420033454895,0.016599999740719795,0.008002569086167801,5,0.00443999981507659,0.004999999888241291,0.004599999915808439,0.004480000119656324,0.0002131665994033179,5,0.20496100187301636,0.22076000273227692,0.21089659929275512,0.20576100051403046,0.006972775516730012,5,0.004480000119656324,0.004679999779909849,0.0045599998906254765,0.004559999797493219,6.693269955329282e-05,5,2880,64,8,1,8,9216,8,0,6144,False,TORCH_SDPA,False,even,"[1, 1, 1, 1, 1, 1, 1, 1]",8,1,1,1.0,2,0.0,0.0,0.0,False,0,0,0,BF16,CUDA_EVENT,generic,generic,none
0.004480000119656324,0.004559999797493219,0.004519999958574772,0.004519999958574772,3.577694356427611e-05,5,0.012120000086724758,0.042080000042915344,0.018415999971330164,0.012679999694228172,0.011836934767123624,5,0.004480000119656324,0.006839999929070473,0.004999999888241291,0.004559999797493219,0.0009205216074764072,5,0.2916409969329834,0.3139210045337677,0.29723299741744996,0.29236099123954773,0.008523641914435748,5,0.00443999981507659,0.004639999940991402,0.004535999987274409,0.004519999958574772,7.418898061168757e-05,5,2880,64,8,1,8,9216,8,0,9216,False,TORCH_SDPA,False,even,"[1, 1, 1, 1, 1, 1, 1, 1]",8,1,1,1.0,2,0.0,0.0,0.0,False,0,0,0,BF16,CUDA_EVENT,generic,generic,none
0.004360000137239695,0.005520000122487545,0.0046640001237392426,0.004480000119656324,0.0004305159681490016,5,0.014360000379383564,0.0408799983561039,0.019807999767363072,0.014680000022053719,0.010536773752142514,5,0.004399999976158142,0.008799999952316284,0.005319999996572733,0.004480000119656324,0.0017402528342404947,5,3.025968074798584,3.2772879600524902,3.0853439807891845,3.044487953186035,0.09633323779584023,5,0.004399999976158142,0.004519999958574772,0.004447999969124794,0.00443999981507659,4.664763494375637e-05,5,2880,64,8,1,8,9216,384,0,6144,False,TORCH_SDPA,False,even,"[1, 1, 1, 1, 1, 1, 1, 1, 1, 1, 1, 1, 1, 1, 1, 1, 1, 1, 1, 1, 1, 1, 1, 1, 1, 1, 1, 1, 1, 1, 1, 1, 1, 1, 1, 1, 1, 1, 1, 1, 1, 1, 1, 1, 1, 1, 1, 1, 1, 1, 1, 1, 1, 1, 1, 1, 1, 1, 1, 1, 1, 1, 1, 1, 1, 1, 1, 1, 1, 1, 1, 1, 1, 1, 1, 1, 1, 1, 1, 1, 1, 1, 1, 1, 1, 1, 1, 1, 1, 1, 1, 1, 1, 1, 1, 1, 1, 1, 1, 1, 1, 1, 1, 1, 1, 1, 1, 1, 1, 1, 1, 1, 1, 1, 1, 1, 1, 1, 1, 1, 1, 1, 1, 1, 1, 1, 1, 1, 1, 1, 1, 1, 1, 1, 1, 1, 1, 1, 1, 1, 1, 1, 1, 1, 1, 1, 1, 1, 1, 1, 1, 1, 1, 1, 1, 1, 1, 1, 1, 1, 1, 1, 1, 1, 1, 1, 1, 1, 1, 1, 1, 1, 1, 1, 1, 1, 1, 1, 1, 1, 1, 1, 1, 1, 1, 1, 1, 1, 1, 1, 1, 1, 1, 1, 1, 1, 1, 1, 1, 1, 1, 1, 1, 1, 1, 1, 1, 1, 1, 1, 1, 1, 1, 1, 1, 1, 1, 1, 1, 1, 1, 1, 1, 1, 1, 1, 1, 1, 1, 1, 1, 1, 1, 1, 1, 1, 1, 1, 1, 1, 1, 1, 1, 1, 1, 1, 1, 1, 1, 1, 1, 1, 1, 1, 1, 1, 1, 1, 1, 1, 1, 1, 1, 1, 1, 1, 1, 1, 1, 1, 1, 1, 1, 1, 1, 1, 1, 1, 1, 1, 1, 1, 1, 1, 1, 1, 1, 1, 1, 1, 1, 1, 1, 1, 1, 1, 1, 1, 1, 1, 1, 1, 1, 1, 1, 1, 1, 1, 1, 1, 1, 1, 1, 1, 1, 1, 1, 1, 1, 1, 1, 1, 1, 1, 1, 1, 1, 1, 1, 1, 1, 1, 1, 1, 1, 1, 1, 1, 1, 1, 1, 1, 1, 1, 1, 1, 1, 1, 1, 1, 1, 1, 1, 1, 1, 1, 1, 1, 1, 1, 1, 1, 1, 1, 1, 1, 1, 1, 1, 1, 1, 1, 1, 1, 1, 1, 1, 1, 1, 1, 1, 1, 1, 1]",384,1,1,1.0,19,0.0,0.0,0.0,False,0,0,0,BF16,CUDA_EVENT,generic,generic,none
0.004480000119656324,0.007360999938100576,0.005088800005614758,0.004521000199019909,0.0011369517487968275,5,0.011121000163257122,0.022443000227212906,0.013681800104677677,0.011442000046372414,0.004388869681169784,5,0.004561000037938356,0.005681000184267759,0.004809000063687563,0.004600999876856804,0.0004370080717774169,5,0.22387099266052246,0.23895299434661865,0.22745539844036103,0.22491100430488586,0.005761829607097835,5,0.004441000055521727,0.004600999876856804,0.004544799961149692,0.004561000037938356,5.420105337472375e-05,5,2880,64,8,1,8,9216,16,0,6144,False,TORCH_SDPA,False,even,"[1, 1, 1, 1, 1, 1, 1, 1, 1, 1, 1, 1, 1, 1, 1, 1]",16,1,1,1.0,4,0.0,0.0,0.0,False,0,0,0,BF16,CUDA_EVENT,generic,generic,none
0.004519999958574772,0.009239999577403069,0.00547999981790781,0.004559999797493219,0.001880084983524362,5,0.01408000010997057,0.01979999989271164,0.0155519999563694,0.014600000344216824,0.0021466848424503745,5,0.004480000119656324,0.00675999978557229,0.004991999920457601,0.004559999797493219,0.000884859241818967,5,1.2131630182266235,1.2858829498291016,1.2380271911621095,1.2296030521392822,0.024942045870553643,5,0.004480000119656324,0.005840000230818987,0.004808000009506941,0.004559999797493219,0.0005174708796329272,5,2880,64,8,1,8,9216,160,0,6144,False,TORCH_SDPA,False,even,"[1, 1, 1, 1, 1, 1, 1, 1, 1, 1, 1, 1, 1, 1, 1, 1, 1, 1, 1, 1, 1, 1, 1, 1, 1, 1, 1, 1, 1, 1, 1, 1, 1, 1, 1, 1, 1, 1, 1, 1, 1, 1, 1, 1, 1, 1, 1, 1, 1, 1, 1, 1, 1, 1, 1, 1, 1, 1, 1, 1, 1, 1, 1, 1, 1, 1, 1, 1, 1, 1, 1, 1, 1, 1, 1, 1, 1, 1, 1, 1, 1, 1, 1, 1, 1, 1, 1, 1, 1, 1, 1, 1, 1, 1, 1, 1, 1, 1, 1, 1, 1, 1, 1, 1, 1, 1, 1, 1, 1, 1, 1, 1, 1, 1, 1, 1, 1, 1, 1, 1, 1, 1, 1, 1, 1, 1, 1, 1, 1, 1, 1, 1, 1, 1, 1, 1, 1, 1, 1, 1, 1, 1, 1, 1, 1, 1, 1, 1, 1, 1, 1, 1, 1, 1, 1, 1, 1, 1, 1, 1]",160,1,1,1.0,12,0.0,0.0,0.0,False,0,0,0,BF16,CUDA_EVENT,generic,generic,none
0.004360000137239695,0.009479999542236328,0.005463999882340431,0.004519999958574772,0.0020088761313412007,5,0.011680000461637974,0.021080000326037407,0.014312000013887882,0.012199999764561653,0.0035449480598285974,5,0.004360000137239695,0.0069599999114871025,0.0049519998952746395,0.00443999981507659,0.0010060298225727652,5,0.339121013879776,0.3578000068664551,0.34349679946899414,0.34012100100517273,0.007164969525742817,5,0.004360000137239695,0.00443999981507659,0.004407999943941832,0.004399999976158142,2.9933138551795365e-05,5,2880,64,8,1,8,9216,32,0,8192,False,TORCH_SDPA,False,even,"[1, 1, 1, 1, 1, 1, 1, 1, 1, 1, 1, 1, 1, 1, 1, 1, 1, 1, 1, 1, 1, 1, 1, 1, 1, 1, 1, 1, 1, 1, 1, 1]",32,1,1,1.0,5,0.0,0.0,0.0,False,0,0,0,BF16,CUDA_EVENT,generic,generic,none
0.004519999958574772,0.010359999723732471,0.005735999997705221,0.004600000102072954,0.0023122074669066745,5,0.00851999968290329,0.07004000246524811,0.021312000416219234,0.009239999577403069,0.024368851965603202,5,0.004480000119656324,0.007439999841153622,0.005319999996572733,0.004519999958574772,0.001155439219541973,5,0.24583999812602997,0.31136101484298706,0.2593926012516022,0.24651999771595,0.025986365232129188,5,0.004519999958574772,0.0060800001956522465,0.004984000045806169,0.004639999940991402,0.0005816391382312999,5,2880,64,8,1,8,9216,2,0,8192,False,TORCH_SDPA,False,even,"[1, 1]",2,1,1,1.0,1,0.0,0.0,0.0,False,0,0,0,BF16,CUDA_EVENT,generic,generic,none
0.004360000137239695,0.010639999993145466,0.005688000004738569,0.004519999958574772,0.002476823765331695,5,0.01432000007480383,0.07744099944829941,0.028392199799418448,0.014840000309050083,0.02463923427562877,5,0.004399999976158142,0.00803999975323677,0.0055519999004900455,0.004519999958574772,0.0014471820426501972,5,4.0690507888793945,4.373610973358154,4.137946891784668,4.080690860748291,0.11813502177077138,5,0.004360000137239695,0.004519999958574772,0.004440000001341105,0.00443999981507659,5.6568512254674996e-05,5,2880,64,8,1,8,9216,512,0,6144,False,TORCH_SDPA,False,even,"[1, 1, 1, 1, 1, 1, 1, 1, 1, 1, 1, 1, 1, 1, 1, 1, 1, 1, 1, 1, 1, 1, 1, 1, 1, 1, 1, 1, 1, 1, 1, 1, 1, 1, 1, 1, 1, 1, 1, 1, 1, 1, 1, 1, 1, 1, 1, 1, 1, 1, 1, 1, 1, 1, 1, 1, 1, 1, 1, 1, 1, 1, 1, 1, 1, 1, 1, 1, 1, 1, 1, 1, 1, 1, 1, 1, 1, 1, 1, 1, 1, 1, 1, 1, 1, 1, 1, 1, 1, 1, 1, 1, 1, 1, 1, 1, 1, 1, 1, 1, 1, 1, 1, 1, 1, 1, 1, 1, 1, 1, 1, 1, 1, 1, 1, 1, 1, 1, 1, 1, 1, 1, 1, 1, 1, 1, 1, 1, 1, 1, 1, 1, 1, 1, 1, 1, 1, 1, 1, 1, 1, 1, 1, 1, 1, 1, 1, 1, 1, 1, 1, 1, 1, 1, 1, 1, 1, 1, 1, 1, 1, 1, 1, 1, 1, 1, 1, 1, 1, 1, 1, 1, 1, 1, 1, 1, 1, 1, 1, 1, 1, 1, 1, 1, 1, 1, 1, 1, 1, 1, 1, 1, 1, 1, 1, 1, 1, 1, 1, 1, 1, 1, 1, 1, 1, 1, 1, 1, 1, 1, 1, 1, 1, 1, 1, 1, 1, 1, 1, 1, 1, 1, 1, 1, 1, 1, 1, 1, 1, 1, 1, 1, 1, 1, 1, 1, 1, 1, 1, 1, 1, 1, 1, 1, 1, 1, 1, 1, 1, 1, 1, 1, 1, 1, 1, 1, 1, 1, 1, 1, 1, 1, 1, 1, 1, 1, 1, 1, 1, 1, 1, 1, 1, 1, 1, 1, 1, 1, 1, 1, 1, 1, 1, 1, 1, 1, 1, 1, 1, 1, 1, 1, 1, 1, 1, 1, 1, 1, 1, 1, 1, 1, 1, 1, 1, 1, 1, 1, 1, 1, 1, 1, 1, 1, 1, 1, 1, 1, 1, 1, 1, 1, 1, 1, 1, 1, 1, 1, 1, 1, 1, 1, 1, 1, 1, 1, 1, 1, 1, 1, 1, 1, 1, 1, 1, 1, 1, 1, 1, 1, 1, 1, 1, 1, 1, 1, 1, 1, 1, 1, 1, 1, 1, 1, 1, 1, 1, 1, 1, 1, 1, 1, 1, 1, 1, 1, 1, 1, 1, 1, 1, 1, 1, 1, 1, 1, 1, 1, 1, 1, 1, 1, 1, 1, 1, 1, 1, 1, 1, 1, 1, 1, 1, 1, 1, 1, 1, 1, 1, 1, 1, 1, 1, 1, 1, 1, 1, 1, 1, 1, 1, 1, 1, 1, 1, 1, 1, 1, 1, 1, 1, 1, 1, 1, 1, 1, 1, 1, 1, 1, 1, 1, 1, 1, 1, 1, 1, 1, 1, 1, 1, 1, 1, 1, 1, 1, 1, 1, 1, 1, 1, 1, 1, 1, 1, 1, 1, 1, 1, 1, 1, 1, 1, 1, 1, 1, 1, 1, 1, 1, 1, 1, 1, 1, 1, 1, 1, 1, 1, 1, 1, 1, 1, 1, 1, 1, 1, 1, 1, 1, 1, 1, 1, 1, 1, 1, 1, 1, 1, 1, 1, 1]",512,1,1,1.0,22,0.0,0.0,0.0,False,0,0,0,BF16,CUDA_EVENT,generic,generic,none
0.004360000137239695,0.012559999711811543,0.006031999923288822,0.004399999976158142,0.003264097931218298,5,0.014480000361800194,0.03587999939918518,0.01888000015169382,0.014720000326633453,0.008500465493215986,5,0.004399999976158142,0.00839999970048666,0.005207999888807535,0.004399999976158142,0.0015960750914374038,5,4.057210922241211,4.250969886779785,4.099258613586426,4.062930107116699,0.07589149697079976,5,0.004399999976158142,0.004480000119656324,0.004447999969124794,0.00443999981507659,2.9933337677144675e-05,5,2880,64,8,1,8,9216,384,0,8192,False,TORCH_SDPA,False,even,"[1, 1, 1, 1, 1, 1, 1, 1, 1, 1, 1, 1, 1, 1, 1, 1, 1, 1, 1, 1, 1, 1, 1, 1, 1, 1, 1, 1, 1, 1, 1, 1, 1, 1, 1, 1, 1, 1, 1, 1, 1, 1, 1, 1, 1, 1, 1, 1, 1, 1, 1, 1, 1, 1, 1, 1, 1, 1, 1, 1, 1, 1, 1, 1, 1, 1, 1, 1, 1, 1, 1, 1, 1, 1, 1, 1, 1, 1, 1, 1, 1, 1, 1, 1, 1, 1, 1, 1, 1, 1, 1, 1, 1, 1, 1, 1, 1, 1, 1, 1, 1, 1, 1, 1, 1, 1, 1, 1, 1, 1, 1, 1, 1, 1, 1, 1, 1, 1, 1, 1, 1, 1, 1, 1, 1, 1, 1, 1, 1, 1, 1, 1, 1, 1, 1, 1, 1, 1, 1, 1, 1, 1, 1, 1, 1, 1, 1, 1, 1, 1, 1, 1, 1, 1, 1, 1, 1, 1, 1, 1, 1, 1, 1, 1, 1, 1, 1, 1, 1, 1, 1, 1, 1, 1, 1, 1, 1, 1, 1, 1, 1, 1, 1, 1, 1, 1, 1, 1, 1, 1, 1, 1, 1, 1, 1, 1, 1, 1, 1, 1, 1, 1, 1, 1, 1, 1, 1, 1, 1, 1, 1, 1, 1, 1, 1, 1, 1, 1, 1, 1, 1, 1, 1, 1, 1, 1, 1, 1, 1, 1, 1, 1, 1, 1, 1, 1, 1, 1, 1, 1, 1, 1, 1, 1, 1, 1, 1, 1, 1, 1, 1, 1, 1, 1, 1, 1, 1, 1, 1, 1, 1, 1, 1, 1, 1, 1, 1, 1, 1, 1, 1, 1, 1, 1, 1, 1, 1, 1, 1, 1, 1, 1, 1, 1, 1, 1, 1, 1, 1, 1, 1, 1, 1, 1, 1, 1, 1, 1, 1, 1, 1, 1, 1, 1, 1, 1, 1, 1, 1, 1, 1, 1, 1, 1, 1, 1, 1, 1, 1, 1, 1, 1, 1, 1, 1, 1, 1, 1, 1, 1, 1, 1, 1, 1, 1, 1, 1, 1, 1, 1, 1, 1, 1, 1, 1, 1, 1, 1, 1, 1, 1, 1, 1, 1, 1, 1, 1, 1, 1, 1, 1, 1, 1, 1, 1, 1, 1, 1, 1, 1, 1, 1, 1, 1, 1, 1, 1, 1, 1, 1, 1, 1, 1, 1]",384,1,1,1.0,19,0.0,0.0,0.0,False,0,0,0,BF16,CUDA_EVENT,generic,generic,none
0.004360000137239695,0.024560000747442245,0.008472000248730183,0.004480000119656324,0.008044134509753482,5,0.01107999961823225,0.024119999259710312,0.01419999971985817,0.011839999817311764,0.004993243217023328,5,0.004399999976158142,0.005840000230818987,0.004775999952107668,0.004519999958574772,0.0005405775979168145,5,0.37748101353645325,0.41404101252555847,0.38639300465583803,0.38072100281715393,0.013879931789653887,5,0.004399999976158142,0.00535999983549118,0.004648000001907349,0.004480000119656324,0.0003581283869678216,5,2880,64,8,1,8,9216,32,0,9216,False,TORCH_SDPA,False,even,"[1, 1, 1, 1, 1, 1, 1, 1, 1, 1, 1, 1, 1, 1, 1, 1, 1, 1, 1, 1, 1, 1, 1, 1, 1, 1, 1, 1, 1, 1, 1, 1]",32,1,1,1.0,5,0.0,0.0,0.0,False,0,0,0,BF16,CUDA_EVENT,generic,generic,none
0.004360000137239695,0.013319999910891056,0.006199999991804361,0.00443999981507659,0.0035602246713147185,5,0.012240000069141388,0.020880000665783882,0.013992000184953213,0.012280000373721123,0.003444127995698763,5,0.004399999976158142,0.0069599999114871025,0.00494399992749095,0.00443999981507659,0.0010083174034817143,5,0.6469619870185852,0.6829609870910645,0.6556817889213562,0.649761974811554,0.01368694283779089,5,0.004360000137239695,0.004480000119656324,0.004440000001341105,0.00443999981507659,4.381779818013822e-05,5,2880,64,8,1,8,9216,64,0,8192,False,TORCH_SDPA,False,even,"[1, 1, 1, 1, 1, 1, 1, 1, 1, 1, 1, 1, 1, 1, 1, 1, 1, 1, 1, 1, 1, 1, 1, 1, 1, 1, 1, 1, 1, 1, 1, 1, 1, 1, 1, 1, 1, 1, 1, 1, 1, 1, 1, 1, 1, 1, 1, 1, 1, 1, 1, 1, 1, 1, 1, 1, 1, 1, 1, 1, 1, 1, 1, 1]",64,1,1,1.0,8,0.0,0.0,0.0,False,0,0,0,BF16,CUDA_EVENT,generic,generic,none
0.00443999981507659,0.004600000102072954,0.004504000023007393,0.004480000119656324,5.425869599550217e-05,5,0.014159999787807465,0.023719999939203262,0.01622400004416704,0.014399999752640724,0.0037510190128457644,5,0.00443999981507659,0.006000000052154064,0.00483199991285801,0.004559999797493219,0.0005864606448479668,5,2.0047249794006348,2.090245008468628,2.0252050399780273,2.0095250606536865,0.03260808868239034,5,0.004519999958574772,0.006039999891072512,0.004895999934524298,0.004639999940991402,0.000574442311601416,5,2880,64,8,1,8,9216,256,0,6144,False,TORCH_SDPA,False,even,"[1, 1, 1, 1, 1, 1, 1, 1, 1, 1, 1, 1, 1, 1, 1, 1, 1, 1, 1, 1, 1, 1, 1, 1, 1, 1, 1, 1, 1, 1, 1, 1, 1, 1, 1, 1, 1, 1, 1, 1, 1, 1, 1, 1, 1, 1, 1, 1, 1, 1, 1, 1, 1, 1, 1, 1, 1, 1, 1, 1, 1, 1, 1, 1, 1, 1, 1, 1, 1, 1, 1, 1, 1, 1, 1, 1, 1, 1, 1, 1, 1, 1, 1, 1, 1, 1, 1, 1, 1, 1, 1, 1, 1, 1, 1, 1, 1, 1, 1, 1, 1, 1, 1, 1, 1, 1, 1, 1, 1, 1, 1, 1, 1, 1, 1, 1, 1, 1, 1, 1, 1, 1, 1, 1, 1, 1, 1, 1, 1, 1, 1, 1, 1, 1, 1, 1, 1, 1, 1, 1, 1, 1, 1, 1, 1, 1, 1, 1, 1, 1, 1, 1, 1, 1, 1, 1, 1, 1, 1, 1, 1, 1, 1, 1, 1, 1, 1, 1, 1, 1, 1, 1, 1, 1, 1, 1, 1, 1, 1, 1, 1, 1, 1, 1, 1, 1, 1, 1, 1, 1, 1, 1, 1, 1, 1, 1, 1, 1, 1, 1, 1, 1, 1, 1, 1, 1, 1, 1, 1, 1, 1, 1, 1, 1, 1, 1, 1, 1, 1, 1, 1, 1, 1, 1, 1, 1, 1, 1, 1, 1, 1, 1, 1, 1, 1, 1, 1, 1, 1, 1, 1, 1, 1, 1, 1, 1, 1, 1, 1, 1, 1, 1, 1, 1, 1, 1]",256,1,1,1.0,16,0.0,0.0,0.0,False,0,0,0,BF16,CUDA_EVENT,generic,generic,none
0.004399999976158142,0.004600000102072954,0.004496000055223703,0.004480000119656324,6.499233210529004e-05,5,0.014680000022053719,0.024960000067949295,0.016960000060498713,0.015039999969303608,0.0040083911960170065,5,0.004480000119656324,0.005880000069737434,0.005047999974340201,0.004559999797493219,0.0006476542458085277,5,1.4816839694976807,1.5987639427185059,1.5108919858932495,1.4918839931488037,0.044331582060153724,5,0.004480000119656324,0.004639999940991402,0.004543999955058098,0.004519999958574772,5.425858614264964e-05,5,2880,64,8,1,8,9216,192,0,6144,False,TORCH_SDPA,False,even,"[1, 1, 1, 1, 1, 1, 1, 1, 1, 1, 1, 1, 1, 1, 1, 1, 1, 1, 1, 1, 1, 1, 1, 1, 1, 1, 1, 1, 1, 1, 1, 1, 1, 1, 1, 1, 1, 1, 1, 1, 1, 1, 1, 1, 1, 1, 1, 1, 1, 1, 1, 1, 1, 1, 1, 1, 1, 1, 1, 1, 1, 1, 1, 1, 1, 1, 1, 1, 1, 1, 1, 1, 1, 1, 1, 1, 1, 1, 1, 1, 1, 1, 1, 1, 1, 1, 1, 1, 1, 1, 1, 1, 1, 1, 1, 1, 1, 1, 1, 1, 1, 1, 1, 1, 1, 1, 1, 1, 1, 1, 1, 1, 1, 1, 1, 1, 1, 1, 1, 1, 1, 1, 1, 1, 1, 1, 1, 1, 1, 1, 1, 1, 1, 1, 1, 1, 1, 1, 1, 1, 1, 1, 1, 1, 1, 1, 1, 1, 1, 1, 1, 1, 1, 1, 1, 1, 1, 1, 1, 1, 1, 1, 1, 1, 1, 1, 1, 1, 1, 1, 1, 1, 1, 1, 1, 1, 1, 1, 1, 1, 1, 1, 1, 1, 1, 1, 1, 1, 1, 1, 1, 1]",192,1,1,1.0,13,0.0,0.0,0.0,False,0,0,0,BF16,CUDA_EVENT,generic,generic,none
0.004399999976158142,0.004519999958574772,0.004487999994307756,0.004519999958574772,4.664760299960091e-05,5,0.014360000379383564,0.02703999914228916,0.01706399992108345,0.014519999735057354,0.00499155086861231,5,0.004559999797493219,0.00687999976798892,0.005047999881207943,0.004600000102072954,0.0009164801691142441,5,1.2840839624404907,1.3656829595565796,1.310291576385498,1.2998030185699463,0.028789120617717618,5,0.004519999958574772,0.004600000102072954,0.0045519999228417875,0.004559999797493219,2.993328789585909e-05,5,2880,64,8,1,8,9216,128,0,8192,False,TORCH_SDPA,False,even,"[1, 1, 1, 1, 1, 1, 1, 1, 1, 1, 1, 1, 1, 1, 1, 1, 1, 1, 1, 1, 1, 1, 1, 1, 1, 1, 1, 1, 1, 1, 1, 1, 1, 1, 1, 1, 1, 1, 1, 1, 1, 1, 1, 1, 1, 1, 1, 1, 1, 1, 1, 1, 1, 1, 1, 1, 1, 1, 1, 1, 1, 1, 1, 1, 1, 1, 1, 1, 1, 1, 1, 1, 1, 1, 1, 1, 1, 1, 1, 1, 1, 1, 1, 1, 1, 1, 1, 1, 1, 1, 1, 1, 1, 1, 1, 1, 1, 1, 1, 1, 1, 1, 1, 1, 1, 1, 1, 1, 1, 1, 1, 1, 1, 1, 1, 1, 1, 1, 1, 1, 1, 1, 1, 1, 1, 1, 1, 1]",128,1,1,1.0,11,0.0,0.0,0.0,False,0,0,0,BF16,CUDA_EVENT,generic,generic,none
0.004480000119656324,0.005799999926239252,0.004800000041723251,0.004600000102072954,0.0005040634240593177,5,0.009039999917149544,0.03180000185966492,0.013792000338435173,0.009239999577403069,0.009006963405860838,5,0.004519999958574772,0.005799999926239252,0.004808000009506941,0.004600000102072954,0.0004972886116644679,5,0.25064098834991455,0.2773610055446625,0.25628880262374876,0.2510400116443634,0.010539183468207253,5,0.004519999958574772,0.008200000040233135,0.005288000032305717,0.004600000102072954,0.0014564394996477768,5,2880,64,8,1,8,9216,4,0,8192,False,TORCH_SDPA,False,even,"[1, 1, 1, 1]",4,1,1,1.0,2,0.0,0.0,0.0,False,0,0,0,BF16,CUDA_EVENT,generic,generic,none
0.004600000102072954,0.008840000256896019,0.005456000100821257,0.004600000102072954,0.0016920709979624169,5,0.011680000461637974,0.044840000569820404,0.01881600022315979,0.012520000338554382,0.013016091133529499,5,0.004519999958574772,0.00547999981790781,0.004799999948590994,0.004639999940991402,0.00034594791509704316,5,0.2648409903049469,0.29648101329803467,0.27249680161476136,0.2659209966659546,0.012132477855149803,5,0.00443999981507659,0.004559999797493219,0.004535999801009894,0.004559999797493219,4.799999296665191e-05,5,2880,64,8,1,8,9216,8,0,8192,False,TORCH_SDPA,False,even,"[1, 1, 1, 1, 1, 1, 1, 1]",8,1,1,1.0,2,0.0,0.0,0.0,False,0,0,0,BF16,CUDA_EVENT,generic,generic,none
0.004480000119656324,0.013919999822974205,0.006383999995887279,0.004519999958574772,0.0037680423758081915,5,0.014159999787807465,0.06543999910354614,0.024711999855935574,0.014720000326633453,0.0203651211805804,5,0.004519999958574772,0.00547999981790781,0.004735999833792448,0.004559999797493219,0.000372322430371768,5,2.22696590423584,2.3383660316467285,2.256437969207764,2.2317659854888916,0.04243342595044621,5,0.004480000119656324,0.004559999797493219,0.004496000055223703,0.004480000119656324,3.1999871134757994e-05,5,2880,64,8,1,8,9216,192,0,9216,False,TORCH_SDPA,False,even,"[1, 1, 1, 1, 1, 1, 1, 1, 1, 1, 1, 1, 1, 1, 1, 1, 1, 1, 1, 1, 1, 1, 1, 1, 1, 1, 1, 1, 1, 1, 1, 1, 1, 1, 1, 1, 1, 1, 1, 1, 1, 1, 1, 1, 1, 1, 1, 1, 1, 1, 1, 1, 1, 1, 1, 1, 1, 1, 1, 1, 1, 1, 1, 1, 1, 1, 1, 1, 1, 1, 1, 1, 1, 1, 1, 1, 1, 1, 1, 1, 1, 1, 1, 1, 1, 1, 1, 1, 1, 1, 1, 1, 1, 1, 1, 1, 1, 1, 1, 1, 1, 1, 1, 1, 1, 1, 1, 1, 1, 1, 1, 1, 1, 1, 1, 1, 1, 1, 1, 1, 1, 1, 1, 1, 1, 1, 1, 1, 1, 1, 1, 1, 1, 1, 1, 1, 1, 1, 1, 1, 1, 1, 1, 1, 1, 1, 1, 1, 1, 1, 1, 1, 1, 1, 1, 1, 1, 1, 1, 1, 1, 1, 1, 1, 1, 1, 1, 1, 1, 1, 1, 1, 1, 1, 1, 1, 1, 1, 1, 1, 1, 1, 1, 1, 1, 1, 1, 1, 1, 1, 1, 1]",192,1,1,1.0,13,0.0,0.0,0.0,False,0,0,0,BF16,CUDA_EVENT,generic,generic,none
0.00443999981507659,0.006200000178068876,0.0048559999093413355,0.004559999797493219,0.0006734271898447979,5,0.00863999966531992,4.884933948516846,0.9886269895359874,0.012679999694228172,1.9481665469725993,5,0.004519999958574772,0.007040000054985285,0.005303999967873096,0.004600000102072954,0.0009923225625072152,5,0.2669200003147125,0.3243210017681122,0.2837683975696564,0.26767998933792114,0.022493086567829803,5,0.004519999958574772,0.004600000102072954,0.004560200031846762,0.004559999797493219,3.555503918867929e-05,5,2880,64,8,1,8,9216,1,0,9216,False,TORCH_SDPA,False,even,[1],1,1,1,1.0,1,0.0,0.0,0.0,False,0,0,0,BF16,CUDA_EVENT,generic,generic,none
0.00431999983265996,0.004399999976158142,0.004375999979674816,0.004399999976158142,3.200003411633561e-05,5,0.014360000379383564,0.021239999681711197,0.016023999825119973,0.014639999717473984,0.0026391027810140815,5,0.00443999981507659,0.005960000213235617,0.004951999988406897,0.004519999958574772,0.0006089466984624069,5,3.3637290000915527,3.428287982940674,3.3814884185791017,3.3709681034088135,0.023860048836247177,5,0.004399999976158142,0.004480999894440174,0.004424199927598238,0.004399999976158142,3.2350535163062174e-05,5,2880,64,8,1,8,9216,320,0,8192,False,TORCH_SDPA,False,even,"[1, 1, 1, 1, 1, 1, 1, 1, 1, 1, 1, 1, 1, 1, 1, 1, 1, 1, 1, 1, 1, 1, 1, 1, 1, 1, 1, 1, 1, 1, 1, 1, 1, 1, 1, 1, 1, 1, 1, 1, 1, 1, 1, 1, 1, 1, 1, 1, 1, 1, 1, 1, 1, 1, 1, 1, 1, 1, 1, 1, 1, 1, 1, 1, 1, 1, 1, 1, 1, 1, 1, 1, 1, 1, 1, 1, 1, 1, 1, 1, 1, 1, 1, 1, 1, 1, 1, 1, 1, 1, 1, 1, 1, 1, 1, 1, 1, 1, 1, 1, 1, 1, 1, 1, 1, 1, 1, 1, 1, 1, 1, 1, 1, 1, 1, 1, 1, 1, 1, 1, 1, 1, 1, 1, 1, 1, 1, 1, 1, 1, 1, 1, 1, 1, 1, 1, 1, 1, 1, 1, 1, 1, 1, 1, 1, 1, 1, 1, 1, 1, 1, 1, 1, 1, 1, 1, 1, 1, 1, 1, 1, 1, 1, 1, 1, 1, 1, 1, 1, 1, 1, 1, 1, 1, 1, 1, 1, 1, 1, 1, 1, 1, 1, 1, 1, 1, 1, 1, 1, 1, 1, 1, 1, 1, 1, 1, 1, 1, 1, 1, 1, 1, 1, 1, 1, 1, 1, 1, 1, 1, 1, 1, 1, 1, 1, 1, 1, 1, 1, 1, 1, 1, 1, 1, 1, 1, 1, 1, 1, 1, 1, 1, 1, 1, 1, 1, 1, 1, 1, 1, 1, 1, 1, 1, 1, 1, 1, 1, 1, 1, 1, 1, 1, 1, 1, 1, 1, 1, 1, 1, 1, 1, 1, 1, 1, 1, 1, 1, 1, 1, 1, 1, 1, 1, 1, 1, 1, 1, 1, 1, 1, 1, 1, 1, 1, 1, 1, 1, 1, 1, 1, 1, 1, 1, 1, 1, 1, 1, 1, 1, 1, 1, 1, 1, 1, 1, 1, 1, 1, 1, 1, 1, 1, 1, 1, 1, 1, 1, 1, 1]",320,1,1,1.0,17,0.0,0.0,0.0,False,0,0,0,BF16,CUDA_EVENT,generic,generic,none
0.004360000137239695,0.005799999926239252,0.004719999991357327,0.004480000119656324,0.0005425863626292949,5,0.012799999676644802,0.03587999939918518,0.017639999836683275,0.013240000233054161,0.009121648755629139,5,0.004399999976158142,0.007000000216066837,0.004967999923974275,0.00443999981507659,0.0010174164792241063,5,0.31668099761009216,0.3417209982872009,0.32269699573516847,0.31852099299430847,0.009564789456926142,5,0.004399999976158142,0.004480000119656324,0.004448000062257052,0.004480000119656324,3.9191906183995976e-05,5,2880,64,8,1,8,9216,16,0,9216,False,TORCH_SDPA,False,even,"[1, 1, 1, 1, 1, 1, 1, 1, 1, 1, 1, 1, 1, 1, 1, 1]",16,1,1,1.0,4,0.0,0.0,0.0,False,0,0,0,BF16,CUDA_EVENT,generic,generic,none
0.004519999958574772,0.0055599999614059925,0.004767999984323978,0.004600000102072954,0.00039710955039229785,5,0.013120000250637531,0.09504000097513199,0.03006400018930435,0.01372000016272068,0.03249466309268947,5,0.004519999958574772,0.007840000092983246,0.005856000073254109,0.006120000034570694,0.0012236601132670142,5,1.0595630407333374,1.1759229898452759,1.0905949831008912,1.0751229524612427,0.04318212450653294,5,0.00443999981507659,0.004600000102072954,0.004528000019490719,0.004519999958574772,6.400007987400752e-05,5,2880,64,8,1,8,9216,96,0,9216,False,TORCH_SDPA,False,even,"[1, 1, 1, 1, 1, 1, 1, 1, 1, 1, 1, 1, 1, 1, 1, 1, 1, 1, 1, 1, 1, 1, 1, 1, 1, 1, 1, 1, 1, 1, 1, 1, 1, 1, 1, 1, 1, 1, 1, 1, 1, 1, 1, 1, 1, 1, 1, 1, 1, 1, 1, 1, 1, 1, 1, 1, 1, 1, 1, 1, 1, 1, 1, 1, 1, 1, 1, 1, 1, 1, 1, 1, 1, 1, 1, 1, 1, 1, 1, 1, 1, 1, 1, 1, 1, 1, 1, 1, 1, 1, 1, 1, 1, 1, 1, 1]",96,1,1,1.0,9,0.0,0.0,0.0,False,0,0,0,BF16,CUDA_EVENT,generic,generic,none
0.004360000137239695,0.006680000107735395,0.004879999998956918,0.00443999981507659,0.0009015542646524565,5,0.014600000344216824,0.030160000547766685,0.017816200107336044,0.014800000004470348,0.006172746264261758,5,0.004360000137239695,0.006680000107735395,0.0048640000633895395,0.004399999976158142,0.0009088366415711683,5,5.41141414642334,5.564573764801025,5.446222400665283,5.417455196380615,0.059252978902908274,5,0.004399999976158142,0.004519999958574772,0.004439999908208847,0.00443999981507659,4.381779817994027e-05,5,2880,64,8,1,8,9216,512,0,8192,False,TORCH_SDPA,False,even,"[1, 1, 1, 1, 1, 1, 1, 1, 1, 1, 1, 1, 1, 1, 1, 1, 1, 1, 1, 1, 1, 1, 1, 1, 1, 1, 1, 1, 1, 1, 1, 1, 1, 1, 1, 1, 1, 1, 1, 1, 1, 1, 1, 1, 1, 1, 1, 1, 1, 1, 1, 1, 1, 1, 1, 1, 1, 1, 1, 1, 1, 1, 1, 1, 1, 1, 1, 1, 1, 1, 1, 1, 1, 1, 1, 1, 1, 1, 1, 1, 1, 1, 1, 1, 1, 1, 1, 1, 1, 1, 1, 1, 1, 1, 1, 1, 1, 1, 1, 1, 1, 1, 1, 1, 1, 1, 1, 1, 1, 1, 1, 1, 1, 1, 1, 1, 1, 1, 1, 1, 1, 1, 1, 1, 1, 1, 1, 1, 1, 1, 1, 1, 1, 1, 1, 1, 1, 1, 1, 1, 1, 1, 1, 1, 1, 1, 1, 1, 1, 1, 1, 1, 1, 1, 1, 1, 1, 1, 1, 1, 1, 1, 1, 1, 1, 1, 1, 1, 1, 1, 1, 1, 1, 1, 1, 1, 1, 1, 1, 1, 1, 1, 1, 1, 1, 1, 1, 1, 1, 1, 1, 1, 1, 1, 1, 1, 1, 1, 1, 1, 1, 1, 1, 1, 1, 1, 1, 1, 1, 1, 1, 1, 1, 1, 1, 1, 1, 1, 1, 1, 1, 1, 1, 1, 1, 1, 1, 1, 1, 1, 1, 1, 1, 1, 1, 1, 1, 1, 1, 1, 1, 1, 1, 1, 1, 1, 1, 1, 1, 1, 1, 1, 1, 1, 1, 1, 1, 1, 1, 1, 1, 1, 1, 1, 1, 1, 1, 1, 1, 1, 1, 1, 1, 1, 1, 1, 1, 1, 1, 1, 1, 1, 1, 1, 1, 1, 1, 1, 1, 1, 1, 1, 1, 1, 1, 1, 1, 1, 1, 1, 1, 1, 1, 1, 1, 1, 1, 1, 1, 1, 1, 1, 1, 1, 1, 1, 1, 1, 1, 1, 1, 1, 1, 1, 1, 1, 1, 1, 1, 1, 1, 1, 1, 1, 1, 1, 1, 1, 1, 1, 1, 1, 1, 1, 1, 1, 1, 1, 1, 1, 1, 1, 1, 1, 1, 1, 1, 1, 1, 1, 1, 1, 1, 1, 1, 1, 1, 1, 1, 1, 1, 1, 1, 1, 1, 1, 1, 1, 1, 1, 1, 1, 1, 1, 1, 1, 1, 1, 1, 1, 1, 1, 1, 1, 1, 1, 1, 1, 1, 1, 1, 1, 1, 1, 1, 1, 1, 1, 1, 1, 1, 1, 1, 1, 1, 1, 1, 1, 1, 1, 1, 1, 1, 1, 1, 1, 1, 1, 1, 1, 1, 1, 1, 1, 1, 1, 1, 1, 1, 1, 1, 1, 1, 1, 1, 1, 1, 1, 1, 1, 1, 1, 1, 1, 1, 1, 1, 1, 1, 1, 1, 1, 1, 1, 1, 1, 1, 1, 1, 1, 1, 1, 1, 1, 1, 1, 1, 1, 1, 1, 1, 1, 1, 1, 1, 1, 1, 1, 1, 1, 1, 1, 1, 1, 1, 1, 1, 1, 1, 1, 1, 1, 1, 1, 1, 1, 1, 1, 1, 1, 1, 1]",512,1,1,1.0,22,0.0,0.0,0.0,False,0,0,0,BF16,CUDA_EVENT,generic,generic,none
0.004480000119656324,0.05688000097870827,0.01500000013038516,0.004559999797493219,0.02094002143639778,5,0.014240000396966934,0.035840000957250595,0.018640000186860562,0.014399999752640724,0.008600205032265459,5,0.00443999981507659,0.005840000230818987,0.0047599999234080315,0.004519999958574772,0.0005419964642242482,5,1.6468839645385742,1.7510440349578857,1.672804594039917,1.653285026550293,0.039339847188828166,5,0.004480000119656324,0.005439999978989363,0.004712000023573637,0.004559999797493219,0.0003669550100666948,5,2880,64,8,1,8,9216,160,0,8192,False,TORCH_SDPA,False,even,"[1, 1, 1, 1, 1, 1, 1, 1, 1, 1, 1, 1, 1, 1, 1, 1, 1, 1, 1, 1, 1, 1, 1, 1, 1, 1, 1, 1, 1, 1, 1, 1, 1, 1, 1, 1, 1, 1, 1, 1, 1, 1, 1, 1, 1, 1, 1, 1, 1, 1, 1, 1, 1, 1, 1, 1, 1, 1, 1, 1, 1, 1, 1, 1, 1, 1, 1, 1, 1, 1, 1, 1, 1, 1, 1, 1, 1, 1, 1, 1, 1, 1, 1, 1, 1, 1, 1, 1, 1, 1, 1, 1, 1, 1, 1, 1, 1, 1, 1, 1, 1, 1, 1, 1, 1, 1, 1, 1, 1, 1, 1, 1, 1, 1, 1, 1, 1, 1, 1, 1, 1, 1, 1, 1, 1, 1, 1, 1, 1, 1, 1, 1, 1, 1, 1, 1, 1, 1, 1, 1, 1, 1, 1, 1, 1, 1, 1, 1, 1, 1, 1, 1, 1, 1, 1, 1, 1, 1, 1, 1]",160,1,1,1.0,12,0.0,0.0,0.0,False,0,0,0,BF16,CUDA_EVENT,generic,generic,none
0.004480000119656324,0.01568000018596649,0.0067680000327527525,0.004559999797493219,0.004456179606008918,5,0.0142000000923872,0.04667999967932701,0.020912200026214123,0.014561000280082226,0.012885276513890095,5,0.004519999958574772,0.005319999996572733,0.004727999959141016,0.004639999940991402,0.00030082554784423954,5,1.9834049940109253,2.066483974456787,2.003876781463623,1.9905649423599243,0.03158603971016873,5,0.004480000119656324,0.005880999844521284,0.004880199860781431,0.004679999779909849,0.0005063596858742323,5,2880,64,8,1,8,9216,192,0,8192,False,TORCH_SDPA,False,even,"[1, 1, 1, 1, 1, 1, 1, 1, 1, 1, 1, 1, 1, 1, 1, 1, 1, 1, 1, 1, 1, 1, 1, 1, 1, 1, 1, 1, 1, 1, 1, 1, 1, 1, 1, 1, 1, 1, 1, 1, 1, 1, 1, 1, 1, 1, 1, 1, 1, 1, 1, 1, 1, 1, 1, 1, 1, 1, 1, 1, 1, 1, 1, 1, 1, 1, 1, 1, 1, 1, 1, 1, 1, 1, 1, 1, 1, 1, 1, 1, 1, 1, 1, 1, 1, 1, 1, 1, 1, 1, 1, 1, 1, 1, 1, 1, 1, 1, 1, 1, 1, 1, 1, 1, 1, 1, 1, 1, 1, 1, 1, 1, 1, 1, 1, 1, 1, 1, 1, 1, 1, 1, 1, 1, 1, 1, 1, 1, 1, 1, 1, 1, 1, 1, 1, 1, 1, 1, 1, 1, 1, 1, 1, 1, 1, 1, 1, 1, 1, 1, 1, 1, 1, 1, 1, 1, 1, 1, 1, 1, 1, 1, 1, 1, 1, 1, 1, 1, 1, 1, 1, 1, 1, 1, 1, 1, 1, 1, 1, 1, 1, 1, 1, 1, 1, 1, 1, 1, 1, 1, 1, 1]",192,1,1,1.0,13,0.0,0.0,0.0,False,0,0,0,BF16,CUDA_EVENT,generic,generic,none
0.004399999976158142,0.00559999980032444,0.004671999905258417,0.00443999981507659,0.000464689093487916,5,0.014159999787807465,0.06464099884033203,0.02480819970369339,0.014680000022053719,0.019928564723209044,5,0.004360000137239695,0.0055599999614059925,0.004640000034123659,0.004399999976158142,0.00046164918211364503,5,3.7768900394439697,3.9903290271759033,3.8230576038360597,3.7835299968719482,0.08368561272911496,5,0.004399999976158142,0.0049600000493228436,0.004552000015974045,0.004480000119656324,0.0002092271684863188,5,2880,64,8,1,8,9216,320,0,9216,False,TORCH_SDPA,False,even,"[1, 1, 1, 1, 1, 1, 1, 1, 1, 1, 1, 1, 1, 1, 1, 1, 1, 1, 1, 1, 1, 1, 1, 1, 1, 1, 1, 1, 1, 1, 1, 1, 1, 1, 1, 1, 1, 1, 1, 1, 1, 1, 1, 1, 1, 1, 1, 1, 1, 1, 1, 1, 1, 1, 1, 1, 1, 1, 1, 1, 1, 1, 1, 1, 1, 1, 1, 1, 1, 1, 1, 1, 1, 1, 1, 1, 1, 1, 1, 1, 1, 1, 1, 1, 1, 1, 1, 1, 1, 1, 1, 1, 1, 1, 1, 1, 1, 1, 1, 1, 1, 1, 1, 1, 1, 1, 1, 1, 1, 1, 1, 1, 1, 1, 1, 1, 1, 1, 1, 1, 1, 1, 1, 1, 1, 1, 1, 1, 1, 1, 1, 1, 1, 1, 1, 1, 1, 1, 1, 1, 1, 1, 1, 1, 1, 1, 1, 1, 1, 1, 1, 1, 1, 1, 1, 1, 1, 1, 1, 1, 1, 1, 1, 1, 1, 1, 1, 1, 1, 1, 1, 1, 1, 1, 1, 1, 1, 1, 1, 1, 1, 1, 1, 1, 1, 1, 1, 1, 1, 1, 1, 1, 1, 1, 1, 1, 1, 1, 1, 1, 1, 1, 1, 1, 1, 1, 1, 1, 1, 1, 1, 1, 1, 1, 1, 1, 1, 1, 1, 1, 1, 1, 1, 1, 1, 1, 1, 1, 1, 1, 1, 1, 1, 1, 1, 1, 1, 1, 1, 1, 1, 1, 1, 1, 1, 1, 1, 1, 1, 1, 1, 1, 1, 1, 1, 1, 1, 1, 1, 1, 1, 1, 1, 1, 1, 1, 1, 1, 1, 1, 1, 1, 1, 1, 1, 1, 1, 1, 1, 1, 1, 1, 1, 1, 1, 1, 1, 1, 1, 1, 1, 1, 1, 1, 1, 1, 1, 1, 1, 1, 1, 1, 1, 1, 1, 1, 1, 1, 1, 1, 1, 1, 1, 1, 1, 1, 1, 1, 1, 1]",320,1,1,1.0,17,0.0,0.0,0.0,False,0,0,0,BF16,CUDA_EVENT,generic,generic,none
0.004480000119656324,0.005439999978989363,0.004719999991357327,0.004559999797493219,0.0003622153970179805,5,0.008480999618768692,0.02232000045478344,0.01137619987130165,0.008679999969899654,0.0054737070579584345,5,0.004480000119656324,0.00675999978557229,0.004992000013589859,0.004600000102072954,0.0008863045704772611,5,0.2733210027217865,0.29544100165367126,0.2780485987663269,0.27379998564720154,0.008699751549510833,5,0.004519999958574772,0.004639999940991402,0.004575999919325113,0.004559999797493219,4.079219274941178e-05,5,2880,64,8,1,8,9216,2,0,9216,False,TORCH_SDPA,False,even,"[1, 1]",2,1,1,1.0,1,0.0,0.0,0.0,False,0,0,0,BF16,CUDA_EVENT,generic,generic,none
0.004399999976158142,0.00687999976798892,0.004935999866575003,0.00443999981507659,0.0009737678865917718,5,0.012280000373721123,0.022280000150203705,0.014464000053703786,0.012640000320971012,0.003910650118102408,5,0.004399999976158142,0.005919999908655882,0.004735999926924706,0.00443999981507659,0.0005936193971074331,5,0.7281619906425476,0.7581610083580017,0.7363058090209961,0.7306820154190063,0.01130241542800691,5,0.004399999976158142,0.004519999958574772,0.004423999972641468,0.004399999976158142,4.799999296665191e-05,5,2880,64,8,1,8,9216,64,0,9216,False,TORCH_SDPA,False,even,"[1, 1, 1, 1, 1, 1, 1, 1, 1, 1, 1, 1, 1, 1, 1, 1, 1, 1, 1, 1, 1, 1, 1, 1, 1, 1, 1, 1, 1, 1, 1, 1, 1, 1, 1, 1, 1, 1, 1, 1, 1, 1, 1, 1, 1, 1, 1, 1, 1, 1, 1, 1, 1, 1, 1, 1, 1, 1, 1, 1, 1, 1, 1, 1]",64,1,1,1.0,8,0.0,0.0,0.0,False,0,0,0,BF16,CUDA_EVENT,generic,generic,none
0.004519999958574772,0.005760000087320805,0.00481599997729063,0.004600000102072954,0.00047369193992392525,5,0.008999999612569809,0.032600000500679016,0.014072000049054623,0.009560000151395798,0.009266935861828725,5,0.004519999958574772,0.006240000016987324,0.004903999995440245,0.004600000102072954,0.0006686583720269597,5,0.28220000863075256,0.2958010137081146,0.2854966104030609,0.2829200029373169,0.005179423875057938,5,0.004480000119656324,0.004600999876856804,0.004552200064063072,0.004600000102072954,5.8952138113677485e-05,5,2880,64,8,1,8,9216,4,0,9216,False,TORCH_SDPA,False,even,"[1, 1, 1, 1]",4,1,1,1.0,2,0.0,0.0,0.0,False,0,0,0,BF16,CUDA_EVENT,generic,generic,none
0.004279999993741512,0.00443999981507659,0.004391999915242195,0.004399999976158142,5.8787694517986746e-05,5,0.014279999770224094,0.020239999517798424,0.017607999965548515,0.019519999623298645,0.002695821851258736,5,0.00443999981507659,0.005040000192821026,0.004584000073373317,0.004480000119656324,0.00022852577729667994,5,4.73965311050415,4.835452079772949,4.7666449546813965,4.754453182220459,0.03508462118722425,5,0.004399999976158142,0.004480000119656324,0.004447999969124794,0.00443999981507659,2.9933337677144675e-05,5,2880,64,8,1,8,9216,448,0,8192,False,TORCH_SDPA,False,even,"[1, 1, 1, 1, 1, 1, 1, 1, 1, 1, 1, 1, 1, 1, 1, 1, 1, 1, 1, 1, 1, 1, 1, 1, 1, 1, 1, 1, 1, 1, 1, 1, 1, 1, 1, 1, 1, 1, 1, 1, 1, 1, 1, 1, 1, 1, 1, 1, 1, 1, 1, 1, 1, 1, 1, 1, 1, 1, 1, 1, 1, 1, 1, 1, 1, 1, 1, 1, 1, 1, 1, 1, 1, 1, 1, 1, 1, 1, 1, 1, 1, 1, 1, 1, 1, 1, 1, 1, 1, 1, 1, 1, 1, 1, 1, 1, 1, 1, 1, 1, 1, 1, 1, 1, 1, 1, 1, 1, 1, 1, 1, 1, 1, 1, 1, 1, 1, 1, 1, 1, 1, 1, 1, 1, 1, 1, 1, 1, 1, 1, 1, 1, 1, 1, 1, 1, 1, 1, 1, 1, 1, 1, 1, 1, 1, 1, 1, 1, 1, 1, 1, 1, 1, 1, 1, 1, 1, 1, 1, 1, 1, 1, 1, 1, 1, 1, 1, 1, 1, 1, 1, 1, 1, 1, 1, 1, 1, 1, 1, 1, 1, 1, 1, 1, 1, 1, 1, 1, 1, 1, 1, 1, 1, 1, 1, 1, 1, 1, 1, 1, 1, 1, 1, 1, 1, 1, 1, 1, 1, 1, 1, 1, 1, 1, 1, 1, 1, 1, 1, 1, 1, 1, 1, 1, 1, 1, 1, 1, 1, 1, 1, 1, 1, 1, 1, 1, 1, 1, 1, 1, 1, 1, 1, 1, 1, 1, 1, 1, 1, 1, 1, 1, 1, 1, 1, 1, 1, 1, 1, 1, 1, 1, 1, 1, 1, 1, 1, 1, 1, 1, 1, 1, 1, 1, 1, 1, 1, 1, 1, 1, 1, 1, 1, 1, 1, 1, 1, 1, 1, 1, 1, 1, 1, 1, 1, 1, 1, 1, 1, 1, 1, 1, 1, 1, 1, 1, 1, 1, 1, 1, 1, 1, 1, 1, 1, 1, 1, 1, 1, 1, 1, 1, 1, 1, 1, 1, 1, 1, 1, 1, 1, 1, 1, 1, 1, 1, 1, 1, 1, 1, 1, 1, 1, 1, 1, 1, 1, 1, 1, 1, 1, 1, 1, 1, 1, 1, 1, 1, 1, 1, 1, 1, 1, 1, 1, 1, 1, 1, 1, 1, 1, 1, 1, 1, 1, 1, 1, 1, 1, 1, 1, 1, 1, 1, 1, 1, 1, 1, 1, 1, 1, 1, 1, 1, 1, 1, 1, 1, 1, 1, 1, 1, 1, 1, 1, 1, 1, 1, 1, 1, 1, 1, 1, 1, 1, 1, 1, 1, 1, 1, 1, 1, 1, 1, 1, 1, 1, 1, 1, 1, 1, 1, 1, 1, 1, 1, 1, 1, 1, 1, 1, 1, 1, 1, 1, 1, 1, 1]",448,1,1,1.0,21,0.0,0.0,0.0,False,0,0,0,BF16,CUDA_EVENT,generic,generic,none
0.004399999976158142,0.03311999887228012,0.010175999719649553,0.00443999981507659,0.01147202747038526,5,0.012360000051558018,0.023719999939203262,0.014832000061869622,0.012760000303387642,0.004446474501432032,5,0.004399999976158142,0.008320000022649765,0.005199999921023846,0.00443999981507659,0.0015601026107148008,5,0.6613209843635559,0.7116420269012451,0.6740097999572754,0.6653220057487488,0.018998747624746255,5,0.004399999976158142,0.004519999958574772,0.0044559999369084835,0.00443999981507659,4.079219274941178e-05,5,2880,64,8,1,8,9216,48,0,9216,False,TORCH_SDPA,False,even,"[1, 1, 1, 1, 1, 1, 1, 1, 1, 1, 1, 1, 1, 1, 1, 1, 1, 1, 1, 1, 1, 1, 1, 1, 1, 1, 1, 1, 1, 1, 1, 1, 1, 1, 1, 1, 1, 1, 1, 1, 1, 1, 1, 1, 1, 1, 1, 1]",48,1,1,1.0,6,0.0,0.0,0.0,False,0,0,0,BF16,CUDA_EVENT,generic,generic,none
0.00431999983265996,0.007960000075399876,0.005080000031739473,0.004360000137239695,0.0014402222277020182,5,0.014440000057220459,0.044280000030994415,0.020863999985158442,0.015159999951720238,0.011718282481322832,5,0.004360000137239695,0.009399999864399433,0.0054802000522613525,0.004401000216603279,0.0019677926175183593,5,2.9942469596862793,3.204087018966675,3.0378154277801515,2.997648000717163,0.08315504500177365,5,0.004360000137239695,0.004480000119656324,0.004423999972641468,0.00443999981507659,4.079211969054e-05,5,2880,64,8,1,8,9216,256,0,9216,False,TORCH_SDPA,False,even,"[1, 1, 1, 1, 1, 1, 1, 1, 1, 1, 1, 1, 1, 1, 1, 1, 1, 1, 1, 1, 1, 1, 1, 1, 1, 1, 1, 1, 1, 1, 1, 1, 1, 1, 1, 1, 1, 1, 1, 1, 1, 1, 1, 1, 1, 1, 1, 1, 1, 1, 1, 1, 1, 1, 1, 1, 1, 1, 1, 1, 1, 1, 1, 1, 1, 1, 1, 1, 1, 1, 1, 1, 1, 1, 1, 1, 1, 1, 1, 1, 1, 1, 1, 1, 1, 1, 1, 1, 1, 1, 1, 1, 1, 1, 1, 1, 1, 1, 1, 1, 1, 1, 1, 1, 1, 1, 1, 1, 1, 1, 1, 1, 1, 1, 1, 1, 1, 1, 1, 1, 1, 1, 1, 1, 1, 1, 1, 1, 1, 1, 1, 1, 1, 1, 1, 1, 1, 1, 1, 1, 1, 1, 1, 1, 1, 1, 1, 1, 1, 1, 1, 1, 1, 1, 1, 1, 1, 1, 1, 1, 1, 1, 1, 1, 1, 1, 1, 1, 1, 1, 1, 1, 1, 1, 1, 1, 1, 1, 1, 1, 1, 1, 1, 1, 1, 1, 1, 1, 1, 1, 1, 1, 1, 1, 1, 1, 1, 1, 1, 1, 1, 1, 1, 1, 1, 1, 1, 1, 1, 1, 1, 1, 1, 1, 1, 1, 1, 1, 1, 1, 1, 1, 1, 1, 1, 1, 1, 1, 1, 1, 1, 1, 1, 1, 1, 1, 1, 1, 1, 1, 1, 1, 1, 1, 1, 1, 1, 1, 1, 1, 1, 1, 1, 1, 1, 1]",256,1,1,1.0,16,0.0,0.0,0.0,False,0,0,0,BF16,CUDA_EVENT,generic,generic,none
0.004399999976158142,0.004600000102072954,0.004511999990791082,0.004519999958574772,6.400003330783644e-05,5,0.014279999770224094,0.020840000361204147,0.015784000046551228,0.014560000039637089,0.002536466981473845,5,0.004480000119656324,0.00559999980032444,0.004743999894708395,0.004559999797493219,0.00042902675035024965,5,1.4482840299606323,1.525202989578247,1.4788278102874757,1.4743239879608154,0.027411502235479307,5,0.004480000119656324,0.004639999940991402,0.0045599999837577345,0.004559999797493219,7.15540953786714e-05,5,2880,64,8,1,8,9216,128,0,9216,False,TORCH_SDPA,False,even,"[1, 1, 1, 1, 1, 1, 1, 1, 1, 1, 1, 1, 1, 1, 1, 1, 1, 1, 1, 1, 1, 1, 1, 1, 1, 1, 1, 1, 1, 1, 1, 1, 1, 1, 1, 1, 1, 1, 1, 1, 1, 1, 1, 1, 1, 1, 1, 1, 1, 1, 1, 1, 1, 1, 1, 1, 1, 1, 1, 1, 1, 1, 1, 1, 1, 1, 1, 1, 1, 1, 1, 1, 1, 1, 1, 1, 1, 1, 1, 1, 1, 1, 1, 1, 1, 1, 1, 1, 1, 1, 1, 1, 1, 1, 1, 1, 1, 1, 1, 1, 1, 1, 1, 1, 1, 1, 1, 1, 1, 1, 1, 1, 1, 1, 1, 1, 1, 1, 1, 1, 1, 1, 1, 1, 1, 1, 1, 1]",128,1,1,1.0,11,0.0,0.0,0.0,False,0,0,0,BF16,CUDA_EVENT,generic,generic,none
0.00443999981507659,0.004559999797493219,0.004519999865442515,0.004519999958574772,4.381779817994028e-05,5,0.014240000396966934,0.0777600035071373,0.02707200087606907,0.014480000361800194,0.025344253839245493,5,0.004399999976158142,0.012600000016391277,0.006087999977171421,0.004480000119656324,0.003256245710893835,5,1.8654040098190308,2.0359249114990234,1.9019245624542236,1.8668849468231201,0.0670810496272487,5,0.00443999981507659,0.004639999940991402,0.004519999958574772,0.004519999958574772,6.693281086764991e-05,5,2880,64,8,1,8,9216,160,0,9216,False,TORCH_SDPA,False,even,"[1, 1, 1, 1, 1, 1, 1, 1, 1, 1, 1, 1, 1, 1, 1, 1, 1, 1, 1, 1, 1, 1, 1, 1, 1, 1, 1, 1, 1, 1, 1, 1, 1, 1, 1, 1, 1, 1, 1, 1, 1, 1, 1, 1, 1, 1, 1, 1, 1, 1, 1, 1, 1, 1, 1, 1, 1, 1, 1, 1, 1, 1, 1, 1, 1, 1, 1, 1, 1, 1, 1, 1, 1, 1, 1, 1, 1, 1, 1, 1, 1, 1, 1, 1, 1, 1, 1, 1, 1, 1, 1, 1, 1, 1, 1, 1, 1, 1, 1, 1, 1, 1, 1, 1, 1, 1, 1, 1, 1, 1, 1, 1, 1, 1, 1, 1, 1, 1, 1, 1, 1, 1, 1, 1, 1, 1, 1, 1, 1, 1, 1, 1, 1, 1, 1, 1, 1, 1, 1, 1, 1, 1, 1, 1, 1, 1, 1, 1, 1, 1, 1, 1, 1, 1, 1, 1, 1, 1, 1, 1]",160,1,1,1.0,12,0.0,0.0,0.0,False,0,0,0,BF16,CUDA_EVENT,generic,generic,none
0.004399999976158142,0.00559999980032444,0.004671999998390674,0.004480000119656324,0.0004653771725055096,5,0.014480000361800194,0.042399998754262924,0.020351999811828135,0.014639999717473984,0.011032646299503563,5,0.004399999976158142,0.009519999846816063,0.0054639999754726885,0.004480000119656324,0.0020285324104667426,5,5.30337381362915,5.637613773345947,5.377053928375244,5.3136138916015625,0.13038060325191064,5,0.004360000137239695,0.005040000192821026,0.004528000112622976,0.004399999976158142,0.0002597229677330022,5,2880,64,8,1,8,9216,448,0,9216,False,TORCH_SDPA,False,even,"[1, 1, 1, 1, 1, 1, 1, 1, 1, 1, 1, 1, 1, 1, 1, 1, 1, 1, 1, 1, 1, 1, 1, 1, 1, 1, 1, 1, 1, 1, 1, 1, 1, 1, 1, 1, 1, 1, 1, 1, 1, 1, 1, 1, 1, 1, 1, 1, 1, 1, 1, 1, 1, 1, 1, 1, 1, 1, 1, 1, 1, 1, 1, 1, 1, 1, 1, 1, 1, 1, 1, 1, 1, 1, 1, 1, 1, 1, 1, 1, 1, 1, 1, 1, 1, 1, 1, 1, 1, 1, 1, 1, 1, 1, 1, 1, 1, 1, 1, 1, 1, 1, 1, 1, 1, 1, 1, 1, 1, 1, 1, 1, 1, 1, 1, 1, 1, 1, 1, 1, 1, 1, 1, 1, 1, 1, 1, 1, 1, 1, 1, 1, 1, 1, 1, 1, 1, 1, 1, 1, 1, 1, 1, 1, 1, 1, 1, 1, 1, 1, 1, 1, 1, 1, 1, 1, 1, 1, 1, 1, 1, 1, 1, 1, 1, 1, 1, 1, 1, 1, 1, 1, 1, 1, 1, 1, 1, 1, 1, 1, 1, 1, 1, 1, 1, 1, 1, 1, 1, 1, 1, 1, 1, 1, 1, 1, 1, 1, 1, 1, 1, 1, 1, 1, 1, 1, 1, 1, 1, 1, 1, 1, 1, 1, 1, 1, 1, 1, 1, 1, 1, 1, 1, 1, 1, 1, 1, 1, 1, 1, 1, 1, 1, 1, 1, 1, 1, 1, 1, 1, 1, 1, 1, 1, 1, 1, 1, 1, 1, 1, 1, 1, 1, 1, 1, 1, 1, 1, 1, 1, 1, 1, 1, 1, 1, 1, 1, 1, 1, 1, 1, 1, 1, 1, 1, 1, 1, 1, 1, 1, 1, 1, 1, 1, 1, 1, 1, 1, 1, 1, 1, 1, 1, 1, 1, 1, 1, 1, 1, 1, 1, 1, 1, 1, 1, 1, 1, 1, 1, 1, 1, 1, 1, 1, 1, 1, 1, 1, 1, 1, 1, 1, 1, 1, 1, 1, 1, 1, 1, 1, 1, 1, 1, 1, 1, 1, 1, 1, 1, 1, 1, 1, 1, 1, 1, 1, 1, 1, 1, 1, 1, 1, 1, 1, 1, 1, 1, 1, 1, 1, 1, 1, 1, 1, 1, 1, 1, 1, 1, 1, 1, 1, 1, 1, 1, 1, 1, 1, 1, 1, 1, 1, 1, 1, 1, 1, 1, 1, 1, 1, 1, 1, 1, 1, 1, 1, 1, 1, 1, 1, 1, 1, 1, 1, 1, 1, 1, 1, 1, 1, 1, 1, 1, 1, 1, 1, 1, 1, 1, 1, 1, 1, 1, 1, 1, 1, 1, 1, 1, 1, 1, 1, 1, 1, 1, 1, 1, 1, 1, 1, 1, 1, 1, 1, 1, 1, 1, 1]",448,1,1,1.0,21,0.0,0.0,0.0,False,0,0,0,BF16,CUDA_EVENT,generic,generic,none
0.004399999976158142,0.004600000102072954,0.004528000019490719,0.004519999958574772,7.332126134506507e-05,5,0.014480000361800194,0.026680000126361847,0.017047999985516073,0.014759999699890614,0.004817262357924801,5,0.004480000119656324,0.014919999986886978,0.00661599999293685,0.004559999797493219,0.0041521926705260555,5,6.082935810089111,6.229657173156738,6.126160430908203,6.108336925506592,0.05275937821706034,5,0.004519999958574772,0.004600000102072954,0.0045519999228417875,0.004559999797493219,2.9933287895859092e-05,5,2880,64,8,1,8,9216,512,0,9216,False,TORCH_SDPA,False,even,"[1, 1, 1, 1, 1, 1, 1, 1, 1, 1, 1, 1, 1, 1, 1, 1, 1, 1, 1, 1, 1, 1, 1, 1, 1, 1, 1, 1, 1, 1, 1, 1, 1, 1, 1, 1, 1, 1, 1, 1, 1, 1, 1, 1, 1, 1, 1, 1, 1, 1, 1, 1, 1, 1, 1, 1, 1, 1, 1, 1, 1, 1, 1, 1, 1, 1, 1, 1, 1, 1, 1, 1, 1, 1, 1, 1, 1, 1, 1, 1, 1, 1, 1, 1, 1, 1, 1, 1, 1, 1, 1, 1, 1, 1, 1, 1, 1, 1, 1, 1, 1, 1, 1, 1, 1, 1, 1, 1, 1, 1, 1, 1, 1, 1, 1, 1, 1, 1, 1, 1, 1, 1, 1, 1, 1, 1, 1, 1, 1, 1, 1, 1, 1, 1, 1, 1, 1, 1, 1, 1, 1, 1, 1, 1, 1, 1, 1, 1, 1, 1, 1, 1, 1, 1, 1, 1, 1, 1, 1, 1, 1, 1, 1, 1, 1, 1, 1, 1, 1, 1, 1, 1, 1, 1, 1, 1, 1, 1, 1, 1, 1, 1, 1, 1, 1, 1, 1, 1, 1, 1, 1, 1, 1, 1, 1, 1, 1, 1, 1, 1, 1, 1, 1, 1, 1, 1, 1, 1, 1, 1, 1, 1, 1, 1, 1, 1, 1, 1, 1, 1, 1, 1, 1, 1, 1, 1, 1, 1, 1, 1, 1, 1, 1, 1, 1, 1, 1, 1, 1, 1, 1, 1, 1, 1, 1, 1, 1, 1, 1, 1, 1, 1, 1, 1, 1, 1, 1, 1, 1, 1, 1, 1, 1, 1, 1, 1, 1, 1, 1, 1, 1, 1, 1, 1, 1, 1, 1, 1, 1, 1, 1, 1, 1, 1, 1, 1, 1, 1, 1, 1, 1, 1, 1, 1, 1, 1, 1, 1, 1, 1, 1, 1, 1, 1, 1, 1, 1, 1, 1, 1, 1, 1, 1, 1, 1, 1, 1, 1, 1, 1, 1, 1, 1, 1, 1, 1, 1, 1, 1, 1, 1, 1, 1, 1, 1, 1, 1, 1, 1, 1, 1, 1, 1, 1, 1, 1, 1, 1, 1, 1, 1, 1, 1, 1, 1, 1, 1, 1, 1, 1, 1, 1, 1, 1, 1, 1, 1, 1, 1, 1, 1, 1, 1, 1, 1, 1, 1, 1, 1, 1, 1, 1, 1, 1, 1, 1, 1, 1, 1, 1, 1, 1, 1, 1, 1, 1, 1, 1, 1, 1, 1, 1, 1, 1, 1, 1, 1, 1, 1, 1, 1, 1, 1, 1, 1, 1, 1, 1, 1, 1, 1, 1, 1, 1, 1, 1, 1, 1, 1, 1, 1, 1, 1, 1, 1, 1, 1, 1, 1, 1, 1, 1, 1, 1, 1, 1, 1, 1, 1, 1, 1, 1, 1, 1, 1, 1, 1, 1, 1, 1, 1, 1, 1, 1, 1, 1, 1, 1, 1, 1, 1, 1, 1, 1, 1, 1, 1, 1, 1, 1, 1, 1, 1, 1, 1, 1, 1, 1, 1, 1, 1, 1, 1, 1, 1, 1, 1, 1, 1, 1, 1, 1, 1, 1, 1, 1, 1, 1, 1, 1, 1, 1]",512,1,1,1.0,22,0.0,0.0,0.0,False,0,0,0,BF16,CUDA_EVENT,generic,generic,none
0.004360000137239695,0.004519999958574772,0.004423999972641468,0.004399999976158142,5.425858614264964e-05,5,0.014159999787807465,0.032600000500679016,0.01806420013308525,0.014480000361800194,0.007269816592672358,5,0.004399999976158142,0.008799999952316284,0.005327999964356423,0.00443999981507659,0.001737566110235294,5,4.541051864624023,4.790172100067139,4.59810791015625,4.552571773529053,0.09617660415710974,5,0.004399999976158142,0.005919999908655882,0.00471199993044138,0.004399999976158142,0.0006041986303431884,5,2880,64,8,1,8,9216,384,0,9216,False,TORCH_SDPA,False,even,"[1, 1, 1, 1, 1, 1, 1, 1, 1, 1, 1, 1, 1, 1, 1, 1, 1, 1, 1, 1, 1, 1, 1, 1, 1, 1, 1, 1, 1, 1, 1, 1, 1, 1, 1, 1, 1, 1, 1, 1, 1, 1, 1, 1, 1, 1, 1, 1, 1, 1, 1, 1, 1, 1, 1, 1, 1, 1, 1, 1, 1, 1, 1, 1, 1, 1, 1, 1, 1, 1, 1, 1, 1, 1, 1, 1, 1, 1, 1, 1, 1, 1, 1, 1, 1, 1, 1, 1, 1, 1, 1, 1, 1, 1, 1, 1, 1, 1, 1, 1, 1, 1, 1, 1, 1, 1, 1, 1, 1, 1, 1, 1, 1, 1, 1, 1, 1, 1, 1, 1, 1, 1, 1, 1, 1, 1, 1, 1, 1, 1, 1, 1, 1, 1, 1, 1, 1, 1, 1, 1, 1, 1, 1, 1, 1, 1, 1, 1, 1, 1, 1, 1, 1, 1, 1, 1, 1, 1, 1, 1, 1, 1, 1, 1, 1, 1, 1, 1, 1, 1, 1, 1, 1, 1, 1, 1, 1, 1, 1, 1, 1, 1, 1, 1, 1, 1, 1, 1, 1, 1, 1, 1, 1, 1, 1, 1, 1, 1, 1, 1, 1, 1, 1, 1, 1, 1, 1, 1, 1, 1, 1, 1, 1, 1, 1, 1, 1, 1, 1, 1, 1, 1, 1, 1, 1, 1, 1, 1, 1, 1, 1, 1, 1, 1, 1, 1, 1, 1, 1, 1, 1, 1, 1, 1, 1, 1, 1, 1, 1, 1, 1, 1, 1, 1, 1, 1, 1, 1, 1, 1, 1, 1, 1, 1, 1, 1, 1, 1, 1, 1, 1, 1, 1, 1, 1, 1, 1, 1, 1, 1, 1, 1, 1, 1, 1, 1, 1, 1, 1, 1, 1, 1, 1, 1, 1, 1, 1, 1, 1, 1, 1, 1, 1, 1, 1, 1, 1, 1, 1, 1, 1, 1, 1, 1, 1, 1, 1, 1, 1, 1, 1, 1, 1, 1, 1, 1, 1, 1, 1, 1, 1, 1, 1, 1, 1, 1, 1, 1, 1, 1, 1, 1, 1, 1, 1, 1, 1, 1, 1, 1, 1, 1, 1, 1, 1, 1, 1, 1, 1, 1, 1, 1, 1, 1, 1, 1, 1, 1, 1, 1, 1, 1, 1, 1, 1, 1, 1, 1, 1, 1, 1, 1, 1, 1]",384,1,1,1.0,19,0.0,0.0,0.0,False,0,0,0,BF16,CUDA_EVENT,generic,generic,none
