time_stats.emb.min,time_stats.emb.max,time_stats.emb.mean,time_stats.emb.median,time_stats.emb.std,time_stats.emb.count,time_stats.input_layernorm.min,time_stats.input_layernorm.max,time_stats.input_layernorm.mean,time_stats.input_layernorm.median,time_stats.input_layernorm.std,time_stats.input_layernorm.count,time_stats.attn_pre_proj.min,time_stats.attn_pre_proj.max,time_stats.attn_pre_proj.mean,time_stats.attn_pre_proj.median,time_stats.attn_pre_proj.std,time_stats.attn_pre_proj.count,time_stats.attn_rope.min,time_stats.attn_rope.max,time_stats.attn_rope.mean,time_stats.attn_rope.median,time_stats.attn_rope.std,time_stats.attn_rope.count,time_stats.attn_post_proj.min,time_stats.attn_post_proj.max,time_stats.attn_post_proj.mean,time_stats.attn_post_proj.median,time_stats.attn_post_proj.std,time_stats.attn_post_proj.count,time_stats.post_attention_layernorm.min,time_stats.post_attention_layernorm.max,time_stats.post_attention_layernorm.mean,time_stats.post_attention_layernorm.median,time_stats.post_attention_layernorm.std,time_stats.post_attention_layernorm.count,time_stats.mlp_up_proj.min,time_stats.mlp_up_proj.max,time_stats.mlp_up_proj.mean,time_stats.mlp_up_proj.median,time_stats.mlp_up_proj.std,time_stats.mlp_up_proj.count,time_stats.mlp_act.min,time_stats.mlp_act.max,time_stats.mlp_act.mean,time_stats.mlp_act.median,time_stats.mlp_act.std,time_stats.mlp_act.count,time_stats.mlp_down_proj.min,time_stats.mlp_down_proj.max,time_stats.mlp_down_proj.mean,time_stats.mlp_down_proj.median,time_stats.mlp_down_proj.std,time_stats.mlp_down_proj.count,n_head,n_kv_head,n_embd,n_expanded_embd,vocab_size,use_gated_mlp,use_qk_norm,attn_output_gate,num_tokens,num_tensor_parallel_workers,padded_n_embd,padded_n_expanded_embd,model_arch,model_architecture_profile,share_expert_dim,share_q_dim,measurement_type,profiling_precision,quant_signature
0.012520000338554382,0.02311999909579754,0.01465802495367825,0.015039999969303608,0.002352152769816106,40.0,0.017400000244379044,0.026680000126361847,0.019060099963098764,0.01774049922823906,0.002400003499347801,20.0,0.2869209945201874,0.38124099373817444,0.2949128970503807,0.2905209958553314,0.019905773440866577,20,0.10999999940395355,0.11655999720096588,0.11217224895954132,0.11170050129294395,0.0015786204908445156,20,0.10239999741315842,0.10756000131368637,0.10416044965386391,0.10364000126719475,0.0013620152296308257,20,0.026040000841021538,0.03288000077009201,0.026934049930423497,0.026480000466108322,0.0014945645124906036,20.0,0.5744419693946838,0.6159619688987732,0.5894238471984863,0.5857419967651367,0.012526140726049089,20,0.04836000129580498,0.05864100158214569,0.05039215013384819,0.04982000030577183,0.0021761861143947936,20,0.20864099264144897,0.21956099569797516,0.21375269889831544,0.2142000049352646,0.0029751572229009668,20,32,32,4096,11008,32768,True,False,False,4064,1,4096,11008,generic,generic,,,CUDA_EVENT,FP16,none
0.012439999729394913,0.022200999781489372,0.014574100030586123,0.014800000004470348,0.002130891171322973,40.0,0.016680000349879265,0.0221599992364645,0.017438049986958505,0.016979999840259552,0.001368911995572543,20.0,0.3017210066318512,0.37268099188804626,0.3070150002837181,0.3031810075044632,0.015218893485761676,20,0.10719999670982361,0.11180000007152557,0.10895435065031052,0.10900050029158592,0.0010435885816495961,20,0.10751999914646149,0.11524000018835068,0.10916440039873124,0.10856050252914429,0.0019091647163543047,20,0.024399999529123306,0.028880000114440918,0.025316100008785723,0.024940500035881996,0.001064026755485245,20.0,0.4991219937801361,0.507722020149231,0.5033576413989067,0.5029419958591461,0.0021817958907001432,20,0.04548000171780586,0.049800001084804535,0.04700615033507347,0.047080500051379204,0.0010010369226482233,20,0.249439999461174,0.260001003742218,0.2554827995598316,0.2556610107421875,0.0024363639353172893,20,32,32,4096,11008,32768,True,False,False,3808,1,4096,11008,generic,generic,,,CUDA_EVENT,FP16,none
0.011799999512732029,0.02988000027835369,0.014557050005532802,0.013940500095486641,0.0038964213497965747,40.0,0.015720000490546227,0.021719999611377716,0.016296050045639277,0.016039999201893806,0.001260172295880936,20.0,0.25940099358558655,0.32468101382255554,0.2649828001856804,0.2619604915380478,0.013743954804605118,20,0.10307999700307846,0.10760100185871124,0.10527234934270382,0.10541999712586403,0.0008935899280403802,20,0.09156099706888199,0.09487999975681305,0.09230629988014698,0.09192000329494476,0.0009213753212913713,20,0.022840000689029694,0.02672100067138672,0.02365805013105273,0.023379999212920666,0.0008578475598722999,20.0,0.46216100454330444,0.47408199310302734,0.4672075003385544,0.4667609930038452,0.0029651894972763703,20,0.042479999363422394,0.05000000074505806,0.044244099967181684,0.04402050003409386,0.0015108858146941468,20,0.19935999810695648,0.21260100603103638,0.20662460029125213,0.20678050071001053,0.003255767460700796,20,32,32,4096,11008,32768,True,False,False,3552,1,4096,11008,generic,generic,,,CUDA_EVENT,FP16,none
0.010999999940395355,0.0272000003606081,0.012958024931140243,0.013319999910891056,0.0026728281356095257,40.0,0.014801000244915485,0.021320000290870667,0.015490050055086612,0.015200000256299973,0.0013524167830986822,20.0,0.2781200110912323,0.3574810028076172,0.2838588997721672,0.27938099205493927,0.01698200720464185,20,0.08427999913692474,0.08744099736213684,0.0858063492923975,0.08574000000953674,0.0009864017123102941,20,0.09924100339412689,0.10583999752998352,0.10087635032832623,0.10054000094532967,0.0014623165855256182,20,0.02136100083589554,0.026240000501275063,0.02215020004659891,0.021860000677406788,0.0011225651591601417,20.0,0.4784010052680969,0.49532198905944824,0.48623745143413544,0.48590150475502014,0.0043890933169104685,20,0.038839999586343765,0.043241001665592194,0.040562249906361106,0.04035999998450279,0.0009374664437452728,20,0.22912099957466125,0.2444009929895401,0.23597474917769432,0.23478099703788757,0.004500995827696297,20,32,32,4096,11008,32768,True,False,False,3296,1,4096,11008,generic,generic,,,CUDA_EVENT,FP16,none
0.010320000350475311,0.030079999938607216,0.012717050011269748,0.012640000320971012,0.0030889255967577705,40.0,0.014120000414550304,0.02191999927163124,0.014922049967572093,0.014480000361800194,0.0017082947820710236,20.0,0.22888100147247314,0.2956010103225708,0.23349275067448616,0.23006050288677216,0.014291708096630348,20,0.09336099773645401,0.09935999661684036,0.09539224915206432,0.09521999955177307,0.001271271680722791,20,0.0803999975323677,0.08404000103473663,0.08117419928312301,0.08084050193428993,0.0009463312812027869,20,0.020560000091791153,0.021560000255703926,0.020996099803596735,0.020899999886751175,0.0002855396235841226,20.0,0.4658010005950928,0.47592198848724365,0.4706315532326698,0.4701415002346039,0.002607266654946838,20,0.039159998297691345,0.04651999846100807,0.040506099537014964,0.03996000066399574,0.0019686827178454253,20,0.18244099617004395,0.19624100625514984,0.18799859955906867,0.1873209998011589,0.003070269288647067,20,32,32,4096,11008,32768,True,False,False,3040,1,4096,11008,generic,generic,,,CUDA_EVENT,FP16,none
0.009080000221729279,0.02727999910712242,0.01147802493069321,0.011700000148266554,0.0029696170869762195,40.0,0.013199999928474426,0.02027999982237816,0.014154049940407277,0.013580000028014183,0.0016131312676493604,20.0,0.24048100411891937,0.31144100427627563,0.24567875191569327,0.2420010045170784,0.01514177076473924,20,0.07807999849319458,0.08268000185489655,0.07939034998416901,0.07906049862504005,0.001087430073943389,20,0.08664099872112274,0.09008000046014786,0.0876802995800972,0.08741999790072441,0.0008725970503885004,20,0.01875999942421913,0.022520000115036964,0.019460050109773874,0.01916000060737133,0.0009361335971929913,20.0,0.42148101329803467,0.43396100401878357,0.42527134865522387,0.4247809946537018,0.0030875752289764914,20,0.034279998391866684,0.03739999979734421,0.03563609961420298,0.035520000383257866,0.001010410540326351,20,0.2032810002565384,0.21731999516487122,0.20753870010375977,0.20598100125789642,0.0037867069838498266,20,32,32,4096,11008,32768,True,False,False,2784,1,4096,11008,generic,generic,,,CUDA_EVENT,FP16,none
0.008320000022649765,0.027639999985694885,0.010831999871879817,0.011399999726563692,0.0033010689287168832,40.0,0.012640999630093575,0.018959999084472656,0.013150049885734916,0.012839999981224537,0.0013401822915765525,20.0,0.18844099342823029,0.273840993642807,0.1940365493297577,0.18968000262975693,0.018340066261575694,20,0.0865200012922287,0.09368100017309189,0.08964624963700771,0.08970000222325325,0.00139444484782735,20,0.07580000162124634,0.08040100336074829,0.07677235044538974,0.07664000242948532,0.0009428849789833006,20,0.017559999600052834,0.02175999991595745,0.018197999987751245,0.018039999529719353,0.0008411872425915696,20.0,0.37080198526382446,0.37828099727630615,0.3730152979493141,0.3719014972448349,0.002172436202741021,20,0.034040000289678574,0.036720000207424164,0.03492609988898039,0.03483999893069267,0.0006343146868022288,20,0.1703210026025772,0.1826000064611435,0.17723855003714561,0.1771405041217804,0.003060687524736976,20,32,32,4096,11008,32768,True,False,False,2528,1,4096,11008,generic,generic,,,CUDA_EVENT,FP16,none
0.007439999841153622,0.02515999972820282,0.010112999938428402,0.01093999994918704,0.0032223827214621303,40.0,0.011719999834895134,0.018519999459385872,0.012398000014945865,0.012000000104308128,0.001436466370937235,20.0,0.1929199993610382,0.2707209885120392,0.19855469986796379,0.19470100104808807,0.016606719119792907,20,0.0726810023188591,0.07955999672412872,0.07551634944975376,0.07498049736022949,0.0016580449346838143,20,0.07620000094175339,0.0782800018787384,0.0770482998341322,0.07698050141334534,0.0005338039874943669,20,0.01640000008046627,0.020160000771284103,0.017291999794542788,0.01718000043183565,0.0007049654514469868,20.0,0.3627220094203949,0.3728010058403015,0.367459200322628,0.36720098555088043,0.0023831587076700226,20,0.029400000348687172,0.03319999948143959,0.03047615010291338,0.030260000377893448,0.0008719319236039356,20,0.17983999848365784,0.19832000136375427,0.1901126481592655,0.19035999476909637,0.004195516081411005,20,32,32,4096,11008,32768,True,False,False,2272,1,4096,11008,generic,generic,,,CUDA_EVENT,FP16,none
0.0069599999114871025,0.026200000196695328,0.009312025038525462,0.009999999776482582,0.003246941702107862,40.0,0.01080000028014183,0.01955999992787838,0.011558049870654941,0.01104000024497509,0.0018931878559604518,20.0,0.16008000075817108,0.23552000522613525,0.16457854881882666,0.16078099608421326,0.01629328458480023,20,0.0806799978017807,0.08640000224113464,0.08247429952025413,0.08235999941825867,0.0012319647946996263,20,0.09988000243902206,0.11104100197553635,0.1060723003000021,0.10697999969124794,0.0038465583217725664,20,0.015639999881386757,0.01727999933063984,0.016110100038349628,0.01608049962669611,0.00032664056321993505,20.0,0.32092100381851196,0.33156099915504456,0.3250190481543541,0.32436101138591766,0.002746898934383527,20,0.02775999903678894,0.030239999294281006,0.02859214982017875,0.028460499830543995,0.0006374971497478288,20,0.15636000037193298,0.16731999814510345,0.1616145007312298,0.16228099912405014,0.0031544911644754044,20,32,32,4096,11008,32768,True,False,False,2032,1,4096,11008,generic,generic,,,CUDA_EVENT,FP16,none
0.012719999998807907,0.04520000144839287,0.015345999971032143,0.015039999969303608,0.005257654007137831,40.0,0.017079999670386314,0.026599999517202377,0.017999999783933164,0.01744000054895878,0.0020061504783896885,20.0,0.2894810140132904,0.41384100914001465,0.29942495226860044,0.2921009957790375,0.026578848222136225,20,0.10892000049352646,0.12440100312232971,0.11347434967756272,0.1122404970228672,0.0035527908550904304,20,0.10136000066995621,0.11507999897003174,0.1033403992652893,0.10238050296902657,0.003110443086174183,20,0.02563999965786934,0.027320999652147293,0.026272150035947562,0.026200000196695328,0.00047667015797614546,20.0,0.5757619738578796,0.675521969795227,0.5990678936243057,0.5877014994621277,0.028097778238670594,20,0.047439999878406525,0.058959998190402985,0.05092614963650703,0.05013999901711941,0.0027368792479223803,20,0.2083600014448166,0.23676100373268127,0.2177506998181343,0.21670100092887878,0.007033210749948647,20,32,32,4096,11008,32768,True,False,False,4032,1,4096,11008,generic,generic,,,CUDA_EVENT,FP16,none
0.00699999975040555,0.025760000571608543,0.009074050060007721,0.009500499814748764,0.0031447638134163413,40.0,0.009999999776482582,0.01640000008046627,0.010542100016027688,0.010220499709248543,0.0013529226656916564,20.0,0.18131999671459198,0.2600409984588623,0.18697414845228194,0.18253999948501587,0.01685366507314397,20,0.07760100066661835,0.08388099819421768,0.07992454916238785,0.07930000126361847,0.0015765886522561168,20,0.08160000294446945,0.08928000181913376,0.08620024956762791,0.08618050068616867,0.0023238254112211373,20,0.015159999951720238,0.01775999926030636,0.015749999927356838,0.015660000033676624,0.0005488713840510112,20.0,0.291361004114151,0.29816100001335144,0.29413500130176545,0.2938610017299652,0.0018410978776816631,20,0.025839999318122864,0.030519999563694,0.0269340000115335,0.02665999997407198,0.001181542832550916,20,0.14696000516414642,0.15799999237060547,0.15258644968271257,0.15262100100517273,0.0025984422121220936,20,32,32,4096,11008,32768,True,False,False,1904,1,4096,11008,generic,generic,,,CUDA_EVENT,FP16,none
0.012280000373721123,0.02459999918937683,0.014475049916654825,0.014700000174343586,0.002768689724788274,40.0,0.016759999096393585,0.02531999908387661,0.017612099833786487,0.01703999936580658,0.0019277502484309024,20.0,0.29808101058006287,0.38788101077079773,0.30506500154733657,0.300681009888649,0.01911421634382545,20,0.10672000050544739,0.11287999898195267,0.10842829942703247,0.10804000124335289,0.0014895216606194118,20,0.10696099698543549,0.10995999723672867,0.10782834962010383,0.1076200008392334,0.0008191636593203578,20,0.02452000044286251,0.02563999965786934,0.024941999930888414,0.024859999306499958,0.0003601052096430026,20.0,0.4949609935283661,0.5018010139465332,0.4980396509170532,0.49834200739860535,0.0021291550371179985,20,0.0456399992108345,0.05159999802708626,0.04690629914402962,0.046660998836159706,0.0012321688712106133,20,0.2509610056877136,0.26336100697517395,0.2558286517858505,0.2557004988193512,0.002580779583928135,20,32,32,4096,11008,32768,True,False,False,3776,1,4096,11008,generic,generic,,,CUDA_EVENT,FP16,none
0.007040000054985285,0.029920000582933426,0.009191049996297806,0.009200000204145908,0.0037617111385330705,40.0,0.009639999829232693,0.016839999705553055,0.010524000087752939,0.009860000107437372,0.0017429583359990205,20.0,0.1525609940290451,0.23236100375652313,0.1580185003578663,0.15386050194501877,0.017134682121446775,20,0.0676800012588501,0.07452099770307541,0.07059820033609868,0.07022050023078918,0.0014363670478530492,20,0.08879999816417694,0.09864100068807602,0.09381024986505508,0.09296000003814697,0.003005921397947732,20,0.012319999746978283,0.015159999951720238,0.013306050002574921,0.013259999919682741,0.000810990471505567,20.0,0.28676098585128784,0.29284098744392395,0.2889428988099098,0.2883410006761551,0.001795978502768168,20,0.02443999983370304,0.026599999517202377,0.025270049832761286,0.02515999972820282,0.0005436920755713679,20,0.144119992852211,0.16048100590705872,0.1510685481131077,0.15014100074768066,0.00373878634453747,20,32,32,4096,11008,32768,True,False,False,1776,1,4096,11008,generic,generic,,,CUDA_EVENT,FP16,none
0.012959999963641167,0.025760000571608543,0.014808049984276294,0.014980499632656574,0.002041947995582431,40.0,0.01696000061929226,0.01860000006854534,0.01760014984756708,0.017500000074505806,0.0004892484144711971,20.0,0.28784099221229553,0.34296101331710815,0.2943228468298912,0.2908004969358444,0.011494706205924573,20,0.1069599986076355,0.11784099787473679,0.11099249981343746,0.10982050001621246,0.0031535845727178008,20,0.10036099702119827,0.10552100092172623,0.102352249994874,0.10198000073432922,0.001364770627718775,20,0.02524000033736229,0.03123999945819378,0.0259680001065135,0.02561999950557947,0.001261402260325655,20.0,0.6124420166015625,0.6600019931793213,0.6256479978561401,0.6205019950866699,0.014008529826091659,20,0.04975999891757965,0.058240000158548355,0.05214434992522001,0.051121000200510025,0.002246236914301496,20,0.20944100618362427,0.2366809993982315,0.2176325500011444,0.2136010006070137,0.007473058334476773,20,32,32,4096,11008,32768,True,False,False,4096,1,4096,11008,generic,generic,,,CUDA_EVENT,FP16,none
0.00699999975040555,0.023760000243782997,0.009153000020887703,0.009039999917149544,0.0029770843475212133,40.0,0.009359999559819698,0.014800000004470348,0.01029804996214807,0.009560000151395798,0.001613642578633059,20.0,0.1767210066318512,0.2582800090312958,0.18346654996275902,0.17881999909877777,0.017310902255157544,20,0.07440000027418137,0.07924100011587143,0.07599430084228516,0.07546000182628632,0.0013487009314412323,20,0.07407999783754349,0.08092000335454941,0.07713019959628582,0.07730050012469292,0.0016719634635437924,20,0.01119999960064888,0.016759999096393585,0.01209804993122816,0.011859999969601631,0.0011531061859877273,20.0,0.27376100420951843,0.2836410105228424,0.2762488484382629,0.2755405008792877,0.002315474351208401,20,0.023760000243782997,0.025200000032782555,0.024382000043988227,0.02431999985128641,0.00042018561145418677,20,0.13432100415229797,0.15236100554466248,0.1394084006547928,0.13936050236225128,0.0036052802874047794,20,32,32,4096,11008,32768,True,False,False,1648,1,4096,11008,generic,generic,,,CUDA_EVENT,FP16,none
0.011359999887645245,0.03020000085234642,0.013868049904704093,0.013919999822974205,0.0033632921745317336,40.0,0.01583999954164028,0.023159999400377274,0.0166720500215888,0.01616000011563301,0.0017208976394781394,20.0,0.2581610083580017,0.34644100069999695,0.2642468512058258,0.25992099940776825,0.018892029609615026,20,0.1008009985089302,0.10555999726057053,0.10329034924507141,0.10324050113558769,0.0014221374552290569,20,0.09108100086450577,0.09400100260972977,0.09178224951028824,0.09164000302553177,0.0006125468568188979,20,0.023479999974370003,0.025599999353289604,0.024084049742668867,0.02398000005632639,0.0005563734502919978,20.0,0.501721978187561,0.5079609751701355,0.5048356473445892,0.504661500453949,0.001663864529978162,20,0.0427200011909008,0.046959999948740005,0.04406814966350794,0.044080499559640884,0.0009171474860012294,20,0.2011609971523285,0.20907999575138092,0.20524264872074127,0.2053004950284958,0.0022579202375521603,20,32,32,4096,11008,32768,True,False,False,3520,1,4096,11008,generic,generic,,,CUDA_EVENT,FP16,none
0.006920000072568655,0.02816000021994114,0.008998024987522512,0.00873999996110797,0.003737549789963853,40.0,0.009159999899566174,0.015560000203549862,0.009856049856171011,0.009519999846816063,0.0013320085054217966,20.0,0.13496099412441254,0.21488100290298462,0.14054649844765663,0.13617999851703644,0.017131434131543954,20,0.0676800012588501,0.07176099717617035,0.06915014944970607,0.06879999861121178,0.0012572829002545501,20,0.05923999845981598,0.06436000019311905,0.060780299827456474,0.060280000790953636,0.0013844273555430706,20,0.01092000026255846,0.01703999936580658,0.011508050002157688,0.011219999752938747,0.0012837370728094862,20.0,0.2476000040769577,0.2552410066127777,0.2503027506172657,0.249720998108387,0.0021387933675742743,20,0.022199999541044235,0.02491999976336956,0.023076050076633693,0.02292000036686659,0.0006511101401809024,20,0.13112099468708038,0.14059999585151672,0.1346263989806175,0.1342804953455925,0.0024743300763814522,20,32,32,4096,11008,32768,True,False,False,1520,1,4096,11008,generic,generic,,,CUDA_EVENT,FP16,none
0.012559999711811543,0.025439999997615814,0.014591049915179611,0.014639999717473984,0.0022095442826377534,40.0,0.01664000004529953,0.020840000361204147,0.017108049988746644,0.016940000467002392,0.0008725923702256883,20.0,0.29840099811553955,0.33500099182128906,0.3020349979400635,0.2998010069131851,0.0077462671516217154,20,0.10300000011920929,0.11200100183486938,0.10647024996578694,0.10624000057578087,0.0018366766533587438,20,0.10491999983787537,0.1080000028014183,0.1057863000780344,0.10570050030946732,0.0007331505823996979,20,0.023840000852942467,0.029440000653266907,0.024922000151127575,0.02434000000357628,0.0014690118969525679,20.0,0.5551220178604126,0.5647220015525818,0.5601498007774353,0.5602020025253296,0.002574910768157692,20,0.04447999969124794,0.049600999802351,0.04582014996558428,0.04576000012457371,0.0011019649282489588,20,0.24132099747657776,0.2536799907684326,0.24791674986481665,0.24794049561023712,0.0032293798287280286,20,32,32,4096,11008,32768,True,False,False,3840,1,4096,11008,generic,generic,,,CUDA_EVENT,FP16,none
0.012559999711811543,0.026799999177455902,0.014565050043165684,0.014540000353008509,0.002257270960719046,40.0,0.016720000654459,0.024639999493956566,0.01769800018519163,0.017299999482929707,0.0016447478253368733,20.0,0.2763209939002991,0.352961003780365,0.28639699816703795,0.2803809940814972,0.01695486340230977,20,0.10644099861383438,0.11695999652147293,0.11001629903912544,0.10898000001907349,0.002802089719454035,20,0.09895999729633331,0.10836099833250046,0.10137640088796615,0.10054099932312965,0.0022621498403394254,20,0.02515999972820282,0.029519999399781227,0.02594004962593317,0.02570000011473894,0.0008848219513330488,20.0,0.5675619840621948,0.6554419994354248,0.5931638985872268,0.5802019834518433,0.026802141782152976,20,0.047199998050928116,0.05407999828457832,0.04967614971101284,0.048800500109791756,0.0020501895677952006,20,0.2059600055217743,0.22808100283145905,0.21555874943733216,0.21386100351810455,0.0061462166453088215,20,32,32,4096,11008,32768,True,False,False,3936,1,4096,11008,generic,generic,,,CUDA_EVENT,FP16,none
0.011119999922811985,0.03075999952852726,0.013419024948962032,0.01348000019788742,0.0033766092468210137,40.0,0.014680000022053719,0.021880000829696655,0.015350049966946245,0.014999999664723873,0.001515926654251189,20.0,0.27560099959373474,0.3463610112667084,0.2809068992733955,0.277320995926857,0.015068251207230663,20,0.08299999684095383,0.08792000263929367,0.08538224920630455,0.08498049899935722,0.0011992544582514733,20,0.09876000136137009,0.1027199998497963,0.09968829974532127,0.09944050014019012,0.0007926836242308651,20,0.021560000255703926,0.026480000466108322,0.02222215011715889,0.02198049984872341,0.0010117814760899116,20.0,0.4782010018825531,0.49028199911117554,0.4841254487633705,0.48388150334358215,0.003251133303467156,20,0.0384799987077713,0.04236000031232834,0.04024820029735565,0.040200000628829,0.0010671910711511528,20,0.22868099808692932,0.24300099909305573,0.23484069854021072,0.23414000123739243,0.003331354250549677,20,32,32,4096,11008,32768,True,False,False,3264,1,4096,11008,generic,generic,,,CUDA_EVENT,FP16,none
0.00687999976798892,0.02428000047802925,0.008688049938064069,0.008200000040233135,0.0030492887254645953,40.0,0.008559999987483025,0.015960000455379486,0.00944004999473691,0.008840000256896019,0.0017363710414113206,20.0,0.1326799988746643,0.20900100469589233,0.1374424494802952,0.13329999893903732,0.01644360396026963,20,0.06487999856472015,0.0700799971818924,0.06735619902610779,0.0671599991619587,0.0011172328711206972,20,0.05835999920964241,0.06136000156402588,0.059446099773049356,0.05934000015258789,0.0008266601803322294,20,0.010879999957978725,0.012719999998807907,0.011170049943029881,0.011099999770522118,0.0003775434311296999,20.0,0.2393610030412674,0.24884100258350372,0.242416799813509,0.24180050194263458,0.002557197387364515,20,0.020719999447464943,0.022280000150203705,0.02140804985538125,0.021340000443160534,0.0004072780886914266,20,0.11912000179290771,0.1297609955072403,0.12365234829485416,0.12358099967241287,0.003054285808470238,20,32,32,4096,11008,32768,True,False,False,1392,1,4096,11008,generic,generic,,,CUDA_EVENT,FP16,none
0.012319999746978283,0.026520000770688057,0.01462507494725287,0.014620000030845404,0.002781912956903643,40.0,0.016759999096393585,0.025280000641942024,0.017980049736797808,0.01727999933063984,0.0019530620223622605,20.0,0.2822810113430023,0.39480099081993103,0.29238090068101885,0.2855605036020279,0.02400784674768693,20,0.10651999711990356,0.11727999895811081,0.10948624908924103,0.10863999649882317,0.0027382888923108066,20,0.09972000122070312,0.10756000131368637,0.10173440016806126,0.10124050080776215,0.002181795019412003,20,0.024960000067949295,0.030400000512599945,0.025726049952208997,0.025439999997615814,0.0011394050027227366,20.0,0.5656819939613342,0.6577619910240173,0.590155902504921,0.5770820081233978,0.027025025585794362,20,0.04628000035881996,0.052319999784231186,0.04775210004299879,0.04753999970853329,0.0016915831871433203,20,0.2024810016155243,0.22816099226474762,0.20924469754099845,0.20588050037622452,0.00762024765453814,20,32,32,4096,11008,32768,True,False,False,3872,1,4096,11008,generic,generic,,,CUDA_EVENT,FP16,none
0.006839999929070473,0.022280000150203705,0.00812499999301508,0.007840000092983246,0.002659656991547185,40.0,0.00824000034481287,0.018880000337958336,0.008934050053358077,0.00839999970048666,0.002284275583473305,20.0,0.09960000216960907,0.17104099690914154,0.10440034978091717,0.10086049884557724,0.015320890125119184,20,0.07224100083112717,0.0769210010766983,0.07405420020222664,0.07392049953341484,0.0012058279552900769,20,0.05127999931573868,0.05503999814391136,0.05227614976465702,0.05185999907553196,0.0010404137287031733,20,0.010119999758899212,0.01080000028014183,0.010342050064355134,0.010320000350475311,0.00015251840906405927,20.0,0.1979610025882721,0.2069610059261322,0.20049864947795867,0.20030000060796738,0.00195234596014822,20,0.01923999935388565,0.020880000665783882,0.019942049868404865,0.019920000806450844,0.0003542455495042949,20,0.11671999841928482,0.12952099740505219,0.12268240042030812,0.12230050191283226,0.0034304463040594952,20,32,32,4096,11008,32768,True,False,False,1264,1,4096,11008,generic,generic,,,CUDA_EVENT,FP16,none
0.01152000017464161,0.02380100078880787,0.013301049964502454,0.013879999984055758,0.002091643240210325,40.0,0.015519999898970127,0.019360000267624855,0.01612204988487065,0.015819999389350414,0.0008441136329649091,20.0,0.26176100969314575,0.2971610128879547,0.26515084952116014,0.26350098848342896,0.00741016334482612,20,0.10140100121498108,0.1077599972486496,0.10363834910094738,0.10343999788165092,0.0013931342591656166,20,0.09112100303173065,0.09412100166082382,0.09173229970037937,0.091559998691082,0.0006925210288364559,20,0.0225600004196167,0.025200000032782555,0.02318009976297617,0.02302000019699335,0.0006190316265915584,20.0,0.4694809913635254,0.47828200459480286,0.4738114506006241,0.4736814945936203,0.0020832374381727736,20,0.04244000092148781,0.047520000487565994,0.043968149833381175,0.04390049912035465,0.0011160832976425696,20,0.2016409933567047,0.2106810063123703,0.205358599871397,0.20464099943637848,0.002414483593123429,20,32,32,4096,11008,32768,True,False,False,3584,1,4096,11008,generic,generic,,,CUDA_EVENT,FP16,none
0.010320000350475311,0.029440000653266907,0.012401024950668216,0.012660000007599592,0.00302935631633454,40.0,0.014120000414550304,0.02199999988079071,0.014961999980732799,0.014519999735057354,0.0017325344500964813,20.0,0.22620099782943726,0.299001008272171,0.23164079934358597,0.22814049571752548,0.015485112718804395,20,0.09228000044822693,0.09907999634742737,0.09457224905490876,0.09416049718856812,0.0013210468578641606,20,0.08023999631404877,0.08235999941825867,0.08074229955673218,0.08064000308513641,0.00047458071472474683,20,0.02043999917805195,0.0233599990606308,0.021102049760520457,0.020939999260008335,0.0006011103959067986,20.0,0.46528100967407227,0.4742409884929657,0.4697194993495941,0.46994149684906006,0.0020811300537722783,20,0.037641000002622604,0.04131999984383583,0.03972410000860691,0.039640000090003014,0.0007477052494567868,20,0.18108099699020386,0.19020099937915802,0.18545469939708709,0.18546099960803986,0.0019170419358057803,20,32,32,4096,11008,32768,True,False,False,3008,1,4096,11008,generic,generic,,,CUDA_EVENT,FP16,none
0.011880000121891499,0.023919999599456787,0.013649049936793745,0.013839999679476023,0.0019850787936544407,40.0,0.01624000072479248,0.01711999997496605,0.016690049786120653,0.016720499843358994,0.00025733837931445904,20.0,0.29016101360321045,0.33504098653793335,0.29471694827079775,0.2924409955739975,0.009483512444724283,20,0.10475999861955643,0.1106410026550293,0.1073223002254963,0.10722000151872635,0.0013958442317602135,20,0.10395999997854233,0.10847999900579453,0.10540834963321685,0.10524050146341324,0.0012062179413933971,20,0.023761000484228134,0.02964000031352043,0.024748100247234107,0.02428050059825182,0.001331416696722688,20.0,0.4893209934234619,0.4956820011138916,0.4924835503101349,0.4928620010614395,0.002008197882655155,20,0.044360000640153885,0.05052100121974945,0.04562020022422075,0.04543999955058098,0.0014351462895366089,20,0.24396100640296936,0.2565610110759735,0.2509207516908646,0.25116099417209625,0.0036898382106440824,20,32,32,4096,11008,32768,True,False,False,3680,1,4096,11008,generic,generic,,,CUDA_EVENT,FP16,none
0.006719999946653843,0.023159999400377274,0.008089999936055392,0.0075599998235702515,0.0028828561349284964,40.0,0.00788000039756298,0.019519999623298645,0.008832000149413943,0.00800000037997961,0.002614317371284815,20.0,0.10264000296592712,0.1915999948978424,0.10868034958839416,0.10400049760937691,0.01906878264477478,20,0.06940100342035294,0.07295999675989151,0.07134619988501072,0.07120000198483467,0.0009511512672990633,20,0.05076000094413757,0.05400000140070915,0.05139004997909069,0.05113999918103218,0.0008025566890493867,20,0.009960000403225422,0.014039999805390835,0.010552100045606494,0.010119999758899212,0.001182790527116426,20.0,0.1932400017976761,0.20904099941253662,0.19711869955062866,0.19596049934625626,0.0037447768295114144,20,0.018239999189972878,0.018880000337958336,0.018518049828708173,0.018499999307096004,0.00017871843470976484,20,0.1183599978685379,0.12688100337982178,0.12005229853093624,0.11930049955844879,0.0020715983719561347,20,32,32,4096,11008,32768,True,False,False,1136,1,4096,11008,generic,generic,,,CUDA_EVENT,FP16,none
0.011719999834895134,0.02703999914228916,0.01380302500911057,0.014120000414550304,0.0026156987925457058,40.0,0.015720000490546227,0.01648000068962574,0.016008049994707108,0.015960000455379486,0.0001982505671146443,20.0,0.29148098826408386,0.3652009963989258,0.2967869475483894,0.29284049570560455,0.015813233536760094,20,0.10328099876642227,0.10927999764680862,0.10610629953444004,0.10576099902391434,0.0016436572437876285,20,0.10204099863767624,0.1082800030708313,0.10410424992442131,0.10406000167131424,0.0013718078102657023,20,0.023281000554561615,0.027960000559687614,0.02423015022650361,0.0238200007006526,0.001090507896347058,20.0,0.48628100752830505,0.49372199177742004,0.48879750072956085,0.48798149824142456,0.002142746010924299,20,0.04360000044107437,0.04800000041723251,0.04463415015488863,0.04466000013053417,0.0009101285551967381,20,0.24236099421977997,0.2508000135421753,0.24553479850292206,0.24550049751996994,0.0020768158127950015,20,32,32,4096,11008,32768,True,False,False,3616,1,4096,11008,generic,generic,,,CUDA_EVENT,FP16,none
0.006680000107735395,0.026440000161528587,0.008066024933941662,0.00687999976798892,0.004133925688815079,40.0,0.0074800001457333565,0.01607999950647354,0.008271999936550856,0.007679999805986881,0.0018856764255024544,20.0,0.08476000279188156,0.14851999282836914,0.08952220007777215,0.08618000149726868,0.013577957071595556,20,0.06744100153446198,0.07239999622106552,0.06914835013449191,0.06876000016927719,0.0011701246211003923,20,0.05000000074505806,0.05316000059247017,0.050946099869906905,0.050740499049425125,0.0007451112258645379,20,0.009440000168979168,0.011760000139474869,0.009818000113591551,0.009720000438392162,0.0004617315354030961,20.0,0.1719209998846054,0.17795999348163605,0.17372854873538018,0.1735604926943779,0.0013676468034978452,20,0.01616000011563301,0.018279999494552612,0.016668049991130827,0.01648000068962574,0.0005280616050406143,20,0.12080000340938568,0.12600000202655792,0.12217845097184181,0.1220410019159317,0.001101807856451622,20,32,32,4096,11008,32768,True,False,False,1016,1,4096,11008,generic,generic,,,CUDA_EVENT,FP16,none
0.009159999899566174,0.029440000653266907,0.011345025012269616,0.011799999978393316,0.0032760602188443605,40.0,0.013319999910891056,0.020719999447464943,0.014086049795150758,0.013599999714642763,0.0016237534181570811,20.0,0.2393999993801117,0.3125210106372833,0.24500874876976014,0.24084099382162094,0.015591651040850106,20,0.07887999713420868,0.08212000131607056,0.0799562506377697,0.07980050146579742,0.0008919972220160817,20,0.08619999885559082,0.09176100045442581,0.08741824962198734,0.08713999763131142,0.001184554168531812,20,0.01947999931871891,0.022760000079870224,0.019995999988168478,0.019759999588131905,0.0006978711228711569,20.0,0.4100410044193268,0.42292100191116333,0.4157392978668213,0.41520099341869354,0.003485446443852625,20,0.03432000055909157,0.03759999945759773,0.035500199906527995,0.03514000028371811,0.0009905901090687304,20,0.20260100066661835,0.21172000467777252,0.20655260011553764,0.2063004970550537,0.002741543852278045,20,32,32,4096,11008,32768,True,False,False,2752,1,4096,11008,generic,generic,,,CUDA_EVENT,FP16,none
0.01104000024497509,0.024080000817775726,0.013079024897888303,0.013199999928474426,0.0022329311464164138,40.0,0.014800000004470348,0.01775999926030636,0.015246099978685378,0.015080000273883343,0.0006469487712908278,20.0,0.2754009962081909,0.32416099309921265,0.28005884736776354,0.2771809995174408,0.010244856132024895,20,0.08291999995708466,0.08727999776601791,0.08480219952762127,0.08476049825549126,0.0009690665045535757,20,0.09771999716758728,0.10468000173568726,0.09934024997055531,0.09900050237774849,0.0015635212757270233,20,0.021719999611377716,0.022880999371409416,0.022100200038403274,0.022040000185370445,0.00031417851570534136,20.0,0.47380200028419495,0.48600098490715027,0.47954339534044266,0.47864098846912384,0.0037712958506864306,20,0.039080001413822174,0.042479999363422394,0.040372050181031224,0.040300000458955765,0.0008734111415615721,20,0.2226410061120987,0.24403999745845795,0.23119869977235794,0.23082000017166138,0.0054048211570907854,20,32,32,4096,11008,32768,True,False,False,3328,1,4096,11008,generic,generic,,,CUDA_EVENT,FP16,none
0.01140000019222498,0.02247999981045723,0.01303099982906133,0.013019999954849482,0.001962070018960715,40.0,0.015279999934136868,0.020600000396370888,0.015902050025761127,0.01568000018596649,0.0010958950809927055,20.0,0.24695999920368195,0.2828010022640228,0.25068869814276695,0.24880000203847885,0.007461524480785315,20,0.09972099959850311,0.10580100119113922,0.10265834927558899,0.10270049795508385,0.0016134925880526658,20,0.08792100101709366,0.08976099640130997,0.0883262500166893,0.08827999979257584,0.0004704646972583571,20,0.02247999981045723,0.023679999634623528,0.022920049913227557,0.022919999435544014,0.0002715216380298314,20.0,0.4784820079803467,0.4856419861316681,0.4820634961128235,0.4820214956998825,0.0020358643702505876,20,0.041600000113248825,0.04715999960899353,0.042984099499881266,0.042819999158382416,0.0011383969750273996,20,0.19692100584506989,0.20788000524044037,0.2013806000351906,0.20062050223350525,0.0028475085389682697,20,32,32,4096,11008,32768,True,False,False,3424,1,4096,11008,generic,generic,,,CUDA_EVENT,FP16,none
0.006639999803155661,0.0246799997985363,0.007533999939914793,0.006800000090152025,0.003158234256327343,40.0,0.007360000163316727,0.018640000373125076,0.008192049968056381,0.007479999912902713,0.0024393509871425078,20.0,0.10200099647045135,0.17368100583553314,0.10735445022583008,0.10378000140190125,0.015251231610799724,20,0.06700000166893005,0.07152000069618225,0.0689582996070385,0.06881999969482422,0.0011838771529465045,20,0.04927999898791313,0.05415999889373779,0.050348099879920484,0.049960000440478325,0.001115249939661634,20,0.009239999577403069,0.011719999834895134,0.00966999987140298,0.009399999864399433,0.000712951618917201,20.0,0.15744000673294067,0.16408099234104156,0.15916654840111732,0.15876050293445587,0.001402088367921431,20,0.015440000221133232,0.01648000068962574,0.015778050059452653,0.015720000490546227,0.00023708711233104258,20,0.1148810014128685,0.12248100340366364,0.11709229983389377,0.1167600005865097,0.0017124996981396439,20,32,32,4096,11008,32768,True,False,False,952,1,4096,11008,generic,generic,,,CUDA_EVENT,FP16,none
0.01107999961823225,0.028880000114440918,0.01349607496522367,0.013479999732226133,0.003502509737234819,40.0,0.014919999986886978,0.021800000220537186,0.015788049856200814,0.015399999916553497,0.0014584736683080708,20.0,0.2428399920463562,0.30904099345207214,0.24958664998412133,0.24646100401878357,0.013733141938884929,20,0.09879999607801437,0.10524000227451324,0.10165045037865639,0.10176049917936325,0.0014154989436173367,20,0.08564099669456482,0.09064099937677383,0.08673630021512509,0.08646050095558167,0.0011231966447056067,20,0.02199999988079071,0.02703999914228916,0.022706049866974352,0.022379999980330467,0.001064913667796847,20.0,0.4769609868526459,0.4978809952735901,0.48682755380868914,0.48666200041770935,0.005683700816207257,20,0.04055999964475632,0.04808000102639198,0.04201214984059334,0.04172050021588802,0.0015445806502011401,20,0.19652000069618225,0.20839999616146088,0.2022185005247593,0.20224100351333618,0.002831718901850002,20,32,32,4096,11008,32768,True,False,False,3360,1,4096,11008,generic,generic,,,CUDA_EVENT,FP16,none
0.006560000125318766,0.023919999599456787,0.007736024935729802,0.00675999978557229,0.00368512880803673,40.0,0.007280000019818544,0.01375999953597784,0.007940049935132264,0.007479999912902713,0.0014382398445409487,20.0,0.08064000308513641,0.15532100200653076,0.08515630103647709,0.08114049956202507,0.016133346910984597,20,0.060759998857975006,0.07039999961853027,0.06336820032447577,0.06304000318050385,0.001872770393965342,20,0.04992000013589859,0.0628810003399849,0.05125015042722225,0.05034000054001808,0.0027581358093550835,20,0.009080000221729279,0.009720000438392162,0.009196049952879547,0.009159999899566174,0.00014135230261701296,20.0,0.15092100203037262,0.15675999224185944,0.15361239910125732,0.15362000465393066,0.0015029444002149493,20,0.014960000291466713,0.017319999635219574,0.015468049934133888,0.015339999925345182,0.0005192235370387622,20,0.09015999734401703,0.09356100112199783,0.09214829951524735,0.0920804999768734,0.0008715777122299164,20,32,32,4096,11008,32768,True,False,False,888,1,4096,11008,generic,generic,,,CUDA_EVENT,FP16,none
0.0083600003272295,0.025960000231862068,0.010943024978041649,0.01140000019222498,0.0032018963488649283,40.0,0.012799999676644802,0.020919999107718468,0.013641999894753098,0.013079999946057796,0.0017649689508353412,20.0,0.20608100295066833,0.3000809848308563,0.21238459944725036,0.20764100551605225,0.020131983881450845,20,0.08584000170230865,0.09431999921798706,0.08886629976332187,0.08870049938559532,0.002088742966490411,20,0.07596000283956528,0.0806410014629364,0.07692019939422608,0.07646049931645393,0.0011755875259913103,20,0.017680000513792038,0.021640000864863396,0.018418049905449152,0.01814000029116869,0.0009113914409719517,20.0,0.3672409951686859,0.3743610084056854,0.37003119587898253,0.369720995426178,0.0019051441159530405,20,0.033399999141693115,0.037161000072956085,0.03456209972500801,0.034299999475479126,0.0009264643337175522,20,0.16756099462509155,0.18556100130081177,0.1757186010479927,0.1759605035185814,0.0038714466994207407,20,32,32,4096,11008,32768,True,False,False,2496,1,4096,11008,generic,generic,,,CUDA_EVENT,FP16,none
0.010040000081062317,0.020880000665783882,0.011982024973258376,0.011959999799728394,0.0019846705194176595,40.0,0.01396000012755394,0.018519999459385872,0.014560050098225474,0.014340000227093697,0.0009363544994486744,20.0,0.22784000635147095,0.2661609947681427,0.2311426505446434,0.22904100269079208,0.008109704837410976,20,0.09211999922990799,0.09836000204086304,0.09382835030555725,0.09330099821090698,0.0015145406406129687,20,0.07927999645471573,0.08364000171422958,0.08049620017409324,0.0802999995648861,0.0009306696009459439,20,0.020600000396370888,0.022679999470710754,0.02110004974529147,0.021040000021457672,0.0004190298660897961,20.0,0.45308199524879456,0.4618009924888611,0.45661949962377546,0.4565809965133667,0.002293852552064933,20,0.03787999972701073,0.04179999977350235,0.03994014970958233,0.039799999445676804,0.00097493520849174,20,0.17628000676631927,0.19167999923229218,0.18422454968094826,0.18490099906921387,0.0041495970228184395,20,32,32,4096,11008,32768,True,False,False,3072,1,4096,11008,generic,generic,,,CUDA_EVENT,FP16,none
0.01056000031530857,0.02199999988079071,0.012411074945703149,0.012839999981224537,0.0019844690901324714,40.0,0.014560000039637089,0.016519999131560326,0.015092049911618232,0.015039999969303608,0.00044170877859435156,20.0,0.26952099800109863,0.3194809854030609,0.274890898168087,0.27206099033355713,0.010426982529397208,20,0.08260100334882736,0.0868000015616417,0.08402024991810322,0.08380050212144852,0.0011608955714396268,20,0.09636099636554718,0.09935999661684036,0.09770029969513416,0.09758049994707108,0.000842914043778413,20,0.021479999646544456,0.02247999981045723,0.021924000047147275,0.02184000052511692,0.00028646806949623733,20.0,0.4958820044994354,0.5090410113334656,0.5018076524138451,0.5018815100193024,0.0027457336813159743,20,0.038040000945329666,0.040720000863075256,0.039508049935102464,0.03956000134348869,0.000839712182971397,20,0.22244000434875488,0.24064099788665771,0.2295988008379936,0.22856049984693527,0.005174149325753896,20,32,32,4096,11008,32768,True,False,False,3168,1,4096,11008,generic,generic,,,CUDA_EVENT,FP16,none
0.006519999820739031,0.020959999412298203,0.007579024916049093,0.006719999946653843,0.0030614825218396972,40.0,0.007079999893903732,0.015399999916553497,0.007750050001777709,0.0072200000286102295,0.0018023387464964132,20.0,0.07812099903821945,0.15088099241256714,0.08255625031888485,0.07884050160646439,0.015689309031294844,20,0.060520000755786896,0.06667999923229218,0.06391219906508923,0.06386049836874008,0.0013552519880015682,20,0.04839999973773956,0.06128000095486641,0.049516099691390994,0.04887999966740608,0.0027097266500010347,20,0.008679999969899654,0.013120000250637531,0.008995999954640866,0.008799999952316284,0.0009481688281617299,20.0,0.1464409977197647,0.1618410050868988,0.14948854893445968,0.14886049926280975,0.003063534652789204,20,0.014759999699890614,0.0175199992954731,0.015127999894320964,0.014999999664723873,0.0005766939222295663,20,0.08207999914884567,0.08776099979877472,0.08340824991464615,0.08296049758791924,0.0014543977923544582,20,32,32,4096,11008,32768,True,False,False,824,1,4096,11008,generic,generic,,,CUDA_EVENT,FP16,none
0.010520000010728836,0.02759999968111515,0.012535999878309667,0.012779999990016222,0.0029752821215460823,40.0,0.014039999805390835,0.02340099960565567,0.014856050116941332,0.014440000057220459,0.0019713442146050268,20.0,0.25992098450660706,0.329241007566452,0.26458480060100553,0.26100049912929535,0.014865188411043674,20,0.07840000092983246,0.08560100197792053,0.08198420032858848,0.08177999779582024,0.0014508407064920494,20,0.09703999757766724,0.09907999634742737,0.09769424945116043,0.09762050211429596,0.0005323166140109711,20,0.02043999917805195,0.021399999037384987,0.02097804993391037,0.02097999956458807,0.0002461262701796124,20.0,0.4038420021533966,0.4089609980583191,0.4058493494987488,0.40584149956703186,0.001147975418088631,20,0.0371600016951561,0.04320000112056732,0.03868010006844998,0.03815999999642372,0.00151189672536507,20,0.227400004863739,0.23951999843120575,0.2330426499247551,0.23346050083637238,0.0032262673448342437,20,32,32,4096,11008,32768,True,False,False,3104,1,4096,11008,generic,generic,,,CUDA_EVENT,FP16,none
0.012679999694228172,0.030559999868273735,0.015292050014249981,0.01500000013038516,0.0035653960838710162,40.0,0.01703999936580658,0.025919999927282333,0.018010099604725837,0.017299999482929707,0.001894023923146495,20.0,0.2872009873390198,0.41728100180625916,0.2993768960237503,0.29148098826408386,0.027612595249741013,20,0.10939999669790268,0.12688100337982178,0.11344634965062142,0.11154050007462502,0.003947310507899439,20,0.10115999728441238,0.11872000247240067,0.1041323997080326,0.10318049788475037,0.003647015378222316,20,0.0258799996227026,0.027639999985694885,0.026394099928438663,0.026220500469207764,0.0004504457496922933,20.0,0.5850819945335388,0.6980819702148438,0.6067339479923248,0.5953819751739502,0.028161204324008836,20,0.04763999953866005,0.06236099824309349,0.050458199344575405,0.049139998853206635,0.003219556983652103,20,0.2075210064649582,0.23919999599456787,0.21828064918518067,0.2170410007238388,0.007298266658064523,20,32,32,4096,11008,32768,True,False,False,4000,1,4096,11008,generic,generic,,,CUDA_EVENT,FP16,none
0.012559999711811543,0.030880000442266464,0.014656024891883135,0.014919999986886978,0.0029526807458198144,40.0,0.016680000349879265,0.023879999294877052,0.017620049696415663,0.01710049994289875,0.001550956386649869,20.0,0.2810409963130951,0.4034009873867035,0.29068695157766344,0.28304100036621094,0.026370880025379462,20,0.10480000078678131,0.11376000195741653,0.10909840017557144,0.10856049880385399,0.0028821176875503084,20,0.09935999661684036,0.10688000172376633,0.10152024962008,0.10049999877810478,0.002168745694756936,20,0.025280000641942024,0.0283610001206398,0.026048150099813937,0.025779999792575836,0.0007336359442907817,20.0,0.5694819688796997,0.6473619937896729,0.5922518521547318,0.5845614969730377,0.023998776627787804,20,0.046640001237392426,0.05212000012397766,0.04851415008306503,0.0482999999076128,0.0016476959153612274,20,0.20448100566864014,0.22620099782943726,0.21350075006484986,0.21338099986314774,0.005297976502692087,20,32,32,4096,11008,32768,True,False,False,3904,1,4096,11008,generic,generic,,,CUDA_EVENT,FP16,none
0.007439999841153622,0.026760000735521317,0.009986074978951365,0.01081999996677041,0.0033639909098393847,40.0,0.012040999718010426,0.019360000267624855,0.012652100063860416,0.012240000069141388,0.0015584305683079842,20.0,0.169281005859375,0.23916099965572357,0.17450054958462716,0.17070050537586212,0.014889242320320073,20,0.08296100050210953,0.08807999640703201,0.08488814942538739,0.08471999689936638,0.0014279665060869934,20,0.0708409994840622,0.07320000231266022,0.07155629992485046,0.07135999947786331,0.0006501037541898589,20,0.016440000385046005,0.02143999934196472,0.017500049993395807,0.016839999705553055,0.0014399227526851394,20.0,0.3316810131072998,0.33580100536346436,0.33397104740142824,0.33414100110530853,0.0012596518721614406,20,0.03027999959886074,0.032519999891519547,0.031238099932670592,0.031099999323487282,0.0005958328132462667,20,0.16655999422073364,0.18163999915122986,0.1748904012143612,0.17534050345420837,0.0038858931197567324,20,32,32,4096,11008,32768,True,False,False,2240,1,4096,11008,generic,generic,,,CUDA_EVENT,FP16,none
0.012480000033974648,0.025439999997615814,0.014731075009331107,0.015159999951720238,0.0025538960961046524,40.0,0.016759999096393585,0.024480000138282776,0.017507999762892724,0.01711999997496605,0.0016274201570295917,20.0,0.2836410105228424,0.39308100938796997,0.29295494854450227,0.2858009934425354,0.023393508224407583,20,0.10796099901199341,0.11612000316381454,0.11129425056278705,0.11062100157141685,0.002314240259081458,20,0.10052099823951721,0.10808099806308746,0.10215854942798615,0.10161999985575676,0.0017984558803636763,20,0.025439999997615814,0.02703999914228916,0.026043999753892422,0.0259400000795722,0.0004283734537037747,20.0,0.5703219771385193,0.6622819900512695,0.5944259494543076,0.5837620198726654,0.025822562920838576,20,0.046560000628232956,0.052960000932216644,0.04893399961292744,0.04851999878883362,0.001695324255489223,20,0.20892000198364258,0.2245209962129593,0.21490870043635368,0.21465999633073807,0.0036756746068260025,20,32,32,4096,11008,32768,True,False,False,3968,1,4096,11008,generic,generic,,,CUDA_EVENT,FP16,none
0.006440000142902136,0.02247999981045723,0.007496999937575311,0.006659999955445528,0.0033359722529444995,40.0,0.006920000072568655,0.014560000039637089,0.007587999990209937,0.007079999893903732,0.0017131538424054835,20.0,0.07088000327348709,0.15352100133895874,0.07672425024211407,0.07239999994635582,0.01766624542424414,20,0.05956000089645386,0.06712000072002411,0.06259215027093887,0.062260501086711884,0.001517257661855457,20,0.041359998285770416,0.05996000021696091,0.04282810017466545,0.04192049987614155,0.003959393180117664,20,0.0083600003272295,0.01080000028014183,0.008650049939751625,0.00851999968290329,0.000533485796214856,20.0,0.13112099468708038,0.1480409950017929,0.13375044986605644,0.13308000564575195,0.0034376007279862753,20,0.013000000268220901,0.01348000019788742,0.013227999955415726,0.013199999928474426,0.00012592055990223773,20,0.09640099853277206,0.1029210016131401,0.09921635016798973,0.09854000061750412,0.0020946663535343153,20,32,32,4096,11008,32768,True,False,False,760,1,4096,11008,generic,generic,,,CUDA_EVENT,FP16,none
0.009479999542236328,0.02175999991595745,0.011735024955123663,0.012260000221431255,0.0023556757876600715,40.0,0.013199999928474426,0.01583999954164028,0.013710049865767359,0.013539999723434448,0.00055209868451459,20.0,0.23984099924564362,0.2802810072898865,0.24329075142741202,0.24086099863052368,0.008674183886047116,20,0.07636000216007233,0.0811999961733818,0.07869825027883053,0.07846049964427948,0.0012044596070656065,20,0.08608099818229675,0.0907600000500679,0.08678224943578243,0.0865200012922287,0.0009858242009881549,20,0.01955999992787838,0.021719999611377716,0.02011804999783635,0.019940000027418137,0.0005685457991614193,20.0,0.41092199087142944,0.42292100191116333,0.41516325175762175,0.4144214987754822,0.0030526215655540872,20,0.03376000002026558,0.04492099955677986,0.03595614973455667,0.03535999916493893,0.0023958602425753197,20,0.19648100435733795,0.21583999693393707,0.2040846511721611,0.20360100269317627,0.004244434485169648,20,32,32,4096,11008,32768,True,False,False,2816,1,4096,11008,generic,generic,,,CUDA_EVENT,FP16,none
0.009519999846816063,0.020679999142885208,0.011499050003476442,0.011080000083893538,0.0021319771378763203,40.0,0.01363999955356121,0.017559999600052834,0.014300099853426219,0.013899999670684338,0.0010947931717014466,20.0,0.23744100332260132,0.27528101205825806,0.24218479990959169,0.24014099687337875,0.00782499584505623,20,0.08004099875688553,0.08355999737977982,0.08118219934403896,0.08100000023841858,0.0007615553425685648,20,0.09247999638319016,0.09731999784708023,0.09375229887664319,0.09338000044226646,0.001248113989615085,20,0.02019999921321869,0.02319999970495701,0.020688100066035987,0.020540500059723854,0.0006042867612449265,20.0,0.3903209865093231,0.3980819880962372,0.39378329664468764,0.39372098445892334,0.0016075930372919,20,0.03668000176548958,0.04267999902367592,0.03848804999142885,0.03806000016629696,0.001515050994040794,20,0.22487999498844147,0.23732000589370728,0.2303307496011257,0.23064099997282028,0.0032600912029260567,20,32,32,4096,11008,32768,True,False,False,2912,1,4096,11008,generic,generic,,,CUDA_EVENT,FP16,none
0.006440000142902136,0.023639999330043793,0.007267024903558195,0.006619999883696437,0.0029420661228248416,40.0,0.006719999946653843,0.01860000006854534,0.007506049936637282,0.006920000072568655,0.002549067591427083,20.0,0.07596000283956528,0.15320099890232086,0.08086825050413608,0.0769605003297329,0.016612270107379715,20,0.060679998248815536,0.06515999883413315,0.06248819883912802,0.06249999813735485,0.0008678508456562427,20,0.03888000175356865,0.0559999980032444,0.04045209996402264,0.03930000029504299,0.003796806388736933,20,0.00812000036239624,0.008440000005066395,0.008270000014454127,0.00827999971807003,7.886693947100136e-05,20.0,0.144679993391037,0.1685210019350052,0.14741645008325577,0.1459605023264885,0.005177785685918344,20,0.012199999764561653,0.017601000145077705,0.012604100117459893,0.012319999746978283,0.0011508498181760636,20,0.07267999649047852,0.07568000257015228,0.07333614975214005,0.07316000014543533,0.0007080846332126258,20,32,32,4096,11008,32768,True,False,False,696,1,4096,11008,generic,generic,,,CUDA_EVENT,FP16,none
0.009279999881982803,0.028039999306201935,0.011711024958640338,0.01220000023022294,0.0031934967086975083,40.0,0.01336000021547079,0.01979999989271164,0.014026149967685341,0.01375999953597784,0.0013513875554185901,20.0,0.2499600052833557,0.3202809989452362,0.25610870122909546,0.2523204982280731,0.01487535418644624,20,0.091279998421669,0.09608099609613419,0.09351229928433895,0.0934004969894886,0.0012606442091106953,20,0.07720000296831131,0.08172000199556351,0.07857434973120689,0.07833999767899513,0.0010596357396513007,20,0.01995999924838543,0.026119999587535858,0.020832000020891427,0.02043999917805195,0.0012696833532978046,20.0,0.4049209952354431,0.414561003446579,0.4082213506102562,0.4074610024690628,0.002786638905698412,20,0.0355600006878376,0.04163999855518341,0.03768805004656315,0.03726000152528286,0.0014461318893019776,20,0.1759209930896759,0.18584099411964417,0.17996859699487686,0.1790205016732216,0.002901806632108939,20,32,32,4096,11008,32768,True,False,False,2848,1,4096,11008,generic,generic,,,CUDA_EVENT,FP16,none
0.0069599999114871025,0.027960000559687614,0.009274000045843422,0.009860000107437372,0.0034065766744199285,40.0,0.010400000028312206,0.018719999119639397,0.011214049952104687,0.010639999993145466,0.0018168065022699667,20.0,0.1724800020456314,0.2613210082054138,0.17866260036826134,0.1741805002093315,0.018989481331309246,20,0.06943999975919724,0.07611999660730362,0.07289025001227856,0.07248049974441528,0.0015104346882388146,20,0.09715999662876129,0.11360099911689758,0.10399629957973958,0.10380050167441368,0.004377628673231391,20,0.015720000490546227,0.018479999154806137,0.016294000018388034,0.01607999950647354,0.0006544950817744264,20.0,0.31672099232673645,0.32256099581718445,0.3197049990296364,0.3197610080242157,0.0013088259986765508,20,0.02751999907195568,0.029440000653266907,0.028472100105136632,0.0284000001847744,0.0004398929524019019,20,0.1536400020122528,0.16847999393939972,0.16010849922895432,0.1595200002193451,0.004069573004274848,20,32,32,4096,11008,32768,True,False,False,2016,1,4096,11008,generic,generic,,,CUDA_EVENT,FP16,none
0.012160000391304493,0.029319999739527702,0.014202050073072315,0.013580000028014183,0.003008352276665969,40.0,0.016279999166727066,0.028960000723600388,0.017367999721318483,0.016499999910593033,0.002784948301332304,20.0,0.29500100016593933,0.39632201194763184,0.3038090497255325,0.29850099980831146,0.02131280620564439,20,0.10700000077486038,0.1111610010266304,0.10845845043659211,0.1081399992108345,0.0011125882979147797,20,0.10552000254392624,0.11208000034093857,0.1068863496184349,0.10656049847602844,0.00134681097471041,20,0.02428000047802925,0.02792000025510788,0.024916050024330616,0.024700500071048737,0.0007701198052115809,20.0,0.5009620189666748,0.5145210027694702,0.5070935994386673,0.5062814950942993,0.004181774500259832,20,0.0451200008392334,0.046959999948740005,0.0459561500698328,0.045980000868439674,0.0005540334967387063,20,0.2507610023021698,0.2597610056400299,0.2554748490452766,0.25592099130153656,0.0024584592099162095,20,32,32,4096,11008,32768,True,False,False,3744,1,4096,11008,generic,generic,,,CUDA_EVENT,FP16,none
0.0063599999994039536,0.0384799987077713,0.007937024964485317,0.006560000125318766,0.005688344090529107,40.0,0.006560000125318766,0.016361000016331673,0.007368049980141222,0.006719999946653843,0.0022159141008041496,20.0,0.0628800019621849,0.13971999287605286,0.06740219965577125,0.06345999985933304,0.01660258521669565,20,0.059119999408721924,0.06679999828338623,0.06215819958597422,0.06196049973368645,0.0016642165511617972,20,0.03903999924659729,0.06499999761581421,0.0412681994959712,0.03969999961555004,0.005499497131035355,20,0.007799999788403511,0.00872000027447939,0.008016000036150217,0.007960000075399876,0.00018260343933526623,20.0,0.13336099684238434,0.1483210027217865,0.1373185008764267,0.1365005001425743,0.0034499453815301125,20,0.012959999963641167,0.01384000014513731,0.013141999905928969,0.013079999946057796,0.0001895151794929207,20,0.07088000327348709,0.0761599987745285,0.07331220023334026,0.07334000244736671,0.0012015393301611024,20,32,32,4096,11008,32768,True,False,False,632,1,4096,11008,generic,generic,,,CUDA_EVENT,FP16,none
0.012040000408887863,0.026839999482035637,0.014126025000587105,0.013760000001639128,0.0024447182571482526,40.0,0.01576000079512596,0.02428000047802925,0.016798000037670135,0.016259999945759773,0.0018723451311692992,20.0,0.29256099462509155,0.3771210014820099,0.2999569997191429,0.29638099670410156,0.01787326983752358,20,0.10360000282526016,0.10896000266075134,0.10531435124576091,0.10476049780845642,0.001359720487708349,20,0.10400000214576721,0.10840000212192535,0.105834349244833,0.10558100044727325,0.0010521503383390985,20,0.023760000243782997,0.026360999792814255,0.024434200022369623,0.024180499836802483,0.0007073035881930344,20.0,0.4856809973716736,0.49604201316833496,0.49087344855070114,0.49080199003219604,0.002930782751337508,20,0.0430000014603138,0.04828000068664551,0.04496230017393828,0.0447004996240139,0.0013331028065276587,20,0.24164000153541565,0.25540098547935486,0.24615464955568314,0.24466100335121155,0.0038546813513146527,20,32,32,4096,11008,32768,True,False,False,3648,1,4096,11008,generic,generic,,,CUDA_EVENT,FP16,none
0.008559999987483025,0.023919999599456787,0.01076799992006272,0.010339999571442604,0.0028037003742129333,40.0,0.013000000268220901,0.017880000174045563,0.013656050013378263,0.013319999910891056,0.0010782219676463566,20.0,0.18884100019931793,0.23888100683689117,0.1928266018629074,0.1901005059480667,0.010658260203613308,20,0.08472000062465668,0.09247999638319016,0.0893522497266531,0.08946000039577484,0.001667031675559613,20,0.07568000257015228,0.07891999930143356,0.0767482005059719,0.07650000229477882,0.000848115610480797,20,0.018161000683903694,0.02263999916613102,0.018978099804371595,0.018559999763965607,0.0010759760471271834,20.0,0.36956098675727844,0.37676098942756653,0.3731592491269112,0.37258149683475494,0.0019198961902173834,20,0.033240001648664474,0.03807999938726425,0.03429209999740124,0.03392000123858452,0.001092121521754383,20,0.1703210026025772,0.1817999929189682,0.17537054941058158,0.17589999735355377,0.003288791391671587,20,32,32,4096,11008,32768,True,False,False,2560,1,4096,11008,generic,generic,,,CUDA_EVENT,FP16,none
0.012240000069141388,0.027559999376535416,0.01446704992558807,0.013939999975264072,0.002511699016315653,40.0,0.015960000455379486,0.0213600005954504,0.01680804993957281,0.016499999910593033,0.0012150059150624567,20.0,0.2939609885215759,0.36692100763320923,0.3004029497504234,0.2963410019874573,0.01544519867278055,20,0.10623999685049057,0.11168000102043152,0.10820634961128235,0.10796000063419342,0.0014113370701960323,20,0.10435999929904938,0.11080099642276764,0.10610634945333004,0.1056004986166954,0.001546173544002035,20,0.023919999599456787,0.02783999964594841,0.024484100099653006,0.02419999986886978,0.0008726597408803223,20.0,0.4930019974708557,0.5072810053825378,0.49763160198926926,0.49682100117206573,0.0028237828997794254,20,0.044319998472929,0.052080001682043076,0.0458161499351263,0.04542050138115883,0.001629535088263081,20,0.24672099947929382,0.25784000754356384,0.25109879970550536,0.25040099024772644,0.0029308174716069905,20,32,32,4096,11008,32768,True,False,False,3712,1,4096,11008,generic,generic,,,CUDA_EVENT,FP16,none
0.00875999964773655,0.02027999982237816,0.010821024957112967,0.010619999840855598,0.002300430017550197,40.0,0.012799999676644802,0.01759999990463257,0.013751999847590924,0.013340000063180923,0.0011424606123616814,20.0,0.21519999206066132,0.2572009861469269,0.21907479763031007,0.21742049604654312,0.008805192988284893,20,0.07708100229501724,0.08216000348329544,0.07871420085430145,0.07824050262570381,0.0012393189908772773,20,0.07388000190258026,0.07732100039720535,0.07498634979128838,0.07468049973249435,0.0009144255673760891,20,0.01955999992787838,0.02167999930679798,0.02008804976940155,0.01995999924838543,0.0005085028002216296,20.0,0.37804099917411804,0.4012410044670105,0.38366714864969254,0.3823609948158264,0.00486572645538576,20,0.033640000969171524,0.03756000101566315,0.03486814983189106,0.03466000035405159,0.0009808973137435057,20,0.17688000202178955,0.193681001663208,0.1842125989496708,0.18422000110149384,0.0035491037902487064,20,32,32,4096,11008,32768,True,False,False,2656,1,4096,11008,generic,generic,,,CUDA_EVENT,FP16,none
0.006399999838322401,0.023760000243782997,0.00714799998095259,0.006560000125318766,0.002873425881353205,40.0,0.006599999964237213,0.016119999811053276,0.007306049927137792,0.00675999978557229,0.002061840283008395,20.0,0.06948000192642212,0.15535999834537506,0.07465829998254776,0.07038050144910812,0.01852290849963511,20,0.06047999858856201,0.0681999996304512,0.0635601494461298,0.06326000019907951,0.0016211367937132059,20,0.05140100046992302,0.07556100189685822,0.05361430011689663,0.052319999784231186,0.005109578776732549,20,0.007639999967068434,0.01080000028014183,0.008171999943442643,0.007939999923110008,0.000778316157857975,20.0,0.1016400009393692,0.11292099952697754,0.10454624928534031,0.10406000167131424,0.00228565378711011,20,0.012640000320971012,0.018239999189972878,0.013386099971830845,0.012919999659061432,0.001393462803945097,20,0.08848100155591965,0.09495999664068222,0.09010629951953888,0.08983999863266945,0.0017010809329011409,20,32,32,4096,11008,32768,True,False,False,568,1,4096,11008,generic,generic,,,CUDA_EVENT,FP16,none
0.006920000072568655,0.024399999529123306,0.00936799995834008,0.00953999999910593,0.0031712230700967495,40.0,0.010200000368058681,0.0200399998575449,0.010976000083610415,0.010400000028312206,0.0021277367826346575,20.0,0.18024000525474548,0.26076099276542664,0.18692880049347876,0.18302050232887268,0.017021295748603907,20,0.07503999769687653,0.0806799978017807,0.07773214913904666,0.07745999842882156,0.0012610238321482524,20,0.08271999657154083,0.08892100304365158,0.0857124000787735,0.08650000020861626,0.0020260886970779697,20,0.015119999647140503,0.019999999552965164,0.015692149847745897,0.015479999594390392,0.001012085160358556,20.0,0.29040101170539856,0.2998810112476349,0.29479285031557084,0.29472100734710693,0.002720651244618178,20,0.02548000030219555,0.03116000071167946,0.026844099909067155,0.02669999934732914,0.0013192996447694528,20,0.14636099338531494,0.158720001578331,0.1529023490846157,0.1524204984307289,0.0037090456783945886,20,32,32,4096,11008,32768,True,False,False,1888,1,4096,11008,generic,generic,,,CUDA_EVENT,FP16,none
0.00860000029206276,0.02680099941790104,0.010887049906887113,0.011479999870061874,0.002963219837003556,40.0,0.012760000303387642,0.01940000057220459,0.01340604992583394,0.01290050009265542,0.0014878131321703822,20.0,0.21616099774837494,0.288800984621048,0.22120674923062325,0.2172209993004799,0.01555865952975704,20,0.07519999891519547,0.08064000308513641,0.0769981998950243,0.07677999883890152,0.0010886940519074103,20,0.08444000035524368,0.09211999922990799,0.08614024892449379,0.08584049716591835,0.001719302879363781,20,0.018200000748038292,0.01931999996304512,0.01866609985008836,0.018620500341057777,0.00026360367946996695,20.0,0.384321004152298,0.3993220031261444,0.389223150908947,0.389041006565094,0.0031608600053010037,20,0.033319998532533646,0.03832000121474266,0.03451219964772463,0.03415999934077263,0.0010857164055896559,20,0.20112000405788422,0.20844100415706635,0.20437660068273544,0.2039410024881363,0.002175935939593724,20,32,32,4096,11008,32768,True,False,False,2592,1,4096,11008,generic,generic,,,CUDA_EVENT,FP16,none
0.006320000160485506,0.02491999976336956,0.007273024984169751,0.006479999981820583,0.0033571221508207944,40.0,0.006399999838322401,0.0163199994713068,0.0069899999536573885,0.006519999820739031,0.0021411351026740994,20.0,0.06191999837756157,0.13340100646018982,0.06613029986619949,0.06258049979805946,0.01543915260530031,20,0.05883999913930893,0.0647599995136261,0.06131819989532232,0.06126050092279911,0.0016160299512533137,20,0.038679998368024826,0.06679999828338623,0.04097214974462986,0.03932050056755543,0.005988799240443661,20,0.007040000054985285,0.007960000075399876,0.0072440000949427485,0.007160000037401915,0.00023182750566649857,20.0,0.08835999667644501,0.10480000078678131,0.09011019952595234,0.08903999999165535,0.0035135392665445967,20,0.010639999993145466,0.013240000233054161,0.011188050033524632,0.010979999788105488,0.0005932935973824656,20,0.08591999858617783,0.09052100032567978,0.08781029991805553,0.08777999877929688,0.0011389564992477581,20,32,32,4096,11008,32768,True,False,False,504,1,4096,11008,generic,generic,,,CUDA_EVENT,FP16,none
0.007519999984651804,0.01971999928355217,0.009594999952241778,0.010739999823272228,0.002313027158628841,40.0,0.011719999834895134,0.01860000006854534,0.012556000100448727,0.012040000408887863,0.0016215004722299248,20.0,0.19300100207328796,0.23476099967956543,0.19591469839215278,0.19378049671649933,0.00892706482982429,20,0.07168000191450119,0.07992000132799149,0.0751082494854927,0.07490050047636032,0.0015814168704179643,20,0.07580000162124634,0.08248099684715271,0.07726024948060513,0.07646000012755394,0.0017555286254139356,20,0.015159999951720238,0.01648000068962574,0.015512000024318694,0.015459999907761812,0.0002935576746730828,20.0,0.3555609881877899,0.362962007522583,0.359553200006485,0.3595214933156967,0.001668886691045268,20,0.030319999903440475,0.03303999826312065,0.031169999856501818,0.03111999947577715,0.000702893664421499,20,0.1828410029411316,0.1921209990978241,0.18679265156388283,0.18672050535678864,0.0024968087655902337,20,32,32,4096,11008,32768,True,False,False,2304,1,4096,11008,generic,generic,,,CUDA_EVENT,FP16,none
0.01104000024497509,0.03319999948143959,0.013150024903006851,0.013559999875724316,0.0034809475731235923,40.0,0.015399999916553497,0.020600000396370888,0.016080050030723214,0.015780000016093254,0.0010739814623953287,20.0,0.251240998506546,0.3211210072040558,0.2571068972349167,0.25370100140571594,0.014774445171725313,20,0.10012000054121017,0.10592000186443329,0.10242830030620098,0.10227999836206436,0.0015594407504823725,20,0.0888810008764267,0.09148100018501282,0.08983429968357086,0.08988049998879433,0.0005883740854161095,20,0.022439999505877495,0.02703999914228916,0.02320009982213378,0.022739999927580357,0.0011802117581791913,20.0,0.48200199007987976,0.5092419981956482,0.48847749531269075,0.48718148469924927,0.006284820625775307,20,0.040720000863075256,0.04368000105023384,0.042090199515223505,0.04213999956846237,0.0007929062816446406,20,0.19036099314689636,0.20320099592208862,0.195660699903965,0.19526100158691406,0.0038950977480156747,20,32,32,4096,11008,32768,True,False,False,3392,1,4096,11008,generic,generic,,,CUDA_EVENT,FP16,none
0.011239999905228615,0.025599999353289604,0.013355024950578808,0.013599999714642763,0.002486556481137626,40.0,0.015399999916553497,0.02191999927163124,0.016057999897748233,0.015639999881386757,0.0013945879593126836,20.0,0.25380098819732666,0.32172098755836487,0.25882089883089066,0.25572100281715393,0.014442000826194356,20,0.09956000000238419,0.10632000118494034,0.10324835032224655,0.10305999964475632,0.001506045350691967,20,0.08980000019073486,0.09136100113391876,0.09045235030353069,0.0903800018131733,0.00039908937360368,20,0.02239999920129776,0.023520000278949738,0.02303009983152151,0.02302000019699335,0.0002591797470744125,20.0,0.5105220079421997,0.5194420218467712,0.5129815995693207,0.5125814974308014,0.0019703936675935156,20,0.04171999916434288,0.047520000487565994,0.04355410020798445,0.04332000017166138,0.0012131305556176727,20,0.1969199925661087,0.21112099289894104,0.2038186974823475,0.20406099408864975,0.0035216541899011316,20,32,32,4096,11008,32768,True,False,False,3488,1,4096,11008,generic,generic,,,CUDA_EVENT,FP16,none
0.00803999975323677,0.020959999412298203,0.010189049923792482,0.009800000116229057,0.0025029565868609524,40.0,0.012400000356137753,0.01351999957114458,0.012696100026369095,0.012620000168681145,0.00025013765145212043,20.0,0.19496099650859833,0.24055999517440796,0.20082854852080345,0.19826100021600723,0.009498414969058448,20,0.08463999629020691,0.09371999651193619,0.08770824931561946,0.08748000115156174,0.0018532012832329203,20,0.07280000299215317,0.07580099999904633,0.07377019934356213,0.07361999899148941,0.0007806332131167744,20,0.01679999940097332,0.018400000408291817,0.017553999926894902,0.0175199992954731,0.0003404175054029687,20.0,0.32284098863601685,0.3319610059261322,0.3281710982322693,0.32794100046157837,0.002386281087000063,20,0.031081000342965126,0.03468000143766403,0.03235414968803525,0.03211999870836735,0.0010434070153146043,20,0.16840000450611115,0.17932100594043732,0.17426055073738098,0.17434050142765045,0.003042553974357316,20,32,32,4096,11008,32768,True,False,False,2400,1,4096,11008,generic,generic,,,CUDA_EVENT,FP16,none
0.011880000121891499,0.02879999950528145,0.014039024920202791,0.013799999840557575,0.0027210348643884105,40.0,0.015401000156998634,0.023599999025464058,0.016652049962431192,0.015780000016093254,0.0021533346463156193,20.0,0.25460100173950195,0.321960985660553,0.2600488975644112,0.2567809969186783,0.014306479632972128,20,0.1008400022983551,0.10723999887704849,0.10304435007274151,0.10260000079870224,0.0015413283828498675,20,0.08984000235795975,0.09200000017881393,0.09057630002498626,0.09043999761343002,0.0005343096615912119,20,0.02239999920129776,0.023520000278949738,0.022936049569398164,0.022919999435544014,0.0003153388560402154,20.0,0.483720988035202,0.4925209879875183,0.48736359775066374,0.4866819977760315,0.0021411688731512307,20,0.041999999433755875,0.047680001705884933,0.04356615003198385,0.04312000051140785,0.0015446370751377582,20,0.19544099271297455,0.2056410014629364,0.20001664906740188,0.20040100067853928,0.0025535163336684362,20,32,32,4096,11008,32768,True,False,False,3456,1,4096,11008,generic,generic,,,CUDA_EVENT,FP16,none
0.006320000160485506,0.023639999330043793,0.00755802501225844,0.006440000142902136,0.003219505498715648,40.0,0.0063599999994039536,0.012919999659061432,0.006795999966561795,0.006479999981820583,0.0014058107257784484,20.0,0.0551999993622303,0.13732099533081055,0.06161419954150915,0.05739999935030937,0.01758821906927676,20,0.05536000058054924,0.05959999933838844,0.05620414912700653,0.05583999864757061,0.0010412813852462006,20,0.029440999031066895,0.05691999942064285,0.03674614941701293,0.034459998831152916,0.008069970466632298,20,0.006839999929070473,0.012199999764561653,0.0072899999562650915,0.006939999992027879,0.0011532822547638821,20.0,0.08844000101089478,0.10796099901199341,0.09726424999535084,0.09732050076127052,0.003954276133366213,20,0.010239999741315842,0.014440000057220459,0.010746000008657575,0.010400000028312206,0.0010224109206445136,20,0.050560999661684036,0.05379999801516533,0.05150819979608059,0.051320500671863556,0.0007152989932012377,20,32,32,4096,11008,32768,True,False,False,440,1,4096,11008,generic,generic,,,CUDA_EVENT,FP16,none
0.00687999976798892,0.023879999294877052,0.0091260249260813,0.00930000003427267,0.003266519439462413,40.0,0.009800000116229057,0.019600000232458115,0.010558000206947327,0.009920000098645687,0.002174266782947956,20.0,0.15036100149154663,0.21668100357055664,0.15478060021996498,0.1511405035853386,0.0142647171121446,20,0.06511999666690826,0.0716399997472763,0.06865019910037518,0.0684799998998642,0.0012771702714241804,20,0.08935999870300293,0.0968799963593483,0.0933802992105484,0.09284050017595291,0.0024735543998949585,20,0.012719999998807907,0.014639999717473984,0.013818049896508455,0.01385999983176589,0.0003789330507794163,20.0,0.2842400074005127,0.28916099667549133,0.2857928514480591,0.28554050624370575,0.0010035407640813423,20,0.024560000747442245,0.030959999188780785,0.025420149974524974,0.025100499391555786,0.001325300550690185,20,0.14372099936008453,0.1544010043144226,0.1495964489877224,0.14988049864768982,0.002989724124355687,20,32,32,4096,11008,32768,True,False,False,1760,1,4096,11008,generic,generic,,,CUDA_EVENT,FP16,none
0.007600000128149986,0.02563999965786934,0.010236000013537704,0.01081999996677041,0.003866965657406552,40.0,0.011959999799728394,0.016839999705553055,0.012466000020503997,0.012199999764561653,0.0010149501860783519,20.0,0.19619999825954437,0.27372100949287415,0.20292669981718064,0.1987600028514862,0.01641142469825193,20,0.0843999981880188,0.09040000289678574,0.08772425055503845,0.08806050196290016,0.0014427907339404872,20,0.07224000245332718,0.07575999945402145,0.07394019924104214,0.07386050000786781,0.0007035391160948635,20,0.01720000058412552,0.018279999494552612,0.017552049923688175,0.0175199992954731,0.00024834809272160737,20.0,0.321960985660553,0.32744100689888,0.3246429979801178,0.3247009962797165,0.0013518279747211416,20,0.030719999223947525,0.03700000047683716,0.032164149824529885,0.031940000131726265,0.0013341062241901524,20,0.16711999475955963,0.17572100460529327,0.1720765009522438,0.17170099914073944,0.0022158709949029313,20,32,32,4096,11008,32768,True,False,False,2336,1,4096,11008,generic,generic,,,CUDA_EVENT,FP16,none
0.006279999855905771,0.03579999879002571,0.007723024906590581,0.006399999838322401,0.005138845861911113,40.0,0.006320000160485506,0.013199999928474426,0.006950049963779748,0.006399999838322401,0.0016725839064277608,20.0,0.05107999965548515,0.15768100321292877,0.0574182003736496,0.05178000032901764,0.023028585094178617,20,0.054600998759269714,0.056120000779628754,0.05529614984989166,0.05536000058054924,0.0003566166396020643,20,0.03084000013768673,0.05908000096678734,0.03445410002022982,0.03116000071167946,0.007813494496212558,20,0.006839999929070473,0.011239999905228615,0.007353999861516058,0.00699999975040555,0.0011464222948424686,20.0,0.07395999878644943,0.09707999974489212,0.0884383499622345,0.08904050290584564,0.005499070122078099,20,0.010280000045895576,0.0106800002977252,0.010455999989062548,0.010460000019520521,0.00010229365433946186,20,0.062081001698970795,0.06520000100135803,0.06290219966322183,0.06258099898695946,0.0007866836565915177,20,32,32,4096,11008,32768,True,False,False,376,1,4096,11008,generic,generic,,,CUDA_EVENT,FP16,none
0.00699999975040555,0.0200399998575449,0.009281100041698664,0.010259999893605709,0.0024242064589297912,40.0,0.010479999706149101,0.015239999629557133,0.010844049882143736,0.010599999688565731,0.001013974125361129,20.0,0.1576409935951233,0.20864099264144897,0.161830398440361,0.15884049981832504,0.010930555291661254,20,0.07587999850511551,0.08315999805927277,0.07908799946308136,0.07880000025033951,0.001379193752630332,20,0.09872099757194519,0.11296100169420242,0.10427699983119965,0.1037210002541542,0.003498958173462039,20,0.015479999594390392,0.019600000232458115,0.015936000039801,0.01570000033825636,0.0008671240523295494,20.0,0.30844101309776306,0.3173609972000122,0.3102369993925095,0.3094809949398041,0.0020170424731301836,20,0.02783999964594841,0.029360000044107437,0.028691999893635512,0.028680000454187393,0.00041416910805255316,20,0.15308000147342682,0.16911999881267548,0.158729999512434,0.15850000083446503,0.003712569889407359,20,32,32,4096,11008,32768,True,False,False,2048,1,4096,11008,generic,generic,,,CUDA_EVENT,FP16,none
0.007120000198483467,0.029479999095201492,0.009430999960750341,0.00930000003427267,0.0035119051866659445,40.0,0.011799999512732029,0.016200000420212746,0.012222050037235022,0.011979999952018261,0.0009292889858517925,20.0,0.1891999989748001,0.23452100157737732,0.19394660070538522,0.1917800009250641,0.009439085609027639,20,0.08203999698162079,0.08624099940061569,0.08381429947912693,0.08350099995732307,0.0011194573876036693,20,0.0745600014925003,0.07844000309705734,0.07577830031514168,0.07570049911737442,0.0007940768414550516,20,0.015359999611973763,0.016519999131560326,0.015816049883142114,0.01583999954164028,0.000278894894301678,20.0,0.3176809847354889,0.3230009973049164,0.31985099613666534,0.3195610046386719,0.0013286309722459577,20,0.02864000014960766,0.03116000071167946,0.029654100071638823,0.0295200003311038,0.0005847917523864658,20,0.17980000376701355,0.1860010027885437,0.18343054875731468,0.18338099867105484,0.0013847517302665068,20,32,32,4096,11008,32768,True,False,False,2144,1,4096,11008,generic,generic,,,CUDA_EVENT,FP16,none
0.010479999706149101,0.033720001578330994,0.012960100010968745,0.01269999984651804,0.003661774188704064,40.0,0.01432000007480383,0.024241000413894653,0.01547809997573495,0.014620000030845404,0.0022998584093342936,20.0,0.23851999640464783,0.3158409893512726,0.24474474787712097,0.24108099937438965,0.01636668118591186,20,0.0939600020647049,0.10056000202894211,0.09576219990849495,0.09524049982428551,0.0015254927399892763,20,0.0830800011754036,0.08592099696397781,0.08366019986569881,0.08348000049591064,0.0006309673091470612,20,0.021080000326037407,0.023959999904036522,0.021492049843072892,0.021340000443160534,0.0006127763436354173,20.0,0.41016098856925964,0.4179210066795349,0.41303934901952744,0.4123615026473999,0.0022989784223325766,20,0.03743999823927879,0.04303999990224838,0.038772200047969815,0.03854000009596348,0.0012294534598191762,20,0.19436100125312805,0.20760099589824677,0.20121259987354279,0.20148050040006638,0.0027129340293689215,20,32,32,4096,11008,32768,True,False,False,3136,1,4096,11008,generic,generic,,,CUDA_EVENT,FP16,none
0.006719999946653843,0.02687999978661537,0.008962049917317926,0.009340499993413687,0.0033919498484029707,40.0,0.009519999846816063,0.01727999933063984,0.010116049833595753,0.009680000133812428,0.0016572060996336672,20.0,0.1762000024318695,0.2500399947166443,0.1823524996638298,0.17826049774885178,0.015636249041231384,20,0.07012099772691727,0.08104000240564346,0.07472225017845631,0.074280496686697,0.0022008439802270107,20,0.07227999716997147,0.07887999713420868,0.07593424879014492,0.07592049986124039,0.0019154488976035671,20,0.01155999954789877,0.012520000338554382,0.011914049834012985,0.011759999673813581,0.0003104654257213099,20.0,0.2720009982585907,0.2791210114955902,0.27484685033559797,0.2745009958744049,0.0018142467598180874,20,0.02340099960565567,0.02524000033736229,0.024006150010973216,0.02388049941509962,0.0005041571990159865,20,0.13420000672340393,0.14508000016212463,0.13931839987635614,0.13884049654006958,0.002756086651201186,20,32,32,4096,11008,32768,True,False,False,1632,1,4096,11008,generic,generic,,,CUDA_EVENT,FP16,none
0.006120000034570694,0.02304000034928322,0.007174000039231032,0.006320000160485506,0.003044109708556132,40.0,0.006200000178068876,0.014840000309050083,0.006786000053398311,0.006300000008195639,0.0018587426390944473,20.0,0.04651999846100807,0.12884099781513214,0.05205619987100363,0.04748000018298626,0.017743023990132206,20,0.05428000167012215,0.06464000046253204,0.055282249860465524,0.054680000990629196,0.0022377407102635843,20,0.024159999564290047,0.052239999175071716,0.03495409963652492,0.032919999212026596,0.007952453465695689,20,0.006639999803155661,0.01104000024497509,0.007083999901078641,0.0068599998485296965,0.0009268355691587711,20.0,0.10812100023031235,0.12212000042200089,0.11210234947502613,0.11190100014209747,0.0026935008516467502,20,0.010119999758899212,0.012640000320971012,0.010518049960955978,0.010379999876022339,0.0005132643787771786,20,0.04284000024199486,0.04408000037074089,0.04349815007299185,0.04346050135791302,0.000314329264898984,20,32,32,4096,11008,32768,True,False,False,312,1,4096,11008,generic,generic,,,CUDA_EVENT,FP16,none
0.010879999957978725,0.025679999962449074,0.01318099987693131,0.013119999784976244,0.002692255360899497,40.0,0.014560000039637089,0.02043999917805195,0.015308000054210425,0.014919999986886978,0.0012848095520486338,20.0,0.27108100056648254,0.3580020070075989,0.28081889599561694,0.27716100215911865,0.017911253446375276,20,0.08352100104093552,0.08991999924182892,0.084808199852705,0.08434049785137177,0.0013844827228567918,20,0.09852100163698196,0.10300000011920929,0.10001624897122383,0.0995205007493496,0.0013096091982731668,20,0.02160000056028366,0.02751999907195568,0.022370100021362305,0.02208050061017275,0.001204048786990192,20.0,0.4724409878253937,0.4864419996738434,0.47864344865083697,0.4790614992380142,0.003891508484636812,20,0.039000000804662704,0.042440999299287796,0.04035615008324385,0.04017999954521656,0.0009353484602029213,20,0.22811999917030334,0.24188099801540375,0.23316469863057138,0.23252100497484207,0.0037423696420141785,20,32,32,4096,11008,32768,True,False,False,3232,1,4096,11008,generic,generic,,,CUDA_EVENT,FP16,none
0.007160000037401915,0.026399999856948853,0.009432049980387092,0.01013999991118908,0.0031942640706711907,40.0,0.011719999834895134,0.018160000443458557,0.012322049960494042,0.011940000113099813,0.0014077642460253005,20.0,0.18136100471019745,0.2571209967136383,0.1873665988445282,0.1835009977221489,0.016089375418289982,20,0.07259999960660934,0.07887999713420868,0.07502824924886227,0.07448000088334084,0.0015911040278642488,20,0.06772000342607498,0.07463999837636948,0.0688001997768879,0.06852000206708908,0.0014307390856708273,20,0.015560000203549862,0.019120000302791595,0.01604804997332394,0.015879999846220016,0.0007209239439705703,20.0,0.3004409968852997,0.3068409860134125,0.3020528987050056,0.30180099606513977,0.0015430384835603164,20,0.027921000495553017,0.03296000137925148,0.029284150060266256,0.02850000001490116,0.0015499983179181342,20,0.1510010063648224,0.15928000211715698,0.15572449937462807,0.156140998005867,0.0024638408747345714,20,32,32,4096,11008,32768,True,False,False,2080,1,4096,11008,generic,generic,,,CUDA_EVENT,FP16,none
0.010599999688565731,0.03116000071167946,0.013236049935221672,0.013399999588727951,0.003438643191321444,40.0,0.014360000379383564,0.01868000067770481,0.014954150002449752,0.014740000013262033,0.0009117050518899594,20.0,0.2752009928226471,0.34064099192619324,0.2798446983098984,0.2758610099554062,0.014050823025666178,20,0.08156000077724457,0.08560100197792053,0.08365430049598217,0.08364050090312958,0.0007319402549814523,20,0.09747999906539917,0.10004100203514099,0.09834034964442254,0.09820050001144409,0.0006455371554493491,20,0.021400999277830124,0.028440000489354134,0.022072350140661,0.021740499883890152,0.001475110201776877,20.0,0.49320200085639954,0.5019209980964661,0.49887734800577166,0.4991209954023361,0.0018798045162473883,20,0.03824000060558319,0.045120999217033386,0.039914249628782275,0.039559999480843544,0.001443928869548098,20,0.22540000081062317,0.23552000522613525,0.2304906502366066,0.23024050146341324,0.0035250005870879177,20,32,32,4096,11008,32768,True,False,False,3200,1,4096,11008,generic,generic,,,CUDA_EVENT,FP16,none
0.006120000034570694,0.029999999329447746,0.007288999983575195,0.006240000016987324,0.004041123399120847,40.0,0.0060800001956522465,0.014919999986886978,0.006620000023394823,0.006180000025779009,0.001905801657294637,20.0,0.04912000149488449,0.1125200018286705,0.05721015017479658,0.052000001072883606,0.015370303447587358,20,0.05448000133037567,0.07023999840021133,0.05863025020807981,0.05754000134766102,0.003930809937939291,20,0.0430000014603138,0.0493599995970726,0.044900150038301945,0.04426000081002712,0.0017562523014307138,20,0.0063599999994039536,0.011880000121891499,0.006796000036410987,0.00646000006236136,0.001187326429517115,20.0,0.07980000227689743,0.08872099965810776,0.08180624954402446,0.08126049861311913,0.0019764618581900647,20,0.007720000110566616,0.012319999746978283,0.008150000055320562,0.00790000008419156,0.0009751204332469119,20,0.03860099986195564,0.04163999855518341,0.03982015009969473,0.03954000025987625,0.0009560089485689434,20,32,32,4096,11008,32768,True,False,False,248,1,4096,11008,generic,generic,,,CUDA_EVENT,FP16,none
0.006839999929070473,0.019199999049305916,0.008633999957237393,0.00953999999910593,0.0021900967262691268,40.0,0.009960000403225422,0.011119999922811985,0.010304050147533416,0.010220000054687262,0.00027839831517874596,20.0,0.17720100283622742,0.222121000289917,0.18194465041160585,0.1794005036354065,0.009441493888057356,20,0.07507999986410141,0.08228100091218948,0.07768424972891808,0.07730050012469292,0.0018327837160584974,20,0.08151999861001968,0.08903999626636505,0.08483824953436851,0.08517999947071075,0.0021240871589475047,20,0.015359999611973763,0.016599999740719795,0.015799999982118607,0.015740000642836094,0.0002979933386104708,20.0,0.2879210114479065,0.2961609959602356,0.2900028988718987,0.28922049701213837,0.002340709729920722,20,0.025599999353289604,0.02864000014960766,0.0266160499304533,0.026600000448524952,0.0006827082417385673,20,0.14499999582767487,0.16143999993801117,0.15179650038480758,0.15054050087928772,0.004257167792494704,20,32,32,4096,11008,32768,True,False,False,1920,1,4096,11008,generic,generic,,,CUDA_EVENT,FP16,none
0.006719999946653843,0.020999999716877937,0.0088549998938106,0.008940000087022781,0.002774738722962458,40.0,0.009080000221729279,0.015519999898970127,0.009775999886915087,0.009259999729692936,0.0014883763195316355,20.0,0.13415999710559845,0.230321004986763,0.141338449716568,0.13676000386476517,0.020448688522476187,20,0.06480000168085098,0.07135999947786331,0.06767025031149387,0.06780000030994415,0.0015000128007456712,20,0.05923999845981598,0.06588000059127808,0.0608262000605464,0.06055999919772148,0.0013965422550616614,20,0.01131999958306551,0.016119999811053276,0.012023999867960811,0.011599999852478504,0.001329083839949219,20.0,0.2454809993505478,0.2529209852218628,0.24857679829001428,0.24872100353240967,0.001597976108398259,20,0.02191999927163124,0.02563999965786934,0.02285404996946454,0.022859999909996986,0.0007815206268853206,20,0.12928099930286407,0.13612000644207,0.13307850062847137,0.1333005055785179,0.0018959467606759737,20,32,32,4096,11008,32768,True,False,False,1504,1,4096,11008,generic,generic,,,CUDA_EVENT,FP16,none
0.0069599999114871025,0.018400000408291817,0.00918802503729239,0.009920000098645687,0.0023320854706802507,40.0,0.010359999723732471,0.014560000039637089,0.010962049895897507,0.010520000010728836,0.000997448691055108,20.0,0.16896100342273712,0.21024100482463837,0.172308599203825,0.17006050050258636,0.008783256803342618,20,0.07011999934911728,0.07744099944829941,0.07349819988012314,0.07317999750375748,0.001457939990478207,20,0.10728099942207336,0.1183210015296936,0.11181840039789677,0.11056050285696983,0.003293599790690005,20,0.015320000238716602,0.01892000064253807,0.016060100123286247,0.015720000490546227,0.0008603163552526708,20.0,0.31160101294517517,0.31720098853111267,0.3141329988837242,0.3141409903764725,0.0016120075611798794,20,0.026639999821782112,0.029839999973773956,0.02764809988439083,0.027559999376535416,0.0006988379375632494,20,0.15992000699043274,0.17132100462913513,0.16534449979662896,0.16499999910593033,0.002972179975401513,20,32,32,4096,11008,32768,True,False,False,1968,1,4096,11008,generic,generic,,,CUDA_EVENT,FP16,none
0.0060800001956522465,0.026559999212622643,0.007319049979560077,0.006220499984920025,0.004167591584790445,40.0,0.0060800001956522465,0.015200000256299973,0.006658000033348798,0.006200000178068876,0.001961325113868404,20.0,0.049479998648166656,0.1170400008559227,0.061472149938344954,0.05719999969005585,0.015776032084314953,20,0.05787999927997589,0.07891999930143356,0.06475019939243794,0.06378050148487091,0.004801073965598267,20,0.041999999433755875,0.0464010015130043,0.04356814995408058,0.04355999827384949,0.0011086089153150105,20,0.006200000178068876,0.00860000029206276,0.006490000034682452,0.0063599999994039536,0.0005145678252049679,20.0,0.07156000286340714,0.08180099725723267,0.0736661996692419,0.07253999635577202,0.002691575998830825,20,0.007079999893903732,0.011359999887645245,0.00743400005158037,0.0072200000286102295,0.000905209332137216,20,0.03743999823927879,0.04383999854326248,0.03862014934420586,0.038040000945329666,0.0016036663122018485,20,32,32,4096,11008,32768,True,False,False,184,1,4096,11008,generic,generic,,,CUDA_EVENT,FP16,none
0.009399999864399433,0.02703999914228916,0.012007049913518131,0.012039999943226576,0.0031629270622768736,40.0,0.01360000018030405,0.024921000003814697,0.014632100099697709,0.014140000101178885,0.002369189223122083,20.0,0.2460400015115738,0.3206009864807129,0.252200698107481,0.2482209950685501,0.015787166832736364,20,0.09092000126838684,0.0968799963593483,0.09318635016679763,0.09284050017595291,0.0014914209389234566,20,0.07620000094175339,0.08032000064849854,0.07785429954528808,0.07758050039410591,0.0011726865567495857,20,0.019999999552965164,0.021199999377131462,0.020522000081837178,0.020479999482631683,0.0002615261988782438,20.0,0.40240100026130676,0.4108020067214966,0.40640534907579423,0.40636099874973297,0.0017524542042286725,20,0.035599999129772186,0.03863999992609024,0.03696614988148213,0.03680050000548363,0.0008670100037098854,20,0.17272000014781952,0.19012099504470825,0.17986449897289275,0.18027999997138977,0.003329371190142288,20,32,32,4096,11008,32768,True,False,False,2880,1,4096,11008,generic,generic,,,CUDA_EVENT,FP16,none
0.007040000054985285,0.025919999927282333,0.009115000069141389,0.009860000107437372,0.0031194126066762043,40.0,0.010359999723732471,0.024080000817775726,0.0113601999823004,0.010660000145435333,0.0029359852322433954,20.0,0.16896100342273712,0.24160100519657135,0.17383260130882264,0.16988050192594528,0.015583228779408178,20,0.06960000097751617,0.07688000053167343,0.07321799956262112,0.07283999770879745,0.0015603316228410453,20,0.10604099929332733,0.11192099750041962,0.10894274972379207,0.10890049859881401,0.0015228530058571108,20,0.015281000174582005,0.021880000829696655,0.016376200085505842,0.015820499509572983,0.0014968333026938486,20.0,0.3097600042819977,0.32048100233078003,0.3137189015746117,0.31334100663661957,0.0025175777392638437,20,0.0258799996227026,0.030479999259114265,0.026753999944776296,0.026519999839365482,0.0010286514199382634,20,0.15851999819278717,0.16843999922275543,0.1633999988436699,0.1630999967455864,0.002638727694449325,20,32,32,4096,11008,32768,True,False,False,1936,1,4096,11008,generic,generic,,,CUDA_EVENT,FP16,none
0.010280000045895576,0.027520999312400818,0.012716049887239933,0.01269999984651804,0.0031130797616870315,40.0,0.01387999951839447,0.01995999924838543,0.014586100028827787,0.014120000414550304,0.0014576016303238298,20.0,0.2258799970149994,0.29280099272727966,0.23101864755153656,0.2277199998497963,0.014218880728176345,20,0.09192000329494476,0.09724000096321106,0.09422239996492862,0.09394000098109245,0.0013520563496769477,20,0.07943999767303467,0.08184000104665756,0.08020419962704181,0.08011999726295471,0.0005523613800841577,20,0.020759999752044678,0.025040000677108765,0.021704050060361624,0.021179999224841595,0.0011368720798642998,20.0,0.4582020044326782,0.4636409878730774,0.4611675962805748,0.46146149933338165,0.0014252091306506546,20,0.03832099959254265,0.040119998157024384,0.039006149768829344,0.03896000050008297,0.0004972787859633092,20,0.1720000058412552,0.1873999983072281,0.18042649924755097,0.17944099754095078,0.004308373155012463,20,32,32,4096,11008,32768,True,False,False,2976,1,4096,11008,generic,generic,,,CUDA_EVENT,FP16,none
0.00687999976798892,0.01923999935388565,0.009265999926719814,0.009639999829232693,0.002506209066743152,40.0,0.009639999829232693,0.01372000016272068,0.010148100135847927,0.009860000107437372,0.0008603316235946084,20.0,0.1499200016260147,0.194241002202034,0.15379640012979506,0.15210050344467163,0.00936073124367173,20,0.06524000316858292,0.07067999988794327,0.06811809986829757,0.06809999793767929,0.0010896014257436076,20,0.08987999707460403,0.09747999906539917,0.09321424923837185,0.09294049814343452,0.0023845837208156155,20,0.012559999711811543,0.014279999770224094,0.013665999891236425,0.01384000014513731,0.00047737199437119333,20.0,0.2736409902572632,0.28140100836753845,0.2758509948849678,0.27542099356651306,0.001993987317280638,20,0.024800000712275505,0.029719999060034752,0.025845999736338852,0.025379999540746212,0.0011657974512178483,20,0.143559992313385,0.1544409990310669,0.1476444996893406,0.14718099683523178,0.0023966485142252036,20,32,32,4096,11008,32768,True,False,False,1792,1,4096,11008,generic,generic,,,CUDA_EVENT,FP16,none
0.005960000213235617,0.02175999991595745,0.007299024995882064,0.006279999855905771,0.0029553574524497335,40.0,0.006039999891072512,0.015799999237060547,0.00832205000333488,0.008100000210106373,0.001923055726976703,20.0,0.059321001172065735,0.11135999858379364,0.0660181999206543,0.06178000010550022,0.01260162262767386,20,0.06260000169277191,0.07983999699354172,0.06926624923944473,0.068060502409935,0.004154926208721318,20,0.04044000059366226,0.04864000156521797,0.041934100165963176,0.04145999997854233,0.0017985702520815433,20,0.0061599998734891415,0.012120000086724758,0.007330049946904183,0.0069599999114871025,0.001188649317877823,20.0,0.05976000055670738,0.06552000343799591,0.0616201501339674,0.061220498755574226,0.0015629407668306433,20,0.00687999976798892,0.007519999984651804,0.006997999898158014,0.006979999830946326,0.00013709854566879717,20,0.03152000159025192,0.047680001705884933,0.03520409986376762,0.03443999961018562,0.003678325009456505,20,32,32,4096,11008,32768,True,False,False,120,1,4096,11008,generic,generic,,,CUDA_EVENT,FP16,none
0.009759999811649323,0.028119999915361404,0.012234024982899428,0.012420000042766333,0.003371401546876671,40.0,0.013799999840557575,0.020239999517798424,0.014538000011816621,0.014059999957680702,0.0014232061896604527,20.0,0.22351999580860138,0.292400985956192,0.22826879918575288,0.22468099743127823,0.01476874941678087,20,0.09151999652385712,0.09648100286722183,0.09385640025138856,0.09402099996805191,0.001289525722321813,20,0.07924000173807144,0.08508099615573883,0.08044825047254563,0.07984049990773201,0.001356757586765497,20,0.02027999982237816,0.02579999901354313,0.021038049925118686,0.020620000548660755,0.0014073094878197113,20.0,0.4532420039176941,0.4655210077762604,0.4590394482016563,0.45968200266361237,0.0029816585892634786,20,0.0368800014257431,0.04083999991416931,0.038510150648653506,0.038400501012802124,0.0008482256806897111,20,0.17243999242782593,0.1817599982023239,0.17668649926781654,0.17678100615739822,0.002402841940111687,20,32,32,4096,11008,32768,True,False,False,2944,1,4096,11008,generic,generic,,,CUDA_EVENT,FP16,none
0.006680000107735395,0.02539999969303608,0.008648999989964068,0.00839999970048666,0.003231798088137645,40.0,0.00863999966531992,0.01727999933063984,0.009468099847435952,0.00887999963015318,0.001892776308681552,20.0,0.13159999251365662,0.2170410007238388,0.13667644932866096,0.13222099840641022,0.018454611183077178,20,0.06279999762773514,0.06815999746322632,0.06595224924385548,0.06581999734044075,0.0011981137328597494,20,0.057760998606681824,0.06047999858856201,0.058870199508965014,0.058559998869895935,0.0008143465091476355,20,0.011119999922811985,0.014560000039637089,0.011613999912515282,0.011359999887645245,0.0007573929395267476,20.0,0.23744100332260132,0.24488100409507751,0.24038479924201966,0.2402609959244728,0.0016589303889974875,20,0.020840000361204147,0.02428000047802925,0.021604099962860345,0.021320000290870667,0.0009543497931992015,20,0.11851999908685684,0.13019999861717224,0.1241864487528801,0.12414050102233887,0.0026057639638064453,20,32,32,4096,11008,32768,True,False,False,1376,1,4096,11008,generic,generic,,,CUDA_EVENT,FP16,none
0.00699999975040555,0.018160000443458557,0.00881507502635941,0.00930000003427267,0.0020688467855245487,40.0,0.009920000098645687,0.013079999946057796,0.010510050086304545,0.010200000368058681,0.0007667757749634019,20.0,0.17936000227928162,0.22268100082874298,0.18361654952168466,0.18116100132465363,0.0091618431601968,20,0.07507999986410141,0.0817599967122078,0.07918624952435493,0.07902050018310547,0.0013024015952326357,20,0.08051999658346176,0.09083999693393707,0.08645629920065404,0.0870404988527298,0.0027425149110358892,20,0.014800000004470348,0.018319999799132347,0.015382050070911646,0.015119999647140503,0.0008286071432936854,20.0,0.28412100672721863,0.2956010103225708,0.28861095309257506,0.28894099593162537,0.0026950725549189673,20,0.025359999388456345,0.029680000618100166,0.02653204994276166,0.026119999587535858,0.0010850010750871127,20,0.1475609987974167,0.1555200070142746,0.15296445041894913,0.15380050241947174,0.002355986236569163,20,32,32,4096,11008,32768,True,False,False,1840,1,4096,11008,generic,generic,,,CUDA_EVENT,FP16,none
0.006039999891072512,0.028880000114440918,0.009037024993449449,0.009579999838024378,0.003863782004398085,40.0,0.007720000110566616,0.01907999999821186,0.009410100104287267,0.008160499855875969,0.002842967824274576,20.0,0.05504100024700165,0.10524000227451324,0.061356100253760815,0.05660000070929527,0.01344339235423714,20,0.06763999909162521,0.08848000317811966,0.07461025007069111,0.07451999932527542,0.004506857744411123,20,0.039319999516010284,0.04747999832034111,0.0412839999422431,0.04057999886572361,0.0019463561922562172,20,0.006200000178068876,0.012920999899506569,0.008458100049756468,0.00812000036239624,0.001380104479577458,20.0,0.05544000118970871,0.06204000115394592,0.057352050021290776,0.05714000016450882,0.0015679954346755742,20,0.006560000125318766,0.010040000081062317,0.00696604996919632,0.006680000107735395,0.0009368070034121662,20,0.0284000001847744,0.0400799997150898,0.034200049843639134,0.034140000119805336,0.002492220546629773,20,32,32,4096,11008,32768,True,False,False,56,1,4096,11008,generic,generic,,,CUDA_EVENT,FP16,none
0.00699999975040555,0.023959999904036522,0.008935025008395315,0.009120000060647726,0.002931091650154158,40.0,0.009720000438392162,0.0163199994713068,0.010262050153687596,0.009920500218868256,0.0013957211114737805,20.0,0.17744100093841553,0.254040002822876,0.18375454917550088,0.17938049882650375,0.01630619202860005,20,0.07460100203752518,0.0798799991607666,0.07671625055372715,0.07650000229477882,0.0012709234249249236,20,0.0809210017323494,0.09111999720335007,0.085428249463439,0.08644049987196922,0.003035677045057616,20,0.014519999735057354,0.01744000054895878,0.015056050010025501,0.014919999986886978,0.0006053450642432812,20.0,0.2836410105228424,0.291720986366272,0.28551290184259415,0.284961000084877,0.0019881714953342354,20,0.02459999918937683,0.02768000029027462,0.02581810001283884,0.025760000571608543,0.0007557994909367058,20,0.14580099284648895,0.158720001578331,0.15169649869203566,0.15122000128030777,0.003484712785092202,20,32,32,4096,11008,32768,True,False,False,1808,1,4096,11008,generic,generic,,,CUDA_EVENT,FP16,none
0.006800000090152025,0.017999999225139618,0.008596024999860674,0.008940000087022781,0.002126626917677988,40.0,0.009320000186562538,0.013199999928474426,0.009911999804899096,0.00943999970331788,0.0011231811867375909,20.0,0.17520000040531158,0.21987999975681305,0.17882259860634803,0.17642050236463547,0.009512050486063727,20,0.0718809962272644,0.08532000333070755,0.0751582495868206,0.07474000006914139,0.0028914382270746716,20,0.07148099690675735,0.07884100079536438,0.07522024884819985,0.07491999864578247,0.0023457037042704187,20,0.01143999956548214,0.015159999951720238,0.012158050062134862,0.012040000408887863,0.0007928911073725015,20.0,0.2692809998989105,0.27564099431037903,0.2712189003825188,0.2708805054426193,0.0016895436525410977,20,0.023280000314116478,0.026639999821782112,0.0243520500138402,0.02413999941200018,0.0008213823112625854,20,0.13147999346256256,0.13971999287605286,0.13484844714403152,0.1345209926366806,0.0022582449782373236,20,32,32,4096,11008,32768,True,False,False,1664,1,4096,11008,generic,generic,,,CUDA_EVENT,FP16,none
0.008679999969899654,0.026399999856948853,0.011435024999082088,0.011759999673813581,0.003229824853243087,40.0,0.012679999694228172,0.02548000030219555,0.01380804986692965,0.013139999937266111,0.002722630298474369,20.0,0.21660000085830688,0.2940010130405426,0.22137465104460716,0.21750099956989288,0.016677065869218317,20,0.07435999810695648,0.08116000145673752,0.07796024978160858,0.07784000039100647,0.001391708866794273,20,0.08495999872684479,0.09027999639511108,0.08621224835515022,0.08568049967288971,0.0014590496839063495,20,0.018279999494552612,0.01971999928355217,0.01877004997804761,0.01875999942421913,0.00026617096340985437,20.0,0.38592100143432617,0.39376100897789,0.38876124769449233,0.38882099092006683,0.002060041810995203,20,0.03232000023126602,0.035280000418424606,0.03365809991955757,0.03328000009059906,0.0007787708662940135,20,0.19935999810695648,0.20900100469589233,0.2028726004064083,0.20236049592494965,0.0023715453079706183,20,32,32,4096,11008,32768,True,False,False,2624,1,4096,11008,generic,generic,,,CUDA_EVENT,FP16,none
0.006599999964237213,0.02452000044286251,0.008125024987384677,0.00812000036239624,0.0029364919763675626,40.0,0.00827999971807003,0.015799999237060547,0.0088899998459965,0.008460000157356262,0.0016044374657511644,20.0,0.09827999770641327,0.18031999468803406,0.104136298969388,0.09997999668121338,0.017504647057572813,20,0.06916099786758423,0.0758809968829155,0.07206019908189773,0.07155999913811684,0.0017236868931571525,20,0.05000000074505806,0.052319999784231186,0.05098010003566742,0.050820501521229744,0.0005925503799471721,20,0.010440000332891941,0.015080000273883343,0.010804099962115288,0.010520500130951405,0.0010004456113732398,20.0,0.19732099771499634,0.20284000039100647,0.19912469983100892,0.19937999546527863,0.001387182299222976,20,0.01844000071287155,0.022919999435544014,0.019787999987602233,0.01955999992787838,0.0010074202540250742,20,0.11396099627017975,0.12536099553108215,0.11801834926009178,0.11724000051617622,0.002701226633397644,20,32,32,4096,11008,32768,True,False,False,1248,1,4096,11008,generic,generic,,,CUDA_EVENT,FP16,none
0.009080000221729279,0.024960000067949295,0.011583050014451146,0.012060000095516443,0.0032734209076700255,40.0,0.013079999946057796,0.01988000050187111,0.01375199998728931,0.013279999606311321,0.0014686920329871238,20.0,0.23676100373268127,0.30792099237442017,0.24164084866642951,0.23782049864530563,0.015245989205377097,20,0.07603999972343445,0.08271999657154083,0.07970019988715649,0.07965999841690063,0.001341355927573308,20,0.08552099764347076,0.08920100331306458,0.08680834993720055,0.0866600014269352,0.0009390690618917678,20,0.01940000057220459,0.02500000037252903,0.020416100136935712,0.019740000367164612,0.001717044139698189,20.0,0.42340099811553955,0.433322012424469,0.427037350833416,0.4264014959335327,0.002627986782866106,20,0.03443999961018562,0.03680000081658363,0.03553205020725727,0.0354204997420311,0.0007050667586833747,20,0.1998399943113327,0.21192100644111633,0.20746279880404472,0.20802100002765656,0.003410617651578849,20,32,32,4096,11008,32768,True,False,False,2720,1,4096,11008,generic,generic,,,CUDA_EVENT,FP16,none
0.008999999612569809,0.028599999845027924,0.011386999930255114,0.012000000104308128,0.0032247715026569755,40.0,0.013039999641478062,0.020800000056624413,0.01391404988244176,0.013379999902099371,0.0017145438357748836,20.0,0.2178809940814972,0.29064100980758667,0.2223907507956028,0.218640998005867,0.015677447559028574,20,0.07624000310897827,0.0828000009059906,0.07906025014817715,0.078660499304533,0.0013931843789855424,20,0.07423999905586243,0.07847999781370163,0.07532229945063591,0.07492100074887276,0.0010162040076999055,20,0.019759999588131905,0.024080000817775726,0.020560050010681154,0.020239999517798424,0.0010371367051176155,20.0,0.3858810067176819,0.3927209973335266,0.389097198843956,0.3891009986400604,0.0016992446594790642,20,0.03384000062942505,0.03855999931693077,0.03509809989482164,0.03491999953985214,0.0010962443336978956,20,0.17416100203990936,0.1923609972000122,0.18503059893846513,0.1846804991364479,0.004154752841722273,20,32,32,4096,11008,32768,True,False,False,2688,1,4096,11008,generic,generic,,,CUDA_EVENT,FP16,none
0.00699999975040555,0.017999999225139618,0.008863999880850315,0.009079999756067991,0.002128093899403433,40.0,0.009560000151395798,0.018400000408291817,0.010492000170052052,0.009840000420808792,0.0019045251559142748,20.0,0.15083999931812286,0.1945209950208664,0.1538324996829033,0.15160050243139267,0.009355653039786907,20,0.06651999801397324,0.07531999796628952,0.07099230028688908,0.07076000049710274,0.0018563899817907901,20,0.06644000113010406,0.06972000002861023,0.06757625006139278,0.06738050282001495,0.0008843346639346375,20,0.012319999746978283,0.019680000841617584,0.013763999985530972,0.013439999893307686,0.0016106099630638989,20.0,0.2748410105705261,0.2862809896469116,0.2791529014706612,0.2788809984922409,0.0027162250409346667,20,0.02443999983370304,0.026839999482035637,0.02505409996956587,0.024939999915659428,0.0005578505503840385,20,0.1451999992132187,0.15912100672721863,0.15014050230383874,0.14900000393390656,0.004232338320596874,20,32,32,4096,11008,32768,True,False,False,1712,1,4096,11008,generic,generic,,,CUDA_EVENT,FP16,none
0.006519999820739031,0.02572000026702881,0.00812502505723387,0.007660000119358301,0.003448339517616071,40.0,0.007960000075399876,0.01607999950647354,0.008556100074201822,0.008160000201314688,0.001732032458090978,20.0,0.08696000277996063,0.1615999937057495,0.09139224961400032,0.08776050060987473,0.016112205811903733,20,0.0689999982714653,0.07176099717617035,0.07044019997119903,0.07051999866962433,0.000865743549423669,20,0.0485600009560585,0.05100100114941597,0.04957015011459589,0.049360500648617744,0.0006043451167840309,20,0.010080000385642052,0.01131999958306551,0.010422050021588802,0.010340000037103891,0.0002792664486176854,20.0,0.17344099283218384,0.18020099401474,0.17529859766364098,0.1751609966158867,0.001387943811097278,20,0.017480000853538513,0.018479999154806137,0.01795805003494024,0.017940000630915165,0.0002235802759716949,20,0.119439996778965,0.12368100136518478,0.12082834988832473,0.12056049704551697,0.0011271694428384698,20,32,32,4096,11008,32768,True,False,False,1120,1,4096,11008,generic,generic,,,CUDA_EVENT,FP16,none
0.006719999946653843,0.01916000060737133,0.00846902495250106,0.008859999943524599,0.0021008836372006703,40.0,0.008840000256896019,0.013240000233054161,0.009550000028684735,0.009119999594986439,0.0011766308693637127,20.0,0.1332399994134903,0.182000994682312,0.137950499355793,0.13582050055265427,0.010268753639983539,20,0.06548000127077103,0.07180099934339523,0.06735619977116585,0.06667999923229218,0.0017342653911278831,20,0.05835999920964241,0.06436000019311905,0.05938615016639233,0.05932050012052059,0.0012227970565540584,20,0.01095999963581562,0.014360000379383564,0.011391999898478389,0.0111799999140203,0.000736434791020173,20.0,0.2390809953212738,0.249440997838974,0.2419988475739956,0.24126049876213074,0.002404540670502498,20,0.02208000048995018,0.02524000033736229,0.022718099877238274,0.022600000724196434,0.0006735492522139483,20,0.12911999225616455,0.13940100371837616,0.13396645039319993,0.13374000042676926,0.003314714484925744,20,32,32,4096,11008,32768,True,False,False,1536,1,4096,11008,generic,generic,,,CUDA_EVENT,FP16,none
0.006920000072568655,0.024481000378727913,0.00898002494359389,0.008979999925941229,0.0030597998464395176,40.0,0.009399999864399433,0.01744000054895878,0.010128049971535802,0.009620499797165394,0.0017569188228275577,20.0,0.17236100137233734,0.24187999963760376,0.17870049998164178,0.17448050528764725,0.014747880995583863,20,0.07476100325584412,0.0811609998345375,0.07732435017824173,0.0772400014102459,0.0014087783847533475,20,0.06511999666690826,0.06827999651432037,0.06600419953465461,0.06590000167489052,0.0007113769261170239,20,0.012160000391304493,0.014480000361800194,0.013022099994122982,0.012600000016391277,0.0007417004669141083,20.0,0.2550010085105896,0.2717610001564026,0.2593167006969452,0.2577804923057556,0.003470574756086943,20,0.023159999400377274,0.025599999353289604,0.02401809999719262,0.023780000396072865,0.0007256778922630524,20,0.14079999923706055,0.15288099646568298,0.14544444903731346,0.1447400003671646,0.0027545964283271687,20,32,32,4096,11008,32768,True,False,False,1680,1,4096,11008,generic,generic,,,CUDA_EVENT,FP16,none
0.00788000039756298,0.02711999975144863,0.010510000004433095,0.01092000026255846,0.0034767426636794696,40.0,0.012160000391304493,0.020759999752044678,0.013014050014317036,0.012500000186264515,0.0018262930594899482,20.0,0.19420099258422852,0.2743600010871887,0.20151270031929017,0.19818100333213806,0.016796070086412353,20,0.08392000198364258,0.09031999856233597,0.08733819983899593,0.0874600000679493,0.0015404563172538971,20,0.07448100298643112,0.07679999619722366,0.07512624934315681,0.0749404989182949,0.000564181542614093,20,0.016440000385046005,0.01720000058412552,0.01687404988333583,0.016900000162422657,0.0002322167291096846,20.0,0.3205609917640686,0.3296409845352173,0.3249810427427292,0.32538099586963654,0.0024181262042107052,20,0.030640000477433205,0.03551999852061272,0.031860099919140336,0.0315799992531538,0.0011963912531502176,20,0.16616100072860718,0.1791599988937378,0.17407064959406854,0.17430099844932556,0.0029052761267747544,20,32,32,4096,11008,32768,True,False,False,2368,1,4096,11008,generic,generic,,,CUDA_EVENT,FP16,none
0.006920000072568655,0.017319999635219574,0.008648024895228446,0.008780499920248985,0.002082983805953969,40.0,0.009399999864399433,0.010879999957978725,0.009685999900102615,0.009599999524652958,0.0003506052516976291,20.0,0.13624100387096405,0.18080000579357147,0.13983845040202142,0.1376809999346733,0.009420299343375007,20,0.06775999814271927,0.07212000340223312,0.06898030005395413,0.06853999942541122,0.001265891723900586,20,0.0748009979724884,0.08156000077724457,0.07689424939453601,0.0759200006723404,0.0019597291041792454,20,0.01155999954789877,0.012799999676644802,0.01194809996522963,0.011940499767661095,0.00025829920529013437,20.0,0.26836100220680237,0.27584099769592285,0.2720508977770805,0.2718009948730469,0.0020175232573145757,20,0.02175999991595745,0.025439999997615814,0.02288605011999607,0.022840000689029694,0.0008955800505707497,20,0.1318800002336502,0.1475600004196167,0.14084039852023125,0.14156000316143036,0.0034618852982063286,20,32,32,4096,11008,32768,True,False,False,1584,1,4096,11008,generic,generic,,,CUDA_EVENT,FP16,none
0.00839999970048666,0.026319999247789383,0.010939024994149804,0.011399999726563692,0.0031332975224641836,40.0,0.012480000033974648,0.018799999728798866,0.013153999950736761,0.012620000168681145,0.001502332706091196,20.0,0.20455999672412872,0.2764810025691986,0.20958464965224266,0.20602000504732132,0.015381871117719229,20,0.07395999878644943,0.0803999975323677,0.07759219892323017,0.07731999829411507,0.0014620200521215934,20,0.08196000009775162,0.08516000211238861,0.08302829973399639,0.08276050165295601,0.0008671883389732304,20,0.017319999635219574,0.019199999049305916,0.018024050164967775,0.017980500124394894,0.00035402468373730363,20.0,0.3309609889984131,0.3366810083389282,0.33417909890413283,0.33452150225639343,0.001627966920236196,20,0.03235999867320061,0.03407999873161316,0.0331581000238657,0.0331800002604723,0.0005322257250810463,20,0.19988100230693817,0.21160100400447845,0.20551070049405099,0.20560050010681152,0.0031014464227214532,20,32,32,4096,11008,32768,True,False,False,2464,1,4096,11008,generic,generic,,,CUDA_EVENT,FP16,none
0.006599999964237213,0.02404000051319599,0.007762050000019371,0.007120000198483467,0.0029681873477873963,40.0,0.00788000039756298,0.016119999811053276,0.008454000018537045,0.00800000037997961,0.0017661381084423092,20.0,0.08392100036144257,0.16808100044727325,0.08949429914355278,0.08503999933600426,0.01804712767645692,20,0.066041000187397,0.07140100002288818,0.06781219989061356,0.06746049970388412,0.001199149582029691,20,0.049800001084804535,0.06379999965429306,0.05122409947216511,0.05045999959111214,0.0029113947158579618,20,0.009759999811649323,0.013559999875724316,0.010260050091892481,0.00989999994635582,0.0010006567198160277,20.0,0.1717199981212616,0.17608000338077545,0.17364254966378212,0.17363999783992767,0.0012461441368458997,20,0.015720000490546227,0.017319999635219574,0.016140049882233144,0.016019999980926514,0.0004095924438455241,20,0.1196800023317337,0.12228000164031982,0.12105634957551956,0.12104099988937378,0.0006673653550157698,20,32,32,4096,11008,32768,True,False,False,1008,1,4096,11008,generic,generic,,,CUDA_EVENT,FP16,none
0.008080000057816505,0.02879999950528145,0.010843999963253737,0.01131999958306551,0.0035445596993442636,40.0,0.012240000069141388,0.020719999447464943,0.01317209997214377,0.012540000025182962,0.0018882673002321617,20.0,0.20160099864006042,0.28776100277900696,0.20770665034651756,0.20364099740982056,0.0184114234134088,20,0.07463999837636948,0.07959999889135361,0.07599825002253055,0.07567999884486198,0.0011719324130658832,20,0.08160000294446945,0.08523999899625778,0.08285225033760071,0.08282000198960304,0.0007750386050315247,20,0.017079999670386314,0.017880000174045563,0.017500100005418063,0.017500000074505806,0.00021137648927879694,20.0,0.3232010006904602,0.33236101269721985,0.3280930519104004,0.3279210031032562,0.002405426855922546,20,0.030559999868273735,0.03711999952793121,0.033598099835217,0.03342000022530556,0.0018919240593533847,20,0.19496099650859833,0.20892000198364258,0.2032946988940239,0.20370099693536758,0.0035166813347037333,20,32,32,4096,11008,32768,True,False,False,2432,1,4096,11008,generic,generic,,,CUDA_EVENT,FP16,none
0.00675999978557229,0.01759999990463257,0.008235024963505566,0.00838000001385808,0.001989501745647981,40.0,0.00851999968290329,0.013159999623894691,0.00911999992094934,0.008820000104606152,0.0010321239998503312,20.0,0.13255999982357025,0.17508099973201752,0.13582039922475814,0.1334804967045784,0.009079094471850032,20,0.0629199966788292,0.07407999783754349,0.06586425006389618,0.06529999896883965,0.0022480463823841917,20,0.05719999969005585,0.06143999844789505,0.058370049484074114,0.058159999549388885,0.001002522109911034,20,0.01095999963581562,0.012000000104308128,0.011256099864840507,0.01119999960064888,0.0002771803459747056,20.0,0.23583999276161194,0.2462809979915619,0.23849074989557267,0.23834099620580673,0.002479932704755143,20,0.020719999447464943,0.025919999927282333,0.021708049811422825,0.02143999934196472,0.0011178682560532825,20,0.11656100302934647,0.12520000338554382,0.12027235105633735,0.11986000090837479,0.0024469778611912307,20,32,32,4096,11008,32768,True,False,False,1408,1,4096,11008,generic,generic,,,CUDA_EVENT,FP16,none
0.0069599999114871025,0.023520000278949738,0.009012024977710097,0.008859999943524599,0.0030376217195163782,40.0,0.009159999899566174,0.015359999611973763,0.009655999951064587,0.009320000186562538,0.0013183261322341818,20.0,0.1411599963903427,0.22619999945163727,0.14733450040221213,0.14312100410461426,0.018124082207346077,20,0.06543999910354614,0.0716399997472763,0.0681063000112772,0.06760049983859062,0.0014364746427742332,20,0.08132000267505646,0.09036099910736084,0.08513409979641437,0.08495999872684479,0.0020103140907809483,20,0.011479999870061874,0.014600000344216824,0.012226049974560737,0.011919999960809946,0.0007655204696959054,20.0,0.2430810034275055,0.24932000041007996,0.24572084993124008,0.2454809993505478,0.001861056723032459,20,0.021800000220537186,0.027960000559687614,0.022576000168919565,0.02223999984562397,0.0012711192627604649,20,0.13923999667167664,0.14956000447273254,0.14261644780635835,0.14201999455690384,0.0026731912029052886,20,32,32,4096,11008,32768,True,False,False,1552,1,4096,11008,generic,generic,,,CUDA_EVENT,FP16,none
0.007160000037401915,0.030160000547766685,0.009590999991632997,0.010259999893605709,0.003690642142127293,40.0,0.011839999817311764,0.013159999623894691,0.01215200019069016,0.012040000408887863,0.0003472404718534768,20.0,0.1908009946346283,0.2367600053548813,0.19492259845137597,0.1925409957766533,0.009691511253843849,20,0.08068099617958069,0.09404099732637405,0.08392434976994992,0.08320049941539764,0.0029305822946704457,20,0.06908000260591507,0.07447999715805054,0.06997620016336441,0.06968050077557564,0.0011456666266085765,20,0.014440000057220459,0.016280999407172203,0.015686050010845064,0.015840000472962856,0.00047034392241512027,20.0,0.30344098806381226,0.3126809895038605,0.3073669970035553,0.3073410093784332,0.0020626302454565724,20,0.027720000594854355,0.031279999762773514,0.028926099929958583,0.02873999997973442,0.0008446697186809299,20,0.15012000501155853,0.15988099575042725,0.15453849881887435,0.15439999848604202,0.0029664114006705293,20,32,32,4096,11008,32768,True,False,False,2112,1,4096,11008,generic,generic,,,CUDA_EVENT,FP16,none
0.00687999976798892,0.016680000349879265,0.008336999954190105,0.008359999861568213,0.0018097931206298588,40.0,0.00887999963015318,0.015159999951720238,0.009416049858555198,0.009039999917149544,0.001340647074512515,20.0,0.1297599971294403,0.17468099296092987,0.1332744501531124,0.1309799998998642,0.009539646541606621,20,0.06620000302791595,0.07148099690675735,0.06788019984960555,0.06774049997329712,0.001048422653239435,20,0.05852000042796135,0.06095999851822853,0.0594862001016736,0.05940050072968006,0.0006067104016441534,20,0.01092000026255846,0.016480999067425728,0.011456049932166933,0.011099999770522118,0.0011789851675954076,20.0,0.23992100358009338,0.24488100409507751,0.2418747991323471,0.2413409948348999,0.0015308561199399375,20,0.02143999934196472,0.02500000037252903,0.02217404991388321,0.02187999989837408,0.0007795067166174979,20,0.13619999587535858,0.14452099800109863,0.13897244930267333,0.13844100385904312,0.001910089039581115,20,32,32,4096,11008,32768,True,False,False,1456,1,4096,11008,generic,generic,,,CUDA_EVENT,FP16,none
0.006560000125318766,0.02524000033736229,0.007965999946463853,0.0068599998485296965,0.003313276958577417,40.0,0.007319999858736992,0.015519999898970127,0.008096049982123077,0.007500499952584505,0.0018782125451009821,20.0,0.10099999606609344,0.1722009927034378,0.10641034953296184,0.10286049917340279,0.0151350085369419,20,0.06272000074386597,0.07311999797821045,0.06703229993581772,0.06676049903035164,0.0019472655973184147,20,0.04831999912858009,0.05220000073313713,0.04947009962052107,0.04925999976694584,0.0009271839101541925,20,0.009440000168979168,0.012839999981224537,0.0098299999255687,0.00953999999910593,0.0008320457140717952,20.0,0.15552100539207458,0.15888099372386932,0.1566605508327484,0.1563810035586357,0.0008654759197130565,20,0.015039999969303608,0.01600099913775921,0.015464049903675914,0.015459999907761812,0.00020307036829974868,20,0.11435999721288681,0.11788100004196167,0.11600034981966019,0.11572049930691719,0.0010809093444115842,20,32,32,4096,11008,32768,True,False,False,944,1,4096,11008,generic,generic,,,CUDA_EVENT,FP16,none
0.006560000125318766,0.0188400000333786,0.007829024957027286,0.007779999868944287,0.0019953946383433766,40.0,0.00824000034481287,0.013120000250637531,0.008868000004440546,0.00839999970048666,0.0013180045500999552,20.0,0.09747999906539917,0.1422799974679947,0.1011321984231472,0.09869999811053276,0.009539840097206428,20,0.06716000288724899,0.08163999766111374,0.07230030000209808,0.07210000231862068,0.002603353298484007,20,0.05000000074505806,0.05471999943256378,0.0508841497823596,0.05060049891471863,0.0009712973606639456,20,0.010280000045895576,0.01140000019222498,0.010502050071954728,0.010420500300824642,0.0002531123372822993,20.0,0.19140100479125977,0.1966409981250763,0.19289859905838966,0.1924000009894371,0.0013584211576756536,20,0.01940000057220459,0.021040000021457672,0.01988809984177351,0.019840000197291374,0.00037680558802473374,20,0.11591999977827072,0.1289599984884262,0.11995029971003532,0.11893999949097633,0.0031910587834373325,20,32,32,4096,11008,32768,True,False,False,1280,1,4096,11008,generic,generic,,,CUDA_EVENT,FP16,none
0.007400000002235174,0.02491999976336956,0.010153049975633622,0.010580000001937151,0.003115704694001524,40.0,0.011719999834895134,0.01995999924838543,0.012735999887809157,0.01221999991685152,0.001816783810044459,20.0,0.16740000247955322,0.24552099406719208,0.17257455065846444,0.1687605008482933,0.016753399432751687,20,0.08336099982261658,0.08907999843358994,0.08541624993085861,0.08536000177264214,0.0013171513453489722,20,0.07044000178575516,0.07412099838256836,0.07131619974970818,0.07114049792289734,0.0008301139388738557,20,0.015720000490546227,0.01655999943614006,0.016181999910622837,0.01624000072479248,0.00022714752361338355,20.0,0.3306010067462921,0.33896100521087646,0.3330551043152809,0.3322010040283203,0.0019116664123552936,20,0.030079999938607216,0.03620100021362305,0.03140210006386042,0.031120499595999718,0.0012763900809984973,20,0.16812099516391754,0.17987999320030212,0.1750405490398407,0.17530100047588348,0.0030702036078014104,20,32,32,4096,11008,32768,True,False,False,2208,1,4096,11008,generic,generic,,,CUDA_EVENT,FP16,none
0.005960000213235617,0.025280000641942024,0.007462000066880137,0.0061599998734891415,0.0035628635507463616,40.0,0.0060800001956522465,0.015560000203549862,0.00976400002837181,0.010040000081062317,0.002035638473911902,20.0,0.0355600006878376,0.09211999922990799,0.04112599976360798,0.03758000023663044,0.012227832277831944,20,0.0631600022315979,0.0928800031542778,0.07020020075142383,0.06596050038933754,0.008940344322311356,20,0.017880000174045563,0.03311999887228012,0.020704150013625622,0.019500000402331352,0.003243028060931639,20,0.008840000256896019,0.012600000016391277,0.010096000041812658,0.009759999811649323,0.0009427958197907888,20.0,0.03968000039458275,0.04596000164747238,0.04164420031011105,0.040699999779462814,0.0018965679476836347,20,0.006399999838322401,0.012079999782145023,0.00697404989041388,0.006499999901279807,0.0014915731607576992,20,0.02027999982237816,0.029600000008940697,0.021997999865561724,0.020720000378787518,0.0026773263596752517,20,32,32,4096,11008,32768,True,False,False,2,1,4096,11008,generic,generic,,,CUDA_EVENT,FP16,none
0.007280000019818544,0.0258799996227026,0.010185050033032893,0.01069999998435378,0.003298444781288635,40.0,0.01152000017464161,0.01971999928355217,0.012324049882590771,0.011959999799728394,0.0017125767668125325,20.0,0.16516000032424927,0.23728099465370178,0.16965249925851822,0.16580049693584442,0.015535398829027484,20,0.08296000212430954,0.08792100101709366,0.08499029986560344,0.08488049730658531,0.0012402372802116789,20,0.06988000124692917,0.07468000054359436,0.07076020054519176,0.0704605020582676,0.0010517623532950175,20,0.016280999407172203,0.020600000396370888,0.016860099975019693,0.016599999740719795,0.0009212124126859408,20.0,0.32520100474357605,0.33128100633621216,0.32815099954605104,0.3279210031032562,0.0016624739479182966,20,0.029200000688433647,0.03172000125050545,0.030158050265163182,0.03012000024318695,0.0006575259373316181,20,0.1658809930086136,0.17599999904632568,0.17214059755206107,0.17282050102949142,0.0027469889111255436,20,32,32,4096,11008,32768,True,False,False,2176,1,4096,11008,generic,generic,,,CUDA_EVENT,FP16,none
0.006920000072568655,0.026240000501275063,0.008565024973358959,0.00839999970048666,0.0031651498182836122,40.0,0.00863999966531992,0.015720000490546227,0.009575999947264791,0.008779999800026417,0.0019616076569715316,20.0,0.13176000118255615,0.20660099387168884,0.13681849986314773,0.1328199952840805,0.016071633785443264,20,0.063680000603199,0.07699999958276749,0.06778209991753101,0.06732000038027763,0.0024784598478738815,20,0.05756000056862831,0.06004000082612038,0.05838830005377531,0.05810000002384186,0.000817659863561463,20,0.010879999957978725,0.01375999953597784,0.01157399984076619,0.01131999958306551,0.0007538991630943572,20.0,0.26759999990463257,0.27928099036216736,0.27220084965229036,0.27188099920749664,0.0035019302660355225,20,0.021199999377131462,0.025439999997615814,0.022444100026041268,0.022280000150203705,0.0010870912158647715,20,0.13524100184440613,0.1451209932565689,0.13777844980359077,0.13732000440359116,0.0021526640108428803,20,32,32,4096,11008,32768,True,False,False,1424,1,4096,11008,generic,generic,,,CUDA_EVENT,FP16,none
0.006560000125318766,0.02404000051319599,0.007540024991612881,0.006719999946653843,0.003068028647950703,40.0,0.007319999858736992,0.01568000018596649,0.008348049945198,0.007519999984651804,0.002069380909809719,20.0,0.07919999957084656,0.15808099508285522,0.08378024995326996,0.07984049990773201,0.017053566572550985,20,0.05908000096678734,0.06620100140571594,0.061862199939787386,0.061620498076081276,0.0014689576637870558,20,0.0488010011613369,0.06191999837756157,0.05028620008379221,0.04925999976694584,0.002940327875060988,20,0.009080000221729279,0.012400000356137753,0.009395999927073717,0.009219999890774488,0.0006990165469958428,20.0,0.14880099892616272,0.15184099972248077,0.15028040036559104,0.15032000094652176,0.0008408139047644835,20,0.014681000262498856,0.01775999926030636,0.015054099913686513,0.01489999983459711,0.0006332022404615193,20,0.09588000178337097,0.09936100244522095,0.09754030033946037,0.09755999967455864,0.0008435972259865269,20,32,32,4096,11008,32768,True,False,False,880,1,4096,11008,generic,generic,,,CUDA_EVENT,FP16,none
0.00687999976798892,0.016920000314712524,0.007997999968938529,0.00803999975323677,0.0016839228525066716,40.0,0.008559999987483025,0.010080000385642052,0.00876799989491701,0.008659999817609787,0.0003383726487115539,20.0,0.1239200010895729,0.16624100506305695,0.1276684507727623,0.12567999958992004,0.008903634455601528,20,0.06483999639749527,0.07028000056743622,0.06683620028197765,0.06662050262093544,0.0010000610696876593,20,0.05756000056862831,0.05999999865889549,0.058558199740946296,0.05850000120699406,0.0006479018705165766,20,0.010759999975562096,0.011239999905228615,0.011020049871876835,0.011020000092685223,0.00013825357952450588,20.0,0.19780099391937256,0.20424099266529083,0.20037659853696824,0.2000809982419014,0.0017752205487024904,20,0.020400000736117363,0.026159999892115593,0.021948099974542855,0.02211999986320734,0.001231836930181649,20,0.12592099606990814,0.13763999938964844,0.130758448690176,0.13064000010490417,0.0026920758160356283,20,32,32,4096,11008,32768,True,False,False,1328,1,4096,11008,generic,generic,,,CUDA_EVENT,FP16,none
0.006519999820739031,0.01759999990463257,0.007686024974100291,0.007519999984651804,0.0021363248060468736,40.0,0.00800000037997961,0.013721000403165817,0.008738050097599625,0.00812000036239624,0.0015641273303066505,20.0,0.10344000160694122,0.14732100069522858,0.10697229988873005,0.10402049869298935,0.009481094150250051,20,0.06719999760389328,0.0758809968829155,0.07053419910371303,0.07015999779105186,0.001850694270156474,20,0.04891999810934067,0.05164000019431114,0.04960014969110489,0.049479998648166656,0.0007036336237204815,20,0.009720000438392162,0.010359999723732471,0.009954050136730074,0.009920000098645687,0.0001630602689082492,20.0,0.19132100045681,0.19840100407600403,0.1934585988521576,0.192781001329422,0.0020020120461364845,20,0.018200000748038292,0.02127999998629093,0.018846049997955562,0.01848000008612871,0.0008081134160466818,20,0.1175210028886795,0.12439999729394913,0.11884039975702762,0.1186399981379509,0.0013558298148718421,20,32,32,4096,11008,32768,True,False,False,1152,1,4096,11008,generic,generic,,,CUDA_EVENT,FP16,none
0.0069599999114871025,0.017920000478625298,0.008871025056578219,0.009759999811649323,0.002071543329549695,40.0,0.010599999688565731,0.01387999951839447,0.011001999909058213,0.01083999965339899,0.000692990548540388,20.0,0.17080099880695343,0.21312099695205688,0.17388264909386636,0.1718605011701584,0.009018397037610246,20,0.06855999678373337,0.07624000310897827,0.07188819982111454,0.07152049988508224,0.0015176813782414181,20,0.09703999757766724,0.10927999764680862,0.10245645008981227,0.10186100006103516,0.0032512061359052445,20,0.015399999916553497,0.018039999529719353,0.015920049883425234,0.01585999969393015,0.0005312964427384238,20.0,0.3130809962749481,0.3211610019207001,0.31634300053119657,0.31624099612236023,0.001724389869306083,20,0.026359999552369118,0.028759999200701714,0.027382049802690746,0.027240000665187836,0.0005034737563810058,20,0.1507599949836731,0.16551999747753143,0.15769039914011956,0.15666049718856812,0.004132268266496972,20,32,32,4096,11008,32768,True,False,False,1952,1,4096,11008,generic,generic,,,CUDA_EVENT,FP16,none
0.006839999929070473,0.02304000034928322,0.008460000029299409,0.00790000008419156,0.0030252405217593777,40.0,0.008559999987483025,0.015200000256299973,0.009364099986851216,0.00862049963325262,0.0017949761437944113,20.0,0.12356100231409073,0.20808099210262299,0.12982234917581081,0.12574049830436707,0.018024741344071928,20,0.06379999965429306,0.06964000314474106,0.0665682502090931,0.06654049828648567,0.0011203897080581452,20,0.057440001517534256,0.06283999979496002,0.05821219962090254,0.05782049894332886,0.0012098046747074324,20,0.010520000010728836,0.011719999834895134,0.010901999985799193,0.010840000119060278,0.00030840874399908557,20.0,0.20024099946022034,0.2054010033607483,0.20292465016245842,0.20294100046157837,0.0012948598790755604,20,0.02019999921321869,0.022439999505877495,0.021170100104063748,0.02082000020891428,0.0008016321756935411,20,0.12420099973678589,0.13571999967098236,0.12862039878964424,0.12742000073194504,0.003870059608332778,20,32,32,4096,11008,32768,True,False,False,1296,1,4096,11008,generic,generic,,,CUDA_EVENT,FP16,none
0.006519999820739031,0.02548000030219555,0.0078120249439962205,0.006639999803155661,0.0033680198550470296,40.0,0.007079999893903732,0.01979999989271164,0.007906000060029329,0.007280000019818544,0.0027307222113037246,20.0,0.07732000201940536,0.1629199981689453,0.0821763001382351,0.07798049971461296,0.018528908494101368,20,0.0589199997484684,0.06380099803209305,0.06127424985170364,0.0614400003105402,0.0009842940355015248,20,0.047759998589754105,0.05964000150561333,0.048678099922835824,0.04805999994277954,0.0025312301885073935,20,0.008799999952316284,0.012760000303387642,0.009212099853903056,0.009039999917149544,0.0008214851563479351,20.0,0.14348100125789642,0.15027999877929688,0.1468124993145466,0.1467600017786026,0.0014138730292005968,20,0.014480000361800194,0.015399999916553497,0.014717999985441566,0.014639999717473984,0.0002470546133730854,20,0.08144000172615051,0.0851999968290329,0.08267229981720448,0.08232000097632408,0.0009433155086588184,20,32,32,4096,11008,32768,True,False,False,816,1,4096,11008,generic,generic,,,CUDA_EVENT,FP16,none
0.00699999975040555,0.02696000039577484,0.00956502507906407,0.009920000098645687,0.004055650297972368,40.0,0.0106800002977252,0.022360000759363174,0.01145399990491569,0.010879999957978725,0.0025057783170366736,20.0,0.1738010048866272,0.2473209947347641,0.1784026488661766,0.17472050338983536,0.01581833356280328,20,0.07236000150442123,0.07788000255823135,0.07467619925737382,0.07449999824166298,0.0011721805835760235,20,0.09920000284910202,0.11875999718904495,0.10579234920442104,0.10416049882769585,0.005231228584527959,20,0.015359999611973763,0.01860000006854534,0.01614004992879927,0.01592000015079975,0.0006874024206593019,20.0,0.31668099761009216,0.32360100746154785,0.3207211002707481,0.32072100043296814,0.0016630323730834856,20,0.027319999411702156,0.030160000547766685,0.028204049821943043,0.028219999745488167,0.000679408458531019,20,0.1552010029554367,0.1666799932718277,0.15945434868335723,0.15943999588489532,0.003076863782253069,20,32,32,4096,11008,32768,True,False,False,2000,1,4096,11008,generic,generic,,,CUDA_EVENT,FP16,none
0.007079999893903732,0.023879999294877052,0.009195025067310781,0.009740000125020742,0.0030967578130368465,40.0,0.010520000010728836,0.01735999993979931,0.011072000116109848,0.010739999823272228,0.0014477899978799422,20.0,0.17139999568462372,0.24036100506782532,0.1759026490151882,0.17242049425840378,0.014802703069029819,20,0.06868000328540802,0.07760000228881836,0.07255620025098324,0.07198049873113632,0.0020315685833558277,20,0.1077599972486496,0.11528000235557556,0.11060239858925343,0.11088099703192711,0.001792080418595464,20,0.015200000256299973,0.0213600005954504,0.01617204979993403,0.01568000018596649,0.001322340003160618,20.0,0.31456100940704346,0.3197610080242157,0.31695899814367295,0.3167809993028641,0.0013653129284044978,20,0.02687999978661537,0.028279999271035194,0.027644099853932857,0.027639999985694885,0.00035893637395414984,20,0.16016100347042084,0.16704000532627106,0.16396844908595085,0.16394100338220596,0.0017000575825135273,20,32,32,4096,11008,32768,True,False,False,1984,1,4096,11008,generic,generic,,,CUDA_EVENT,FP16,none
0.006719999946653843,0.01664000004529953,0.007802999916020781,0.007600000128149986,0.002022916530298216,40.0,0.008200000040233135,0.010239999741315842,0.008398099988698959,0.00827999971807003,0.0004314584848747247,20.0,0.10064099729061127,0.1436000019311905,0.10453234948217868,0.10245999693870544,0.009127437036052843,20,0.0703200027346611,0.07520099729299545,0.0722702495753765,0.07215999811887741,0.0012866764562656926,20,0.049479998648166656,0.05195999890565872,0.05030019991099834,0.05024049989879131,0.0006050552566789837,20,0.010200000368058681,0.015119999647140503,0.01084799999371171,0.010400000028312206,0.0012338297603290552,20.0,0.19252100586891174,0.19712099432945251,0.19483864977955817,0.19454050064086914,0.001471504043160876,20,0.01868000067770481,0.025599999353289604,0.01953009990975261,0.01916000060737133,0.0014723402569866793,20,0.12387999892234802,0.12771999835968018,0.125468347966671,0.1253804937005043,0.0011476937754572526,20,32,32,4096,11008,32768,True,False,False,1200,1,4096,11008,generic,generic,,,CUDA_EVENT,FP16,none
0.006560000125318766,0.01727999933063984,0.007307024952024221,0.00675999978557229,0.0018742244497307289,40.0,0.007720000110566616,0.011839999817311764,0.008263999945484102,0.007860000245273113,0.0011220979647446818,20.0,0.0809599980711937,0.12116000056266785,0.0835222501307726,0.08128000050783157,0.008670713087794981,20,0.06328000128269196,0.06728000193834305,0.06476820036768913,0.06446050107479095,0.0010155827552759545,20,0.048680998384952545,0.05139999836683273,0.04941414929926395,0.04939999803900719,0.0005420071432158486,20,0.009680000133812428,0.0142000000923872,0.010264050075784325,0.009980000089854002,0.0009455779116409242,20.0,0.16336099803447723,0.16896000504493713,0.16466259956359863,0.164000503718853,0.001648238347979268,20,0.015799999237060547,0.019999999552965164,0.016252049896866082,0.015980000607669353,0.0008962180075107809,20,0.11724100261926651,0.12111999839544296,0.11888835020363331,0.11866049841046333,0.0009285006799435368,20,32,32,4096,11008,32768,True,False,False,1024,1,4096,11008,generic,generic,,,CUDA_EVENT,FP16,none
0.006440000142902136,0.026799999177455902,0.007745049963705242,0.006560000125318766,0.0036858122413317707,40.0,0.00687999976798892,0.01664000004529953,0.008176049939356745,0.007199999876320362,0.002401523381529657,20.0,0.07008100301027298,0.16624100506305695,0.07569225095212459,0.07074049860239029,0.020782728916047828,20,0.05948000028729439,0.06503999978303909,0.06210219953209162,0.06196000054478645,0.0013045266888388443,20,0.04039999842643738,0.060600001364946365,0.04234419986605644,0.04132100008428097,0.004232136761709578,20,0.00851999968290329,0.00887999963015318,0.008671999862417578,0.008679999969899654,7.95990113857273e-05,20.0,0.13048000633716583,0.14212100207805634,0.13276240080595017,0.1320599988102913,0.002321098401169113,20,0.012880000285804272,0.01348000019788742,0.01311414996162057,0.013120000250637531,0.0001530945777031503,20,0.09567999839782715,0.10372000187635422,0.09897825047373772,0.0984404981136322,0.0021320943993488727,20,32,32,4096,11008,32768,True,False,False,752,1,4096,11008,generic,generic,,,CUDA_EVENT,FP16,none
0.007040000054985285,0.018200000748038292,0.008798024943098426,0.009339999873191118,0.001964003137269081,40.0,0.009759999811649323,0.012079999782145023,0.010196049930527806,0.009999999776482582,0.000543868053975556,20.0,0.17624099552631378,0.2216009944677353,0.18076674938201903,0.1784605011343956,0.009445655385040667,20,0.07435999810695648,0.08500000089406967,0.07741814963519573,0.07679999992251396,0.0024351860858528936,20,0.07996100187301636,0.08807999640703201,0.08423229977488518,0.08474000170826912,0.002219412010720811,20,0.014800000004470348,0.01899999938905239,0.015402049897238613,0.015239999629557133,0.0008634278297608304,20.0,0.28412100672721863,0.29148098826408386,0.2868108958005905,0.2868404984474182,0.0015588773436963996,20,0.02459999918937683,0.02855999954044819,0.025656099896878004,0.025580499321222305,0.0010062030090499717,20,0.14640000462532043,0.15839999914169312,0.15084645003080369,0.15008050203323364,0.0030971298592161905,20,32,32,4096,11008,32768,True,False,False,1824,1,4096,11008,generic,generic,,,CUDA_EVENT,FP16,none
0.006839999929070473,0.02816000021994114,0.008042024972382933,0.007600000128149986,0.0033413356901394165,40.0,0.00791999977082014,0.015399999916553497,0.008416000101715327,0.00800000037997961,0.0016104855999810783,20.0,0.10072000324726105,0.17847999930381775,0.10621830001473427,0.10194050148129463,0.016687208228687647,20,0.07004000246524811,0.0740400031208992,0.07225225046277046,0.07206050306558609,0.0010151940810348367,20,0.04839999973773956,0.05159999802708626,0.049128199368715285,0.048921000212430954,0.0008002153314152602,20,0.009960000403225422,0.0116799995303154,0.010214050067588687,0.010119999758899212,0.0003866090754014497,20.0,0.19183999300003052,0.20163999497890472,0.19487854987382888,0.19526050239801407,0.002306126280699302,20,0.018319999799132347,0.020919999107718468,0.018846099730581045,0.018680499866604805,0.0007176787624830347,20,0.12356100231409073,0.13148100674152374,0.12577445097267628,0.12508049607276917,0.0020877167730440406,20,32,32,4096,11008,32768,True,False,False,1168,1,4096,11008,generic,generic,,,CUDA_EVENT,FP16,none
0.006800000090152025,0.01664000004529953,0.007671049970667809,0.007360000163316727,0.0016561364778229048,40.0,0.00788000039756298,0.012040000408887863,0.008532000100240111,0.008080000057816505,0.001074660859608755,20.0,0.08687999844551086,0.12904100120067596,0.08995219953358173,0.08763999864459038,0.009044832443474154,20,0.06651999801397324,0.07280000299215317,0.07074425034224988,0.07085999846458435,0.001288143435408269,20,0.048760998994112015,0.05496000126004219,0.04996614977717399,0.04954000003635883,0.0013843390551097718,20,0.009960000403225422,0.010520000010728836,0.010134000005200506,0.010119999758899212,0.00014437445054674332,20.0,0.17284099757671356,0.17608100175857544,0.17414454892277717,0.17406049370765686,0.0009970061681467063,20,0.01735999993979931,0.017999999225139618,0.017682050075381994,0.017700000666081905,0.00015467307752803486,20,0.11751999706029892,0.12168099731206894,0.11893444992601872,0.1183599978685379,0.0012958949632083526,20,32,32,4096,11008,32768,True,False,False,1072,1,4096,11008,generic,generic,,,CUDA_EVENT,FP16,none
0.006519999820739031,0.016680000349879265,0.007084049948025495,0.006659999955445528,0.0017176553311640367,40.0,0.007360000163316727,0.01152000017464161,0.007786000007763505,0.007539999904111028,0.0008979332280864014,20.0,0.09380000084638596,0.1377200037240982,0.09772424995899201,0.09501999989151955,0.009385763104009206,20,0.06292100250720978,0.06944099813699722,0.06566224955022334,0.06543999910354614,0.0016008558477185865,20,0.04868000000715256,0.05215999856591225,0.04933014940470457,0.049060000106692314,0.0009059386150106639,20,0.009320000186562538,0.01583999954164028,0.009869999904185533,0.009560000151395798,0.001374910831522408,20.0,0.15192000567913055,0.1565209925174713,0.15302644968032836,0.15264049917459488,0.0011137961763767374,20,0.015200000256299973,0.018640000373125076,0.015902050118893386,0.015560000203549862,0.0009184628851371721,20,0.11416000127792358,0.12347999960184097,0.11632035002112388,0.11548050120472908,0.0022972854734393737,20,32,32,4096,11008,32768,True,False,False,960,1,4096,11008,generic,generic,,,CUDA_EVENT,FP16,none
0.007040000054985285,0.02476000040769577,0.009070999990217387,0.0094200000166893,0.002969370180400647,40.0,0.009999999776482582,0.016759999096393585,0.010864049987867474,0.010180000215768814,0.0018745476267657219,20.0,0.18064099550247192,0.25412100553512573,0.18693289905786514,0.18320100009441376,0.01550733024967213,20,0.07812000066041946,0.08692000061273575,0.07985399961471558,0.07903999835252762,0.0021239310049414963,20,0.08528099954128265,0.09036099910736084,0.08790089935064316,0.08798100054264069,0.002057907125207259,20,0.014879999682307243,0.0163199994713068,0.015298099955543876,0.01513999979943037,0.00040511287821201874,20.0,0.2900010049343109,0.2969209849834442,0.2934308975934982,0.29316098988056183,0.0020902939650682528,20,0.0246799997985363,0.02848000079393387,0.026356049906462432,0.02616050001233816,0.0009402813564811371,20,0.1475600004196167,0.15647999942302704,0.15279999896883964,0.15343999862670898,0.0027121650319646027,20,32,32,4096,11008,32768,True,False,False,1872,1,4096,11008,generic,generic,,,CUDA_EVENT,FP16,none
0.007040000054985285,0.02844100072979927,0.009105024964082987,0.009399999864399433,0.003474164970439499,40.0,0.009960000403225422,0.018479999154806137,0.010794049967080355,0.010119999758899212,0.001859980666407159,20.0,0.17956000566482544,0.2525610029697418,0.18511260002851487,0.1812404990196228,0.015580516153026273,20,0.07571999728679657,0.0814799964427948,0.0776362493634224,0.07758050039410591,0.0014871666366918779,20,0.0820000022649765,0.09112100303173065,0.08564225062727929,0.08588000014424324,0.0023342954267715457,20,0.014759999699890614,0.02064099907875061,0.015376099850982428,0.014940000139176846,0.0013050932490598864,20.0,0.28784099221229553,0.29500100016593933,0.29096490144729614,0.29048050940036774,0.0022771382134513666,20,0.02500000037252903,0.027799999341368675,0.026411999948322773,0.026359999552369118,0.0007233368129302953,20,0.14704099297523499,0.15828099846839905,0.15119654908776284,0.1502005010843277,0.0026740098705093185,20,32,32,4096,11008,32768,True,False,False,1856,1,4096,11008,generic,generic,,,CUDA_EVENT,FP16,none
0.0063599999994039536,0.027960000559687614,0.007470000011380762,0.006479999981820583,0.0037164473438810845,40.0,0.006839999929070473,0.015440000221133232,0.007768049975857139,0.007040000054985285,0.0019385209524976307,20.0,0.0756400004029274,0.15836100280284882,0.08062025047838688,0.07634050026535988,0.01785288978269212,20,0.057840000838041306,0.0634400025010109,0.06055420022457838,0.06052049994468689,0.0012459727189818577,20,0.03819999843835831,0.05420000106096268,0.03932614959776402,0.03844049945473671,0.0034248983048203677,20,0.008200000040233135,0.010200000368058681,0.008460000064224005,0.0083600003272295,0.0004121165349662735,20.0,0.1438409984111786,0.16920100152492523,0.14683445245027543,0.14504049718379974,0.0054163558452523285,20,0.012199999764561653,0.01488099992275238,0.012626050040125847,0.012420000042766333,0.0005735062029465907,20,0.07248000055551529,0.07423999905586243,0.07306819967925549,0.07294049859046936,0.0005006798897256627,20,32,32,4096,11008,32768,True,False,False,688,1,4096,11008,generic,generic,,,CUDA_EVENT,FP16,none
0.006719999946653843,0.02548000030219555,0.007980999990832061,0.007260000100359321,0.0030497211684896424,40.0,0.007639999967068434,0.01640000008046627,0.00822199999820441,0.0077599999494850636,0.0018840584078014002,20.0,0.09564100205898285,0.18855999410152435,0.10119430050253868,0.09661999717354774,0.02005491543505862,20,0.060600001364946365,0.06716000288724899,0.06181619986891747,0.061559999361634254,0.0012866605102026482,20,0.047439999878406525,0.05167999863624573,0.04815819971263409,0.04776049964129925,0.0011827732909897772,20,0.009759999811649323,0.016119999811053276,0.010220000008121132,0.009879999794065952,0.0013601470006149759,20.0,0.1815209984779358,0.18968099355697632,0.18325259983539582,0.1827000007033348,0.001699719267780044,20,0.016720000654459,0.019680000841617584,0.017142049875110386,0.016920000314712524,0.0006557149110744012,20,0.10624100267887115,0.11255999654531479,0.10872435010969639,0.10852000117301941,0.001465662711304074,20,32,32,4096,11008,32768,True,False,False,1040,1,4096,11008,generic,generic,,,CUDA_EVENT,FP16,none
0.006680000107735395,0.015479999594390392,0.0072960499441251155,0.006939999992027879,0.0014499656316349528,40.0,0.007679999805986881,0.009960000403225422,0.007962050009518861,0.007819999940693378,0.0004848751707684069,20.0,0.08291999995708466,0.12284000217914581,0.08560624979436397,0.0836004987359047,0.008564214972299011,20,0.06756000220775604,0.07100000232458115,0.06875825002789497,0.06836000084877014,0.0010118574233297358,20,0.049320001155138016,0.05164000019431114,0.05030614994466305,0.050280001014471054,0.0004161205127221826,20,0.009639999829232693,0.012040999718010426,0.009954050183296204,0.009759999811649323,0.0005431137268278335,20.0,0.16748100519180298,0.17103999853134155,0.16921660006046296,0.16924049705266953,0.0008914601662152704,20,0.015519999898970127,0.017160000279545784,0.015882000047713517,0.01583999954164028,0.0003245859330323794,20,0.11823999881744385,0.12176000326871872,0.11960435025393963,0.11960099637508392,0.0008386624552726285,20,32,32,4096,11008,32768,True,False,False,984,1,4096,11008,generic,generic,,,CUDA_EVENT,FP16,none
0.006479999981820583,0.0163199994713068,0.007631049933843314,0.006680000107735395,0.0020827879717731494,40.0,0.007600000128149986,0.012040000408887863,0.007998050074093044,0.007720000110566616,0.0009424438504897346,20.0,0.07816000282764435,0.12343999743461609,0.08108820021152496,0.07878000289201736,0.009739256085975543,20,0.05852000042796135,0.06199999898672104,0.060740250162780285,0.06072000041604042,0.0007073541035409525,20,0.04843999817967415,0.05251999944448471,0.0493581498041749,0.04896000027656555,0.0009661577576776838,20,0.009039999917149544,0.012160000391304493,0.009424049872905016,0.009279999881982803,0.0006506902595501713,20.0,0.14500099420547485,0.15120099484920502,0.14802249968051912,0.1480804979801178,0.0016276580864549215,20,0.014759999699890614,0.01744000054895878,0.0152900499291718,0.015160500071942806,0.000576165922020653,20,0.0880810022354126,0.10711999982595444,0.09459024965763092,0.09402049705386162,0.0036447863446268263,20,32,32,4096,11008,32768,True,False,False,896,1,4096,11008,generic,generic,,,CUDA_EVENT,FP16,none
0.006920000072568655,0.017680000513792038,0.008687000023201108,0.009080000221729279,0.001990696148672118,40.0,0.009479999542236328,0.011880000121891499,0.009900049911811948,0.009720500092953444,0.0005220517860424591,20.0,0.1520799994468689,0.19412100315093994,0.15555645003914834,0.15328000485897064,0.008915852065811195,20,0.06579999625682831,0.07215999811887741,0.06907224953174591,0.06874049827456474,0.0013103144080108963,20,0.06548000127077103,0.07023999840021133,0.06663015075027942,0.06642049923539162,0.0010606066690661835,20,0.012280000373721123,0.015080000273883343,0.013167999964207412,0.013400000054389238,0.0006948495799277669,20.0,0.27712100744247437,0.28408101201057434,0.2806988999247551,0.28088100254535675,0.0015982079627031233,20,0.023639999330043793,0.02563999965786934,0.024586099851876497,0.024659999646246433,0.0005380696694301225,20,0.14348100125789642,0.1507209986448288,0.14694250077009202,0.14678049832582474,0.001914778741807012,20,32,32,4096,11008,32768,True,False,False,1696,1,4096,11008,generic,generic,,,CUDA_EVENT,FP16,none
0.006279999855905771,0.023000000044703484,0.007567024964373559,0.006479999981820583,0.0031033057815998038,40.0,0.006560000125318766,0.01711999997496605,0.00731599994469434,0.00675999978557229,0.002261394268331259,20.0,0.06204000115394592,0.15296000242233276,0.0677883006632328,0.06306000053882599,0.019567354594659397,20,0.0568000003695488,0.06368099898099899,0.05946609992533922,0.05972000025212765,0.0014304229668407316,20,0.038600001484155655,0.06836099922657013,0.04108225014060736,0.03946000151336193,0.0063227317264507405,20,0.007960000075399876,0.00827999971807003,0.008096049958840012,0.008080000057816505,9.244685880369605e-05,20.0,0.13192099332809448,0.1488800048828125,0.13643034920096397,0.13571999967098236,0.0032407057446318163,20,0.012799999676644802,0.014159999787807465,0.013124049920588732,0.013059999793767929,0.00029605341049935213,20,0.0695199966430664,0.0745600014925003,0.07159820012748241,0.07162000238895416,0.0011393548423461032,20,32,32,4096,11008,32768,True,False,False,624,1,4096,11008,generic,generic,,,CUDA_EVENT,FP16,none
0.0069599999114871025,0.025599999353289604,0.00908402499044314,0.009320000186562538,0.0031211163583437077,40.0,0.009479999542236328,0.016039999201893806,0.010181999951601028,0.009820000268518925,0.0013837613880255228,20.0,0.14988000690937042,0.23760099709033966,0.15667459964752198,0.15244099497795105,0.01860263366765464,20,0.06747999787330627,0.07983999699354172,0.07173814959824085,0.07088000327348709,0.002307567278882036,20,0.0902400016784668,0.09956000000238419,0.09483034908771515,0.09573999792337418,0.002637569192753711,20,0.012400000356137753,0.014519999735057354,0.013516099937260152,0.01351999957114458,0.0005041079527126657,20.0,0.2784009873867035,0.28568100929260254,0.2815228432416916,0.28120049834251404,0.0020025471544619245,20,0.02419999986886978,0.02555999904870987,0.02480415003374219,0.0246799997985363,0.00038092370684323203,20,0.14368000626564026,0.15564100444316864,0.14909240156412124,0.14906100183725357,0.002692182261218648,20,32,32,4096,11008,32768,True,False,False,1744,1,4096,11008,generic,generic,,,CUDA_EVENT,FP16,none
0.007040000054985285,0.026159999892115593,0.009667025017552077,0.009399999864399433,0.003379757303070795,40.0,0.009560000151395798,0.018079999834299088,0.010330000007525087,0.009700000286102295,0.001864784093847204,20.0,0.15200099349021912,0.2359209954738617,0.15766644924879075,0.15338049829006195,0.017989077323881334,20,0.06595999747514725,0.07736100256443024,0.07054824940860271,0.06986099854111671,0.0022706260672285417,20,0.06628099828958511,0.07176099717617035,0.06843824982643128,0.06797999888658524,0.0012190946098054626,20,0.012319999746978283,0.014399999752640724,0.013334049843251705,0.01340049970895052,0.0005326636433395346,20.0,0.2776409983634949,0.2897610068321228,0.2820728480815887,0.2812409996986389,0.002649746739382724,20,0.024080000817775726,0.029200000688433647,0.02526415018364787,0.025080500170588493,0.0010201887066887236,20,0.14428000152111053,0.15727999806404114,0.14850839748978614,0.14753999561071396,0.0032514126119493744,20,32,32,4096,11008,32768,True,False,False,1728,1,4096,11008,generic,generic,,,CUDA_EVENT,FP16,none
0.006719999946653843,0.01907999999821186,0.007697024941444397,0.006920000072568655,0.0022751246404069106,40.0,0.007400000002235174,0.014039999805390835,0.007995999976992607,0.007579999975860119,0.0014286160608856183,20.0,0.08324100077152252,0.1525609940290451,0.08805440068244934,0.08434050157666206,0.014839055373730346,20,0.06480000168085098,0.06948000192642212,0.06672415100038051,0.06652000173926353,0.001073613690058764,20,0.0493599995970726,0.05536000058054924,0.05115409977734089,0.05071999877691269,0.0015121576774752797,20,0.009320000186562538,0.01071999967098236,0.009637999860569835,0.009560000151395798,0.00035405652689126516,20.0,0.16808000206947327,0.17720100283622742,0.17048454880714417,0.1698404997587204,0.0020967439325305847,20,0.015720000490546227,0.01624000072479248,0.016022050101310015,0.01604000013321638,0.0001562239275261492,20,0.10248000174760818,0.11524000018835068,0.10702824927866458,0.1066410019993782,0.0031432945851525454,20,32,32,4096,11008,32768,True,False,False,968,1,4096,11008,generic,generic,,,CUDA_EVENT,FP16,none
0.006399999838322401,0.018519999459385872,0.007032024976797402,0.0065605000127106905,0.0018997873935514276,40.0,0.007040000054985285,0.015639999881386757,0.007604000065475703,0.007160000037401915,0.0018447720306553473,20.0,0.07859999686479568,0.1262809932231903,0.08196034841239452,0.07952049747109413,0.010198782444671654,20,0.05804000049829483,0.06663999706506729,0.060534199327230455,0.06039999984204769,0.0016746644315503046,20,0.04715999960899353,0.052000999450683594,0.04836409986019134,0.048180000856518745,0.0009436774836806347,20,0.00863999966531992,0.012719999998807907,0.009030049853026866,0.008840000256896019,0.0008516132377518927,20.0,0.1444000005722046,0.14803999662399292,0.14618249908089637,0.14622049778699875,0.0010719047202853967,20,0.014440000057220459,0.0175199992954731,0.014967999886721373,0.014819999691098928,0.000634803796304085,20,0.08055999875068665,0.08752000331878662,0.08207229971885681,0.08171999827027321,0.0014357920318728938,20,32,32,4096,11008,32768,True,False,False,832,1,4096,11008,generic,generic,,,CUDA_EVENT,FP16,none
0.006639999803155661,0.01711999997496605,0.007351024926174432,0.006839999929070473,0.0017047731696742028,40.0,0.007360000163316727,0.009999999776482582,0.007724000001326203,0.007519999984651804,0.0005871830815253252,20.0,0.10171999782323837,0.14448000490665436,0.1050383497029543,0.10278049856424332,0.00910660375927858,20,0.06548099964857101,0.07199999690055847,0.06846619881689549,0.06817999854683876,0.0014493504919257444,20,0.047680001705884933,0.0522800013422966,0.048890150338411334,0.04862000048160553,0.0010469752516217292,20,0.009159999899566174,0.014041000045835972,0.009710099874064326,0.009440000168979168,0.001016605234860849,20.0,0.15267999470233917,0.15780100226402283,0.15423249825835228,0.15422049909830093,0.0014234039107535977,20,0.015239999629557133,0.016440000385046005,0.015548000065609812,0.015459999907761812,0.00024725709920054174,20,0.11388000100851059,0.11851999908685684,0.11594634987413883,0.11572099849581718,0.0013169918488853925,20,32,32,4096,11008,32768,True,False,False,920,1,4096,11008,generic,generic,,,CUDA_EVENT,FP16,none
0.006200000178068876,0.03084000013768673,0.007271025038789958,0.0063599999994039536,0.004093476751955749,40.0,0.006479999981820583,0.02452000044286251,0.007791999960318208,0.006719999946653843,0.0038799506305173697,20.0,0.06775999814271927,0.13748100399971008,0.07243419885635376,0.0691399984061718,0.014934472297352973,20,0.05979999899864197,0.06567999720573425,0.062216199934482574,0.06202000007033348,0.0015116529660270013,20,0.03764000162482262,0.061039999127388,0.03930010013282299,0.03818050026893616,0.004994394667055235,20,0.007639999967068434,0.008919999934732914,0.008002000069245696,0.007939999923110008,0.00034420345895889743,20.0,0.10064099729061127,0.11447999626398087,0.1030203491449356,0.10231999680399895,0.0029318793409826857,20,0.012640000320971012,0.017400000244379044,0.013164050038903951,0.0129399998113513,0.000991457373607237,20,0.0872809961438179,0.09012100100517273,0.08845634981989861,0.0882599987089634,0.0007488001006402573,20,32,32,4096,11008,32768,True,False,False,560,1,4096,11008,generic,generic,,,CUDA_EVENT,FP16,none
0.006839999929070473,0.016720000654459,0.008620049967430533,0.008840000256896019,0.0019072515392066626,40.0,0.009159999899566174,0.013199999928474426,0.009963999968022108,0.009519999846816063,0.001088918713194302,20.0,0.1390800029039383,0.18380099534988403,0.1429144486784935,0.14107999950647354,0.00942665249895588,20,0.06524000316858292,0.07180000096559525,0.06749820075929165,0.06714000180363655,0.0013540816566144582,20,0.08207999914884567,0.09160000085830688,0.08493025004863738,0.0850600004196167,0.0019184988635997905,20,0.01155999954789877,0.01655999943614006,0.012941999919712543,0.012839999981224537,0.0009717180314830461,20.0,0.23848100006580353,0.24848100543022156,0.2428608000278473,0.2423809990286827,0.0019472310492998836,20,0.021959999576210976,0.02807999961078167,0.023108199890702962,0.02278050035238266,0.0012609348316916064,20,0.1390399932861328,0.14772099256515503,0.14307039827108384,0.14272049814462662,0.0023010240405605363,20,32,32,4096,11008,32768,True,False,False,1568,1,4096,11008,generic,generic,,,CUDA_EVENT,FP16,none
0.0063599999994039536,0.017079999670386314,0.006897049944382161,0.006519999820739031,0.001795912934076317,40.0,0.006920000072568655,0.01152000017464161,0.007245999947190285,0.00699999975040555,0.0009836483637810634,20.0,0.06904000043869019,0.11327999830245972,0.07197425030171871,0.06942000240087509,0.009533078252675985,20,0.05660000070929527,0.061719998717308044,0.05932019967585802,0.059299999848008156,0.0010451812593941854,20,0.039639998227357864,0.04468100145459175,0.040784099884331224,0.040480000898242,0.001186716659506079,20,0.008440000005066395,0.008840000256896019,0.008595999889075756,0.008559999987483025,9.372305789903038e-05,20.0,0.12904000282287598,0.13991999626159668,0.1311663992702961,0.1304204985499382,0.0024433032013432567,20,0.013079999946057796,0.01360000018030405,0.013315999880433083,0.013279999606311321,0.0001501465846109599,20,0.09528099745512009,0.10044000297784805,0.0974682990461588,0.09715999662876129,0.0016132794554054098,20,32,32,4096,11008,32768,True,False,False,768,1,4096,11008,generic,generic,,,CUDA_EVENT,FP16,none
0.006680000107735395,0.023080000653862953,0.007700024975929409,0.006800000090152025,0.0028895324080243727,40.0,0.007199999876320362,0.013559999875724316,0.007795999990776181,0.007459999993443489,0.001337573896533327,20.0,0.10000099986791611,0.1679999977350235,0.10534429959952832,0.10212050005793571,0.014399165999039329,20,0.06236099824309349,0.06895999610424042,0.06546224895864725,0.065140001475811,0.0015922051222599571,20,0.047481000423431396,0.05228099972009659,0.0482641501352191,0.048079999163746834,0.0009943404030847227,20,0.008960000239312649,0.01116000022739172,0.00927005005069077,0.009160500019788742,0.00047578259842865673,20.0,0.15228000283241272,0.15448099374771118,0.15303445160388945,0.15292100608348846,0.0004891756026792248,20,0.015200000256299973,0.016759999096393585,0.01551199983805418,0.015479999594390392,0.0003350461481734781,20,0.11456000059843063,0.12272000312805176,0.1166464000940323,0.11602050065994263,0.0021867961294023755,20,32,32,4096,11008,32768,True,False,False,904,1,4096,11008,generic,generic,,,CUDA_EVENT,FP16,none
0.006680000107735395,0.017640000209212303,0.007574024971108884,0.006839999929070473,0.0023149781234962324,40.0,0.007240000180900097,0.010879999957978725,0.007745999959297478,0.007400000002235174,0.000935373724221976,20.0,0.07764100283384323,0.1215599998831749,0.08066425062716007,0.0782805010676384,0.009413011544446636,20,0.06151999905705452,0.06651999801397324,0.06407419983297587,0.06402049958705902,0.0009665289525750136,20,0.04868000000715256,0.05172000080347061,0.0493622001260519,0.04917999915778637,0.0006295835958623831,20,0.008999999612569809,0.009519999846816063,0.00914199985563755,0.009119999594986439,0.00010693926382844078,20.0,0.14431999623775482,0.15328000485897064,0.14741250053048133,0.14738000184297562,0.0017353724143267845,20,0.014560000039637089,0.01600000075995922,0.014956000028178096,0.014879999682307243,0.000340329312483494,20,0.09480000287294388,0.10047999769449234,0.09716834910213948,0.09680049866437912,0.00153957037692289,20,32,32,4096,11008,32768,True,False,False,856,1,4096,11008,generic,generic,,,CUDA_EVENT,FP16,none
0.0061599998734891415,0.02476000040769577,0.007030025019776076,0.006320000160485506,0.0032448147491445753,40.0,0.006240000016987324,0.02184000052511692,0.007569999992847442,0.006560000125318766,0.0034757417309308858,20.0,0.06120000034570694,0.13008099794387817,0.06568625010550022,0.06246049888432026,0.014790050267881173,20,0.057679999619722366,0.06799999624490738,0.06072414983063936,0.060680000111460686,0.002088575572132591,20,0.03700000047683716,0.06672000139951706,0.039654200151562694,0.03823999874293804,0.006261344809365221,20,0.007240000180900097,0.0083600003272295,0.007519999984651804,0.0074800001457333565,0.0002478709429247359,20.0,0.0878399983048439,0.10424099862575531,0.0896042998880148,0.08854099735617638,0.0035123638755189326,20,0.010440000332891941,0.015320000238716602,0.011432099994271994,0.010639999993145466,0.0015707634487430791,20,0.08584100008010864,0.08884000033140182,0.08713024966418743,0.0870404988527298,0.0007936044185953572,20,32,32,4096,11008,32768,True,False,False,496,1,4096,11008,generic,generic,,,CUDA_EVENT,FP16,none
0.006920000072568655,0.023760000243782997,0.008842049958184361,0.008919999934732914,0.0029778415091780237,40.0,0.009200000204145908,0.014240000396966934,0.010009999899193645,0.009519999846816063,0.0012896434898517519,20.0,0.17712099850177765,0.25384101271629333,0.1824506513774395,0.17828049510717392,0.016428589338051393,20,0.07328099757432938,0.0801599994301796,0.07579224929213524,0.07579999789595604,0.0013252064452628427,20,0.07332000136375427,0.07976000010967255,0.07650819979608059,0.07572049647569656,0.0021473517809318453,20,0.01119999960064888,0.014560000039637089,0.011806049849838018,0.011579999700188637,0.00077514873143333,20.0,0.2704010009765625,0.2770810127258301,0.2726267993450165,0.27264049649238586,0.001670489515773774,20,0.023280000314116478,0.027160000056028366,0.024016100075095893,0.023760000243782997,0.0008915831911883044,20,0.13432100415229797,0.14176000654697418,0.1385164000093937,0.13900049775838852,0.0022433582664727063,20,32,32,4096,11008,32768,True,False,False,1616,1,4096,11008,generic,generic,,,CUDA_EVENT,FP16,none
0.007040000054985285,0.023320000618696213,0.00912199994781986,0.009339999873191118,0.002798627610215692,40.0,0.009239999577403069,0.021719999611377716,0.010400099866092204,0.009500000160187483,0.002726671903967806,20.0,0.1390800029039383,0.20968100428581238,0.14402244985103607,0.1398410052061081,0.015150131596020947,20,0.06564000248908997,0.0724010020494461,0.06741624921560288,0.06695999950170517,0.0015528595024219922,20,0.0722000002861023,0.0822409987449646,0.07628025002777576,0.0764004997909069,0.002544751743572578,20,0.01143999956548214,0.015960000455379486,0.012375999893993139,0.011880000121891499,0.001183445956051559,20.0,0.2719210088253021,0.28544101119041443,0.276076902449131,0.2748810052871704,0.0033320859098935566,20,0.021959999576210976,0.02831999957561493,0.022920099832117558,0.02270049974322319,0.0013169175620221648,20,0.13228000700473785,0.14499999582767487,0.13853240013122559,0.13929999619722366,0.0029724007476414345,20,32,32,4096,11008,32768,True,False,False,1600,1,4096,11008,generic,generic,,,CUDA_EVENT,FP16,none
0.006920000072568655,0.01720000058412552,0.008331999997608364,0.00848000030964613,0.0018004267300664254,40.0,0.008799999952316284,0.013561000116169453,0.009510049922391772,0.009039999917149544,0.00114531443628715,20.0,0.13339999318122864,0.17455999553203583,0.13684444949030877,0.1343809962272644,0.008837510016412455,20,0.06532000005245209,0.07140100002288818,0.06678414978086948,0.06623999774456024,0.001611355702816976,20,0.05780100077390671,0.06252100318670273,0.058994350209832194,0.05867999978363514,0.0010838732008319868,20,0.01095999963581562,0.0116799995303154,0.011168049788102508,0.011119999922811985,0.00019913620384740116,20.0,0.262719988822937,0.2698409855365753,0.2659408003091812,0.2653610110282898,0.001868635783527548,20,0.021199999377131462,0.023479999974370003,0.021944049932062625,0.02175999991595745,0.0006366363558058155,20,0.13592000305652618,0.14176100492477417,0.13807245045900346,0.1377604976296425,0.001564490741456306,20,32,32,4096,11008,32768,True,False,False,1440,1,4096,11008,generic,generic,,,CUDA_EVENT,FP16,none
0.0063599999994039536,0.02143999934196472,0.007443024963140488,0.006519999820739031,0.0026008261406092847,40.0,0.00675999978557229,0.009879999794065952,0.007155999983660876,0.00687999976798892,0.0008236406987787186,20.0,0.07624000310897827,0.12036000192165375,0.07972420006990433,0.07714099809527397,0.00944722998257283,20,0.05683999881148338,0.062119998037815094,0.0595101997256279,0.05939999967813492,0.0011324909036760516,20,0.038600001484155655,0.0405610017478466,0.039314199797809125,0.03920049965381622,0.0004653671257512315,20,0.008200000040233135,0.00851999968290329,0.008368049981072545,0.00838000001385808,8.155515118666516e-05,20.0,0.1435209959745407,0.15452000498771667,0.14589039832353592,0.14470049738883972,0.0028904148098130725,20,0.012360000051558018,0.017680000513792038,0.012954100081697107,0.012600000016391277,0.0011709165397605077,20,0.07304099947214127,0.0790800005197525,0.07464425005018711,0.07378000020980835,0.001916024929498952,20,32,32,4096,11008,32768,True,False,False,704,1,4096,11008,generic,generic,,,CUDA_EVENT,FP16,none
0.0061599998734891415,0.02404000051319599,0.007015025010332465,0.006279999855905771,0.0030231739226183212,40.0,0.0061599998734891415,0.015359999611973763,0.006740000029094517,0.006320000160485506,0.0019789086953255408,20.0,0.055080998688936234,0.13064000010490417,0.06034419983625412,0.055980000644922256,0.016238007002366422,20,0.0522800013422966,0.05660099908709526,0.05320219993591309,0.05289999954402447,0.000983763592393667,20,0.028880000114440918,0.05852000042796135,0.035032099951058625,0.03259999863803387,0.008393870222790829,20,0.00675999978557229,0.012160000391304493,0.007216099929064512,0.006920000072568655,0.0011469738966472089,20.0,0.08736000210046768,0.10116100311279297,0.09530829973518848,0.0964599996805191,0.003907968585886911,20,0.010280000045895576,0.01128000020980835,0.010534000024199486,0.010479999706149101,0.00019360787931351538,20,0.053199999034404755,0.055879998952150345,0.05376409944146872,0.05360049940645695,0.0005693182356518776,20,32,32,4096,11008,32768,True,False,False,432,1,4096,11008,generic,generic,,,CUDA_EVENT,FP16,none
0.006560000125318766,0.015159999951720238,0.007034024933818728,0.006680000107735395,0.0014685061317842034,40.0,0.007240000180900097,0.008999999612569809,0.0075260000070556995,0.007419999921694398,0.00037614352999017036,20.0,0.07175999879837036,0.11048000305891037,0.074864199757576,0.07227999716997147,0.008279570895851424,20,0.061400000005960464,0.06716000288724899,0.06398219987750053,0.06358049809932709,0.0014339050642078654,20,0.04479999840259552,0.05580100044608116,0.04606019984930754,0.04529999941587448,0.0024474959968639985,20,0.00872000027447939,0.012280000373721123,0.00910400003194809,0.008840000256896019,0.0007835713749961699,20.0,0.13368099927902222,0.1372399926185608,0.13484435006976128,0.13457999378442764,0.0007929055522466659,20,0.014639999717473984,0.020360000431537628,0.015106050064787269,0.014840000309050083,0.001212403255347736,20,0.09675999730825424,0.10075999796390533,0.09828629978001117,0.09818049892783165,0.000980430643640921,20,32,32,4096,11008,32768,True,False,False,792,1,4096,11008,generic,generic,,,CUDA_EVENT,FP16,none
0.006639999803155661,0.0221599992364645,0.007542999926954508,0.006800000090152025,0.002751201654250553,40.0,0.007079999893903732,0.016920000314712524,0.007970000035129488,0.007280000019818544,0.0022149267093106487,20.0,0.07823999971151352,0.14984099566936493,0.08245019949972629,0.07847999781370163,0.015514165754363133,20,0.05747999995946884,0.06480000168085098,0.060866199620068076,0.060659999027848244,0.0016080877047967234,20,0.04808000102639198,0.06304000318050385,0.049908200092613694,0.04900049977004528,0.0031870055482683926,20,0.00863999966531992,0.012559999711811543,0.009272049926221371,0.008979999925941229,0.0008998426581421695,20.0,0.1443600058555603,0.15248000621795654,0.1471144013106823,0.14632049947977066,0.002283361891185276,20,0.014759999699890614,0.015399999916553497,0.014990099892020225,0.014979999978095293,0.00016444479735111504,20,0.094200000166893,0.10288000106811523,0.09668824970722198,0.09624050185084343,0.0018813717929712424,20,32,32,4096,11008,32768,True,False,False,840,1,4096,11008,generic,generic,,,CUDA_EVENT,FP16,none
0.006920000072568655,0.025040000677108765,0.008665024943184108,0.00872000027447939,0.002937291683349491,40.0,0.009119999594986439,0.017400000244379044,0.00996804991737008,0.009399999864399433,0.0018564567013753972,20.0,0.13228000700473785,0.20344099402427673,0.13787640109658242,0.13426049798727036,0.015102593211221359,20,0.06599999964237213,0.07171999663114548,0.06904424913227558,0.06881999969482422,0.0011813069959732234,20,0.05931999906897545,0.062199998646974564,0.06020219922065735,0.05994049832224846,0.0007787961676967416,20,0.01104000024497509,0.011799999512732029,0.011216049874201417,0.01116000022739172,0.00018036195879773907,20.0,0.24184000492095947,0.2486010044813156,0.24417684897780417,0.2438409924507141,0.0016226249699444828,20,0.022120999172329903,0.023719999939203262,0.02269804971292615,0.022679999470710754,0.0004063720861115089,20,0.12796099483966827,0.1406009942293167,0.13245834931731224,0.13206049799919128,0.0026717568086087828,20,32,32,4096,11008,32768,True,False,False,1488,1,4096,11008,generic,generic,,,CUDA_EVENT,FP16,none
0.007040000054985285,0.02428000047802925,0.008880049968138338,0.00875999964773655,0.0030137548606657223,40.0,0.00904100015759468,0.017520999535918236,0.00977009991183877,0.009320000186562538,0.0018003226851784956,20.0,0.1324000060558319,0.20927999913692474,0.1369623988866806,0.13284000009298325,0.016621252958108585,20,0.06332000344991684,0.07516100257635117,0.06704019941389561,0.066600002348423,0.0022081677201806664,20,0.05860099941492081,0.06176000088453293,0.05961210001260042,0.05928049981594086,0.0008231900301357765,20,0.01080000028014183,0.013039999641478062,0.01118409987539053,0.010979999788105488,0.0005292175345810937,20.0,0.24324099719524384,0.2491610050201416,0.24577875062823296,0.2455810010433197,0.001212816815730567,20,0.02151999995112419,0.02759999968111515,0.022585999965667725,0.022040000185370445,0.0015876660377348135,20,0.12776100635528564,0.14088000357151031,0.13199640139937402,0.13086000084877014,0.0034521892615971,20,32,32,4096,11008,32768,True,False,False,1472,1,4096,11008,generic,generic,,,CUDA_EVENT,FP16,none
0.006320000160485506,0.015600999817252159,0.006882024940568954,0.006479999981820583,0.0016791044684087173,40.0,0.006560000125318766,0.012959999963641167,0.007217999966815114,0.006700000027194619,0.0016185165988788133,20.0,0.061560001224279404,0.10732000321149826,0.06486804969608784,0.06196000054478645,0.009859836588084103,20,0.05551999807357788,0.06168099865317345,0.058972449786961076,0.05882050096988678,0.001471598413246279,20,0.03839999809861183,0.0602400004863739,0.040319999866187575,0.039159998297691345,0.004632442267895663,20,0.00788000039756298,0.009639999829232693,0.008234000019729137,0.008100000210106373,0.0004073867326451169,20.0,0.13196100294589996,0.14344100654125214,0.13628649935126305,0.13634049892425537,0.002386372331608966,20,0.012839999981224537,0.015279999934136868,0.013281999947503209,0.013120000250637531,0.000516677791538617,20,0.06943999975919724,0.07444000244140625,0.07201249971985817,0.07190049812197685,0.0011163394163172342,20,32,32,4096,11008,32768,True,False,False,640,1,4096,11008,generic,generic,,,CUDA_EVENT,FP16,none
0.006000000052154064,0.023800000548362732,0.007196000032126904,0.0062200000975281,0.003070984248513849,40.0,0.0060800001956522465,0.015599999576807022,0.0069839999778196216,0.0062200000975281,0.0021042584323821803,20.0,0.049959998577833176,0.12336000055074692,0.054434149712324145,0.05073999986052513,0.015827181169490268,20,0.05299999937415123,0.06359999626874924,0.054324299469590186,0.053460000082850456,0.002723181551759042,20,0.029839999973773956,0.06035999953746796,0.03345809979364276,0.030320500023663044,0.008399671811839449,20,0.006839999929070473,0.008840000256896019,0.0070559999672696,0.0069599999114871025,0.0004140338828915859,20.0,0.0722000002861023,0.09464000165462494,0.08581829965114593,0.08562050014734268,0.005103636645802263,20,0.010040000081062317,0.013399999588727951,0.010592000046744942,0.010320000350475311,0.0007794970892585708,20,0.061239998787641525,0.06304100155830383,0.061982199922204016,0.06198050081729889,0.00041556645779546514,20,32,32,4096,11008,32768,True,False,False,368,1,4096,11008,generic,generic,,,CUDA_EVENT,FP16,none
0.006519999820739031,0.01844000071287155,0.006987999926786869,0.006639999803155661,0.0018429369131224389,40.0,0.00699999975040555,0.008919999934732914,0.007259999960660934,0.007160000037401915,0.00040368304712360906,20.0,0.06920000165700912,0.11371999979019165,0.07240019999444484,0.06994049996137619,0.009542081280959184,20,0.06015999987721443,0.06636100262403488,0.06305220033973455,0.06280000135302544,0.0013740673463284625,20,0.04123999923467636,0.05144000053405762,0.04235209971666336,0.04169999994337559,0.0022029758136461724,20,0.00848000030964613,0.00875999964773655,0.008621999900788069,0.00863999966531992,6.384347893705219e-05,20.0,0.12912100553512573,0.13864099979400635,0.1313444994390011,0.1308399960398674,0.0022177091348657666,20,0.012799999676644802,0.014680000022053719,0.01333199986256659,0.013199999928474426,0.00044038164297633135,20,0.09668099880218506,0.10416000336408615,0.10019029974937439,0.10026000067591667,0.001841711353886051,20,32,32,4096,11008,32768,True,False,False,728,1,4096,11008,generic,generic,,,CUDA_EVENT,FP16,none
0.00687999976798892,0.01600000075995922,0.008081025024876,0.00788000039756298,0.0018613278521506624,40.0,0.008559999987483025,0.01348000019788742,0.00918005001731217,0.00873999996110797,0.0012506822743846237,20.0,0.12408000230789185,0.17316100001335144,0.12750234939157962,0.12498099729418755,0.010501592320885166,20,0.06436000019311905,0.06840000301599503,0.06513025015592575,0.064860500395298,0.0008651727418451628,20,0.05668000131845474,0.06095999851822853,0.05770214982330799,0.05747999995946884,0.0009354725964829193,20,0.010759999975562096,0.011481000110507011,0.010978099936619402,0.01093999994918704,0.0001900223232975083,20.0,0.20068000257015228,0.2074809968471527,0.20195864960551263,0.2017804980278015,0.001382031026620904,20,0.020160000771284103,0.024241000413894653,0.021450049988925458,0.02166000008583069,0.0010126890260352185,20,0.12544099986553192,0.13019999861717224,0.12743039950728416,0.12752000242471695,0.0013484016767140185,20,32,32,4096,11008,32768,True,False,False,1312,1,4096,11008,generic,generic,,,CUDA_EVENT,FP16,none
0.006519999820739031,0.023760000243782997,0.007385999953839928,0.006719999946653843,0.002899786941049256,40.0,0.0069599999114871025,0.013919999822974205,0.007583999983035028,0.007120000198483467,0.001523228124557604,20.0,0.07135999947786331,0.1398400068283081,0.07548434995114803,0.07203999906778336,0.01477363041929947,20,0.05764099955558777,0.06375999748706818,0.060576199740171435,0.060400500893592834,0.0013736382385974904,20,0.04368000105023384,0.06407999992370605,0.04580609984695912,0.044759999960660934,0.0042745393865993055,20,0.0083600003272295,0.013559999875724316,0.00904199993237853,0.008700000122189522,0.0011612734195324515,20.0,0.13255999982357025,0.14900000393390656,0.13497839793562888,0.1337204948067665,0.003646345976457993,20,0.01432000007480383,0.018120000138878822,0.014807999972254038,0.014620000030845404,0.0007910094892537964,20,0.09640000015497208,0.10468100011348724,0.09850439988076687,0.09812099859118462,0.0019252741542406695,20,32,32,4096,11008,32768,True,False,False,776,1,4096,11008,generic,generic,,,CUDA_EVENT,FP16,none
0.006240000016987324,0.015479999594390392,0.0069480000180192295,0.0063599999994039536,0.001720027873566194,40.0,0.006519999820739031,0.011359999887645245,0.006949999951757491,0.006719999946653843,0.0010270637658447144,20.0,0.06611999869346619,0.10740000009536743,0.0699583001434803,0.0679204985499382,0.00868819998560218,20,0.058400001376867294,0.06368099898099899,0.0605401499196887,0.06030000001192093,0.001289766043022268,20,0.04983999952673912,0.05875999853014946,0.051682000048458576,0.050599999725818634,0.0024780791010977922,20,0.0075599998235702515,0.008960000239312649,0.007830049935728311,0.0077599999494850636,0.0003027162106685175,20.0,0.10068099945783615,0.10367999970912933,0.10215424969792367,0.10201999917626381,0.0008836397865870226,20,0.012719999998807907,0.015080000273883343,0.013059999933466316,0.012880000285804272,0.000527408797381595,20,0.08680099993944168,0.09296000003814697,0.08808049969375134,0.08755999803543091,0.0015979473648167633,20,32,32,4096,11008,32768,True,False,False,576,1,4096,11008,generic,generic,,,CUDA_EVENT,FP16,none
0.006000000052154064,0.024119999259710312,0.0070119999931193885,0.0061599998734891415,0.003056484125944586,40.0,0.005919999908655882,0.015560000203549862,0.0068519999971613284,0.006039999891072512,0.0023860629559360096,20.0,0.04548000171780586,0.12467999756336212,0.050802099704742434,0.04624000005424023,0.017089911870355034,20,0.05139999836683273,0.0644410029053688,0.05285019967705011,0.05212000012397766,0.0027556102792506026,20,0.024960000067949295,0.053599998354911804,0.0384600498713553,0.03520049899816513,0.007989318009109386,20,0.00675999978557229,0.012160000391304493,0.0072039999300614,0.0068599998485296965,0.0011627485791814004,20.0,0.10707999765872955,0.11468099802732468,0.11084039844572544,0.11072000116109848,0.0015636664203125786,20,0.009879999794065952,0.014919999986886978,0.010444000037387014,0.010200000368058681,0.001054430630571575,20,0.042080000042915344,0.04312099888920784,0.04257020000368357,0.04256050102412701,0.0002749109690851476,20,32,32,4096,11008,32768,True,False,False,304,1,4096,11008,generic,generic,,,CUDA_EVENT,FP16,none
0.006399999838322401,0.018079999834299088,0.007067999965511262,0.006560000125318766,0.001927697044460124,40.0,0.006839999929070473,0.01056000031530857,0.007396049983799458,0.007079999893903732,0.000849539060851305,20.0,0.06651999801397324,0.10955999791622162,0.06962214931845664,0.06712000072002411,0.009218995823709743,20,0.061441000550985336,0.06772000342607498,0.06431224923580885,0.063960000872612,0.0015737944695950218,20,0.0405999980866909,0.049959998577833176,0.042294050194323064,0.04147999919950962,0.002208621775467252,20,0.00812000036239624,0.009200000204145908,0.00841400008648634,0.0083600003272295,0.00026115893915157253,20.0,0.1050800010561943,0.11480099707841873,0.10671839974820614,0.10578000172972679,0.0023068260355600567,20,0.012520000338554382,0.015639999881386757,0.012846000026911497,0.012660000007599592,0.0006620301818256953,20,0.08536099642515182,0.08912000060081482,0.0864241998642683,0.0862405002117157,0.0009559344546894313,20,32,32,4096,11008,32768,True,False,False,664,1,4096,11008,generic,generic,,,CUDA_EVENT,FP16,none
0.00699999975040555,0.02816000021994114,0.00843404997140169,0.008200000040233135,0.0033394288318221227,40.0,0.00848000030964613,0.015320000238716602,0.009172000084072351,0.00872000027447939,0.001476758665077681,20.0,0.12348099797964096,0.2056410014629364,0.1287044495344162,0.12456049770116806,0.017671227816748073,20,0.0652799978852272,0.06880000233650208,0.06635220013558865,0.06620050221681595,0.0007410480114799916,20,0.05751999840140343,0.05948000028729439,0.05830019973218441,0.05843999981880188,0.0004978355795581694,20,0.010639999993145466,0.011640000157058239,0.01087210001423955,0.01081999996677041,0.00020221202185892313,20.0,0.20176099240779877,0.20632000267505646,0.20367454886436462,0.20378049463033676,0.0013295600136520218,20,0.020400000736117363,0.023879999294877052,0.021759999822825192,0.021399999037384987,0.000988979227309729,20,0.12748099863529205,0.13436000049114227,0.12996645048260688,0.13010049611330032,0.0014618036333230132,20,32,32,4096,11008,32768,True,False,False,1344,1,4096,11008,generic,generic,,,CUDA_EVENT,FP16,none
0.00687999976798892,0.026760000735521317,0.00859200005652383,0.008200000040233135,0.003276024529263251,40.0,0.008440000005066395,0.016720000654459,0.009490000130608679,0.008760000113397837,0.002298725926666218,20.0,0.13148100674152374,0.20284099876880646,0.13617039918899537,0.13266050070524216,0.015317035467891925,20,0.06552000343799591,0.07088000327348709,0.06746020019054413,0.06727999821305275,0.0011288276155483484,20,0.057679999619722366,0.06032000109553337,0.058950200118124484,0.058960000053048134,0.0005788029147504993,20,0.010999999940395355,0.011521000415086746,0.011210049828514456,0.01116000022739172,0.0001502367178144583,20.0,0.2377610057592392,0.241240993142128,0.2394506998360157,0.2393210008740425,0.0009654224178452442,20,0.02043999917805195,0.02112000063061714,0.020794000010937452,0.020759999752044678,0.00023161191535962683,20,0.11996100097894669,0.1300410032272339,0.12275439947843551,0.12198000028729439,0.0023284594436133142,20,32,32,4096,11008,32768,True,False,False,1360,1,4096,11008,generic,generic,,,CUDA_EVENT,FP16,none
0.006560000125318766,0.023959999904036522,0.007533049990888685,0.006680000107735395,0.0030072824356358377,40.0,0.00675999978557229,0.014720000326633453,0.007386049954220653,0.006920000072568655,0.0017129710290878797,20.0,0.07611999660730362,0.15648099780082703,0.08122024983167649,0.07691999897360802,0.01734024377786872,20,0.05771999806165695,0.06363999843597412,0.06029214970767498,0.060180000960826874,0.0010571586355073866,20,0.03936000168323517,0.056439999490976334,0.04071219936013222,0.03969999961555004,0.0036513821400812963,20,0.00824000034481287,0.009399999864399433,0.008446000050753355,0.00839999970048666,0.00023435866390099757,20.0,0.1422010064125061,0.15688100457191467,0.1462745487689972,0.14496050029993057,0.003703584481463148,20,0.012559999711811543,0.017880000174045563,0.013368050009012223,0.012779999990016222,0.0013635906219389429,20,0.08280099928379059,0.08739999681711197,0.08422420024871827,0.08419999852776527,0.0010923787604213086,20,32,32,4096,11008,32768,True,False,False,712,1,4096,11008,generic,generic,,,CUDA_EVENT,FP16,none
0.006800000090152025,0.016999999061226845,0.008030024950858205,0.007840000092983246,0.0019757879950769853,40.0,0.00800000037997961,0.014440000057220459,0.008838000008836389,0.00827999971807003,0.0016147556628778583,20.0,0.10156100243330002,0.14340099692344666,0.10459834970533848,0.10220049694180489,0.0089757459533679,20,0.06827999651432037,0.0740400031208992,0.07058020047843457,0.07028000056743622,0.001421360134151295,20,0.04899999871850014,0.05407999828457832,0.049604200012981894,0.04934000037610531,0.001063818483315809,20,0.009999999776482582,0.011479999870061874,0.010180000169202685,0.010080000385642052,0.0003068549443692457,20.0,0.19220000505447388,0.20244100689888,0.1943847008049488,0.19381999969482422,0.0020992228188351724,20,0.018079999834299088,0.02027999982237816,0.018492099922150375,0.018380500376224518,0.0004889270067794506,20,0.12320099771022797,0.1278810054063797,0.12438240014016629,0.12398049980401993,0.001059549008991127,20,32,32,4096,11008,32768,True,False,False,1184,1,4096,11008,generic,generic,,,CUDA_EVENT,FP16,none
0.006200000178068876,0.016039999201893806,0.006932000024244189,0.006320000160485506,0.0017568424975878997,40.0,0.006320000160485506,0.01056000031530857,0.006729999976232648,0.006399999838322401,0.0009934888371880967,20.0,0.05987999960780144,0.1027199998497963,0.06340619958937169,0.061140500009059906,0.009119978833324872,20,0.056481000036001205,0.06503999978303909,0.058792199939489365,0.058480000123381615,0.0017806502244220163,20,0.03815999999642372,0.055240001529455185,0.03992210011929274,0.039000000804662704,0.0035520841615330244,20,0.00699999975040555,0.007319999858736992,0.007200050028041005,0.007240000180900097,9.554082159063087e-05,20.0,0.08668000251054764,0.0982000008225441,0.08813030049204826,0.08762050047516823,0.002373558274377195,20,0.010639999993145466,0.011239999905228615,0.010951999900862574,0.010979999788105488,0.00014620531958226126,20,0.08668000251054764,0.09319999814033508,0.08944430015981197,0.08944050222635269,0.0015758765782214956,20,32,32,4096,11008,32768,True,False,False,512,1,4096,11008,generic,generic,,,CUDA_EVENT,FP16,none
0.005880000069737434,0.021920999512076378,0.006749025010503828,0.0060800001956522465,0.0029492569735956728,40.0,0.005919999908655882,0.030519999563694,0.007352000009268523,0.006040000123903155,0.005322760081202372,20.0,0.0392800010740757,0.122079998254776,0.045328150130808355,0.04003999941051006,0.018133065549899928,20,0.05048099905252457,0.06803999841213226,0.0525221997871995,0.050999999046325684,0.0039029153663828293,20,0.042360998690128326,0.0530799999833107,0.04634424988180399,0.04612000100314617,0.0019208956996010185,20,0.006039999891072512,0.011880000121891499,0.00668200000654906,0.006200000178068876,0.0013061990672628126,20.0,0.07732000201940536,0.0859609991312027,0.08238624967634678,0.08233999833464622,0.0016815502235977295,20,0.007639999967068434,0.00839999970048666,0.007916050031781197,0.00788000039756298,0.00018323869974398694,20,0.0573199987411499,0.059119999408721924,0.05831414982676506,0.058399999514222145,0.00042129102041603726,20,32,32,4096,11008,32768,True,False,False,240,1,4096,11008,generic,generic,,,CUDA_EVENT,FP16,none
0.0063599999994039536,0.016359999775886536,0.00704504995374009,0.006519999820739031,0.0018088107678099776,40.0,0.006519999820739031,0.008840000256896019,0.006880049966275692,0.006599999964237213,0.0006021030688619241,20.0,0.0854400023818016,0.1340399980545044,0.09029220007359981,0.08748000115156174,0.0102071592662791,20,0.06016099825501442,0.06908000260591507,0.06262629982084036,0.06216049939393997,0.0020519440465647915,20,0.0350009985268116,0.0368800014257431,0.03580215014517307,0.035739999264478683,0.0005539712314494358,20,0.007799999788403511,0.00872000027447939,0.00799400000832975,0.00791999977082014,0.0002231681944689244,20.0,0.12188000231981277,0.13044099509716034,0.12544839903712274,0.12482049688696861,0.0028856113909883248,20,0.012400000356137753,0.013559999875724316,0.012762100016698242,0.01269999984651804,0.0003112356380330346,20,0.06055999919772148,0.06452000141143799,0.06251405030488968,0.0625,0.0009567326205825574,20,32,32,4096,11008,32768,True,False,False,600,1,4096,11008,generic,generic,,,CUDA_EVENT,FP16,none
0.006560000125318766,0.021239999681711197,0.0074509999481961135,0.006659999955445528,0.0027912432080672367,40.0,0.006639999803155661,0.01384000014513731,0.007152049895375967,0.00675999978557229,0.001537604966051453,20.0,0.06644000113010406,0.1401209980249405,0.07103830017149448,0.06695999950170517,0.015895421249701638,20,0.058720000088214874,0.06487999856472015,0.06107814963907003,0.060759998857975006,0.0015850819806447905,20,0.04032000154256821,0.06564000248908997,0.04220415018498898,0.04074049927294254,0.005465151760964157,20,0.007960000075399876,0.012760000303387642,0.008394050039350986,0.0081599997356534,0.0010132308446451647,20.0,0.10520099848508835,0.11584100127220154,0.10696234926581383,0.10588099807500839,0.0028285952863507176,20,0.012439999729394913,0.01336000021547079,0.012661999929696322,0.01257999986410141,0.00022252191758363109,20,0.08343999832868576,0.08588100224733353,0.08446424938738346,0.08430000022053719,0.0006778563271905181,20,32,32,4096,11008,32768,True,False,False,648,1,4096,11008,generic,generic,,,CUDA_EVENT,FP16,none
0.006120000034570694,0.01759999990463257,0.006804025021847337,0.006240000016987324,0.0020033061834510493,40.0,0.0061599998734891415,0.011359999887645245,0.006575999991036951,0.006320000160485506,0.0011042028546927039,20.0,0.054760999977588654,0.09759999811649323,0.058510249853134154,0.055760499089956284,0.009151068424121342,20,0.05048000067472458,0.05435999855399132,0.05130024962127209,0.051159998401999474,0.0007892538789816857,20,0.028039999306201935,0.055319998413324356,0.03161809975281358,0.02850000001490116,0.00779513684187897,20,0.006800000090152025,0.007960000075399876,0.006949999928474426,0.00687999976798892,0.0002455606097532309,20.0,0.07547999918460846,0.09672000259160995,0.08498025014996528,0.0834599994122982,0.0066426520411288085,20,0.010280000045895576,0.010520000010728836,0.010412049945443869,0.010400000028312206,6.339437449565764e-05,20,0.05100100114941597,0.055080000311136246,0.05323609970510006,0.0532200001180172,0.0010498001164256613,20,32,32,4096,11008,32768,True,False,False,448,1,4096,11008,generic,generic,,,CUDA_EVENT,FP16,none
0.006920000072568655,0.02263999916613102,0.00822302494198084,0.007879999931901693,0.002550525693477524,40.0,0.0081599997356534,0.016839999705553055,0.008744050050154328,0.00826000003144145,0.0018688192365379384,20.0,0.09728000313043594,0.1711210012435913,0.10187430009245872,0.09822050109505653,0.015899194079431692,20,0.06960000097751617,0.07568100094795227,0.0717601504176855,0.07145999744534492,0.0015681495186437126,20,0.05044100061058998,0.05384000018239021,0.051120199635624884,0.0508200004696846,0.0008140763978319052,20,0.010040000081062317,0.013240000233054161,0.010402000090107322,0.010200000368058681,0.0006708174549513548,20.0,0.1945600062608719,0.19988100230693817,0.1965046003460884,0.19641999900341034,0.0012328446876792847,20,0.018239999189972878,0.030319999903440475,0.020408049784600736,0.01901999954134226,0.0034546352223405927,20,0.11980099976062775,0.1295199990272522,0.12226849980652332,0.12161999940872192,0.0022327563701882943,20,32,32,4096,11008,32768,True,False,False,1216,1,4096,11008,generic,generic,,,CUDA_EVENT,FP16,none
0.006839999929070473,0.026200000196695328,0.008367999945767224,0.007799999788403511,0.0032236154267632606,40.0,0.00827999971807003,0.014999999664723873,0.008829999994486571,0.008440000005066395,0.0014349842476888005,20.0,0.09724000096321106,0.16812099516391754,0.10164834968745709,0.09802050143480301,0.0152602805576054,20,0.0692799985408783,0.07952000200748444,0.07351024933159352,0.07334049791097641,0.00247083671820143,20,0.050919998437166214,0.0554409995675087,0.0515302499756217,0.05131999962031841,0.0009486343817926482,20,0.010239999741315842,0.010879999957978725,0.010372049966827035,0.010320500005036592,0.00014258627945607717,20.0,0.19616100192070007,0.20284000039100647,0.197902549803257,0.19774100184440613,0.0013329179122737226,20,0.018519999459385872,0.03156000003218651,0.020336149819195272,0.01932050008326769,0.0028260055470583213,20,0.11896099895238876,0.12651999294757843,0.12235644832253456,0.12228100001811981,0.0015598017107743877,20,32,32,4096,11008,32768,True,False,False,1232,1,4096,11008,generic,generic,,,CUDA_EVENT,FP16,none
0.005919999908655882,0.028920000419020653,0.006800025049597025,0.006039999891072512,0.0037400481932255004,40.0,0.005960000213235617,0.01955999992787838,0.006722000008448958,0.006039999891072512,0.002946033924647243,20.0,0.04763999953866005,0.1157199963927269,0.0581101993098855,0.054000498726964,0.014986017597084728,20,0.05448000133037567,0.07135999947786331,0.06010415013879537,0.059140000492334366,0.004118805260363476,20,0.04067999869585037,0.050519999116659164,0.04498420003801584,0.04464000090956688,0.0021853189396950213,20,0.0060800001956522465,0.009920000098645687,0.006380000011995434,0.006200000178068876,0.0008144200584604131,20.0,0.07311999797821045,0.0769210010766983,0.0744502991437912,0.07434099912643433,0.0011636000012257004,20,0.007040000054985285,0.009239999577403069,0.007298000040464103,0.0072200000286102295,0.0004519246634511445,20,0.03723999857902527,0.04067999869585037,0.038518050126731394,0.03824000060558319,0.0008478208947906051,20,32,32,4096,11008,32768,True,False,False,176,1,4096,11008,generic,generic,,,CUDA_EVENT,FP16,none
0.006680000107735395,0.016440000385046005,0.007641050009988248,0.007240000180900097,0.001728047812723601,40.0,0.007840000092983246,0.01080000028014183,0.008208050159737468,0.007940500043332577,0.0007811191805661404,20.0,0.0870010033249855,0.13260099291801453,0.09014239944517613,0.08796050027012825,0.009754482738458739,20,0.06840000301599503,0.07287999987602234,0.06981025040149688,0.06948050111532211,0.0011093097255970264,20,0.047520000487565994,0.049320001155138016,0.04802399948239326,0.047919999808073044,0.0004010787874730836,20,0.009759999811649323,0.012240000069141388,0.010080000106245279,0.00989999994635582,0.0005484523635165639,20.0,0.17260099947452545,0.17720100283622742,0.17426075115799905,0.1740809977054596,0.0009626295364952083,20,0.017079999670386314,0.018160000443458557,0.017490050103515387,0.01744000054895878,0.0002770398782786566,20,0.1165200024843216,0.12231999635696411,0.11797815039753914,0.11752000078558922,0.001355892202640526,20,32,32,4096,11008,32768,True,False,False,1056,1,4096,11008,generic,generic,,,CUDA_EVENT,FP16,none
0.0063599999994039536,0.01396000012755394,0.006911999976728112,0.006479999981820583,0.001348990749163782,40.0,0.006440000142902136,0.00851999968290329,0.006884049973450601,0.006719999946653843,0.0005718387207252665,20.0,0.066600002348423,0.10732100158929825,0.07022025026381015,0.06782050058245659,0.00862970067157412,20,0.05976000055670738,0.06592100113630295,0.06293620001524687,0.06285999715328217,0.001607743291122288,20,0.03764000162482262,0.049320001155138016,0.038790099509060386,0.038100000470876694,0.0024666324316866407,20,0.007519999984651804,0.008320000022649765,0.007790049980394542,0.0077599999494850636,0.0001609628915193379,20.0,0.09675999730825424,0.11112099885940552,0.09921634867787361,0.09883999824523926,0.002850880979442433,20,0.012400000356137753,0.014120000414550304,0.012798049999400974,0.012640499975532293,0.00042244561708464296,20,0.08631999790668488,0.08964099735021591,0.08705224990844726,0.08698049932718277,0.000685630761033391,20,32,32,4096,11008,32768,True,False,False,536,1,4096,11008,generic,generic,,,CUDA_EVENT,FP16,none
0.0060800001956522465,0.016519999131560326,0.006819000048562884,0.006240000016987324,0.0018154665021574508,40.0,0.006039999891072512,0.010879999957978725,0.0065540499985218045,0.006279999855905771,0.0010190214034794447,20.0,0.04928100109100342,0.08963999897241592,0.05216014962643385,0.050100499764084816,0.008629960231728387,20,0.05139999836683273,0.05324000120162964,0.05201214961707592,0.05193999968469143,0.0004173449053539234,20,0.029559999704360962,0.05592099949717522,0.03150214999914169,0.02988000027835369,0.005728101949735014,20,0.007040000054985285,0.012079999782145023,0.007368000061251223,0.007120000198483467,0.0010818945701872582,20.0,0.07103999704122543,0.09136000275611877,0.0735862497240305,0.07208050042390823,0.004384027562907648,20,0.010119999758899212,0.01104000024497509,0.010360000003129245,0.010300000198185444,0.00020079847898385553,20,0.06140099838376045,0.06543999910354614,0.06247224975377321,0.06216000020503998,0.0010135051454644027,20,32,32,4096,11008,32768,True,False,False,384,1,4096,11008,generic,generic,,,CUDA_EVENT,FP16,none
0.006440000142902136,0.021399999037384987,0.007180024916306138,0.006580000044777989,0.0026814108889784134,40.0,0.006560000125318766,0.012959999963641167,0.007255999953486025,0.006639999803155661,0.001767366374073207,20.0,0.08427999913692474,0.1873209923505783,0.09229434914886951,0.08750000223517418,0.021884572407687885,20,0.05660000070929527,0.06199999898672104,0.05809009987860918,0.05769999884068966,0.0014664918096550688,20,0.03443999961018562,0.03672099858522415,0.03541419990360737,0.03530050069093704,0.0007077895525661027,20,0.007639999967068434,0.0116799995303154,0.008252050029113889,0.00791999977082014,0.000965471216425317,20.0,0.12275999784469604,0.1462009996175766,0.12900030016899108,0.12812050431966782,0.004717212280350746,20,0.012439999729394913,0.013480999507009983,0.012714099977165461,0.012679999694228172,0.00022788866263329753,20,0.05948000028729439,0.0628810003399849,0.06100814957171678,0.06082000024616718,0.0009869336864472206,20,32,32,4096,11008,32768,True,False,False,584,1,4096,11008,generic,generic,,,CUDA_EVENT,FP16,none
0.005760000087320805,0.029519999399781227,0.006967024970799684,0.005960000213235617,0.0038735126200491257,40.0,0.005880000069737434,0.01711999997496605,0.009190049930475652,0.009259999729692936,0.002430274269525863,20.0,0.06188099831342697,0.11376000195741653,0.07481824904680252,0.0712599977850914,0.011642803353674203,20,0.0559999980032444,0.07532099634408951,0.06109819989651442,0.060360001400113106,0.004227449550969135,20,0.042160000652074814,0.04715999960899353,0.04365609977394343,0.04363999888300896,0.0010801428478569765,20,0.005960000213235617,0.009999999776482582,0.006676000053994357,0.006300000008195639,0.0009640663460910254,20.0,0.0618400014936924,0.06548000127077103,0.06364210043102503,0.06354000046849251,0.0008688290950816198,20,0.00687999976798892,0.01083999965339899,0.007182049890980124,0.0069599999114871025,0.000849688038328948,20,0.03020000085234642,0.04487999901175499,0.03239404996857047,0.030780000612139702,0.003644818691546407,20,32,32,4096,11008,32768,True,False,False,112,1,4096,11008,generic,generic,,,CUDA_EVENT,FP16,none
0.00687999976798892,0.028200000524520874,0.008447024947963655,0.007639999967068434,0.003586814651899667,40.0,0.007840000092983246,0.01607999950647354,0.008470050105825067,0.007960500195622444,0.0018014462561583731,20.0,0.08884000033140182,0.1597599983215332,0.09324845001101494,0.08932000026106834,0.015301993878819604,20,0.06703999638557434,0.07184000313282013,0.07028799951076507,0.07025999948382378,0.0011486066794864618,20,0.04879999905824661,0.05195999890565872,0.049660099856555465,0.049459999427199364,0.0006860379993081804,20,0.009720000438392162,0.012919999659061432,0.010092050023376941,0.009820000268518925,0.0008415121585264272,20.0,0.17584100365638733,0.17920100688934326,0.17718275040388107,0.1771399974822998,0.0008221903184212625,20,0.01759999990463257,0.018360000103712082,0.01785999983549118,0.017839999869465828,0.00017320504462410108,20,0.11648000031709671,0.12216000258922577,0.1190942496061325,0.11867999657988548,0.001377722890912129,20,32,32,4096,11008,32768,True,False,False,1088,1,4096,11008,generic,generic,,,CUDA_EVENT,FP16,none
0.006680000107735395,0.015599999576807022,0.007329024956561625,0.00687999976798892,0.0014794114790535402,40.0,0.0075599998235702515,0.009560000151395798,0.007886050012893974,0.007779999868944287,0.0004308265296689192,20.0,0.08299999684095383,0.12112099677324295,0.08611430004239082,0.08394000306725502,0.008094892972591137,20,0.06592000275850296,0.07004000246524811,0.06725029982626438,0.06684000045061111,0.0010806736469419847,20,0.049559999257326126,0.05063999816775322,0.050084099918603894,0.05006000027060509,0.0003229417745959595,20,0.009519999846816063,0.009840000420808792,0.009649999951943756,0.009639999829232693,0.00010029966045397083,20.0,0.16940100491046906,0.17375999689102173,0.1710805006325245,0.17086049914360046,0.00100215285582102,20,0.015440000221133232,0.01607999950647354,0.015728050097823142,0.015720000490546227,0.0001576935227916557,20,0.11832000315189362,0.12083999812602997,0.11985034979879856,0.11992049962282181,0.000595781906631019,20,32,32,4096,11008,32768,True,False,False,976,1,4096,11008,generic,generic,,,CUDA_EVENT,FP16,none
0.006719999946653843,0.023439999669790268,0.008130024920683354,0.007560000056400895,0.003036313380728675,40.0,0.00788000039756298,0.01583999954164028,0.008364049997180701,0.007960000075399876,0.0017162585145993595,20.0,0.08856099843978882,0.1629199981689453,0.09311444982886315,0.08938100188970566,0.016025598680545518,20,0.06983999907970428,0.07660000026226044,0.072308000177145,0.07245999947190285,0.0015357136255720802,20,0.049320001155138016,0.0509600006043911,0.04998399987816811,0.0499000009149313,0.00046379318961294226,20,0.009879999794065952,0.011760000139474869,0.01015215003862977,0.010001000016927719,0.0004362368215372003,20.0,0.17712099850177765,0.18343999981880188,0.17915284782648086,0.17882049828767776,0.001562148025187742,20,0.017839999869465828,0.01899999938905239,0.018227999843657017,0.01814000029116869,0.0002898548679892325,20,0.11800000071525574,0.1236409991979599,0.11937630027532578,0.11898000165820122,0.0013639697771695729,20,32,32,4096,11008,32768,True,False,False,1104,1,4096,11008,generic,generic,,,CUDA_EVENT,FP16,none
0.006320000160485506,0.018279999494552612,0.0068159999791532755,0.006440000142902136,0.0018913232661653084,40.0,0.006320000160485506,0.009879999794065952,0.006722000008448958,0.006440000142902136,0.0008650988337469131,20.0,0.05900000035762787,0.10376100242137909,0.062096199952065945,0.05960000120103359,0.009623589575266751,20,0.05964000150561333,0.06515999883413315,0.061826199479401114,0.061799999326467514,0.0012756039160793566,20,0.03144000098109245,0.05243999883532524,0.03285609968006611,0.03174000047147274,0.004512379732543579,20,0.0069599999114871025,0.00848000030964613,0.007172100036405027,0.007079999893903732,0.0003543808279362153,20.0,0.0949999988079071,0.11620000004768372,0.097562300786376,0.0964209996163845,0.004410326109633658,20,0.010400000028312206,0.01363999955356121,0.01076399995945394,0.010540000163018703,0.000716424354637581,20,0.06576000154018402,0.06824100017547607,0.06657825000584125,0.06661999970674515,0.0006610104971797393,20,32,32,4096,11008,32768,True,False,False,472,1,4096,11008,generic,generic,,,CUDA_EVENT,FP16,none
0.006000000052154064,0.015519999898970127,0.0065340000321157275,0.0061599998734891415,0.0015615261514776344,40.0,0.006000000052154064,0.01155999954789877,0.006642000051215291,0.006120000034570694,0.0015946146270785346,20.0,0.044280000030994415,0.08784099668264389,0.04804414976388216,0.045339999720454216,0.009322988098660237,20,0.05084000155329704,0.05448000133037567,0.051678150147199634,0.0514799989759922,0.0009198592780891703,20,0.02287999913096428,0.05079999938607216,0.02809414975345135,0.02356050070375204,0.008091401652784389,20,0.006719999946653843,0.00791999977082014,0.006959999888204038,0.00687999976798892,0.0002936664429142456,20.0,0.09808100014925003,0.11435999721288681,0.10747639946639538,0.107999999076128,0.004298119371144601,20,0.010080000385642052,0.016759999096393585,0.010596050042659044,0.010220000054687262,0.0014296124815586708,20,0.041280001401901245,0.04424099996685982,0.04201810024678707,0.04198000021278858,0.0005833765637452558,20,32,32,4096,11008,32768,True,False,False,320,1,4096,11008,generic,generic,,,CUDA_EVENT,FP16,none
0.006399999838322401,0.0221599992364645,0.00733499996131286,0.006519999820739031,0.0029315072365394624,40.0,0.006479999981820583,0.013679999858140945,0.007011999911628664,0.006619999883696437,0.0015420557562849696,20.0,0.06651999801397324,0.15143999457359314,0.0724022001028061,0.0676800012588501,0.01821633737267009,20,0.05683999881148338,0.0629199966788292,0.059588199481368065,0.059580499306321144,0.001367344958679741,20,0.037641000002622604,0.06548000127077103,0.039484099671244624,0.03791999816894531,0.0059922182452636545,20,0.0075599998235702515,0.00800000037997961,0.007730050012469292,0.00774000003002584,0.00010946714390044499,20.0,0.09640000015497208,0.12080000340938568,0.09909034967422485,0.09764000028371811,0.005154231738436353,20,0.012040000408887863,0.014279999770224094,0.012402000091969966,0.012260000221431255,0.000512636281947721,20,0.08540000021457672,0.08856099843978882,0.08637234941124916,0.08626050129532814,0.0007695578562153228,20,32,32,4096,11008,32768,True,False,False,520,1,4096,11008,generic,generic,,,CUDA_EVENT,FP16,none
0.005880000069737434,0.027400000020861626,0.007051999983377755,0.005919999908655882,0.00422438817922712,40.0,0.005880000069737434,0.015080999583005905,0.006976050068624317,0.006000000052154064,0.0021386898031534964,20.0,0.04092000052332878,0.1117200031876564,0.057814149931073186,0.05346049927175045,0.01478855442388131,20,0.06616000086069107,0.08664000034332275,0.0719162005931139,0.07158100232481956,0.00401791157857376,20,0.03776000067591667,0.04755999892950058,0.04207410030066967,0.04182000085711479,0.0019077327599837973,20,0.006000000052154064,0.011640000157058239,0.007539999973960221,0.007179999956861138,0.0013025206279245877,20.0,0.06908100098371506,0.08016099780797958,0.07569819912314416,0.07558000087738037,0.0021633793620802074,20,0.006519999820739031,0.012040000408887863,0.0069319999543949965,0.006639999803155661,0.001182952338300202,20,0.02864000014960766,0.03319999948143959,0.029708099830895663,0.029260000213980675,0.0011633151059639748,20,32,32,4096,11008,32768,True,False,False,48,1,4096,11008,generic,generic,,,CUDA_EVENT,FP16,none
0.006279999855905771,0.01735999993979931,0.006954050017520785,0.006399999838322401,0.0019738639063375005,40.0,0.0061599998734891415,0.010520000010728836,0.0066240000072866675,0.006320000160485506,0.0009422016925374266,20.0,0.054919999092817307,0.10076099634170532,0.06002824939787388,0.057660000398755074,0.00958819713151086,20,0.05448000133037567,0.05748099833726883,0.05502819959074259,0.05492050014436245,0.0005988593894169779,20,0.030719999223947525,0.0596809983253479,0.03599004941061139,0.03179999813437462,0.008472682172935881,20,0.006719999946653843,0.0077599999494850636,0.006900100014172494,0.006800000090152025,0.00024547929756387203,20.0,0.08444000035524368,0.09864100068807602,0.09194020032882691,0.09341999888420105,0.0038155976573252207,20,0.009920000098645687,0.01092000026255846,0.010174000030383467,0.010119999758899212,0.0002017027734435649,20,0.04871999844908714,0.05124000087380409,0.04943819977343082,0.04939999803900719,0.0005291851846659262,20,32,32,4096,11008,32768,True,False,False,408,1,4096,11008,generic,generic,,,CUDA_EVENT,FP16,none
0.005919999908655882,0.01735999993979931,0.006570025044493377,0.0060800001956522465,0.0019456504317535346,40.0,0.005919999908655882,0.01131999958306551,0.006306050042621791,0.006000000052154064,0.0011659216065604114,20.0,0.03848100081086159,0.08263999968767166,0.04814010001718998,0.04425999894738197,0.012058468129036555,20,0.04907999932765961,0.0575999990105629,0.051382099464535716,0.050740499049425125,0.00223270566096584,20,0.04292000085115433,0.053599998354911804,0.04542009942233562,0.04503999836742878,0.0021826807417637266,20,0.006120000034570694,0.00860000029206276,0.006378000020049512,0.0062200000975281,0.0005430985774600919,20.0,0.07780099660158157,0.08104000240564346,0.07970624938607215,0.0797404982149601,0.000741735845736859,20,0.007679999805986881,0.00824000034481287,0.007874000119045377,0.00788000039756298,0.00012475586404569366,20,0.0384799987077713,0.044679999351501465,0.039708199352025984,0.03904000110924244,0.0015109060629246375,20,32,32,4096,11008,32768,True,False,False,256,1,4096,11008,generic,generic,,,CUDA_EVENT,FP16,none
0.006639999803155661,0.01759999990463257,0.007429999962914735,0.006800000090152025,0.0021501581537499625,40.0,0.007360000163316727,0.008840000256896019,0.007622050028294325,0.007519999984651804,0.0003416399904854272,20.0,0.10091999918222427,0.14455999433994293,0.10453819930553436,0.10208049789071083,0.009257145203112039,20,0.06400000303983688,0.07008100301027298,0.06652625054121017,0.06610000133514404,0.0014713729815521066,20,0.04747999832034111,0.050200000405311584,0.04821419958025217,0.048100000247359276,0.0006546837637034922,20,0.009159999899566174,0.01128000020980835,0.009390049846842885,0.009279999881982803,0.00044378949317986895,20.0,0.15308000147342682,0.158160001039505,0.15443239808082582,0.154340498149395,0.001116277976114574,20,0.015039999969303608,0.016999999061226845,0.015586149832233786,0.015420500189065933,0.0005476533989887624,20,0.1138409972190857,0.11980000138282776,0.11554439961910248,0.11532049998641014,0.0014070902105319768,20,32,32,4096,11008,32768,True,False,False,912,1,4096,11008,generic,generic,,,CUDA_EVENT,FP16,none
0.00675999978557229,0.02696000039577484,0.007828024961054326,0.00699999975040555,0.0033030118304074635,40.0,0.007360000163316727,0.016519999131560326,0.008228000020608306,0.007600000128149986,0.0020178045478311535,20.0,0.0835610032081604,0.1666799932718277,0.0888862494379282,0.08449999988079071,0.017868157442065616,20,0.06376100331544876,0.06887999922037125,0.06590620018541812,0.06564000248908997,0.0012979744039958272,20,0.049320001155138016,0.05372000113129616,0.05043410006910563,0.050199998542666435,0.0010166284326342965,20,0.009320000186562538,0.009681000374257565,0.009486099891364574,0.009479999542236328,8.797097504692825e-05,20.0,0.169841006398201,0.17423999309539795,0.1710504986345768,0.17084050178527832,0.0009249518601441472,20,0.015560000203549862,0.01592000015079975,0.015712050022557378,0.01570000033825636,0.00010008426190473347,20,0.1175210028886795,0.12483999878168106,0.11950840055942535,0.11896000057458878,0.0017511430571372838,20,32,32,4096,11008,32768,True,False,False,992,1,4096,11008,generic,generic,,,CUDA_EVENT,FP16,none
0.00675999978557229,0.02751999907195568,0.007656024920288473,0.00687999976798892,0.0033752662707317665,40.0,0.0074800001457333565,0.014800000004470348,0.00829599997960031,0.007639999967068434,0.0017028635062442984,20.0,0.08299999684095383,0.149399995803833,0.08720230050384999,0.08382050320506096,0.014284738294323534,20,0.06520099937915802,0.06880000233650208,0.06644219942390919,0.06644000113010406,0.0008484485480210582,20,0.049559999257326126,0.05852000042796135,0.05134215001016855,0.05064049921929836,0.0019340603781155704,20,0.009440000168979168,0.009840000420808792,0.009686050098389387,0.009700000286102295,9.055081177301544e-05,20.0,0.16976000368595123,0.17895999550819397,0.1719045504927635,0.1713009998202324,0.0019605041612119384,20,0.01568000018596649,0.016200000420212746,0.0159340500831604,0.01594000030308962,0.00013515434110584562,20,0.11956000328063965,0.12251999974250793,0.1208284005522728,0.12078050151467323,0.0006693671755133422,20,32,32,4096,11008,32768,True,False,False,1000,1,4096,11008,generic,generic,,,CUDA_EVENT,FP16,none
0.0063599999994039536,0.025760000571608543,0.007345024996902793,0.006480499869212508,0.0033585729771006645,40.0,0.006399999838322401,0.015560000203549862,0.007244050013832748,0.006539999973028898,0.0021349088163188073,20.0,0.06780099868774414,0.13707999885082245,0.07386420033872128,0.07120000198483467,0.014618289300256531,20,0.05472100153565407,0.06419999897480011,0.05646414961665869,0.055719999596476555,0.0020785034211062564,20,0.027559999376535416,0.05316000059247017,0.029552099853754045,0.028279999271035194,0.005434818451109652,20,0.006920000072568655,0.012559999711811543,0.007277999958023429,0.00699999975040555,0.001214148204825448,20.0,0.09424100071191788,0.11495999991893768,0.09742224998772145,0.09553999826312065,0.004795218192673086,20,0.010359999723732471,0.011640000157058239,0.010642049973830581,0.010499999858438969,0.00035269221212764064,20,0.05936000123620033,0.06588099896907806,0.06052219979465008,0.060040999203920364,0.0013403441793368037,20,32,32,4096,11008,32768,True,False,False,456,1,4096,11008,generic,generic,,,CUDA_EVENT,FP16,none
0.006120000034570694,0.0163199994713068,0.0070410249871201815,0.00634000007994473,0.0020272721956600946,40.0,0.0061599998734891415,0.009359999559819698,0.006502049998380244,0.006240000016987324,0.0008041279626154816,20.0,0.0493599995970726,0.08824100345373154,0.05191019959747791,0.050039999186992645,0.008341254050721766,20,0.05435999855399132,0.057920001447200775,0.05514414981007576,0.05478050000965595,0.0009777531043487693,20,0.029600000008940697,0.06151999905705452,0.03333414979279041,0.030140500515699387,0.00855204414655834,20,0.006800000090152025,0.0075599998235702515,0.006963999918662011,0.00687999976798892,0.00018542923290698382,20.0,0.06784000247716904,0.091000996530056,0.0773303497582674,0.07674000039696693,0.006895636054379271,20,0.009879999794065952,0.014919999986886978,0.010354000097140669,0.010100000072270632,0.0010593035141797666,20,0.06015999987721443,0.06428000330924988,0.06171220000833273,0.06157999858260155,0.0010853239658383139,20,32,32,4096,11008,32768,True,False,False,344,1,4096,11008,generic,generic,,,CUDA_EVENT,FP16,none
0.005919999908655882,0.02019999921321869,0.006621000031009317,0.0060800001956522465,0.002348173425728641,40.0,0.005960000213235617,0.01107999961823225,0.006378000043332577,0.006039999891072512,0.0011100611627199342,20.0,0.04075999930500984,0.08303999900817871,0.04966009967029095,0.04707999899983406,0.010143552317504325,20,0.05235999822616577,0.061080001294612885,0.0549101497977972,0.05478050000965595,0.0020703902253990966,20,0.041760001331567764,0.051520999521017075,0.044460199773311615,0.044180501252412796,0.002323371698055356,20,0.005960000213235617,0.009159999899566174,0.006304000038653612,0.006120000034570694,0.0006877673503331573,20.0,0.07067999988794327,0.07355999946594238,0.07191819921135903,0.07179999724030495,0.0006538609321751456,20,0.007160000037401915,0.0074800001457333565,0.007252000039443374,0.007240000180900097,7.704545966477807e-05,20,0.0379600003361702,0.0442809984087944,0.03942609988152981,0.03925999999046326,0.001352190158453403,20,32,32,4096,11008,32768,True,False,False,192,1,4096,11008,generic,generic,,,CUDA_EVENT,FP16,none
0.006599999964237213,0.014560000039637089,0.0071430249488912525,0.00675999978557229,0.0013282055245941087,40.0,0.007199999876320362,0.011959999799728394,0.007643999950960279,0.007360000163316727,0.001042067127675105,20.0,0.07728099822998047,0.11999999731779099,0.08046425022184849,0.07784000039100647,0.009191408325501785,20,0.05860099941492081,0.06508000195026398,0.06173624973744154,0.06148049980401993,0.0013934950369224293,20,0.04808000102639198,0.05688000097870827,0.04919615015387535,0.04874050058424473,0.0018439039443505574,20,0.008840000256896019,0.01387999951839447,0.009308049967512489,0.008960000239312649,0.0011181399606337951,20.0,0.14548000693321228,0.15088099241256714,0.1475924514234066,0.1471400037407875,0.0013285557316378993,20,0.01432000007480383,0.01640000008046627,0.01466205003671348,0.014580000191926956,0.00042641509548909973,20,0.09516000002622604,0.09892100095748901,0.09693435095250606,0.09686050191521645,0.0008797739140218106,20,32,32,4096,11008,32768,True,False,False,848,1,4096,11008,generic,generic,,,CUDA_EVENT,FP16,none
0.006279999855905771,0.025839999318122864,0.007466024917084724,0.006440500030294061,0.003927461228027341,40.0,0.0063599999994039536,0.01387999951839447,0.0069600499235093595,0.006420500110834837,0.0016711025636294956,20.0,0.05360100045800209,0.13272100687026978,0.05913415048271418,0.05471999943256378,0.01695592517237154,20,0.05071999877691269,0.05435999855399132,0.05160610005259514,0.05152000114321709,0.0007559038757536504,20,0.03488000109791756,0.0597199983894825,0.03741009999066591,0.03577999956905842,0.005282227462667287,20,0.00675999978557229,0.011640000157058239,0.007317999913357198,0.00687999976798892,0.0012329137267415703,20.0,0.07416000217199326,0.09312000125646591,0.07708620019257069,0.07555999979376793,0.0046920490056082086,20,0.009680000133812428,0.010080000385642052,0.00984810022637248,0.009840000420808792,9.599216944169025e-05,20,0.06348100304603577,0.06756000220775604,0.06499219983816147,0.06486000120639801,0.0009838880795364534,20,32,32,4096,11008,32768,True,False,False,392,1,4096,11008,generic,generic,,,CUDA_EVENT,FP16,none
0.00675999978557229,0.022120000794529915,0.007558999944012612,0.006920000072568655,0.0025899883411595204,40.0,0.007240000180900097,0.014879999682307243,0.007863999996334314,0.007419999921694398,0.0016275821911085576,20.0,0.10060100257396698,0.1868000030517578,0.10737230032682418,0.10250049829483032,0.01835421163921075,20,0.061521001160144806,0.06936000287532806,0.06532424911856652,0.06494000181555748,0.0015660493241616143,20,0.0480399988591671,0.05379999801516533,0.049246149510145186,0.04903999902307987,0.0011215391649552766,20,0.009119999594986439,0.01116000022739172,0.009488049941137434,0.00930050015449524,0.0005422133347662134,20.0,0.15428000688552856,0.15832099318504333,0.15567845106124878,0.15520000457763672,0.0010277638497671426,20,0.015239999629557133,0.016200000420212746,0.01555004990659654,0.015440000221133232,0.00025483543845477126,20,0.11404000222682953,0.11880099773406982,0.1154704499989748,0.11526000127196312,0.0011854787380770181,20,32,32,4096,11008,32768,True,False,False,928,1,4096,11008,generic,generic,,,CUDA_EVENT,FP16,none
0.006680000107735395,0.026520999148488045,0.007925024977885187,0.006800000090152025,0.0038599462116919773,40.0,0.007400000002235174,0.015399999916553497,0.007890049973502756,0.00750000006519258,0.001725089852630116,20.0,0.10152100026607513,0.17547999322414398,0.10681034885346889,0.1029599979519844,0.015794611106770044,20,0.06428000330924988,0.07168000191450119,0.06639220044016839,0.0657999999821186,0.0019519038074795423,20,0.0488400012254715,0.050519999116659164,0.04947215002030134,0.04924049973487854,0.0005035299510353831,20,0.009119999594986439,0.010400000028312206,0.009421999845653773,0.009379999712109566,0.000249952014780533,20.0,0.15536099672317505,0.15892000496387482,0.1573944494128227,0.1573605015873909,0.0007859998412944526,20,0.015639999881386757,0.01664000004529953,0.01591199981048703,0.01585999969393015,0.0002405326438263878,20,0.11376000195741653,0.11816100031137466,0.11546044982969761,0.11550050228834152,0.0009776716616432272,20,32,32,4096,11008,32768,True,False,False,936,1,4096,11008,generic,generic,,,CUDA_EVENT,FP16,none
0.006039999891072512,0.016359999775886536,0.006597025005612522,0.006240000016987324,0.0016479821072883495,40.0,0.006039999891072512,0.009239999577403069,0.006614050082862377,0.006200000178068876,0.0009413217576489644,20.0,0.043800000101327896,0.08324000239372253,0.04705410022288561,0.04506000131368637,0.008360789537549798,20,0.05291999876499176,0.0568000003695488,0.05375414919108153,0.05344050005078316,0.0009372399786293112,20,0.029719999060034752,0.06128000095486641,0.031834049988538025,0.030079999938607216,0.006794832106560684,20,0.006479999981820583,0.009080000221729279,0.0068519999505952,0.006639999803155661,0.0006120262306290693,20.0,0.08935999870300293,0.1132809966802597,0.09280629977583885,0.09138000011444092,0.005586139415244651,20,0.009920000098645687,0.013240000233054161,0.010312050068750977,0.010119999758899212,0.0007108789345073656,20,0.05188100039958954,0.05536000058054924,0.05303419977426529,0.05286049842834473,0.0007936113424858834,20,32,32,4096,11008,32768,True,False,False,280,1,4096,11008,generic,generic,,,CUDA_EVENT,FP16,none
0.005799999926239252,0.020999999716877937,0.006403024995233863,0.005880000069737434,0.0024013006379354496,40.0,0.005760000087320805,0.009200000204145908,0.0064280499704182145,0.005919999908655882,0.0010901454538208466,20.0,0.05660000070929527,0.09583999961614609,0.06399619933217764,0.061240000650286674,0.007968325595295051,20,0.05291999876499176,0.06560099869966507,0.05876820012927055,0.05769999884068966,0.003004229343164909,20,0.04196000099182129,0.044999998062849045,0.04326209984719753,0.04308000020682812,0.0008493732733385067,20,0.005919999908655882,0.007040000054985285,0.006216050032526255,0.006039999891072512,0.0003347274038690998,20.0,0.0589199997484684,0.0716399997472763,0.06151014994829893,0.06110000051558018,0.0024767266173398718,20,0.00687999976798892,0.010320000350475311,0.007151999999769032,0.0069599999114871025,0.0007299973446721091,20,0.029839999973773956,0.039080001413822174,0.03236604994162917,0.031120000407099724,0.002617098784719713,20,32,32,4096,11008,32768,True,False,False,128,1,4096,11008,generic,generic,,,CUDA_EVENT,FP16,none
0.006240000016987324,0.02295999974012375,0.007268050010316074,0.006379999918863177,0.002958634326218989,40.0,0.006320000160485506,0.01775999926030636,0.007045999984256923,0.0063599999994039536,0.0024943221889190017,20.0,0.060839999467134476,0.1732800006866455,0.06852419935166836,0.06276050209999084,0.024128846842084727,20,0.054520998150110245,0.05683999881148338,0.05551619958132505,0.05537999980151653,0.0006422319437231886,20,0.028519999235868454,0.05724100023508072,0.03049614978954196,0.028939999639987946,0.0061650123059441165,20,0.006800000090152025,0.009840000420808792,0.007025999994948506,0.006839999929070473,0.000649957017083576,20.0,0.08303999900817871,0.10311999917030334,0.08586230017244816,0.08430049940943718,0.004513150067354041,20,0.009840000420808792,0.011119999922811985,0.010108050098642707,0.010040500201284885,0.0002610923616527388,20,0.05951999872922897,0.06548000127077103,0.060878199711441996,0.060520000755786896,0.0014260058445465385,20,32,32,4096,11008,32768,True,False,False,328,1,4096,11008,generic,generic,,,CUDA_EVENT,FP16,none
0.006479999981820583,0.01648000068962574,0.007160024938639253,0.006719999946653843,0.0016920160754785574,40.0,0.00699999975040555,0.00848000030964613,0.0072600000072270635,0.007160000037401915,0.00030789616224322,20.0,0.07175999879837036,0.11208000034093857,0.074210250005126,0.07222050055861473,0.008690774683247419,20,0.058639999479055405,0.06496000289916992,0.06178415007889271,0.06176000088453293,0.0013846752521108003,20,0.04416000097990036,0.050200000405311584,0.04525214955210686,0.045099999755620956,0.0011943303405044536,20,0.008440000005066395,0.013079999946057796,0.008839999977499246,0.00861999997869134,0.0009750487063077928,20.0,0.13384099304676056,0.13652099668979645,0.1348704494535923,0.13474050164222717,0.0006980460071874723,20,0.014399999752640724,0.020479999482631683,0.01494199987500906,0.014639999717473984,0.001287321158452115,20,0.09656000137329102,0.10119999945163727,0.09868435114622116,0.0984405018389225,0.0010966645799562892,20,32,32,4096,11008,32768,True,False,False,784,1,4096,11008,generic,generic,,,CUDA_EVENT,FP16,none
0.0060800001956522465,0.01664000004529953,0.006651025055907667,0.006240000016987324,0.0016883217911971475,40.0,0.0060800001956522465,0.009759999811649323,0.006640050048008561,0.006139999954029918,0.0010652097700935808,20.0,0.04560000076889992,0.08632099628448486,0.053502199798822404,0.04915999993681908,0.011278501249574788,20,0.05640000104904175,0.061719998717308044,0.0572521997615695,0.05694050155580044,0.0011136565107913226,20,0.03587999939918518,0.05716000124812126,0.04383815005421639,0.04388049989938736,0.004141221963541422,20,0.006240000016987324,0.018519999459385872,0.006984049966558814,0.006340499967336655,0.0026499201915894063,20.0,0.0840810015797615,0.0934000015258789,0.088748300075531,0.08834000304341316,0.00200223815568536,20,0.007519999984651804,0.012839999981224537,0.00794799996074289,0.00762000004760921,0.001156691822153103,20,0.03588100150227547,0.04975999891757965,0.037764149531722066,0.03653999976813793,0.0032372406086693976,20,32,32,4096,11008,32768,True,False,False,216,1,4096,11008,generic,generic,,,CUDA_EVENT,FP16,none
0.005760000087320805,0.013799999840557575,0.006743999989703297,0.006000000052154064,0.0017539395390936553,40.0,0.005880000069737434,0.01128000020980835,0.008664050023071468,0.008900000248104334,0.0013646998693584756,20.0,0.05152000114321709,0.09047999978065491,0.060228149965405466,0.058240000158548355,0.007469886733447578,20,0.0581200011074543,0.06876000016927719,0.0626181498169899,0.06152000091969967,0.0026879076357823584,20,0.03911999985575676,0.04692000150680542,0.04243015013635158,0.042080000042915344,0.0014795578544249599,20,0.005960000213235617,0.009441000409424305,0.006432050024159253,0.006200000178068876,0.0007346815230690947,20.0,0.0565200001001358,0.06532000005245209,0.05826019998639822,0.057259999215602875,0.0025970383558076714,20,0.006519999820739031,0.007360000163316727,0.006694049946963787,0.006599999964237213,0.00022950091151052287,20,0.026480000466108322,0.03483999893069267,0.03146809982135892,0.03179999999701977,0.002164624359218614,20,32,32,4096,11008,32768,True,False,False,64,1,4096,11008,generic,generic,,,CUDA_EVENT,FP16,none
0.006639999803155661,0.022360000759363174,0.007523024966940284,0.006800000090152025,0.002725655041110379,40.0,0.007120000198483467,0.02019999921321869,0.008106049988418818,0.00738000008277595,0.0028113115231394666,20.0,0.07903999835252762,0.15432099997997284,0.08314030021429061,0.07938000187277794,0.01633181541198882,20,0.05816100165247917,0.06304000318050385,0.061036200076341626,0.06097999960184097,0.0011616151739650856,20,0.04843999817967415,0.0589199997484684,0.05007214993238449,0.04900000058114529,0.002418371014209242,20,0.00872000027447939,0.009680000133812428,0.009040049882605672,0.008999999612569809,0.00020511469517887259,20.0,0.14616000652313232,0.15136100351810455,0.1478784501552582,0.14732050150632858,0.001530956597437465,20,0.014480000361800194,0.021239999681711197,0.015485999966040253,0.014800000004470348,0.00166124158171899,20,0.09455999732017517,0.09872099757194519,0.09702029973268508,0.097120501101017,0.001037657622958734,20,32,32,4096,11008,32768,True,False,False,864,1,4096,11008,generic,generic,,,CUDA_EVENT,FP16,none
0.006560000125318766,0.023800000548362732,0.007712999975774437,0.00675999978557229,0.0031007210862659595,40.0,0.007160999812185764,0.012640000320971012,0.007624050020240247,0.00738000008277595,0.0011574531561599722,20.0,0.07927999645471573,0.1459610015153885,0.08326829969882965,0.07983999699354172,0.01439080510229197,20,0.05964000150561333,0.06483999639749527,0.06152420006692409,0.061240000650286674,0.0012384262807173321,20,0.049320001155138016,0.06379999965429306,0.05067814979702234,0.04983999952673912,0.0030833197322075795,20,0.008919999934732914,0.009200000204145908,0.009008049964904785,0.008999999612569809,7.342515963361975e-05,20.0,0.14684000611305237,0.15163999795913696,0.14934250041842462,0.1493005007505417,0.001260732202020811,20,0.014960000291466713,0.019199999049305916,0.015776050044223666,0.015519999898970127,0.0008889623526389756,20,0.0963210016489029,0.10096000134944916,0.09819430001080036,0.09798049926757812,0.0011041157455636762,20,32,32,4096,11008,32768,True,False,False,872,1,4096,11008,generic,generic,,,CUDA_EVENT,FP16,none
0.006120000034570694,0.023399999365210533,0.007175999996252358,0.006240000016987324,0.003093668316525312,40.0,0.0060800001956522465,0.011880000121891499,0.006496000057086349,0.006200000178068876,0.001243183019588184,20.0,0.04376000165939331,0.11751999706029892,0.04825820028781891,0.04424000158905983,0.015922714027644336,20,0.05023999884724617,0.061400000005960464,0.051616149954497814,0.05092049948871136,0.0023794484901441424,20,0.029039999470114708,0.05716000124812126,0.03291014973074198,0.029740499332547188,0.007717483537416311,20,0.006320000160485506,0.009720000438392162,0.006743999989703297,0.006519999820739031,0.0007524254801494809,20.0,0.09031999856233597,0.10931999981403351,0.10139229968190193,0.10240050032734871,0.005219078951136217,20,0.009599999524652958,0.009960000403225422,0.009792050113901496,0.009800000116229057,9.088935310897976e-05,20,0.05135999992489815,0.05268000066280365,0.051924150064587594,0.05194049887359142,0.0003286080480251858,20,32,32,4096,11008,32768,True,False,False,264,1,4096,11008,generic,generic,,,CUDA_EVENT,FP16,none
0.006000000052154064,0.015399999916553497,0.006706999999005347,0.006200000178068876,0.0018659557579275587,40.0,0.0060800001956522465,0.0083600003272295,0.006298000016249717,0.006180000025779009,0.0004784099300491323,20.0,0.04899999871850014,0.09480100125074387,0.0645201999694109,0.06314000114798546,0.008894496080765766,20,0.05139999836683273,0.06252100318670273,0.0561022000387311,0.05529999919235706,0.0032655403686628302,20,0.0437610000371933,0.04795999825000763,0.044896149821579454,0.044360000640153885,0.0011372696470121177,20,0.006120000034570694,0.0063599999994039536,0.006216000043787062,0.006200000178068876,6.621182705276272e-05,20.0,0.06583999842405319,0.07171999663114548,0.06703225038945675,0.06672000139951706,0.0013621211708476635,20,0.0069599999114871025,0.01107999961823225,0.007293999986723065,0.0071000000461936,0.0008709786768601198,20,0.033319998532533646,0.04039999842643738,0.0342720502987504,0.033820001408457756,0.0015210075277284688,20,32,32,4096,11008,32768,True,False,False,152,1,4096,11008,generic,generic,,,CUDA_EVENT,FP16,none
0.006440000142902136,0.01720000058412552,0.006933999957982451,0.006639999803155661,0.0016557428321850205,40.0,0.006839999929070473,0.00863999966531992,0.007083999924361706,0.00699999975040555,0.00037092314222410397,20.0,0.07500100135803223,0.11912000179290771,0.07800235077738762,0.07547999918460846,0.009483894698752566,20,0.057679999619722366,0.06375999748706818,0.06094214916229248,0.06096000038087368,0.0012153703665544113,20,0.03920000046491623,0.046799998730421066,0.04008009973913431,0.03951999917626381,0.0016694117551829522,20,0.00827999971807003,0.009639999829232693,0.008622050052508712,0.00848000030964613,0.00040167874432537834,20.0,0.14236000180244446,0.15479999780654907,0.1446184001863003,0.14398100227117538,0.0026959934604396936,20,0.012400000356137753,0.018160000443458557,0.012953999917954206,0.01269999984651804,0.0012037459263848306,20,0.08336000144481659,0.08616100251674652,0.08436040058732033,0.08404099941253662,0.0008661946759506928,20,32,32,4096,11008,32768,True,False,False,720,1,4096,11008,generic,generic,,,CUDA_EVENT,FP16,none
0.006599999964237213,0.02223999984562397,0.0074989999178797,0.006719999946653843,0.00286816995070847,40.0,0.0069599999114871025,0.01568000018596649,0.007816000026650727,0.007160000037401915,0.001938428276996301,20.0,0.07232099771499634,0.14764000475406647,0.07741429917514324,0.07360050082206726,0.016149959941873,20,0.057360000908374786,0.06703999638557434,0.06036614999175072,0.06022049859166145,0.001858829736744487,20,0.04295999929308891,0.059439998120069504,0.04460620004683733,0.04360000044107437,0.0035332720099084335,20,0.00848000030964613,0.010200000368058681,0.008770049968734383,0.008659999817609787,0.00038262132055389244,20.0,0.13043999671936035,0.14156100153923035,0.13189639896154404,0.13138049840927124,0.0024031323950947482,20,0.014440000057220459,0.015039999969303608,0.014696049923077225,0.014659999869763851,0.00015572546481285496,20,0.09700100123882294,0.10223999619483948,0.09940634854137897,0.09890049695968628,0.001393030050794225,20,32,32,4096,11008,32768,True,False,False,800,1,4096,11008,generic,generic,,,CUDA_EVENT,FP16,none
0.006519999820739031,0.025040000677108765,0.007373999990522862,0.006700000027194619,0.0030491645691157017,40.0,0.007040000054985285,0.014360000379383564,0.007880050060339271,0.007199999876320362,0.0019685355924622104,20.0,0.07748100161552429,0.15347999334335327,0.0818842489272356,0.0778999999165535,0.016440617217078825,20,0.058400001376867294,0.06312000006437302,0.06081019975244999,0.06087999977171421,0.0009379059827684036,20,0.04780000075697899,0.06415999680757523,0.04926209971308708,0.04851999878883362,0.0034329799399069384,20,0.008559999987483025,0.010280000045895576,0.008850049925968051,0.00875999964773655,0.0003426529640357094,20.0,0.1446000039577484,0.15243999660015106,0.14623050019145012,0.14584100246429443,0.0016742582221443278,20,0.014800000004470348,0.01744000054895878,0.015236050030216575,0.015080499928444624,0.0005339368194553757,20,0.08160000294446945,0.08788000047206879,0.08280424997210503,0.08233999833464622,0.0014419826722351541,20,32,32,4096,11008,32768,True,False,False,808,1,4096,11008,generic,generic,,,CUDA_EVENT,FP16,none
0.0060800001956522465,0.022160999476909637,0.0067980499938130375,0.006220499984920025,0.0026885560637790293,40.0,0.0060800001956522465,0.016279999166727066,0.00673004996497184,0.006200000178068876,0.002192733963554628,20.0,0.045079998672008514,0.12111999839544296,0.054028199426829814,0.046660998836159706,0.01803099439084196,20,0.052719999104738235,0.07664000242948532,0.05481020025908947,0.053380999714136124,0.005096466377080251,20,0.041280001401901245,0.048840999603271484,0.04389410000294447,0.04355999827384949,0.001605878249005953,20,0.006240000016987324,0.010479999706149101,0.0067299999296665195,0.0064199999906122684,0.0009375606168916682,20.0,0.0838410034775734,0.0936800017952919,0.08835224993526936,0.0885000005364418,0.0024702195098126327,20,0.007040000054985285,0.0081599997356534,0.007300050044432282,0.007160000037401915,0.00032616876598439207,20,0.03627999871969223,0.03872000053524971,0.03684815037995577,0.03660000115633011,0.0006873702646274292,20,32,32,4096,11008,32768,True,False,False,200,1,4096,11008,generic,generic,,,CUDA_EVENT,FP16,none
0.006000000052154064,0.01711999997496605,0.006997025012969971,0.006200000178068876,0.0022675954784739153,40.0,0.0060800001956522465,0.010400000028312206,0.006704000080935657,0.006200000178068876,0.0010291277784695643,20.0,0.05220000073313713,0.09523999691009521,0.06285819970071316,0.062160998582839966,0.008853934826521671,20,0.061000000685453415,0.06908000260591507,0.06358220037072897,0.06264050118625164,0.0023173746701708768,20,0.04244000092148781,0.04840099811553955,0.043726150132715705,0.04328000172972679,0.0013122426685879137,20,0.006279999855905771,0.0081599997356534,0.006491999956779182,0.006399999838322401,0.0003949885675519658,20.0,0.06247999891638756,0.06775999814271927,0.064092150144279,0.06392000243067741,0.001298297061845433,20,0.007040000054985285,0.009999999776482582,0.007340000057592988,0.0072200000286102295,0.0006301110306634818,20,0.029999999329447746,0.03483999893069267,0.03127609975636005,0.030720499344170094,0.0013399269357308918,20,32,32,4096,11008,32768,True,False,False,88,1,4096,11008,generic,generic,,,CUDA_EVENT,FP16,none
0.006521000061184168,0.014159999787807465,0.006963024963624775,0.006639999803155661,0.001296089802090946,40.0,0.006719999946653843,0.008320000022649765,0.006999999959953129,0.006920000072568655,0.0003259447823659388,20.0,0.0663599967956543,0.10520000010728836,0.06897419951856136,0.06692000105977058,0.00832715325732934,20,0.05920099839568138,0.06459999829530716,0.06202419996261597,0.061860499903559685,0.0012669113871986537,20,0.03984000161290169,0.05632000043988228,0.041406149975955486,0.04058049991726875,0.0034479371819754415,20,0.00812000036239624,0.013399999588727951,0.008972000004723668,0.008320000022649765,0.0015654314890419406,20.0,0.10460100322961807,0.10899999737739563,0.10583635009825229,0.10556000098586082,0.0010303666531851692,20,0.012280000373721123,0.01679999940097332,0.012852050038054586,0.01257999986410141,0.0009538147327062129,20,0.08428099751472473,0.08951999992132187,0.08586420007050037,0.08562050014734268,0.0012179405595547977,20,32,32,4096,11008,32768,True,False,False,656,1,4096,11008,generic,generic,,,CUDA_EVENT,FP16,none
0.00571999978274107,0.013319999910891056,0.006314024946186691,0.005880499957129359,0.0014333535517124388,40.0,0.005960000213235617,0.01899999938905239,0.008303999947384,0.007519999984651804,0.0028214434440867278,20.0,0.033319998532533646,0.10567999631166458,0.040694049745798114,0.0371600016951561,0.015053517760218649,20,0.054760001599788666,0.13131999969482422,0.06587409973144531,0.06159999966621399,0.015549473438780426,20,0.018959999084472656,0.025960000231862068,0.020914099644869566,0.020659999921917915,0.0013176393815845981,20,0.006120000034570694,0.01071999967098236,0.008751999959349633,0.008979999925941229,0.0010733573129572864,20.0,0.03711999952793121,0.044920001178979874,0.040682149678468706,0.040540000423789024,0.0017746774862683753,20,0.006200000178068876,0.00824000034481287,0.006484050024300814,0.006399999838322401,0.0004183583319789005,20,0.019360000267624855,0.025280999019742012,0.02028825003653765,0.01971999928355217,0.001558936699078653,20,32,32,4096,11008,32768,True,False,False,1,1,4096,11008,generic,generic,,,CUDA_EVENT,FP16,none
0.0060800001956522465,0.016440000385046005,0.0069130250252783295,0.006240000016987324,0.0019253964635290006,40.0,0.0060800001956522465,0.008080000057816505,0.006410000007599592,0.0062200000975281,0.0005068924691727301,20.0,0.049240000545978546,0.09012000262737274,0.060312199778854846,0.05790049955248833,0.009637618044232901,20,0.05016100034117699,0.06560000032186508,0.05510814990848303,0.05406000092625618,0.0035831756590497268,20,0.03984000161290169,0.04568000137805939,0.04126415047794581,0.04080050066113472,0.0013365199495614724,20,0.0061599998734891415,0.00699999975040555,0.006354000000283122,0.006320000160485506,0.00021176394020021,20.0,0.06232000142335892,0.07311999797821045,0.06662619933485985,0.06624000146985054,0.002334960348419224,20,0.006680000107735395,0.007720000110566616,0.0068519999505952,0.006800000090152025,0.00020517312069683535,20,0.03271999955177307,0.03696100041270256,0.03382415026426315,0.03328000009059906,0.001221355527517034,20,32,32,4096,11008,32768,True,False,False,136,1,4096,11008,generic,generic,,,CUDA_EVENT,FP16,none
0.006560000125318766,0.02319999970495701,0.00763604996027425,0.006719999946653843,0.0030376622777838914,40.0,0.00687999976798892,0.013160999864339828,0.007566049951128662,0.007040000054985285,0.0015931739556363234,20.0,0.06967999786138535,0.1475200057029724,0.07410825081169606,0.07028000056743622,0.01684747613870607,20,0.05648000165820122,0.06319999694824219,0.05959019996225834,0.05956050008535385,0.001342619354385859,20,0.040240999311208725,0.058639999479055405,0.0417621498927474,0.040880000218749046,0.003897164459303482,20,0.008200000040233135,0.009159999899566174,0.008412000024691224,0.00838000001385808,0.00020083818209988883,20.0,0.12848100066184998,0.1435209959745407,0.1314524494111538,0.13036049902439117,0.003313466068812308,20,0.012839999981224537,0.01907999999821186,0.013501999946311117,0.013019999954849482,0.0014146928988697655,20,0.09600000083446503,0.10180000215768814,0.09852630011737347,0.09810050204396248,0.0016462958685049404,20,32,32,4096,11008,32768,True,False,False,736,1,4096,11008,generic,generic,,,CUDA_EVENT,FP16,none
0.006000000052154064,0.01703999936580658,0.00826602497836575,0.00738000008277595,0.002350075368128739,40.0,0.007600000128149986,0.012280000373721123,0.008257999992929399,0.007980000227689743,0.0009786910640116227,20.0,0.04848000034689903,0.08423999696969986,0.054062099754810335,0.051419999450445175,0.007513188979206674,20,0.06871999800205231,0.08079999685287476,0.07271620035171508,0.07144000008702278,0.0033800090147577937,20,0.039400000125169754,0.04851999878883362,0.04108809977769852,0.04083999991416931,0.0019212959323443302,20,0.006120000034570694,0.011920000426471233,0.007036000001244247,0.006659999955445528,0.0014209237005800598,20.0,0.04976100102066994,0.0559999980032444,0.05120419953018427,0.05105999857187271,0.001239987593502902,20,0.006440000142902136,0.006680000107735395,0.006567999976687134,0.006580000044777989,6.273751859008581e-05,20,0.031640999019145966,0.04479999840259552,0.03532019983977079,0.03443999961018562,0.0032989680863650494,20,32,32,4096,11008,32768,True,False,False,24,1,4096,11008,generic,generic,,,CUDA_EVENT,FP16,none
0.006479999981820583,0.023679999634623528,0.007317999936640262,0.006659999955445528,0.0028998061807238643,40.0,0.00687999976798892,0.016039999201893806,0.007575999875552952,0.00699999975040555,0.0020042513173774996,20.0,0.07028000056743622,0.14364099502563477,0.07479429952800273,0.07082000002264977,0.015820277483160967,20,0.058639999479055405,0.07456099987030029,0.06188419982790947,0.06097999960184097,0.003099335652534718,20,0.04067999869585037,0.06176000088453293,0.04258809983730316,0.04158000089228153,0.004439591950885796,20,0.00839999970048666,0.011479999870061874,0.008762100012972951,0.00860000029206276,0.0006622655291744951,20.0,0.12992000579833984,0.14612099528312683,0.13198439925909042,0.13138049840927124,0.0033315565903633943,20,0.013120000250637531,0.01363999955356121,0.013325999910011887,0.013319999910891056,0.00010974513195118197,20,0.09595999866724014,0.10016100108623505,0.09749239832162857,0.09714049845933914,0.0012396402970194563,20,32,32,4096,11008,32768,True,False,False,744,1,4096,11008,generic,generic,,,CUDA_EVENT,FP16,none
0.006440000142902136,0.015320000238716602,0.006851050001569092,0.006520499940961599,0.001435508297976481,40.0,0.006479999981820583,0.008799999952316284,0.006695999950170517,0.006599999964237213,0.00048767202140768484,20.0,0.08371999859809875,0.12720100581645966,0.08852419927716255,0.08698000013828278,0.009039999908087924,20,0.05827999860048294,0.06488099694252014,0.06020429972559214,0.059840500354766846,0.001680497796475469,20,0.03508000075817108,0.03911999985575676,0.03590604979544878,0.03572000004351139,0.000830065849633683,20,0.007720000110566616,0.009879999794065952,0.00798400011844933,0.00788000039756298,0.00044531329528583324,20.0,0.12003999948501587,0.14152100682258606,0.12465245053172111,0.1239205002784729,0.0043531340974605,20,0.012240000069141388,0.014999999664723873,0.012721999920904637,0.01257999986410141,0.0005705400094932043,20,0.057679999619722366,0.0644799992442131,0.0590361500158906,0.05876000039279461,0.001347200479562331,20,32,32,4096,11008,32768,True,False,False,592,1,4096,11008,generic,generic,,,CUDA_EVENT,FP16,none
0.005880000069737434,0.014999999664723873,0.006385025044437498,0.0060800001956522465,0.0014631020535993801,40.0,0.005880000069737434,0.007960000075399876,0.006325999996624887,0.006039999891072512,0.00063135092564532,20.0,0.052239999175071716,0.09167999774217606,0.05826214961707592,0.056420499458909035,0.008133723107929477,20,0.0581200011074543,0.07227999716997147,0.06416019983589649,0.06359999999403954,0.002815450400652222,20,0.040401000529527664,0.04639999940991402,0.041602200083434585,0.04114050045609474,0.0013061786297523042,20,0.006200000178068876,0.009039999917149544,0.006487999996170402,0.006279999855905771,0.0006183332350200372,20.0,0.06063999980688095,0.06320100277662277,0.06175224985927343,0.06161999888718128,0.0006499361991293112,20,0.007079999893903732,0.00824000034481287,0.007300049997866154,0.0072200000286102295,0.0002502919912244396,20,0.028960000723600388,0.03116000071167946,0.02961005000397563,0.02948049921542406,0.0004821276795920714,20,32,32,4096,11008,32768,True,False,False,72,1,4096,11008,generic,generic,,,CUDA_EVENT,FP16,none
0.006479999981820583,0.020640000700950623,0.00725302497157827,0.006619999883696437,0.002481176069698883,40.0,0.00675999978557229,0.02247999981045723,0.00787604993674904,0.006839999929070473,0.003506411300045453,20.0,0.06487999856472015,0.14475999772548676,0.06999014988541603,0.06554049998521805,0.017202513702680017,20,0.05795999988913536,0.06636100262403488,0.061322199925780294,0.06106000021100044,0.0017521118045279956,20,0.039441000670194626,0.061879999935626984,0.04102005008608103,0.03988000005483627,0.004795172760988374,20,0.00800000037997961,0.010160000063478947,0.008366050105541945,0.008200000040233135,0.000527040244568689,20.0,0.10420099645853043,0.11828099936246872,0.10646044984459876,0.10579999908804893,0.003009259637796087,20,0.012319999746978283,0.016720000654459,0.012714000046253204,0.012480000033974648,0.0009281617584064219,20,0.0814799964427948,0.0878399983048439,0.08239829950034619,0.08204099908471107,0.0013413207106558306,20,32,32,4096,11008,32768,True,False,False,672,1,4096,11008,generic,generic,,,CUDA_EVENT,FP16,none
0.006399999838322401,0.028359999880194664,0.007396999956108629,0.006599999964237213,0.003651108172205222,40.0,0.006719999946653843,0.014560000039637089,0.007389999995939434,0.006920000072568655,0.0016876907429030155,20.0,0.07532099634408951,0.1536010056734085,0.0802362997084856,0.07637999951839447,0.01684232314751661,20,0.05724100023508072,0.06608100235462189,0.06112225018441677,0.06028049997985363,0.0022175095901894,20,0.03739999979734421,0.06372000277042389,0.04000810030847788,0.03814000077545643,0.005703269976323416,20,0.008080000057816505,0.01155999954789877,0.00854800003580749,0.00826000003144145,0.0008207410028603608,20.0,0.1422410011291504,0.15956099331378937,0.14487044960260392,0.1441204994916916,0.0035594293435620285,20,0.012400000356137753,0.012959999963641167,0.012720150034874677,0.012720500119030476,0.0001599628114051694,20,0.07231999933719635,0.07463999837636948,0.07297025062143803,0.07280050218105316,0.0005682314474399776,20,32,32,4096,11008,32768,True,False,False,680,1,4096,11008,generic,generic,,,CUDA_EVENT,FP16,none
0.0063599999994039536,0.0142000000923872,0.006813050003256649,0.006479999981820583,0.0012815606744754732,40.0,0.006519999820739031,0.012079999782145023,0.007037999876774848,0.006659999955445528,0.0012273858115250248,20.0,0.06599999964237213,0.12167999893426895,0.06972624957561493,0.06698000058531761,0.011933670579406313,20,0.05716000124812126,0.064240001142025,0.060380150005221365,0.06058000028133392,0.0015666020471254542,20,0.03764000162482262,0.04500100016593933,0.03865414969623089,0.037939999252557755,0.001995044659468233,20,0.0075599998235702515,0.01107999961823225,0.008043999969959258,0.0077599999494850636,0.0008242231492724034,20.0,0.09708099812269211,0.10995999723672867,0.09965824969112873,0.09876000136137009,0.0028790360146643944,20,0.012280000373721123,0.013120000250637531,0.012536000134423375,0.012480000033974648,0.0001940721109373867,20,0.0857200026512146,0.0899209976196289,0.0868342999368906,0.08642049878835678,0.0011824858578088292,20,32,32,4096,11008,32768,True,False,False,528,1,4096,11008,generic,generic,,,CUDA_EVENT,FP16,none
0.006440000142902136,0.018719999119639397,0.007340999902226031,0.006599999964237213,0.0023698604453858156,40.0,0.006519999820739031,0.012319999746978283,0.007009999989531934,0.006680000107735395,0.0012608488893211262,20.0,0.08444000035524368,0.18000100553035736,0.09226249940693379,0.08828099817037582,0.020220943280598473,20,0.05696000158786774,0.061000000685453415,0.058574000000953676,0.05833999998867512,0.0011316731400345564,20,0.03508099913597107,0.03951999917626381,0.036476449482142924,0.0363404992967844,0.0008716007211938905,20,0.007720000110566616,0.013079999946057796,0.008172050002031028,0.007840000092983246,0.0011757494427112197,20.0,0.12163999676704407,0.14339999854564667,0.1272343497723341,0.12638099491596222,0.004394466878388945,20,0.012400000356137753,0.013559999875724316,0.01275204997509718,0.012660000007599592,0.00028077179234603977,20,0.05908000096678734,0.06712000072002411,0.06095600016415119,0.06090000085532665,0.001658958721189904,20,32,32,4096,11008,32768,True,False,False,608,1,4096,11008,generic,generic,,,CUDA_EVENT,FP16,none
0.0063599999994039536,0.02768000029027462,0.007420049968641251,0.006540500093251467,0.0035716223519298724,40.0,0.006519999820739031,0.01727999933063984,0.007296049990691245,0.006680000107735395,0.0023361484965056965,20.0,0.0854400023818016,0.16967999935150146,0.09209825061261653,0.08799999952316284,0.01788422195349014,20,0.057679999619722366,0.0623599998652935,0.060066250152885914,0.06054050102829933,0.0013988235205114957,20,0.03488000109791756,0.043880999088287354,0.03611215017735958,0.03558049909770489,0.0019321875765918053,20,0.00791999977082014,0.012360000051558018,0.008262000000104307,0.00803999975323677,0.0009499031661310687,20.0,0.12371999770402908,0.15119999647140503,0.12793444991111755,0.12692049890756607,0.005727249467027628,20,0.012679999694228172,0.013159999623894691,0.012882049847394227,0.012799999676644802,0.00014934465140305916,20,0.05923999845981598,0.06499999761581421,0.06152999941259622,0.061660001054406166,0.001511548471152358,20,32,32,4096,11008,32768,True,False,False,616,1,4096,11008,generic,generic,,,CUDA_EVENT,FP16,none
0.006279999855905771,0.017680000513792038,0.006887000019196421,0.006440000142902136,0.0018417793910989759,40.0,0.006320000160485506,0.009560000151395798,0.006887999968603254,0.006440000142902136,0.0009804161704078447,20.0,0.05780100077390671,0.09836000204086304,0.06060420013964176,0.058560000732541084,0.008677825170362183,20,0.0568000003695488,0.062401000410318375,0.05965819992125034,0.05972049944102764,0.001321004511830514,20,0.03108000010251999,0.05187999829649925,0.03236209973692894,0.03129999898374081,0.0044805536209760535,20,0.006839999929070473,0.01119999960064888,0.007292049936950207,0.006939999992027879,0.000996782226123956,20.0,0.09548000246286392,0.12415999919176102,0.0977182999253273,0.09611999988555908,0.0061138616469383214,20,0.010280000045895576,0.011959999799728394,0.010742049990221858,0.010580000001937151,0.0004920790629140884,20,0.06627999991178513,0.07227999716997147,0.06720824986696243,0.06681999936699867,0.0013060243204717453,20,32,32,4096,11008,32768,True,False,False,464,1,4096,11008,generic,generic,,,CUDA_EVENT,FP16,none
0.005880000069737434,0.01128000020980835,0.006384000019170344,0.006060000043362379,0.0011514443384360805,40.0,0.0058399997651577,0.01083999965339899,0.006306049972772598,0.006039999891072512,0.0010706340630602124,20.0,0.027879999950528145,0.09111999720335007,0.03979009995236993,0.03763999976217747,0.012432625200031147,20,0.05628100037574768,0.07239999622106552,0.06030614972114563,0.0591800007969141,0.003971232570289113,20,0.01964000053703785,0.030559999868273735,0.02242999989539385,0.02163999993354082,0.0027079992304035573,20,0.006000000052154064,0.009440000168979168,0.008151999954134227,0.008580000139772892,0.0009121052767994254,20.0,0.04244000092148781,0.044519998133182526,0.04328409973531962,0.04316050000488758,0.0005446020066466659,20,0.0063599999994039536,0.012079999782145023,0.006714049982838333,0.006440000142902136,0.0012321089770147902,20,0.021720999851822853,0.022760000079870224,0.022012150101363658,0.021939999423921108,0.0002530305937335071,20,32,32,4096,11008,32768,True,False,False,4,1,4096,11008,generic,generic,,,CUDA_EVENT,FP16,none
0.006440000142902136,0.023840000852942467,0.007687025016639382,0.006599999964237213,0.003763563946788933,40.0,0.006519999820739031,0.0163199994713068,0.007563999923877418,0.006680000107735395,0.0026959791563299675,20.0,0.06672000139951706,0.1435209959745407,0.07139424942433834,0.06758050248026848,0.01655670793721423,20,0.05747999995946884,0.06328000128269196,0.0606282003223896,0.06045999936759472,0.0014160545542496977,20,0.03759999945759773,0.06095999851822853,0.03950014989823103,0.03815999999642372,0.004984086246284254,20,0.0075599998235702515,0.012880000285804272,0.007978050014935434,0.007699999958276749,0.0011335776940073418,20.0,0.09640000015497208,0.10924000293016434,0.09908229932188987,0.09840049967169762,0.0026103943112465388,20,0.012360000051558018,0.01336000021547079,0.012664000038057566,0.012540000025182962,0.00027695486032532546,20,0.0865200012922287,0.0894400030374527,0.08745824992656707,0.08740049973130226,0.0006436206943779928,20,32,32,4096,11008,32768,True,False,False,544,1,4096,11008,generic,generic,,,CUDA_EVENT,FP16,none
0.006320000160485506,0.02531999908387661,0.007396024977788329,0.006479999981820583,0.0039035905420919496,40.0,0.006560000125318766,0.01396000012755394,0.007252050004899502,0.006680000107735395,0.0017497013449241765,20.0,0.06723999977111816,0.1408810019493103,0.07212024927139282,0.06809999793767929,0.015821215360906474,20,0.05868000164628029,0.06347999721765518,0.06095819994807243,0.060640498995780945,0.0012991983490843056,20,0.03764000162482262,0.0618400014936924,0.03952215034514665,0.03828050009906292,0.005140771345533944,20,0.007679999805986881,0.00875999964773655,0.007862000004388392,0.0077599999494850636,0.00023064253613459208,20.0,0.09799999743700027,0.11712099611759186,0.10038434937596322,0.09968050196766853,0.003907546362004642,20,0.012559999711811543,0.015519999898970127,0.01294399993494153,0.01269999984651804,0.0007569835298934452,20,0.08628100156784058,0.09112100303173065,0.08784030042588711,0.08754000067710876,0.0011151005851365934,20,32,32,4096,11008,32768,True,False,False,552,1,4096,11008,generic,generic,,,CUDA_EVENT,FP16,none
0.006240000016987324,0.016119999811053276,0.006700999976601452,0.006399999838322401,0.0015910747458304782,40.0,0.006279999855905771,0.00824000034481287,0.006438000034540892,0.0063599999994039536,0.0004153986746402368,20.0,0.05352000147104263,0.09216000139713287,0.05598815008997917,0.053940000012516975,0.008314632203042982,20,0.05135999992489815,0.054760001599788666,0.05259424988180399,0.05276050046086311,0.0008646590785121685,20,0.03476100042462349,0.06431999802589417,0.037234199792146684,0.03526050038635731,0.006388996598261664,20,0.006599999964237213,0.013279999606311321,0.00722799994982779,0.006839999929070473,0.0014247020065589137,20.0,0.07552000135183334,0.08727999776601791,0.07692819908261299,0.07637999951839447,0.002428025634202916,20,0.009840000420808792,0.010280000045895576,0.010008050128817558,0.009980000089854002,0.00010994199655013413,20,0.06255999952554703,0.06639999896287918,0.06399214938282967,0.06388000026345253,0.0010164869240007553,20,32,32,4096,11008,32768,True,False,False,400,1,4096,11008,generic,generic,,,CUDA_EVENT,FP16,none
0.006440000142902136,0.02160000056028366,0.007107024965807796,0.006560000125318766,0.0024569904413757177,40.0,0.006440000142902136,0.014801000244915485,0.007188049959950149,0.006560000125318766,0.0018807597734159726,20.0,0.05904100090265274,0.13763999938964844,0.06369415000081062,0.05956000089645386,0.016990230791889605,20,0.055240001529455185,0.06332100182771683,0.05837020017206669,0.05824049934744835,0.0017875370451943165,20,0.030640000477433205,0.057920001447200775,0.032302150037139654,0.03090000059455633,0.005883073448654717,20,0.006839999929070473,0.00860000029206276,0.007153999945148826,0.006979999830946326,0.00045135801988492325,20.0,0.0936800017952919,0.11736100167036057,0.09667030014097691,0.09548050165176392,0.004941398164244454,20,0.010359999723732471,0.012919999659061432,0.010839999932795764,0.010639999993145466,0.0007117301991518904,20,0.06452000141143799,0.06679999828338623,0.06552419997751713,0.06532000005245209,0.0006248925231784228,20,32,32,4096,11008,32768,True,False,False,480,1,4096,11008,generic,generic,,,CUDA_EVENT,FP16,none
0.006200000178068876,0.01664000004529953,0.006990000035148114,0.0063599999994039536,0.0019085648860973795,40.0,0.006240000016987324,0.0081599997356534,0.006538049993105232,0.00634000007994473,0.0005113728698079823,20.0,0.049320001155138016,0.08867999911308289,0.052404149994254114,0.050020499154925346,0.008447623712893409,20,0.05164000019431114,0.05648000165820122,0.052360200136899945,0.05204000137746334,0.0010359462542378827,20,0.028839999809861183,0.06143999844789505,0.03212809972465038,0.029279999434947968,0.008737381713241352,20,0.00675999978557229,0.007679999805986881,0.006940049957484007,0.0068599998485296965,0.00024783469439124486,20.0,0.07983999699354172,0.1032399982213974,0.0857322495430708,0.0833199992775917,0.006395779648816432,20,0.009999999776482582,0.01083999965339899,0.010194149939343334,0.010119999758899212,0.00020948004649667232,20,0.05751999840140343,0.06027999892830849,0.059032149612903595,0.05924000032246113,0.0007853349530046733,20,32,32,4096,11008,32768,True,False,False,336,1,4096,11008,generic,generic,,,CUDA_EVENT,FP16,none
0.006320000160485506,0.024639999493956566,0.007123999996110797,0.006479999981820583,0.003049456294484542,40.0,0.006399999838322401,0.016119999811053276,0.007035999954678118,0.006479999981820583,0.0020966220073239546,20.0,0.060440000146627426,0.12588100135326385,0.06556024998426438,0.06222050078213215,0.013879111459423766,20,0.05700000002980232,0.06312000006437302,0.05941814985126257,0.05942099913954735,0.0015493920398822747,20,0.03863999992609024,0.06539999693632126,0.041446099802851674,0.03976000100374222,0.005713990463710275,20,0.00687999976798892,0.011880000121891499,0.007742049964144826,0.0070599999744445086,0.001612031644085259,20.0,0.0865200012922287,0.10559999942779541,0.0884042501449585,0.08710049837827682,0.004084874525207824,20,0.010440000332891941,0.016519999131560326,0.011408049892634154,0.01081999996677041,0.001577697911518823,20,0.08388099819421768,0.0870399996638298,0.0854142490774393,0.0853004977107048,0.0008266616228409635,20,32,32,4096,11008,32768,True,False,False,488,1,4096,11008,generic,generic,,,CUDA_EVENT,FP16,none
0.006120000034570694,0.017480000853538513,0.006934025045484305,0.0062599999364465475,0.001944291067870949,40.0,0.006120000034570694,0.008320000022649765,0.0065779999364167455,0.006240000016987324,0.0007061415881631433,20.0,0.04340000078082085,0.08163999766111374,0.046004149876534936,0.04405999928712845,0.008188634009135358,20,0.051440998911857605,0.05868000164628029,0.05241820029914379,0.05193999968469143,0.0016244131777714544,20,0.028920000419020653,0.05488000065088272,0.03074005004018545,0.029279999434947968,0.0055690117504959185,20,0.006479999981820583,0.00675999978557229,0.006612049974501133,0.006599999964237213,7.593977753926585e-05,20.0,0.09068000316619873,0.11156100034713745,0.09354234933853149,0.09198049828410149,0.004518920371504117,20,0.009840000420808792,0.013399999588727951,0.010236000129953026,0.010080000385642052,0.0007463938813939437,20,0.05164000019431114,0.0544000007212162,0.0525841498747468,0.05245999991893768,0.0007190140019276024,20,32,32,4096,11008,32768,True,False,False,272,1,4096,11008,generic,generic,,,CUDA_EVENT,FP16,none
0.006399999838322401,0.022360000759363174,0.00711099999025464,0.006479999981820583,0.0026833485762525365,40.0,0.006320000160485506,0.013919999822974205,0.0069920500507578255,0.006479999981820583,0.0016389413432401734,20.0,0.056120000779628754,0.14088000357151031,0.061586200073361394,0.05711999908089638,0.01825449305415635,20,0.0509600006043911,0.05496099963784218,0.05188220050185919,0.05172000080347061,0.0008176887452179194,20,0.030480999499559402,0.061000000685453415,0.03556609991937876,0.031120000407099724,0.008186136924891597,20,0.006680000107735395,0.0077599999494850636,0.007082000002264976,0.006839999929070473,0.00037512130699245074,20.0,0.08463999629020691,0.09784100204706192,0.09329830035567284,0.09490000084042549,0.0035743422339990652,20,0.009840000420808792,0.01384000014513731,0.010220000147819519,0.01001999992877245,0.0008364209398939409,20,0.05071999877691269,0.05528099834918976,0.05162420012056827,0.05126050114631653,0.001215071071700728,20,32,32,4096,11008,32768,True,False,False,416,1,4096,11008,generic,generic,,,CUDA_EVENT,FP16,none
0.006279999855905771,0.02404000051319599,0.007198999973479658,0.006440000142902136,0.0029946150532231437,40.0,0.0063599999994039536,0.014560000039637089,0.006891999999061227,0.006440000142902136,0.0017757522431241927,20.0,0.055080000311136246,0.12676000595092773,0.06085224971175194,0.05694049969315529,0.015402010616365723,20,0.05164000019431114,0.057440001517534256,0.052606149949133395,0.0521400012075901,0.0013465210194174807,20,0.03296000137925148,0.06004000082612038,0.045850100181996825,0.044039998203516006,0.0075193993091051264,20,0.006680000107735395,0.008000999689102173,0.007136049936525524,0.006899999920278788,0.00043743619703782944,20.0,0.09483999758958817,0.10704100131988525,0.09685235023498535,0.09629999846220016,0.002513974839009869,20,0.010160000063478947,0.01375999953597784,0.010614000074565411,0.010300000198185444,0.0008529734958425539,20,0.04868000000715256,0.05428000167012215,0.049560250155627726,0.04912000149488449,0.0013446741010758785,20,32,32,4096,11008,32768,True,False,False,424,1,4096,11008,generic,generic,,,CUDA_EVENT,FP16,none
0.006599999964237213,0.013439999893307686,0.00750302494270727,0.006960500031709671,0.0014914837905603093,40.0,0.005960000213235617,0.011119999922811985,0.006960050016641617,0.006260500056669116,0.0012689838526445014,20.0,0.047880999743938446,0.10527999699115753,0.05857814997434616,0.056020500138401985,0.01131696353756952,20,0.0546410009264946,0.06895999610424042,0.06032224949449301,0.059500500559806824,0.003684238986756109,20,0.03288000077009201,0.03951999917626381,0.03481614980846644,0.034220000728964806,0.0016136662694821243,20,0.007360000163316727,0.011479999870061874,0.00854005003347993,0.0081599997356534,0.001002980503365214,20.0,0.055479999631643295,0.06143999844789505,0.057318199798464774,0.05668000131845474,0.001951730136722304,20,0.006440000142902136,0.007600000128149986,0.006771999993361533,0.006719999946653843,0.00023936584029205247,20,0.02539999969303608,0.0355600006878376,0.029220049921423196,0.029199999757111073,0.0027305382820444635,20,32,32,4096,11008,32768,True,False,False,8,1,4096,11008,generic,generic,,,CUDA_EVENT,FP16,none
0.006120000034570694,0.016039999201893806,0.006638025003485382,0.006220499984920025,0.0016355224811723564,40.0,0.006120000034570694,0.009279999881982803,0.006458000070415438,0.006200000178068876,0.0007320627926513798,20.0,0.04479999840259552,0.08488000184297562,0.05390820018947125,0.050740499049425125,0.009973694372495935,20,0.05400000140070915,0.062119998037815094,0.055236149579286575,0.05461999960243702,0.0018771169132785251,20,0.04264000058174133,0.04956100136041641,0.044016150012612346,0.04336000047624111,0.0016677686038205723,20,0.006240000016987324,0.0069599999114871025,0.00649204992223531,0.00646000006236136,0.00019394542509063812,20.0,0.08164100348949432,0.09532000124454498,0.08370834961533546,0.08300099894404411,0.0027709206763203093,20,0.007120000198483467,0.011959999799728394,0.0075120000634342435,0.007240000180900097,0.0010505312297622075,20,0.036639999598264694,0.040401000529527664,0.03738820012658835,0.03691999986767769,0.0009742712619407654,20,32,32,4096,11008,32768,True,False,False,208,1,4096,11008,generic,generic,,,CUDA_EVENT,FP16,none
0.006200000178068876,0.023080000653862953,0.007056000013835728,0.0063599999994039536,0.0029079725557015763,40.0,0.006240000016987324,0.014800000004470348,0.007003999990411102,0.006399999838322401,0.0018699689816112067,20.0,0.04928100109100342,0.13572099804878235,0.05469614993780851,0.050119999796152115,0.01861092804715243,20,0.05084000155329704,0.05751999840140343,0.05218224953860044,0.051819998770952225,0.0014968957404071965,20,0.029600000008940697,0.0575999990105629,0.03308604974299669,0.03005999978631735,0.007795950977648516,20,0.00675999978557229,0.012679999694228172,0.007297999924048781,0.00687999976798892,0.0013876872254816508,20.0,0.0697999969124794,0.09151999652385712,0.07972824908792972,0.08009999990463257,0.006820143132809111,20,0.009920000098645687,0.012400000356137753,0.010268000047653913,0.010119999758899212,0.0005142918324105419,20,0.06047999858856201,0.06272099912166595,0.06126634981483221,0.06118050031363964,0.0005590903802968191,20,32,32,4096,11008,32768,True,False,False,352,1,4096,11008,generic,generic,,,CUDA_EVENT,FP16,none
0.006200000178068876,0.02348100021481514,0.007155024993699044,0.006399999838322401,0.003023155915847435,40.0,0.006279999855905771,0.013319999910891056,0.007355999969877303,0.00646000006236136,0.001804567516106019,20.0,0.05016100034117699,0.122359998524189,0.05541019961237907,0.05106099881231785,0.015501839990616934,20,0.05139999836683273,0.05787999927997589,0.05248619969934225,0.05216049961745739,0.0013109452903296889,20,0.03003999963402748,0.0583610013127327,0.036552200000733136,0.032519999891519547,0.008467214675187715,20,0.006800000090152025,0.0116799995303154,0.007381999935023487,0.006979999830946326,0.0011794557073158173,20.0,0.08008000254631042,0.09260000288486481,0.08973224982619285,0.09094049781560898,0.003041598269150833,20,0.010080999694764614,0.013439999893307686,0.010448050079867243,0.010320000350475311,0.0006952835342836171,20,0.060440000146627426,0.06592000275850296,0.06147019974887371,0.0610204990953207,0.00131383138985432,20,32,32,4096,11008,32768,True,False,False,360,1,4096,11008,generic,generic,,,CUDA_EVENT,FP16,none
0.006039999891072512,0.0175199992954731,0.006855999992694706,0.0061599998734891415,0.0021220517263854472,40.0,0.0060800001956522465,0.012000000104308128,0.0069000000366941094,0.006240000016987324,0.0016369972483460118,20.0,0.053279999643564224,0.08715999871492386,0.06322820000350475,0.06188100017607212,0.006788849656538821,20,0.05124000087380409,0.0689999982714653,0.056220199540257455,0.05509999953210354,0.003885198775191709,20,0.039639998227357864,0.048239998519420624,0.0424261499196291,0.04180050082504749,0.0020848881475131207,20,0.006120000034570694,0.008200000040233135,0.006509999977424741,0.006320000160485506,0.000556399155096978,20.0,0.06508000195026398,0.07208000123500824,0.06672425009310246,0.06639999896287918,0.0014933540113407483,20,0.006839999929070473,0.007679999805986881,0.006969999871216714,0.006939999992027879,0.00017245286189883837,20,0.03303999826312065,0.03688099980354309,0.03361814953386784,0.03345999866724014,0.0008002017240118603,20,32,32,4096,11008,32768,True,False,False,144,1,4096,11008,generic,generic,,,CUDA_EVENT,FP16,none
0.006120000034570694,0.02295999974012375,0.0069569999817758795,0.0063599999994039536,0.0027293865209641268,40.0,0.006200000178068876,0.015399999916553497,0.006978049967437982,0.0063599999994039536,0.0019997595132037367,20.0,0.0427200011909008,0.11876100301742554,0.04720019996166229,0.043379999697208405,0.01642430744541971,20,0.050880998373031616,0.05931999906897545,0.051984149403870104,0.05128050036728382,0.001918652869260004,20,0.029279999434947968,0.06436000019311905,0.03164009964093566,0.029760499484837055,0.007524708496086641,20,0.006399999838322401,0.006800000090152025,0.006620049965567887,0.006639999803155661,7.94861691698799e-05,20.0,0.09148000180721283,0.11748100072145462,0.09704435057938099,0.09417999908328056,0.0069284469862030155,20,0.009720000438392162,0.010960999876260757,0.010176050057634712,0.010060000233352184,0.0002619588195666828,20,0.050999999046325684,0.058479998260736465,0.052404149621725085,0.05184049904346466,0.0016468191388214534,20,32,32,4096,11008,32768,True,False,False,288,1,4096,11008,generic,generic,,,CUDA_EVENT,FP16,none
0.0061599998734891415,0.024119999259710312,0.00696502496721223,0.006279999855905771,0.002960712415093064,40.0,0.006120000034570694,0.014879999682307243,0.006896049994975328,0.006240000016987324,0.002051851372932161,20.0,0.045239999890327454,0.11928100138902664,0.05020624976605177,0.046459998935461044,0.015897157753991847,20,0.05119999870657921,0.05723999813199043,0.05234209969639778,0.05180099979043007,0.0014495124778332136,20,0.023159999400377274,0.052799999713897705,0.02645409982651472,0.023700499907135963,0.008097469370979509,20,0.006599999964237213,0.012679999694228172,0.007091999961994588,0.006719999946653843,0.001304521304641257,20.0,0.09743999689817429,0.1133200004696846,0.10594624988734722,0.1068205013871193,0.004283307291256807,20,0.009999999776482582,0.012319999746978283,0.010324049927294254,0.010200500022619963,0.0004737632459720624,20,0.06520000100135803,0.07096000015735626,0.06702024973928929,0.06664000079035759,0.0013733644362344084,20,32,32,4096,11008,32768,True,False,False,296,1,4096,11008,generic,generic,,,CUDA_EVENT,FP16,none
0.005919999908655882,0.016920000314712524,0.006747025018557906,0.0061599998734891415,0.0018816816568579327,40.0,0.006039999891072512,0.012000000104308128,0.007018000050447881,0.006400000071153045,0.0013653117068554675,20.0,0.05428000167012215,0.09043999761343002,0.06089019980281592,0.05868000164628029,0.007801683663555525,20,0.06528099626302719,0.07496000081300735,0.06740829944610596,0.06644000113010406,0.0025071468850400777,20,0.041200000792741776,0.04831999912858009,0.04343215022236109,0.04296000115573406,0.0018162866872569268,20,0.006240000016987324,0.010639999993145466,0.006582000036723911,0.0063599999994039536,0.0009340214018229518,20.0,0.06111999973654747,0.0684409961104393,0.06300814989954233,0.06261999905109406,0.001677935390631718,20,0.006719999946653843,0.00872000027447939,0.007086049928329885,0.0069599999114871025,0.00045710343973798056,20,0.028920000419020653,0.03351999819278717,0.029958099778741597,0.029440000653266907,0.0013659091305105943,20,32,32,4096,11008,32768,True,False,False,80,1,4096,11008,generic,generic,,,CUDA_EVENT,FP16,none
0.0060800001956522465,0.022600000724196434,0.006994000053964555,0.006320000160485506,0.002823905921159737,40.0,0.006120000034570694,0.014999999664723873,0.006760099972598255,0.006240000016987324,0.0019147531973734665,20.0,0.038839999586343765,0.11908099800348282,0.0457781994715333,0.03952050022780895,0.017983674193067133,20,0.04952000081539154,0.06403999775648117,0.05129014980047941,0.05016000010073185,0.0031826739605750453,20,0.032519999891519547,0.047759998589754105,0.043678149580955505,0.044560499489307404,0.003629105038156069,20,0.006320000160485506,0.006599999964237213,0.006423999997787177,0.006399999838322401,7.939769943551599e-05,20.0,0.09703999757766724,0.1077599972486496,0.10086434967815876,0.10080049932003021,0.002955581344523149,20,0.007400000002235174,0.012880000285804272,0.007837999961338937,0.007600000128149986,0.0011614801603654244,20,0.03627999871969223,0.042520999908447266,0.03868219964206219,0.038179999217391014,0.0015243162337646352,20,32,32,4096,11008,32768,True,False,False,224,1,4096,11008,generic,generic,,,CUDA_EVENT,FP16,none
0.006200000178068876,0.0246799997985363,0.007129049964714795,0.006300000008195639,0.003094490897828432,40.0,0.006200000178068876,0.01384000014513731,0.00668999997433275,0.006320000160485506,0.0016413104898245873,20.0,0.039080001413822174,0.11204099655151367,0.04459614995867014,0.039739999920129776,0.016321003741401895,20,0.049720000475645065,0.06756000220775604,0.052700149826705456,0.05158049985766411,0.003804439152081068,20,0.04224000126123428,0.05152000114321709,0.044932199828326705,0.04447999969124794,0.002097700694872765,20,0.006320000160485506,0.009560000151395798,0.00672800000756979,0.00646000006236136,0.0007432469865306246,20.0,0.07844000309705734,0.08671999722719193,0.08067424967885017,0.08036050200462341,0.0016588951959955731,20,0.0074800001457333565,0.009720000438392162,0.007776050036773086,0.00768049992620945,0.00045892758552343733,20,0.05916000157594681,0.0618400014936924,0.060248149931430815,0.06026050075888634,0.000655733210399057,20,32,32,4096,11008,32768,True,False,False,232,1,4096,11008,generic,generic,,,CUDA_EVENT,FP16,none
0.006039999891072512,0.02452000044286251,0.007100000034552067,0.006240000016987324,0.003462369176596293,40.0,0.006039999891072512,0.012280000373721123,0.006578000052832067,0.0062200000975281,0.001326256462204493,20.0,0.06084100157022476,0.11400000005960464,0.07044019959867001,0.0659404993057251,0.012799145664321625,20,0.05116000026464462,0.06503999978303909,0.05544214975088835,0.05459999851882458,0.0035149269975116564,20,0.042160000652074814,0.05316000059247017,0.045990100130438805,0.04585999995470047,0.002185235547394844,20,0.006200000178068876,0.006440000142902136,0.006328050000593066,0.006320000160485506,7.750643569301656e-05,20.0,0.06308099627494812,0.06972099840641022,0.06755824983119965,0.06762050092220306,0.0012835754449604358,20,0.006920000072568655,0.008919999934732914,0.007289999932982028,0.00699999975040555,0.000566233200644451,20,0.033080000430345535,0.03443999961018562,0.03384609967470169,0.033900000154972076,0.0003291971649969079,20,32,32,4096,11008,32768,True,False,False,160,1,4096,11008,generic,generic,,,CUDA_EVENT,FP16,none
0.006039999891072512,0.03012000024318695,0.007211000041570515,0.006200000178068876,0.003942364691780676,40.0,0.006120000034570694,0.015720000490546227,0.006940000038594007,0.006240000016987324,0.002150107083376183,20.0,0.050039999186992645,0.10871999710798264,0.06252214927226304,0.05801999941468239,0.013909642078692828,20,0.05688000097870827,0.07611999660730362,0.06361220069229603,0.06342000141739845,0.004069573940590683,20,0.041760001331567764,0.04876000061631203,0.043626150116324425,0.04333999939262867,0.0017161317272281662,20,0.006240000016987324,0.00812000036239624,0.006500050006434321,0.006320000160485506,0.00053612136749328,20.0,0.07091999799013138,0.07648000121116638,0.07237824983894825,0.07186049968004227,0.0015019692555752868,20,0.00699999975040555,0.009560000151395798,0.00728805004619062,0.0071000000461936,0.0005810914866225325,20,0.03644099831581116,0.03832000121474266,0.03728419952094555,0.03734000027179718,0.0005050417088038239,20,32,32,4096,11008,32768,True,False,False,168,1,4096,11008,generic,generic,,,CUDA_EVENT,FP16,none
0.0061599998734891415,0.026480000466108322,0.007274025003425777,0.006279999855905771,0.003435309102719968,40.0,0.006120000034570694,0.01360000018030405,0.007364000007510185,0.006279999855905771,0.0022905335804063666,20.0,0.05260000005364418,0.11736000329256058,0.06586215011775494,0.0630199983716011,0.014485368605447644,20,0.05739999935030937,0.07688000053167343,0.06252619940787554,0.0623604990541935,0.004046076808461847,20,0.0435199998319149,0.053199999034404755,0.0452182000502944,0.04430000111460686,0.002214433481163115,20,0.006440000142902136,0.009800000116229057,0.00706605005543679,0.006560000125318766,0.0009790186005776236,20.0,0.06332000344991684,0.06852100044488907,0.06533419936895371,0.06511999666690826,0.0011255645428951894,20,0.0069599999114871025,0.013000000268220901,0.00782205006107688,0.007140000117942691,0.0017410807402643482,20,0.029479999095201492,0.03336000069975853,0.03077209983021021,0.030600499361753464,0.0008135638254424972,20,32,32,4096,11008,32768,True,False,False,96,1,4096,11008,generic,generic,,,CUDA_EVENT,FP16,none
0.005919999908655882,0.028279999271035194,0.006927000021096319,0.006120000034570694,0.0036833775644780392,40.0,0.005919999908655882,0.018519999459385872,0.007752000028267503,0.006800000090152025,0.0027798589035261914,20.0,0.06520000100135803,0.10756099969148636,0.07366224974393845,0.0705999992787838,0.010786403902463432,20,0.05792099982500076,0.07587999850511551,0.06409425009042025,0.06332000344991684,0.003415047703681407,20,0.04148000106215477,0.04639999940991402,0.04292424991726875,0.04249999858438969,0.0013525022346841864,20,0.0060800001956522465,0.01140000019222498,0.007652000011876226,0.007280000019818544,0.0013455169757857024,20.0,0.06032000109553337,0.06892000138759613,0.06223820000886917,0.06162000074982643,0.0021307533298901655,20,0.006839999929070473,0.00788000039756298,0.007006049924530089,0.006960500031709671,0.00021512668910301017,20,0.03399999812245369,0.044360000640153885,0.03873424977064133,0.03863999992609024,0.0029511269728072333,20,32,32,4096,11008,32768,True,False,False,104,1,4096,11008,generic,generic,,,CUDA_EVENT,FP16,none
0.0061599998734891415,0.023159999400377274,0.00729802498826757,0.006440000142902136,0.00283833305926745,40.0,0.00887999963015318,0.01916000060737133,0.0102420499548316,0.00955999968573451,0.002325011064857494,20.0,0.050039999186992645,0.11264000087976456,0.05841410011053085,0.053920499980449677,0.01441173574149317,20,0.06459999829530716,0.0862400010228157,0.07173625007271767,0.07043999806046486,0.004696342496387916,20,0.03868100047111511,0.04920100048184395,0.042542149499058726,0.042080000042915344,0.0023032536235439347,20,0.006279999855905771,0.011959999799728394,0.006824050005525351,0.006440000142902136,0.0012743317935011845,20.0,0.05155999958515167,0.05435999855399132,0.05279814973473549,0.052719999104738235,0.0008717228150753026,20,0.006479999981820583,0.01143999956548214,0.006968049961142242,0.006620500003919005,0.0010674357433497512,20,0.03068000078201294,0.05440099909901619,0.035976150259375575,0.03488050028681755,0.004833840101540384,20,32,32,4096,11008,32768,True,False,False,32,1,4096,11008,generic,generic,,,CUDA_EVENT,FP16,none
0.006000000052154064,0.025119999423623085,0.006823000020813197,0.006120000034570694,0.0031626303106388294,40.0,0.006000000052154064,0.014039999805390835,0.0067621000111103054,0.006200000178068876,0.0017221368967521825,20.0,0.04811999946832657,0.09092000126838684,0.058216150291264056,0.05584000051021576,0.010543469077498204,20,0.06960000097751617,0.08396100252866745,0.07385820001363755,0.07374050095677376,0.0031969162749778215,20,0.038359999656677246,0.04255999997258186,0.03986404966562986,0.039739999920129776,0.0011367978457587366,20,0.006200000178068876,0.010400000028312206,0.007978050014935434,0.007879999931901693,0.0008662091212438544,20.0,0.07184100151062012,0.07639999687671661,0.07378024905920029,0.07380050048232079,0.0012617723799545131,20,0.006399999838322401,0.007199999876320362,0.006603999994695187,0.006560000125318766,0.00020509508134425073,20,0.028200000524520874,0.03271999955177307,0.02973209982737899,0.029039999470114708,0.0014525777570004203,20,32,32,4096,11008,32768,True,False,False,40,1,4096,11008,generic,generic,,,CUDA_EVENT,FP16,none
0.008960000239312649,0.017239999026060104,0.010097049898467958,0.009820000268518925,0.0014993321721095262,40.0,0.006000000052154064,0.010479999706149101,0.006620049965567887,0.00610000011511147,0.0011564851073799119,20.0,0.04871999844908714,0.10684099793434143,0.059272149577736855,0.05657999962568283,0.011757675226285097,20,0.06047999858856201,0.08864100277423859,0.06489019989967346,0.062780000269413,0.006262299137317074,20,0.03471999987959862,0.04355999827384949,0.03688605017960071,0.036460500210523605,0.0020015228158866793,20,0.0069599999114871025,0.015399999916553497,0.008680100040510296,0.008059999905526638,0.0017579704117508157,20.0,0.06055999919772148,0.06831999868154526,0.062184149585664275,0.06200000084936619,0.0016793104968073785,20,0.006440000142902136,0.008440000005066395,0.006719999969936908,0.006639999803155661,0.0004100731571090843,20,0.025839999318122864,0.03195999935269356,0.027160099893808364,0.026599999517202377,0.001560107787759327,20,32,32,4096,11008,32768,True,False,False,16,1,4096,11008,generic,generic,,,CUDA_EVENT,FP16,none
,,,,,,,,,,,,0.15539999306201935,0.22152100503444672,0.16064824908971786,0.15734000504016876,0.014031107735951788,20,0.08064000308513641,0.0870010033249855,0.08365010060369968,0.08378000184893608,0.002201732554472667,20,0.057041000574827194,0.06304000318050385,0.05877459980547428,0.058020999655127525,0.0017032040533608986,20,,,,,,,0.2903209924697876,0.3182410001754761,0.2991069480776787,0.29406100511550903,0.009306546781850302,20,0.027400000020861626,0.03215999901294708,0.02878399956971407,0.028219999745488167,0.0011300547440742685,20,0.11407999694347382,0.12167999893426895,0.11779209971427917,0.11774000152945518,0.002256931247656299,20,32,32,4096,11008,32768,True,False,False,4032,2,4096,11008,generic,generic,,,CUDA_EVENT,FP16,none
,,,,,,,,,,,,0.1746399998664856,0.23899999260902405,0.17966635003685952,0.17616049945354462,0.013665526094562295,20,0.07760100066661835,0.08692000061273575,0.08096404969692231,0.08049999922513962,0.002329078481918627,20,0.060520000755786896,0.0639209970831871,0.06135264951735735,0.061300499364733696,0.0006883007350128191,20,,,,,,,0.2524400055408478,0.25516098737716675,0.2537926986813545,0.2538609951734543,0.0007987787446855851,20,0.026040000841021538,0.0284000001847744,0.026524200104176998,0.026399999856948853,0.0004994701234605669,20,0.1313599944114685,0.14135999977588654,0.13543399870395662,0.13539999723434448,0.0027090746928766065,20,32,32,4096,11008,32768,True,False,False,3776,2,4096,11008,generic,generic,,,CUDA_EVENT,FP16,none
,,,,,,,,,,,,0.149959996342659,0.22056099772453308,0.15420054867863656,0.15074100345373154,0.015232922552980642,20,0.07004000246524811,0.07792100310325623,0.07164215072989463,0.07104000076651573,0.001798774236943256,20,0.05324000120162964,0.05923999845981598,0.054138199612498286,0.053920499980449677,0.0012399566272793619,20,,,,,,,0.2678009867668152,0.27852100133895874,0.2713187485933304,0.2708805054426193,0.002181982924028142,20,0.022880999371409416,0.026000000536441803,0.023402099777013064,0.023139999248087406,0.000770137678795675,20,0.10487999767065048,0.11260099709033966,0.10844240002334118,0.10854000225663185,0.0016785328377951613,20,32,32,4096,11008,32768,True,False,False,3520,2,4096,11008,generic,generic,,,CUDA_EVENT,FP16,none
,,,,,,,,,,,,0.14736099541187286,0.21192100644111633,0.15175439938902854,0.14826000481843948,0.013857799557213134,20,0.0660799965262413,0.0740400031208992,0.06967430002987385,0.06942050158977509,0.001557934401759977,20,0.05708000063896179,0.06007999926805496,0.05787624977529049,0.057579999789595604,0.000786802440977667,20,,,,,,,0.2245209962129593,0.23044100403785706,0.22639270052313804,0.22596050053834915,0.0015389314420589653,20,0.023080000653862953,0.024000000208616257,0.02339405007660389,0.023300000466406345,0.00029018032346618593,20,0.11872000247240067,0.13104000687599182,0.12355040051043034,0.12271999940276146,0.0026408425154425177,20,32,32,4096,11008,32768,True,False,False,3264,2,4096,11008,generic,generic,,,CUDA_EVENT,FP16,none
,,,,,,,,,,,,0.13228100538253784,0.20100100338459015,0.1366684503853321,0.13325999677181244,0.014776028347217897,20,0.06455999612808228,0.07255999743938446,0.0683581493794918,0.06831999868154526,0.0013323606792558622,20,0.0459199994802475,0.04659999907016754,0.04623619951307774,0.04628099873661995,0.00022134515646898763,20,,,,,,,0.2531610131263733,0.2671610116958618,0.26037885099649427,0.26138100028038025,0.003509949178310334,20,0.02184000052511692,0.024080999195575714,0.02238010009750724,0.02223999984562397,0.0005577740681682979,20,0.09495999664068222,0.10204000025987625,0.09813834950327874,0.0979200005531311,0.0021301018412337035,20,32,32,4096,11008,32768,True,False,False,3008,2,4096,11008,generic,generic,,,CUDA_EVENT,FP16,none
,,,,,,,,,,,,0.12664000689983368,0.19780099391937256,0.13099440038204194,0.12752050161361694,0.015332046530928442,20,0.06464000046253204,0.07487999647855759,0.06745414920151234,0.06712000072002411,0.0019510624788650623,20,0.050039999186992645,0.053599998354911804,0.0506601495668292,0.050439998507499695,0.0007586949012833099,20,,,,,,,0.21135999262332916,0.21491999924182892,0.21284664943814277,0.21246099472045898,0.0010768788422831131,20,0.01971999928355217,0.02143999934196472,0.020104100089520217,0.019999999552965164,0.0003701394563605537,20,0.10504099726676941,0.11256100237369537,0.10815830081701279,0.10744000226259232,0.002399729617634798,20,32,32,4096,11008,32768,True,False,False,2752,2,4096,11008,generic,generic,,,CUDA_EVENT,FP16,none
,,,,,,,,,,,,0.09664099663496017,0.15279999375343323,0.10009829923510552,0.09732000157237053,0.01209609601952791,20,0.06796099990606308,0.0780009999871254,0.07285424992442131,0.07272050157189369,0.0021393020553030257,20,0.04328000172972679,0.04876000061631203,0.04395810011774302,0.04360000044107437,0.0011927115112277543,20,,,,,,,0.1912810057401657,0.19687999784946442,0.19199060127139092,0.19172050058841705,0.0011679584827076204,20,0.018239999189972878,0.02043999917805195,0.018750049732625486,0.018579999916255474,0.00047362115197075225,20,0.09151999652385712,0.09716100245714188,0.09449635036289691,0.09490050002932549,0.001530373202559143,20,32,32,4096,11008,32768,True,False,False,2496,2,4096,11008,generic,generic,,,CUDA_EVENT,FP16,none
,,,,,,,,,,,,0.08612000197172165,0.1616010069847107,0.09072030000388623,0.08674050122499466,0.0162872809075444,20,0.06815999746322632,0.07683999836444855,0.071026149392128,0.0708404965698719,0.0018948072129382383,20,0.04068100079894066,0.04163999855518341,0.04110214989632368,0.04108000174164772,0.00022415480357204848,20,,,,,,,0.17239999771118164,0.18216100335121155,0.1744726002216339,0.17372100055217743,0.002103833734528173,20,0.016839999705553055,0.020080000162124634,0.01747004985809326,0.01723999995738268,0.0007258381473129878,20,0.09108000248670578,0.09759999811649323,0.09464424923062324,0.09451999887824059,0.0014838332747399493,20,32,32,4096,11008,32768,True,False,False,2240,2,4096,11008,generic,generic,,,CUDA_EVENT,FP16,none
,,,,,,,,,,,,0.08416000008583069,0.15040099620819092,0.08853424973785877,0.0854400023818016,0.0142027632155659,20,0.06363999843597412,0.07156000286340714,0.06670024991035461,0.06670000031590462,0.001744761200731387,20,0.039159998297691345,0.0488400012254715,0.04108815006911755,0.040720000863075256,0.0020434636128005526,20,,,,,,,0.169281005859375,0.17968100309371948,0.17066449970006942,0.1700199991464615,0.0022273142163338313,20,0.015639999881386757,0.017160000279545784,0.01594400005415082,0.015899999998509884,0.0003078701815956952,20,0.10636100172996521,0.11891999840736389,0.11100034974515438,0.11034049838781357,0.0035975120800956465,20,32,32,4096,11008,32768,True,False,False,2016,2,4096,11008,generic,generic,,,CUDA_EVENT,FP16,none
,,,,,,,,,,,,0.09840100258588791,0.15812000632286072,0.10267890058457851,0.09964099898934364,0.01276495119335052,20,0.062199998646974564,0.0706000030040741,0.06610200013965369,0.065700002014637,0.0018207030453684383,20,0.03739999979734421,0.03956000134348869,0.03834199998527765,0.03831999935209751,0.0005798585296788925,20,,,,,,,0.15196000039577484,0.16256000101566315,0.15377599895000457,0.15306000411510468,0.00231621716789625,20,0.014681000262498856,0.016681000590324402,0.015020799962803722,0.01488099992275238,0.00042946041078761226,20,0.09431999921798706,0.10251999646425247,0.09799199849367142,0.09816000238060951,0.002179709689156559,20,32,32,4096,11008,32768,True,False,False,1888,2,4096,11008,generic,generic,,,CUDA_EVENT,FP16,none
,,,,,,,,,,,,0.07927999645471573,0.15756100416183472,0.08374024964869023,0.07984000071883202,0.016938942854109656,20,0.05999999865889549,0.06723999977111816,0.06219409964978695,0.061879999935626984,0.0015422549615382568,20,0.03619999811053276,0.05655999854207039,0.03768409993499518,0.036660000681877136,0.004344827354801422,20,,,,,,,0.13936099410057068,0.15608100593090057,0.14134659990668297,0.14024099707603455,0.003714810494687008,20,0.014120000414550304,0.016680000349879265,0.01468600002117455,0.014580000191926956,0.0005010828742527552,20,0.09772100299596786,0.10883999615907669,0.10196629948914052,0.10094000026583672,0.002905680741947046,20,32,32,4096,11008,32768,True,False,False,1760,2,4096,11008,generic,generic,,,CUDA_EVENT,FP16,none
,,,,,,,,,,,,0.094480000436306,0.16859999299049377,0.0994903489947319,0.09582050144672394,0.015866646198089307,20,0.06088000163435936,0.06923999637365341,0.06297414973378182,0.06264049932360649,0.0017623058243118007,20,0.04027999937534332,0.04447999969124794,0.0411081001162529,0.04096050001680851,0.0008567930885828224,20,,,,,,,0.1356009989976883,0.14795999228954315,0.13727649971842765,0.1367805004119873,0.0024939390422113175,20,0.01363999955356121,0.015560000203549862,0.01403404981829226,0.013919999822974205,0.00041670698013901696,20,0.08268000185489655,0.08872099965810776,0.08535825051367282,0.08532050251960754,0.0017132861289583436,20,32,32,4096,11008,32768,True,False,False,1632,2,4096,11008,generic,generic,,,CUDA_EVENT,FP16,none
,,,,,,,,,,,,0.06984099745750427,0.1430799961090088,0.07421609945595264,0.07042000070214272,0.015820185937081514,20,0.056040000170469284,0.06415999680757523,0.05860234946012497,0.05830049887299538,0.0019065522385086349,20,0.03328000009059906,0.06136000156402588,0.035244050063192846,0.033640000969171524,0.006028291250302995,20,,,,,,,0.12780100107192993,0.15331999957561493,0.1311444491147995,0.12988049536943436,0.005280738157130354,20,0.012760000303387642,0.014039999805390835,0.013212049938738346,0.013159999623894691,0.00031906545289067147,20,0.07580099999904633,0.07899999618530273,0.07708630003035069,0.07685999944806099,0.0008451226790462528,20,32,32,4096,11008,32768,True,False,False,1504,2,4096,11008,generic,generic,,,CUDA_EVENT,FP16,none
,,,,,,,,,,,,0.07091999799013138,0.14444099366664886,0.0752702496945858,0.07135999947786331,0.015896210389321777,20,0.056759998202323914,0.06480100005865097,0.05928819961845875,0.059260498732328415,0.0019666565989903,20,0.03596000000834465,0.06576000154018402,0.037894099950790405,0.03643999993801117,0.006397143895455692,20,,,,,,,0.11744099855422974,0.13436099886894226,0.11911039985716343,0.1182205006480217,0.0035609530209109374,20,0.012360000051558018,0.015960000455379486,0.01282800007611513,0.012620000168681145,0.0007414689097394895,20,0.07168100029230118,0.0780399963259697,0.07443824969232082,0.07437999919056892,0.0015463051353894464,20,32,32,4096,11008,32768,True,False,False,1376,2,4096,11008,generic,generic,,,CUDA_EVENT,FP16,none
,,,,,,,,,,,,0.061319999396800995,0.16096000373363495,0.07069404944777488,0.061979999765753746,0.02576032642282078,20,0.05511999875307083,0.12912100553512573,0.060136450082063676,0.05590000003576279,0.015900983926881294,20,0.029719999060034752,0.10819999873638153,0.03981405002996326,0.03075999952852726,0.01887894409876054,20,,,,,,,0.10848099738359451,0.1748410016298294,0.12438654862344264,0.123819999396801,0.012904915902648162,20,0.01143999956548214,0.013279999606311321,0.011795999947935343,0.011640000157058239,0.00040711670718307855,20,0.058720000088214874,0.0759200006723404,0.06052205003798008,0.05972049944102764,0.0035582238329953386,20,32,32,4096,11008,32768,True,False,False,1248,2,4096,11008,generic,generic,,,CUDA_EVENT,FP16,none
,,,,,,,,,,,,0.06691999733448029,0.16816100478172302,0.07773014977574348,0.06786049902439117,0.025093889323528417,20,0.05640000104904175,0.14876000583171844,0.06243210006505251,0.05743999965488911,0.019855513133879912,20,0.02816000021994114,0.08835999667644501,0.04213224984705448,0.04062099941074848,0.014722612277537383,20,,,,,,,0.10875999927520752,0.13196000456809998,0.11365629993379116,0.11274000257253647,0.0044924813094219355,20,0.01128000020980835,0.011839999817311764,0.011454049777239562,0.01143999956548214,0.00012727388119937078,20,0.057999998331069946,0.07419999688863754,0.05942999962717295,0.05862000025808811,0.003420943738987655,20,32,32,4096,11008,32768,True,False,False,1120,2,4096,11008,generic,generic,,,CUDA_EVENT,FP16,none
,,,,,,,,,,,,0.16076000034809113,0.2271600067615509,0.16680804938077926,0.16301999986171722,0.014040652185317047,20,0.08096099644899368,0.08835999667644501,0.08368004895746708,0.08289999887347221,0.002322594841072856,20,0.05852000042796135,0.0628800019621849,0.060150050185620786,0.05991999991238117,0.0010253964338307064,20,,,,,,,0.2933200001716614,0.3267599940299988,0.3011260494589806,0.29656000435352325,0.00951408016410806,20,0.028200000524520874,0.032999999821186066,0.029082000069320203,0.02861999999731779,0.0011214614385490567,20,0.10995999723672867,0.12184000015258789,0.11644405014812946,0.1169000007212162,0.0033393498816958003,20,32,32,4096,11008,32768,True,False,False,4064,2,4096,11008,generic,generic,,,CUDA_EVENT,FP16,none
,,,,,,,,,,,,0.05804000049829483,0.1364399939775467,0.06919809933751822,0.0590404998511076,0.02236367349334413,20,0.05708099901676178,0.13604000210762024,0.06249814983457327,0.05825999937951565,0.016946790727867568,20,0.038120001554489136,0.08816000074148178,0.054346250183880326,0.05324050039052963,0.009475395828248447,20,,,,,,,0.10236100107431412,0.12672099471092224,0.10804639868438244,0.10726049914956093,0.004707323787368877,20,0.010080000385642052,0.012040000408887863,0.01035205004736781,0.010280000045895576,0.0003999161260252552,20,0.061319999396800995,0.07631999999284744,0.06269405018538236,0.06204000115394592,0.0031607079058191554,20,32,32,4096,11008,32768,True,False,False,1008,2,4096,11008,generic,generic,,,CUDA_EVENT,FP16,none
,,,,,,,,,,,,0.057840000838041306,0.15000100433826447,0.06827635038644075,0.058720000088214874,0.024549507709907315,20,0.05739999935030937,0.1478399932384491,0.06425604932010173,0.058740001171827316,0.019589193948404554,20,0.032281000167131424,0.10016000270843506,0.048160249926149847,0.04688099958002567,0.014184619769088509,20,,,,,,,0.09068000316619873,0.1489199995994568,0.10277420021593571,0.10048050060868263,0.010927597232090844,20,0.009999999776482582,0.010479999706149101,0.01016010008752346,0.01013999991118908,0.00011173214570553772,20,0.07947999984025955,0.12352100014686584,0.08317034989595413,0.08104000240564346,0.009324321944057563,20,32,32,4096,11008,32768,True,False,False,944,2,4096,11008,generic,generic,,,CUDA_EVENT,FP16,none
,,,,,,,,,,,,0.17640000581741333,0.2345999926328659,0.1820400483906269,0.17961999773979187,0.012186750036454197,20,0.07683999836444855,0.08416000008583069,0.08051805011928082,0.08066000044345856,0.001579085510790362,20,0.060679998248815536,0.06335999816656113,0.06195799969136715,0.06169999949634075,0.0007856180861075411,20,,,,,,,0.25415998697280884,0.2611199915409088,0.2567561000585556,0.2566799968481064,0.0015458449394089365,20,0.026520000770688057,0.029319999739527702,0.02722805002704263,0.026940000243484974,0.000635963240707169,20,0.13067999482154846,0.13811999559402466,0.13501599729061126,0.13514000177383423,0.0020504200534066093,20,32,32,4096,11008,32768,True,False,False,3808,2,4096,11008,generic,generic,,,CUDA_EVENT,FP16,none
,,,,,,,,,,,,0.05724100023508072,0.15156100690364838,0.0741905502974987,0.065140001475811,0.02335777149315592,20,0.05683999881148338,0.13120000064373016,0.062313999980688095,0.05778000131249428,0.01629347997368763,20,0.04967999830842018,0.07360100001096725,0.05490629971027374,0.05315999872982502,0.005423291048308882,20,,,,,,,0.09740000218153,0.14219999313354492,0.10168999917805195,0.09939999878406525,0.009411650015066927,20,0.009639999829232693,0.011479999870061874,0.010002000071108342,0.00977999996393919,0.0005261900003215571,20,0.06076100096106529,0.09780099987983704,0.06346649993211032,0.06148049980401993,0.007914013217859924,20,32,32,4096,11008,32768,True,False,False,880,2,4096,11008,generic,generic,,,CUDA_EVENT,FP16,none
,,,,,,,,,,,,0.15095999836921692,0.2080010026693344,0.1548861511051655,0.15196000039577484,0.012216560996649634,20,0.06939999759197235,0.07463999837636948,0.07106999978423119,0.07077999785542488,0.0012958941446255957,20,0.0517599992454052,0.05455999821424484,0.052697999589145186,0.05260000005364418,0.0006983951425712556,20,,,,,,,0.27904000878334045,0.28648000955581665,0.2822241023182869,0.28176000714302063,0.0018706495735953234,20,0.02435999922454357,0.026079999282956123,0.024981999769806862,0.024879999458789825,0.0004935544825761985,20,0.10651999711990356,0.11556000262498856,0.1106599997729063,0.11013999953866005,0.0022224496541688767,20,32,32,4096,11008,32768,True,False,False,3552,2,4096,11008,generic,generic,,,CUDA_EVENT,FP16,none
,,,,,,,,,,,,0.06920000165700912,0.1363999992609024,0.08201634921133519,0.07736000046133995,0.01498478315626733,20,0.05640000104904175,0.06452000141143799,0.05812210030853748,0.057180000469088554,0.0020006579462356613,20,0.04887999966740608,0.05996000021696091,0.05309834964573383,0.053300000727176666,0.002332766746819708,20,,,,,,,0.09523999691009521,0.10244099795818329,0.0997040994465351,0.10015999898314476,0.0016693836332004348,20,0.009720000438392162,0.010160000063478947,0.009886050084605812,0.009860000107437372,0.00012013096727805944,20,0.05148100107908249,0.05532100051641464,0.05245625004172325,0.05191999860107899,0.0011582333253696525,20,32,32,4096,11008,32768,True,False,False,816,2,4096,11008,generic,generic,,,CUDA_EVENT,FP16,none
,,,,,,,,,,,,0.04839999973773956,0.09616000205278397,0.05463809985667467,0.049060000106692314,0.012430571571374505,20,0.05180000141263008,0.07128000259399414,0.05429820008575916,0.053279999643564224,0.0040521110634093305,20,0.047040000557899475,0.06047999858856201,0.04952015019953251,0.04853999987244606,0.003040139279126548,20,,,,,,,0.08692000061273575,0.09696000069379807,0.09006240032613277,0.08996099978685379,0.0019962951246573846,20,0.009039999917149544,0.010520000010728836,0.009342000028118492,0.009219999890774488,0.00039262708289810607,20,0.07187999784946442,0.07791999727487564,0.07369609996676445,0.07326000183820724,0.0015696036452491097,20,32,32,4096,11008,32768,True,False,False,752,2,4096,11008,generic,generic,,,CUDA_EVENT,FP16,none
,,,,,,,,,,,,0.14688000082969666,0.22040000557899475,0.1526759997010231,0.14931999891996384,0.015570054120502904,20,0.06616000086069107,0.0764010027050972,0.06994604989886284,0.06943999975919724,0.0020396986572391793,20,0.057999998331069946,0.061799999326467514,0.05849004965275526,0.05827999860048294,0.0008039595906768147,20,,,,,,,0.23635999858379364,0.24616000056266785,0.23946604803204535,0.23923999816179276,0.001998779108662502,20,0.023879999294877052,0.028759999200701714,0.02480599991977215,0.024299999698996544,0.0012779530581770466,20,0.12116000056266785,0.12880000472068787,0.12370800003409385,0.12255999818444252,0.002284596902098696,20,32,32,4096,11008,32768,True,False,False,3296,2,4096,11008,generic,generic,,,CUDA_EVENT,FP16,none
,,,,,,,,,,,,0.06964000314474106,0.15068000555038452,0.08553634993731976,0.08245999738574028,0.015939281577053103,20,0.051440998911857605,0.06272000074386597,0.0536320997402072,0.05284000001847744,0.002313443856829929,20,0.0459199994802475,0.05071999877691269,0.047840249724686146,0.047359999269247055,0.0014376109900301538,20,,,,,,,0.09043999761343002,0.09879999607801437,0.09395224936306476,0.09320050105452538,0.0020620494554585505,20,0.00863999966531992,0.011640000157058239,0.009134049946442246,0.008940000087022781,0.0006892537739784625,20,0.04540000110864639,0.05471999943256378,0.046388099901378155,0.04583999887108803,0.0019632824406551758,20,32,32,4096,11008,32768,True,False,False,688,2,4096,11008,generic,generic,,,CUDA_EVENT,FP16,none
,,,,,,,,,,,,0.0430000014603138,0.09136000275611877,0.05168010015040636,0.04768050089478493,0.012089482576952007,20,0.052480001002550125,0.07332099974155426,0.05538029987365008,0.05381999909877777,0.004492701578059776,20,0.04456000030040741,0.05559999868273735,0.046494099870324136,0.0457604993134737,0.0024733376549440447,20,,,,,,,0.10672000050544739,0.11472000181674957,0.109868398681283,0.10976049676537514,0.001853642081447269,20,0.008960000239312649,0.011839999817311764,0.009325999859720468,0.009119999594986439,0.0006053461949432247,20,0.04868000000715256,0.05236100032925606,0.04990019984543324,0.04978000000119209,0.0007975387834767704,20,32,32,4096,11008,32768,True,False,False,624,2,4096,11008,generic,generic,,,CUDA_EVENT,FP16,none
,,,,,,,,,,,,0.13356000185012817,0.1937199980020523,0.13774605095386505,0.13437999784946442,0.012922661928098137,20,0.06592000275850296,0.07259999960660934,0.06889400035142898,0.0684799998998642,0.0015031311982915284,20,0.045680999755859375,0.04740000143647194,0.046358049660921094,0.046380000188946724,0.00034665316663496547,20,,,,,,,0.26159998774528503,0.271479994058609,0.2657600477337837,0.2657399922609329,0.002544711928315531,20,0.02239999920129776,0.023240000009536743,0.02266199979931116,0.022619999945163727,0.00022608850677985267,20,0.10012000054121017,0.10463999956846237,0.10234604962170124,0.10223999992012978,0.001310472144208653,20,32,32,4096,11008,32768,True,False,False,3040,2,4096,11008,generic,generic,,,CUDA_EVENT,FP16,none
,,,,,,,,,,,,0.052320998162031174,0.09736000001430511,0.06579624954611063,0.06374000012874603,0.00977420042705617,20,0.05215999856591225,0.07556000351905823,0.055510100163519385,0.05381999909877777,0.005080184689126107,20,0.04552000015974045,0.0573199987411499,0.047796149738132954,0.04666049964725971,0.0027462455051994682,20,,,,,,,0.08355999737977982,0.09160000085830688,0.0865062989294529,0.08620049804449081,0.0017239509667129104,20,0.0083600003272295,0.011799999512732029,0.008881999971345067,0.00872000027447939,0.0007145878579776994,20,0.057840000838041306,0.06524000316858292,0.05896024983376265,0.058620499446988106,0.001520141496401753,20,32,32,4096,11008,32768,True,False,False,560,2,4096,11008,generic,generic,,,CUDA_EVENT,FP16,none
,,,,,,,,,,,,0.1278800070285797,0.19516000151634216,0.13195004984736441,0.1284400001168251,0.014521068546871728,20,0.064240001142025,0.07159999758005142,0.0670599989593029,0.06678000092506409,0.001571012022960348,20,0.05023999884724617,0.052560001611709595,0.050718050263822076,0.05048049986362457,0.0005407144655981763,20,,,,,,,0.2165600061416626,0.2239599972963333,0.21890404745936393,0.21874000132083893,0.0019480682555930943,20,0.01931999996304512,0.02419999986886978,0.0198080001398921,0.019580000080168247,0.0010229838148978912,20,0.10400000214576721,0.11219999939203262,0.10700599998235702,0.10676000267267227,0.002251444693020438,20,32,32,4096,11008,32768,True,False,False,2784,2,4096,11008,generic,generic,,,CUDA_EVENT,FP16,none
,,,,,,,,,,,,0.07056000083684921,0.10487999767065048,0.07689220011234284,0.07444000244140625,0.007326675511750886,20,0.05428000167012215,0.08472099900245667,0.06157829947769642,0.06026049889624119,0.006102346937044962,20,0.041999999433755875,0.055399999022483826,0.043974149785935876,0.04334050044417381,0.0027658927981536884,20,,,,,,,0.07152000069618225,0.07735999673604965,0.07467224933207035,0.07461999729275703,0.0012434774596747544,20,0.007519999984651804,0.010879999957978725,0.007853999943472445,0.007699999958276749,0.0007011162579929098,20,0.041039999574422836,0.044881001114845276,0.04179015010595322,0.04148000106215477,0.001006655808771897,20,32,32,4096,11008,32768,True,False,False,496,2,4096,11008,generic,generic,,,CUDA_EVENT,FP16,none
,,,,,,,,,,,,0.0684409961104393,0.13116000592708588,0.07587224990129471,0.07208050042390823,0.013131949350396271,20,0.06207999959588051,0.07248000055551529,0.06672014947980642,0.06589999794960022,0.003265964696086845,20,0.04252000153064728,0.04780000075697899,0.043946150317788125,0.04368000105023384,0.0011698942676215112,20,,,,,,,0.07652000337839127,0.08079999685287476,0.07845220007002354,0.0781400017440319,0.001223807573777335,20,0.007600000128149986,0.007960000075399876,0.007751999981701374,0.0077599999494850636,9.173872510664015e-05,20,0.033319998532533646,0.038279999047517776,0.03431404959410429,0.03412000089883804,0.0010328274254424417,20,32,32,4096,11008,32768,True,False,False,432,2,4096,11008,generic,generic,,,CUDA_EVENT,FP16,none
,,,,,,,,,,,,0.09719999879598618,0.1679600030183792,0.1017100002616644,0.09794000163674355,0.01526227767690533,20,0.07028000056743622,0.07823999971151352,0.0736919991672039,0.073379997164011,0.0019438558766706685,20,0.04355999827384949,0.04859999939799309,0.04468399975448847,0.044359998777508736,0.0010406074539171194,20,,,,,,,0.1923609972000122,0.1987600028514862,0.19362824857234956,0.19325999915599823,0.0013807324256942752,20,0.018799999728798866,0.021159999072551727,0.019483999721705912,0.01931999996304512,0.0006392371316447531,20,0.08975999802350998,0.1005999967455864,0.0948099996894598,0.09450000151991844,0.002400628673556877,20,32,32,4096,11008,32768,True,False,False,2528,2,4096,11008,generic,generic,,,CUDA_EVENT,FP16,none
,,,,,,,,,,,,0.06375999748706818,0.10072000324726105,0.06985225044190883,0.06770000234246254,0.007516968517918873,20,0.06244000047445297,0.09272100031375885,0.06795019954442978,0.06571999937295914,0.006333251435033985,20,0.04083999991416931,0.052560001611709595,0.043148149736225605,0.0424405001103878,0.002417896034396578,20,,,,,,,0.06407999992370605,0.07019999623298645,0.0656701996922493,0.06498049944639206,0.0017377128747809454,20,0.007040000054985285,0.007360000163316727,0.00717205002438277,0.007160000037401915,7.812077413257542e-05,20,0.04292000085115433,0.050200000405311584,0.04404409993439913,0.043720001354813576,0.0015028637300336875,20,32,32,4096,11008,32768,True,False,False,368,2,4096,11008,generic,generic,,,CUDA_EVENT,FP16,none
,,,,,,,,,,,,0.10068000108003616,0.15992000699043274,0.10504600033164024,0.10223999992012978,0.012629397480964435,20,0.06032000109553337,0.07295999675989151,0.06438399963080883,0.06393999978899956,0.002397478022246216,20,0.044360000640153885,0.04851999878883362,0.044961999729275705,0.04461999982595444,0.0009531820237948476,20,,,,,,,0.18384000658988953,0.18960000574588776,0.18593200147151948,0.1856199949979782,0.001257113438407375,20,0.01727999933063984,0.019680000841617584,0.017794000171124934,0.017700000666081905,0.0004685767733407848,20,0.09691999852657318,0.10316000133752823,0.09982214868068695,0.09941999986767769,0.001527443046318854,20,32,32,4096,11008,32768,True,False,False,2272,2,4096,11008,generic,generic,,,CUDA_EVENT,FP16,none
,,,,,,,,,,,,0.06080000102519989,0.08947999775409698,0.06658019982278347,0.06495999917387962,0.005831182630551459,20,0.06520000100135803,0.10520000010728836,0.07030630074441432,0.06814000010490417,0.00827434927523903,20,0.04019999876618385,0.053199999034404755,0.0419681005179882,0.04102050140500069,0.0027606560044788984,20,,,,,,,0.0631600022315979,0.06651999801397324,0.06412019915878772,0.06379999965429306,0.0009333998976598821,20,0.00687999976798892,0.007079999893903732,0.006966049922630191,0.0069599999114871025,5.253046661320546e-05,20,0.03824000060558319,0.044360000640153885,0.03923605028539896,0.03906000033020973,0.0012365743678618684,20,32,32,4096,11008,32768,True,False,False,304,2,4096,11008,generic,generic,,,CUDA_EVENT,FP16,none
,,,,,,,,,,,,0.15424099564552307,0.21400099992752075,0.15895084887742997,0.15580099821090698,0.012713068641498512,20,0.07927999645471573,0.08596000075340271,0.08200010024011135,0.0814800001680851,0.0018786405456248747,20,0.05648000165820122,0.06407999992370605,0.05742014981806278,0.05700000002980232,0.0016068784585432747,20,,,,,,,0.2900409996509552,0.3094410002231598,0.29571479856967925,0.2927210032939911,0.005853572968201684,20,0.02696000039577484,0.03192000091075897,0.028272200003266336,0.027859999798238277,0.0013152778925447869,20,0.11051999777555466,0.12060000002384186,0.11510039940476417,0.1151604987680912,0.0023151274516595797,20,32,32,4096,11008,32768,True,False,False,3968,2,4096,11008,generic,generic,,,CUDA_EVENT,FP16,none
,,,,,,,,,,,,0.06188099831342697,0.094760000705719,0.06560620050877333,0.06306000053882599,0.007393717668489385,20,0.06360100209712982,0.10140000283718109,0.07189825028181077,0.06982050091028214,0.007484543279984473,20,0.03644099831581116,0.04956100136041641,0.039516199752688407,0.038440000265836716,0.003024494975793262,20,,,,,,,0.05764000117778778,0.06548000127077103,0.059194150008261205,0.05860050022602081,0.001868880320652247,20,0.006240000016987324,0.0077599999494850636,0.00652205003425479,0.006320000160485506,0.0004400588945680865,20,0.033720001578330994,0.044440001249313354,0.036204099841415885,0.0351404994726181,0.0027054670546208283,20,32,32,4096,11008,32768,True,False,False,240,2,4096,11008,generic,generic,,,CUDA_EVENT,FP16,none
,,,,,,,,,,,,0.08575999736785889,0.15131999552249908,0.08953805007040501,0.08626000210642815,0.014177408114148023,20,0.06431999802589417,0.07316000014543533,0.0685360498726368,0.06837999820709229,0.0019330161449372949,20,0.04100000113248825,0.04244000092148781,0.04164799954742193,0.04155999980866909,0.00038274797284081367,20,,,,,,,0.1701200008392334,0.182559996843338,0.1723860502243042,0.17183999717235565,0.0025509351335365874,20,0.015960000455379486,0.020800000056624413,0.016429999936372043,0.01609999965876341,0.0010433694633854899,20,0.10620000213384628,0.11568000167608261,0.11029205024242401,0.11074050143361092,0.002992931095504201,20,32,32,4096,11008,32768,True,False,False,2032,2,4096,11008,generic,generic,,,CUDA_EVENT,FP16,none
,,,,,,,,,,,,0.06487999856472015,0.1377599984407425,0.07277224995195866,0.06856049969792366,0.015325457331852164,20,0.06632000207901001,0.07872000336647034,0.07012225016951561,0.06920049712061882,0.0031055006431762082,20,0.03824000060558319,0.04280100017786026,0.0395761501044035,0.039140498265624046,0.0011172642255284026,20,,,,,,,0.05196100100874901,0.058959998190402985,0.05385619979351759,0.05348050035536289,0.001947974345747016,20,0.006200000178068876,0.006800000090152025,0.006310000014491379,0.006279999855905771,0.00013076694736473675,20,0.03443999961018562,0.04420100152492523,0.03701410014182329,0.03667999990284443,0.002311520481344598,20,32,32,4096,11008,32768,True,False,False,176,2,4096,11008,generic,generic,,,CUDA_EVENT,FP16,none
,,,,,,,,,,,,0.15347999334335327,0.22088100016117096,0.15816840007901192,0.1547209993004799,0.014442911451714946,20,0.07964000105857849,0.08903999626636505,0.08228799887001514,0.08231999725103378,0.0022477571971422985,20,0.055959999561309814,0.05728000029921532,0.056504350155591965,0.056460000574588776,0.000418142250676836,20,,,,,,,0.288800984621048,0.3064810037612915,0.2944567993283272,0.29110099375247955,0.005504681803334514,20,0.02672000043094158,0.03096099942922592,0.027628249675035476,0.027339999563992023,0.0009602155971266737,20,0.10964000225067139,0.11832000315189362,0.11350799985229969,0.11351999640464783,0.002870905553816885,20,32,32,4096,11008,32768,True,False,False,3872,2,4096,11008,generic,generic,,,CUDA_EVENT,FP16,none
,,,,,,,,,,,,0.09939999878406525,0.16864000260829926,0.10421210005879403,0.10065999999642372,0.014842498902886692,20,0.06356000155210495,0.07091999799013138,0.06694399937987328,0.06675999611616135,0.0016199455813205228,20,0.039480000734329224,0.04148000106215477,0.040031999722123145,0.03992000035941601,0.0005051099207334982,20,,,,,,,0.15335999429225922,0.15520000457763672,0.15394599810242654,0.1538200005888939,0.0004954648729868206,20,0.015119999647140503,0.020320000126957893,0.015805999981239438,0.01561999972909689,0.0010535483473780628,20,0.09560000151395798,0.10372000187635422,0.09909610003232956,0.09879999980330467,0.0020622300422351043,20,32,32,4096,11008,32768,True,False,False,1904,2,4096,11008,generic,generic,,,CUDA_EVENT,FP16,none
,,,,,,,,,,,,0.1714400053024292,0.24432100355625153,0.17771005034446716,0.17428000271320343,0.01539982664785362,20,0.07868099957704544,0.08399999886751175,0.08084664940834045,0.08088099956512451,0.0013736553484894286,20,0.05967999994754791,0.0647210031747818,0.06114619988948107,0.06094049848616123,0.000975413286175308,20,,,,,,,0.24956099689006805,0.2547209858894348,0.25153699740767477,0.2510409951210022,0.0012930839212423819,20,0.025520000606775284,0.030239999294281006,0.02634399989619851,0.026040000841021538,0.0009901433295373093,20,0.1255200058221817,0.136680006980896,0.1293159991502762,0.12849999964237213,0.002971057416372215,20,32,32,4096,11008,32768,True,False,False,3712,2,4096,11008,generic,generic,,,CUDA_EVENT,FP16,none
,,,,,,,,,,,,0.05979999899864197,0.10580000281333923,0.06426414977759123,0.06148049980401993,0.009841099050773645,20,0.07184100151062012,0.0865200012922287,0.07514635063707828,0.07394050061702728,0.0037394800118479826,20,0.03415999934077263,0.04416000097990036,0.03840414993464947,0.037939999252557755,0.001993314983368361,20,,,,,,,0.05316000059247017,0.06128000095486641,0.05747824963182211,0.057320499792695045,0.0014177126006284747,20,0.0060800001956522465,0.007040000054985285,0.006234000041149557,0.006200000178068876,0.00019194791778357923,20,0.031279999762773514,0.046160001307725906,0.035244000144302845,0.03504000045359135,0.0030944570528499415,20,32,32,4096,11008,32768,True,False,False,112,2,4096,11008,generic,generic,,,CUDA_EVENT,FP16,none
,,,,,,,,,,,,0.0801210030913353,0.15160000324249268,0.0845100499689579,0.08077999949455261,0.01541305043312664,20,0.05979999899864197,0.06663999706506729,0.0627360500395298,0.06239999830722809,0.00157244204161962,20,0.03652000054717064,0.04944000020623207,0.0376879995688796,0.036879999563097954,0.0028157443871220946,20,,,,,,,0.1486400067806244,0.15627999603748322,0.15131400004029275,0.1512399986386299,0.0016750035389687696,20,0.014560000039637089,0.018200000748038292,0.015033999970182777,0.014820000156760216,0.0007819233832099572,20,0.09771999716758728,0.10555999726057053,0.10038404874503612,0.10022000223398209,0.0017756577806034622,20,32,32,4096,11008,32768,True,False,False,1776,2,4096,11008,generic,generic,,,CUDA_EVENT,FP16,none
,,,,,,,,,,,,0.05784099921584129,0.12275999784469604,0.06330619975924492,0.05925999954342842,0.013944961020382004,20,0.07496099919080734,0.08827999979257584,0.07931619994342327,0.07856050133705139,0.0032720825694101912,20,0.036159999668598175,0.04188000038266182,0.03785209972411394,0.03748049959540367,0.0011921383291237594,20,,,,,,,0.04123999923467636,0.05443999916315079,0.04460999984294176,0.04295999929308891,0.00435265186400546,20,0.006200000178068876,0.007079999893903732,0.006467999960295856,0.006379999918863177,0.0002462843461978073,20,0.032760001718997955,0.04919999837875366,0.0424941997975111,0.043901000171899796,0.004183607341151599,20,32,32,4096,11008,32768,True,False,False,48,2,4096,11008,generic,generic,,,CUDA_EVENT,FP16,none
,,,,,,,,,,,,0.15968099236488342,0.23044100403785706,0.16466649919748305,0.161080501973629,0.015107293726553978,20,0.06840000301599503,0.07540000230073929,0.07123630009591579,0.0708405002951622,0.0014667181660456671,20,0.05804000049829483,0.06188099831342697,0.05917214974761009,0.05852000042796135,0.0011822433883420906,20,,,,,,,0.24900099635124207,0.25624099373817444,0.25202680081129075,0.251800999045372,0.0014604934573130626,20,0.02548000030219555,0.0279999990016222,0.026040100026875734,0.025919999927282333,0.0005654555396013942,20,0.12704099714756012,0.13420000672340393,0.12981434985995294,0.12928050011396408,0.0017005923923315628,20,32,32,4096,11008,32768,True,False,False,3616,2,4096,11008,generic,generic,,,CUDA_EVENT,FP16,none
,,,,,,,,,,,,0.15276099741458893,0.21224099397659302,0.1568684995174408,0.15390049666166306,0.012721094105186523,20,0.06960000097751617,0.07423999905586243,0.07054819986224174,0.07025999948382378,0.0011775451323198804,20,0.051281001418828964,0.05347999930381775,0.052296149730682376,0.052400000393390656,0.0005174155282289651,20,,,,,,,0.26704099774360657,0.2717210054397583,0.26870874911546705,0.268280491232872,0.0013310642637897796,20,0.0225600004196167,0.02324100024998188,0.022910149954259395,0.022899999283254147,0.0002153859217694252,20,0.102401003241539,0.10899999737739563,0.1045223493129015,0.10426099970936775,0.0015539722984162921,20,32,32,4096,11008,32768,True,False,False,3456,2,4096,11008,generic,generic,,,CUDA_EVENT,FP16,none
,,,,,,,,,,,,0.09591999650001526,0.16764000058174133,0.1006240002810955,0.09684000164270401,0.015394557063461024,20,0.06176000088453293,0.07075999677181244,0.06458399966359138,0.06405999884009361,0.0018482157492266658,20,0.04075999930500984,0.044280000030994415,0.042296049930155274,0.042260000482201576,0.0008123069203020959,20,,,,,,,0.13743999600410461,0.14587999880313873,0.1389661006629467,0.13840050250291824,0.0019116923548087071,20,0.014039999805390835,0.014919999986886978,0.014330000197514892,0.014340000227093697,0.00020034969281894967,20,0.08196000009775162,0.08872000128030777,0.08604610040783882,0.08668049797415733,0.0019410160147264408,20,32,32,4096,11008,32768,True,False,False,1648,2,4096,11008,generic,generic,,,CUDA_EVENT,FP16,none
,,,,,,,,,,,,0.03216100111603737,0.06791999936103821,0.036382149904966354,0.03366049937903881,0.00809029384903161,20,0.06520000100135803,0.09467999637126923,0.07354224994778633,0.07242050021886826,0.005861297693556239,20,0.017720000818371773,0.02443999983370304,0.01935599995777011,0.018900000490248203,0.001697004551403462,20,,,,,,,0.02539999969303608,0.03200000151991844,0.02663400014862418,0.026039999909698963,0.0016403063578715109,20,0.006240000016987324,0.009479999542236328,0.006469999975524843,0.006320000160485506,0.0006928057910776714,20,0.01988000050187111,0.027240000665187836,0.02183805014938116,0.020999999716877937,0.0021363456775888466,20,32,32,4096,11008,32768,True,False,False,1,2,4096,11008,generic,generic,,,CUDA_EVENT,FP16,none
,,,,,,,,,,,,0.14160099625587463,0.2072809934616089,0.14610645025968552,0.1430799961090088,0.014054492808855946,20,0.06719999760389328,0.07544100284576416,0.06987025029957294,0.0694810003042221,0.0017943155980377943,20,0.04848000034689903,0.052960000932216644,0.04935020003467798,0.049021000042557716,0.001028519688756698,20,,,,,,,0.24720099568367004,0.2557609975337982,0.2500587493181229,0.24978099763393402,0.0021012687992196404,20,0.022280000150203705,0.02319999970495701,0.02267015017569065,0.0225600004196167,0.0002924297197966419,20,0.10132099688053131,0.11395999789237976,0.10514829941093921,0.1040005013346672,0.0032540260737297906,20,32,32,4096,11008,32768,True,False,False,3360,2,4096,11008,generic,generic,,,CUDA_EVENT,FP16,none
,,,,,,,,,,,,0.1382800042629242,0.20664100348949432,0.1425284504890442,0.13902000337839127,0.014719343334103876,20,0.06627999991178513,0.07435999810695648,0.06977219991385937,0.0692799985408783,0.0017939873168432098,20,0.05620000138878822,0.05764000117778778,0.05681215040385723,0.05673999898135662,0.00040011020363534043,20,,,,,,,0.22172099351882935,0.22456100583076477,0.22260075062513351,0.22252050042152405,0.0006930540784083035,20,0.022760000079870224,0.02996099926531315,0.02373404959216714,0.02326000016182661,0.0015319615571887642,20,0.11819999665021896,0.124720998108387,0.121170399710536,0.12126000225543976,0.001806633968121744,20,32,32,4096,11008,32768,True,False,False,3200,2,4096,11008,generic,generic,,,CUDA_EVENT,FP16,none
,,,,,,,,,,,,0.07028000056743622,0.13468000292778015,0.07401600033044815,0.07049999758601189,0.013945709007996295,20,0.057679999619722366,0.06455999612808228,0.06026804968714714,0.060340000316500664,0.0018026525072058993,20,0.03336000069975853,0.05347999930381775,0.03514000009745359,0.033879999071359634,0.004301283347597068,20,,,,,,,0.12804000079631805,0.15007999539375305,0.131182049959898,0.13024000078439713,0.004425099333285065,20,0.013319999910891056,0.016200000420212746,0.013889999873936177,0.01375999953597784,0.0005553918994659619,20,0.07599999755620956,0.0798799991607666,0.07725799977779388,0.07705999910831451,0.0009983562722221497,20,32,32,4096,11008,32768,True,False,False,1520,2,4096,11008,generic,generic,,,CUDA_EVENT,FP16,none
,,,,,,,,,,,,0.07143999636173248,0.13128000497817993,0.07521199993789196,0.07208000123500824,0.012878076182931814,20,0.0581200011074543,0.0700799971818924,0.06110604982823133,0.060920000076293945,0.002539885412259977,20,0.036079999059438705,0.06199999898672104,0.038163999654352666,0.036660000681877136,0.005528455694608809,20,,,,,,,0.11875999718904495,0.13699999451637268,0.12050799950957299,0.11947999894618988,0.003892598970636176,20,0.012880000285804272,0.01396000012755394,0.013226049905642866,0.01316049974411726,0.00027077200636525773,20,0.07124000042676926,0.07692000269889832,0.07438000068068504,0.07459999993443489,0.0016335237646894743,20,32,32,4096,11008,32768,True,False,False,1392,2,4096,11008,generic,generic,,,CUDA_EVENT,FP16,none
,,,,,,,,,,,,0.13979999721050262,0.20772099494934082,0.1450284995138645,0.1417205035686493,0.014442869825059103,20,0.06464000046253204,0.07248000055551529,0.0684421993792057,0.06818049773573875,0.0015858273603561394,20,0.056439999490976334,0.060600001364946365,0.05735020022839308,0.057180000469088554,0.0009869712847266866,20,,,,,,,0.2569209933280945,0.2685210108757019,0.2628108516335487,0.26256050169467926,0.0027302487685829224,20,0.02239999920129776,0.026520000770688057,0.023072100058197976,0.02270049974322319,0.0009482963921698434,20,0.11807999759912491,0.1234000027179718,0.12036439999938012,0.11990100145339966,0.0016233814792983314,20,32,32,4096,11008,32768,True,False,False,3104,2,4096,11008,generic,generic,,,CUDA_EVENT,FP16,none
,,,,,,,,,,,,0.1318800002336502,0.19908100366592407,0.13606434985995292,0.1325009986758232,0.01451792284762363,20,0.06508000195026398,0.0716409981250763,0.06750449910759926,0.06758049875497818,0.001228449398597317,20,0.04588000103831291,0.04763999953866005,0.046405999921262264,0.04633999988436699,0.00041478154623202914,20,,,,,,,0.23320099711418152,0.24132099747657776,0.23601899966597556,0.23554100096225739,0.002064421832288268,20,0.020320000126957893,0.021080000326037407,0.02065400006249547,0.020640000700950623,0.00018078715957027913,20,0.08984000235795975,0.09932000190019608,0.09274850003421306,0.09268049895763397,0.0021464196374026273,20,32,32,4096,11008,32768,True,False,False,2944,2,4096,11008,generic,generic,,,CUDA_EVENT,FP16,none
,,,,,,,,,,,,0.06212100014090538,0.1335199922323227,0.06855619959533214,0.06238050013780594,0.017683246083328774,20,0.05668000131845474,0.12647999823093414,0.06136399991810322,0.057660000398755074,0.014987209614643714,20,0.029839999973773956,0.0793600007891655,0.03561399998143315,0.03027999959886074,0.0129334872416126,20,,,,,,,0.10756000131368637,0.15836000442504883,0.11371800079941749,0.1087999977171421,0.011688658490060549,20,0.01155999954789877,0.01348000019788742,0.011996000027284025,0.011900000274181366,0.00040829413664747574,20,0.05951999872922897,0.061799999326467514,0.06057599987834692,0.060600001364946365,0.0006101018777198727,20,32,32,4096,11008,32768,True,False,False,1264,2,4096,11008,generic,generic,,,CUDA_EVENT,FP16,none
,,,,,,,,,,,,0.12624099850654602,0.18752099573612213,0.13090245127677919,0.12776049971580505,0.013037503591819296,20,0.06536000221967697,0.07287999987602234,0.06796425022184849,0.06768050044775009,0.0014395445031280102,20,0.04355999827384949,0.0464400015771389,0.044388150051236155,0.04416000097990036,0.0007001343187217885,20,,,,,,,0.20660099387168884,0.21184000372886658,0.2090206503868103,0.20894049853086472,0.0011199545100535665,20,0.019920000806450844,0.026359999552369118,0.020392049849033356,0.019979999400675297,0.001390998429507857,20,0.0931209996342659,0.10311999917030334,0.0988862995058298,0.09877999871969223,0.0021399611400621512,20,32,32,4096,11008,32768,True,False,False,2848,2,4096,11008,generic,generic,,,CUDA_EVENT,FP16,none
,,,,,,,,,,,,0.1215599998831749,0.1828410029411316,0.12546039894223213,0.122359998524189,0.013176828618376263,20,0.062199998646974564,0.07107999920845032,0.06600625049322843,0.06556050106883049,0.0016962695548537196,20,0.041680000722408295,0.04487999901175499,0.04215810019522905,0.04194050095975399,0.0007093745823791571,20,,,,,,,0.21324099600315094,0.21940100193023682,0.21521870121359826,0.21476099640130997,0.001657114658282912,20,0.019199999049305916,0.030319999903440475,0.020314049907028675,0.01955999992787838,0.0024265788561622322,20,0.09408000111579895,0.10456100106239319,0.09775434955954551,0.09768049791455269,0.002103356008958783,20,32,32,4096,11008,32768,True,False,False,2688,2,4096,11008,generic,generic,,,CUDA_EVENT,FP16,none
,,,,,,,,,,,,0.06648000329732895,0.163441002368927,0.07633804902434349,0.0679599978029728,0.025243029856207543,20,0.057360000908374786,0.1271599978208542,0.06253399979323149,0.058900000527501106,0.01491033561639581,20,0.030319999903440475,0.0674000009894371,0.037042000144720075,0.03150000050663948,0.010800329578443197,20,,,,,,,0.09703999757766724,0.13971999287605286,0.10565609969198704,0.09954000264406204,0.011240726302807726,20,0.0116799995303154,0.01375999953597784,0.012111999932676554,0.011919999960809946,0.0005052682059593411,20,0.057760000228881836,0.06328000128269196,0.06036399994045496,0.060419999063014984,0.0013409194012861964,20,32,32,4096,11008,32768,True,False,False,1136,2,4096,11008,generic,generic,,,CUDA_EVENT,FP16,none
,,,,,,,,,,,,0.05835999920964241,0.15595999360084534,0.06826199945062399,0.05935999937355518,0.02409734932658758,20,0.05843999981880188,0.13816100358963013,0.06394005008041859,0.05947999842464924,0.01715587394994613,20,0.028680000454187393,0.08507999777793884,0.044695999938994646,0.038839999586343765,0.015153794960525763,20,,,,,,,0.09536000341176987,0.1263200044631958,0.10715800039470195,0.10700000077486038,0.006234311516085836,20,0.010320000350475311,0.01116000022739172,0.010608000075444579,0.010520000010728836,0.00025600002554721234,20,0.06159999966621399,0.07556000351905823,0.06318215001374483,0.06249999813735485,0.002888630485460363,20,32,32,4096,11008,32768,True,False,False,1016,2,4096,11008,generic,generic,,,CUDA_EVENT,FP16,none
,,,,,,,,,,,,0.09532099962234497,0.16356100142002106,0.09965030029416085,0.09596050158143044,0.014701608110551637,20,0.06895999610424042,0.07699999958276749,0.07256024926900864,0.0723005011677742,0.002068536918463006,20,0.04588000103831291,0.05172000080347061,0.04696815013885498,0.04667999967932701,0.0012125024657326548,20,,,,,,,0.16596099734306335,0.17112000286579132,0.16760459765791894,0.16700049489736557,0.0015211093064549904,20,0.01868000067770481,0.03027999959886074,0.019914000015705823,0.019120000302791595,0.002548608138618012,20,0.10175999999046326,0.10964000225067139,0.10556029975414276,0.10525999963283539,0.0017917420396514965,20,32,32,4096,11008,32768,True,False,False,2432,2,4096,11008,generic,generic,,,CUDA_EVENT,FP16,none
,,,,,,,,,,,,0.12068100273609161,0.1974010020494461,0.12609040029346943,0.12203999981284142,0.016414279578632406,20,0.06272000074386597,0.07552000135183334,0.06624414920806884,0.0656999982893467,0.0023527662993331755,20,0.047600001096725464,0.049640998244285583,0.048262149654328824,0.048060499131679535,0.0005273796228774306,20,,,,,,,0.19496099650859833,0.2033199965953827,0.19706464931368828,0.19666050374507904,0.0017921462087845217,20,0.019641000777482986,0.020600000396370888,0.02002204991877079,0.019999999552965164,0.0002242271319570311,20,0.10475999861955643,0.1130400002002716,0.10713230036199092,0.10635999962687492,0.002223866965718854,20,32,32,4096,11008,32768,True,False,False,2592,2,4096,11008,generic,generic,,,CUDA_EVENT,FP16,none
,,,,,,,,,,,,0.05804000049829483,0.15476000308990479,0.0669480001553893,0.059119999408721924,0.02398717099252423,20,0.05843999981880188,0.12856000661849976,0.06361800003796816,0.06006000004708767,0.014940627870986874,20,0.028680000454187393,0.09244000166654587,0.03762399982661009,0.02942000050097704,0.016556112952421872,20,,,,,,,0.08139999955892563,0.14451999962329865,0.10002399981021881,0.10009999945759773,0.011805242198086199,20,0.010359999723732471,0.01104000024497509,0.010563999973237514,0.010520000010728836,0.00016193825988290676,20,0.07983999699354172,0.12588000297546387,0.0841499999165535,0.08174000307917595,0.009726968426174171,20,32,32,4096,11008,32768,True,False,False,952,2,4096,11008,generic,generic,,,CUDA_EVENT,FP16,none
,,,,,,,,,,,,0.15160100162029266,0.1960809975862503,0.1565948508679867,0.153500996530056,0.00955726813848048,20,0.07947999984025955,0.08771999925374985,0.08268410041928291,0.0820005014538765,0.0021107793226805235,20,0.056279998272657394,0.061000000685453415,0.05730599984526634,0.056859999895095825,0.0011498368340102279,20,,,,,,,0.2878809869289398,0.33184099197387695,0.29848099797964095,0.29360100626945496,0.012411550073933849,20,0.027160000056028366,0.030079999938607216,0.027929999865591526,0.027579999528825283,0.0008685505389806124,20,0.11228100210428238,0.12360099703073502,0.11526484973728657,0.11446100100874901,0.0030389148270725873,20,32,32,4096,11008,32768,True,False,False,3936,2,4096,11008,generic,generic,,,CUDA_EVENT,FP16,none
,,,,,,,,,,,,0.0854400023818016,0.152320995926857,0.08941430002450942,0.08583999797701836,0.014442102512760905,20,0.06728000193834305,0.07576099783182144,0.07029615007340909,0.0698000006377697,0.001954389882868594,20,0.04067999869585037,0.044319998472929,0.04132414944469929,0.04107999987900257,0.0008546054892858059,20,,,,,,,0.1703609973192215,0.1746399998664856,0.17137454971671104,0.17098049819469452,0.0011310075015568172,20,0.016599999740719795,0.020759999752044678,0.017085999809205533,0.01688000001013279,0.0008577435543278862,20,0.09064099937677383,0.0952410027384758,0.09256834983825683,0.09237999841570854,0.0012732068125339785,20,32,32,4096,11008,32768,True,False,False,2176,2,4096,11008,generic,generic,,,CUDA_EVENT,FP16,none
,,,,,,,,,,,,0.10103999823331833,0.16784000396728516,0.10570630021393299,0.10198049992322922,0.01433750211278166,20,0.06864000111818314,0.07752099633216858,0.07263029962778092,0.07216000184416771,0.0020070306178911587,20,0.041519999504089355,0.04439999908208847,0.042310149595141414,0.04206000082194805,0.0008017652258272458,20,,,,,,,0.16555999219417572,0.17068099975585938,0.16687654852867126,0.16660049557685852,0.0011693712506723527,20,0.01860000006854534,0.022760000079870224,0.019438000116497278,0.01892000064253807,0.001195021318731273,20,0.08956000208854675,0.096841000020504,0.09293229952454567,0.0931205004453659,0.0018443215186195678,20,32,32,4096,11008,32768,True,False,False,2336,2,4096,11008,generic,generic,,,CUDA_EVENT,FP16,none
,,,,,,,,,,,,0.05691999942064285,0.1436000019311905,0.07162405122071505,0.06266000121831894,0.024854395637038926,20,0.05723999813199043,0.12544000148773193,0.062281999923288825,0.05827999860048294,0.014629070023144317,20,0.036720000207424164,0.0801599994301796,0.0542519997805357,0.05347999930381775,0.008910039882690278,20,,,,,,,0.08683999627828598,0.12812000513076782,0.09662404954433441,0.09534049779176712,0.007717208584742779,20,0.009999999776482582,0.012400000356137753,0.010294000152498484,0.010180000215768814,0.0005104155718253452,20,0.061000000685453415,0.10896100103855133,0.06426209956407547,0.06176050007343292,0.01026948793252884,20,32,32,4096,11008,32768,True,False,False,888,2,4096,11008,generic,generic,,,CUDA_EVENT,FP16,none
,,,,,,,,,,,,0.08395999670028687,0.14076000452041626,0.08774630017578602,0.08504000306129456,0.012178091508364205,20,0.0626399964094162,0.07171999663114548,0.06682619974017143,0.06633999943733215,0.002220395635359223,20,0.04016000032424927,0.047199998050928116,0.04153415001928806,0.04100000113248825,0.0017067169608254527,20,,,,,,,0.16840000450611115,0.18076099455356598,0.17082055136561394,0.17034000158309937,0.002390482577465745,20,0.015519999898970127,0.016680000349879265,0.015838050143793227,0.01583999954164028,0.00024767773696090134,20,0.10600099712610245,0.12120100110769272,0.10889434963464736,0.10759999975562096,0.003444470940731972,20,32,32,4096,11008,32768,True,False,False,1984,2,4096,11008,generic,generic,,,CUDA_EVENT,FP16,none
,,,,,,,,,,,,0.09427999705076218,0.15804000198841095,0.09875419996678829,0.09535999968647957,0.013666254880589904,20,0.059721000492572784,0.06868000328540802,0.06347410026937723,0.06328000128269196,0.0021550653578150444,20,0.041039999574422836,0.04424000158905983,0.04191215019673109,0.041760001331567764,0.0006745685285231884,20,,,,,,,0.14556099474430084,0.15688000619411469,0.1479225493967533,0.1475600004196167,0.0023656232806253947,20,0.017160000279545784,0.020800000056624413,0.017695999797433616,0.01744000054895878,0.0008642593037945045,20,0.0811609998345375,0.08708000183105469,0.08285419940948487,0.08271999657154083,0.0012433055180801305,20,32,32,4096,11008,32768,True,False,False,2080,2,4096,11008,generic,generic,,,CUDA_EVENT,FP16,none
,,,,,,,,,,,,0.15928000211715698,0.20504100620746613,0.1631404995918274,0.16086099296808243,0.009673040866223956,20,0.06843999773263931,0.07704100012779236,0.07240025028586387,0.07210000231862068,0.001642696363721948,20,0.05908000096678734,0.062119998037815094,0.060810099728405474,0.06077999994158745,0.0006729797655772709,20,,,,,,,0.24764099717140198,0.25168099999427795,0.24951285123825073,0.249440997838974,0.0011331088040244701,20,0.026040000841021538,0.029079999774694443,0.026654050033539534,0.026460000313818455,0.0006342354589961804,20,0.12703999876976013,0.13368099927902222,0.13016449958086013,0.12994049489498138,0.0016533731397079762,20,32,32,4096,11008,32768,True,False,False,3680,2,4096,11008,generic,generic,,,CUDA_EVENT,FP16,none
,,,,,,,,,,,,0.1526000052690506,0.2220810055732727,0.15805075019598008,0.15446100383996964,0.014753063298945851,20,0.07727999985218048,0.08444000035524368,0.08150814995169639,0.08150000125169754,0.0018438977876810286,20,0.056359998881816864,0.05999999865889549,0.05718809962272644,0.056779999285936356,0.0009284169181207332,20,,,,,,,0.28620100021362305,0.3136410117149353,0.2937808483839035,0.2903209924697876,0.007804897729830294,20,0.02687999978661537,0.03232000023126602,0.028054199926555157,0.02751999907195568,0.0012740215209230445,20,0.10815999656915665,0.11760000139474869,0.11235434971749783,0.1110600009560585,0.0029699848686828632,20,32,32,4096,11008,32768,True,False,False,3904,2,4096,11008,generic,generic,,,CUDA_EVENT,FP16,none
,,,,,,,,,,,,0.06176000088453293,0.13920000195503235,0.0809300510212779,0.07224000245332718,0.020621736436777782,20,0.05835999920964241,0.1363999992609024,0.06344604995101691,0.05928000062704086,0.016776552977435393,20,0.046560000628232956,0.10779999941587448,0.0548820499330759,0.052139999344944954,0.012438262702711644,20,,,,,,,0.09839999675750732,0.12460000067949295,0.10315004996955394,0.10198000073432922,0.00542031362011301,20,0.009720000438392162,0.011760000139474869,0.01007200013846159,0.009920000098645687,0.0004415608731544925,20,0.05155999958515167,0.066600002348423,0.053120000287890434,0.05243999883532524,0.00313067452895226,20,32,32,4096,11008,32768,True,False,False,824,2,4096,11008,generic,generic,,,CUDA_EVENT,FP16,none
,,,,,,,,,,,,0.15688100457191467,0.24616099894046783,0.16278654858469963,0.15783999860286713,0.01918342204734164,20,0.08104100078344345,0.08768100291490555,0.08321629948914051,0.08251999691128731,0.001812851234386481,20,0.05711999908089638,0.06335999816656113,0.05843824986368418,0.05787999927997589,0.001567713160591081,20,,,,,,,0.293161004781723,0.31484100222587585,0.3013369977474213,0.2974409908056259,0.007560488546752257,20,0.02768000029027462,0.03160100057721138,0.028760099783539772,0.02841999940574169,0.0010806572184560318,20,0.11264000087976456,0.12352100014686584,0.1163943998515606,0.11584049835801125,0.002914794815680302,20,32,32,4096,11008,32768,True,False,False,4000,2,4096,11008,generic,generic,,,CUDA_EVENT,FP16,none
,,,,,,,,,,,,0.09836100041866302,0.17547999322414398,0.10416244901716709,0.10007999837398529,0.016431896574547716,20,0.06295999884605408,0.06992000341415405,0.06608024947345256,0.06577999889850616,0.0015588595094687113,20,0.03920000046491623,0.04332000017166138,0.03999810013920069,0.039899999275803566,0.0008222872582390123,20,,,,,,,0.15196000039577484,0.1533609926700592,0.1526864007115364,0.15268049389123917,0.00040701779869972194,20,0.01524099987000227,0.0188400000333786,0.015928100002929567,0.015560000203549862,0.0009311425838855181,20,0.09324000030755997,0.10288099944591522,0.09890844970941544,0.09920049831271172,0.0021448602173346795,20,32,32,4096,11008,32768,True,False,False,1856,2,4096,11008,generic,generic,,,CUDA_EVENT,FP16,none
,,,,,,,,,,,,0.08327999711036682,0.14980100095272064,0.08746834956109524,0.08404050022363663,0.014315284036612835,20,0.06552000343799591,0.07152099907398224,0.06829415000975132,0.06822049990296364,0.0014257132013357305,20,0.03839999809861183,0.04275999963283539,0.0396740997210145,0.03958049975335598,0.0009181185020449221,20,,,,,,,0.16048100590705872,0.18276099860668182,0.16391449943184852,0.16272050142288208,0.0046322260498860655,20,0.015599999576807022,0.020560000091791153,0.01625610003247857,0.015780000016093254,0.0013498876218389208,20,0.1056400015950203,0.11680000275373459,0.11003830060362815,0.10892049968242645,0.0036263858597546457,20,32,32,4096,11008,32768,True,False,False,1936,2,4096,11008,generic,generic,,,CUDA_EVENT,FP16,none
,,,,,,,,,,,,0.04820000007748604,0.13076099753379822,0.06043004915118218,0.04941999912261963,0.023892116326864457,20,0.05268000066280365,0.13704000413417816,0.059446049854159355,0.053619999438524246,0.018387646353919585,20,0.044319998472929,0.08299999684095383,0.05293599981814623,0.04975999891757965,0.00910086063651532,20,,,,,,,0.09012000262737274,0.11051999777555466,0.09304605014622211,0.09176049754023552,0.004349628430421801,20,0.009039999917149544,0.015080000273883343,0.00965399988926947,0.009180000051856041,0.001367583325798259,20,0.07096000015735626,0.09272000193595886,0.07399399988353253,0.07293999940156937,0.004486251099839366,20,32,32,4096,11008,32768,True,False,False,760,2,4096,11008,generic,generic,,,CUDA_EVENT,FP16,none
,,,,,,,,,,,,0.15200099349021912,0.19096000492572784,0.15642450079321862,0.15418050438165665,0.008157653987624783,20,0.0660799965262413,0.07339999824762344,0.06940419934689998,0.06922049820423126,0.0014154393645788423,20,0.05164000019431114,0.053040001541376114,0.05218014996498823,0.05206049978733063,0.00035787469799084345,20,,,,,,,0.2642810046672821,0.26980099081993103,0.26580084711313245,0.26552098989486694,0.0013735020781852918,20,0.022040000185370445,0.02295999974012375,0.02249409994110465,0.022520000115036964,0.00025497692356880327,20,0.10115999728441238,0.10719999670982361,0.10374629981815815,0.10350000113248825,0.0014907037129581802,20,32,32,4096,11008,32768,True,False,False,3424,2,4096,11008,generic,generic,,,CUDA_EVENT,FP16,none
,,,,,,,,,,,,0.16068099439144135,0.2284409999847412,0.1652005486190319,0.16200099885463715,0.01453215618426517,20,0.06756000220775604,0.07608000189065933,0.0716702003031969,0.07141999900341034,0.001674666219893844,20,0.05916000157594681,0.06047999858856201,0.05991024933755398,0.05995999835431576,0.00033376804386517497,20,,,,,,,0.24723999202251434,0.2504409849643707,0.24929469972848892,0.24955999851226807,0.0008405507602455665,20,0.02555999904870987,0.029200000688433647,0.026280149910598995,0.02609999943524599,0.0007495867981718763,20,0.12719999253749847,0.13444000482559204,0.13034434989094734,0.13048049807548523,0.002144641985424688,20,32,32,4096,11008,32768,True,False,False,3648,2,4096,11008,generic,generic,,,CUDA_EVENT,FP16,none
,,,,,,,,,,,,0.17416100203990936,0.3131609857082367,0.18322259858250617,0.17602050304412842,0.029852317909273472,20,0.07868000119924545,0.08420000225305557,0.08139230087399482,0.08152050152420998,0.0018078566946772463,20,0.06063999980688095,0.06328000128269196,0.06163809988647699,0.06149999983608723,0.0007499287402704776,20,,,,,,,0.2532010078430176,0.25940099358558655,0.2550810009241104,0.2549609988927841,0.001460628870591939,20,0.026280000805854797,0.027720000594854355,0.02678400008007884,0.02674000058323145,0.0003600888823999082,20,0.12996099889278412,0.13843999803066254,0.13295454904437065,0.13260100036859512,0.002253456062910439,20,32,32,4096,11008,32768,True,False,False,3744,2,4096,11008,generic,generic,,,CUDA_EVENT,FP16,none
,,,,,,,,,,,,0.07119999825954437,0.19332000613212585,0.09047605022788048,0.08404000103473663,0.02544889874838487,20,0.0544000007212162,0.16332000494003296,0.06199604980647564,0.0559999980032444,0.02334421936157545,20,0.045079998672008514,0.0822800025343895,0.051676000282168386,0.05024000070989132,0.007151648164453179,20,,,,,,,0.09307999908924103,0.1178399994969368,0.09621809981763363,0.09467999637126923,0.0052708559826584196,20,0.008840000256896019,0.01107999961823225,0.00916199996136129,0.008979999925941229,0.0005046146783020205,20,0.04548000171780586,0.08867999911308289,0.048429999873042105,0.04595999978482723,0.009277903682324723,20,32,32,4096,11008,32768,True,False,False,696,2,4096,11008,generic,generic,,,CUDA_EVENT,FP16,none
,,,,,,,,,,,,0.08092000335454941,0.1528400033712387,0.0856222502887249,0.08198000118136406,0.015446408957716193,20,0.05804000049829483,0.06636100262403488,0.06163415014743805,0.06138000078499317,0.001954669898585456,20,0.041680000722408295,0.05788100138306618,0.043590149655938146,0.04274049960076809,0.0033584618421371474,20,,,,,,,0.1398800015449524,0.1448799967765808,0.141440599411726,0.14085999876260757,0.001377816902562289,20,0.014279999770224094,0.01727999933063984,0.014875999931246043,0.014620000030845404,0.0007747926366877285,20,0.09720099717378616,0.10604000091552734,0.10074424967169762,0.1003200002014637,0.002436002075922327,20,32,32,4096,11008,32768,True,False,False,1728,2,4096,11008,generic,generic,,,CUDA_EVENT,FP16,none
,,,,,,,,,,,,0.09712100028991699,0.1616010069847107,0.10254300013184547,0.09884100034832954,0.01377570460467851,20,0.06384000182151794,0.0692799985408783,0.0658280000090599,0.06585999950766563,0.0011929857896938955,20,0.03675999864935875,0.03968000039458275,0.03798399977385998,0.038019999861717224,0.0008060174375426238,20,,,,,,,0.14972099661827087,0.15320099890232086,0.15091885030269622,0.150860995054245,0.0009436072284191375,20,0.014879999682307243,0.015399999916553497,0.015118099842220544,0.015119999647140503,0.00013600182939672167,20,0.09427999705076218,0.1042800024151802,0.09783000014722347,0.0979200005531311,0.0023851171828143374,20,32,32,4096,11008,32768,True,False,False,1808,2,4096,11008,generic,generic,,,CUDA_EVENT,FP16,none
,,,,,,,,,,,,0.13583999872207642,0.18220099806785583,0.13964644968509674,0.13718099892139435,0.009808473412351625,20,0.0652799978852272,0.07344000041484833,0.06920020021498204,0.06864000111818314,0.0017777943276855712,20,0.055879998952150345,0.05984000116586685,0.05708614997565746,0.05704049952328205,0.0008980615768898614,20,,,,,,,0.21856099367141724,0.22488099336624146,0.2201626978814602,0.219760499894619,0.0012804870367207081,20,0.022919999435544014,0.026440000161528587,0.023744099773466587,0.023559999652206898,0.0007781795767236575,20,0.12012100219726562,0.13144099712371826,0.12312234863638878,0.12269999831914902,0.0023802789164284847,20,32,32,4096,11008,32768,True,False,False,3168,2,4096,11008,generic,generic,,,CUDA_EVENT,FP16,none
,,,,,,,,,,,,0.04332000017166138,0.127360001206398,0.05981200002133846,0.051740000024437904,0.02128980630484935,20,0.05415999889373779,0.1635199934244156,0.06443204972892999,0.056619999930262566,0.023621873895904363,20,0.047120001167058945,0.07124000042676926,0.05080199986696243,0.049139998853206635,0.005498792459062973,20,,,,,,,0.10735999792814255,0.13208000361919403,0.11367809996008874,0.11222000047564507,0.005157410881752178,20,0.009039999917149544,0.012360000051558018,0.009467999916523695,0.009259999729692936,0.0007343133513910128,20,0.050200000405311584,0.061400000005960464,0.051848050020635125,0.051179999485611916,0.0022969926915918314,20,32,32,4096,11008,32768,True,False,False,632,2,4096,11008,generic,generic,,,CUDA_EVENT,FP16,none
,,,,,,,,,,,,0.15211999416351318,0.22044099867343903,0.15762055143713952,0.1544005051255226,0.014462089400879376,20,0.06651999801397324,0.07451999932527542,0.07041214965283871,0.07014000043272972,0.0018475908838785416,20,0.050280001014471054,0.05243999883532524,0.05079205017536879,0.050699999555945396,0.0004420638236427982,20,,,,,,,0.2640810012817383,0.27004098892211914,0.2669067487120628,0.2671010047197342,0.001558724983638928,20,0.02271999977529049,0.023320000618696213,0.022952049784362317,0.022919999435544014,0.00017921170756218346,20,0.10092099756002426,0.1061209961771965,0.10307244844734668,0.1029599979519844,0.001365505994864588,20,32,32,4096,11008,32768,True,False,False,3392,2,4096,11008,generic,generic,,,CUDA_EVENT,FP16,none
,,,,,,,,,,,,0.07255999743938446,0.14552100002765656,0.07723625041544438,0.07348000258207321,0.015690283824891182,20,0.05740100145339966,0.06483999639749527,0.05984019972383976,0.059939999133348465,0.0014654372054379995,20,0.041120000183582306,0.058880001306533813,0.04316014964133501,0.04193999990820885,0.0037301403295246518,20,,,,,,,0.1313599944114685,0.14932100474834442,0.13359244912862778,0.13245999813079834,0.003774650708504896,20,0.014120000414550304,0.01995999924838543,0.01478205001913011,0.014240000396966934,0.0016256473660711031,20,0.08472000062465668,0.09015999734401703,0.08764820024371148,0.0877005010843277,0.0018029092241469695,20,32,32,4096,11008,32768,True,False,False,1600,2,4096,11008,generic,generic,,,CUDA_EVENT,FP16,none
,,,,,,,,,,,,0.0891600027680397,0.15892000496387482,0.09474019967019558,0.09101999923586845,0.014848658739595079,20,0.0612809993326664,0.07019999623298645,0.06499619912356139,0.06458050012588501,0.0018792084384931145,20,0.04095999896526337,0.0435199998319149,0.04216419961303473,0.042239999398589134,0.0007661296394778292,20,,,,,,,0.13680000603199005,0.14088000357151031,0.13789239898324013,0.13763999938964844,0.0009917167259339507,20,0.01396000012755394,0.01679999940097332,0.014294050075113774,0.014140000101178885,0.000587903469983904,20,0.08643999695777893,0.09280099719762802,0.09034034945070743,0.09047999978065491,0.0015917734209288052,20,32,32,4096,11008,32768,True,False,False,1680,2,4096,11008,generic,generic,,,CUDA_EVENT,FP16,none
,,,,,,,,,,,,0.14876100420951843,0.23076100647449493,0.15452055037021636,0.15038099884986877,0.01751784486487816,20,0.06812000274658203,0.07500000298023224,0.0709842000156641,0.07060050219297409,0.0015338169660603532,20,0.05107999965548515,0.05423999950289726,0.052006099931895734,0.05178000032901764,0.0007438167811144853,20,,,,,,,0.2704010009765625,0.2749210000038147,0.2730508506298065,0.2731409966945648,0.001126325578255991,20,0.02316099964082241,0.029319999739527702,0.024054049979895353,0.023619999177753925,0.001353556300754327,20,0.10140000283718109,0.1095609962940216,0.106216299533844,0.10642049834132195,0.002224771387115246,20,32,32,4096,11008,32768,True,False,False,3488,2,4096,11008,generic,generic,,,CUDA_EVENT,FP16,none
,,,,,,,,,,,,0.06232000142335892,0.14523999392986298,0.07627404965460301,0.06842000037431717,0.01939922728425892,20,0.053599998354911804,0.13407999277114868,0.06279799938201905,0.05743999965488911,0.017454719422076107,20,0.04732000082731247,0.08364000171422958,0.051704099588096145,0.0493599995970726,0.00761887222529009,20,,,,,,,0.0825200006365776,0.11107999831438065,0.09010000005364419,0.08901999890804291,0.005355900909289486,20,0.00872000027447939,0.011839999817311764,0.009059999976307154,0.008859999943524599,0.0006629026612366897,20,0.058720000088214874,0.12644000351428986,0.06310000009834767,0.05973999947309494,0.014542707555037379,20,32,32,4096,11008,32768,True,False,False,568,2,4096,11008,generic,generic,,,CUDA_EVENT,FP16,none
,,,,,,,,,,,,0.06936100125312805,0.13872000575065613,0.07359030023217202,0.06988000124692917,0.014964899615595632,20,0.05536000058054924,0.06323999911546707,0.05791815016418696,0.0578405000269413,0.001952229555086094,20,0.03336000069975853,0.05999999865889549,0.035384150221943855,0.033720001578330994,0.005749117628790727,20,,,,,,,0.1263210028409958,0.14531999826431274,0.128490449488163,0.12761999666690826,0.003953431143088955,20,0.013039999641478062,0.01387999951839447,0.013327999925240874,0.013280000071972609,0.00020999036478254826,20,0.0759200006723404,0.07779999822378159,0.07660619989037513,0.07654000073671341,0.00047581217270041467,20,32,32,4096,11008,32768,True,False,False,1472,2,4096,11008,generic,generic,,,CUDA_EVENT,FP16,none
,,,,,,,,,,,,0.12984000146389008,0.1764799952507019,0.133262500166893,0.13064000010490417,0.009949931524259405,20,0.06703999638557434,0.07184000313282013,0.06809600032866,0.0678200013935566,0.0012966055324989925,20,0.05283999815583229,0.05711999908089638,0.053758499957621095,0.053500501438975334,0.0009795418327174633,20,,,,,,,0.20239999890327454,0.21040000021457672,0.20396049916744233,0.20384050160646439,0.0016152099101699286,20,0.019840000197291374,0.02507999911904335,0.02078999998047948,0.020320000126957893,0.0012729728551239717,20,0.11627999693155289,0.12508000433444977,0.12008850015699864,0.11983999982476234,0.0018984325991754864,20,32,32,4096,11008,32768,True,False,False,2912,2,4096,11008,generic,generic,,,CUDA_EVENT,FP16,none
,,,,,,,,,,,,0.0737600028514862,0.14244000613689423,0.07813224978744984,0.07434049993753433,0.014817371958815164,20,0.05883999913930893,0.06524000316858292,0.0618581498041749,0.061799999326467514,0.001533700009042153,20,0.03452099859714508,0.06328099966049194,0.0369761498644948,0.035259999334812164,0.006150896833065453,20,,,,,,,0.13223999738693237,0.15039999783039093,0.13398449942469598,0.13312049955129623,0.0038301296009214704,20,0.01360000018030405,0.01727999933063984,0.014016099879518152,0.01384000014513731,0.0007670363283948746,20,0.09312000125646591,0.1021599993109703,0.09560219906270503,0.09523999691009521,0.0019551415217281963,20,32,32,4096,11008,32768,True,False,False,1552,2,4096,11008,generic,generic,,,CUDA_EVENT,FP16,none
,,,,,,,,,,,,0.13808000087738037,0.19992099702358246,0.1426784001290798,0.13950099796056747,0.01318799966537481,20,0.06651999801397324,0.07295999675989151,0.06899024993181228,0.06850050017237663,0.0015295031560391232,20,0.046799998730421066,0.0522800013422966,0.04786219988018274,0.0476400014013052,0.0011012774583239937,20,,,,,,,0.24056099355220795,0.2531999945640564,0.2445967487990856,0.24400050193071365,0.0028176394924189162,20,0.02175999991595745,0.025520000606775284,0.022534099873155355,0.022280000150203705,0.0007785662553073021,20,0.10091999918222427,0.1122409999370575,0.10615234933793545,0.10689999908208847,0.0029399983681130185,20,32,32,4096,11008,32768,True,False,False,3136,2,4096,11008,generic,generic,,,CUDA_EVENT,FP16,none
,,,,,,,,,,,,0.07515999674797058,0.12996000051498413,0.08360599949955941,0.07722000032663345,0.01590128168286941,20,0.05471999943256378,0.13687999546527863,0.06732605006545782,0.062219999730587006,0.01701425103919895,20,0.03920000046491623,0.08628000319004059,0.04848800040781498,0.04642000049352646,0.009032268095403341,20,,,,,,,0.07652000337839127,0.11355999857187271,0.07976005002856254,0.07768000289797783,0.007895415005379,20,0.007840000092983246,0.011799999512732029,0.008317999960854649,0.008080000057816505,0.0008287314790059224,20,0.04163999855518341,0.11264000087976456,0.04595999978482723,0.04244000092148781,0.015312405694480134,20,32,32,4096,11008,32768,True,False,False,504,2,4096,11008,generic,generic,,,CUDA_EVENT,FP16,none
,,,,,,,,,,,,0.15000000596046448,0.2277199923992157,0.15553044900298119,0.15157999843358994,0.016594048389735657,20,0.0674000009894371,0.0740400031208992,0.06987024955451489,0.06955999881029129,0.0014157214122162995,20,0.056481000036001205,0.0589199997484684,0.05708615016192198,0.0569005012512207,0.0005891673388987817,20,,,,,,,0.22244100272655487,0.22839999198913574,0.2244506999850273,0.22442100197076797,0.0011616580512978803,20,0.02304000034928322,0.027799999341368675,0.023680049926042557,0.023459999822080135,0.000983025844961788,20,0.11880099773406982,0.12296000123023987,0.12079239971935748,0.12104000151157379,0.0010211289223926107,20,32,32,4096,11008,32768,True,False,False,3232,2,4096,11008,generic,generic,,,CUDA_EVENT,FP16,none
,,,,,,,,,,,,0.06379999965429306,0.13404099643230438,0.07103025056421756,0.06436000019311905,0.019956010563236048,20,0.05584000051021576,0.06992100179195404,0.05763225052505731,0.05660000070929527,0.0033596314192190307,20,0.03195999935269356,0.06536000221967697,0.03562804963439703,0.03238050080835819,0.009210629674549598,20,,,,,,,0.10432100296020508,0.12824000418186188,0.10798240005970001,0.10586000233888626,0.0064682929902815135,20,0.013120000250637531,0.015440000221133232,0.013535999879240989,0.013419999741017818,0.0004850403049755868,20,0.07119999825954437,0.07547999918460846,0.07240624949336052,0.07198099792003632,0.0012188622848578726,20,32,32,4096,11008,32768,True,False,False,1344,2,4096,11008,generic,generic,,,CUDA_EVENT,FP16,none
,,,,,,,,,,,,0.07096099853515625,0.1318809986114502,0.07490430027246475,0.07152000069618225,0.013120328301494007,20,0.0581200011074543,0.06571999937295914,0.06069809980690479,0.06070049852132797,0.0016071627292014183,20,0.03311999887228012,0.0618400014936924,0.035244000144302845,0.03370000049471855,0.006142623868704806,20,,,,,,,0.125560000538826,0.14456099271774292,0.12809244841337203,0.1266004964709282,0.004182479068014593,20,0.012880000285804272,0.01396000012755394,0.013197999959811569,0.013199999928474426,0.00022431232999985516,20,0.08023999631404877,0.08428099751472473,0.08156029917299748,0.08128000050783157,0.0010657614273529216,20,32,32,4096,11008,32768,True,False,False,1424,2,4096,11008,generic,generic,,,CUDA_EVENT,FP16,none
,,,,,,,,,,,,0.12568099796772003,0.17339999973773956,0.13015039935708045,0.12806100398302078,0.009999225188075781,20,0.06568100303411484,0.07156000286340714,0.06696029976010323,0.0667399987578392,0.001310344510035641,20,0.041680000722408295,0.04363999888300896,0.042100100219249724,0.04202000051736832,0.0004963828115949985,20,,,,,,,0.2122810035943985,0.2178809940814972,0.21496864780783653,0.21504049748182297,0.0015869835112821797,20,0.019279999658465385,0.020519999787211418,0.019746099784970283,0.01971999928355217,0.0002882825996537685,20,0.09731999784708023,0.10251999646425247,0.09892625026404858,0.09864000231027603,0.0012890559065178813,20,32,32,4096,11008,32768,True,False,False,2656,2,4096,11008,generic,generic,,,CUDA_EVENT,FP16,none
,,,,,,,,,,,,0.0727199986577034,0.15591999888420105,0.08127199932932853,0.07503999769687653,0.018574316238711332,20,0.06492000073194504,0.1664000004529953,0.0744620494544506,0.0687205009162426,0.021255022645367334,20,0.044840000569820404,0.08167999982833862,0.04834999982267618,0.045900000259280205,0.008192815225504515,20,,,,,,,0.0774800032377243,0.11159999668598175,0.08226804994046688,0.08036050200462341,0.007207361195150479,20,0.007319999858736992,0.010520000010728836,0.007797999982722103,0.007400000002235174,0.0009483860300067674,20,0.03351999819278717,0.07915999740362167,0.036545999348163605,0.03401999920606613,0.009833682671430869,20,32,32,4096,11008,32768,True,False,False,440,2,4096,11008,generic,generic,,,CUDA_EVENT,FP16,none
,,,,,,,,,,,,0.1265999972820282,0.19492100179195404,0.13131640031933783,0.1278805062174797,0.014620001695768502,20,0.06452000141143799,0.0721609964966774,0.06798019967973232,0.06785999983549118,0.0014926064271696226,20,0.043800000101327896,0.0451200008392334,0.04430415015667677,0.04424000158905983,0.00035172279259055184,20,,,,,,,0.21140100061893463,0.21560099720954895,0.21407269835472106,0.21438049525022507,0.0010485869442436783,20,0.019840000197291374,0.020640000700950623,0.020308050140738488,0.02027999982237816,0.00020118957126691404,20,0.09464000165462494,0.10448099672794342,0.09979235045611859,0.09950000047683716,0.002402646870748167,20,32,32,4096,11008,32768,True,False,False,2880,2,4096,11008,generic,generic,,,CUDA_EVENT,FP16,none
,,,,,,,,,,,,0.061319999396800995,0.15472100675106049,0.07089629974216223,0.06190050020813942,0.02643615218587761,20,0.055240001529455185,0.12203999608755112,0.05998614970594644,0.056140000000596046,0.014327731395480386,20,0.029479999095201492,0.08792000263929367,0.035258150193840265,0.02988000027835369,0.014130976117581481,20,,,,,,,0.10644099861383438,0.1528400033712387,0.11381835006177425,0.10731999948620796,0.01210366330549003,20,0.01140000019222498,0.01363999955356121,0.011792049743235111,0.011599999852478504,0.0005442800683966501,20,0.05931999906897545,0.06224000081419945,0.060110149905085564,0.060000499710440636,0.0006116726419777809,20,32,32,4096,11008,32768,True,False,False,1216,2,4096,11008,generic,generic,,,CUDA_EVENT,FP16,none
,,,,,,,,,,,,0.063960000872612,0.13707999885082245,0.06825419962406158,0.06451999768614769,0.015802222787406332,20,0.05852000042796135,0.06412100046873093,0.060732199996709826,0.0611604992300272,0.0015439273826991316,20,0.03152000159025192,0.061080001294612885,0.033474100194871424,0.031980000436306,0.006350573862158177,20,,,,,,,0.1035199984908104,0.12460000067949295,0.10607224926352501,0.10458000004291534,0.004513384042226381,20,0.012760000303387642,0.0188400000333786,0.013928050035610795,0.013120000250637531,0.0017262187862993167,20,0.08348099887371063,0.08779999613761902,0.08457029983401299,0.08433999866247177,0.0009788471808943467,20,32,32,4096,11008,32768,True,False,False,1296,2,4096,11008,generic,generic,,,CUDA_EVENT,FP16,none
,,,,,,,,,,,,0.1313209980726242,0.22191999852657318,0.13710240051150321,0.1327804997563362,0.019468314585799715,20,0.06516099721193314,0.07292100042104721,0.06837634965777398,0.06818000227212906,0.0013670166851720911,20,0.04568000137805939,0.04836000129580498,0.046432049944996834,0.04633999988436699,0.0005778035260896638,20,,,,,,,0.23280100524425507,0.24204100668430328,0.2354948490858078,0.23514100164175034,0.0019863299487623974,20,0.020519999787211418,0.023041000589728355,0.021072049904614688,0.020840000361204147,0.0006255662244201208,20,0.08923999965190887,0.09780000150203705,0.09358830004930496,0.09324000030755997,0.0023597307519150584,20,32,32,4096,11008,32768,True,False,False,2976,2,4096,11008,generic,generic,,,CUDA_EVENT,FP16,none
,,,,,,,,,,,,0.09948000311851501,0.14212000370025635,0.10323630012571812,0.10112050175666809,0.008981374869512313,20,0.06815999746322632,0.0764010027050972,0.0718843001872301,0.07138049975037575,0.0020224017809436557,20,0.04156000167131424,0.04899999871850014,0.0423480998724699,0.04196000099182129,0.0015569988404560144,20,,,,,,,0.16324099898338318,0.17080099880695343,0.1663365989923477,0.1662604957818985,0.0017408599409899294,20,0.01868000067770481,0.020679999142885208,0.01924599977210164,0.01907999999821186,0.0005278293405464703,20,0.09124100208282471,0.0989999994635582,0.09477035030722618,0.09471999853849411,0.0019877989439788272,20,32,32,4096,11008,32768,True,False,False,2400,2,4096,11008,generic,generic,,,CUDA_EVENT,FP16,none
,,,,,,,,,,,,0.0684799998998642,0.12291999906301498,0.07607005015015603,0.07082000002264977,0.013412715776821361,20,0.061159998178482056,0.15304000675678253,0.07421805039048195,0.06762000173330307,0.019918429954217914,20,0.043161001056432724,0.07000000029802322,0.04705005027353763,0.044840000569820404,0.006693154119563288,20,,,,,,,0.06255999952554703,0.08879999816417694,0.06908399946987628,0.0681999996304512,0.00484252626347588,20,0.007439999841153622,0.010440000332891941,0.00775800000410527,0.00762000004760921,0.0006244966669985305,20,0.042479999363422394,0.10040000081062317,0.04616804998368025,0.04324000142514706,0.012450237922467399,20,32,32,4096,11008,32768,True,False,False,376,2,4096,11008,generic,generic,,,CUDA_EVENT,FP16,none
,,,,,,,,,,,,0.06695999950170517,0.15924100577831268,0.07635229974985122,0.0679204985499382,0.024103878735109906,20,0.05648000165820122,0.11247999966144562,0.060570099763572215,0.05696000158786774,0.012020541775585779,20,0.02792000025510788,0.08848100155591965,0.03735019993036985,0.028460499830543995,0.018601502446812728,20,,,,,,,0.09167999774217606,0.13167999684810638,0.10503024905920029,0.10212000086903572,0.009892477050518876,20,0.01131999958306551,0.013000000268220901,0.0117380999494344,0.01152000017464161,0.00045203162533545685,20,0.05816100165247917,0.06595999747514725,0.05982624962925911,0.05910000018775463,0.0019654547164334587,20,32,32,4096,11008,32768,True,False,False,1088,2,4096,11008,generic,generic,,,CUDA_EVENT,FP16,none
,,,,,,,,,,,,0.12128099799156189,0.18844099342823029,0.1269824992865324,0.12380049750208855,0.014176585408415397,20,0.063680000603199,0.07072000205516815,0.06604405008256435,0.06585999950766563,0.0014631436336399138,20,0.04800000041723251,0.0514799989759922,0.04872415028512478,0.048560500144958496,0.0007012321386213514,20,,,,,,,0.19675999879837036,0.20316100120544434,0.19968069940805436,0.19896099716424942,0.0019986753184397725,20,0.01971999928355217,0.021320000290870667,0.02018404984846711,0.020080000162124634,0.00043602022796516933,20,0.10352099686861038,0.10948000103235245,0.10614629946649075,0.10655999928712845,0.0015513409016459593,20,32,32,4096,11008,32768,True,False,False,2624,2,4096,11008,generic,generic,,,CUDA_EVENT,FP16,none
,,,,,,,,,,,,0.07540000230073929,0.15263999998569489,0.0865620005875826,0.07984000071883202,0.018239239037763998,20,0.05864100158214569,0.13816100358963013,0.06401844974607229,0.05980050005018711,0.01706412239327475,20,0.028519999235868454,0.08799999952316284,0.03285204991698265,0.028819999657571316,0.013014444166833738,20,,,,,,,0.09803999960422516,0.1462009996175766,0.10489455051720142,0.09984000027179718,0.012186855597153804,20,0.011880000121891499,0.012360000051558018,0.012184000061824917,0.012199999764561653,0.00011892858789112201,20,0.056759998202323914,0.06419999897480011,0.057819999754428864,0.057339999824762344,0.0016053658923466092,20,32,32,4096,11008,32768,True,False,False,1168,2,4096,11008,generic,generic,,,CUDA_EVENT,FP16,none
,,,,,,,,,,,,0.06191999837756157,0.10868000239133835,0.07250800002366305,0.06762000173330307,0.012413753908889536,20,0.05688000097870827,0.15756000578403473,0.07679805029183626,0.07030000165104866,0.02097680972614394,20,0.03736000135540962,0.09040000289678574,0.04580399990081787,0.04268000088632107,0.010782251843502177,20,,,,,,,0.06480000168085098,0.08671999722719193,0.068121999502182,0.06681999936699867,0.004594578551447105,20,0.007079999893903732,0.009240999817848206,0.0073500500526279215,0.0072200000286102295,0.00046614270878349176,20,0.03784000128507614,0.07667999714612961,0.040560050122439864,0.03849999979138374,0.008330131393891318,20,32,32,4096,11008,32768,True,False,False,312,2,4096,11008,generic,generic,,,CUDA_EVENT,FP16,none
,,,,,,,,,,,,0.09879999607801437,0.14575999975204468,0.10259635001420975,0.10023999959230423,0.009943599063274999,20,0.06576000154018402,0.07528000324964523,0.06918820068240165,0.06896050274372101,0.0018974079649791932,20,0.04227999970316887,0.04416000097990036,0.04288010001182556,0.04275999963283539,0.00041685996244497496,20,,,,,,,0.16568000614643097,0.16828100383281708,0.16705055087804793,0.16708099842071533,0.000832363377448259,20,0.01576000079512596,0.017319999635219574,0.016192049998790026,0.016139999963343143,0.00035629877448944123,20,0.094760000705719,0.10208000242710114,0.09853825010359288,0.09822000190615654,0.0018464275955175932,20,32,32,4096,11008,32768,True,False,False,2144,2,4096,11008,generic,generic,,,CUDA_EVENT,FP16,none
,,,,,,,,,,,,0.12612099945545197,0.23331999778747559,0.13248635083436966,0.12732000648975372,0.02313648806822132,20,0.06452099978923798,0.07231999933719635,0.06798030026257038,0.0675400011241436,0.0017565465390435193,20,0.04976100102066994,0.052880000323057175,0.05038209985941648,0.05013999901711941,0.0006955714287551527,20,,,,,,,0.21656100451946259,0.22136099636554718,0.21883279830217361,0.2191609963774681,0.0013604047819479783,20,0.019600000232458115,0.021320000290870667,0.02001405004411936,0.01988000050187111,0.0004338324551277003,20,0.10391999781131744,0.11188100278377533,0.10666229985654355,0.10634000226855278,0.001776607453542455,20,32,32,4096,11008,32768,True,False,False,2720,2,4096,11008,generic,generic,,,CUDA_EVENT,FP16,none
,,,,,,,,,,,,0.05860000103712082,0.15136000514030457,0.06803820040076972,0.05920049920678139,0.0235122206322372,20,0.05536099895834923,0.12488099932670593,0.06013829968869686,0.05640050023794174,0.014917842690076764,20,0.02816000021994114,0.10468000173568726,0.04260804997757077,0.03744000010192394,0.017708839887229374,20,,,,,,,0.09359999746084213,0.1411599963903427,0.10810429900884629,0.10687999799847603,0.00834803968906849,20,0.010239999741315842,0.012880000285804272,0.010571999941021204,0.010479999706149101,0.0005377137580878122,20,0.06120099872350693,0.08043999969959259,0.06304624993354083,0.062039999291300774,0.004057792710254271,20,32,32,4096,11008,32768,True,False,False,992,2,4096,11008,generic,generic,,,CUDA_EVENT,FP16,none
,,,,,,,,,,,,0.06632000207901001,0.14640000462532043,0.07645220085978507,0.0694199986755848,0.022245095125181892,20,0.053599998354911804,0.11536099761724472,0.05787619948387146,0.05437999963760376,0.01326020647103993,20,0.028200000524520874,0.07800000160932541,0.03632010016590357,0.029120000079274178,0.014990488641643804,20,,,,,,,0.09080000221729279,0.14656099677085876,0.10576034933328629,0.10466049611568451,0.011539153189307505,20,0.01083999965339899,0.012679999694228172,0.011216000001877547,0.01104000024497509,0.00048189627732264027,20,0.06656099855899811,0.07259999960660934,0.06802024990320206,0.06716049835085869,0.0018238702972350385,20,32,32,4096,11008,32768,True,False,False,1040,2,4096,11008,generic,generic,,,CUDA_EVENT,FP16,none
,,,,,,,,,,,,0.10060100257396698,0.1592399924993515,0.10492829978466034,0.10165999829769135,0.012510598065720274,20,0.0684799998998642,0.0764399990439415,0.07192419990897178,0.07162050157785416,0.0017143215958911756,20,0.042479999363422394,0.046879999339580536,0.04333019964396954,0.043020499870181084,0.0009631490152162952,20,,,,,,,0.1642799973487854,0.17188100516796112,0.16557454988360404,0.1650405004620552,0.0017015296727466264,20,0.01844000071287155,0.03136000037193298,0.019876000005751848,0.018900000490248203,0.0028338215532280157,20,0.08956100046634674,0.09932000190019608,0.09403434991836548,0.09380050003528595,0.0022828086972858873,20,32,32,4096,11008,32768,True,False,False,2368,2,4096,11008,generic,generic,,,CUDA_EVENT,FP16,none
,,,,,,,,,,,,0.06204000115394592,0.11299999803304672,0.07098009996116161,0.0652799978852272,0.014547922533885167,20,0.06932000070810318,0.14212000370025635,0.07881804965436459,0.07400000095367432,0.016264061795116202,20,0.039319999516010284,0.07479999959468842,0.0434639997780323,0.041439998894929886,0.0074678767716842,20,,,,,,,0.058159999549388885,0.1098409965634346,0.06359004974365234,0.06069999933242798,0.010813648391166077,20,0.0060800001956522465,0.009879999794065952,0.006463999976404011,0.006240000016987324,0.0008138205641223351,20,0.025200000032782555,0.0737999975681305,0.030485999956727027,0.02804000023752451,0.010274988816131491,20,32,32,4096,11008,32768,True,False,False,248,2,4096,11008,generic,generic,,,CUDA_EVENT,FP16,none
,,,,,,,,,,,,0.0575999990105629,0.1650400012731552,0.06709224972873926,0.05830049887299538,0.026539448673867184,20,0.05660000070929527,0.12532100081443787,0.06163225006312132,0.05768049880862236,0.014724208849721261,20,0.02855999954044819,0.08472000062465668,0.036858050152659416,0.029160000383853912,0.015651386142595213,20,,,,,,,0.08172000199556351,0.11988099664449692,0.09399244971573353,0.09396050125360489,0.00994080592275206,20,0.010320000350475311,0.015359999611973763,0.010942000057548284,0.01056000031530857,0.0011667029655810872,20,0.08220099657773972,0.10688000172376633,0.08535029925405979,0.08408049866557121,0.005082900908893681,20,32,32,4096,11008,32768,True,False,False,928,2,4096,11008,generic,generic,,,CUDA_EVENT,FP16,none
,,,,,,,,,,,,0.08244100213050842,0.1249609962105751,0.08591624982655048,0.08392050117254257,0.008981056473464682,20,0.06379999965429306,0.07255999743938446,0.0680782500654459,0.06784050166606903,0.002133525138859514,20,0.03956000134348869,0.04456000030040741,0.04046614989638329,0.04017999954521656,0.0010339905512416804,20,,,,,,,0.16536100208759308,0.17240099608898163,0.16740454956889153,0.16708000004291534,0.0015900524956850277,20,0.015440000221133232,0.016519999131560326,0.01585005004890263,0.015780499204993248,0.0002335186230453553,20,0.1050809994339943,0.11804000288248062,0.11086429953575135,0.110640499740839,0.003217861364875142,20,32,32,4096,11008,32768,True,False,False,1968,2,4096,11008,generic,generic,,,CUDA_EVENT,FP16,none
,,,,,,,,,,,,0.09583999961614609,0.18955999612808228,0.10151234902441501,0.09699999913573265,0.020208231358673254,20,0.06812000274658203,0.07671999931335449,0.07266425043344497,0.07276000082492828,0.0017864912102132865,20,0.04676000028848648,0.05172000080347061,0.04749409984797239,0.047080500051379204,0.0011984395049771108,20,,,,,,,0.16868099570274353,0.1846410036087036,0.17392659783363343,0.17338049411773682,0.0031018251993726632,20,0.019360000267624855,0.030079999938607216,0.020996049884706734,0.01954049989581108,0.0031737162937085423,20,0.10283999890089035,0.11079999804496765,0.10595830008387566,0.10545999929308891,0.0019971926166280677,20,32,32,4096,11008,32768,True,False,False,2464,2,4096,11008,generic,generic,,,CUDA_EVENT,FP16,none
,,,,,,,,,,,,0.05779999867081642,0.13936099410057068,0.06723824962973594,0.058139998465776443,0.023167681892148555,20,0.05576099827885628,0.14375999569892883,0.062022249586880206,0.056740500032901764,0.0190028309323117,20,0.027799999341368675,0.09804099798202515,0.047044149693101646,0.043640000745654106,0.014529592269481131,20,,,,,,,0.10364100337028503,0.14640000462532043,0.10833835005760192,0.10545999929308891,0.00930235091499303,20,0.010080000385642052,0.01143999956548214,0.010378050152212381,0.010280000045895576,0.0003165851951588426,20,0.060839999467134476,0.09200099855661392,0.06317424979060889,0.061580000445246696,0.006627135220436269,20,32,32,4096,11008,32768,True,False,False,968,2,4096,11008,generic,generic,,,CUDA_EVENT,FP16,none
,,,,,,,,,,,,0.06592000275850296,0.15347999334335327,0.07805804945528508,0.07082000002264977,0.021398447538437802,20,0.06571999937295914,0.1809999942779541,0.07707599923014641,0.07034000009298325,0.024104597329350004,20,0.04052000120282173,0.08339999616146088,0.0443079998716712,0.04174000024795532,0.009193493371478347,20,,,,,,,0.05496000126004219,0.07716000080108643,0.056934000179171565,0.05590000003576279,0.0046944100727299215,20,0.005960000213235617,0.010359999723732471,0.006363999960012734,0.006120000034570694,0.0009338864408597339,20,0.034960001707077026,0.08559999614953995,0.04082199987024069,0.03821999952197075,0.010466046863651629,20,32,32,4096,11008,32768,True,False,False,184,2,4096,11008,generic,generic,,,CUDA_EVENT,FP16,none
,,,,,,,,,,,,0.10016000270843506,0.15756100416183472,0.10428634993731975,0.10110050067305565,0.012275960064283985,20,0.06227999925613403,0.07152099907398224,0.06647229976952077,0.06582050025463104,0.0021988774535631594,20,0.041919998824596405,0.04684000089764595,0.042752249911427495,0.04234050028026104,0.0013171231771474065,20,,,,,,,0.14531999826431274,0.14868000149726868,0.1462562508881092,0.14636050164699554,0.0007837732930671964,20,0.017079999670386314,0.018360000103712082,0.01730609992519021,0.017239999026060104,0.0002789102763417071,20,0.0793600007891655,0.08432000130414963,0.08179829977452754,0.0821399986743927,0.0015230580600028073,20,32,32,4096,11008,32768,True,False,False,2112,2,4096,11008,generic,generic,,,CUDA_EVENT,FP16,none
,,,,,,,,,,,,0.05623999983072281,0.16599999368190765,0.07380814962089062,0.06076049990952015,0.02877662018762128,20,0.05455999821424484,0.126800999045372,0.05950020011514425,0.055640000849962234,0.015495409821658888,20,0.04828000068664551,0.08579999953508377,0.05674610007554293,0.05446000024676323,0.00911963916252213,20,,,,,,,0.09528099745512009,0.122079998254776,0.10299229994416237,0.10184000059962273,0.0052099735082736,20,0.009960000403225422,0.011479999870061874,0.01024800012819469,0.010160000063478947,0.0003437672694796954,20,0.05251999944448471,0.07540000230073929,0.05427414998412132,0.05304050073027611,0.004872115694795072,20,32,32,4096,11008,32768,True,False,False,864,2,4096,11008,generic,generic,,,CUDA_EVENT,FP16,none
,,,,,,,,,,,,0.09855999797582626,0.14000000059604645,0.10198599994182586,0.09946000203490257,0.008869501016144338,20,0.06319999694824219,0.07100000232458115,0.06697005033493042,0.0671599991619587,0.0016368197868318183,20,0.038359999656677246,0.04083999991416931,0.039100099727511405,0.03895999863743782,0.0005466442365800334,20,,,,,,,0.1491200029850006,0.15467999875545502,0.15054600015282632,0.1503800004720688,0.0011148651081079356,20,0.014560000039637089,0.015799999237060547,0.014895999943837524,0.014840000309050083,0.00028799986337425674,20,0.09568099677562714,0.1008009985089302,0.09843299947679043,0.09842099994421005,0.0013639706509314775,20,32,32,4096,11008,32768,True,False,False,1840,2,4096,11008,generic,generic,,,CUDA_EVENT,FP16,none
,,,,,,,,,,,,0.05696000158786774,0.13687999546527863,0.06573009975254536,0.05805999971926212,0.02126800111325796,20,0.05671999976038933,0.13152000308036804,0.06185820009559393,0.057420000433921814,0.016049781661303355,20,0.028279999271035194,0.0790800005197525,0.03895809995010495,0.030619999393820763,0.01480473741015658,20,,,,,,,0.08156000077724457,0.14132100343704224,0.09999829940497876,0.09926049783825874,0.011195967596536792,20,0.010080000385642052,0.014560000039637089,0.010504050040617585,0.010200000368058681,0.0009691468441130075,20,0.07896000146865845,0.1146399974822998,0.0831842489540577,0.08164050057530403,0.007297438975599193,20,32,32,4096,11008,32768,True,False,False,904,2,4096,11008,generic,generic,,,CUDA_EVENT,FP16,none
,,,,,,,,,,,,0.08603999763727188,0.18508000671863556,0.09230029955506325,0.08732049912214279,0.021311351168232115,20,0.0679209977388382,0.07660000026226044,0.07133624963462352,0.07084000110626221,0.0021997112290047228,20,0.04083999991416931,0.05268099904060364,0.04212414957582951,0.04131999984383583,0.0025185587430239026,20,,,,,,,0.1727609932422638,0.18875999748706818,0.17530254796147346,0.1746404990553856,0.0032313016186609855,20,0.016920000314712524,0.020759999752044678,0.01753604980185628,0.017259999178349972,0.0009422666386083652,20,0.08964099735021591,0.09668000042438507,0.09445429928600788,0.09494049847126007,0.0017114696053042251,20,32,32,4096,11008,32768,True,False,False,2208,2,4096,11008,generic,generic,,,CUDA_EVENT,FP16,none
,,,,,,,,,,,,0.0575999990105629,0.17443999648094177,0.07269004993140697,0.064240001142025,0.025817383510160084,20,0.07259999960660934,0.16383999586105347,0.08247605003416539,0.07744000107049942,0.01893582458425481,20,0.039000000804662704,0.07540000230073929,0.042496000044047834,0.04026000015437603,0.007686959819941867,20,,,,,,,0.04956100136041641,0.08715999871492386,0.05426404997706413,0.052160000428557396,0.0077432854301354645,20,0.005960000213235617,0.00887999963015318,0.006206000037491321,0.006039999891072512,0.0006204868095110033,20,0.03248000144958496,0.08767999708652496,0.04069604966789484,0.03823999874293804,0.01110653178876969,20,32,32,4096,11008,32768,True,False,False,120,2,4096,11008,generic,generic,,,CUDA_EVENT,FP16,none
,,,,,,,,,,,,0.0480009987950325,0.12719999253749847,0.060836199298501016,0.04968000017106533,0.021620494040647444,20,0.05167999863624573,0.13908100128173828,0.058218199945986274,0.05233999900519848,0.01882797429306556,20,0.05084000155329704,0.07468000054359436,0.054698200151324275,0.05282049998641014,0.005709701296576718,20,,,,,,,0.08923999965190887,0.126800999045372,0.0935623001307249,0.09177999943494797,0.007868728055170828,20,0.009920000098645687,0.01107999961823225,0.010284050088375806,0.010220000054687262,0.00025260958658765827,20,0.066880002617836,0.11535999923944473,0.07039819993078708,0.06769999861717224,0.010381634399798454,20,32,32,4096,11008,32768,True,False,False,800,2,4096,11008,generic,generic,,,CUDA_EVENT,FP16,none
,,,,,,,,,,,,0.0833199992775917,0.15012100338935852,0.08788805045187473,0.08465999737381935,0.014300906921925672,20,0.06279999762773514,0.07128100097179413,0.0666583500802517,0.06656000018119812,0.0019017479136187174,20,0.038359999656677246,0.04636000096797943,0.03973215036094189,0.039160000160336494,0.001714928990988853,20,,,,,,,0.16672000288963318,0.2062010020017624,0.1700703002512455,0.16792050004005432,0.00837514697009931,20,0.015479999594390392,0.018959999084472656,0.016022100020200013,0.01583999954164028,0.0007132400984121789,20,0.10620100051164627,0.11472000181674957,0.11029054932296276,0.11060049757361412,0.0021016920535989734,20,32,32,4096,11008,32768,True,False,False,1952,2,4096,11008,generic,generic,,,CUDA_EVENT,FP16,none
,,,,,,,,,,,,0.05604099854826927,0.16436000168323517,0.07346019987016916,0.0671599991619587,0.024945416236698617,20,0.05480000004172325,0.11524099856615067,0.060196050256490705,0.055560000240802765,0.014605879859987935,20,0.04960000142455101,0.08432000130414963,0.0568462997674942,0.05447999946773052,0.007276111640547215,20,,,,,,,0.0979200005531311,0.1342409998178482,0.10283220000565052,0.10100049898028374,0.007508967351604925,20,0.009720000438392162,0.013240000233054161,0.010250050108879805,0.009920000098645687,0.0008464295263190835,20,0.05316099897027016,0.06972000002861023,0.054830050095915794,0.05412000045180321,0.0034756716465121173,20,32,32,4096,11008,32768,True,False,False,840,2,4096,11008,generic,generic,,,CUDA_EVENT,FP16,none
,,,,,,,,,,,,0.08064000308513641,0.1263210028409958,0.08334229961037636,0.08109999820590019,0.009865794112583912,20,0.0602400004863739,0.066600002348423,0.06282019969075918,0.06287999823689461,0.0013788666458373628,20,0.04076100140810013,0.04732000082731247,0.04299209993332624,0.042639998719096184,0.0014557109577078905,20,,,,,,,0.13660000264644623,0.14163999259471893,0.13760044947266578,0.13740099966526031,0.001045144816322654,20,0.01396000012755394,0.01892000064253807,0.014500049967318773,0.014279999770224094,0.0010317491777625477,20,0.09828099608421326,0.10440099984407425,0.10133229978382588,0.10133999958634377,0.001735012024832575,20,32,32,4096,11008,32768,True,False,False,1712,2,4096,11008,generic,generic,,,CUDA_EVENT,FP16,none
,,,,,,,,,,,,0.05668000131845474,0.18016000092029572,0.06895205024629832,0.059059999883174896,0.02806068350578367,20,0.07496000081300735,0.16835999488830566,0.08761404938995838,0.0831800028681755,0.019219492952844926,20,0.035840000957250595,0.0849199965596199,0.041513999551534654,0.03885999880731106,0.010251674541028351,20,,,,,,,0.041680000722408295,0.07119999825954437,0.04637999963015318,0.04501999914646149,0.005893799816423359,20,0.0060800001956522465,0.014480000361800194,0.006806000042706728,0.0062200000975281,0.0017972991481641249,20,0.03627999871969223,0.0798799991607666,0.04268804956227541,0.04096050001680851,0.008754679748988034,20,32,32,4096,11008,32768,True,False,False,56,2,4096,11008,generic,generic,,,CUDA_EVENT,FP16,none
,,,,,,,,,,,,0.08383999764919281,0.18288099765777588,0.08955825008451938,0.08470050245523453,0.021416648499687153,20,0.06511999666690826,0.07208000123500824,0.06907225027680397,0.06906000152230263,0.0016942192568633813,20,0.040080998092889786,0.05615999922156334,0.04194009974598885,0.041120000183582306,0.0033175652809121956,20,,,,,,,0.16764099895954132,0.18168099224567413,0.1697225496172905,0.16909999400377274,0.0028692021666268525,20,0.015799999237060547,0.02027999982237816,0.016271999944001435,0.015999999828636646,0.0009452703442664348,20,0.10595999658107758,0.1157199963927269,0.10957439988851547,0.10926049947738647,0.002122845078239724,20,32,32,4096,11008,32768,True,False,False,2000,2,4096,11008,generic,generic,,,CUDA_EVENT,FP16,none
,,,,,,,,,,,,0.04828000068664551,0.1382399946451187,0.06370224934071303,0.05355999991297722,0.025941093365242366,20,0.05056000128388405,0.13456100225448608,0.05772624984383583,0.05155999958515167,0.018297673198192334,20,0.04851999878883362,0.08792000263929367,0.0526401499286294,0.050279999151825905,0.008358911801558734,20,,,,,,,0.08572100102901459,0.15355999767780304,0.09416424967348576,0.09042049944400787,0.01390702704957065,20,0.00887999963015318,0.015320000238716602,0.00949204983189702,0.008999999612569809,0.0014382152557835327,20,0.06923999637365341,0.10267999768257141,0.07296214960515499,0.07100050151348114,0.006947693703792707,20,32,32,4096,11008,32768,True,False,False,736,2,4096,11008,generic,generic,,,CUDA_EVENT,FP16,none
,,,,,,,,,,,,0.09783999621868134,0.1637600064277649,0.10232625082135201,0.09898050129413605,0.014126174627719283,20,0.06116100028157234,0.06939999759197235,0.06493614967912435,0.06474049761891365,0.0015927588903393707,20,0.0368800014257431,0.041600000113248825,0.038084099814295766,0.0376800000667572,0.001224565089716306,20,,,,,,,0.15000000596046448,0.1637600064277649,0.1515665002167225,0.15094099938869476,0.0028411193291895008,20,0.014720000326633453,0.015479999594390392,0.014995999913662673,0.014979999978095293,0.0001875739003233006,20,0.0934399962425232,0.09976000338792801,0.09707429967820644,0.09738050028681755,0.0019136045685164476,20,32,32,4096,11008,32768,True,False,False,1824,2,4096,11008,generic,generic,,,CUDA_EVENT,FP16,none
,,,,,,,,,,,,0.04919999837875366,0.14188100397586823,0.0632142998278141,0.054499998688697815,0.023594677997222625,20,0.0509600006043911,0.12464000284671783,0.05725615043193102,0.051760001108050346,0.016284309945803817,20,0.05187999829649925,0.09044100344181061,0.056616199761629106,0.05450099892914295,0.008110047660340755,20,,,,,,,0.08980000019073486,0.12319999933242798,0.09360024966299534,0.09189999848604202,0.006916208704026036,20,0.009639999829232693,0.012480000033974648,0.009968000045046211,0.009800000116229057,0.0006027403897841338,20,0.06536000221967697,0.12120100110769272,0.06948630027472973,0.06689999997615814,0.01189174337171654,20,32,32,4096,11008,32768,True,False,False,776,2,4096,11008,generic,generic,,,CUDA_EVENT,FP16,none
,,,,,,,,,,,,0.0711200013756752,0.12116000056266785,0.07437619939446449,0.07183999940752983,0.01074525959514813,20,0.05928000062704086,0.06600099802017212,0.06198019944131374,0.06234000064432621,0.0014402553428961708,20,0.04083999991416931,0.05536000058054924,0.042490099743008616,0.04174000024795532,0.0030091592236319285,20,,,,,,,0.13128000497817993,0.13684099912643433,0.13272845074534417,0.13232050091028214,0.0014048348312329228,20,0.013439999893307686,0.01868000067770481,0.014216049946844578,0.01375999953597784,0.0014162581577653614,20,0.08296000212430954,0.08975999802350998,0.08581424951553344,0.08563999831676483,0.00176159668045308,20,32,32,4096,11008,32768,True,False,False,1584,2,4096,11008,generic,generic,,,CUDA_EVENT,FP16,none
,,,,,,,,,,,,0.15799999237060547,0.2507210075855255,0.163766098767519,0.1592399924993515,0.019964707251397214,20,0.08036000281572342,0.08739999681711197,0.08305035009980202,0.08286099880933762,0.001773401325187334,20,0.06276100128889084,0.06876099854707718,0.06427044980227947,0.06418049708008766,0.0012095736909001347,20,,,,,,,0.31144100427627563,0.3420409858226776,0.31749899983406066,0.31598100066185,0.006794988661305153,20,0.02759999968111515,0.030640000477433205,0.028691999893635512,0.02861999999731779,0.0007224514852526114,20,0.11100000143051147,0.12595999240875244,0.11544799879193306,0.11487999930977821,0.003458937009609297,20,32,32,4096,11008,32768,True,False,False,4096,2,4096,11008,generic,generic,,,CUDA_EVENT,FP16,none
,,,,,,,,,,,,0.03432000055909157,0.07547999918460846,0.04104999974370003,0.03586000017821789,0.011527704593219746,20,0.06667999923229218,0.13752099871635437,0.07655219882726669,0.07001999765634537,0.016718878956306513,20,0.018200000748038292,0.032680001109838486,0.021505999844521284,0.02073999959975481,0.0027985505498303027,20,,,,,,,0.023080000653862953,0.03863999992609024,0.029679999966174365,0.029140000231564045,0.002781653919821986,20,0.006039999891072512,0.017559999600052834,0.00678400001488626,0.006120000034570694,0.0024829143159409684,20,0.021479999646544456,0.030239999294281006,0.02327399989590049,0.022820000536739826,0.002043223765621711,20,32,32,4096,11008,32768,True,False,False,2,2,4096,11008,generic,generic,,,CUDA_EVENT,FP16,none
,,,,,,,,,,,,0.04712099954485893,0.12963999807834625,0.06505819987505675,0.058399999514222145,0.021000559913035344,20,0.0517599992454052,0.12780100107192993,0.05832820031791926,0.05278000049293041,0.01661385114147789,20,0.048441000282764435,0.07707999646663666,0.05269620027393103,0.05036049894988537,0.007290856883010974,20,,,,,,,0.09696000069379807,0.12120000272989273,0.10088435038924218,0.09986000135540962,0.005070617610505063,20,0.00887999963015318,0.012360000051558018,0.00915599991567433,0.008960000239312649,0.000750242640053518,20,0.05483999848365784,0.08135999739170074,0.05689809955656529,0.05522000044584274,0.0057284744424226045,20,32,32,4096,11008,32768,True,False,False,672,2,4096,11008,generic,generic,,,CUDA_EVENT,FP16,none
,,,,,,,,,,,,0.09860000014305115,0.19360099732875824,0.10459214933216572,0.099760502576828,0.020433912763166202,20,0.06468000262975693,0.07255999743938446,0.06786399967968464,0.06799999997019768,0.0017902573334015487,20,0.038520000874996185,0.042399998754262924,0.03966634944081306,0.03959999978542328,0.0007749927968611155,20,,,,,,,0.15335999429225922,0.16960099339485168,0.1554804988205433,0.15484050661325455,0.0033219428957343123,20,0.014960000291466713,0.021080000326037407,0.015667999954894186,0.015300000086426735,0.0012770654562589035,20,0.09620100259780884,0.10220000147819519,0.09858224987983703,0.09837999939918518,0.0017953791339246734,20,32,32,4096,11008,32768,True,False,False,1872,2,4096,11008,generic,generic,,,CUDA_EVENT,FP16,none
,,,,,,,,,,,,0.04864000156521797,0.12848000228405,0.07069620005786419,0.06444000080227852,0.020779680326165773,20,0.05087999999523163,0.15116100013256073,0.05902820006012917,0.052059998735785484,0.021679226738839326,20,0.04600000008940697,0.08636000007390976,0.05312419980764389,0.05086049996316433,0.00819143069625566,20,,,,,,,0.0928800031542778,0.1411609947681427,0.09822034984827041,0.09549999982118607,0.010157818901132537,20,0.008919999934732914,0.013399999588727951,0.009658049885183572,0.009139999747276306,0.0011931178156429766,20,0.05403999984264374,0.10435999929904938,0.05744004938751459,0.05498000048100948,0.010774026518862731,20,32,32,4096,11008,32768,True,False,False,712,2,4096,11008,generic,generic,,,CUDA_EVENT,FP16,none
,,,,,,,,,,,,0.08144000172615051,0.14319999516010284,0.0849801991134882,0.08184050023555756,0.013362851456167077,20,0.05819999799132347,0.06579999625682831,0.06152215003967285,0.061580000445246696,0.0015219232705826864,20,0.041359998285770416,0.06032099947333336,0.04334814939647913,0.04227999970316887,0.003928260155163432,20,,,,,,,0.13752099871635437,0.1440799981355667,0.13846654817461967,0.13804049789905548,0.0013825659435224914,20,0.0139999995008111,0.014919999986886978,0.014366050157696009,0.014360000379383564,0.00022210691365726718,20,0.09651999920606613,0.10571999847888947,0.10070025026798249,0.10012049973011017,0.002320897818912121,20,32,32,4096,11008,32768,True,False,False,1696,2,4096,11008,generic,generic,,,CUDA_EVENT,FP16,none
,,,,,,,,,,,,0.0684799998998642,0.11560100317001343,0.07172825001180172,0.06904000043869019,0.01011301577351094,20,0.05843999981880188,0.06455999612808228,0.06090619973838329,0.06090000085532665,0.001624442857813063,20,0.03460000082850456,0.04864000156521797,0.03608814999461174,0.035259999334812164,0.002977825463569184,20,,,,,,,0.12495999783277512,0.14104099571704865,0.1286464024335146,0.12812000513076782,0.0030638446921732493,20,0.012520000338554382,0.01727999933063984,0.013108099857345224,0.01280049979686737,0.0010013302137463528,20,0.0790409967303276,0.08388099819421768,0.08142824955284596,0.08130000159144402,0.0014366120630879007,20,32,32,4096,11008,32768,True,False,False,1456,2,4096,11008,generic,generic,,,CUDA_EVENT,FP16,none
,,,,,,,,,,,,0.0435199998319149,0.1321610063314438,0.058244199864566325,0.04855999909341335,0.02354508287211161,20,0.05076099932193756,0.14803999662399292,0.06000225003808737,0.054140498861670494,0.020818035457944476,20,0.047199998050928116,0.07980100065469742,0.05137019958347082,0.0485405009239912,0.008135351191217872,20,,,,,,,0.10936000198125839,0.14023999869823456,0.11305430009961129,0.11124050244688988,0.006729485630196896,20,0.008919999934732914,0.012959999963641167,0.009430049965158106,0.009159999899566174,0.000923017408604238,20,0.04828000068664551,0.08011999726295471,0.05059014968574047,0.04893999919295311,0.006794045895684229,20,32,32,4096,11008,32768,True,False,False,608,2,4096,11008,generic,generic,,,CUDA_EVENT,FP16,none
,,,,,,,,,,,,0.04692099988460541,0.12688100337982178,0.059882300347089766,0.05292000062763691,0.020906037586390744,20,0.05155999958515167,0.14523999392986298,0.06070014964789152,0.05354049988090992,0.021239979682645915,20,0.04904000088572502,0.0769210010766983,0.0532082000747323,0.050540000200271606,0.00730723537886041,20,,,,,,,0.10116100311279297,0.1433199942111969,0.1077162992209196,0.10618050023913383,0.008645564530312318,20,0.00875999964773655,0.009960000403225422,0.009086049860343337,0.008940000087022781,0.0003187781078620524,20,0.05632000043988228,0.08364100009202957,0.05886620003730059,0.057420000433921814,0.00572350610417007,20,32,32,4096,11008,32768,True,False,False,648,2,4096,11008,generic,generic,,,CUDA_EVENT,FP16,none
,,,,,,,,,,,,0.07996000349521637,0.1786009967327118,0.08581424988806248,0.08066000044345856,0.021328387983640423,20,0.06111999973654747,0.06932000070810318,0.06443620100617409,0.06414050236344337,0.0017428684262110765,20,0.036159999668598175,0.05964000150561333,0.03784010000526905,0.03656050004065037,0.0050326239124528944,20,,,,,,,0.13972100615501404,0.16016000509262085,0.14210844933986663,0.14110049605369568,0.004198113570752953,20,0.014399999752640724,0.021199999377131462,0.015140049951151013,0.014700000174343586,0.001492441517927339,20,0.09771999716758728,0.10887999832630157,0.10029829889535904,0.0995199978351593,0.0023733314787255204,20,32,32,4096,11008,32768,True,False,False,1744,2,4096,11008,generic,generic,,,CUDA_EVENT,FP16,none
,,,,,,,,,,,,0.06459999829530716,0.11779999732971191,0.06780224964022637,0.0651399977505207,0.011480438103732213,20,0.05660099908709526,0.06375999748706818,0.05850014965981245,0.057919999584555626,0.0017623111104119573,20,0.031120000407099724,0.05527999997138977,0.03310609990730882,0.03203999996185303,0.005094798810217947,20,,,,,,,0.10491999983787537,0.12304099649190903,0.10757634975016117,0.10678000003099442,0.003827640650650582,20,0.012520000338554382,0.01600000075995922,0.013092100154608488,0.01278050011023879,0.0009038085327422221,20,0.06955999881029129,0.07440000027418137,0.07106024958193302,0.07064000144600868,0.0011071739717377121,20,32,32,4096,11008,32768,True,False,False,1328,2,4096,11008,generic,generic,,,CUDA_EVENT,FP16,none
,,,,,,,,,,,,0.16804100573062897,0.257081001996994,0.17411499917507173,0.16964099556207657,0.01906023047714033,20,0.07767999917268753,0.08432000130414963,0.07982400022447109,0.07903999835252762,0.001901889347587775,20,0.05852000042796135,0.06356000155210495,0.059464000165462494,0.05916000157594681,0.0010499832381827964,20,,,,,,,0.28436100482940674,0.29312101006507874,0.2871366009116173,0.28658100962638855,0.002290135059423422,20,0.026040000841021538,0.03243999928236008,0.02682429999113083,0.026260999962687492,0.0014113784689537996,20,0.12456099689006805,0.13484099507331848,0.1297205999493599,0.1300409957766533,0.0022748218198919506,20,32,32,4096,11008,32768,True,False,False,3840,2,4096,11008,generic,generic,,,CUDA_EVENT,FP16,none
,,,,,,,,,,,,0.07132100313901901,0.15208099782466888,0.0764302995055914,0.07241999730467796,0.01737632539648926,20,0.05711999908089638,0.06511999666690826,0.059954149462282655,0.0603800006210804,0.0016845215325245245,20,0.03319999948143959,0.06247999891638756,0.03547404985874891,0.033879999071359634,0.006292462293399253,20,,,,,,,0.1313609927892685,0.15236100554466248,0.13425244987010956,0.13340100646018982,0.004253782306798832,20,0.01387999951839447,0.019321000203490257,0.014356099953874945,0.014120000414550304,0.0011449214226067232,20,0.0936800017952919,0.09932000190019608,0.09644025005400181,0.0964599996805191,0.0014212186404890185,20,32,32,4096,11008,32768,True,False,False,1568,2,4096,11008,generic,generic,,,CUDA_EVENT,FP16,none
,,,,,,,,,,,,0.05119999870657921,0.12528100609779358,0.06901815012097359,0.06310000084340572,0.01795183406072222,20,0.05111999809741974,0.12955999374389648,0.05988624934107065,0.05447999946773052,0.016862528386985796,20,0.04659999907016754,0.07928100228309631,0.05154209956526756,0.04839999973773956,0.008890636561180913,20,,,,,,,0.08488000184297562,0.11603999882936478,0.0889082495123148,0.08760000020265579,0.006307819163631715,20,0.00872000027447939,0.01071999967098236,0.009098099917173386,0.008979999925941229,0.00043918153017918427,20,0.05779999867081642,0.07608000189065933,0.05986005011945963,0.05897999927401543,0.003796248838981102,20,32,32,4096,11008,32768,True,False,False,544,2,4096,11008,generic,generic,,,CUDA_EVENT,FP16,none
,,,,,,,,,,,,0.04287999868392944,0.14611999690532684,0.06571419909596443,0.05592000111937523,0.026723646476662987,20,0.05251999944448471,0.12620100378990173,0.06230809949338436,0.05727999843657017,0.015721897390542194,20,0.04639999940991402,0.07795999944210052,0.05168824978172779,0.048820000141859055,0.008329462506604149,20,,,,,,,0.1077599972486496,0.1496810019016266,0.11246030032634735,0.11054050177335739,0.008728750006815151,20,0.008840000256896019,0.01152000017464161,0.009091999987140298,0.008960000239312649,0.0005632903806401488,20,0.04724099859595299,0.07388000190258026,0.04965020008385181,0.04820000007748604,0.005616137553798868,20,32,32,4096,11008,32768,True,False,False,584,2,4096,11008,generic,generic,,,CUDA_EVENT,FP16,none
,,,,,,,,,,,,0.07804100215435028,0.12848000228405,0.08216645009815693,0.07936049997806549,0.010692349997658676,20,0.058559998869895935,0.0628800019621849,0.059918050095438956,0.05956000089645386,0.0012325119472458045,20,0.028839999809861183,0.03240000084042549,0.029639999847859144,0.02942000050097704,0.000787401006357725,20,,,,,,,0.096560999751091,0.11844000220298767,0.09880849905312061,0.09744099900126457,0.004608007685563955,20,0.011719999834895134,0.012760000303387642,0.011972000123932958,0.011920000426471233,0.0002332724125352152,20,0.058880001306533813,0.06415999680757523,0.05971029959619045,0.05940049886703491,0.0011298394106615355,20,32,32,4096,11008,32768,True,False,False,1200,2,4096,11008,generic,generic,,,CUDA_EVENT,FP16,none
,,,,,,,,,,,,0.0952410027384758,0.18884100019931793,0.10140435062348843,0.09651999920606613,0.020091199649140502,20,0.06244000047445297,0.06791999936103821,0.06470014974474907,0.06465999782085419,0.0014036300727238897,20,0.0408799983561039,0.05071999877691269,0.0422200994566083,0.04179999977350235,0.0020064554047468995,20,,,,,,,0.13631999492645264,0.1509609967470169,0.13845444843173027,0.13801999390125275,0.0029718635107258183,20,0.01396000012755394,0.015440000221133232,0.014252049988135696,0.014179999940097332,0.0003093523856163822,20,0.08427999913692474,0.09164100140333176,0.08713429905474186,0.0867609977722168,0.002132237288640724,20,32,32,4096,11008,32768,True,False,False,1616,2,4096,11008,generic,generic,,,CUDA_EVENT,FP16,none
,,,,,,,,,,,,0.06700000166893005,0.13072000443935394,0.07115015052258969,0.06755999848246574,0.013747074793104838,20,0.0565200001001358,0.06415999680757523,0.05914824977517128,0.05897999927401543,0.001881874984763437,20,0.034359999001026154,0.06499999761581421,0.03649414964020252,0.034779999405145645,0.006591319576616822,20,,,,,,,0.12172000110149384,0.14212000370025635,0.12380834966897965,0.12248049676418304,0.0043945074153081895,20,0.012480000033974648,0.013399999588727951,0.0127380499150604,0.012679999694228172,0.00021447192839575894,20,0.07851999998092651,0.08472000062465668,0.0818122498691082,0.08196000009775162,0.0016629605730418978,20,32,32,4096,11008,32768,True,False,False,1440,2,4096,11008,generic,generic,,,CUDA_EVENT,FP16,none
,,,,,,,,,,,,0.06151999905705452,0.13644099235534668,0.07482834961265325,0.07010050117969513,0.0159373444055053,20,0.05996000021696091,0.13255999982357025,0.07052210085093975,0.06544050201773643,0.015288594374827233,20,0.04163999855518341,0.07491999864578247,0.04846620000898838,0.045220499858260155,0.008836284163099997,20,,,,,,,0.08900000154972076,0.11088000237941742,0.09270025007426738,0.09154000133275986,0.004486616445690856,20,0.0075599998235702515,0.0116799995303154,0.00822999991942197,0.007779999868944287,0.0011477891520469095,20,0.039799999445676804,0.08704099804162979,0.04291220009326935,0.04064000025391579,0.010129576600301858,20,32,32,4096,11008,32768,True,False,False,480,2,4096,11008,generic,generic,,,CUDA_EVENT,FP16,none
,,,,,,,,,,,,0.149399995803833,0.22828100621700287,0.1545945003628731,0.15062099695205688,0.016931931281996257,20,0.06799999624490738,0.07603999972343445,0.07208619900047779,0.0719204992055893,0.0014681276958024426,20,0.05116000026464462,0.052880000323057175,0.05165015012025833,0.051480500027537346,0.000455465940590272,20,,,,,,,0.2747209966182709,0.2839609980583191,0.27713890224695203,0.2761409878730774,0.0024777205521793874,20,0.024399999529123306,0.026159999892115593,0.02513204999268055,0.024939999915659428,0.0005322695003709937,20,0.10559999942779541,0.11236000061035156,0.10855425037443638,0.1084200032055378,0.0019490251098533758,20,32,32,4096,11008,32768,True,False,False,3584,2,4096,11008,generic,generic,,,CUDA_EVENT,FP16,none
,,,,,,,,,,,,0.06672000139951706,0.1703599989414215,0.09013415016233921,0.0816200003027916,0.02492823793590363,20,0.050599999725818634,0.1265999972820282,0.055470049381256104,0.05127999931573868,0.016384290079745966,20,0.0464400015771389,0.07727999985218048,0.05320024937391281,0.050679998472332954,0.0074880811516266615,20,,,,,,,0.08912000060081482,0.1258399933576584,0.09350035004317761,0.09132000058889389,0.007721321114967568,20,0.00860000029206276,0.012319999746978283,0.009099999908357859,0.008820000104606152,0.0008445116680003461,20,0.0575999990105629,0.11256100237369537,0.061420049890875815,0.05849999934434891,0.01175515920017601,20,32,32,4096,11008,32768,True,False,False,520,2,4096,11008,generic,generic,,,CUDA_EVENT,FP16,none
,,,,,,,,,,,,0.06548000127077103,0.11364000290632248,0.07027020044624806,0.06652000173926353,0.010677335901304407,20,0.05719999969005585,0.06536000221967697,0.05893415026366711,0.05825999937951565,0.001826693560851322,20,0.027879999950528145,0.06996099650859833,0.03300409968942404,0.028599999845027924,0.009711172244410694,20,,,,,,,0.08923999965190887,0.11956000328063965,0.10443434901535512,0.1066799983382225,0.007187687678954167,20,0.010759999975562096,0.01727999933063984,0.011339999828487634,0.010999999940395355,0.0013746562082371946,20,0.05752100050449371,0.05984000116586685,0.05840414948761463,0.05834049917757511,0.0004975169318292236,20,32,32,4096,11008,32768,True,False,False,1072,2,4096,11008,generic,generic,,,CUDA_EVENT,FP16,none
,,,,,,,,,,,,0.06995999813079834,0.1586800068616867,0.07500624991953372,0.07053999975323677,0.01919895911299434,20,0.057920001447200775,0.06455999612808228,0.06041819956153631,0.06058100052177906,0.0017910798374436404,20,0.03336000069975853,0.06688100099563599,0.03534210026264191,0.033720001578330994,0.007238247162419829,20,,,,,,,0.12703999876976013,0.15167999267578125,0.12938639968633653,0.12796049565076828,0.005167009980352405,20,0.012679999694228172,0.013240000233054161,0.012911999924108386,0.012899999972432852,0.00016521510145989276,20,0.07568000257015228,0.07872000336647034,0.076902149990201,0.07651999965310097,0.0008879821774930292,20,32,32,4096,11008,32768,True,False,False,1488,2,4096,11008,generic,generic,,,CUDA_EVENT,FP16,none
,,,,,,,,,,,,0.0644799992442131,0.1396009922027588,0.06863419897854328,0.06492000073194504,0.01628346426637317,20,0.05567999929189682,0.09167999774217606,0.05901214927434921,0.05688050016760826,0.007664829977780578,20,0.0313199982047081,0.06407999992370605,0.03498599957674742,0.031940000131726265,0.00901014771992369,20,,,,,,,0.10580000281333923,0.12904000282287598,0.10908625014126301,0.10704000294208527,0.006642004076419291,20,0.012600000016391277,0.017799999564886093,0.013366049900650979,0.013040000107139349,0.001087527159000448,20,0.08404000103473663,0.08720000088214874,0.0855282001197338,0.08526000007987022,0.0009483177773271542,20,32,32,4096,11008,32768,True,False,False,1312,2,4096,11008,generic,generic,,,CUDA_EVENT,FP16,none
,,,,,,,,,,,,0.06679999828338623,0.15751999616622925,0.07908629886806011,0.07328049838542938,0.019071015891885413,20,0.060600001364946365,0.15140099823474884,0.07338414918631316,0.06791999936103821,0.018385498641214297,20,0.04391999915242195,0.0759200006723404,0.046692099794745444,0.04490000009536743,0.0067858965869738615,20,,,,,,,0.08184000104665756,0.11996100097894669,0.086744349822402,0.08468049764633179,0.007833251778234386,20,0.007160000037401915,0.010999999940395355,0.007593999989330769,0.007319999858736992,0.0008515656020283411,20,0.03319999948143959,0.0695199966430664,0.035585999861359595,0.033440001308918,0.007887064879469335,20,32,32,4096,11008,32768,True,False,False,416,2,4096,11008,generic,generic,,,CUDA_EVENT,FP16,none
,,,,,,,,,,,,0.058320000767707825,0.10604099929332733,0.06288425028324127,0.05908050015568733,0.01092888675201961,20,0.059321001172065735,0.06359999626874924,0.06043224949389696,0.05995999835431576,0.0013348358843158132,20,0.029440999031066895,0.07091999799013138,0.04164209999144077,0.03976000100374222,0.009565428990779824,20,,,,,,,0.09892000257968903,0.1072010025382042,0.10378835052251816,0.10373999923467636,0.0017823130873176115,20,0.010239999741315842,0.01360000018030405,0.010633999947458506,0.010440000332891941,0.000716578010519606,20,0.06168099865317345,0.06579999625682831,0.06243419982492924,0.062160998582839966,0.0008925635023300688,20,32,32,4096,11008,32768,True,False,False,984,2,4096,11008,generic,generic,,,CUDA_EVENT,FP16,none
,,,,,,,,,,,,0.06204000115394592,0.1481200009584427,0.07690614983439445,0.07184049859642982,0.021162846022835642,20,0.06224000081419945,0.14956000447273254,0.07386420033872128,0.06784000247716904,0.019933828462548046,20,0.04292000085115433,0.08699999749660492,0.04889404997229576,0.046719999983906746,0.008919093285194631,20,,,,,,,0.09120099991559982,0.11484099924564362,0.09649649932980538,0.0957999974489212,0.004973354422405048,20,0.007439999841153622,0.011799999512732029,0.007944049965590238,0.007679999805986881,0.0009344267852438318,20,0.04055999964475632,0.07503999769687653,0.04305799938738346,0.04115999862551689,0.007380671389253994,20,32,32,4096,11008,32768,True,False,False,456,2,4096,11008,generic,generic,,,CUDA_EVENT,FP16,none
,,,,,,,,,,,,0.07847999781370163,0.1876409947872162,0.0905202005058527,0.08136050030589104,0.027633559353938932,20,0.0568000003695488,0.1141199991106987,0.0610921997576952,0.058080000802874565,0.01225146958845003,20,0.02879999950528145,0.0828000009059906,0.03515400011092425,0.029319999739527702,0.013826145364884213,20,,,,,,,0.0979200005531311,0.17944000661373138,0.11029844954609871,0.10320049896836281,0.017996335084774207,20,0.0116799995303154,0.012079999782145023,0.011847999831661581,0.011839999817311764,0.00010400013281768306,20,0.05696000158786774,0.07860100269317627,0.0588540505617857,0.05780000053346157,0.00456016915678208,20,32,32,4096,11008,32768,True,False,False,1184,2,4096,11008,generic,generic,,,CUDA_EVENT,FP16,none
,,,,,,,,,,,,0.06972000002861023,0.18216100335121155,0.08070630058646203,0.07028000056743622,0.031390444430780255,20,0.058639999479055405,0.16392000019550323,0.06495010014623404,0.05924000032246113,0.022749529935737343,20,0.0350399985909462,0.11763999611139297,0.0416182491928339,0.03601999953389168,0.018718572180685376,20,,,,,,,0.1175210028886795,0.18104100227355957,0.12294639982283115,0.11834049969911575,0.01416235276414086,20,0.012400000356137753,0.015359999611973763,0.012810000032186509,0.012620000168681145,0.0006204352383753934,20,0.06787999719381332,0.07652000337839127,0.07294219918549061,0.07330000028014183,0.0022625548406357927,20,32,32,4096,11008,32768,True,False,False,1360,2,4096,11008,generic,generic,,,CUDA_EVENT,FP16,none
,,,,,,,,,,,,0.06539999693632126,0.11624100059270859,0.07571634911000728,0.07064049690961838,0.013245468975564912,20,0.06120099872350693,0.1459600031375885,0.07314804941415787,0.06731999665498734,0.01797939167763848,20,0.04148000106215477,0.08424100279808044,0.048798250034451485,0.044600000604987144,0.01176090486284177,20,,,,,,,0.06700000166893005,0.10636000335216522,0.07038215026259423,0.06796049699187279,0.008371067397493583,20,0.007199999876320362,0.00839999970048666,0.00735399997793138,0.007319999858736992,0.0002502078686926333,20,0.041519999504089355,0.09016100317239761,0.04525830019265413,0.0426000002771616,0.010389492142447271,20,32,32,4096,11008,32768,True,False,False,352,2,4096,11008,generic,generic,,,CUDA_EVENT,FP16,none
,,,,,,,,,,,,0.1461610049009323,0.23212100565433502,0.15231655091047286,0.14786050468683243,0.018356118368994142,20,0.06648000329732895,0.07671999931335449,0.07014615014195442,0.06972000002861023,0.001966448213943336,20,0.05567999929189682,0.058479998260736465,0.0561940997838974,0.05609999969601631,0.0005747216986867568,20,,,,,,,0.23620100319385529,0.24212099611759186,0.2378668464720249,0.2373409941792488,0.001451989667957387,20,0.023760000243782997,0.02515999972820282,0.024186049960553645,0.024159999564290047,0.00036579961849714205,20,0.1173200011253357,0.127920001745224,0.12097040005028248,0.12004049867391586,0.002611005437799819,20,32,32,4096,11008,32768,True,False,False,3328,2,4096,11008,generic,generic,,,CUDA_EVENT,FP16,none
,,,,,,,,,,,,0.057920001447200775,0.11007999628782272,0.06211424972862005,0.058940500020980835,0.011118837333378342,20,0.05984000116586685,0.06328099966049194,0.06091224979609251,0.06062049977481365,0.0009884128514973506,20,0.02816000021994114,0.06791999936103821,0.03329799985513091,0.028819999657571316,0.009969308468688917,20,,,,,,,0.08844099938869476,0.10404100269079208,0.09587434977293015,0.09493999928236008,0.003696638536329916,20,0.009999999776482582,0.014240000396966934,0.010508000059053302,0.010319999884814024,0.0008781891297648079,20,0.07924000173807144,0.08476100116968155,0.08064830005168915,0.08047999814152718,0.001169327766673205,20,32,32,4096,11008,32768,True,False,False,920,2,4096,11008,generic,generic,,,CUDA_EVENT,FP16,none
,,,,,,,,,,,,0.07416100054979324,0.12004099786281586,0.08131235018372536,0.07631999999284744,0.012104582563842675,20,0.05843999981880188,0.15571999549865723,0.07143614962697029,0.06521999835968018,0.020749818967438088,20,0.042399998754262924,0.0934399962425232,0.05071820002049208,0.047919999808073044,0.010316144289842713,20,,,,,,,0.06831999868154526,0.09356000274419785,0.07152405083179474,0.06997999921441078,0.0052853117911835735,20,0.007199999876320362,0.010599999688565731,0.007513999985530972,0.007319999858736992,0.0007240192714027496,20,0.04275999963283539,0.09064099937677383,0.046288149803876875,0.04367999918758869,0.010224524828965516,20,32,32,4096,11008,32768,True,False,False,392,2,4096,11008,generic,generic,,,CUDA_EVENT,FP16,none
,,,,,,,,,,,,0.06400000303983688,0.17056100070476532,0.07699850015342236,0.0683404989540577,0.025775054685109218,20,0.055319998413324356,0.14552000164985657,0.06122600007802248,0.05632000043988228,0.019388884897437272,20,0.03240000084042549,0.09500099718570709,0.049132250063121316,0.04820000007748604,0.012746483828107604,20,,,,,,,0.10152000188827515,0.1674399971961975,0.1127520490437746,0.1098800003528595,0.012770561124075085,20,0.010400000028312206,0.01664000004529953,0.010860000085085631,0.010540000163018703,0.0013322762434870934,20,0.05272100120782852,0.06503999978303909,0.05449840035289526,0.053481001406908035,0.002639621263882375,20,32,32,4096,11008,32768,True,False,False,1056,2,4096,11008,generic,generic,,,CUDA_EVENT,FP16,none
,,,,,,,,,,,,0.0655599981546402,0.11407999694347382,0.07326024882495404,0.06740099936723709,0.013764266059849107,20,0.06319999694824219,0.14764000475406647,0.07561214976012706,0.06926050037145615,0.01889562168323844,20,0.03819999843835831,0.06707999855279922,0.045778149738907814,0.04368000105023384,0.007251778862050478,20,,,,,,,0.05520100146532059,0.07704100012779236,0.05948824994266033,0.05843999981880188,0.004311773618532892,20,0.00687999976798892,0.00863999966531992,0.007244000001810491,0.007120000198483467,0.00044089004525727475,20,0.0342399999499321,0.07248000055551529,0.040076150000095366,0.03856000117957592,0.007648813715730097,20,32,32,4096,11008,32768,True,False,False,288,2,4096,11008,generic,generic,,,CUDA_EVENT,FP16,none
,,,,,,,,,,,,0.06160099804401398,0.16568000614643097,0.07535829991102219,0.06192049942910671,0.032554874530552357,20,0.05708000063896179,0.14936000108718872,0.06271214988082648,0.05795999988913536,0.019931640561506626,20,0.029559999704360962,0.10319999605417252,0.04441820001229644,0.03176000062376261,0.02226505100897103,20,,,,,,,0.10840000212192535,0.17916099727153778,0.13158834986388684,0.12836000323295593,0.015454600226052776,20,0.011479999870061874,0.012480000033974648,0.011768050026148558,0.011760000139474869,0.00019576322161477818,20,0.059960998594760895,0.09251999855041504,0.0631261995062232,0.06080000102519989,0.007083533969243328,20,32,32,4096,11008,32768,True,False,False,1232,2,4096,11008,generic,generic,,,CUDA_EVENT,FP16,none
,,,,,,,,,,,,0.05607999861240387,0.10288099944591522,0.06597824953496456,0.06266000121831894,0.01189614293477064,20,0.058240000158548355,0.06232000142335892,0.05939619969576597,0.059299999848008156,0.0008104505688097016,20,0.04600000008940697,0.06520000100135803,0.05128014981746674,0.05061999894678593,0.0038533086182348003,20,,,,,,,0.0923599973320961,0.10683999955654144,0.09974235035479069,0.10004100203514099,0.002959951100337289,20,0.009720000438392162,0.01432000007480383,0.010106000117957592,0.009840000420808792,0.0009803897103318015,20,0.05392000079154968,0.055640000849962234,0.05467015001922846,0.05448000133037567,0.0004861719769098152,20,32,32,4096,11008,32768,True,False,False,856,2,4096,11008,generic,generic,,,CUDA_EVENT,FP16,none
,,,,,,,,,,,,0.0700799971818924,0.17496100068092346,0.07989024966955185,0.07232049852609634,0.02331643276437714,20,0.06063999980688095,0.15547999739646912,0.07379615008831024,0.0686200000345707,0.01936842753203059,20,0.03959999978542328,0.07404100149869919,0.04661219976842403,0.04534050077199936,0.006566129776261612,20,,,,,,,0.07484100013971329,0.09675999730825424,0.07842410057783127,0.07727999985218048,0.004567510433018858,20,0.007360000163316727,0.011479999870061874,0.007959999958984554,0.0076599998865276575,0.0009277930541809828,20,0.038839999586343765,0.08963999897241592,0.04232410006225109,0.039499999955296516,0.010911051348796615,20,32,32,4096,11008,32768,True,False,False,328,2,4096,11008,generic,generic,,,CUDA_EVENT,FP16,none
,,,,,,,,,,,,0.13335999846458435,0.21563999354839325,0.13815039843320848,0.13392049819231033,0.017791495214836788,20,0.06732100248336792,0.0751200020313263,0.06968624964356422,0.06942050158977509,0.0014503549515501291,20,0.045559998601675034,0.04608000069856644,0.04579405039548874,0.04584049992263317,0.000144390936628321,20,,,,,,,0.26016101241111755,0.2740809917449951,0.2642907500267029,0.26374000310897827,0.003635765289431205,20,0.02263999916613102,0.027799999341368675,0.02321604983881116,0.02295999974012375,0.0010710117774264318,20,0.09827999770641327,0.10284099727869034,0.10065034851431846,0.10071999952197075,0.0012928375589666917,20,32,32,4096,11008,32768,True,False,False,3072,2,4096,11008,generic,generic,,,CUDA_EVENT,FP16,none
,,,,,,,,,,,,0.058479998260736465,0.1390009969472885,0.06862609945237637,0.05900000035762787,0.023103866360339387,20,0.05756000056862831,0.14528000354766846,0.0629440000280738,0.05833999998867512,0.01891691134410158,20,0.04188000038266182,0.07996000349521637,0.05354440025985241,0.05260050110518932,0.00799768027073341,20,,,,,,,0.09731999784708023,0.14236000180244446,0.10618239976465702,0.1047004982829094,0.008617144321988112,20,0.010160000063478947,0.014759999699890614,0.010624000057578086,0.010400000028312206,0.0009586155815901957,20,0.05999999865889549,0.08844099938869476,0.06279604993760586,0.06119999848306179,0.006025265654938761,20,32,32,4096,11008,32768,True,False,False,976,2,4096,11008,generic,generic,,,CUDA_EVENT,FP16,none
,,,,,,,,,,,,0.07311999797821045,0.18180100619792938,0.08618625104427338,0.07728049904108047,0.025857444806903558,20,0.05668000131845474,0.16168099641799927,0.07176629956811667,0.06744049862027168,0.021111792387492074,20,0.0400799997150898,0.06616000086069107,0.04373014997690916,0.042579999193549156,0.005288319933613082,20,,,,,,,0.07948099821805954,0.09700000286102295,0.08220225013792515,0.08122000098228455,0.003692884791500148,20,0.006320000160485506,0.00675999978557229,0.006465999968349933,0.006440000142902136,8.968829912113387e-05,20,0.026319999247789383,0.06016099825501442,0.028920149710029364,0.02665999997407198,0.00732631743268266,20,32,32,4096,11008,32768,True,False,False,224,2,4096,11008,generic,generic,,,CUDA_EVENT,FP16,none
,,,,,,,,,,,,0.06571999937295914,0.17232100665569305,0.08127840049564838,0.06681999936699867,0.03297758035280999,20,0.057999998331069946,0.17531999945640564,0.06521814949810505,0.0587604995816946,0.025312948178751717,20,0.028440000489354134,0.10372000187635422,0.05237619997933507,0.04764049872756004,0.016900227330236113,20,,,,,,,0.10276100039482117,0.1530809998512268,0.11717839948832989,0.11451999843120575,0.010765218555009158,20,0.01104000024497509,0.011760000139474869,0.01129199997521937,0.01128000020980835,0.00014810807839149285,20,0.05843999981880188,0.11032000184059143,0.06321220006793737,0.05883999913930893,0.012365545099214796,20,32,32,4096,11008,32768,True,False,False,1104,2,4096,11008,generic,generic,,,CUDA_EVENT,FP16,none
,,,,,,,,,,,,0.04927999898791313,0.09408000111579895,0.058346249535679816,0.05504000000655651,0.012419605999319148,20,0.054680999368429184,0.06576000154018402,0.056440199725329876,0.05553999915719032,0.002450286972556116,20,0.04836000129580498,0.06524000316858292,0.05349415037781,0.05260050110518932,0.003224222681466102,20,,,,,,,0.08604100346565247,0.10735999792814255,0.09059824906289578,0.0899600014090538,0.004120519047844116,20,0.009681000374257565,0.010160000063478947,0.009856050182133914,0.009840000420808792,0.00010902498110261059,20,0.06583999842405319,0.07096099853515625,0.06764820031821728,0.0676800012588501,0.0011062969559268538,20,32,32,4096,11008,32768,True,False,False,792,2,4096,11008,generic,generic,,,CUDA_EVENT,FP16,none
,,,,,,,,,,,,0.06747999787330627,0.11479999870061874,0.0750220499932766,0.06997999921441078,0.01283260903985739,20,0.060920000076293945,0.15936000645160675,0.07454645037651061,0.0690000019967556,0.020433951859643768,20,0.04264000058174133,0.08139999955892563,0.04720799997448921,0.04474000073969364,0.008466324548443522,20,,,,,,,0.05443999916315079,0.08535999804735184,0.060616349801421165,0.059340501204133034,0.0059173749078933425,20,0.00687999976798892,0.011479999870061874,0.0073199999053031204,0.00699999975040555,0.0010545899633148156,20,0.03491999953985214,0.08528000116348267,0.04193999972194433,0.039400000125169754,0.01023720696757855,20,32,32,4096,11008,32768,True,False,False,264,2,4096,11008,generic,generic,,,CUDA_EVENT,FP16,none
,,,,,,,,,,,,0.05660000070929527,0.14764100313186646,0.06797814983874559,0.05805999971926212,0.024461347267119335,20,0.057280998677015305,0.15187999606132507,0.06352030001580715,0.05787999927997589,0.0204054463458152,20,0.0279999990016222,0.08580099791288376,0.04512414950877428,0.04150000028312206,0.0131820848114289,20,,,,,,,0.08848000317811966,0.1303199976682663,0.10097240023314953,0.09972000122070312,0.007298879687920122,20,0.009840000420808792,0.010599999688565731,0.010110050020739437,0.010060000233352184,0.00017523988427121012,20,0.07704000174999237,0.1225610002875328,0.08102210015058517,0.0788399986922741,0.00962048502888906,20,32,32,4096,11008,32768,True,False,False,912,2,4096,11008,generic,generic,,,CUDA_EVENT,FP16,none
,,,,,,,,,,,,0.061760999262332916,0.16052000224590302,0.07379445023834705,0.06546099856495857,0.02324631547964272,20,0.06759999692440033,0.17456099390983582,0.0796380490064621,0.07413999736309052,0.022190799840342227,20,0.038920000195503235,0.06744000315666199,0.04308239985257387,0.04166099987924099,0.005776051526055824,20,,,,,,,0.0544000007212162,0.08083999902009964,0.05780405011028052,0.05642000027000904,0.005437118038040689,20,0.006240000016987324,0.01083999965339899,0.00659800001885742,0.006320000160485506,0.0009891793771246787,20,0.02483999915421009,0.07571999728679657,0.03587434943765402,0.03425999917089939,0.00958891217823389,20,32,32,4096,11008,32768,True,False,False,160,2,4096,11008,generic,generic,,,CUDA_EVENT,FP16,none
,,,,,,,,,,,,0.04820000007748604,0.0952799990773201,0.055942199937999246,0.052520500496029854,0.012085713746088893,20,0.0538409985601902,0.07023999840021133,0.055594100058078764,0.054659999907016754,0.003486118616374988,20,0.046560000628232956,0.062001001089811325,0.0494141997769475,0.04879999905824661,0.0031355198963147046,20,,,,,,,0.08523999899625778,0.094760000705719,0.08790229968726634,0.08767999708652496,0.0020320988216823072,20,0.008919999934732914,0.012679999694228172,0.009397999895736576,0.009219999890774488,0.0007958366133184539,20,0.07080099731683731,0.07587999850511551,0.07249825038015842,0.07210000231862068,0.0012204092845318956,20,32,32,4096,11008,32768,True,False,False,728,2,4096,11008,generic,generic,,,CUDA_EVENT,FP16,none
,,,,,,,,,,,,0.1268399953842163,0.21303999423980713,0.13198839798569678,0.12760049849748611,0.01861454252695492,20,0.0647599995136261,0.07168000191450119,0.0674362000077963,0.06702050194144249,0.0016405227987567868,20,0.04899999871850014,0.05395999923348427,0.049926099553704265,0.04968000017106533,0.0011161304818048693,20,,,,,,,0.2109609991312027,0.21684099733829498,0.21337060034275054,0.21299999952316284,0.0016646164884964018,20,0.01916000060737133,0.03027999959886074,0.020864149928092955,0.019600000232458115,0.0033045399154312915,20,0.10248000174760818,0.1122799962759018,0.1069701999425888,0.10725999996066093,0.0024264936975806088,20,32,32,4096,11008,32768,True,False,False,2816,2,4096,11008,generic,generic,,,CUDA_EVENT,FP16,none
,,,,,,,,,,,,0.05952100083231926,0.18368099629878998,0.07609434984624386,0.06109999865293503,0.033579097138543484,20,0.05607999861240387,0.1475609987974167,0.06259814985096454,0.05762000009417534,0.019570829080573462,20,0.028680000454187393,0.11788000166416168,0.059810249134898186,0.05691999942064285,0.01776223292907951,20,,,,,,,0.10552000254392624,0.16616100072860718,0.11244435049593449,0.10780050233006477,0.014177818205865087,20,0.010400000028312206,0.010720999911427498,0.010532050114125013,0.010540000163018703,9.977396016932904e-05,20,0.061560001224279404,0.11011999845504761,0.0655722999945283,0.062440501525998116,0.01082676925253868,20,32,32,4096,11008,32768,True,False,False,1000,2,4096,11008,generic,generic,,,CUDA_EVENT,FP16,none
,,,,,,,,,,,,0.07063999772071838,0.1706009954214096,0.08464429900050163,0.07764049991965294,0.022758030386217182,20,0.06080099940299988,0.13504000008106232,0.07251225002110004,0.06850050017237663,0.014847720707387805,20,0.04123999923467636,0.0846799984574318,0.04538209997117519,0.043139999732375145,0.009184876373221313,20,,,,,,,0.06760100275278091,0.10875999927520752,0.0720321498811245,0.06938000023365021,0.008703615837765279,20,0.006320000160485506,0.0081599997356534,0.006502049998380244,0.006399999838322401,0.00038646836802220386,20,0.026639999821782112,0.08640000224113464,0.03164809979498386,0.027640500105917454,0.012765690914182493,20,32,32,4096,11008,32768,True,False,False,200,2,4096,11008,generic,generic,,,CUDA_EVENT,FP16,none
,,,,,,,,,,,,0.06351999938488007,0.1292400062084198,0.0809484500437975,0.07566099986433983,0.017007795598106158,20,0.056040000170469284,0.13668100535869598,0.06212805025279522,0.05700000002980232,0.01739627751737301,20,0.05164000019431114,0.0830800011754036,0.055884150043129924,0.05332049913704395,0.00822850592758629,20,,,,,,,0.0955599993467331,0.11608099937438965,0.09932209923863411,0.0982004962861538,0.004346424983925859,20,0.009639999829232693,0.009960000403225422,0.009800000162795187,0.009820000268518925,0.00011661909534537098,20,0.05144000053405762,0.07744000107049942,0.05341640040278435,0.05176050029695034,0.005575920434804204,20,32,32,4096,11008,32768,True,False,False,848,2,4096,11008,generic,generic,,,CUDA_EVENT,FP16,none
,,,,,,,,,,,,0.06032000109553337,0.14895999431610107,0.07065999992191792,0.06293999776244164,0.02185493738448309,20,0.07140100002288818,0.17468099296092987,0.08330244980752469,0.07928000018000603,0.02128551007260937,20,0.036559998989105225,0.09064000099897385,0.04325610008090734,0.040800001472234726,0.010968769554290641,20,,,,,,,0.05107999965548515,0.08284100145101547,0.05430824998766184,0.05278000049293041,0.006695886069922916,20,0.006200000178068876,0.008919999934732914,0.006660100072622299,0.006320000160485506,0.0007306079910057625,20,0.03175999969244003,0.08231999725103378,0.03785399962216616,0.03498000092804432,0.010522951784626013,20,32,32,4096,11008,32768,True,False,False,96,2,4096,11008,generic,generic,,,CUDA_EVENT,FP16,none
,,,,,,,,,,,,0.04740000143647194,0.09583999961614609,0.05279214978218079,0.04820000007748604,0.011876972277048358,20,0.055080998688936234,0.07192099839448929,0.056940199248492716,0.055760499089956284,0.003746335034489789,20,0.04740000143647194,0.06040000170469284,0.04967610016465187,0.0485600009560585,0.0030492176445688812,20,,,,,,,0.10155999660491943,0.1103999987244606,0.10378229953348636,0.1035199984908104,0.001958866779402573,20,0.00875999964773655,0.012400000356137753,0.00914000002667308,0.008919999934732914,0.0007821509564932027,20,0.05668000131845474,0.06095999851822853,0.05774225033819676,0.05738050118088722,0.0010729160845700037,20,32,32,4096,11008,32768,True,False,False,664,2,4096,11008,generic,generic,,,CUDA_EVENT,FP16,none
,,,,,,,,,,,,0.05787999927997589,0.1764809936285019,0.0735062001273036,0.05973999947309494,0.03404243460574141,20,0.05728000029921532,0.17788000404834747,0.06433420013636351,0.057819999754428864,0.026093939097041986,20,0.033440001308918,0.09480000287294388,0.051552200131118296,0.047439999878406525,0.015420497613974444,20,,,,,,,0.10036099702119827,0.14684000611305237,0.10769835002720356,0.10386050119996071,0.010719270869713226,20,0.010320000350475311,0.011719999834895134,0.010554000036790967,0.010499999858438969,0.0002840492658325071,20,0.07900100201368332,0.10828100144863129,0.0831141497939825,0.0798800028860569,0.008238443713518347,20,32,32,4096,11008,32768,True,False,False,936,2,4096,11008,generic,generic,,,CUDA_EVENT,FP16,none
,,,,,,,,,,,,0.06871999800205231,0.18332000076770782,0.07746214941143989,0.07077999785542488,0.024596735334950246,20,0.06747999787330627,0.16764099895954132,0.079484249278903,0.07447999715805054,0.020671403788594174,20,0.03839999809861183,0.09096000343561172,0.0440780995413661,0.04152049869298935,0.010883325406117009,20,,,,,,,0.055640000849962234,0.09956000000238419,0.06051410026848316,0.05850050039589405,0.009169224445297755,20,0.0063599999994039536,0.007280999794602394,0.006508049974218011,0.006440000142902136,0.00020261597309601337,20,0.029079999774694443,0.0777600035071373,0.03608615016564727,0.03388050012290478,0.01042922644548622,20,32,32,4096,11008,32768,True,False,False,136,2,4096,11008,generic,generic,,,CUDA_EVENT,FP16,none
,,,,,,,,,,,,0.09596099704504013,0.18328000605106354,0.10184634886682034,0.09759999811649323,0.018694706673261115,20,0.06855999678373337,0.07779999822378159,0.07324020005762577,0.0731004998087883,0.001872991062044888,20,0.04340000078082085,0.04740000143647194,0.04403809979557991,0.043619999662041664,0.0009270088554932796,20,,,,,,,0.1918410062789917,0.20280100405216217,0.19412465021014214,0.19342099875211716,0.002400329822003985,20,0.018800999969244003,0.03003999963402748,0.019978049956262112,0.019120000302791595,0.002484728998590522,20,0.09184099733829498,0.10316000133752823,0.0960162490606308,0.09599999710917473,0.002113093363714654,20,32,32,4096,11008,32768,True,False,False,2560,2,4096,11008,generic,generic,,,CUDA_EVENT,FP16,none
,,,,,,,,,,,,0.04904099926352501,0.1425209939479828,0.06829814910888672,0.06185999885201454,0.022476197435056005,20,0.0522800013422966,0.13159999251365662,0.06040414962917566,0.05388000048696995,0.01824243782090208,20,0.05052100121974945,0.0777600035071373,0.05427825022488832,0.05254049971699715,0.005735910146546312,20,,,,,,,0.08900000154972076,0.11215999722480774,0.09190634973347186,0.09060100093483925,0.004928816356382727,20,0.009680000133812428,0.01583999954164028,0.010398050071671605,0.009860000107437372,0.0014566852630640878,20,0.06588000059127808,0.10420099645853043,0.06897009909152985,0.06667999923229218,0.008152064951166832,20,32,32,4096,11008,32768,True,False,False,784,2,4096,11008,generic,generic,,,CUDA_EVENT,FP16,none
,,,,,,,,,,,,0.055240001529455185,0.10040000081062317,0.06194009967148304,0.056980499997735023,0.01272584516204359,20,0.07491999864578247,0.16184000670909882,0.08702835068106651,0.08104050159454346,0.019369983706876877,20,0.03476100042462349,0.07175999879837036,0.0407880999147892,0.038119999691843987,0.009077798516342769,20,,,,,,,0.03820100054144859,0.07515999674797058,0.04322824981063604,0.04172050021588802,0.0074369915439722765,20,0.006279999855905771,0.022241000086069107,0.007672050059773028,0.006379999918863177,0.003648291819807197,20,0.031039999797940254,0.07072000205516815,0.03871605014428496,0.03773999959230423,0.0076344043677003355,20,32,32,4096,11008,32768,True,False,False,32,2,4096,11008,generic,generic,,,CUDA_EVENT,FP16,none
,,,,,,,,,,,,0.04244000092148781,0.09376099705696106,0.05541025009006262,0.051579998806118965,0.0128102280681637,20,0.05423999950289726,0.07992000132799149,0.057780100218951705,0.05602000094950199,0.005551654933266549,20,0.0456399992108345,0.05952100083231926,0.047890149801969525,0.047240499407052994,0.0029456528400895717,20,,,,,,,0.10756000131368637,0.1148810014128685,0.11082240007817745,0.11112049967050552,0.0019271092019349369,20,0.008799999952316284,0.012120000086724758,0.00920804995112121,0.009039999917149544,0.0007017031196682442,20,0.04808000102639198,0.052080001682043076,0.049068149924278257,0.04891999997198582,0.0008366527813070362,20,32,32,4096,11008,32768,True,False,False,600,2,4096,11008,generic,generic,,,CUDA_EVENT,FP16,none
,,,,,,,,,,,,0.056641001254320145,0.17999999225139618,0.08332424946129321,0.07194000110030174,0.032579145331041434,20,0.055319998413324356,0.182560995221138,0.06406624987721443,0.05636000074446201,0.02768366108746201,20,0.052239999175071716,0.11816000193357468,0.062314100190997125,0.05691999942064285,0.0157180034173426,20,,,,,,,0.09644100069999695,0.1403609961271286,0.10718435011804103,0.10510000213980675,0.009268931485186973,20,0.009759999811649323,0.012120000086724758,0.010174000030383467,0.009980000089854002,0.0005551612210238744,20,0.06027999892830849,0.10964000225067139,0.06598829962313175,0.06202000007033348,0.01213596953345999,20,32,32,4096,11008,32768,True,False,False,872,2,4096,11008,generic,generic,,,CUDA_EVENT,FP16,none
,,,,,,,,,,,,0.06319999694824219,0.1833209991455078,0.07468025013804436,0.0659010000526905,0.027544990033547517,20,0.06871999800205231,0.15223999321460724,0.08321624994277954,0.07961999997496605,0.016372889241389778,20,0.03956000134348869,0.0827609971165657,0.04325009994208813,0.04106000065803528,0.009131834328400958,20,,,,,,,0.04608000069856644,0.07620000094175339,0.050252200476825236,0.04832000099122524,0.006356368264390872,20,0.006279999855905771,0.009279999881982803,0.00666799999307841,0.0064199999906122684,0.0007514358872029841,20,0.03539999946951866,0.07016099989414215,0.0467722000554204,0.045420000329613686,0.0061273350234321905,20,32,32,4096,11008,32768,True,False,False,72,2,4096,11008,generic,generic,,,CUDA_EVENT,FP16,none
,,,,,,,,,,,,0.10183999687433243,0.18408000469207764,0.10837629958987235,0.10446050018072128,0.01742973904060017,20,0.06116100028157234,0.06972000002861023,0.06482619922608138,0.06443999707698822,0.002002299356358295,20,0.04340000078082085,0.047520000487565994,0.044220149889588355,0.043600499629974365,0.0012932571514295218,20,,,,,,,0.18199999630451202,0.1934400051832199,0.18427464962005616,0.18408049643039703,0.002303059571984208,20,0.01744000054895878,0.018479999154806137,0.017774050123989582,0.017780499532818794,0.00023908691006770832,20,0.09620100259780884,0.10292000323534012,0.09857825040817261,0.09888049960136414,0.0016324011558609109,20,32,32,4096,11008,32768,True,False,False,2304,2,4096,11008,generic,generic,,,CUDA_EVENT,FP16,none
,,,,,,,,,,,,0.053360000252723694,0.09623999893665314,0.06672620009630918,0.06389999762177467,0.010548365837297432,20,0.053001001477241516,0.08036100119352341,0.0562482001259923,0.05456000007688999,0.005728235705033556,20,0.04588000103831291,0.05987999960780144,0.04823215007781982,0.04718000069260597,0.003340685827847135,20,,,,,,,0.08455999940633774,0.09136000275611877,0.08688229992985726,0.08588049933314323,0.002079899217787482,20,0.00824000034481287,0.013120000250637531,0.008834049990400671,0.00839999970048666,0.0011886096027470363,20,0.05883999913930893,0.06372000277042389,0.06036410015076399,0.06002050079405308,0.0012344946837145308,20,32,32,4096,11008,32768,True,False,False,536,2,4096,11008,generic,generic,,,CUDA_EVENT,FP16,none
,,,,,,,,,,,,0.04816000163555145,0.14796100556850433,0.06722049973905087,0.05782049894332886,0.02623123501611044,20,0.05243999883532524,0.1483599990606308,0.06174599956721068,0.054899999871850014,0.021831347324808195,20,0.047561001032590866,0.08640000224113464,0.05177235025912523,0.04932050034403801,0.008418832157031346,20,,,,,,,0.091279998421669,0.12116000056266785,0.09450404979288578,0.09312000125646591,0.006284137419821672,20,0.008799999952316284,0.009960000403225422,0.009105999860912562,0.009060000069439411,0.00024372947765266808,20,0.06928099691867828,0.10936100035905838,0.07311044968664646,0.07088050246238708,0.008392719456202078,20,32,32,4096,11008,32768,True,False,False,720,2,4096,11008,generic,generic,,,CUDA_EVENT,FP16,none
,,,,,,,,,,,,0.07496099919080734,0.21156099438667297,0.10255244933068752,0.08912049978971481,0.03394793084853377,20,0.055160000920295715,0.1717199981212616,0.06706020031124353,0.056379999965429306,0.032014023800361315,20,0.05379999801516533,0.1326809972524643,0.062598199211061,0.0562404990196228,0.01921774219232423,20,,,,,,,0.10075999796390533,0.14268000423908234,0.1068044003099203,0.10328000038862228,0.010880803585891458,20,0.00976100005209446,0.013120000250637531,0.010172100132331252,0.009980000089854002,0.000724961874768666,20,0.05107999965548515,0.11184100061655045,0.0548462001606822,0.05160050094127655,0.01310431271307718,20,32,32,4096,11008,32768,True,False,False,808,2,4096,11008,generic,generic,,,CUDA_EVENT,FP16,none
,,,,,,,,,,,,0.055080000311136246,0.10379999876022339,0.062314150109887126,0.057760000228881836,0.011844715319585971,20,0.06707999855279922,0.15748099982738495,0.08285635001957417,0.07758050039410591,0.02005239049478198,20,0.028999999165534973,0.07152000069618225,0.03788604978471995,0.03569999895989895,0.00830938459559583,20,,,,,,,0.04196000099182129,0.08231999725103378,0.04731004983186722,0.04545999877154827,0.008174705834319883,20,0.006240000016987324,0.016839999705553055,0.007064000028185547,0.006379999918863177,0.0023196688609339404,20,0.03420000150799751,0.06960000097751617,0.03903610054403543,0.03708000108599663,0.007314244558015844,20,32,32,4096,11008,32768,True,False,False,8,2,4096,11008,generic,generic,,,CUDA_EVENT,FP16,none
,,,,,,,,,,,,0.059080999344587326,0.09799999743700027,0.07051424887031317,0.0705999992787838,0.007670461600590622,20,0.06391999870538712,0.08771999925374985,0.06902814954519272,0.06828000023961067,0.0046343757198524654,20,0.04171999916434288,0.05607999861240387,0.04544215016067028,0.04433999955654144,0.0031190797661766315,20,,,,,,,0.09071999788284302,0.09743999689817429,0.09435629956424237,0.09428000077605247,0.001353341351206844,20,0.0077599999494850636,0.012079999782145023,0.00834999994840473,0.00803999975323677,0.0010049378096627407,20,0.04016000032424927,0.04368000105023384,0.041028150171041486,0.040720000863075256,0.0009236795055799885,20,32,32,4096,11008,32768,True,False,False,472,2,4096,11008,generic,generic,,,CUDA_EVENT,FP16,none
,,,,,,,,,,,,0.05451999977231026,0.15700000524520874,0.07029204983264208,0.05948000028729439,0.02693756655603495,20,0.05324000120162964,0.1586810052394867,0.06460229977965355,0.05711999908089638,0.02278422281905208,20,0.047359999269247055,0.08823999762535095,0.05184604972600937,0.04944000020623207,0.008684464178515351,20,,,,,,,0.10180000215768814,0.12916100025177002,0.10676049962639808,0.10548049956560135,0.0057414100877251515,20,0.008840000256896019,0.009599999524652958,0.009027999872341753,0.008999999612569809,0.00016448702386340507,20,0.05607999861240387,0.07575999945402145,0.05785004980862141,0.057019999250769615,0.004127766775999365,20,32,32,4096,11008,32768,True,False,False,656,2,4096,11008,generic,generic,,,CUDA_EVENT,FP16,none
,,,,,,,,,,,,0.0809599980711937,0.16288000345230103,0.08594400063157082,0.08171999827027321,0.017663139243035038,20,0.06400000303983688,0.07180000096559525,0.06709799990057945,0.06666000187397003,0.0018736691533040091,20,0.03824000060558319,0.06359999626874924,0.04004489965736866,0.03874099999666214,0.00541837250216384,20,,,,,,,0.16439999639987946,0.17983999848365784,0.16679199934005737,0.16595999896526337,0.0031873401279647793,20,0.01568000018596649,0.020919999107718468,0.01635199971497059,0.01609999965876341,0.0010820423345101046,20,0.1040010005235672,0.11824099719524384,0.1090449996292591,0.10766099765896797,0.004229551157996998,20,32,32,4096,11008,32768,True,False,False,2048,2,4096,11008,generic,generic,,,CUDA_EVENT,FP16,none
,,,,,,,,,,,,0.04912000149488449,0.166360005736351,0.0790661508217454,0.0672600008547306,0.029977047614428463,20,0.05183999985456467,0.18908099830150604,0.06562624964863062,0.05672050081193447,0.029512944135753734,20,0.050039999186992645,0.1053209975361824,0.05660619996488094,0.051540499553084373,0.014642877904748301,20,,,,,,,0.08619999885559082,0.12911999225616455,0.09564434885978698,0.09228049963712692,0.01055223034494907,20,0.008999999612569809,0.010440000332891941,0.009225999936461449,0.009119999594986439,0.0003291870269171809,20,0.06992000341415405,0.13356000185012817,0.07748814970254898,0.07180000096559525,0.017583610209256292,20,32,32,4096,11008,32768,True,False,False,744,2,4096,11008,generic,generic,,,CUDA_EVENT,FP16,none
,,,,,,,,,,,,0.07080099731683731,0.12940099835395813,0.07580029964447021,0.0725799985229969,0.012427483244811497,20,0.06663999706506729,0.0769599974155426,0.07037409916520118,0.06957999989390373,0.002761127425705946,20,0.04224000126123428,0.04651999846100807,0.04362619984894991,0.04326000064611435,0.001025257767868804,20,,,,,,,0.08231999725103378,0.08951999992132187,0.08431629911065101,0.0838799998164177,0.0017367102311919736,20,0.007199999876320362,0.00788000039756298,0.007412100024521351,0.00738000008277595,0.00014534686687810129,20,0.03367999941110611,0.0355600006878376,0.03411800004541874,0.033959999680519104,0.0004675852181567468,20,32,32,4096,11008,32768,True,False,False,408,2,4096,11008,generic,generic,,,CUDA_EVENT,FP16,none
,,,,,,,,,,,,0.053679998964071274,0.14511999487876892,0.07287604846060276,0.06333999708294868,0.024970276601806993,20,0.05779999867081642,0.1528010070323944,0.06849640030413866,0.061000000685453415,0.021788594781211198,20,0.04540000110864639,0.07851999998092651,0.04926405046135187,0.046959999948740005,0.007012673112066122,20,,,,,,,0.10347999632358551,0.13728100061416626,0.11077649965882301,0.10917999967932701,0.006638072587002005,20,0.008799999952316284,0.009599999524652958,0.009095999877899885,0.009080000221729279,0.00021067499428525525,20,0.04788000136613846,0.05660000070929527,0.04888204969465733,0.04859999939799309,0.0018098576555873015,20,32,32,4096,11008,32768,True,False,False,592,2,4096,11008,generic,generic,,,CUDA_EVENT,FP16,none
,,,,,,,,,,,,0.09223999828100204,0.17343999445438385,0.09705429971218109,0.09272050112485886,0.017558464624554977,20,0.06323999911546707,0.07052099704742432,0.06602420024573803,0.06558000296354294,0.0015494714016750758,20,0.0371600016951561,0.04848099872469902,0.038128149881958964,0.037420498207211494,0.0024749660415711496,20,,,,,,,0.15272000432014465,0.17044000327587128,0.1547204487025738,0.15390049666166306,0.003658567728474916,20,0.015119999647140503,0.016599999740719795,0.015430049924179911,0.01537999976426363,0.0003045997791831457,20,0.09200099855661392,0.10000099986791611,0.09685830026865005,0.09704050049185753,0.0022200418692519233,20,32,32,4096,11008,32768,True,False,False,1920,2,4096,11008,generic,generic,,,CUDA_EVENT,FP16,none
,,,,,,,,,,,,0.08263999968767166,0.18279999494552612,0.10369629971683025,0.09233999997377396,0.028620921583124032,20,0.0517599992454052,0.17844100296497345,0.06861625034362077,0.05750050023198128,0.03567828179738394,20,0.04992000013589859,0.11000099778175354,0.057678249664604664,0.05252000130712986,0.01430650990477322,20,,,,,,,0.09492000192403793,0.13760000467300415,0.10031825043261051,0.0967399999499321,0.011201270792390751,20,0.008840000256896019,0.01071999967098236,0.009112049918621778,0.009039999917149544,0.00038211097769702557,20,0.0456399992108345,0.11928000301122665,0.05019809994846582,0.046140000224113464,0.01591136457346596,20,32,32,4096,11008,32768,True,False,False,680,2,4096,11008,generic,generic,,,CUDA_EVENT,FP16,none
,,,,,,,,,,,,0.06436099857091904,0.0986810028553009,0.07084230035543441,0.06840000301599503,0.007276198045953842,20,0.06471999734640121,0.10080000013113022,0.07005419954657555,0.06797999888658524,0.007517087759518804,20,0.041760001331567764,0.05640000104904175,0.04446810018271208,0.043220000341534615,0.0033818235012765814,20,,,,,,,0.06276100128889084,0.06964100152254105,0.06498024985194206,0.06455999985337257,0.0017471933282927202,20,0.0069599999114871025,0.007439999841153622,0.007178050000220537,0.007160000037401915,0.0001382398399627521,20,0.041919998824596405,0.04603999853134155,0.042820149846374986,0.042740000411868095,0.0008226506891226076,20,32,32,4096,11008,32768,True,False,False,344,2,4096,11008,generic,generic,,,CUDA_EVENT,FP16,none
,,,,,,,,,,,,0.061719998717308044,0.14528100192546844,0.081182099878788,0.07296000048518181,0.021767654353024374,20,0.054999999701976776,0.14176100492477417,0.06776234991848469,0.06078049913048744,0.019726009457070173,20,0.04596000164747238,0.08483999967575073,0.05006600003689528,0.04762000031769276,0.00836687060908246,20,,,,,,,0.08476100116968155,0.11744000017642975,0.08856634944677352,0.08716049790382385,0.006783805275694596,20,0.00824000034481287,0.012600000016391277,0.008770000003278256,0.008419999852776527,0.0010196372554651277,20,0.05739999935030937,0.10183999687433243,0.06100414972752333,0.05849999934434891,0.009465688563809966,20,32,32,4096,11008,32768,True,False,False,528,2,4096,11008,generic,generic,,,CUDA_EVENT,FP16,none
,,,,,,,,,,,,0.07816000282764435,0.15636099874973297,0.08327025026082993,0.07884000241756439,0.01683303091539308,20,0.058559998869895935,0.06583999842405319,0.06166815012693405,0.06162099912762642,0.0014617741387670676,20,0.0350399985909462,0.05931999906897545,0.03679009936749935,0.03546000085771084,0.005201094234845716,20,,,,,,,0.1457200050354004,0.16844099760055542,0.14913249909877777,0.1483205035328865,0.004543751273844335,20,0.014519999735057354,0.018799999728798866,0.014996050018817186,0.014800000004470348,0.0008909143227915467,20,0.09628099948167801,0.1011200025677681,0.09828430004417896,0.09816000238060951,0.0010639080683505096,20,32,32,4096,11008,32768,True,False,False,1792,2,4096,11008,generic,generic,,,CUDA_EVENT,FP16,none
,,,,,,,,,,,,0.066880002617836,0.09471999853849411,0.07063019946217537,0.06823999807238579,0.006464784513525105,20,0.06452000141143799,0.10392099618911743,0.0699582990258932,0.06681999936699867,0.009083366666869016,20,0.04060100018978119,0.05435999855399132,0.04363009985536337,0.042239999398589134,0.003777987265810691,20,,,,,,,0.05648000165820122,0.06747999787330627,0.058074199594557285,0.05716000124812126,0.00253803762883811,20,0.006639999803155661,0.007400000002235174,0.006866049906238914,0.00687999976798892,0.00015247773318445486,20,0.03516000136733055,0.04320000112056732,0.03801415003836155,0.03848000057041645,0.0023982370019803453,20,32,32,4096,11008,32768,True,False,False,280,2,4096,11008,generic,generic,,,CUDA_EVENT,FP16,none
,,,,,,,,,,,,0.05316000059247017,0.1778009980916977,0.0764823492616415,0.06308000162243843,0.033946105332370316,20,0.05243999883532524,0.1637600064277649,0.06955815069377422,0.06342000141739845,0.022938235203815216,20,0.04891999810934067,0.09244100004434586,0.054530249536037446,0.05134049989283085,0.010480020104676495,20,,,,,,,0.10555999726057053,0.15036000311374664,0.11461625024676322,0.11188000068068504,0.009929593014227658,20,0.008840000256896019,0.01107999961823225,0.009272049926221371,0.009099999908357859,0.0005260426137973271,20,0.048239998519420624,0.08948099613189697,0.05278019979596138,0.0493404995650053,0.01061214875050186,20,32,32,4096,11008,32768,True,False,False,616,2,4096,11008,generic,generic,,,CUDA_EVENT,FP16,none
,,,,,,,,,,,,0.066600002348423,0.12888099253177643,0.07789405025541782,0.07217999920248985,0.0156548106371811,20,0.06599999964237213,0.17208099365234375,0.07847449891269206,0.07238050177693367,0.02311907024980306,20,0.043719999492168427,0.08196000009775162,0.04776805005967617,0.04558050073683262,0.0080838328903895,20,,,,,,,0.09276100248098373,0.13420100510120392,0.09651449955999851,0.09474099799990654,0.00870433866989998,20,0.0077599999494850636,0.009720000438392162,0.008176000043749809,0.007960000075399876,0.000524351071407208,20,0.039799999445676804,0.08919999748468399,0.04280804973095655,0.04039999842643738,0.010647922262847232,20,32,32,4096,11008,32768,True,False,False,464,2,4096,11008,generic,generic,,,CUDA_EVENT,FP16,none
,,,,,,,,,,,,0.07304000109434128,0.12528100609779358,0.08175240084528923,0.07862050086259842,0.010786578711448789,20,0.05719999969005585,0.07208000123500824,0.06324204988777637,0.06306049972772598,0.004225247179504361,20,0.039319999516010284,0.047199998050928116,0.0414981497451663,0.04104050062596798,0.0021252231616065848,20,,,,,,,0.08088000118732452,0.0865200012922287,0.08225615061819554,0.0818599984049797,0.0014054519956592545,20,0.006279999855905771,0.007679999805986881,0.006509999954141676,0.0063599999994039536,0.00037669611316679564,20,0.02687999978661537,0.03012000024318695,0.02733410010114312,0.027141000144183636,0.0006843429785131816,20,32,32,4096,11008,32768,True,False,False,216,2,4096,11008,generic,generic,,,CUDA_EVENT,FP16,none
,,,,,,,,,,,,0.09516000002622604,0.17971999943256378,0.10090624988079071,0.09657999873161316,0.01811964641837765,20,0.06004000082612038,0.06719999760389328,0.06311224959790707,0.06261999905109406,0.0018505536739840424,20,0.041280001401901245,0.05052100121974945,0.04260415006428957,0.042080000042915344,0.002049573508534013,20,,,,,,,0.13840100169181824,0.1520799994468689,0.1398544989526272,0.13924100250005722,0.002834115638202347,20,0.013799999840557575,0.01600000075995922,0.014295999985188245,0.014100000262260437,0.0005930803537095683,20,0.0796009972691536,0.09192000329494476,0.08383030034601688,0.08330050110816956,0.0029953499775210034,20,32,32,4096,11008,32768,True,False,False,1664,2,4096,11008,generic,generic,,,CUDA_EVENT,FP16,none
,,,,,,,,,,,,0.06471999734640121,0.16835999488830566,0.0873662993311882,0.07912050187587738,0.026852488428462152,20,0.05155999958515167,0.19088099896907806,0.06878830008208751,0.06058049947023392,0.03010216063936442,20,0.04832100123167038,0.11791999638080597,0.057366149686276915,0.05215999856591225,0.016419183385303432,20,,,,,,,0.08336000144481659,0.12808099389076233,0.09345629997551441,0.09019999951124191,0.011233712121452478,20,0.00839999970048666,0.00860000029206276,0.008500050008296966,0.00848049996420741,4.9779990912071166e-05,20,0.05928000062704086,0.12624000012874603,0.06598820034414529,0.06021999940276146,0.0175428051488883,20,32,32,4096,11008,32768,True,False,False,552,2,4096,11008,generic,generic,,,CUDA_EVENT,FP16,none
,,,,,,,,,,,,0.07147999852895737,0.1292009949684143,0.08032644912600517,0.07346099987626076,0.016435876346273325,20,0.06611999869346619,0.16731999814510345,0.07543799951672554,0.06870000064373016,0.02229615005453684,20,0.04439999908208847,0.08184000104665756,0.04784424975514412,0.045640500262379646,0.007980306697388228,20,,,,,,,0.0655599981546402,0.09511999785900116,0.06797205023467541,0.06633999943733215,0.006279131274270324,20,0.007160000037401915,0.012839999981224537,0.007664000010117888,0.007240000180900097,0.001361669561444181,20,0.04303999990224838,0.10456100106239319,0.04670229945331812,0.04355999827384949,0.01329130952320429,20,32,32,4096,11008,32768,True,False,False,400,2,4096,11008,generic,generic,,,CUDA_EVENT,FP16,none
,,,,,,,,,,,,0.06347999721765518,0.1255200058221817,0.06874805018305778,0.06466000154614449,0.013532854319001914,20,0.07020100206136703,0.07952100038528442,0.07544245049357415,0.07490100339055061,0.002224043309449311,20,0.039159998297691345,0.04360000044107437,0.0406200997531414,0.04031999967992306,0.0012623204163836324,20,,,,,,,0.05296099931001663,0.0575999990105629,0.055436399579048154,0.05536100082099438,0.0014248198719705692,20,0.006120000034570694,0.011880000121891499,0.006610000017099082,0.0062200000975281,0.0012789292865384872,20,0.026559999212622643,0.03759999945759773,0.03398805009201169,0.034220000728964806,0.002198494481162284,20,32,32,4096,11008,32768,True,False,False,152,2,4096,11008,generic,generic,,,CUDA_EVENT,FP16,none
,,,,,,,,,,,,0.06871999800205231,0.15520000457763672,0.0735102005302906,0.06915999948978424,0.01874313716928838,20,0.055479999631643295,0.06304000318050385,0.05748624987900257,0.05750050023198128,0.0017859507475325611,20,0.03303999826312065,0.06359999626874924,0.03523009959608316,0.033399999141693115,0.006622812422764397,20,,,,,,,0.12615999579429626,0.14900000393390656,0.12878434881567954,0.12738050520420074,0.004824987340327116,20,0.01351999957114458,0.014399999752640724,0.013738099904730915,0.01372000016272068,0.00020926652832305875,20,0.07556000351905823,0.07896000146865845,0.0765163004398346,0.07630050182342529,0.0007935380032620881,20,32,32,4096,11008,32768,True,False,False,1536,2,4096,11008,generic,generic,,,CUDA_EVENT,FP16,none
,,,,,,,,,,,,0.07620000094175339,0.14028100669384003,0.08601020090281963,0.07995999976992607,0.01656196910215428,20,0.05640000104904175,0.19939999282360077,0.0777282988652587,0.06760049983859062,0.03121413464863005,20,0.04596000164747238,0.1019200012087822,0.0531621502712369,0.04758000001311302,0.015661591508626057,20,,,,,,,0.07728099822998047,0.1342799961566925,0.08406629934906959,0.07914049923419952,0.014920851743037738,20,0.0077599999494850636,0.01155999954789877,0.00857800010126084,0.00800000037997961,0.0012478765054742967,20,0.04039999842643738,0.09788099676370621,0.046910150162875655,0.041480500251054764,0.016048163499312047,20,32,32,4096,11008,32768,True,False,False,488,2,4096,11008,generic,generic,,,CUDA_EVENT,FP16,none
,,,,,,,,,,,,0.06791999936103821,0.16748100519180298,0.07609625011682511,0.06961999833583832,0.02166138615183949,20,0.06723999977111816,0.17747999727725983,0.0787482000887394,0.07328049838542938,0.02292178363784324,20,0.04211999848484993,0.06096100062131882,0.044358149915933606,0.043139999732375145,0.0040446956714457385,20,,,,,,,0.06520000100135803,0.0759200006723404,0.06918819956481456,0.06865999847650528,0.0021789374209613857,20,0.007079999893903732,0.010440000332891941,0.007579999999143184,0.0074800001457333565,0.0006746258906348025,20,0.033681001514196396,0.03776000067591667,0.034904100187122825,0.03443999961018562,0.001222887847207798,20,32,32,4096,11008,32768,True,False,False,336,2,4096,11008,generic,generic,,,CUDA_EVENT,FP16,none
,,,,,,,,,,,,0.05872099846601486,0.12516100704669952,0.06377409994602204,0.06027999892830849,0.014217649628956502,20,0.07500000298023224,0.08392000198364258,0.07847839966416359,0.07778099924325943,0.0028143653081887884,20,0.03784000128507614,0.04255999997258186,0.039444050006568435,0.03910049982368946,0.0011983069026668088,20,,,,,,,0.04967999830842018,0.055399999022483826,0.05107439979910851,0.05090100131928921,0.001082902041649554,20,0.006240000016987324,0.010759999975562096,0.0065519999712705616,0.006320000160485506,0.0009674378556238554,20,0.0326399989426136,0.03748000040650368,0.03468800000846386,0.0347599983215332,0.0014433075689461385,20,32,32,4096,11008,32768,True,False,False,88,2,4096,11008,generic,generic,,,CUDA_EVENT,FP16,none
,,,,,,,,,,,,0.06616000086069107,0.10103999823331833,0.06962415017187595,0.06780000030994415,0.007417427487963311,20,0.06295999884605408,0.0955210030078888,0.06913434974849224,0.06796050071716309,0.006517750909101533,20,0.041120000183582306,0.055319998413324356,0.043470049649477004,0.042419999837875366,0.003209495920781539,20,,,,,,,0.05423999950289726,0.061639998108148575,0.05644619949162007,0.05607999861240387,0.001979473972492551,20,0.006599999964237213,0.008679999969899654,0.00691404992248863,0.006719999946653843,0.00047896204954317787,20,0.035599999129772186,0.04639999940991402,0.039830099977552894,0.039559999480843544,0.0023829021816040847,20,32,32,4096,11008,32768,True,False,False,272,2,4096,11008,generic,generic,,,CUDA_EVENT,FP16,none
,,,,,,,,,,,,0.07152099907398224,0.15768100321292877,0.0764043003320694,0.07212000340223312,0.018648596154406432,20,0.05620000138878822,0.06440100073814392,0.05896019991487265,0.05954050086438656,0.0021005875328314358,20,0.035280998796224594,0.06731999665498734,0.03787815012037754,0.03629999980330467,0.006809364641586693,20,,,,,,,0.11891999840736389,0.13652099668979645,0.12112639993429183,0.1196805015206337,0.003862674622628794,20,0.012799999676644802,0.014360000379383564,0.01314604990184307,0.013079999946057796,0.0003363591973956261,20,0.0700799971818924,0.07824099808931351,0.07360225021839142,0.07354050129652023,0.0022204898079234772,20,32,32,4096,11008,32768,True,False,False,1408,2,4096,11008,generic,generic,,,CUDA_EVENT,FP16,none
,,,,,,,,,,,,0.0737610012292862,0.16228100657463074,0.08787035048007966,0.07600000128149986,0.026724842343146066,20,0.06552000343799591,0.19448000192642212,0.0849262997508049,0.0746999979019165,0.03290899385708988,20,0.045520998537540436,0.09372100234031677,0.051604249887168406,0.04773999936878681,0.012650749699474427,20,,,,,,,0.07836099714040756,0.11648000031709671,0.08247615024447441,0.08020000159740448,0.008241477655384546,20,0.0074800001457333565,0.0083600003272295,0.0076200500130653385,0.007579999975860119,0.00019034196171504778,20,0.03359999880194664,0.11212100088596344,0.03845220003277063,0.033860499039292336,0.01715506175447569,20,32,32,4096,11008,32768,True,False,False,424,2,4096,11008,generic,generic,,,CUDA_EVENT,FP16,none
,,,,,,,,,,,,0.050241000950336456,0.08535999804735184,0.056082199700176714,0.05429999902844429,0.0072261869636877675,20,0.07531999796628952,0.10968100279569626,0.0833882998675108,0.08144049718976021,0.006841486453952846,20,0.0347599983215332,0.050039999186992645,0.03712409976869822,0.03616049885749817,0.0032753647319429067,20,,,,,,,0.03819999843835831,0.041200000792741776,0.039558100141584875,0.03976000100374222,0.0007536875122574441,20,0.006200000178068876,0.007439999841153622,0.006410049996338785,0.006320000160485506,0.0002925320743463077,20,0.03255999833345413,0.03903999924659729,0.034806149825453755,0.03488000109791756,0.0011900934072421653,20,32,32,4096,11008,32768,True,False,False,24,2,4096,11008,generic,generic,,,CUDA_EVENT,FP16,none
,,,,,,,,,,,,0.0706000030040741,0.12776100635528564,0.07782245054841042,0.07486049830913544,0.01179799815774536,20,0.063680000603199,0.07352100312709808,0.06791604980826378,0.06755999848246574,0.002828099619044537,20,0.03916100040078163,0.04680100083351135,0.0411082498729229,0.040440499782562256,0.0018177553355174655,20,,,,,,,0.08027999848127365,0.08336000144481659,0.0817760992795229,0.0816200003027916,0.0007963847597230773,20,0.006200000178068876,0.007280000019818544,0.0063859999645501375,0.00634000007994473,0.00021882413880678744,20,0.026760000735521317,0.031081000342965126,0.027582200057804585,0.02701999992132187,0.0012587499463573844,20,32,32,4096,11008,32768,True,False,False,208,2,4096,11008,generic,generic,,,CUDA_EVENT,FP16,none
,,,,,,,,,,,,0.060440000146627426,0.19259999692440033,0.07439829912036658,0.060679998248815536,0.034608645248769165,20,0.05480000004172325,0.17188100516796112,0.0618700997903943,0.05553999915719032,0.02527252698158534,20,0.029120000079274178,0.10900100320577621,0.04143620049580932,0.03144000098109245,0.02165151797549342,20,,,,,,,0.10711999982595444,0.15464000403881073,0.12234020009636878,0.12158050015568733,0.011262934496853451,20,0.011599999852478504,0.012480000033974648,0.011858049873262643,0.011739999987185001,0.00023885206886592282,20,0.058841001242399216,0.11416099965572357,0.06386235021054745,0.05980050005018711,0.013209572537684339,20,32,32,4096,11008,32768,True,False,False,1280,2,4096,11008,generic,generic,,,CUDA_EVENT,FP16,none
,,,,,,,,,,,,0.07116000354290009,0.14288100600242615,0.0803722996264696,0.07289999723434448,0.017680570249244614,20,0.06272000074386597,0.17452000081539154,0.07944220006465912,0.07264000177383423,0.023696078008893142,20,0.04044000059366226,0.09856099635362625,0.05069214962422848,0.046939998865127563,0.012949120242029103,20,,,,,,,0.06508100032806396,0.10944099724292755,0.07334430031478405,0.06908050179481506,0.012044005663580321,20,0.007160000037401915,0.019120000302791595,0.00823200005106628,0.007400000002235174,0.0025608624021557645,20,0.04236000031232834,0.127921000123024,0.05110215004533529,0.04344000108540058,0.02284184266342521,20,32,32,4096,11008,32768,True,False,False,360,2,4096,11008,generic,generic,,,CUDA_EVENT,FP16,none
,,,,,,,,,,,,0.06319999694824219,0.1425199955701828,0.06913415007293225,0.06427999958395958,0.01708404423797893,20,0.06972000002861023,0.08727999776601791,0.07549630030989647,0.07510050013661385,0.0032718431566658435,20,0.03787999972701073,0.04620099812746048,0.03976619970053434,0.03938000090420246,0.001703558864682094,20,,,,,,,0.05180099979043007,0.06156099960207939,0.055280249752104285,0.05511999875307083,0.001858146553518371,20,0.006120000034570694,0.0081599997356534,0.006392000010237098,0.006300000008195639,0.0004353572531542099,20,0.029319999739527702,0.03764000162482262,0.03365209996700287,0.0340999998152256,0.002024324524134971,20,32,32,4096,11008,32768,True,False,False,144,2,4096,11008,generic,generic,,,CUDA_EVENT,FP16,none
,,,,,,,,,,,,0.06516099721193314,0.20480099320411682,0.08075639978051186,0.06613999977707863,0.03722574864100695,20,0.05732100084424019,0.19539999961853027,0.0656600495800376,0.05828000046312809,0.02981771631173559,20,0.02988000027835369,0.13104000687599182,0.04266635021194816,0.03098049946129322,0.02539835495258762,20,,,,,,,0.09831999987363815,0.17636099457740784,0.1191942498087883,0.11620000004768372,0.01623676568243353,20,0.011959999799728394,0.014999999664723873,0.012344100093469024,0.012160000391304493,0.0006408987019252307,20,0.0573199987411499,0.08963999897241592,0.06179014965891838,0.05934000015258789,0.00749344634493391,20,32,32,4096,11008,32768,True,False,False,1152,2,4096,11008,generic,generic,,,CUDA_EVENT,FP16,none
,,,,,,,,,,,,0.06780000030994415,0.14052000641822815,0.07834815010428428,0.07052050158381462,0.018036144016171367,20,0.06728100031614304,0.18168099224567413,0.08482439890503883,0.07662099972367287,0.024929626309303933,20,0.04320000112056732,0.1090800017118454,0.051110100001096725,0.0451200008392334,0.01671423179841343,20,,,,,,,0.06595999747514725,0.13140100240707397,0.07327229902148247,0.06791999936103821,0.016196436995034737,20,0.007160000037401915,0.01351999957114458,0.007626000046730042,0.007240000180900097,0.001367934088500331,20,0.03880000114440918,0.09775999933481216,0.04564209990203381,0.03996000066399574,0.016444872822664592,20,32,32,4096,11008,32768,True,False,False,296,2,4096,11008,generic,generic,,,CUDA_EVENT,FP16,none
,,,,,,,,,,,,0.061719998717308044,0.10756099969148636,0.0661340992897749,0.06255999766290188,0.010019315752762825,20,0.07304099947214127,0.08736000210046768,0.08086039945483207,0.0801599994301796,0.002927713084872497,20,0.03920000046491623,0.04828000068664551,0.040500049479305744,0.04012049920856953,0.0019170881024971212,20,,,,,,,0.04504099860787392,0.054441001266241074,0.047128450125455856,0.045819999650120735,0.0028755351390619133,20,0.006240000016987324,0.008559999987483025,0.006448000017553568,0.006320000160485506,0.0004885243101279384,20,0.03440000116825104,0.04836000129580498,0.04338009972125292,0.0435199998319149,0.002947966120868223,20,32,32,4096,11008,32768,True,False,False,80,2,4096,11008,generic,generic,,,CUDA_EVENT,FP16,none
,,,,,,,,,,,,0.057360000908374786,0.18848100304603577,0.07555439956486225,0.06330100074410439,0.033111099678237804,20,0.055319998413324356,0.16420100629329681,0.06169609986245632,0.05581999942660332,0.023553325331191092,20,0.027720000594854355,0.11076100170612335,0.05774005018174648,0.05461999960243702,0.018216325739754152,20,,,,,,,0.09848000109195709,0.15608100593090057,0.10924025103449822,0.10494000092148781,0.014599177377504474,20,0.010160000063478947,0.013319999910891056,0.01058000004850328,0.010320000350475311,0.0008092959626792662,20,0.060839999467134476,0.12132100015878677,0.0666644498705864,0.06148049980401993,0.014903269091729487,20,32,32,4096,11008,32768,True,False,False,1024,2,4096,11008,generic,generic,,,CUDA_EVENT,FP16,none
,,,,,,,,,,,,0.06599999964237213,0.15043999254703522,0.07618425004184246,0.0674005001783371,0.02057779786339263,20,0.06943999975919724,0.2035609930753708,0.08809035010635853,0.07918000221252441,0.030197186352671893,20,0.039400000125169754,0.09752099961042404,0.048804199881851675,0.04382050037384033,0.01567694065187388,20,,,,,,,0.06063999980688095,0.11504100263118744,0.06747014988213777,0.06266050040721893,0.014831785504546006,20,0.006240000016987324,0.017480000853538513,0.00732804995495826,0.006319999927654862,0.0027050493893401367,20,0.03903999924659729,0.10379999876022339,0.047932200320065024,0.04202049970626831,0.016952816289648783,20,32,32,4096,11008,32768,True,False,False,232,2,4096,11008,generic,generic,,,CUDA_EVENT,FP16,none
,,,,,,,,,,,,0.05503999814391136,0.1255210041999817,0.06112819965928793,0.05676000006496906,0.015104729569588629,20,0.0655599981546402,0.08579999953508377,0.07555820047855377,0.07544000074267387,0.004138407261019453,20,0.025599999353289604,0.03175999969244003,0.027088150009512903,0.026739999651908875,0.0014236100544081118,20,,,,,,,0.04603999853134155,0.05668000131845474,0.04815615005791187,0.047580501064658165,0.0021866282408832395,20,0.0061599998734891415,0.009599999524652958,0.006499999994412064,0.006240000016987324,0.0008005496863964401,20,0.03444100171327591,0.04188000038266182,0.038120150379836557,0.03806000016629696,0.001242676004847588,20,32,32,4096,11008,32768,True,False,False,16,2,4096,11008,generic,generic,,,CUDA_EVENT,FP16,none
,,,,,,,,,,,,0.05688000097870827,0.20320099592208862,0.07277009934186936,0.05790000036358833,0.03854890362258378,20,0.0559610016644001,0.1958409994840622,0.06488234996795654,0.05682099983096123,0.03014078590651805,20,0.02855999954044819,0.09912099689245224,0.04485414996743202,0.03677999973297119,0.019126825122885424,20,,,,,,,0.08816000074148178,0.15807999670505524,0.10847845003008842,0.10402049869298935,0.016722151150880715,20,0.010280000045895576,0.010599999688565731,0.010486000077798962,0.010520000010728836,9.05758627707038e-05,20,0.08219999819993973,0.1321599930524826,0.08903010003268719,0.08524050191044807,0.012690690402123311,20,32,32,4096,11008,32768,True,False,False,960,2,4096,11008,generic,generic,,,CUDA_EVENT,FP16,none
,,,,,,,,,,,,0.06995999813079834,0.16927999258041382,0.08519624918699265,0.07349999994039536,0.029252077402599944,20,0.06576000154018402,0.19364100694656372,0.08578220084309578,0.07514050230383873,0.03345831070343543,20,0.03604000061750412,0.11128100007772446,0.04885219968855381,0.042899999767541885,0.019833458975456526,20,,,,,,,0.05355999991297722,0.11496099829673767,0.06091220006346702,0.05746000073850155,0.012769228828144212,20,0.0061599998734891415,0.012559999711811543,0.0070639999583363535,0.0063599999994039536,0.0014705318103883885,20,0.03736000135540962,0.07440000027418137,0.044524199701845645,0.041960498318076134,0.00795067609562653,20,32,32,4096,11008,32768,True,False,False,168,2,4096,11008,generic,generic,,,CUDA_EVENT,FP16,none
,,,,,,,,,,,,0.055560000240802765,0.17368100583553314,0.07641255054622889,0.06412100046873093,0.03271034076290215,20,0.05451999977231026,0.1642799973487854,0.06288999989628792,0.05561999976634979,0.024223270434788214,20,0.042160000652074814,0.11740099638700485,0.060302249155938625,0.054800499230623245,0.01740723760341687,20,,,,,,,0.09759999811649323,0.16756099462509155,0.10645014867186546,0.10108000040054321,0.016842491159105924,20,0.009840000420808792,0.01348000019788742,0.010318000055849551,0.010180000215768814,0.0007390237089669083,20,0.060520000755786896,0.13743999600410461,0.06839839983731508,0.06178000010550022,0.020513608471588864,20,32,32,4096,11008,32768,True,False,False,896,2,4096,11008,generic,generic,,,CUDA_EVENT,FP16,none
,,,,,,,,,,,,0.06932000070810318,0.20684100687503815,0.08257834985852242,0.0712600015103817,0.033562004819795585,20,0.06920000165700912,0.1878799945116043,0.08639019913971424,0.08120100200176239,0.023913134389035254,20,0.039400000125169754,0.11715999990701675,0.04819614998996258,0.04165999963879585,0.01840629669827171,20,,,,,,,0.05923999845981598,0.10576000064611435,0.06542810015380382,0.06138000078499317,0.012345131658974093,20,0.0060800001956522465,0.03207999840378761,0.00769599995110184,0.0061599998734891415,0.0056537332951158425,20,0.034040000289678574,0.11351999640464783,0.04452609959989786,0.038839999586343765,0.017954960684884863,20,32,32,4096,11008,32768,True,False,False,104,2,4096,11008,generic,generic,,,CUDA_EVENT,FP16,none
,,,,,,,,,,,,0.06871999800205231,0.17735999822616577,0.0963663000613451,0.08424049988389015,0.02880740687966397,20,0.055080000311136246,0.17688100039958954,0.06862024981528521,0.05608049966394901,0.03592989906173144,20,0.054281000047922134,0.13075999915599823,0.06272414978593588,0.05577999912202358,0.020617535077891276,20,,,,,,,0.09567999839782715,0.15192000567913055,0.10511229932308197,0.10260000079870224,0.01110947150730951,20,0.009879999794065952,0.013159999623894691,0.010186000121757388,0.010040000081062317,0.000688682689345215,20,0.05079999938607216,0.11900100111961365,0.055192199721932414,0.051579998806118965,0.014679557369909847,20,32,32,4096,11008,32768,True,False,False,832,2,4096,11008,generic,generic,,,CUDA_EVENT,FP16,none
,,,,,,,,,,,,0.0597199983894825,0.17312100529670715,0.07578829973936081,0.0631599985063076,0.03129642739964673,20,0.07556000351905823,0.2027599960565567,0.09878225028514862,0.08862100169062614,0.03317116192263593,20,0.035840000957250595,0.11560100317001343,0.04753415007144213,0.0415400005877018,0.018974002779769447,20,,,,,,,0.04447999969124794,0.10143999755382538,0.04843409974128008,0.04528000019490719,0.012237568928104662,20,0.0060800001956522465,0.025640999898314476,0.007222100091166794,0.006200000178068876,0.004231726749719201,20,0.04472000151872635,0.10236000269651413,0.04947620015591383,0.04633999988436699,0.012219272109941904,20,32,32,4096,11008,32768,True,False,False,40,2,4096,11008,generic,generic,,,CUDA_EVENT,FP16,none
,,,,,,,,,,,,0.04780000075697899,0.16724099218845367,0.07052214983850717,0.058800000697374344,0.03147782475216602,20,0.05104000121355057,0.16076000034809113,0.06414014995098113,0.055800000205636024,0.025406635385029897,20,0.0485600009560585,0.10347999632358551,0.054914099723100664,0.050780000165104866,0.013122131392613381,20,,,,,,,0.08839999884366989,0.1372399926185608,0.0937104992568493,0.08936049789190292,0.012665815352578075,20,0.00887999963015318,0.01408000010997057,0.00928799994289875,0.008999999612569809,0.0011115107332187676,20,0.07128000259399414,0.13264100253582,0.08021204955875874,0.07397999987006187,0.017037867107693384,20,32,32,4096,11008,32768,True,False,False,768,2,4096,11008,generic,generic,,,CUDA_EVENT,FP16,none
,,,,,,,,,,,,0.07248000055551529,0.18583999574184418,0.0973562490195036,0.08859999850392342,0.027098133423931227,20,0.05119999870657921,0.17555999755859375,0.06733624953776599,0.05623999983072281,0.033979320583215004,20,0.04816000163555145,0.12355999648571014,0.05770414993166924,0.050699999555945396,0.018773384747997612,20,,,,,,,0.09036000072956085,0.127360001206398,0.09729824960231781,0.0945805013179779,0.007711418197793719,20,0.008840000256896019,0.009639999829232693,0.009092049859464168,0.008999999612569809,0.00021986086109846787,20,0.045559998601675034,0.11708000302314758,0.05043005011975765,0.046480000019073486,0.015337640648671607,20,32,32,4096,11008,32768,True,False,False,704,2,4096,11008,generic,generic,,,CUDA_EVENT,FP16,none
,,,,,,,,,,,,0.04831999912858009,0.18952099978923798,0.07323214951902628,0.06194000132381916,0.03403926997496082,20,0.052719999104738235,0.15432000160217285,0.06585445012897254,0.05970050022006035,0.021560383873693634,20,0.04583999887108803,0.11092100292444229,0.05484405029565096,0.049300000071525574,0.017309036503522633,20,,,,,,,0.1069599986076355,0.1892399936914444,0.11585249938070774,0.1104004979133606,0.018653272781700793,20,0.008999999612569809,0.011640000157058239,0.009354049852117897,0.009120499715209007,0.0005981477464912534,20,0.049720000475645065,0.12676000595092773,0.058602049760520455,0.05095999874174595,0.0226573564574081,20,32,32,4096,11008,32768,True,False,False,640,2,4096,11008,generic,generic,,,CUDA_EVENT,FP16,none
,,,,,,,,,,,,0.059721000492572784,0.14976100623607635,0.07862245067954063,0.0707005001604557,0.024009458866962596,20,0.05104000121355057,0.15411999821662903,0.06915599908679723,0.0614400003105402,0.02312906647443346,20,0.04839999973773956,0.10248100012540817,0.05598039980977774,0.050460999831557274,0.015292700952328223,20,,,,,,,0.08620099723339081,0.12612000107765198,0.09197414964437485,0.0885000005364418,0.010310976418980619,20,0.00863999966531992,0.011119999922811985,0.009020149847492576,0.008880000095814466,0.000521146932470892,20,0.057440001517534256,0.15720100700855255,0.06778820026665926,0.05881999991834164,0.026310897406245613,20,32,32,4096,11008,32768,True,False,False,576,2,4096,11008,generic,generic,,,CUDA_EVENT,FP16,none
,,,,,,,,,,,,0.07468000054359436,0.15852099657058716,0.08584854975342751,0.07685999944806099,0.022102342142598333,20,0.055640000849962234,0.1703999936580658,0.07474799938499928,0.06780000030994415,0.024634417033736953,20,0.04447999969124794,0.11123999953269958,0.052054399624466896,0.046520499512553215,0.01688256086215342,20,,,,,,,0.0759200006723404,0.1461610049009323,0.08350009992718696,0.07752000167965889,0.018182225970275766,20,0.007639999967068434,0.008559999987483025,0.008014000044204295,0.007980000227689743,0.00019688577536046338,20,0.0413610003888607,0.14316099882125854,0.050662399642169474,0.0423399992287159,0.025376815131567622,20,32,32,4096,11008,32768,True,False,False,512,2,4096,11008,generic,generic,,,CUDA_EVENT,FP16,none
,,,,,,,,,,,,0.07372000068426132,0.1942799985408783,0.08785010054707527,0.07510000094771385,0.03170645602220597,20,0.06132100149989128,0.19276100397109985,0.08191629964858294,0.07065999880433083,0.034596795966700504,20,0.044039998203516006,0.09964100271463394,0.051042149774730206,0.0461800005286932,0.014564566227850417,20,,,,,,,0.0732399970293045,0.13928000628948212,0.08092229925096035,0.07759999856352806,0.013593822685246507,20,0.007400000002235174,0.010040000081062317,0.0076780000003054735,0.0074800001457333565,0.0005744528260484852,20,0.03336000069975853,0.11260099709033966,0.037774049676954746,0.03366000019013882,0.017173351047792006,20,32,32,4096,11008,32768,True,False,False,448,2,4096,11008,generic,generic,,,CUDA_EVENT,FP16,none
,,,,,,,,,,,,0.06812000274658203,0.15955999493598938,0.08008240014314652,0.07094049826264381,0.023366942058872287,20,0.060120999813079834,0.19004100561141968,0.08154610022902489,0.07344000041484833,0.027845086103048332,20,0.041999999433755875,0.10735999792814255,0.051484249718487266,0.045560501515865326,0.017566462579049875,20,,,,,,,0.06120000034570694,0.10611999779939651,0.07065399996936321,0.0667399987578392,0.011810640933259129,20,0.007360000163316727,0.009720000438392162,0.007757999980822205,0.0075599998235702515,0.0006036522276312129,20,0.04092099890112877,0.12387999892234802,0.049180299416184424,0.04156000167131424,0.02248513684225129,20,32,32,4096,11008,32768,True,False,False,384,2,4096,11008,generic,generic,,,CUDA_EVENT,FP16,none
,,,,,,,,,,,,0.06644099950790405,0.14963999390602112,0.07653439864516258,0.06906050071120262,0.01959651306125966,20,0.06267999857664108,0.17680099606513977,0.08291210010647773,0.0753600001335144,0.02497259984810282,20,0.04208099842071533,0.09591999650001526,0.04857409987598658,0.043640000745654106,0.014552345392876712,20,,,,,,,0.0634400025010109,0.11856099963188171,0.07090810053050518,0.06639999896287918,0.014537092771233676,20,0.007199999876320362,0.010759999975562096,0.007768099964596331,0.007439999841153622,0.0008900530796910652,20,0.039480000734329224,0.11856000125408173,0.047458100318908694,0.04002000018954277,0.020820908189535806,20,32,32,4096,11008,32768,True,False,False,320,2,4096,11008,generic,generic,,,CUDA_EVENT,FP16,none
,,,,,,,,,,,,0.06372000277042389,0.14008000493049622,0.07479240074753761,0.06684000045061111,0.020110989848124063,20,0.06728000193834305,0.1958010047674179,0.08532009981572627,0.07727999985218048,0.027502097969465282,20,0.03928099945187569,0.10680100321769714,0.04802640005946159,0.04229999892413616,0.01699629420196266,20,,,,,,,0.05875999853014946,0.10347999632358551,0.06551204938441516,0.06128000095486641,0.012433277978756459,20,0.006279999855905771,0.01583999954164028,0.0074759999755769965,0.0064199999906122684,0.002389105204636729,20,0.025679999962449074,0.10159999877214432,0.03675424940884113,0.030680499970912933,0.0178262578807098,20,32,32,4096,11008,32768,True,False,False,256,2,4096,11008,generic,generic,,,CUDA_EVENT,FP16,none
,,,,,,,,,,,,0.06892000138759613,0.15620100498199463,0.08141614943742752,0.07087999954819679,0.024852335971022016,20,0.0629199966788292,0.17475999891757965,0.07998209968209266,0.07312000170350075,0.024725214539997733,20,0.035760000348091125,0.1042800024151802,0.047244049981236456,0.041179999709129333,0.018701196605938917,20,,,,,,,0.054200999438762665,0.13019999861717224,0.06245015002787113,0.05658000148832798,0.01880675262696956,20,0.0061599998734891415,0.02656099945306778,0.00831009994726628,0.006279999855905771,0.005857028951230491,20,0.030719999223947525,0.12008000165224075,0.041778049990534784,0.034299999475479126,0.021883082881541956,20,32,32,4096,11008,32768,True,False,False,192,2,4096,11008,generic,generic,,,CUDA_EVENT,FP16,none
,,,,,,,,,,,,0.06188099831342697,0.18888099491596222,0.0794762996956706,0.06467999890446663,0.03548469058693733,20,0.07079999893903732,0.2054399996995926,0.09406830035150052,0.08286000043153763,0.03573743957898367,20,0.03872000053524971,0.09375999867916107,0.04450219944119453,0.040420498698949814,0.012400790867352964,20,,,,,,,0.05159999802708626,0.09824100136756897,0.056214299984276295,0.05391999892890453,0.009795649007348018,20,0.006120000034570694,0.03207999840378761,0.007519999914802611,0.006240000016987324,0.005634720587149958,20,0.036479998379945755,0.1167600005865097,0.04355209991335869,0.03903999924659729,0.016984170448205667,20,32,32,4096,11008,32768,True,False,False,128,2,4096,11008,generic,generic,,,CUDA_EVENT,FP16,none
,,,,,,,,,,,,0.0559999980032444,0.15396100282669067,0.07041209936141968,0.05979999899864197,0.025613871874770475,20,0.07184100151062012,0.158720001578331,0.09017239958047867,0.08407999947667122,0.021515664499936176,20,0.03708000108599663,0.11560100317001343,0.04548809994012117,0.03906000033020973,0.020071255037747808,20,,,,,,,0.04399999976158142,0.0849199965596199,0.04971430003643036,0.04595999978482723,0.01026713833260842,20,0.006240000016987324,0.030719999223947525,0.00873605003580451,0.006540499860420823,0.006105236573236865,20,0.04236000031232834,0.10599999874830246,0.052358100190758705,0.04805999994277954,0.014239657272263333,20,32,32,4096,11008,32768,True,False,False,64,2,4096,11008,generic,generic,,,CUDA_EVENT,FP16,none
,,,,,,,,,,,,0.03392000123858452,0.07868099957704544,0.04182220008224249,0.03653999976813793,0.012247211723238264,20,0.06272000074386597,0.14876000583171844,0.07989824935793877,0.07020099833607674,0.02404419759754658,20,0.0188400000333786,0.052719999104738235,0.02361199986189604,0.02039999980479479,0.008257816463950334,20,,,,,,,0.029360000044107437,0.05291999876499176,0.033032099809497596,0.03164000064134598,0.00492453033781941,20,0.006120000034570694,0.0350399985909462,0.008086049952544272,0.006240000016987324,0.006385057813036941,20,0.020479999482631683,0.033959999680519104,0.023329999949783086,0.022140000015497208,0.0032019963241030538,20,32,32,4096,11008,32768,True,False,False,4,2,4096,11008,generic,generic,,,CUDA_EVENT,FP16,none
,,,,,,,,,,,,0.08060099929571152,0.14452099800109863,0.08472224995493889,0.0813400000333786,0.013740233013363605,20,0.063400998711586,0.07100100070238113,0.06592235043644905,0.06564050167798996,0.0018176792606037053,20,0.03452000021934509,0.06571999937295914,0.03636614959686994,0.03481999970972538,0.00673873947183685,20,,,,,,,0.1637209951877594,0.17184099555015564,0.16528039947152137,0.16474000364542007,0.001768975939208484,20,0.016599999740719795,0.019279999658465385,0.01717209992930293,0.017079999670386314,0.0005995712039317447,20,0.055319998413324356,0.059801001101732254,0.05667824950069189,0.05647999979555607,0.0010779357622651726,20,32,32,4096,11008,32768,True,False,False,4096,4,4096,11008,generic,generic,,,CUDA_EVENT,FP16,none
,,,,,,,,,,,,0.08867999911308289,0.15616099536418915,0.09338415004312992,0.08977999910712242,0.014461419537766793,20,0.061639998108148575,0.07019999623298645,0.06477799955755473,0.06397999823093414,0.0024281835621770866,20,0.035760000348091125,0.05592000111937523,0.037488000094890596,0.036400001496076584,0.00429029818872022,20,,,,,,,0.15452100336551666,0.16044099628925323,0.15561299920082092,0.15530099719762802,0.001278567190210681,20,0.016119999811053276,0.020360000431537628,0.016758000012487173,0.016460000537335873,0.000913759280921388,20,0.06588000059127808,0.07231999933719635,0.0678360003978014,0.0674000009894371,0.0016829445397404878,20,32,32,4096,11008,32768,True,False,False,3840,4,4096,11008,generic,generic,,,CUDA_EVENT,FP16,none
,,,,,,,,,,,,0.07711999863386154,0.1339610069990158,0.08103225082159042,0.07792050018906593,0.012199921135209615,20,0.05747999995946884,0.066600002348423,0.06057020053267479,0.0602205004543066,0.0022712295060610408,20,0.032760001718997955,0.0530799999833107,0.0343841502442956,0.03337999992072582,0.004316888264015188,20,,,,,,,0.1459600031375885,0.15268099308013916,0.1470804989337921,0.14682050049304962,0.001335997146488182,20,0.015041000209748745,0.01624000072479248,0.01556205004453659,0.015479999594390392,0.0002837321973460542,20,0.05243999883532524,0.05996000021696091,0.05586214940994978,0.055719999596476555,0.0027328266225341057,20,32,32,4096,11008,32768,True,False,False,3584,4,4096,11008,generic,generic,,,CUDA_EVENT,FP16,none
,,,,,,,,,,,,0.07667999714612961,0.14791999757289886,0.08186620064079761,0.07812100276350975,0.015196641169510727,20,0.05739999935030937,0.06548000127077103,0.06058014985173941,0.06042050011456013,0.0018034099087845693,20,0.032680999487638474,0.05316000059247017,0.034716049954295156,0.03349999897181988,0.004330739206820126,20,,,,,,,0.1422799974679947,0.15112100541591644,0.14376450031995774,0.1432804986834526,0.0018189139690265213,20,0.014759999699890614,0.017559999600052834,0.015247999923303723,0.01513999979943037,0.0005968717780553005,20,0.061039999127388,0.06691999733448029,0.06299419943243265,0.06264049932360649,0.0013404604551439006,20,32,32,4096,11008,32768,True,False,False,3328,4,4096,11008,generic,generic,,,CUDA_EVENT,FP16,none
,,,,,,,,,,,,0.06780000030994415,0.12676100432872772,0.07154824957251549,0.06868049874901772,0.012679578913693656,20,0.0559610016644001,0.06256099790334702,0.05726425014436245,0.0568000003695488,0.0013791628625078086,20,0.028039999306201935,0.05700000002980232,0.030032050143927336,0.028479999862611294,0.006237690661089084,20,,,,,,,0.1289609968662262,0.14360100030899048,0.13088044971227647,0.12984000146389008,0.003285322761752236,20,0.013679999858140945,0.01488099992275238,0.014260050049051643,0.0142000000923872,0.000312125137627832,20,0.04611999914050102,0.05299999937415123,0.04921609982848167,0.04934000037610531,0.0020304714517608907,20,32,32,4096,11008,32768,True,False,False,3072,4,4096,11008,generic,generic,,,CUDA_EVENT,FP16,none
,,,,,,,,,,,,0.06608100235462189,0.13096100091934204,0.07030229978263378,0.06675999984145164,0.013963980974589174,20,0.05400000140070915,0.059960998594760895,0.05525219980627298,0.05470000021159649,0.0014151571369080721,20,0.028999999165534973,0.0575999990105629,0.03150204988196492,0.029820499941706657,0.006108648249446955,20,,,,,,,0.11008100211620331,0.12396100163459778,0.11162840090692043,0.110920000821352,0.0029120450118883734,20,0.012760000303387642,0.01396000012755394,0.013242099992930889,0.013240000233054161,0.0002285249910380496,20,0.05212000012397766,0.05703999847173691,0.05394814945757389,0.05357999913394451,0.0013832107687645123,20,32,32,4096,11008,32768,True,False,False,2816,4,4096,11008,generic,generic,,,CUDA_EVENT,FP16,none
,,,,,,,,,,,,0.07980100065469742,0.16140100359916687,0.08460230045020581,0.08047999814152718,0.017628704598377322,20,0.06459999829530716,0.07107999920845032,0.06676199957728386,0.06617999821901321,0.0017507239875859122,20,0.03412000089883804,0.05795999988913536,0.03645999990403652,0.03490000031888485,0.005168373076412219,20,,,,,,,0.1672009974718094,0.1852409988641739,0.1717989981174469,0.17024099826812744,0.004524573361644061,20,0.01844000071287155,0.021080000326037407,0.019198000058531763,0.019039999693632126,0.0005934948508519979,20,0.056040000170469284,0.06356000155210495,0.05768799968063831,0.05722000077366829,0.0016668823814386083,20,32,32,4096,11008,32768,True,False,False,3968,4,4096,11008,generic,generic,,,CUDA_EVENT,FP16,none
,,,,,,,,,,,,0.05928099900484085,0.16276100277900696,0.06837234999984503,0.05956000089645386,0.026571744605979816,20,0.05375999957323074,0.07891999930143356,0.05686809942126274,0.054220499470829964,0.00615143056004172,20,0.026240000501275063,0.0894009992480278,0.035392149724066256,0.027040000073611736,0.015568341956686098,20,,,,,,,0.10244099795818329,0.15943999588489532,0.11518644914031029,0.1141204982995987,0.012229011543961275,20,0.012199999764561653,0.014240000396966934,0.012468000128865241,0.012380000203847885,0.00041877923651910436,20,0.042601000517606735,0.05116000026464462,0.04378019981086254,0.04344000108540058,0.0017733021089498646,20,32,32,4096,11008,32768,True,False,False,2560,4,4096,11008,generic,generic,,,CUDA_EVENT,FP16,none
,,,,,,,,,,,,0.0891600027680397,0.1706800013780594,0.09506814926862717,0.09084000065922737,0.017402140520626726,20,0.06400100141763687,0.0724399983882904,0.06698429994285107,0.06599999964237213,0.0022823529591219005,20,0.03519999980926514,0.05172000080347061,0.03669410012662411,0.035640500485897064,0.0035204047968218845,20,,,,,,,0.14900000393390656,0.1544799953699112,0.15065634921193122,0.150239996612072,0.0014158668489803903,20,0.01568000018596649,0.020759999752044678,0.016606049984693526,0.016300000250339508,0.0010660540298622235,20,0.06407999992370605,0.06871999800205231,0.06536625027656555,0.06503999978303909,0.0011566475475772128,20,32,32,4096,11008,32768,True,False,False,3712,4,4096,11008,generic,generic,,,CUDA_EVENT,FP16,none
,,,,,,,,,,,,0.06191999837756157,0.15904100239276886,0.07135814949870109,0.06269999966025352,0.025091102814533195,20,0.056120000779628754,0.09228000044822693,0.059316300041973594,0.05720049887895584,0.007705350268464124,20,0.02555999904870987,0.10528100281953812,0.035712099820375445,0.02599999960511923,0.01870720907520911,20,,,,,,,0.09672100096940994,0.14528000354766846,0.10971240028738975,0.11010000109672546,0.010167497882034237,20,0.01155999954789877,0.012160000391304493,0.011849999940022827,0.011839999817311764,0.00014959964253349436,20,0.044999998062849045,0.06520099937915802,0.04705810006707907,0.04602000117301941,0.00429706314616099,20,32,32,4096,11008,32768,True,False,False,2304,4,4096,11008,generic,generic,,,CUDA_EVENT,FP16,none
,,,,,,,,,,,,0.07851999998092651,0.13592000305652618,0.08194620013237,0.07910000160336494,0.012391876661472737,20,0.05875999853014946,0.06787999719381332,0.06186014991253615,0.06168000027537346,0.001864765220866018,20,0.031640999019145966,0.063120998442173,0.034686199761927126,0.03305999934673309,0.006622662125042577,20,,,,,,,0.13991999626159668,0.14820000529289246,0.1423304483294487,0.14176049828529358,0.0020499128509846717,20,0.015080000273883343,0.01592000015079975,0.015400049975141883,0.015359999611973763,0.00022623905904184597,20,0.05260000005364418,0.05771999806165695,0.054150099866092205,0.053900500759482384,0.0011764255050790951,20,32,32,4096,11008,32768,True,False,False,3456,4,4096,11008,generic,generic,,,CUDA_EVENT,FP16,none
,,,,,,,,,,,,0.07927999645471573,0.184920996427536,0.08532004952430725,0.08008000254631042,0.02285256763274263,20,0.06227999925613403,0.07100000232458115,0.06603199951350688,0.06620000302791595,0.002094511505131501,20,0.03420000150799751,0.0681999996304512,0.03654599972069263,0.03483999893069267,0.0072841227018190695,20,,,,,,,0.1671610027551651,0.18660099804401398,0.17076699957251548,0.1701809987425804,0.003963337149356533,20,0.018479999154806137,0.021479999646544456,0.01924399957060814,0.018959999084472656,0.0008553735212364319,20,0.05640000104904175,0.05948000028729439,0.0576299998909235,0.05753999948501587,0.0008385578825400792,20,32,32,4096,11008,32768,True,False,False,3904,4,4096,11008,generic,generic,,,CUDA_EVENT,FP16,none
,,,,,,,,,,,,0.053679998964071274,0.14972099661827087,0.06774029955267906,0.05893999896943569,0.024608050676967936,20,0.05559999868273735,0.07355999946594238,0.058468150161206725,0.056420501321554184,0.004561095313628315,20,0.047279998660087585,0.10012099891901016,0.05222029946744442,0.04936099983751774,0.011093514223743996,20,,,,,,,0.09415999799966812,0.14552000164985657,0.10471415035426616,0.10339999943971634,0.00959714639524484,20,0.01092000026255846,0.01732099987566471,0.01171415001153946,0.011140000075101852,0.0017382296182476384,20,0.036959998309612274,0.07812099903821945,0.0396120997145772,0.037459999322891235,0.008844686242420411,20,32,32,4096,11008,32768,True,False,False,2048,4,4096,11008,generic,generic,,,CUDA_EVENT,FP16,none
,,,,,,,,,,,,0.07128000259399414,0.13116000592708588,0.07484024986624718,0.07176049798727036,0.012928941193592957,20,0.057840000838041306,0.06532000005245209,0.06086424980312586,0.06090099923312664,0.0014601422901929762,20,0.03412000089883804,0.06791999936103821,0.03642600011080503,0.034539999440312386,0.007253868067947713,20,,,,,,,0.13079999387264252,0.14388099312782288,0.13288634940981864,0.13238050043582916,0.0027518937877933866,20,0.014041000045835972,0.015401000156998634,0.01456410000100732,0.014560000039637089,0.0003888640651486171,20,0.06092099845409393,0.06599999964237213,0.06201014965772629,0.06180000118911266,0.001028342858100396,20,32,32,4096,11008,32768,True,False,False,3200,4,4096,11008,generic,generic,,,CUDA_EVENT,FP16,none
,,,,,,,,,,,,0.08364000171422958,0.15564000606536865,0.08844429962337017,0.0843999981880188,0.015489358922057557,20,0.05923999845981598,0.06740099936723709,0.06263025030493737,0.06240000016987324,0.0018343067161551833,20,0.04343999922275543,0.07412099838256836,0.045564099587500094,0.043859999626874924,0.006604840635129547,20,,,,,,,0.14668099582195282,0.1510010063648224,0.14790249913930892,0.14748000353574753,0.001101097341404155,20,0.015879999846220016,0.016279999166727066,0.016084050107747317,0.01607999950647354,0.00012194939597616159,20,0.06624099612236023,0.07091999799013138,0.06794424951076508,0.06770000234246254,0.0011303214137508898,20,32,32,4096,11008,32768,True,False,False,3648,4,4096,11008,generic,generic,,,CUDA_EVENT,FP16,none
,,,,,,,,,,,,0.05172000080347061,0.15304000675678253,0.07317635007202625,0.06678050011396408,0.023139887634909005,20,0.055720001459121704,0.08008100092411041,0.05918414983898401,0.056460000574588776,0.006740531611818359,20,0.047120001167058945,0.09192000329494476,0.05122625008225441,0.04863999970257282,0.009477488732303361,20,,,,,,,0.09707999974489212,0.12740099430084229,0.10025219917297364,0.09877999871969223,0.006352294782675931,20,0.01056000031530857,0.01140000019222498,0.01078400001861155,0.01071999967098236,0.0001821647754775529,20,0.036761000752449036,0.06988000124692917,0.03878025040030479,0.03706050105392933,0.007143020162866725,20,32,32,4096,11008,32768,True,False,False,1920,4,4096,11008,generic,generic,,,CUDA_EVENT,FP16,none
,,,,,,,,,,,,0.06799999624490738,0.1374409943819046,0.07194024883210659,0.06855999678373337,0.015029666110799738,20,0.055640000849962234,0.06335999816656113,0.05766214970499277,0.057259999215602875,0.00198263460414812,20,0.027480999007821083,0.0589199997484684,0.029690149892121553,0.028080499731004238,0.006717278670564468,20,,,,,,,0.12280099838972092,0.13736000657081604,0.12462635003030301,0.12407999858260155,0.0029811431196046143,20,0.013319999910891056,0.018200000748038292,0.013816099939867854,0.01363999955356121,0.0010158116326355183,20,0.04360099881887436,0.05159999802708626,0.045618099719285966,0.04529999941587448,0.0017165650908669966,20,32,32,4096,11008,32768,True,False,False,2944,4,4096,11008,generic,generic,,,CUDA_EVENT,FP16,none
,,,,,,,,,,,,0.050280001014471054,0.14708100259304047,0.07561834938824177,0.06928050145506859,0.022038617912129292,20,0.055160000920295715,0.09508000314235687,0.060172099806368354,0.0562404990196228,0.009828833850455918,20,0.04588000103831291,0.08540099859237671,0.04938424974679947,0.04729999974370003,0.00836421331686591,20,,,,,,,0.09684000164270401,0.12992000579833984,0.09986030012369156,0.09795999899506569,0.0070740324440663575,20,0.010320000350475311,0.011799999512732029,0.010682049999013543,0.01056000031530857,0.0003316319897502357,20,0.03447999805212021,0.07472000271081924,0.037422099895775315,0.03538000024855137,0.008574555575226692,20,32,32,4096,11008,32768,True,False,False,1792,4,4096,11008,generic,generic,,,CUDA_EVENT,FP16,none
,,,,,,,,,,,,0.07884000241756439,0.1634799987077713,0.0839542005211115,0.0793600007891655,0.01829413667057366,20,0.05792099982500076,0.06576099991798401,0.06097819972783327,0.06126049906015396,0.0016885167327105857,20,0.03099999949336052,0.06372000277042389,0.03354004984721541,0.03167999908328056,0.006993259234926367,20,,,,,,,0.14232000708580017,0.15520000457763672,0.14561839997768403,0.1454005017876625,0.0025956568411411906,20,0.014800000004470348,0.018559999763965607,0.01541605000384152,0.015080000273883343,0.0009544287592164924,20,0.05216100066900253,0.05700099840760231,0.05332220010459423,0.053180499002337456,0.0009789252374030686,20,32,32,4096,11008,32768,True,False,False,3392,4,4096,11008,generic,generic,,,CUDA_EVENT,FP16,none
,,,,,,,,,,,,0.062119998037815094,0.1756809949874878,0.07196419946849346,0.0633000023663044,0.02697632126638767,20,0.053881000727415085,0.1491200029850006,0.05967020057141781,0.054500000551342964,0.020564363113169646,20,0.02579999901354313,0.06308099627494812,0.030576149746775628,0.026440000161528587,0.01014883345115898,20,,,,,,,0.10623999685049057,0.12836000323295593,0.11126839928328991,0.10750100016593933,0.006778455132915835,20,0.012559999711811543,0.014399999752640724,0.013031999953091145,0.012839999981224537,0.0005460549577889213,20,0.04163999855518341,0.04816000163555145,0.04289404954761267,0.042479999363422394,0.0013922615556275061,20,32,32,4096,11008,32768,True,False,False,2688,4,4096,11008,generic,generic,,,CUDA_EVENT,FP16,none
,,,,,,,,,,,,0.04792099818587303,0.15480099618434906,0.0713701494038105,0.060180000960826874,0.031192212012388768,20,0.05471999943256378,0.1109199970960617,0.06107814982533455,0.05686049908399582,0.0129101326707453,20,0.04732000082731247,0.08488000184297562,0.05154810007661581,0.04934050142765045,0.00776734030560004,20,,,,,,,0.08991999924182892,0.1401599943637848,0.10026834830641747,0.09849999845027924,0.009417161988419858,20,0.010759999975562096,0.013679999858140945,0.011205999972298741,0.01095999963581562,0.0007156842771101366,20,0.04340000078082085,0.06599999964237213,0.04534609988331795,0.04416000097990036,0.004766835668091308,20,32,32,4096,11008,32768,True,False,False,1664,4,4096,11008,generic,generic,,,CUDA_EVENT,FP16,none
,,,,,,,,,,,,0.07040099799633026,0.1526000052690506,0.0753541998565197,0.07121999934315681,0.017727228403888573,20,0.05787999927997589,0.06936000287532806,0.06063619963824749,0.060599999502301216,0.0024198974111701247,20,0.028599999845027924,0.05772100016474724,0.03068809974938631,0.029279999434947968,0.006225255318932822,20,,,,,,,0.12939999997615814,0.14628000557422638,0.13111234977841377,0.13035999983549118,0.0035534560954353254,20,0.014560000039637089,0.016359999775886536,0.014948000060394406,0.014840000309050083,0.0004089204512791561,20,0.04944000020623207,0.05251999944448471,0.050172200053930284,0.04984000138938427,0.0007825771424638948,20,32,32,4096,11008,32768,True,False,False,3136,4,4096,11008,generic,generic,,,CUDA_EVENT,FP16,none
,,,,,,,,,,,,0.08004000037908554,0.14336000382900238,0.08886229991912842,0.08494000136852264,0.01563462477712862,20,0.05795999988913536,0.07395999878644943,0.0601360997185111,0.05910000018775463,0.0034189527982383264,20,0.02868100069463253,0.09619999676942825,0.034536149725317954,0.029059999622404575,0.015895919483298087,20,,,,,,,0.08708100020885468,0.13128100335597992,0.09187435023486615,0.08788049966096878,0.00996807094078642,20,0.013159999623894691,0.01775999926030636,0.01373399985022843,0.01351999957114458,0.0009662524159643723,20,0.05008000135421753,0.0623599998652935,0.05141610018908978,0.05088049918413162,0.002571644716467861,20,32,32,4096,11008,32768,True,False,False,2432,4,4096,11008,generic,generic,,,CUDA_EVENT,FP16,none
,,,,,,,,,,,,0.060520000755786896,0.14368000626564026,0.08073229938745499,0.07579999789595604,0.01775221244774342,20,0.05308099836111069,0.10004100203514099,0.061124150082468985,0.05723999999463558,0.012105316544952682,20,0.043960001319646835,0.07971999794244766,0.04756229966878891,0.045259999111294746,0.007571012173923004,20,,,,,,,0.08615999668836594,0.13152100145816803,0.09050024971365929,0.08828049898147583,0.009445548123055187,20,0.009639999829232693,0.014600000344216824,0.01009805011563003,0.009860000107437372,0.0010507456221787162,20,0.036559998989105225,0.07479999959468842,0.03904819991439581,0.03708000108599663,0.008213110239152166,20,32,32,4096,11008,32768,True,False,False,1536,4,4096,11008,generic,generic,,,CUDA_EVENT,FP16,none
,,,,,,,,,,,,0.08240000158548355,0.1512410044670105,0.08641630038619041,0.08282100036740303,0.014891161238897275,20,0.06260000169277191,0.06983999907970428,0.06609999984502793,0.06573999673128128,0.001962549061898047,20,0.03488000109791756,0.05384000018239021,0.03656600024551153,0.035099999979138374,0.004263412087814792,20,,,,,,,0.16776099801063538,0.18140099942684174,0.1722470000386238,0.17108100652694702,0.0037350497483080907,20,0.018799999728798866,0.022439999505877495,0.019935999903827904,0.01959999930113554,0.0009713824972354019,20,0.05728000029921532,0.06159999966621399,0.058765999600291254,0.05843999981880188,0.0012506813087766998,20,32,32,4096,11008,32768,True,False,False,4064,4,4096,11008,generic,generic,,,CUDA_EVENT,FP16,none
,,,,,,,,,,,,0.0644799992442131,0.14803999662399292,0.07276414968073368,0.06519999727606773,0.022721721344318803,20,0.0544000007212162,0.12268000096082687,0.05927415005862713,0.0551999993622303,0.014682864414798887,20,0.026799999177455902,0.14976100623607635,0.036646150145679714,0.027420000173151493,0.027333100597065566,20,,,,,,,0.12203999608755112,0.22520099580287933,0.1320583488792181,0.12502050399780273,0.02238203173665715,20,0.013439999893307686,0.014999999664723873,0.013902099896222353,0.013740499969571829,0.0003917495972071781,20,0.04376000165939331,0.06799999624490738,0.04577409960329533,0.04446049965918064,0.005166854545276911,20,32,32,4096,11008,32768,True,False,False,2880,4,4096,11008,generic,generic,,,CUDA_EVENT,FP16,none
,,,,,,,,,,,,0.07896000146865845,0.19576099514961243,0.09072009958326817,0.08210000023245811,0.027201700183948383,20,0.05567999929189682,0.088639996945858,0.05891229901462793,0.056561000645160675,0.007201214557463954,20,0.02524000033736229,0.0674000009894371,0.03132804986089468,0.025799999944865704,0.011385398387260342,20,,,,,,,0.08748000115156174,0.15063999593257904,0.10096444971859456,0.09648049995303154,0.014401328447925783,20,0.01128000020980835,0.011920000426471233,0.011479999916628004,0.011459999717772007,0.00016443842178568847,20,0.04163999855518341,0.06511999666690826,0.043677999265491964,0.04235999844968319,0.004958022808644441,20,32,32,4096,11008,32768,True,False,False,2176,4,4096,11008,generic,generic,,,CUDA_EVENT,FP16,none
,,,,,,,,,,,,0.060679998248815536,0.15172000229358673,0.08162225056439638,0.07733999937772751,0.01951301946454111,20,0.05183999985456467,0.09551999717950821,0.0619481498375535,0.05838000029325485,0.010946507952268376,20,0.04540099948644638,0.08048000186681747,0.04983019977807999,0.04812050051987171,0.007150362188426027,20,,,,,,,0.07887999713420868,0.11219999939203262,0.08669620007276535,0.08574000000953674,0.0062076470906341245,20,0.009359999559819698,0.013079999946057796,0.009964049933478237,0.009519999846816063,0.0010920492695768958,20,0.03748000040650368,0.1008400022983551,0.04130419958382845,0.03818049840629101,0.01366516841189579,20,32,32,4096,11008,32768,True,False,False,1408,4,4096,11008,generic,generic,,,CUDA_EVENT,FP16,none
,,,,,,,,,,,,0.09459999948740005,0.1533609926700592,0.09854604974389077,0.09538000077009201,0.01260666035498049,20,0.06176000088453293,0.06796000152826309,0.06433400027453899,0.06338000297546387,0.0017476047870882752,20,0.036240000277757645,0.048239998519420624,0.03801600020378828,0.036900000646710396,0.0028122698388485263,20,,,,,,,0.15187999606132507,0.15435999631881714,0.153142199665308,0.15318000316619873,0.0006282555533964925,20,0.01616000011563301,0.019360000267624855,0.016620000172406436,0.01640000008046627,0.0006883604141876208,20,0.06843999773263931,0.07608000189065933,0.0698279995471239,0.0692799985408783,0.00178150996373251,20,32,32,4096,11008,32768,True,False,False,3808,4,4096,11008,generic,generic,,,CUDA_EVENT,FP16,none
,,,,,,,,,,,,0.06292100250720978,0.17904099822044373,0.0749843493103981,0.06320049986243248,0.029963212297089,20,0.0538799986243248,0.2269199937582016,0.06398614924401044,0.05454050004482269,0.037440115581109684,20,0.029239999130368233,0.10924100130796432,0.042642150074243546,0.0338399987667799,0.02032605862813115,20,,,,,,,0.10076099634170532,0.18796099722385406,0.12142049893736839,0.11588099971413612,0.022607128096291226,20,0.013799999840557575,0.01875999942421913,0.015186049928888678,0.014380000066012144,0.0015560118798761027,20,0.05119999870657921,0.10796000063419342,0.05647404994815588,0.051899999380111694,0.014150937114141319,20,32,32,4096,11008,32768,True,False,False,2624,4,4096,11008,generic,generic,,,CUDA_EVENT,FP16,none
,,,,,,,,,,,,0.053599998354911804,0.164001002907753,0.06831035017967224,0.05752049945294857,0.02759593522451463,20,0.05648000165820122,0.09008000046014786,0.06003204993903637,0.05728000029921532,0.007422224323007021,20,0.035360001027584076,0.10020100325345993,0.05156405009329319,0.05143999867141247,0.012259633913292668,20,,,,,,,0.09812100231647491,0.15636000037193298,0.10986829996109009,0.10763999819755554,0.010967514307609085,20,0.0106800002977252,0.012799999676644802,0.010989999910816551,0.01083999965339899,0.0004623201628915445,20,0.03807999938726425,0.06396099925041199,0.04003235027194023,0.03862000070512295,0.005532268512462578,20,32,32,4096,11008,32768,True,False,False,1984,4,4096,11008,generic,generic,,,CUDA_EVENT,FP16,none
,,,,,,,,,,,,0.07927999645471573,0.1276399940252304,0.08857024908065796,0.08269999921321869,0.013973101575071584,20,0.05167999863624573,0.1106410026550293,0.061036149971187115,0.05504000000655651,0.015127853456561419,20,0.04224099963903427,0.08659999817609787,0.04652419984340668,0.04413999989628792,0.00936322191826312,20,,,,,,,0.07992000132799149,0.11587999761104584,0.08344419971108437,0.08197999745607376,0.007487921443869464,20,0.009720000438392162,0.01384000014513731,0.010108000179752708,0.009920000098645687,0.0008610783857960784,20,0.03084000013768673,0.07236000150442123,0.03337214989587665,0.03121999930590391,0.008953132363508847,20,32,32,4096,11008,32768,True,False,False,1280,4,4096,11008,generic,generic,,,CUDA_EVENT,FP16,none
,,,,,,,,,,,,0.07224100083112717,0.19972099363803864,0.08742219917476177,0.07561999931931496,0.032243123172720684,20,0.056561000645160675,0.16008000075817108,0.06338029950857163,0.058280499652028084,0.022220597367611148,20,0.02648100070655346,0.10807999968528748,0.04212614968419075,0.030719999223947525,0.024046777586278927,20,,,,,,,0.09688100218772888,0.17423999309539795,0.11507844924926758,0.11264050006866455,0.018586016206876957,20,0.013159999623894691,0.01664000004529953,0.013724049879238009,0.01351999957114458,0.0007280409611444839,20,0.04456000030040741,0.11672099679708481,0.05086409989744425,0.04540000110864639,0.017373616317110704,20,32,32,4096,11008,32768,True,False,False,2368,4,4096,11008,generic,generic,,,CUDA_EVENT,FP16,none
,,,,,,,,,,,,0.07919999957084656,0.1393209993839264,0.08276629932224751,0.07971999794244766,0.012986559380171082,20,0.05787999927997589,0.06560000032186508,0.060650200210511686,0.06031999923288822,0.002057951079724523,20,0.03179999813437462,0.04623999819159508,0.033308100141584876,0.03259999863803387,0.003011812009483653,20,,,,,,,0.14851999282836914,0.16600100696086884,0.15076444894075394,0.14958050101995468,0.003732624645246985,20,0.015359999611973763,0.02112000063061714,0.01605609995312989,0.01561999972909689,0.001258264427722804,20,0.05344000086188316,0.05883999913930893,0.055920150317251685,0.05585999973118305,0.0014630598336206997,20,32,32,4096,11008,32768,True,False,False,3552,4,4096,11008,generic,generic,,,CUDA_EVENT,FP16,none
,,,,,,,,,,,,0.0522800013422966,0.1549600064754486,0.06974604986608028,0.06286000087857246,0.023966519668584953,20,0.05636100098490715,0.08656000345945358,0.05984224993735552,0.0575999990105629,0.006447430912232581,20,0.04839999973773956,0.10007999837398529,0.055350099503993985,0.05325999855995178,0.010397068274047,20,,,,,,,0.09495999664068222,0.14416100084781647,0.1026224996894598,0.10054099932312965,0.009764149828251573,20,0.01056000031530857,0.013039999641478062,0.010920050041750073,0.0106800002977252,0.000654574667053615,20,0.03771999850869179,0.08088000118732452,0.04066399987787008,0.03862000070512295,0.009235370576303692,20,32,32,4096,11008,32768,True,False,False,1856,4,4096,11008,generic,generic,,,CUDA_EVENT,FP16,none
,,,,,,,,,,,,0.0798410028219223,0.14287999272346497,0.08832834996283054,0.08250050246715546,0.015740387643049518,20,0.053321000188589096,0.10988099873065948,0.06089014951139689,0.05559999868273735,0.01369501432201241,20,0.042399998754262924,0.07863999903202057,0.04669014997780323,0.044500499963760376,0.007679851700989211,20,,,,,,,0.07391999661922455,0.10492099821567535,0.08013620041310787,0.07804000005126,0.006741985877636833,20,0.009320000186562538,0.012040000408887863,0.00969799985177815,0.009499999694526196,0.0005997967835383031,20,0.03036000020802021,0.07964000105857849,0.033650150150060655,0.030640000477433205,0.01066610655531282,20,32,32,4096,11008,32768,True,False,False,1152,4,4096,11008,generic,generic,,,CUDA_EVENT,FP16,none
,,,,,,,,,,,,0.08048000186681747,0.14916099607944489,0.08460055030882359,0.08102050051093102,0.014822454573581164,20,0.06380099803209305,0.07023999840021133,0.06698419936001301,0.0664604976773262,0.0020378135939188857,20,0.033879999071359634,0.05276000127196312,0.035548100247979164,0.03425999917089939,0.004073116864064766,20,,,,,,,0.1573610007762909,0.17016099393367767,0.16105259954929352,0.15888049453496933,0.004169492453737467,20,0.01655999943614006,0.020320000126957893,0.017372050043195485,0.017079999670386314,0.0008456707246521682,20,0.0565200001001358,0.0626399964094162,0.05819414984434843,0.05766049958765507,0.0018142747665716998,20,32,32,4096,11008,32768,True,False,False,3872,4,4096,11008,generic,generic,,,CUDA_EVENT,FP16,none
,,,,,,,,,,,,0.05936000123620033,0.1937599927186966,0.07633220050483942,0.061480000615119934,0.03363504311824885,20,0.055720001459121704,0.21168099343776703,0.06533014979213476,0.05671999976038933,0.033637123942080814,20,0.036320000886917114,0.13631999492645264,0.05941414926201105,0.05589999817311764,0.019982585756804668,20,,,,,,,0.09563999623060226,0.14504000544548035,0.10362440012395382,0.0995205007493496,0.012544220850174783,20,0.012600000016391277,0.01607999950647354,0.013241999968886375,0.012980000115931034,0.000792411441606248,20,0.04332000017166138,0.12904100120067596,0.04839814994484186,0.04381999932229519,0.018539920146003606,20,32,32,4096,11008,32768,True,False,False,2112,4,4096,11008,generic,generic,,,CUDA_EVENT,FP16,none
,,,,,,,,,,,,0.07699999958276749,0.14636099338531494,0.08176029957830906,0.07835999876260757,0.014862007369523738,20,0.05747999995946884,0.06464000046253204,0.05893819946795702,0.05828000046312809,0.0017714733046479832,20,0.03483999893069267,0.06359999626874924,0.036734149977564814,0.03534050099551678,0.006167007175891125,20,,,,,,,0.14419999718666077,0.15480099618434906,0.14585439935326577,0.14528049528598785,0.0023225207108188563,20,0.014639999717473984,0.018799999728798866,0.015268099959939718,0.014999999664723873,0.0008581552748142731,20,0.06372000277042389,0.06780000030994415,0.0648981999605894,0.06474049761891365,0.0008266198268601502,20,32,32,4096,11008,32768,True,False,False,3296,4,4096,11008,generic,generic,,,CUDA_EVENT,FP16,none
,,,,,,,,,,,,0.05276000127196312,0.14456099271774292,0.06973815020173788,0.06284000165760517,0.021434340465216955,20,0.05536000058054924,0.10843999683856964,0.06014009937644005,0.056299999356269836,0.011427730014003544,20,0.04983999952673912,0.09628000110387802,0.056610199809074405,0.05456000007688999,0.00922854561992247,20,,,,,,,0.08896099776029587,0.13595999777317047,0.09476034939289094,0.09226050227880478,0.00975467450695255,20,0.009920000098645687,0.012880000285804272,0.01023205011151731,0.010060000233352184,0.0006415613056792291,20,0.04376000165939331,0.10332000255584717,0.04758000038564205,0.044360000640153885,0.0128217476641938,20,32,32,4096,11008,32768,True,False,False,1728,4,4096,11008,generic,generic,,,CUDA_EVENT,FP16,none
,,,,,,,,,,,,0.06843999773263931,0.13755999505519867,0.07828014977276325,0.07182000204920769,0.016907270485431683,20,0.060520000755786896,0.1066410019993782,0.070694350451231,0.06664000079035759,0.011556516050861065,20,0.03999999910593033,0.10339999943971634,0.04489809982478619,0.04171999916434288,0.013480666710855483,20,,,,,,,0.07131999731063843,0.11660099774599075,0.07525024972856045,0.07316049933433533,0.009524177389113583,20,0.00860000029206276,0.01104000024497509,0.008924049930647016,0.00875999964773655,0.0005259426820680441,20,0.02696000039577484,0.09668000042438507,0.031026049889624117,0.02735999971628189,0.01508353809115644,20,32,32,4096,11008,32768,True,False,False,1024,4,4096,11008,generic,generic,,,CUDA_EVENT,FP16,none
,,,,,,,,,,,,0.08123999834060669,0.14108000695705414,0.08470415100455284,0.08160000294446945,0.012938852197301811,20,0.05880099907517433,0.06415999680757523,0.060468100011348724,0.06004000082612038,0.0015450618460644949,20,0.04588000103831291,0.07568000257015228,0.04891214985400438,0.04772050119936466,0.006175437635092165,20,,,,,,,0.148840993642807,0.15276099741458893,0.15045650005340577,0.15050049871206284,0.0011089606219576971,20,0.015599999576807022,0.02143999934196472,0.016320049948990344,0.015879999846220016,0.0013326993190104985,20,0.0674000009894371,0.07075999677181244,0.06850620023906231,0.06828050315380096,0.0009037550760374817,20,32,32,4096,11008,32768,True,False,False,3616,4,4096,11008,generic,generic,,,CUDA_EVENT,FP16,none
,,,,,,,,,,,,0.055479999631643295,0.17531999945640564,0.07627215012907981,0.0662200003862381,0.030076980821235166,20,0.05655999854207039,0.19576099514961243,0.06708034966140985,0.0582600012421608,0.030177267366333665,20,0.033720001578330994,0.13020099699497223,0.05709225013852119,0.05145999975502491,0.02074291423071945,20,,,,,,,0.1029599979519844,0.1841599941253662,0.11125034801661968,0.10620099678635597,0.017760989719512166,20,0.01083999965339899,0.011719999834895134,0.011102049937471747,0.011080499738454819,0.00022395057397443983,20,0.03872000053524971,0.09563999623060226,0.042272049374878405,0.03925999999046326,0.012255910682528034,20,32,32,4096,11008,32768,True,False,False,1952,4,4096,11008,generic,generic,,,CUDA_EVENT,FP16,none
,,,,,,,,,,,,0.05987999960780144,0.16220000386238098,0.08165620025247336,0.07306000217795372,0.026250956771384757,20,0.05079999938607216,0.10620000213384628,0.05902835000306368,0.054179999977350235,0.01269356071709194,20,0.04915999993681908,0.08224000036716461,0.05442404989153147,0.05236000008881092,0.006736299554848795,20,,,,,,,0.08556099981069565,0.12296000123023987,0.09222234971821308,0.09047999978065491,0.007432095527232146,20,0.009720000438392162,0.010520000010728836,0.00986399999819696,0.009800000116229057,0.0001684754935600361,20,0.036720000207424164,0.08844099938869476,0.040032050013542174,0.03749999962747097,0.011115076852943183,20,32,32,4096,11008,32768,True,False,False,1600,4,4096,11008,generic,generic,,,CUDA_EVENT,FP16,none
,,,,,,,,,,,,0.06880000233650208,0.1286800056695938,0.07249824963510036,0.06959999725222588,0.012895358780453574,20,0.05668000131845474,0.06224000081419945,0.0579621497541666,0.05769999884068966,0.0012198394011480986,20,0.02855999954044819,0.05948000028729439,0.03071209993213415,0.028920000419020653,0.006648818178390331,20,,,,,,,0.12908099591732025,0.1446000039577484,0.13180239945650102,0.1308009997010231,0.003274275842441244,20,0.01363999955356121,0.014879999682307243,0.013974049827083945,0.013919999822974205,0.00024954888171464665,20,0.04660100117325783,0.05008000135421753,0.04787820018827915,0.047740500420331955,0.0008726793165054938,20,32,32,4096,11008,32768,True,False,False,3040,4,4096,11008,generic,generic,,,CUDA_EVENT,FP16,none
,,,,,,,,,,,,0.06623999774456024,0.12400099635124207,0.07737419977784157,0.07103999704122543,0.014246837427499522,20,0.06284099817276001,0.11699999868869781,0.07303824909031391,0.06988000124692917,0.011694438801786711,20,0.039799999445676804,0.07531999796628952,0.04326609950512648,0.041660001501441,0.0074613759121183445,20,,,,,,,0.06623999774456024,0.09071999788284302,0.06915629953145981,0.06794099882245064,0.005060692724132648,20,0.00851999968290329,0.011920000426471233,0.008866050001233815,0.008679999969899654,0.0007156658118672612,20,0.027160000056028366,0.08612000197172165,0.030438100267201663,0.02737999986857176,0.0127800583126006,20,32,32,4096,11008,32768,True,False,False,960,4,4096,11008,generic,generic,,,CUDA_EVENT,FP16,none
,,,,,,,,,,,,0.07360000163316727,0.13176099956035614,0.0773963000625372,0.07422100007534027,0.012526893001141815,20,0.058079998940229416,0.063680000603199,0.05923224966973066,0.05875999853014946,0.0013529909217903932,20,0.030160000547766685,0.05875999853014946,0.0319000500254333,0.030460000038146973,0.006165084740185055,20,,,,,,,0.1393200010061264,0.15376099944114685,0.14130440056324006,0.14058050513267517,0.0031048999981164206,20,0.015159999951720238,0.016839999705553055,0.015530099999159575,0.015300500206649303,0.0004547593028616505,20,0.05180099979043007,0.05567999929189682,0.05262615010142326,0.05230049975216389,0.0009087376899987329,20,32,32,4096,11008,32768,True,False,False,3360,4,4096,11008,generic,generic,,,CUDA_EVENT,FP16,none
,,,,,,,,,,,,0.05948000028729439,0.14576099812984467,0.07993414904922247,0.07427999749779701,0.019217027870386028,20,0.05164000019431114,0.11804000288248062,0.06048629973083734,0.05470049940049648,0.015142335304989514,20,0.0459199994802475,0.08071999996900558,0.05089409947395325,0.049219999462366104,0.007158435515395735,20,,,,,,,0.08523999899625778,0.12615999579429626,0.09193439967930317,0.09010049700737,0.008094259887657919,20,0.009359999559819698,0.012559999711811543,0.00981804970651865,0.009579999838024378,0.0007316626675584141,20,0.03728000074625015,0.1027199998497963,0.0412760503590107,0.03764000162482262,0.014147008063974805,20,32,32,4096,11008,32768,True,False,False,1472,4,4096,11008,generic,generic,,,CUDA_EVENT,FP16,none
,,,,,,,,,,,,0.08072099834680557,0.20172099769115448,0.08746839985251427,0.08156049996614456,0.02621477903582864,20,0.06471999734640121,0.07276000082492828,0.06739030033349991,0.06684049963951111,0.001974990869993126,20,0.03463999927043915,0.07143999636173248,0.03713014964014292,0.035259999334812164,0.00788909154921246,20,,,,,,,0.1701209992170334,0.18979999423027039,0.17362050116062164,0.17283999919891357,0.0038356220645627925,20,0.01892000064253807,0.024720000103116035,0.019728099834173916,0.019219999201595783,0.0013291601129062033,20,0.05688000097870827,0.0618400014936924,0.058082349598407745,0.05777999944984913,0.0010297414752004532,20,32,32,4096,11008,32768,True,False,False,4032,4,4096,11008,generic,generic,,,CUDA_EVENT,FP16,none
,,,,,,,,,,,,0.06632000207901001,0.13836100697517395,0.07080025002360343,0.06684000045061111,0.015535919591407555,20,0.05480000004172325,0.05987999960780144,0.055728199705481526,0.055280501022934914,0.001341195551921291,20,0.03068000078201294,0.05987999960780144,0.03283409988507628,0.03117999993264675,0.0062646481730434305,20,,,,,,,0.10896000266075134,0.12240099906921387,0.11073234938085079,0.110020000487566,0.0028134772822191647,20,0.013319999910891056,0.0142000000923872,0.013544049859046937,0.01351999957114458,0.00019122154553614048,20,0.05488000065088272,0.05892099812626839,0.056036200188100335,0.055720001459121704,0.0010490479557627504,20,32,32,4096,11008,32768,True,False,False,2784,4,4096,11008,generic,generic,,,CUDA_EVENT,FP16,none
,,,,,,,,,,,,0.05648000165820122,0.17480100691318512,0.08472425062209368,0.07580000162124634,0.02751820611635748,20,0.05615999922156334,0.19687999784946442,0.06690829936414958,0.05810000002384186,0.03037560055813763,20,0.05000099912285805,0.12375999987125397,0.05801810007542372,0.05154000036418438,0.018677971406675205,20,,,,,,,0.094760000705719,0.15720100700855255,0.10369850024580955,0.09978049993515015,0.013984504358503921,20,0.010599999688565731,0.012760000303387642,0.010935999872162937,0.010780000127851963,0.0004977389441670815,20,0.0379600003361702,0.1348399966955185,0.046450099907815456,0.038419999182224274,0.02462745266320221,20,32,32,4096,11008,32768,True,False,False,1824,4,4096,11008,generic,generic,,,CUDA_EVENT,FP16,none
,,,,,,,,,,,,0.06663999706506729,0.13128000497817993,0.0764822505414486,0.07019999995827675,0.016498939343716275,20,0.05987999960780144,0.10967999696731567,0.07224019933491946,0.06850050017237663,0.012127974595194834,20,0.038920000195503235,0.0843999981880188,0.04341609999537468,0.040540000423789024,0.009674163171631202,20,,,,,,,0.06256099790334702,0.08788099884986877,0.06554424948990345,0.06405999884009361,0.005284053452823994,20,0.007799999788403511,0.009599999524652958,0.008103999868035316,0.007999999914318323,0.00040760759963984287,20,0.02672000043094158,0.0965999960899353,0.031046049669384956,0.02711999975144863,0.015101785443909388,20,32,32,4096,11008,32768,True,False,False,896,4,4096,11008,generic,generic,,,CUDA_EVENT,FP16,none
,,,,,,,,,,,,0.07231999933719635,0.13447999954223633,0.07718230001628398,0.07423999905586243,0.013177635050272649,20,0.05800100043416023,0.06307999789714813,0.05942014958709478,0.05866000056266785,0.0014264995290311027,20,0.033319998532533646,0.06452000141143799,0.03569400012493133,0.033879999071359634,0.006665004677121083,20,,,,,,,0.12831999361515045,0.14259999990463257,0.1305663488805294,0.12958049774169922,0.0030466730049576044,20,0.0142000000923872,0.017079999670386314,0.014685999974608422,0.014539999887347221,0.0006207446525330775,20,0.06172100082039833,0.06679999828338623,0.06319215018302202,0.06276049837470055,0.0014654910916827284,20,32,32,4096,11008,32768,True,False,False,3104,4,4096,11008,generic,generic,,,CUDA_EVENT,FP16,none
,,,,,,,,,,,,0.06728000193834305,0.15304100513458252,0.08260839991271496,0.07872049883008003,0.01903193515957351,20,0.05167999863624573,0.1234000027179718,0.06272205039858818,0.0577199999243021,0.015368260084717311,20,0.04588000103831291,0.09140100330114365,0.04975820034742355,0.04742000065743923,0.009685519745012479,20,,,,,,,0.08296000212430954,0.11872000247240067,0.08604215048253536,0.08418050035834312,0.0075785796215235846,20,0.009680000133812428,0.011719999834895134,0.010132000129669905,0.009940000250935555,0.0005552800346154363,20,0.035679999738931656,0.08844000101089478,0.03882629983127117,0.03606049902737141,0.011392542240889598,20,32,32,4096,11008,32768,True,False,False,1344,4,4096,11008,generic,generic,,,CUDA_EVENT,FP16,none
,,,,,,,,,,,,0.06080000102519989,0.13928000628948212,0.06858020033687354,0.06176000088453293,0.020229075440394303,20,0.05415999889373779,0.13612100481987,0.05964604988694191,0.05488000065088272,0.017621188654776188,20,0.027600999921560287,0.08352000266313553,0.033200249820947644,0.028039999306201935,0.01388785662311018,20,,,,,,,0.10531999915838242,0.15352100133895874,0.10990209951996803,0.10599999874830246,0.01113986664555647,20,0.012640000320971012,0.013039999641478062,0.01284604980610311,0.012839999981224537,0.00011823467929860972,20,0.04516100138425827,0.04843999817967415,0.04594619981944561,0.04567999951541424,0.0007748504890902474,20,32,32,4096,11008,32768,True,False,False,2528,4,4096,11008,generic,generic,,,CUDA_EVENT,FP16,none
,,,,,,,,,,,,0.055799998342990875,0.15768000483512878,0.07826614994555711,0.06991999968886375,0.024198142111103247,20,0.055479999631643295,0.19976100325584412,0.07044830042868852,0.06114000082015991,0.03044848124156613,20,0.05135999992489815,0.1324010044336319,0.06184615045785904,0.05420000106096268,0.022247397964853206,20,,,,,,,0.09047999978065491,0.1507200002670288,0.09931634999811649,0.09482049942016602,0.015014319556958453,20,0.009960000403225422,0.01348000019788742,0.010456000035628677,0.010119999758899212,0.0009912738894376756,20,0.043960001319646835,0.11348000168800354,0.05069810021668673,0.04447999969124794,0.01839255769672496,20,32,32,4096,11008,32768,True,False,False,1696,4,4096,11008,generic,generic,,,CUDA_EVENT,FP16,none
,,,,,,,,,,,,0.06983999907970428,0.13648100197315216,0.07771630026400089,0.07190050184726715,0.015424342021232702,20,0.05956000089645386,0.10391999781131744,0.07224424965679646,0.07000049948692322,0.01015284861590877,20,0.03736000135540962,0.06199999898672104,0.04247615020722151,0.041440000757575035,0.004800598614940343,20,,,,,,,0.06391999870538712,0.0987199991941452,0.06768614947795867,0.06582000106573105,0.007390297635994313,20,0.0077599999494850636,0.009999999776482582,0.008036000095307827,0.00788000039756298,0.0004724234763978072,20,0.027201000601053238,0.08216100186109543,0.030694149993360044,0.027759999968111515,0.011828335564353427,20,32,32,4096,11008,32768,True,False,False,832,4,4096,11008,generic,generic,,,CUDA_EVENT,FP16,none
,,,,,,,,,,,,0.07756099849939346,0.11987999826669693,0.08081294894218445,0.07836099714040756,0.009015255085842444,20,0.0631600022315979,0.07519999891519547,0.06585805006325245,0.06550050154328346,0.0024947702588242536,20,0.03412000089883804,0.04236000031232834,0.03539399988949299,0.034779999405145645,0.0018378803088516444,20,,,,,,,0.16600100696086884,0.18908099830150604,0.17113299891352654,0.16988100111484528,0.004945964659538415,20,0.01875999942421913,0.021479999646544456,0.019598000030964614,0.019340000115334988,0.0007930171709184233,20,0.057360000908374786,0.061480000615119934,0.05856599994003773,0.05817999877035618,0.0012873712738054122,20,32,32,4096,11008,32768,True,False,False,3936,4,4096,11008,generic,generic,,,CUDA_EVENT,FP16,none
,,,,,,,,,,,,0.09272100031375885,0.17159999907016754,0.09834234975278378,0.09430000185966492,0.01683159376415311,20,0.06332000344991684,0.07035999745130539,0.06590240038931369,0.06540100276470184,0.0018640474811688777,20,0.036479998379945755,0.056960999965667725,0.03885009996592999,0.03792000003159046,0.004279790364298171,20,,,,,,,0.15264099836349487,0.16752000153064728,0.15520829781889917,0.15404000133275986,0.003244965848324942,20,0.01592000015079975,0.02027999982237816,0.01673614988103509,0.016420000232756138,0.0010689766568020803,20,0.06604000180959702,0.07248000055551529,0.06905235014855862,0.06936000287532806,0.001533899807375454,20,32,32,4096,11008,32768,True,False,False,3776,4,4096,11008,generic,generic,,,CUDA_EVENT,FP16,none
,,,,,,,,,,,,0.06488099694252014,0.13128100335597992,0.07135230004787445,0.06568000093102455,0.01683058584861685,20,0.0546410009264946,0.060839999467134476,0.0559961998835206,0.05551999807357788,0.0017026569085327973,20,0.02696000039577484,0.05615999922156334,0.030996049661189316,0.027739999815821648,0.008265595925104667,20,,,,,,,0.12120100110769272,0.16668100655078888,0.126316449418664,0.12261999770998955,0.010624689062609313,20,0.013319999910891056,0.013799999840557575,0.013525999896228314,0.013499999884516,0.00013987127729535973,20,0.04383999854326248,0.04543999955058098,0.04456215016543865,0.044480498880147934,0.00043235589502264675,20,32,32,4096,11008,32768,True,False,False,2848,4,4096,11008,generic,generic,,,CUDA_EVENT,FP16,none
,,,,,,,,,,,,0.07699999958276749,0.14228099584579468,0.08797819875180721,0.08273999765515327,0.015117079067330112,20,0.05172000080347061,0.1043199971318245,0.06075424961745739,0.05492050014436245,0.013250565611713318,20,0.04603999853134155,0.11547999829053879,0.05160004980862141,0.04797999933362007,0.014764704908302537,20,,,,,,,0.08167999982833862,0.1252799928188324,0.08596630021929741,0.08350050076842308,0.009148428156148792,20,0.009359999559819698,0.013319999910891056,0.009932049876078963,0.009579999838024378,0.0009581121508706825,20,0.031039999797940254,0.0729999989271164,0.033684049639850853,0.031460000202059746,0.009041516279945205,20,32,32,4096,11008,32768,True,False,False,1216,4,4096,11008,generic,generic,,,CUDA_EVENT,FP16,none
,,,,,,,,,,,,0.0626399964094162,0.17028099298477173,0.0723523497581482,0.06352050229907036,0.02690295213632928,20,0.056040000170469284,0.12291999906301498,0.060620099678635596,0.05720049887895584,0.014341619316682432,20,0.026559999212622643,0.07380100339651108,0.03558404985815287,0.02729999925941229,0.014861695233570473,20,,,,,,,0.09428100287914276,0.1472799926996231,0.10635824911296368,0.10662000253796577,0.013111185304053944,20,0.011640000157058239,0.013159999623894691,0.011982049886137247,0.011839999817311764,0.0003526724283743377,20,0.046160001307725906,0.058079998940229416,0.04744624979794025,0.04694000072777271,0.0024786367685754452,20,32,32,4096,11008,32768,True,False,False,2272,4,4096,11008,generic,generic,,,CUDA_EVENT,FP16,none
,,,,,,,,,,,,0.06560000032186508,0.13652099668979645,0.07419415041804314,0.06794000044465065,0.017036203909049946,20,0.0639209970831871,0.1162400022149086,0.07577229999005794,0.07037999853491783,0.013308263487994678,20,0.033879999071359634,0.0830409973859787,0.042260099574923514,0.039819998666644096,0.009654238299398677,20,,,,,,,0.061039999127388,0.08844000101089478,0.06466230005025864,0.06351999938488007,0.005735345344944128,20,0.007040000054985285,0.00800000037997961,0.007278000074438751,0.007240000180900097,0.00018993687135779812,20,0.028999999165534973,0.08148100227117538,0.03267010012641549,0.0294599998742342,0.011295729353705139,20,32,32,4096,11008,32768,True,False,False,768,4,4096,11008,generic,generic,,,CUDA_EVENT,FP16,none
,,,,,,,,,,,,0.0711200013756752,0.17852099239826202,0.09229615032672882,0.08216049894690514,0.030750118687028788,20,0.05283999815583229,0.2417609989643097,0.07415434923022986,0.06240049935877323,0.04018775329478623,20,0.046560000628232956,0.1164809986948967,0.05435819961130619,0.0482999999076128,0.01882553008056856,20,,,,,,,0.08820100128650665,0.1550000011920929,0.09478630013763904,0.08986049890518188,0.01514556796536588,20,0.009720000438392162,0.010879999957978725,0.010002000210806727,0.009960000403225422,0.00023237032413058912,20,0.03376000002026558,0.10792099684476852,0.038632099702954295,0.0342204999178648,0.01607187360634072,20,32,32,4096,11008,32768,True,False,False,1568,4,4096,11008,generic,generic,,,CUDA_EVENT,FP16,none
,,,,,,,,,,,,0.08264099806547165,0.12136100232601166,0.08595429956912995,0.08392049744725227,0.008194362812439527,20,0.05900000035762787,0.06571999937295914,0.060556199960410596,0.05978050082921982,0.0020162245686508925,20,0.03683999925851822,0.05111999809741974,0.03813609983772039,0.03744000010192394,0.0030070148903570313,20,,,,,,,0.14848099648952484,0.15112100541591644,0.15002449974417686,0.1500604972243309,0.0007625668864436966,20,0.01607999950647354,0.020080000162124634,0.016538050025701523,0.01632049959152937,0.0008415523605822873,20,0.066880002617836,0.07236000150442123,0.06824225038290024,0.06794000044465065,0.0012352260225867915,20,32,32,4096,11008,32768,True,False,False,3680,4,4096,11008,generic,generic,,,CUDA_EVENT,FP16,none
,,,,,,,,,,,,0.07795999944210052,0.13439999520778656,0.08141230046749115,0.07858050242066383,0.012159582538612445,20,0.05787999927997589,0.06388100236654282,0.0589241499081254,0.05845999903976917,0.0013900161137263456,20,0.031961001455783844,0.06580100208520889,0.03451620005071163,0.0326399989426136,0.007236989784782589,20,,,,,,,0.1472409963607788,0.15775999426841736,0.1493064984679222,0.14854049682617188,0.002241635839898486,20,0.015359999611973763,0.016200000420212746,0.01577814994379878,0.015720500610768795,0.00026428531524037174,20,0.053040001541376114,0.058959998190402985,0.05433014966547489,0.05395999923348427,0.0013062911330493968,20,32,32,4096,11008,32768,True,False,False,3520,4,4096,11008,generic,generic,,,CUDA_EVENT,FP16,none
,,,,,,,,,,,,0.08188100159168243,0.14392100274562836,0.0859022505581379,0.08289999887347221,0.013327114885021023,20,0.06455999612808228,0.07391999661922455,0.06754199974238873,0.06700000166893005,0.0021021689453091905,20,0.034960001707077026,0.0652799978852272,0.03778799995779991,0.036319999024271965,0.006448715448713261,20,,,,,,,0.1650809943675995,0.17880100011825562,0.16954500004649162,0.16738099604845047,0.004674688548460926,20,0.018519999459385872,0.02208000048995018,0.019602000061422587,0.019159999676048756,0.0010101466596998201,20,0.05607999861240387,0.061639998108148575,0.05809999983757734,0.057760000228881836,0.0016206418033922003,20,32,32,4096,11008,32768,True,False,False,4000,4,4096,11008,generic,generic,,,CUDA_EVENT,FP16,none
,,,,,,,,,,,,0.07435999810695648,0.1531209945678711,0.08723820000886917,0.0828000009059906,0.017341821010749613,20,0.05164000019431114,0.12104000151157379,0.06064829993993044,0.05502049997448921,0.015704084984979945,20,0.04399999976158142,0.08399999886751175,0.048722049221396446,0.046059999614953995,0.008352363443789741,20,,,,,,,0.09092000126838684,0.12036000192165375,0.0955764502286911,0.09434099867939949,0.006102895649090003,20,0.008559999987483025,0.013439999893307686,0.009195999940857291,0.00872000027447939,0.0011628860548654803,20,0.030319999903440475,0.06936100125312805,0.03316609999164939,0.030979999341070652,0.008356446862264047,20,32,32,4096,11008,32768,True,False,False,1088,4,4096,11008,generic,generic,,,CUDA_EVENT,FP16,none
,,,,,,,,,,,,0.06227999925613403,0.17207999527454376,0.07261809911578894,0.06332049891352654,0.026542034556114764,20,0.0544000007212162,0.10908100008964539,0.05807635020464659,0.05490050092339516,0.011766952971481351,20,0.029039999470114708,0.09064000099897385,0.038304099813103676,0.02969999983906746,0.0159673726963682,20,,,,,,,0.10092099756002426,0.1600009948015213,0.11328439898788929,0.112380001693964,0.012295158642019426,20,0.01375999953597784,0.015080000273883343,0.014133999962359667,0.014039999805390835,0.0003175594928195055,20,0.05084099993109703,0.08507999777793884,0.05362409967929125,0.05204000137746334,0.007244526831300264,20,32,32,4096,11008,32768,True,False,False,2592,4,4096,11008,generic,generic,,,CUDA_EVENT,FP16,none
,,,,,,,,,,,,0.054680000990629196,0.15027999877929688,0.0652320496737957,0.055879998952150345,0.023255248487701555,20,0.056880999356508255,0.1141199991106987,0.06137429978698492,0.0581200011074543,0.01217471216966964,20,0.02483999915421009,0.06880000233650208,0.0469560501165688,0.05113999918103218,0.010011081440936985,20,,,,,,,0.10091999918222427,0.13072100281715393,0.10796649977564812,0.1072009988129139,0.005846830306671665,20,0.01092000026255846,0.015479999594390392,0.011429999954998493,0.01119999960064888,0.0009552276330842722,20,0.039000000804662704,0.05463999882340431,0.0406700499355793,0.03992000035941601,0.0032353613884825213,20,32,32,4096,11008,32768,True,False,False,2032,4,4096,11008,generic,generic,,,CUDA_EVENT,FP16,none
,,,,,,,,,,,,0.06784100085496902,0.14236000180244446,0.07723229937255383,0.07019999995827675,0.018136231680035697,20,0.06571999937295914,0.12588100135326385,0.07467815019190312,0.0703199990093708,0.01436681911138353,20,0.03791999816894531,0.08991999924182892,0.042192149348556994,0.03925999999046326,0.011052178683496875,20,,,,,,,0.060440000146627426,0.09031999856233597,0.06354409977793693,0.06185999885201454,0.006386778897885155,20,0.0069599999114871025,0.007720000110566616,0.007124000019393862,0.007079999893903732,0.0001548677154882295,20,0.029160000383853912,0.07931999862194061,0.03419214971363545,0.030080500058829784,0.010960517768731044,20,32,32,4096,11008,32768,True,False,False,704,4,4096,11008,generic,generic,,,CUDA_EVENT,FP16,none
,,,,,,,,,,,,0.07739999890327454,0.1777999997138977,0.0901101004332304,0.08122000098228455,0.024148902280739404,20,0.05496099963784218,0.20924100279808044,0.0733163995668292,0.06334049999713898,0.033070080100684796,20,0.04464000090956688,0.13075999915599823,0.054322200268507,0.0481604989618063,0.020315609209721718,20,,,,,,,0.08275999873876572,0.14523999392986298,0.09043230041861534,0.08584050089120865,0.014804319954716384,20,0.009359999559819698,0.009680000133812428,0.009505999833345413,0.009499999694526196,8.511167629976607e-05,20,0.03675999864935875,0.1318809986114502,0.04503414984792471,0.037140000611543655,0.024245948270835593,20,32,32,4096,11008,32768,True,False,False,1440,4,4096,11008,generic,generic,,,CUDA_EVENT,FP16,none
,,,,,,,,,,,,0.07884000241756439,0.11723999679088593,0.08140424937009812,0.07928049936890602,0.008239304083788592,20,0.057360000908374786,0.0634400025010109,0.05884415004402399,0.05821999907493591,0.0017011811077590326,20,0.03172000125050545,0.04076100140810013,0.03330214992165566,0.03274000063538551,0.0020306004259756398,20,,,,,,,0.1430010050535202,0.14956000447273254,0.1456184506416321,0.1452609971165657,0.0015334524338794311,20,0.014759999699890614,0.020239999517798424,0.015484099881723523,0.015220500063151121,0.0011206726088722765,20,0.05243999883532524,0.056359998881816864,0.05380814969539642,0.05353999882936478,0.0009738734676864109,20,32,32,4096,11008,32768,True,False,False,3424,4,4096,11008,generic,generic,,,CUDA_EVENT,FP16,none
,,,,,,,,,,,,0.07899999618530273,0.1621609926223755,0.08408224955201149,0.07996000349521637,0.017922119693758645,20,0.058479998260736465,0.06663999706506729,0.06063014976680279,0.0598399993032217,0.002155453009074061,20,0.03471999987959862,0.06499999761581421,0.03739205021411181,0.03577999956905842,0.006402277843101104,20,,,,,,,0.13391999900341034,0.14824099838733673,0.13591839969158173,0.13515999913215637,0.003158340993541102,20,0.014519999735057354,0.017559999600052834,0.015099999913945793,0.014919999986886978,0.0006445462879951581,20,0.06376100331544876,0.06735999882221222,0.06493019945919513,0.06485999748110771,0.0008128340208600997,20,32,32,4096,11008,32768,True,False,False,3264,4,4096,11008,generic,generic,,,CUDA_EVENT,FP16,none
,,,,,,,,,,,,0.0920410007238388,0.1724800020456314,0.09745224975049496,0.09338049963116646,0.017263231695093487,20,0.06196000054478645,0.06911999732255936,0.06533199995756149,0.06557999923825264,0.0020506816384113025,20,0.036639999598264694,0.054040998220443726,0.038262199610471725,0.03739999979734421,0.003648032441794028,20,,,,,,,0.1504800021648407,0.15880000591278076,0.15264060124754905,0.15254049748182297,0.001664817953202368,20,0.01568000018596649,0.020519999787211418,0.016331999842077494,0.016039999201893806,0.0010103543551008313,20,0.06592000275850296,0.06892000138759613,0.06712405011057854,0.06723999977111816,0.0007931072306606596,20,32,32,4096,11008,32768,True,False,False,3744,4,4096,11008,generic,generic,,,CUDA_EVENT,FP16,none
,,,,,,,,,,,,0.07227999716997147,0.12031999975442886,0.07704414874315262,0.07474049925804138,0.010003143659387941,20,0.05739999935030937,0.06483999639749527,0.05912024937570095,0.05849999934434891,0.0017751977630428544,20,0.026359999552369118,0.059000998735427856,0.029436099994927644,0.02674000058323145,0.008003427864286749,20,,,,,,,0.09616100043058395,0.1239200010895729,0.10244039967656135,0.09904100000858307,0.006912477566496498,20,0.013120000250637531,0.016839999705553055,0.013735999912023544,0.013479999732226133,0.0008271783279591079,20,0.04456000030040741,0.04887999966740608,0.04547604992985725,0.045180000364780426,0.0009386416007645636,20,32,32,4096,11008,32768,True,False,False,2336,4,4096,11008,generic,generic,,,CUDA_EVENT,FP16,none
,,,,,,,,,,,,0.0692799985408783,0.15612100064754486,0.08295015059411526,0.07575999945402145,0.01979075416785085,20,0.05703999847173691,0.1011200025677681,0.0670103995129466,0.0628804974257946,0.011673806210887927,20,0.04224000126123428,0.0830800011754036,0.046640049666166306,0.04461999982595444,0.008477047357417347,20,,,,,,,0.0735199972987175,0.11128000169992447,0.07786639966070652,0.07593999803066254,0.00786570143617189,20,0.00851999968290329,0.009680000133812428,0.008720050007104874,0.008659999817609787,0.00024400013815249739,20,0.02775999903678894,0.09984000027179718,0.031965999864041805,0.02824000082910061,0.015579418698745824,20,32,32,4096,11008,32768,True,False,False,992,4,4096,11008,generic,generic,,,CUDA_EVENT,FP16,none
,,,,,,,,,,,,0.053360000252723694,0.17076000571250916,0.06822614949196577,0.056840499863028526,0.028175857836303317,20,0.056359998881816864,0.11312100291252136,0.06090214978903532,0.05763999931514263,0.01213439167761525,20,0.04044000059366226,0.08156000077724457,0.05265820007771253,0.05174050107598305,0.007490863848245342,20,,,,,,,0.09292099624872208,0.11744000017642975,0.10121230073273182,0.10068050026893616,0.0046062366587392356,20,0.0106800002977252,0.011640000157058239,0.010976050002500414,0.01092000026255846,0.0002162739554410342,20,0.03888000175356865,0.0538799986243248,0.040320050343871115,0.039319999516010284,0.003276766297511052,20,32,32,4096,11008,32768,True,False,False,1904,4,4096,11008,generic,generic,,,CUDA_EVENT,FP16,none
,,,,,,,,,,,,0.06843999773263931,0.13595999777317047,0.07783820033073426,0.07118000090122223,0.0165443555064416,20,0.06111999973654747,0.09952099621295929,0.07075824979692698,0.06768050044775009,0.010094524849272795,20,0.03743999823927879,0.08708000183105469,0.04190205000340939,0.039739999920129776,0.010417510955664538,20,,,,,,,0.05751999840140343,0.099761001765728,0.0636481998488307,0.06190049834549427,0.008417221431436564,20,0.0069599999114871025,0.01583999954164028,0.007921999949030579,0.007120000198483467,0.0021203951436460826,20,0.028880000114440918,0.094480000436306,0.03401805004104972,0.03000000026077032,0.014226569953109806,20,32,32,4096,11008,32768,True,False,False,640,4,4096,11008,generic,generic,,,CUDA_EVENT,FP16,none
,,,,,,,,,,,,0.07639999687671661,0.17504000663757324,0.08894429989159107,0.08187999948859215,0.02225498828311253,20,0.05544000118970871,0.21400099992752075,0.07712614983320236,0.06546049937605858,0.03488545172606343,20,0.04552000015974045,0.12544099986553192,0.05510434936732054,0.04747999832034111,0.021975365823636555,20,,,,,,,0.08100000023841858,0.1340399980545044,0.08779409937560559,0.08329999819397926,0.0143061335227004,20,0.009639999829232693,0.012679999694228172,0.010372050059959292,0.010080000385642052,0.0007231394617446287,20,0.036400001496076584,0.10976099967956543,0.040674100071191786,0.0368800014257431,0.015874386867673878,20,32,32,4096,11008,32768,True,False,False,1312,4,4096,11008,generic,generic,,,CUDA_EVENT,FP16,none
,,,,,,,,,,,,0.07103999704122543,0.11292099952697754,0.07424625009298325,0.07212049886584282,0.00890733085839476,20,0.05688000097870827,0.06251999735832214,0.058294149674475194,0.057739999145269394,0.0013820327655537788,20,0.034359999001026154,0.05116000026464462,0.035864099860191345,0.034700000658631325,0.0036862767561737946,20,,,,,,,0.13104000687599182,0.14416100084781647,0.13270439952611923,0.13223999738693237,0.002668679621445901,20,0.014440000057220459,0.019600000232458115,0.015092100016772747,0.014680000022053719,0.001114255702923458,20,0.0626399964094162,0.06488099694252014,0.0634761992841959,0.06326000019907951,0.000696851490144376,20,32,32,4096,11008,32768,True,False,False,3168,4,4096,11008,generic,generic,,,CUDA_EVENT,FP16,none
,,,,,,,,,,,,0.06791999936103821,0.15620100498199463,0.07288815043866634,0.06851999834179878,0.019116973224328444,20,0.05708000063896179,0.18420100212097168,0.06514419950544834,0.058639999479055405,0.02735729581318092,20,0.028680000454187393,0.14208099246025085,0.036376149673014876,0.029079999774694443,0.02506961614222601,20,,,,,,,0.12875999510288239,0.18276000022888184,0.1335684485733509,0.12964099645614624,0.012084390332806895,20,0.01372000016272068,0.014919999986886978,0.014134000008925795,0.01408000010997057,0.00028545410886370904,20,0.046160001307725906,0.05104000121355057,0.04779024962335825,0.04753999970853329,0.0011099303705699173,20,32,32,4096,11008,32768,True,False,False,3008,4,4096,11008,generic,generic,,,CUDA_EVENT,FP16,none
,,,,,,,,,,,,0.06216000020503998,0.11636000126600266,0.0677980998530984,0.06404000148177147,0.011903596478278626,20,0.05352000147104263,0.059039998799562454,0.05444024987518788,0.05388049967586994,0.0014527313232178761,20,0.028519999235868454,0.07140100002288818,0.043622199818491934,0.04227999970316887,0.009464299904856215,20,,,,,,,0.09099999815225601,0.10400000214576721,0.09702234975993633,0.09651999920606613,0.0029422038910783977,20,0.012640000320971012,0.016839999705553055,0.013128049997612834,0.012899999972432852,0.0008983869644679338,20,0.04391999915242195,0.04747999832034111,0.04463010039180517,0.04438050091266632,0.0009259336694715666,20,32,32,4096,11008,32768,True,False,False,2080,4,4096,11008,generic,generic,,,CUDA_EVENT,FP16,none
,,,,,,,,,,,,0.05220000073313713,0.15564100444316864,0.06978025007992983,0.060900500044226646,0.02466319893739829,20,0.05640000104904175,0.11935999989509583,0.061256150156259535,0.05738049931824207,0.013467431153651092,20,0.04244000092148781,0.0881199985742569,0.051896249689161775,0.05006050132215023,0.0086998637678037,20,,,,,,,0.0979200005531311,0.13020099699497223,0.1035343486815691,0.10242050141096115,0.006385442826701433,20,0.010280000045895576,0.012839999981224537,0.010706049902364612,0.010499999858438969,0.000560186997553001,20,0.035920001566410065,0.04039999842643738,0.03689010012894869,0.036780500784516335,0.0009014773377519261,20,32,32,4096,11008,32768,True,False,False,1776,4,4096,11008,generic,generic,,,CUDA_EVENT,FP16,none
,,,,,,,,,,,,0.07000000029802322,0.14412100613117218,0.07921210080385208,0.07333999872207642,0.016988332620607602,20,0.05999999865889549,0.1306000053882599,0.0725204000249505,0.06766000017523766,0.015224654851207588,20,0.03976000100374222,0.08739999681711197,0.04647005014121532,0.044199999421834946,0.009557290727139529,20,,,,,,,0.06828100234270096,0.10948000103235245,0.07303639948368072,0.07114050164818764,0.008467562150613513,20,0.00839999970048666,0.009720000438392162,0.008667999971657991,0.00851999968290329,0.0003668460611537507,20,0.027240000665187836,0.08128000050783157,0.03031799979507923,0.027559999376535416,0.011697025254251611,20,32,32,4096,11008,32768,True,False,False,928,4,4096,11008,generic,generic,,,CUDA_EVENT,FP16,none
,,,,,,,,,,,,0.07676000148057938,0.14319999516010284,0.08118819929659367,0.07784000039100647,0.014252817075696492,20,0.057360000908374786,0.06267999857664108,0.059152199700474736,0.05852049961686134,0.0014052085517870859,20,0.03240000084042549,0.05448099970817566,0.03446615021675825,0.0333000011742115,0.004659266806377278,20,,,,,,,0.14555999636650085,0.15136000514030457,0.14700845032930374,0.14674049615859985,0.0014353347753649295,20,0.015200000256299973,0.019440000876784325,0.01575205000117421,0.015440000221133232,0.0009355111426822823,20,0.05260000005364418,0.056720998138189316,0.05359414983540774,0.05326000042259693,0.0009183143016702049,20,32,32,4096,11008,32768,True,False,False,3488,4,4096,11008,generic,generic,,,CUDA_EVENT,FP16,none
,,,,,,,,,,,,0.06404099613428116,0.13468000292778015,0.071926149725914,0.06558050215244293,0.016913749450174473,20,0.06972000002861023,0.1448809951543808,0.07975035011768342,0.07358049973845482,0.01722628665027368,20,0.03815999999642372,0.08312000334262848,0.04229809995740652,0.039580000564455986,0.009520792321953023,20,,,,,,,0.054200999438762665,0.07680100202560425,0.05711829997599125,0.05594000034034252,0.004691426922152848,20,0.006560000125318766,0.012120000086724758,0.007198049942962826,0.00675999978557229,0.0013290705245710902,20,0.029839999973773956,0.07627999782562256,0.03898804951459169,0.03683999925851822,0.009107755484889193,20,32,32,4096,11008,32768,True,False,False,576,4,4096,11008,generic,generic,,,CUDA_EVENT,FP16,none
,,,,,,,,,,,,0.07023999840021133,0.16580000519752502,0.08779220059514045,0.08256000280380249,0.021607308182879866,20,0.05243999883532524,0.17480100691318512,0.07360220067203045,0.06821999698877335,0.025792072410351894,20,0.04408000037074089,0.10424000024795532,0.05233224984258413,0.04696049913764,0.01633564636975514,20,,,,,,,0.09464000165462494,0.16067999601364136,0.10496429912745953,0.09902000054717064,0.017306441829155354,20,0.009479999542236328,0.015320000238716602,0.010422099940478801,0.009660500101745129,0.0014811143204019135,20,0.030239999294281006,0.08284100145101547,0.03638204978778958,0.0307200001552701,0.015391537978958885,20,32,32,4096,11008,32768,True,False,False,1184,4,4096,11008,generic,generic,,,CUDA_EVENT,FP16,none
,,,,,,,,,,,,0.0674000009894371,0.10236000269651413,0.06970615051686764,0.06785999983549118,0.007501937025572594,20,0.056120000779628754,0.06143999844789505,0.05726225040853024,0.057000501081347466,0.0011478329369516496,20,0.03164000064134598,0.052400000393390656,0.03323209993541241,0.03203999996185303,0.004440506096099005,20,,,,,,,0.12316100299358368,0.13884000480175018,0.12499440051615238,0.12404000014066696,0.003256494014644452,20,0.01336000021547079,0.01592000015079975,0.013880049856379629,0.01372000016272068,0.0005447936040632238,20,0.059400998055934906,0.06156099960207939,0.06027424968779087,0.06021999940276146,0.00047593212743852234,20,32,32,4096,11008,32768,True,False,False,2912,4,4096,11008,generic,generic,,,CUDA_EVENT,FP16,none
,,,,,,,,,,,,0.053679998964071274,0.10408099740743637,0.06013829968869686,0.05542000010609627,0.012447324369287065,20,0.057760000228881836,0.061921000480651855,0.05909004993736744,0.05862000025808811,0.001324274705455758,20,0.035679999738931656,0.06567999720573425,0.04802629984915256,0.04876049980521202,0.0060328810906943855,20,,,,,,,0.09324000030755997,0.10599999874830246,0.10117609910666943,0.10131999850273132,0.0024113231982629225,20,0.01080000028014183,0.012400999665260315,0.011296199960634112,0.011120500043034554,0.0004021613142538359,20,0.038040000945329666,0.04287999868392944,0.03891614954918623,0.03858100064098835,0.0010004202549433727,20,32,32,4096,11008,32768,True,False,False,1936,4,4096,11008,generic,generic,,,CUDA_EVENT,FP16,none
,,,,,,,,,,,,0.06639999896287918,0.18267999589443207,0.07907820008695125,0.06676049903035164,0.030798903412899894,20,0.054760001599788666,0.17624099552631378,0.0626402497291565,0.05543999932706356,0.02617418540385994,20,0.030519999563694,0.10288000106811523,0.03838600004091859,0.0309200007468462,0.01750325822436792,20,,,,,,,0.10772000253200531,0.19952000677585602,0.11917040012776851,0.11146049946546555,0.020222572526519725,20,0.013000000268220901,0.01384000014513731,0.013279999978840351,0.013259999919682741,0.00017251084394527961,20,0.053279999643564224,0.10528100281953812,0.05859215017408133,0.05460000038146973,0.012603008894901417,20,32,32,4096,11008,32768,True,False,False,2752,4,4096,11008,generic,generic,,,CUDA_EVENT,FP16,none
,,,,,,,,,,,,0.049800001084804535,0.15571999549865723,0.06883819960057735,0.05599999986588955,0.032221312314542526,20,0.05559999868273735,0.11311999708414078,0.059932049736380576,0.05642000027000904,0.012363000954077476,20,0.04312000051140785,0.0743200033903122,0.052636149898171426,0.052319999784231186,0.006057423067797759,20,,,,,,,0.09387999773025513,0.12680000066757202,0.10215840041637421,0.10078049823641777,0.006163106940497283,20,0.010359999723732471,0.014840000309050083,0.010932049946859479,0.010619999840855598,0.0010152492398113452,20,0.04404100030660629,0.08592099696397781,0.047166149504482745,0.045259999111294746,0.00890789940034452,20,32,32,4096,11008,32768,True,False,False,1648,4,4096,11008,generic,generic,,,CUDA_EVENT,FP16,none
,,,,,,,,,,,,0.06611999869346619,0.14827999472618103,0.07999025024473667,0.0731009989976883,0.0190512176292755,20,0.06312000006437302,0.1273210048675537,0.07252820059657097,0.06752000004053116,0.0147591353150268,20,0.0414000004529953,0.07639999687671661,0.045954199694097045,0.04422000050544739,0.007156529998804639,20,,,,,,,0.06464000046253204,0.11784099787473679,0.07153814919292927,0.06933999806642532,0.010696864769539864,20,0.0077599999494850636,0.01408000010997057,0.008450000057928264,0.00788000039756298,0.0015017789196362025,20,0.02727999910712242,0.0910400003194809,0.031106000021100044,0.02744000032544136,0.013902766893814937,20,32,32,4096,11008,32768,True,False,False,864,4,4096,11008,generic,generic,,,CUDA_EVENT,FP16,none
,,,,,,,,,,,,0.05959999933838844,0.1467610001564026,0.07031229976564646,0.06314099952578545,0.019603179054279433,20,0.06723999977111816,0.11379999667406082,0.07785814926028252,0.07516000047326088,0.010713066662883861,20,0.03619999811053276,0.07668100297451019,0.0404602000489831,0.03854000009596348,0.008479040986276349,20,,,,,,,0.05048000067472458,0.08083999902009964,0.05430009961128235,0.052780499681830406,0.006266506053966405,20,0.006320000160485506,0.01583999954164028,0.0069059999892488125,0.006440000142902136,0.0020507275714518568,20,0.030479999259114265,0.10328099876642227,0.0367940497584641,0.032579999417066574,0.015374851052271729,20,32,32,4096,11008,32768,True,False,False,512,4,4096,11008,generic,generic,,,CUDA_EVENT,FP16,none
,,,,,,,,,,,,0.07847999781370163,0.13312000036239624,0.08229420036077499,0.07912050187587738,0.011767521296806221,20,0.05723999813199043,0.06428000330924988,0.060600200481712815,0.060400500893592834,0.0017716520274504925,20,0.03392000123858452,0.05875999853014946,0.03706409987062216,0.03610000014305115,0.005024583187464621,20,,,,,,,0.1334809958934784,0.14008000493049622,0.13518844917416573,0.13470099866390228,0.0015973029906666922,20,0.014399999752640724,0.015359999611973763,0.014670000039041042,0.014680000022053719,0.00021424278451395766,20,0.06108099967241287,0.06436000019311905,0.062198199518024924,0.061979999765753746,0.0007300091622484589,20,32,32,4096,11008,32768,True,False,False,3232,4,4096,11008,generic,generic,,,CUDA_EVENT,FP16,none
,,,,,,,,,,,,0.06255999952554703,0.10732000321149826,0.06580219939351081,0.06349999830126762,0.009603901357758073,20,0.05428000167012215,0.058959998190402985,0.05531019978225231,0.054800499230623245,0.0013976162493352143,20,0.026000000536441803,0.05375999957323074,0.02813414968550205,0.026359999552369118,0.0059690096207188235,20,,,,,,,0.10471999645233154,0.1212410032749176,0.10662235021591186,0.10593999922275543,0.0034225828047501038,20,0.012719999998807907,0.016200000420212746,0.01325005004182458,0.013120000250637531,0.0007213120885488212,20,0.04264000058174133,0.047520000487565994,0.04401414971798658,0.04342000000178814,0.0012860856472126237,20,32,32,4096,11008,32768,True,False,False,2656,4,4096,11008,generic,generic,,,CUDA_EVENT,FP16,none
,,,,,,,,,,,,0.08108100295066833,0.16936099529266357,0.09080825001001358,0.08300049975514412,0.02081938885765481,20,0.056759998202323914,0.1841609925031662,0.07195419892668724,0.06323999911546707,0.028079316654200152,20,0.043800000101327896,0.11547999829053879,0.05237805005162954,0.04706050083041191,0.01680257170959317,20,,,,,,,0.08851999789476395,0.16764099895954132,0.09763024933636189,0.0916604995727539,0.01865848853754988,20,0.00860000029206276,0.00887999963015318,0.00869004991836846,0.008679999969899654,7.463947427255764e-05,20,0.031039999797940254,0.10979999601840973,0.0380840502679348,0.031460000202059746,0.020307589019793154,20,32,32,4096,11008,32768,True,False,False,1056,4,4096,11008,generic,generic,,,CUDA_EVENT,FP16,none
,,,,,,,,,,,,0.05107999965548515,0.10544099658727646,0.06448809970170259,0.06272000074386597,0.012771065773307059,20,0.057360999286174774,0.06168099865317345,0.05852244943380356,0.05840099975466728,0.0009026705878020765,20,0.04572099819779396,0.06747999787330627,0.052408050000667575,0.051740000024437904,0.004186347367502538,20,,,,,,,0.09644000232219696,0.10332100093364716,0.09823844991624356,0.09756099805235863,0.0019748475313943895,20,0.01056000031530857,0.01155999954789877,0.010909999907016753,0.010919999796897173,0.0002588821368918215,20,0.03824000060558319,0.04131999984383583,0.03878410011529922,0.03872000053524971,0.0006312172816983263,20,32,32,4096,11008,32768,True,False,False,1808,4,4096,11008,generic,generic,,,CUDA_EVENT,FP16,none
,,,,,,,,,,,,0.058720000088214874,0.1589599996805191,0.0785681001842022,0.07132000103592873,0.023387290695544096,20,0.05283999815583229,0.12963999807834625,0.06056024990975857,0.05522000044584274,0.016791610577259298,20,0.046160001307725906,0.07091999799013138,0.05002404991537333,0.04869999922811985,0.0051718260561135964,20,,,,,,,0.08884099870920181,0.12268099933862686,0.09273844957351685,0.09102049842476845,0.006988648762012961,20,0.009159999899566174,0.01363999955356121,0.009773999825119973,0.009399999864399433,0.001087476006181178,20,0.03728000074625015,0.06855999678373337,0.03975204974412918,0.038279999047517776,0.0066396125911395735,20,32,32,4096,11008,32768,True,False,False,1520,4,4096,11008,generic,generic,,,CUDA_EVENT,FP16,none
,,,,,,,,,,,,0.06704100221395493,0.1538809984922409,0.07873439975082874,0.0725805014371872,0.01918231314782824,20,0.06132100149989128,0.1403999924659729,0.07198414895683528,0.06716000288724899,0.01679825712156884,20,0.03888000175356865,0.0737600028514862,0.04581825025379658,0.0447199996560812,0.006751041572007464,20,,,,,,,0.062001001089811325,0.094760000705719,0.06615610029548406,0.06455999985337257,0.006762868728642073,20,0.007679999805986881,0.009519999846816063,0.008007999951951205,0.007779999868944287,0.0004964835442965789,20,0.026480000466108322,0.07868000119924545,0.03138429997488856,0.027680499479174614,0.011140650241967743,20,32,32,4096,11008,32768,True,False,False,800,4,4096,11008,generic,generic,,,CUDA_EVENT,FP16,none
,,,,,,,,,,,,0.060520000755786896,0.1923999935388565,0.07342615034431219,0.06109999865293503,0.03203898297364832,20,0.05403999984264374,0.2276410013437271,0.0652862498536706,0.05472000129520893,0.037557207896493104,20,0.03311999887228012,0.09184099733829498,0.04946224968880415,0.04627999849617481,0.015922201112524327,20,,,,,,,0.11860000342130661,0.19072100520133972,0.12631440088152884,0.12280000001192093,0.015249437563962938,20,0.012400000356137753,0.013559999875724316,0.01268800012767315,0.012600000016391277,0.00025972286589545163,20,0.04399999976158142,0.08092000335454941,0.04650410022586584,0.044599998742341995,0.007904467006261432,20,32,32,4096,11008,32768,True,False,False,2496,4,4096,11008,generic,generic,,,CUDA_EVENT,FP16,none
,,,,,,,,,,,,0.0604810006916523,0.11980099976062775,0.07020425088703633,0.06340000033378601,0.016616556591106432,20,0.06880000233650208,0.1329600065946579,0.08044030070304871,0.07460050284862518,0.0156173219470529,20,0.03500000014901161,0.07864099740982056,0.03962015006691218,0.03735999949276447,0.009065540800112598,20,,,,,,,0.05016100034117699,0.07667999714612961,0.052756200358271596,0.05121999979019165,0.005637779134980812,20,0.006279999855905771,0.01119999960064888,0.007012049993500113,0.006440000142902136,0.001314816634874567,20,0.024960000067949295,0.08320000022649765,0.03535004984587431,0.03337999992072582,0.011299810017808443,20,32,32,4096,11008,32768,True,False,False,448,4,4096,11008,generic,generic,,,CUDA_EVENT,FP16,none
,,,,,,,,,,,,0.06876000016927719,0.13732099533081055,0.07278824932873248,0.0691399984061718,0.014831180117430492,20,0.056040000170469284,0.06199999898672104,0.05790619943290949,0.057480499148368835,0.001417967988722898,20,0.028680000454187393,0.0565200001001358,0.030636100005358456,0.02916050050407648,0.005964119781121315,20,,,,,,,0.1297599971294403,0.13964100182056427,0.13120435178279877,0.1307400017976761,0.0020688020368109746,20,0.01375999953597784,0.014919999986886978,0.014093999937176704,0.0139999995008111,0.00025338516745581697,20,0.04540000110864639,0.04912099987268448,0.046704200096428394,0.046640001237392426,0.0007456715593069996,20,32,32,4096,11008,32768,True,False,False,2976,4,4096,11008,generic,generic,,,CUDA_EVENT,FP16,none
,,,,,,,,,,,,0.07300099730491638,0.1276399940252304,0.07962229922413826,0.07694050297141075,0.011114917781067274,20,0.05640000104904175,0.066600002348423,0.05805010013282299,0.05719999969005585,0.002715905976568466,20,0.026119999587535858,0.047199998050928116,0.027578149922192097,0.026440500281751156,0.00451691076232541,20,,,,,,,0.09492000192403793,0.11180099844932556,0.09683219939470292,0.09622049704194069,0.0034739299907353915,20,0.013319999910891056,0.018959999084472656,0.01390004986897111,0.013580000028014183,0.001198968589509699,20,0.04479999840259552,0.04684000089764595,0.04559019990265369,0.045500000938773155,0.0005026412430155013,20,32,32,4096,11008,32768,True,False,False,2400,4,4096,11008,generic,generic,,,CUDA_EVENT,FP16,none
,,,,,,,,,,,,0.04887999966740608,0.10155999660491943,0.06405799891799688,0.0602400004863739,0.012553994335812058,20,0.05691999942064285,0.0711200013756752,0.058732399716973305,0.05774050019681454,0.0031148831086189304,20,0.04763999953866005,0.0644410029053688,0.050164050050079824,0.04933999851346016,0.0033897221939418196,20,,,,,,,0.09176000207662582,0.10464099794626236,0.09620244987308979,0.09570049867033958,0.0023579399295412134,20,0.01071999967098236,0.01140000019222498,0.011003999970853329,0.011020000092685223,0.00018542918720211148,20,0.043960001319646835,0.04560000076889992,0.04471199959516525,0.04477999918162823,0.0003697786896397777,20,32,32,4096,11008,32768,True,False,False,1680,4,4096,11008,generic,generic,,,CUDA_EVENT,FP16,none
,,,,,,,,,,,,0.07248000055551529,0.18240000307559967,0.08535415008664131,0.07702000066637993,0.025370152108268592,20,0.061400000005960464,0.2176000028848648,0.08340230006724596,0.07355999946594238,0.03363782245206783,20,0.041519999504089355,0.13364000618457794,0.05245209988206625,0.044200001284480095,0.024639510720419512,20,,,,,,,0.06995999813079834,0.11828099936246872,0.07747224941849709,0.07327999919652939,0.013209903020011168,20,0.008559999987483025,0.009159999899566174,0.008765999972820283,0.00873999996110797,0.00013814486655399245,20,0.027720000594854355,0.07308100163936615,0.03297210009768605,0.02822000067681074,0.013354928279689126,20,32,32,4096,11008,32768,True,False,False,976,4,4096,11008,generic,generic,,,CUDA_EVENT,FP16,none
,,,,,,,,,,,,0.05928099900484085,0.1412000060081482,0.08001620024442672,0.07652049884200096,0.017669571507905178,20,0.05212000012397766,0.1666799932718277,0.06326424945145845,0.056040000170469284,0.024500558660617962,20,0.047439999878406525,0.08116000145673752,0.052392099797725675,0.05100000090897083,0.006869096977543684,20,,,,,,,0.08043999969959259,0.11372099816799164,0.0888583492487669,0.0879799984395504,0.00610243654275286,20,0.00928100012242794,0.011959999799728394,0.009710049908608197,0.00953999999910593,0.0006277076971450297,20,0.038279999047517776,0.06459999829530716,0.04047009963542223,0.03904050029814243,0.005572889621753792,20,32,32,4096,11008,32768,True,False,False,1392,4,4096,11008,generic,generic,,,CUDA_EVENT,FP16,none
,,,,,,,,,,,,0.06744100153446198,0.13708099722862244,0.07660619951784611,0.07053999975323677,0.016462407343775114,20,0.060600001364946365,0.1287200003862381,0.07264229953289032,0.0679204985499382,0.015570449903277675,20,0.04055999964475632,0.08615999668836594,0.04572204984724522,0.04326000064611435,0.00953283460328184,20,,,,,,,0.06384100019931793,0.10091999918222427,0.06700824983417988,0.06518049910664558,0.007837597978984758,20,0.007040000054985285,0.010119999758899212,0.007324000005610287,0.007160000037401915,0.000653225793353292,20,0.029360000044107437,0.09860099852085114,0.03587414985522628,0.03272000141441822,0.014679294938785144,20,32,32,4096,11008,32768,True,False,False,736,4,4096,11008,generic,generic,,,CUDA_EVENT,FP16,none
,,,,,,,,,,,,0.05832099914550781,0.12904000282287598,0.06752225048840046,0.061739999800920486,0.01625587600957865,20,0.07292000204324722,0.1340010017156601,0.08281225003302098,0.07792050018906593,0.015543773339677786,20,0.036720000207424164,0.08935999870300293,0.04176614973694086,0.03902050107717514,0.011018596865562842,20,,,,,,,0.04732099920511246,0.08408000320196152,0.05085015017539263,0.0490999985486269,0.007727845481755431,20,0.006279999855905771,0.01363999955356121,0.00678604997228831,0.006399999838322401,0.0015796218373654062,20,0.03068000078201294,0.06007999926805496,0.03565209973603487,0.03404049947857857,0.005980347673396156,20,32,32,4096,11008,32768,True,False,False,384,4,4096,11008,generic,generic,,,CUDA_EVENT,FP16,none
,,,,,,,,,,,,0.07875999808311462,0.19283999502658844,0.0957602996379137,0.08170050010085106,0.030495381953983606,20,0.05691999942064285,0.16888099908828735,0.06413414981216192,0.0578600000590086,0.024125425385665682,20,0.026119999587535858,0.11828000098466873,0.04329219972714782,0.0362199991941452,0.022983038355008742,20,,,,,,,0.0910400003194809,0.16388000547885895,0.11242230013012885,0.11002049967646599,0.017481543538055932,20,0.011719999834895134,0.012799999676644802,0.011981999920681118,0.011959999799728394,0.00022144076230469254,20,0.04320000112056732,0.07683999836444855,0.047328149899840355,0.04408000037074089,0.00983151492173863,20,32,32,4096,11008,32768,True,False,False,2240,4,4096,11008,generic,generic,,,CUDA_EVENT,FP16,none
,,,,,,,,,,,,0.06852100044488907,0.14308099448680878,0.07293029911816121,0.0692404992878437,0.016098093705699628,20,0.05435999855399132,0.05939999967813492,0.055504100024700166,0.055160000920295715,0.0011943277695002639,20,0.030319999903440475,0.05951999872922897,0.032094099931418894,0.030680499970912933,0.00629545056916962,20,,,,,,,0.10948000103235245,0.12572099268436432,0.11130034886300563,0.11031999811530113,0.0034894126505369974,20,0.013000000268220901,0.019039999693632126,0.013541999878361822,0.013240000233054161,0.0012751454343078838,20,0.05203999951481819,0.0544000007212162,0.05304619986563921,0.053039999678730965,0.000653070837066343,20,32,32,4096,11008,32768,True,False,False,2720,4,4096,11008,generic,generic,,,CUDA_EVENT,FP16,none
,,,,,,,,,,,,0.07008100301027298,0.11643999814987183,0.07449834942817687,0.07218049839138985,0.009708832220755097,20,0.055959999561309814,0.06564100086688995,0.05793014988303184,0.05670049972832203,0.0024324463194337685,20,0.025839999318122864,0.06247999891638756,0.02914399988949299,0.026320000179111958,0.008606531174737532,20,,,,,,,0.08712100237607956,0.11004000157117844,0.09276234991848469,0.08882000297307968,0.00735924989824032,20,0.011640000157058239,0.01432000007480383,0.01197999999858439,0.011880000121891499,0.000551869582006587,20,0.04755999892950058,0.04872100055217743,0.048104199953377245,0.04816050082445145,0.0003074975355043874,20,32,32,4096,11008,32768,True,False,False,2144,4,4096,11008,generic,generic,,,CUDA_EVENT,FP16,none
,,,,,,,,,,,,0.0655599981546402,0.2051209956407547,0.08086009956896305,0.07449999824166298,0.028962867935451518,20,0.05379999801516533,0.07671999931335449,0.05794634968042374,0.05524050071835518,0.005873559576946789,20,0.04636000096797943,0.063960000872612,0.048561999946832655,0.047679999843239784,0.0036451937020621676,20,,,,,,,0.08620099723339081,0.09459999948740005,0.08861654922366143,0.08774000033736229,0.002249620119103985,20,0.009639999829232693,0.010359999723732471,0.009828000189736485,0.009840000420808792,0.00014918438819480317,20,0.03412000089883804,0.03523999825119972,0.03468199986964464,0.03476000018417835,0.0003132987042580385,20,32,32,4096,11008,32768,True,False,False,1552,4,4096,11008,generic,generic,,,CUDA_EVENT,FP16,none
,,,,,,,,,,,,0.06928099691867828,0.1668809950351715,0.08108444958925247,0.07239999622106552,0.023524995660533045,20,0.066880002617836,0.2160400003194809,0.08350014947354793,0.07293999940156937,0.03253256391453013,20,0.040119998157024384,0.10056000202894211,0.04941830039024353,0.04454050026834011,0.01662600508394969,20,,,,,,,0.06752000004053116,0.16540099680423737,0.07894815020263195,0.07043999806046486,0.02634093747820002,20,0.008320000022649765,0.009239999577403069,0.008624049881473184,0.008580000139772892,0.00023879200258378907,20,0.02728099934756756,0.08975999802350998,0.03286024946719408,0.027619999833405018,0.015041796542428638,20,32,32,4096,11008,32768,True,False,False,912,4,4096,11008,generic,generic,,,CUDA_EVENT,FP16,none
,,,,,,,,,,,,0.07576099783182144,0.14652100205421448,0.09030624963343144,0.08633999899029732,0.015706312995895623,20,0.05132000148296356,0.12756000459194183,0.05964219942688942,0.053340498358011246,0.01711360515508829,20,0.04439999908208847,0.07348000258207321,0.048618049919605257,0.04678049869835377,0.006049784742549635,20,,,,,,,0.08100000023841858,0.10936000198125839,0.0866041999310255,0.08574000000953674,0.005467358171131401,20,0.009560000151395798,0.01083999965339899,0.009874000120908022,0.009800000116229057,0.00026054550786003755,20,0.032281000167131424,0.07892099767923355,0.035116149857640264,0.03271999955177307,0.010057234766618888,20,32,32,4096,11008,32768,True,False,False,1264,4,4096,11008,generic,generic,,,CUDA_EVENT,FP16,none
,,,,,,,,,,,,0.06616099923849106,0.12427999824285507,0.07390619963407516,0.06836000084877014,0.014587646877200208,20,0.0634400025010109,0.12784099578857422,0.07526610046625137,0.07104000076651573,0.014887219959973544,20,0.04083999991416931,0.08631999790668488,0.04499209988862276,0.0423399992287159,0.009604806128801071,20,,,,,,,0.058761000633239746,0.0835610032081604,0.062404149770736696,0.06077999994158745,0.005105300122716507,20,0.00687999976798892,0.020560000091791153,0.007796099968254566,0.007079999893903732,0.0029342932833175974,20,0.028759999200701714,0.09003999829292297,0.03840009942650795,0.035019999369978905,0.012386103699378651,20,32,32,4096,11008,32768,True,False,False,672,4,4096,11008,generic,generic,,,CUDA_EVENT,FP16,none
,,,,,,,,,,,,0.056439999490976334,0.10555999726057053,0.06379624996334314,0.05814049951732159,0.013805721743671388,20,0.07252000272274017,0.13711999356746674,0.08585219979286193,0.0808199979364872,0.015061262589280191,20,0.03480000048875809,0.06552000343799591,0.03847029954195023,0.03694099932909012,0.0064885971346296,20,,,,,,,0.04560000076889992,0.09027999639511108,0.0500280499458313,0.047700000926852226,0.0094309425907376,20,0.0061599998734891415,0.022840000689029694,0.007120000012218952,0.006279999855905771,0.0036068824655596586,20,0.029279999434947968,0.0782800018787384,0.03712410032749176,0.03514000028371811,0.009713400654626073,20,32,32,4096,11008,32768,True,False,False,320,4,4096,11008,generic,generic,,,CUDA_EVENT,FP16,none
,,,,,,,,,,,,0.05455999821424484,0.19800099730491638,0.08139029908925295,0.06946050003170967,0.03324850698099407,20,0.05615999922156334,0.22144000232219696,0.06890220027416945,0.0590400006622076,0.035703570906697055,20,0.04816000163555145,0.1143610030412674,0.05632020067423582,0.0508200004696846,0.016997497169728357,20,,,,,,,0.10555999726057053,0.1722410023212433,0.11157239936292171,0.10788049921393394,0.014185409920786705,20,0.01095999963581562,0.011640000157058239,0.011206049984320999,0.011219999752938747,0.0001659863747818308,20,0.038120001554489136,0.08708000183105469,0.04122215006500483,0.03890000097453594,0.01052777211662743,20,32,32,4096,11008,32768,True,False,False,2016,4,4096,11008,generic,generic,,,CUDA_EVENT,FP16,none
,,,,,,,,,,,,0.08219999819993973,0.14956100285053253,0.09179824963212013,0.08518049865961075,0.019044462412891625,20,0.056960999965667725,0.06468000262975693,0.0586801502853632,0.058159999549388885,0.0019045081843443506,20,0.0284000001847744,0.06148099899291992,0.03132615005597472,0.02870000060647726,0.00805531860757316,20,,,,,,,0.08636000007390976,0.11348100006580353,0.0897502988576889,0.08733999729156494,0.007158270229160128,20,0.013439999893307686,0.01940000057220459,0.014460050081834198,0.013939999975264072,0.001350095717931167,20,0.0501599982380867,0.0565200001001358,0.05162614975124598,0.051240500062704086,0.0014307382826255328,20,32,32,4096,11008,32768,True,False,False,2464,4,4096,11008,generic,generic,,,CUDA_EVENT,FP16,none
,,,,,,,,,,,,0.05375999957323074,0.10208000242710114,0.05845215003937483,0.05454050004482269,0.011133754921043473,20,0.05711999908089638,0.061799999326467514,0.05849224980920553,0.058120500296354294,0.0013754730553715508,20,0.031199999153614044,0.06880000233650208,0.04415809996426105,0.043879998847842216,0.008106688349065512,20,,,,,,,0.09691999852657318,0.11032000184059143,0.10501229949295521,0.10516100004315376,0.0029939584288781575,20,0.01092000026255846,0.013120000250637531,0.011246049916371703,0.011119999922811985,0.0004790443734707155,20,0.03824000060558319,0.04115999862551689,0.03887009955942631,0.038759998977184296,0.0005828976470402743,20,32,32,4096,11008,32768,True,False,False,1968,4,4096,11008,generic,generic,,,CUDA_EVENT,FP16,none
,,,,,,,,,,,,0.05820100009441376,0.10691999644041061,0.07594419941306114,0.07485999912023544,0.010083960926843669,20,0.05251999944448471,0.07868000119924545,0.05821429993957281,0.05604050122201443,0.0057752345189097665,20,0.04487999901175499,0.062081001698970795,0.04800805002450943,0.046480000019073486,0.00390741681635358,20,,,,,,,0.08408000320196152,0.09216000139713287,0.08638629950582981,0.08532099798321724,0.0022317290801494895,20,0.009279999881982803,0.013000000268220901,0.009759999951347709,0.0094200000166893,0.0010368414232440957,20,0.03612000122666359,0.03968000039458275,0.03707204982638359,0.036879999563097954,0.000941618651436221,20,32,32,4096,11008,32768,True,False,False,1424,4,4096,11008,generic,generic,,,CUDA_EVENT,FP16,none
,,,,,,,,,,,,0.06964000314474106,0.1743209958076477,0.0810101494193077,0.07251999899744987,0.024344465001657146,20,0.06679999828338623,0.19643999636173248,0.08632634915411472,0.07691999897360802,0.030283311695599616,20,0.041039999574422836,0.11692000180482864,0.04927605018019676,0.04350000061094761,0.018626789353864526,20,,,,,,,0.06483999639749527,0.1265610009431839,0.07183434888720512,0.06771999970078468,0.01366941486598193,20,0.007799999788403511,0.0175199992954731,0.00878600007854402,0.007960000075399876,0.002177972263844053,20,0.02727999910712242,0.11896000057458878,0.03684204975143075,0.02783999964594841,0.02472237424587677,20,32,32,4096,11008,32768,True,False,False,848,4,4096,11008,generic,generic,,,CUDA_EVENT,FP16,none
,,,,,,,,,,,,0.07440000027418137,0.1520799994468689,0.09160625040531159,0.08570050075650215,0.018012935578747582,20,0.05152000114321709,0.12412100285291672,0.05874620005488396,0.05379999987781048,0.015792243812622307,20,0.0450810007750988,0.07528000324964523,0.05019220039248466,0.04839999973773956,0.006207306657939647,20,,,,,,,0.0780399963259697,0.10496000200510025,0.08269614987075329,0.08146050199866295,0.0052915541831255065,20,0.009119999594986439,0.009879999794065952,0.009333999827504158,0.009279999881982803,0.00017310113719631176,20,0.033479999750852585,0.08151999861001968,0.03660015016794205,0.03384049981832504,0.010388122657068403,20,32,32,4096,11008,32768,True,False,False,1136,4,4096,11008,generic,generic,,,CUDA_EVENT,FP16,none
,,,,,,,,,,,,0.07012099772691727,0.13680000603199005,0.07956815026700496,0.07415999844670296,0.015320415882983579,20,0.05875999853014946,0.13064099848270416,0.0690422996878624,0.0650005005300045,0.015417394883753033,20,0.040119998157024384,0.0806799978017807,0.04477804973721504,0.04270000010728836,0.008453870868505896,20,,,,,,,0.0626010000705719,0.10044100135564804,0.0666643500328064,0.06482000276446342,0.00789680042052138,20,0.00687999976798892,0.01140000019222498,0.007428049971349537,0.00699999975040555,0.0010644686031637076,20,0.029079999774694443,0.09988000243902206,0.03402199987322092,0.02997999917715788,0.0152140018870154,20,32,32,4096,11008,32768,True,False,False,608,4,4096,11008,generic,generic,,,CUDA_EVENT,FP16,none
,,,,,,,,,,,,0.053199999034404755,0.12703999876976013,0.06320634968578816,0.05710049904882908,0.01664727234920935,20,0.07700099796056747,0.12780100107192993,0.08506214991211891,0.08158000186085701,0.011578444874320174,20,0.03420000150799751,0.08607999980449677,0.03885020017623901,0.03596000000834465,0.010976669016714647,20,,,,,,,0.04287999868392944,0.09408099949359894,0.04712209980934858,0.04501999914646149,0.010813378656652278,20,0.006120000034570694,0.027639999985694885,0.007388000003993511,0.006240000016987324,0.00465351651444011,20,0.03336000069975853,0.07372000068426132,0.03821614980697632,0.03644050098955631,0.008223038503200105,20,32,32,4096,11008,32768,True,False,False,256,4,4096,11008,generic,generic,,,CUDA_EVENT,FP16,none
,,,,,,,,,,,,0.07872000336647034,0.18984000384807587,0.08951620049774647,0.08022050186991692,0.028205206524076147,20,0.055479999631643295,0.12908099591732025,0.061108199506998064,0.05729999952018261,0.015653191567483966,20,0.02572000026702881,0.09036000072956085,0.030438150092959405,0.026159999892115593,0.014098565890216281,20,,,,,,,0.08987999707460403,0.11676099896430969,0.09505624994635582,0.09088050201535225,0.008432643505920495,20,0.01152000017464161,0.013240000233054161,0.011814099922776222,0.011719999834895134,0.00035691084538087007,20,0.0430000014603138,0.046160001307725906,0.04397815000265837,0.04399999976158142,0.0007065940327823125,20,32,32,4096,11008,32768,True,False,False,2208,4,4096,11008,generic,generic,,,CUDA_EVENT,FP16,none
,,,,,,,,,,,,0.05187999829649925,0.09728000313043594,0.06121014971286058,0.05747999995946884,0.011704383954314536,20,0.05663999915122986,0.06196000054478645,0.05816219989210367,0.05790000036358833,0.001190623249312728,20,0.04608000069856644,0.06552000343799591,0.0506721006706357,0.05040000006556511,0.003724995951155486,20,,,,,,,0.08824100345373154,0.10568100214004517,0.09868240021169186,0.09837999939918518,0.0033257410876903837,20,0.0106800002977252,0.011839999817311764,0.010980049893260003,0.010879999957978725,0.00029512375643559716,20,0.03807999938726425,0.0392800010740757,0.0388621499761939,0.038900500163435936,0.0003068581535020325,20,32,32,4096,11008,32768,True,False,False,1840,4,4096,11008,generic,generic,,,CUDA_EVENT,FP16,none
,,,,,,,,,,,,0.06272000074386597,0.17608000338077545,0.08505424931645393,0.07788099721074104,0.024613168357504787,20,0.05592000111937523,0.20656099915504456,0.06711219977587461,0.05746000073850155,0.03253761339708218,20,0.047839999198913574,0.0995199978351593,0.055060199834406374,0.05058000050485134,0.013864156845601956,20,,,,,,,0.09536000341176987,0.14744000136852264,0.10457629971206188,0.10058049857616425,0.013712610552582423,20,0.0106800002977252,0.013399999588727951,0.011048049945384265,0.01092000026255846,0.000553323736064383,20,0.03771999850869179,0.12424100190401077,0.04374810010194778,0.03865999914705753,0.018733955512318306,20,32,32,4096,11008,32768,True,False,False,1888,4,4096,11008,generic,generic,,,CUDA_EVENT,FP16,none
,,,,,,,,,,,,0.06960000097751617,0.11028099805116653,0.07902044989168644,0.07830049842596054,0.008487816652559937,20,0.052239999175071716,0.08455999940633774,0.05936804972589016,0.057640500366687775,0.006503322547749003,20,0.04340000078082085,0.06128000095486641,0.046756299771368505,0.045900000259280205,0.0036199491737019447,20,,,,,,,0.07940000295639038,0.08827999979257584,0.08148610033094883,0.08123999834060669,0.0018622646692772683,20,0.009800000116229057,0.013439999893307686,0.010274000093340873,0.009920000098645687,0.0008579300046565674,20,0.03587999939918518,0.03736099973320961,0.03641439974308014,0.03638000041246414,0.00034084158414560785,20,32,32,4096,11008,32768,True,False,False,1296,4,4096,11008,generic,generic,,,CUDA_EVENT,FP16,none
,,,,,,,,,,,,0.07259999960660934,0.13439999520778656,0.08135824948549271,0.07482049986720085,0.01712534219992231,20,0.05660000070929527,0.14284099638462067,0.069824150018394,0.06295999884605408,0.019204802779658362,20,0.038120999932289124,0.07744000107049942,0.04643414970487356,0.044759999960660934,0.007513595336059332,20,,,,,,,0.07496099919080734,0.10000099986791611,0.07782025001943112,0.076300498098135,0.005240722500189666,20,0.00860000029206276,0.014279999770224094,0.009138050023466349,0.008760000113397837,0.001247986385462202,20,0.02820100076496601,0.06543999910354614,0.03066204972565174,0.028699999675154686,0.008013138397181539,20,32,32,4096,11008,32768,True,False,False,1016,4,4096,11008,generic,generic,,,CUDA_EVENT,FP16,none
,,,,,,,,,,,,0.0695199966430664,0.17836099863052368,0.08048809990286827,0.07334000244736671,0.023796882471266167,20,0.0652799978852272,0.15972000360488892,0.07723440043628216,0.07291999831795692,0.01948907933209214,20,0.04131999984383583,0.094200998544693,0.04617604985833168,0.04344000108540058,0.01114510389531801,20,,,,,,,0.07419999688863754,0.10391999781131744,0.07779840007424355,0.07580099999904633,0.00625086065248766,20,0.006719999946653843,0.012000000104308128,0.0072540499735623595,0.0068599998485296965,0.0012526958231048122,20,0.028880000114440918,0.08044099807739258,0.03201004983857274,0.0292599992826581,0.01112956487931013,20,32,32,4096,11008,32768,True,False,False,544,4,4096,11008,generic,generic,,,CUDA_EVENT,FP16,none
,,,,,,,,,,,,0.06904000043869019,0.15775999426841736,0.07955614924430847,0.07214000076055527,0.02022445605001926,20,0.0681610032916069,0.23384100198745728,0.08595035001635551,0.0739004984498024,0.037155491376599195,20,0.041919998824596405,0.1199209988117218,0.05103420000523329,0.04474000073969364,0.019516918129381194,20,,,,,,,0.06055999919772148,0.13131999969482422,0.06899625007063151,0.06304049864411354,0.01846069662541481,20,0.007679999805986881,0.016720000654459,0.008232050039805473,0.007779999868944287,0.0019485936974865854,20,0.02855999954044819,0.09312000125646591,0.0364140504039824,0.03343999944627285,0.013985842169559762,20,32,32,4096,11008,32768,True,False,False,784,4,4096,11008,generic,generic,,,CUDA_EVENT,FP16,none
,,,,,,,,,,,,0.05400000140070915,0.14343999326229095,0.06260009910911321,0.055560000240802765,0.020240952558078316,20,0.08011999726295471,0.1228410005569458,0.08778429962694645,0.08433999866247177,0.01166358827260468,20,0.03367999941110611,0.0865200012922287,0.038190050050616264,0.035439999774098396,0.011171031626739209,20,,,,,,,0.0480399988591671,0.08628100156784058,0.051356150023639205,0.049480000510811806,0.008070740668792735,20,0.006200000178068876,0.027240000665187836,0.007742050010710955,0.0063599999994039536,0.0046272513567624015,20,0.021761000156402588,0.07440000027418137,0.03266414999961853,0.030060000717639923,0.010683379329841605,20,32,32,4096,11008,32768,True,False,False,192,4,4096,11008,generic,generic,,,CUDA_EVENT,FP16,none
,,,,,,,,,,,,0.04864000156521797,0.09583999961614609,0.06306820027530194,0.05872049927711487,0.011386111990701902,20,0.056279998272657394,0.0706000030040741,0.05831410009413958,0.05734049901366234,0.0029956056637722335,20,0.050439998507499695,0.06735999882221222,0.052652299776673316,0.05176050029695034,0.0035074513966613665,20,,,,,,,0.0841199979186058,0.09604000300168991,0.09215219989418984,0.09217999875545502,0.0027847795423906734,20,0.010080000385642052,0.010879999957978725,0.010316100064665079,0.010280000045895576,0.00021455273014746884,20,0.044679999351501465,0.04811999946832657,0.04547209981828928,0.04532000049948692,0.0006695233540637606,20,32,32,4096,11008,32768,True,False,False,1712,4,4096,11008,generic,generic,,,CUDA_EVENT,FP16,none
,,,,,,,,,,,,0.05420000106096268,0.15612000226974487,0.06493020039051771,0.05504000000655651,0.025578136893587435,20,0.05747999995946884,0.09324099868535995,0.06091219987720251,0.05870000086724758,0.00769939270779625,20,0.024480000138282776,0.0868000015616417,0.04425009973347187,0.044359998777508736,0.013239431715027807,20,,,,,,,0.0963210016489029,0.15092100203037262,0.10829045064747334,0.10704050213098526,0.010415231375909512,20,0.010879999957978725,0.013159999623894691,0.011219999892637134,0.01107999961823225,0.0005352382320938829,20,0.0384799987077713,0.09756000339984894,0.04222415015101433,0.03914099931716919,0.012712794833688519,20,32,32,4096,11008,32768,True,False,False,2000,4,4096,11008,generic,generic,,,CUDA_EVENT,FP16,none
,,,,,,,,,,,,0.06251999735832214,0.11200100183486938,0.07751634940505028,0.07778050005435944,0.010533006499367677,20,0.05291999876499176,0.07727999985218048,0.0563980495557189,0.054579999297857285,0.005220699342500189,20,0.04275999963283539,0.05979999899864197,0.04658035021275282,0.04560000076889992,0.0036814960797919064,20,,,,,,,0.09080000221729279,0.10099999606609344,0.09501835070550442,0.09508000314235687,0.0030788298154607965,20,0.009399999864399433,0.012199999764561653,0.009670049929991365,0.009560000151395798,0.0005853998585751051,20,0.03012000024318695,0.032680001109838486,0.030857999809086323,0.030739999376237392,0.0005623487233898012,20,32,32,4096,11008,32768,True,False,False,1168,4,4096,11008,generic,generic,,,CUDA_EVENT,FP16,none
,,,,,,,,,,,,0.0676800012588501,0.19140000641345978,0.08860624954104424,0.08066049963235855,0.02736427853978357,20,0.05559999868273735,0.1867610067129135,0.06776614971458912,0.058780498802661896,0.028415894079422674,20,0.04752099886536598,0.10819999873638153,0.05619214940816164,0.050520000979304314,0.016489775717945306,20,,,,,,,0.09883999824523926,0.15263999998569489,0.10475019998848438,0.09984049946069717,0.014939783869969503,20,0.010320000350475311,0.016200000420212746,0.0110640499740839,0.01056000031530857,0.0014575067370581438,20,0.03596000000834465,0.09964100271463394,0.04020609986037016,0.03673999942839146,0.013713698720216883,20,32,32,4096,11008,32768,True,False,False,1760,4,4096,11008,generic,generic,,,CUDA_EVENT,FP16,none
,,,,,,,,,,,,0.07000000029802322,0.13459999859333038,0.07884625010192395,0.0728204995393753,0.01578818508812692,20,0.061719998717308044,0.13087999820709229,0.07249214984476567,0.06938000023365021,0.014475406884304364,20,0.04108000174164772,0.06431999802589417,0.04520619977265596,0.04386050067842007,0.004806641729726579,20,,,,,,,0.06900099664926529,0.09352099895477295,0.07227829955518246,0.07120050117373466,0.004950019120779926,20,0.00848000030964613,0.014159999787807465,0.008997999969869852,0.00863999966531992,0.0012300552586143934,20,0.027639999985694885,0.08696000277996063,0.03093805005773902,0.027900000102818012,0.012856885717695605,20,32,32,4096,11008,32768,True,False,False,952,4,4096,11008,generic,generic,,,CUDA_EVENT,FP16,none
,,,,,,,,,,,,0.06276000291109085,0.12820099294185638,0.07357839979231358,0.06694100052118301,0.016731755065469325,20,0.06415999680757523,0.14499999582767487,0.07793614976108074,0.07296000048518181,0.016705925988603425,20,0.039719998836517334,0.058800000697374344,0.04295424986630678,0.04200099967420101,0.0038678725266186264,20,,,,,,,0.05364000052213669,0.08128000050783157,0.05739209987223148,0.055740000680089,0.0057971464855237605,20,0.006519999820739031,0.007960000075399876,0.00688399993814528,0.006700000027194619,0.0003971699937550737,20,0.0279999990016222,0.08596000075340271,0.03613805016502738,0.03352000005543232,0.011775486465925111,20,32,32,4096,11008,32768,True,False,False,480,4,4096,11008,generic,generic,,,CUDA_EVENT,FP16,none
,,,,,,,,,,,,0.05203999951481819,0.1276399940252304,0.060728099942207334,0.054000500589609146,0.017975889573040405,20,0.07692000269889832,0.13512100279331207,0.08811034932732582,0.08416049927473068,0.013255930174037683,20,0.03255999833345413,0.08748000115156174,0.03689004946500063,0.03368050046265125,0.011742374551405596,20,,,,,,,0.036959998309612274,0.06952100247144699,0.043960199877619746,0.04275999963283539,0.006134948144191861,20,0.006240000016987324,0.02247999981045723,0.007315999991260469,0.006320000160485506,0.003495617786800402,20,0.03596000000834465,0.07096000015735626,0.03964809998869896,0.03752100095152855,0.00735384473325581,20,32,32,4096,11008,32768,True,False,False,128,4,4096,11008,generic,generic,,,CUDA_EVENT,FP16,none
,,,,,,,,,,,,0.062119998037815094,0.152320995926857,0.07805220000445842,0.07024049758911133,0.021709500586568915,20,0.06836000084877014,0.2566010057926178,0.08688840083777905,0.07506050169467926,0.04046171813553365,20,0.0384799987077713,0.14451999962329865,0.04879204984754324,0.04145999997854233,0.024278641915045574,20,,,,,,,0.06032099947333336,0.11603999882936478,0.06692019999027252,0.0633000023663044,0.012565086696279083,20,0.0069599999114871025,0.02696000039577484,0.008078049938194453,0.007079999893903732,0.004332793691093077,20,0.029559999704360962,0.12644100189208984,0.03895009979605675,0.03319999948143959,0.020937286792922914,20,32,32,4096,11008,32768,True,False,False,720,4,4096,11008,generic,generic,,,CUDA_EVENT,FP16,none
,,,,,,,,,,,,0.05835999920964241,0.1834000051021576,0.0736362000927329,0.06797999888658524,0.02605712584965431,20,0.052560001611709595,0.07568100094795227,0.05622225068509579,0.05448000133037567,0.005027517494579154,20,0.04831999912858009,0.0644799992442131,0.050758149847388266,0.04978000000119209,0.003513407901945249,20,,,,,,,0.08603999763727188,0.09523999691009521,0.090328249335289,0.08984049782156944,0.0022001051725384206,20,0.009759999811649323,0.013799999840557575,0.01040805010125041,0.010060000233352184,0.0010095400531869511,20,0.03760100156068802,0.04364100098609924,0.0385561503469944,0.038120001554489136,0.0014092413481210666,20,32,32,4096,11008,32768,True,False,False,1584,4,4096,11008,generic,generic,,,CUDA_EVENT,FP16,none
,,,,,,,,,,,,0.052799999713897705,0.15848100185394287,0.06591019984334708,0.05436000041663647,0.02613449192254796,20,0.05751999840140343,0.07652000337839127,0.06005620006471872,0.0582405012100935,0.004374485882414819,20,0.0312809981405735,0.08748000115156174,0.051074199564754966,0.05084049887955189,0.009822468086819617,20,,,,,,,0.09764000028371811,0.1451600044965744,0.10333634950220585,0.10102050006389618,0.009699991218765093,20,0.010759999975562096,0.012719999998807907,0.011070049973204732,0.01092000026255846,0.0004370824199722017,20,0.038920000195503235,0.09092000126838684,0.042202049680054185,0.039480000734329224,0.011204406092989014,20,32,32,4096,11008,32768,True,False,False,1872,4,4096,11008,generic,generic,,,CUDA_EVENT,FP16,none
,,,,,,,,,,,,0.06943999975919724,0.11388000100851059,0.08352215029299259,0.08220000192523003,0.00829042639826464,20,0.052319999784231186,0.08504100143909454,0.05677830036729574,0.05461999960243702,0.0072694556555759435,20,0.04399999976158142,0.061400000005960464,0.04671404957771301,0.045339999720454216,0.004025937326799136,20,,,,,,,0.0809210017323494,0.0915210023522377,0.08577634990215302,0.0847804993391037,0.002912544031240137,20,0.00851999968290329,0.009080000221729279,0.008682000078260898,0.008659999817609787,0.00012097936374499081,20,0.0309200007468462,0.03700000047683716,0.03169409986585379,0.031120000407099724,0.0015406315596432113,20,32,32,4096,11008,32768,True,False,False,1040,4,4096,11008,generic,generic,,,CUDA_EVENT,FP16,none
,,,,,,,,,,,,0.05031999945640564,0.1854410022497177,0.08818030022084714,0.07664049789309502,0.037751103310160634,20,0.05488000065088272,0.20972099900245667,0.06838614996522666,0.0590404998511076,0.033509985479894026,20,0.0485600009560585,0.11268000304698944,0.05576419997960329,0.05064049921929836,0.015576997203466154,20,,,,,,,0.09604000300168991,0.1480800062417984,0.10534230023622512,0.1004205010831356,0.014063028040930518,20,0.010599999688565731,0.011799999512732029,0.010900049982592464,0.010859999805688858,0.0002571653240221745,20,0.04447999969124794,0.10555999726057053,0.04896019957959652,0.04516050033271313,0.01357378871192814,20,32,32,4096,11008,32768,True,False,False,1632,4,4096,11008,generic,generic,,,CUDA_EVENT,FP16,none
,,,,,,,,,,,,0.06784100085496902,0.1380009949207306,0.07899024970829487,0.07260049879550934,0.016657524989441452,20,0.05848100036382675,0.15116000175476074,0.07063424978405237,0.06590000167489052,0.0194406750200476,20,0.041039999574422836,0.08848100155591965,0.04637820012867451,0.04409999959170818,0.009830295034957085,20,,,,,,,0.06787999719381332,0.10676000267267227,0.07113419994711875,0.06901999935507774,0.00830015810137539,20,0.0077599999494850636,0.012120000086724758,0.00822405021172017,0.007920000236481428,0.0009284210094285711,20,0.02792000025510788,0.07459999620914459,0.03091809991747141,0.02831999957561493,0.010082028518657693,20,32,32,4096,11008,32768,True,False,False,888,4,4096,11008,generic,generic,,,CUDA_EVENT,FP16,none
,,,,,,,,,,,,0.06244000047445297,0.13672100007534027,0.07235219925642014,0.06695999950170517,0.0167866447235877,20,0.06716100126504898,0.13628000020980835,0.07776429988443852,0.07292000204324722,0.016249493215514842,20,0.039041001349687576,0.06592000275850296,0.04224210008978844,0.04075999930500984,0.005543294526003085,20,,,,,,,0.05412000045180321,0.08291999995708466,0.057616349309682846,0.056400999426841736,0.006085506443279542,20,0.006320000160485506,0.007840000092983246,0.006603999994695187,0.006399999838322401,0.0004381598044892773,20,0.026079999282956123,0.08152099698781967,0.03578814957290888,0.03381999954581261,0.010784539886083244,20,32,32,4096,11008,32768,True,False,False,416,4,4096,11008,generic,generic,,,CUDA_EVENT,FP16,none
,,,,,,,,,,,,0.04856099933385849,0.13531999289989471,0.059700099751353264,0.05302000045776367,0.019297030437051874,20,0.07887999713420868,0.1281999945640564,0.08903634957969189,0.08660050109028816,0.010656284118388247,20,0.029680000618100166,0.07124000042676926,0.036368049774318935,0.03415999934077263,0.008266579362105606,20,,,,,,,0.03571999818086624,0.0700799971818924,0.04029609970748425,0.03808099962770939,0.007377691602084995,20,0.006200000178068876,0.02848000079393387,0.007508000079542399,0.006320000160485506,0.004823046504880643,20,0.030319999903440475,0.06972000002861023,0.03481409996747971,0.032320501282811165,0.008270909872439293,20,32,32,4096,11008,32768,True,False,False,64,4,4096,11008,generic,generic,,,CUDA_EVENT,FP16,none
,,,,,,,,,,,,0.06375999748706818,0.11144000291824341,0.07528420053422451,0.07252100110054016,0.010058829158382217,20,0.052000001072883606,0.08036000281572342,0.05659414958208799,0.05459999851882458,0.006115443585576748,20,0.04436099901795387,0.06448099762201309,0.04730420000851154,0.046140000224113464,0.004218538389116854,20,,,,,,,0.08432000130414963,0.09096000343561172,0.08663425035774708,0.08650000020861626,0.001553270113917536,20,0.009519999846816063,0.013919999822974205,0.009902000008150936,0.00965999998152256,0.0009335930222589113,20,0.03764000162482262,0.04163999855518341,0.03830615002661943,0.03802049905061722,0.0009477088496057087,20,32,32,4096,11008,32768,True,False,False,1456,4,4096,11008,generic,generic,,,CUDA_EVENT,FP16,none
,,,,,,,,,,,,0.06552000343799591,0.15479999780654907,0.07788035050034522,0.0695204995572567,0.021851812582782987,20,0.07203999906778336,0.229761004447937,0.09031614921987056,0.08019999787211418,0.03473254061445861,20,0.03903999924659729,0.1162009984254837,0.04846014995127916,0.04275999963283539,0.018320149636367987,20,,,,,,,0.05827999860048294,0.1061599999666214,0.06518209967762231,0.060820501297712326,0.013486644153744877,20,0.006839999929070473,0.026200000196695328,0.007964099990203977,0.007040000054985285,0.00418503377509779,20,0.028960000723600388,0.08448100090026855,0.039088200125843284,0.03495999984443188,0.013177968000592791,20,32,32,4096,11008,32768,True,False,False,656,4,4096,11008,generic,generic,,,CUDA_EVENT,FP16,none
,,,,,,,,,,,,0.05159999802708626,0.16044099628925323,0.07501819990575313,0.06728000193834305,0.025302716096803204,20,0.056400999426841736,0.08900000154972076,0.05940619949251413,0.05750049836933613,0.006908989163323753,20,0.038279999047517776,0.08071999996900558,0.05152805000543594,0.0509600006043911,0.007409001913261969,20,,,,,,,0.09331999719142914,0.12939999997615814,0.09988230057060718,0.09830000251531601,0.007046261576525774,20,0.010160000063478947,0.012000000104308128,0.010610050102695823,0.010499999858438969,0.0004269649222037907,20,0.03548000007867813,0.097680002450943,0.03925810009241104,0.03596000000834465,0.013426752201996416,20,32,32,4096,11008,32768,True,False,False,1744,4,4096,11008,generic,generic,,,CUDA_EVENT,FP16,none
,,,,,,,,,,,,0.06908000260591507,0.09616000205278397,0.07527430094778538,0.07387999817728996,0.005379549129062592,20,0.05923999845981598,0.0862400010228157,0.06410204973071813,0.0627405010163784,0.005481238487796667,20,0.041600000113248825,0.0655210018157959,0.044074250012636186,0.04220050014555454,0.005271758610767286,20,,,,,,,0.06796000152826309,0.07976099848747253,0.0727261494845152,0.07208000123500824,0.0024935029864637105,20,0.00851999968290329,0.011599999852478504,0.008798049949109554,0.008659999817609787,0.0006481297932993108,20,0.027319999411702156,0.03060000017285347,0.02788209980353713,0.027720000594854355,0.0006787103984874388,20,32,32,4096,11008,32768,True,False,False,968,4,4096,11008,generic,generic,,,CUDA_EVENT,FP16,none
,,,,,,,,,,,,0.08196000009775162,0.18192100524902344,0.09349634982645512,0.0857204981148243,0.02362973359227962,20,0.052639998495578766,0.21524100005626678,0.07315025012940168,0.06280050054192543,0.03628021198230781,20,0.04504000023007393,0.12851999700069427,0.0541221497580409,0.04694000072777271,0.02185627565813859,20,,,,,,,0.08820000290870667,0.14844000339508057,0.09519029967486858,0.09033999964594841,0.014207477932429892,20,0.009599999524652958,0.010400000028312206,0.00978400013409555,0.00976000027731061,0.0001646329476591563,20,0.03748000040650368,0.10435999929904938,0.04118010029196739,0.03784000128507614,0.014496781619510513,20,32,32,4096,11008,32768,True,False,False,1504,4,4096,11008,generic,generic,,,CUDA_EVENT,FP16,none
,,,,,,,,,,,,0.06939999759197235,0.1345600038766861,0.07888620086014271,0.07190050184726715,0.01681124444724374,20,0.06267999857664108,0.14300000667572021,0.07404619976878166,0.06770050153136253,0.019236633599092005,20,0.041839998215436935,0.07304000109434128,0.0453121492639184,0.04336000047624111,0.006634627568608643,20,,,,,,,0.062199998646974564,0.09952099621295929,0.06872824933379888,0.0675404965877533,0.007222275180593832,20,0.007519999984651804,0.008440000005066395,0.007747999974526465,0.007699999958276749,0.00021207549438348133,20,0.02727999910712242,0.08696000277996063,0.030785999819636346,0.027579999528825283,0.01291792789132713,20,32,32,4096,11008,32768,True,False,False,824,4,4096,11008,generic,generic,,,CUDA_EVENT,FP16,none
,,,,,,,,,,,,0.062199998646974564,0.13087999820709229,0.07101030051708221,0.06422049924731255,0.01683176582095607,20,0.0689999982714653,0.16680100560188293,0.082014150172472,0.07586000114679337,0.02090516247830376,20,0.03951999917626381,0.07599999755620956,0.043642349913716315,0.041520001366734505,0.00758401102247356,20,,,,,,,0.05116000026464462,0.10588099807500839,0.05541815012693405,0.05298000015318394,0.011603419147036718,20,0.006279999855905771,0.023840000852942467,0.007646000036038459,0.006379999918863177,0.003960571320860449,20,0.02548000030219555,0.0753600001335144,0.036991999950259924,0.03500000014901161,0.009564832408267228,20,32,32,4096,11008,32768,True,False,False,352,4,4096,11008,generic,generic,,,CUDA_EVENT,FP16,none
,,,,,,,,,,,,0.0663599967956543,0.11011999845504761,0.07894429937005043,0.07806049659848213,0.00832746562765348,20,0.054600998759269714,0.08376000076532364,0.060550200007855895,0.058960000053048134,0.006012688506178843,20,0.04376000165939331,0.0623599998652935,0.04611014984548092,0.04514000006020069,0.003974303326523263,20,,,,,,,0.07772000133991241,0.08699999749660492,0.08149615004658699,0.0811999998986721,0.001964818070160789,20,0.009680000133812428,0.013000000268220901,0.010188000136986375,0.01001999992877245,0.0006984668884390334,20,0.03624099865555763,0.03743999823927879,0.036760199815034866,0.03674049861729145,0.0002594378890516792,20,32,32,4096,11008,32768,True,False,False,1328,4,4096,11008,generic,generic,,,CUDA_EVENT,FP16,none
,,,,,,,,,,,,0.03240000084042549,0.08896099776029587,0.03999219983816147,0.034059999510645866,0.014962926729444161,20,0.06860099732875824,0.12680000066757202,0.07814815044403076,0.07232049852609634,0.013433626401408359,20,0.017720000818371773,0.030559999868273735,0.02048604991286993,0.019659999758005142,0.002933990940222655,20,,,,,,,0.01940000057220459,0.027799999341368675,0.02079010000452399,0.020140500739216805,0.0019340013536036586,20,0.005960000213235617,0.025439999997615814,0.00925399987027049,0.008320000022649765,0.004289620481379734,20,0.015279999934136868,0.0279999990016222,0.01796204992569983,0.01664000004529953,0.0028277048530153106,20,32,32,4096,11008,32768,True,False,False,4,4,4096,11008,generic,generic,,,CUDA_EVENT,FP16,none
,,,,,,,,,,,,0.06384000182151794,0.10196100175380707,0.07444810047745705,0.07242050021886826,0.0072749709683798385,20,0.06508100032806396,0.0968799963593483,0.06982039958238602,0.0683399997651577,0.006682792324563058,20,0.04123999923467636,0.05860000103712082,0.043215999566018584,0.04201999865472317,0.0038376328773701016,20,,,,,,,0.06639999896287918,0.07304099947214127,0.06802829951047898,0.06756049767136574,0.0016307626617416947,20,0.00848000030964613,0.009320000186562538,0.00864199995994568,0.00860000029206276,0.00017503149960356476,20,0.026799999177455902,0.029479999095201492,0.027263999916613102,0.027099999599158764,0.0005553232040436955,20,32,32,4096,11008,32768,True,False,False,904,4,4096,11008,generic,generic,,,CUDA_EVENT,FP16,none
,,,,,,,,,,,,0.04975999891757965,0.1671999990940094,0.07185414973646402,0.05829999968409538,0.03497978636440613,20,0.055959999561309814,0.10656099766492844,0.060364199616014955,0.057339999824762344,0.010854908332892745,20,0.04064000025391579,0.07580000162124634,0.0526521498337388,0.0517404992133379,0.006099443351094986,20,,,,,,,0.0963200032711029,0.15832099318504333,0.10313824862241745,0.10039999708533287,0.012829889524758007,20,0.01056000031530857,0.012600000016391277,0.010934000089764594,0.010739999823272228,0.0005421844183192179,20,0.04376000165939331,0.08495999872684479,0.04710625000298023,0.04495999962091446,0.008745303089886395,20,32,32,4096,11008,32768,True,False,False,1616,4,4096,11008,generic,generic,,,CUDA_EVENT,FP16,none
,,,,,,,,,,,,0.06939999759197235,0.1430400013923645,0.08022815063595772,0.07332050055265427,0.017697214965190604,20,0.0644410029053688,0.2112009972333908,0.0826143492013216,0.07358000054955482,0.0317257513568947,20,0.038359999656677246,0.11580000072717667,0.04776814989745617,0.041840000078082085,0.01947051188381422,20,,,,,,,0.060520000755786896,0.10136000066995621,0.06617029942572117,0.06258049793541431,0.010733023666005948,20,0.00687999976798892,0.009560000151395798,0.007217999966815114,0.007040000054985285,0.0006251368089402029,20,0.029200000688433647,0.11256100237369537,0.040836050268262626,0.03415999934077263,0.021104524158209823,20,32,32,4096,11008,32768,True,False,False,592,4,4096,11008,generic,generic,,,CUDA_EVENT,FP16,none
,,,,,,,,,,,,0.07256100326776505,0.16828100383281708,0.09161634966731072,0.08393999934196472,0.021139959278232014,20,0.05443999916315079,0.1834000051021576,0.07483020052313805,0.06665999814867973,0.028060302124265277,20,0.047880999743938446,0.12620000541210175,0.05575019996613264,0.050039999186992645,0.018338550838737127,20,,,,,,,0.08451999723911285,0.15432099997997284,0.09297625049948692,0.08752049878239632,0.017717669886471964,20,0.009399999864399433,0.0106800002977252,0.009642049903050065,0.009599999524652958,0.00026936946081996095,20,0.03815999999642372,0.0952799990773201,0.042398099601268766,0.03872000053524971,0.012743509863213013,20,32,32,4096,11008,32768,True,False,False,1376,4,4096,11008,generic,generic,,,CUDA_EVENT,FP16,none
,,,,,,,,,,,,0.06567999720573425,0.11627999693155289,0.07539419941604138,0.07022050023078918,0.012645443593527199,20,0.06312000006437302,0.14396099746227264,0.07332019992172718,0.06880050152540207,0.017216145205504498,20,0.03951999917626381,0.07004000246524811,0.044408099912106994,0.042159998789429665,0.0070915591659868205,20,,,,,,,0.06019999831914902,0.09171999990940094,0.06612425036728382,0.06506000086665154,0.006063795344292879,20,0.0069599999114871025,0.00812000036239624,0.00716799998190254,0.0070599999744445086,0.00031358575552469826,20,0.029600000008940697,0.07152000069618225,0.0330940498970449,0.030160000547766685,0.009133054059936169,20,32,32,4096,11008,32768,True,False,False,760,4,4096,11008,generic,generic,,,CUDA_EVENT,FP16,none
,,,,,,,,,,,,0.0565200001001358,0.1281999945640564,0.06817409936338663,0.06111999973654747,0.018050399235276016,20,0.07128000259399414,0.17184099555015564,0.08418034873902798,0.07847999781370163,0.021053405556449842,20,0.03880000114440918,0.07435999810695648,0.04332609958946705,0.041099999099969864,0.007510611505242387,20,,,,,,,0.04580099880695343,0.08028099685907364,0.053792299889028075,0.05242050066590309,0.006556018411108125,20,0.006200000178068876,0.021199999377131462,0.007606049929745495,0.006399999838322401,0.0033779855883162508,20,0.022760000079870224,0.063960000872612,0.03605605000630021,0.03563999943435192,0.007369017649306226,20,32,32,4096,11008,32768,True,False,False,288,4,4096,11008,generic,generic,,,CUDA_EVENT,FP16,none
,,,,,,,,,,,,0.05939999967813492,0.09611999988555908,0.0747601993381977,0.07320049777626991,0.00804512412886984,20,0.0530799999833107,0.08636000007390976,0.057076149806380275,0.055280499160289764,0.006954876731409285,20,0.04287999868392944,0.05936000123620033,0.04514615014195442,0.04407999850809574,0.003581596162500174,20,,,,,,,0.09056100249290466,0.10404100269079208,0.09612824991345406,0.09530049934983253,0.0029424896985976727,20,0.009479999542236328,0.010641000233590603,0.00972005003131926,0.00965999998152256,0.00024152040744263113,20,0.031039999797940254,0.03476100042462349,0.03169209994375706,0.031460000202059746,0.0008683513672643607,20,32,32,4096,11008,32768,True,False,False,1200,4,4096,11008,generic,generic,,,CUDA_EVENT,FP16,none
,,,,,,,,,,,,0.07019999623298645,0.10356000065803528,0.07442414872348309,0.0727199986577034,0.007094543804904611,20,0.0644799992442131,0.08660099655389786,0.06861234977841377,0.06724049896001816,0.004718789319355897,20,0.039719998836517334,0.06007999926805496,0.04388209953904152,0.04203999973833561,0.004697867237089788,20,,,,,,,0.06396099925041199,0.07103999704122543,0.06571429930627345,0.06557999923825264,0.001523830288238527,20,0.0077599999494850636,0.009039999917149544,0.007998000108636915,0.00788000039756298,0.0003381064593144089,20,0.02703999914228916,0.02824000082910061,0.027361999824643136,0.0272000003606081,0.00035540978152179037,20,32,32,4096,11008,32768,True,False,False,840,4,4096,11008,generic,generic,,,CUDA_EVENT,FP16,none
,,,,,,,,,,,,0.058880001306533813,0.14531999826431274,0.07724830005317926,0.07234049960970879,0.018662675387365806,20,0.05235999822616577,0.0949610024690628,0.05905814953148365,0.05412000045180321,0.012029106764210817,20,0.0467199981212616,0.0989999994635582,0.05176414996385574,0.04919999837875366,0.010968452287551838,20,,,,,,,0.08683999627828598,0.12464100122451782,0.09058225080370903,0.0887800008058548,0.007881444718327135,20,0.009479999542236328,0.012719999998807907,0.009936049906536936,0.009599999524652958,0.0007984676457539944,20,0.03711999952793121,0.09888000041246414,0.041016099788248536,0.03775999881327152,0.013304838537918006,20,32,32,4096,11008,32768,True,False,False,1488,4,4096,11008,generic,generic,,,CUDA_EVENT,FP16,none
,,,,,,,,,,,,0.06880000233650208,0.22460000216960907,0.0869242500513792,0.07220049947500229,0.039042249007735265,20,0.07575999945402145,0.20556099712848663,0.09152630008757115,0.08382000029087067,0.02834542748843647,20,0.040401000529527664,0.14476099610328674,0.04842635001987219,0.04308050125837326,0.022193542085246133,20,,,,,,,0.07044000178575516,0.12671999633312225,0.07655419930815696,0.07349999994039536,0.011669882493009662,20,0.006639999803155661,0.014639999717473984,0.007927999855019153,0.0068599998485296965,0.002043667243820215,20,0.028920000419020653,0.12376099824905396,0.03446809984743595,0.0296600004658103,0.02050530397166446,20,32,32,4096,11008,32768,True,False,False,528,4,4096,11008,generic,generic,,,CUDA_EVENT,FP16,none
,,,,,,,,,,,,0.07515999674797058,0.16228100657463074,0.08397029973566532,0.07778050005435944,0.019106943915315727,20,0.06136000156402588,0.16359999775886536,0.07314214929938316,0.06801999732851982,0.02103830308310559,20,0.039639998227357864,0.08044099807739258,0.04485614933073521,0.04303999990224838,0.00843590223126135,20,,,,,,,0.06247999891638756,0.08587999641895294,0.06602814923971892,0.0651399977505207,0.004732148645470065,20,0.0069599999114871025,0.00863999966531992,0.007220149971544743,0.0071604999247938395,0.00033946735188999125,20,0.02979999966919422,0.07507999986410141,0.03297204989939928,0.03018050082027912,0.00982968848292065,20,32,32,4096,11008,32768,True,False,False,696,4,4096,11008,generic,generic,,,CUDA_EVENT,FP16,none
,,,,,,,,,,,,0.06780099868774414,0.09528099745512009,0.07895229905843734,0.07863999903202057,0.006198271480306166,20,0.05320100113749504,0.08603999763727188,0.05734414979815483,0.05512000061571598,0.007137881972146014,20,0.04148000106215477,0.0618400014936924,0.04449805039912462,0.04326000064611435,0.004346691941748396,20,,,,,,,0.0896809995174408,0.10080000013113022,0.09276829957962036,0.09238049760460854,0.0025658059430450873,20,0.008559999987483025,0.00887999963015318,0.008712049946188927,0.008700000122189522,8.455076468518457e-05,20,0.030719999223947525,0.03500000014901161,0.03144014989957213,0.030980000272393227,0.0011950818064599617,20,32,32,4096,11008,32768,True,False,False,1072,4,4096,11008,generic,generic,,,CUDA_EVENT,FP16,none
,,,,,,,,,,,,0.08352000266313553,0.17824000120162964,0.09639009982347488,0.08810000121593475,0.021818905779506428,20,0.056359998881816864,0.226841002702713,0.07283045034855604,0.0630205012857914,0.036218314062898826,20,0.043960001319646835,0.10944099724292755,0.051774199865758416,0.04609999991953373,0.017478880970731327,20,,,,,,,0.0796009972691536,0.1401199996471405,0.0888443000614643,0.08380050212144852,0.016056981577338127,20,0.009599999524652958,0.011599999852478504,0.009964000014588238,0.009759999811649323,0.0005558271902125258,20,0.03156000003218651,0.10344000160694122,0.03658609967678785,0.03223999962210655,0.015644308565480894,20,32,32,4096,11008,32768,True,False,False,1248,4,4096,11008,generic,generic,,,CUDA_EVENT,FP16,none
,,,,,,,,,,,,0.05564099922776222,0.1565600037574768,0.06584845017641783,0.05982000008225441,0.021455302952888756,20,0.07311999797821045,0.1889210045337677,0.08620604984462261,0.0805399976670742,0.024026351460279854,20,0.03596000000834465,0.08951999992132187,0.04138839989900589,0.03864100016653538,0.011157406624704349,20,,,,,,,0.05551999807357788,0.09572000056505203,0.0600700493901968,0.05762000009417534,0.008502510153021791,20,0.006240000016987324,0.016680000349879265,0.007088000001385808,0.006320000160485506,0.0024677309691067155,20,0.02548000030219555,0.08107999712228775,0.03620234988629818,0.034620000049471855,0.010887085011118324,20,32,32,4096,11008,32768,True,False,False,224,4,4096,11008,generic,generic,,,CUDA_EVENT,FP16,none
,,,,,,,,,,,,0.07000000029802322,0.10248100012540817,0.07380824945867062,0.07182049751281738,0.007120197514748334,20,0.06520000100135803,0.08788000047206879,0.06962824948132038,0.06800049915909767,0.004807928933573368,20,0.04259999841451645,0.058800000697374344,0.04467809945344925,0.04343999922275543,0.0037036448460290665,20,,,,,,,0.060120001435279846,0.06679999828338623,0.061630249954760075,0.060680000111460686,0.002016516590551776,20,0.0075599998235702515,0.01152000017464161,0.0079220499843359,0.007639999967068434,0.00088616924031595,20,0.028039999306201935,0.03832000121474266,0.028972050081938504,0.0284000001847744,0.0021694902604491896,20,32,32,4096,11008,32768,True,False,False,776,4,4096,11008,generic,generic,,,CUDA_EVENT,FP16,none
,,,,,,,,,,,,0.061879999935626984,0.14052000641822815,0.0808982003480196,0.07612000033259392,0.018654743006820438,20,0.052560001611709595,0.10656099766492844,0.06071819998323917,0.05656049959361553,0.013406473304262008,20,0.04772000014781952,0.12319999933242798,0.05391204990446567,0.05021999962627888,0.01596048198760246,20,,,,,,,0.08256000280380249,0.14452099800109863,0.08922835029661655,0.08658050000667572,0.012796506318445179,20,0.009200000204145908,0.013799999840557575,0.009605999896302819,0.009379999712109566,0.0009756454030585567,20,0.0379600003361702,0.08568000048398972,0.040858099795877935,0.0384799987077713,0.010290141279628098,20,32,32,4096,11008,32768,True,False,False,1360,4,4096,11008,generic,generic,,,CUDA_EVENT,FP16,none
,,,,,,,,,,,,0.06359999626874924,0.17903999984264374,0.07573214881122112,0.06548000127077103,0.02687641502181743,20,0.07212100178003311,0.24116100370883942,0.08992040045559406,0.07965999841690063,0.03587351172116315,20,0.03895999863743782,0.12196099758148193,0.04903614968061447,0.0415400005877018,0.023259407754931804,20,,,,,,,0.052000001072883606,0.09700000286102295,0.05812825001776219,0.054380498826503754,0.012121291123879711,20,0.006560000125318766,0.025960000231862068,0.007735999953001738,0.006639999803155661,0.00419289691215861,20,0.0318400003015995,0.08163999766111374,0.04107609950006008,0.03611999936401844,0.013084321860639877,20,32,32,4096,11008,32768,True,False,False,464,4,4096,11008,generic,generic,,,CUDA_EVENT,FP16,none
,,,,,,,,,,,,0.07171999663114548,0.10688100010156631,0.07634024955332279,0.0740404985845089,0.007354639273512906,20,0.058400001376867294,0.08224000036716461,0.06406814996153117,0.06321999803185463,0.004649047526102802,20,0.03903999924659729,0.057760000228881836,0.0426401499658823,0.04203999973833561,0.003637365592755111,20,,,,,,,0.06988000124692917,0.07683999836444855,0.07200224995613098,0.07180050015449524,0.0013788115783003108,20,0.008559999987483025,0.012160000391304493,0.009065999975427985,0.008799999952316284,0.0008809336747976549,20,0.02768000029027462,0.02824000082910061,0.027940049953758716,0.02792000025510788,0.00014175350050606893,20,32,32,4096,11008,32768,True,False,False,984,4,4096,11008,generic,generic,,,CUDA_EVENT,FP16,none
,,,,,,,,,,,,0.07023999840021133,0.13612000644207,0.07885420024394989,0.07208000123500824,0.016374727877233597,20,0.054999999701976776,0.15572099387645721,0.07103819958865643,0.06494000181555748,0.021262152233810765,20,0.03779999911785126,0.07844000309705734,0.04355209991335869,0.040939999744296074,0.00856198778260826,20,,,,,,,0.059640999883413315,0.08752100169658661,0.06496624983847141,0.06392000243067741,0.005466308612772373,20,0.006680000107735395,0.01095999963581562,0.007029999908991158,0.006779999937862158,0.000918422498543587,20,0.029160000383853912,0.07091999799013138,0.032290049735456704,0.029620000161230564,0.009035078338378025,20,32,32,4096,11008,32768,True,False,False,632,4,4096,11008,generic,generic,,,CUDA_EVENT,FP16,none
,,,,,,,,,,,,0.0559999980032444,0.13371999561786652,0.06467409990727901,0.05768049880862236,0.01828749406946328,20,0.07236000150442123,0.13456100225448608,0.08599040023982525,0.08229999989271164,0.013569763632430867,20,0.03232000023126602,0.09424000233411789,0.04168405048549175,0.03880000114440918,0.012267797626835721,20,,,,,,,0.040640998631715775,0.07304099947214127,0.04891220033168793,0.04796000011265278,0.00586979851339254,20,0.006320000160485506,0.026760000735521317,0.007546000042930245,0.006379999918863177,0.004435101510433582,20,0.03412000089883804,0.07028000056743622,0.03972410056740046,0.038160501047968864,0.007388974362688059,20,32,32,4096,11008,32768,True,False,False,160,4,4096,11008,generic,generic,,,CUDA_EVENT,FP16,none
,,,,,,,,,,,,0.06787999719381332,0.10187999904155731,0.07347424924373627,0.07133999839425087,0.007075025032336953,20,0.062481001019477844,0.09188000112771988,0.06968814991414547,0.0686200000345707,0.0058482151181363734,20,0.03888100013136864,0.05472100153565407,0.041130200028419495,0.040060000494122505,0.0034495207578195872,20,,,,,,,0.05959999933838844,0.06651999801397324,0.06155814975500107,0.06092050112783909,0.001801389113905624,20,0.00699999975040555,0.00824000034481287,0.007286000018939376,0.007199999876320362,0.0003190675008954915,20,0.029200000688433647,0.036479998379945755,0.030146099999547003,0.02964000031352043,0.001639446863835673,20,32,32,4096,11008,32768,True,False,False,712,4,4096,11008,generic,generic,,,CUDA_EVENT,FP16,none
,,,,,,,,,,,,0.08160000294446945,0.16867999732494354,0.09365824908018112,0.08614049851894379,0.02048780420455568,20,0.05428000167012215,0.1897609978914261,0.06974219977855682,0.059699999168515205,0.029326245923749484,20,0.042681001126766205,0.12344100326299667,0.053556250594556334,0.046060001477599144,0.02312662075787803,20,,,,,,,0.08628000319004059,0.12984000146389008,0.09245024994015694,0.0879410021007061,0.012159979672296086,20,0.008679999969899654,0.009800000116229057,0.008877999940887093,0.008799999952316284,0.0002246686672480197,20,0.030160000547766685,0.09768100082874298,0.03556015007197857,0.030620000325143337,0.015234220873743596,20,32,32,4096,11008,32768,True,False,False,1120,4,4096,11008,generic,generic,,,CUDA_EVENT,FP16,none
,,,,,,,,,,,,0.06616000086069107,0.15340100228786469,0.08692220002412795,0.08385999873280525,0.017596850926385393,20,0.05127999931573868,0.1029599979519844,0.05794424954801798,0.05405999906361103,0.011921212257591938,20,0.043880000710487366,0.08680099993944168,0.04937415011227131,0.046880001202225685,0.008765551417742547,20,,,,,,,0.0811609998345375,0.11772000044584274,0.08605630025267601,0.08406000211834908,0.00755063327046514,20,0.009479999542236328,0.011479999870061874,0.009892049897462129,0.009719999972730875,0.000491193390960801,20,0.03144000098109245,0.08956100046634674,0.03497014995664358,0.03195999935269356,0.012542502463512153,20,32,32,4096,11008,32768,True,False,False,1232,4,4096,11008,generic,generic,,,CUDA_EVENT,FP16,none
,,,,,,,,,,,,0.058159999549388885,0.18648000061511993,0.07196214981377125,0.06256050243973732,0.028568904299730035,20,0.07788000255823135,0.2099210023880005,0.09295235015451908,0.08269999921321869,0.029150243320107867,20,0.03787999972701073,0.1074799969792366,0.048146049678325656,0.04268000088632107,0.018345849498940966,20,,,,,,,0.0493599995970726,0.10000000149011612,0.05761014968156815,0.05372050032019615,0.012781703915258583,20,0.006320000160485506,0.023159999400377274,0.007661999994888901,0.006479999981820583,0.003879906589049102,20,0.03984000161290169,0.09956000000238419,0.047832100093364714,0.04228000156581402,0.0164751722682376,20,32,32,4096,11008,32768,True,False,False,400,4,4096,11008,generic,generic,,,CUDA_EVENT,FP16,none
,,,,,,,,,,,,0.0697999969124794,0.1016400009393692,0.07384415082633496,0.07135999947786331,0.007104423535956268,20,0.06696099787950516,0.08879999816417694,0.0708721999078989,0.06949999928474426,0.004558774672062874,20,0.04039999842643738,0.056720998138189316,0.04305609967559576,0.04188049957156181,0.003829948518430138,20,,,,,,,0.06691999733448029,0.07051999866962433,0.06821625009179115,0.06812050193548203,0.0008816343242417669,20,0.008320000022649765,0.014840000309050083,0.009009999968111516,0.00851999968290329,0.0014290626847054321,20,0.027400000020861626,0.02816000021994114,0.027662049792706967,0.02759999968111515,0.00018735486080509933,20,32,32,4096,11008,32768,True,False,False,920,4,4096,11008,generic,generic,,,CUDA_EVENT,FP16,none
,,,,,,,,,,,,0.06000100076198578,0.13415999710559845,0.07314624935388565,0.0667400024831295,0.017163629388457682,20,0.06452000141143799,0.15580099821090698,0.07636024914681912,0.07133999839425087,0.01885223460803884,20,0.03791999816894531,0.07316000014543533,0.0432381497696042,0.041440000757575035,0.007271617354733418,20,,,,,,,0.05551999807357788,0.08912099897861481,0.0604181993752718,0.05864050053060055,0.006843257680374473,20,0.006440000142902136,0.009039999917149544,0.006695999903604389,0.006599999964237213,0.00054042945974453,20,0.029999999329447746,0.07823999971151352,0.037108049541711804,0.0345000009983778,0.009814063492586483,20,32,32,4096,11008,32768,True,False,False,568,4,4096,11008,generic,generic,,,CUDA_EVENT,FP16,none
,,,,,,,,,,,,0.06667999923229218,0.10576000064611435,0.07127619981765747,0.06803999841213226,0.008782454945635752,20,0.06483999639749527,0.09464100003242493,0.07049825005233287,0.06866050139069557,0.006370945547467267,20,0.03627999871969223,0.055160000920295715,0.04128009993582964,0.04016000032424927,0.003750942978119508,20,,,,,,,0.05728000029921532,0.06335999816656113,0.05900415014475584,0.058720000088214874,0.0013688291840953028,20,0.0069599999114871025,0.009519999846816063,0.007277999981306493,0.0071000000461936,0.0005569165004060603,20,0.029360000044107437,0.03748000040650368,0.03207799978554249,0.0318400003015995,0.0022267995458892164,20,32,32,4096,11008,32768,True,False,False,648,4,4096,11008,generic,generic,,,CUDA_EVENT,FP16,none
,,,,,,,,,,,,0.05212000012397766,0.12080000340938568,0.06429810021072627,0.058100501075387,0.015951171565459193,20,0.07144100219011307,0.1340010017156601,0.08466040045022964,0.08071999996900558,0.014605632561969688,20,0.030479999259114265,0.09963999688625336,0.04174009980633855,0.038019999861717224,0.01385359322539422,20,,,,,,,0.04179999977350235,0.07652100175619125,0.045418299920856955,0.043959999457001686,0.007207146952815956,20,0.006279999855905771,0.024720000103116035,0.007361999992281198,0.006440000142902136,0.003984800646234152,20,0.035999998450279236,0.0841199979186058,0.04062009993940592,0.03764050081372261,0.010141444714168366,20,32,32,4096,11008,32768,True,False,False,96,4,4096,11008,generic,generic,,,CUDA_EVENT,FP16,none
,,,,,,,,,,,,0.07412000000476837,0.17023999989032745,0.08459025025367736,0.07634000107645988,0.022574909418455004,20,0.06276000291109085,0.2224009931087494,0.08232024870812893,0.07171999663114548,0.034389652046352366,20,0.04160099849104881,0.11788100004196167,0.05070229973644018,0.04420049861073494,0.019983092678975384,20,,,,,,,0.07248000055551529,0.12380000203847885,0.07881814986467361,0.07533999904990196,0.011739245817963524,20,0.00860000029206276,0.009840000420808792,0.008883999893441796,0.008820000104606152,0.0002788261528883211,20,0.027799999341368675,0.10316099971532822,0.032184199709445235,0.028279999271035194,0.01630352388332535,20,32,32,4096,11008,32768,True,False,False,1008,4,4096,11008,generic,generic,,,CUDA_EVENT,FP16,none
,,,,,,,,,,,,0.06735999882221222,0.15987999737262726,0.08554024957120418,0.07942000031471252,0.020525710221458625,20,0.05167999863624573,0.1140810027718544,0.05994420014321804,0.053779998794198036,0.015214497878280829,20,0.04368000105023384,0.09319999814033508,0.0483601501211524,0.04584000073373318,0.010430595888001753,20,,,,,,,0.09080100059509277,0.12900100648403168,0.09575835093855858,0.09446100145578384,0.00784579770435723,20,0.00863999966531992,0.012600000016391277,0.009219999983906746,0.008820000104606152,0.0009483037571671201,20,0.03084000013768673,0.08612000197172165,0.03409015024080873,0.03116000071167946,0.01195238329215536,20,32,32,4096,11008,32768,True,False,False,1104,4,4096,11008,generic,generic,,,CUDA_EVENT,FP16,none
,,,,,,,,,,,,0.06623999774456024,0.10279999673366547,0.07338029928505421,0.07167999818921089,0.0073519878800553905,20,0.06648000329732895,0.09160000085830688,0.07046614959836006,0.06887999922037125,0.0053935639700207665,20,0.03932100161910057,0.058400001376867294,0.042824150249361995,0.041279999539256096,0.0041252460119944965,20,,,,,,,0.06440000236034393,0.0714000016450882,0.0668380994349718,0.06568000093102455,0.0023633247508539554,20,0.007799999788403511,0.01348000019788742,0.008298000087961555,0.00788000039756298,0.001253824579430329,20,0.02711999975144863,0.03240000084042549,0.02774614989757538,0.027520000003278255,0.001107987677559905,20,32,32,4096,11008,32768,True,False,False,856,4,4096,11008,generic,generic,,,CUDA_EVENT,FP16,none
,,,,,,,,,,,,0.06063999980688095,0.1932010054588318,0.07681434992700815,0.0631599985063076,0.03521956127243722,20,0.0716399997472763,0.22011999785900116,0.09361429959535598,0.08230049908161163,0.033115956489235994,20,0.0392800010740757,0.09300000220537186,0.04384815022349357,0.041179999709129333,0.011376634251572188,20,,,,,,,0.05771999806165695,0.11500000208616257,0.06319019962102175,0.06048000045120716,0.012013540721783214,20,0.006320000160485506,0.016359999775886536,0.0069439999992027875,0.006440000142902136,0.002163012662561362,20,0.02864000014960766,0.14192000031471252,0.041770050209015606,0.03708000108599663,0.02327183723909774,20,32,32,4096,11008,32768,True,False,False,336,4,4096,11008,generic,generic,,,CUDA_EVENT,FP16,none
,,,,,,,,,,,,0.06216000020503998,0.14655999839305878,0.07263629976660013,0.06610050052404404,0.019220813983018753,20,0.06700000166893005,0.14548100531101227,0.07872024960815907,0.07245999947190285,0.017598019563555937,20,0.0363599993288517,0.07327999919652939,0.04262819960713386,0.040840499103069305,0.007355354531231651,20,,,,,,,0.05316099897027016,0.08919999748468399,0.05678409989923239,0.05530000105500221,0.007532395870074391,20,0.006200000178068876,0.009720000438392162,0.006584050017409027,0.006320000160485506,0.000801215168143241,20,0.026280999183654785,0.0777600035071373,0.03435210017487407,0.031980000436306,0.010246677002312077,20,32,32,4096,11008,32768,True,False,False,504,4,4096,11008,generic,generic,,,CUDA_EVENT,FP16,none
,,,,,,,,,,,,0.06960000097751617,0.10264000296592712,0.07479215040802956,0.07254000008106232,0.007141355857808091,20,0.05700099840760231,0.10152000188827515,0.06795435044914484,0.06540049985051155,0.00847261046744039,20,0.03784000128507614,0.05536000058054924,0.04163000024855137,0.04098000004887581,0.0033059916565324034,20,,,,,,,0.060120001435279846,0.06515999883413315,0.0613342996686697,0.061120498925447464,0.0010438865976617126,20,0.006839999929070473,0.01140000019222498,0.007391999941319227,0.0069599999114871025,0.001261782963781327,20,0.028960000723600388,0.03920000046491623,0.030433999933302404,0.02979999966919422,0.0022576546356641016,20,32,32,4096,11008,32768,True,False,False,584,4,4096,11008,generic,generic,,,CUDA_EVENT,FP16,none
,,,,,,,,,,,,0.07248000055551529,0.14960099756717682,0.08183634951710701,0.07462050020694733,0.019066753686633634,20,0.05180000141263008,0.12488000094890594,0.06682615000754595,0.06252000108361244,0.01529723953087822,20,0.04200100153684616,0.08104000240564346,0.04667020011693239,0.04486050084233284,0.008068877728284473,20,,,,,,,0.07187999784946442,0.12620000541210175,0.07744820043444633,0.0747005008161068,0.011268095269698125,20,0.008559999987483025,0.011920000426471233,0.008961999835446478,0.00875999964773655,0.0007299837039596576,20,0.02783999964594841,0.08608099818229675,0.031122149806469677,0.028180000372231007,0.012613306551778239,20,32,32,4096,11008,32768,True,False,False,1000,4,4096,11008,generic,generic,,,CUDA_EVENT,FP16,none
,,,,,,,,,,,,0.07019999623298645,0.18264000117778778,0.0842181995511055,0.07433999702334404,0.025818080496646762,20,0.07091999799013138,0.22304099798202515,0.08674229979515076,0.07553999871015549,0.03332299097182629,20,0.042160000652074814,0.12704099714756012,0.05167624987661838,0.04434000141918659,0.023034712779264516,20,,,,,,,0.06752000004053116,0.11683999747037888,0.07519614957273006,0.07082000002264977,0.013624608630208283,20,0.00860000029206276,0.012199999764561653,0.00907205007970333,0.00872000027447939,0.000887545299902554,20,0.027480000630021095,0.10444100201129913,0.033196050114929675,0.028099999763071537,0.01720741020332158,20,32,32,4096,11008,32768,True,False,False,944,4,4096,11008,generic,generic,,,CUDA_EVENT,FP16,none
,,,,,,,,,,,,0.052319999784231186,0.1401199996471405,0.06200214996933937,0.05593999847769737,0.01892844968518579,20,0.07308000326156616,0.16432100534439087,0.08530635014176369,0.07930050045251846,0.01889977395954639,20,0.02287999913096428,0.05683999881148338,0.02874804977327585,0.027439999394118786,0.006638720866847417,20,,,,,,,0.039239998906850815,0.09120099991559982,0.04417820014059544,0.041240500286221504,0.010882625230878469,20,0.006279999855905771,0.022439999505877495,0.007533999998122454,0.006440000142902136,0.0035587249339307306,20,0.03432000055909157,0.07171999663114548,0.03770804982632399,0.03540000133216381,0.00800166596586454,20,32,32,4096,11008,32768,True,False,False,32,4,4096,11008,generic,generic,,,CUDA_EVENT,FP16,none
,,,,,,,,,,,,0.06860099732875824,0.10363999754190445,0.0733121994882822,0.07138000056147575,0.0074885655036193615,20,0.06468000262975693,0.09099999815225601,0.07010019943118095,0.0690000019967556,0.005418957823249105,20,0.041200000792741776,0.05852099880576134,0.043386200070381166,0.04220000095665455,0.0037775001934412297,20,,,,,,,0.05979999899864197,0.06627999991178513,0.061542249657213687,0.061480000615119934,0.0013120186530951007,20,0.007600000128149986,0.00848000030964613,0.007770000025629997,0.007720000110566616,0.0001819341595693806,20,0.02807999961078167,0.033640000969171524,0.02901010001078248,0.02850000001490116,0.0015125864666212432,20,32,32,4096,11008,32768,True,False,False,792,4,4096,11008,generic,generic,,,CUDA_EVENT,FP16,none
,,,,,,,,,,,,0.0626399964094162,0.130280002951622,0.0724202997982502,0.06482050195336342,0.01752966218583286,20,0.06759999692440033,0.16916100680828094,0.08040819987654686,0.07420000061392784,0.022340894469407877,20,0.03491999953985214,0.06571999937295914,0.04183010030537844,0.04018000140786171,0.006136119255115786,20,,,,,,,0.049880001693964005,0.08083999902009964,0.05552409961819649,0.054179999977350235,0.006216762641874149,20,0.006039999891072512,0.01083999965339899,0.0066439999965950845,0.0061599998734891415,0.0011960534672365716,20,0.021239999681711197,0.06599999964237213,0.03275214964523911,0.03162049874663353,0.008745288885493724,20,32,32,4096,11008,32768,True,False,False,440,4,4096,11008,generic,generic,,,CUDA_EVENT,FP16,none
,,,,,,,,,,,,0.07044000178575516,0.14504000544548035,0.07625625059008598,0.07210050150752068,0.015905506336472502,20,0.06772000342607498,0.08088099956512451,0.071892249584198,0.0717799998819828,0.0025888949023688984,20,0.03956000134348869,0.04360099881887436,0.04145609997212887,0.041420500725507736,0.001113177557975013,20,,,,,,,0.0702809989452362,0.0825200006365776,0.07257625013589859,0.07158049941062927,0.0026492723437803885,20,0.006680000107735395,0.008080000057816505,0.00694599999114871,0.006920000072568655,0.00028235439920278575,20,0.028599999845027924,0.030079999938607216,0.028974050004035235,0.028880000114440918,0.0003294338405740059,20,32,32,4096,11008,32768,True,False,False,520,4,4096,11008,generic,generic,,,CUDA_EVENT,FP16,none
,,,,,,,,,,,,0.053599998354911804,0.15428100526332855,0.0693662503734231,0.060920000076293945,0.02403775415527977,20,0.08055999875068665,0.183119997382164,0.09516219981014729,0.08710050210356712,0.02418160259110651,20,0.03791999816894531,0.12612000107765198,0.049262150190770626,0.04130049981176853,0.02336337948899287,20,,,,,,,0.04983999952673912,0.10384000092744827,0.05678210016340017,0.05245999991893768,0.01379484661282354,20,0.006240000016987324,0.03988000005483627,0.008560000034049154,0.006320000160485506,0.007530885763260751,20,0.025119999423623085,0.09991999715566635,0.039274049922823906,0.0342399999499321,0.01767688428289587,20,32,32,4096,11008,32768,True,False,False,272,4,4096,11008,generic,generic,,,CUDA_EVENT,FP16,none
,,,,,,,,,,,,0.07000000029802322,0.14219999313354492,0.0786582488566637,0.07254050299525261,0.017227451155544818,20,0.05964000150561333,0.10740000009536743,0.07000214997678995,0.06686049699783325,0.011337436925485441,20,0.04095999896526337,0.09012000262737274,0.0463640496134758,0.04408000037074089,0.010193263929057067,20,,,,,,,0.06651999801397324,0.1090409979224205,0.07251424826681614,0.07077999785542488,0.008498218778705303,20,0.00848000030964613,0.008679999969899654,0.008559999940916895,0.008539999835193157,6.572664059183342e-05,20,0.027639999985694885,0.09707999974489212,0.03190014977008104,0.02783999964594841,0.015026451806650553,20,32,32,4096,11008,32768,True,False,False,936,4,4096,11008,generic,generic,,,CUDA_EVENT,FP16,none
,,,,,,,,,,,,0.07116000354290009,0.19132000207901,0.08389815017580986,0.0742805004119873,0.027799862066642016,20,0.0631600022315979,0.2223609983921051,0.08377629928290845,0.07266049832105637,0.03513532562772273,20,0.041120000183582306,0.11244100332260132,0.050594250112771987,0.044120000675320625,0.018904081167615727,20,,,,,,,0.06583999842405319,0.12347999960184097,0.07083619982004166,0.06776050105690956,0.012215591571611959,20,0.007799999788403511,0.008559999987483025,0.007955999998375773,0.00791999977082014,0.00015435025458271218,20,0.027400000020861626,0.08468099683523178,0.03145409999415279,0.027720000594854355,0.012443029233494425,20,32,32,4096,11008,32768,True,False,False,880,4,4096,11008,generic,generic,,,CUDA_EVENT,FP16,none
,,,,,,,,,,,,0.06428000330924988,0.0960799977183342,0.06916024945676327,0.06762049719691277,0.006599037962639453,20,0.06656099855899811,0.09591999650001526,0.07148020043969154,0.06928050145506859,0.00658197323585838,20,0.038120001554489136,0.05440099909901619,0.04036820027977228,0.03930000029504299,0.0035123187783431395,20,,,,,,,0.059039998799562454,0.06436000019311905,0.06151815000921488,0.06145999953150749,0.001098131518648267,20,0.006920000072568655,0.009639999829232693,0.007235999964177608,0.007040000054985285,0.0005877278113472807,20,0.02916100062429905,0.03604000061750412,0.02997409999370575,0.02948049921542406,0.0015276367116340817,20,32,32,4096,11008,32768,True,False,False,728,4,4096,11008,generic,generic,,,CUDA_EVENT,FP16,none
,,,,,,,,,,,,0.0634400025010109,0.09312000125646591,0.0675140492618084,0.06550049781799316,0.0064545207251078904,20,0.06548099964857101,0.09480000287294388,0.07388045005500317,0.07214049994945526,0.005719454606120023,20,0.03864099830389023,0.05864100158214569,0.041204099729657176,0.03978000022470951,0.004398276225535615,20,,,,,,,0.05164099857211113,0.058159999549388885,0.05394414998590946,0.05329999886453152,0.0020823872252490193,20,0.006479999981820583,0.010280000045895576,0.006827999977394939,0.006599999964237213,0.0008255035045994683,20,0.02572000026702881,0.04035999998450279,0.032000049762427804,0.03219999931752682,0.0034269181712265743,20,32,32,4096,11008,32768,True,False,False,456,4,4096,11008,generic,generic,,,CUDA_EVENT,FP16,none
,,,,,,,,,,,,0.05920000001788139,0.12775999307632446,0.06918629910796881,0.0627404972910881,0.016876206530739696,20,0.07159999758005142,0.1398410052061081,0.08094215095043182,0.0763000026345253,0.015597739149304563,20,0.038359999656677246,0.06855999678373337,0.04309614971280098,0.041199998930096626,0.0065632307355080275,20,,,,,,,0.047600001096725464,0.09415999799966812,0.052938049845397475,0.05120000056922436,0.009538794154969573,20,0.006120000034570694,0.016759999096393585,0.00706999993417412,0.006279999855905771,0.0024924484469207166,20,0.02775999903678894,0.07276000082492828,0.03566619977355003,0.03318049944937229,0.009067575368016018,20,32,32,4096,11008,32768,True,False,False,376,4,4096,11008,generic,generic,,,CUDA_EVENT,FP16,none
,,,,,,,,,,,,0.0546410009264946,0.19588099420070648,0.07335829976946115,0.05829999968409538,0.04050692745000745,20,0.08204100281000137,0.21368099749088287,0.0978422500193119,0.08780049905180931,0.030184929216150572,20,0.03548000007867813,0.09096000343561172,0.04083015006035566,0.03767999820411205,0.0117481063250173,20,,,,,,,0.05852000042796135,0.1321209967136383,0.06462429966777564,0.060999998822808266,0.015559108037835029,20,0.006200999952852726,0.020840000361204147,0.007048049941658974,0.00634000007994473,0.0031646061139094382,20,0.026079999282956123,0.10648000240325928,0.034848100133240224,0.03044000081717968,0.01676591757946489,20,32,32,4096,11008,32768,True,False,False,208,4,4096,11008,generic,generic,,,CUDA_EVENT,FP16,none
,,,,,,,,,,,,0.06740099936723709,0.14604100584983826,0.07928635068237781,0.07292000204324722,0.018258120704349696,20,0.05835999920964241,0.12483999878168106,0.06811214946210384,0.06358049809932709,0.015044737580028757,20,0.03736000135540962,0.08647999912500381,0.045662200264632705,0.04370050132274628,0.00963721067415043,20,,,,,,,0.06468000262975693,0.08980000019073486,0.06991419978439808,0.06888049840927124,0.004931792577276454,20,0.0077599999494850636,0.012319999746978283,0.008525999984703958,0.007939999923110008,0.001352938957662459,20,0.027480000630021095,0.08120100200176239,0.030594099964946508,0.027799999341368675,0.011639933195426054,20,32,32,4096,11008,32768,True,False,False,872,4,4096,11008,generic,generic,,,CUDA_EVENT,FP16,none
,,,,,,,,,,,,0.06895999610424042,0.19516099989414215,0.08399630002677441,0.07426000013947487,0.02846841996071905,20,0.06864000111818314,0.22460100054740906,0.08493425063788891,0.07688049972057343,0.03324787936857733,20,0.04100000113248825,0.12060000002384186,0.050600099936127664,0.043460000306367874,0.02161777536913782,20,,,,,,,0.06419999897480011,0.15492099523544312,0.07189429923892021,0.0665999986231327,0.019531086810051917,20,0.0077599999494850636,0.011001000180840492,0.008066100045107305,0.007860500365495682,0.0007031322074495398,20,0.02696000039577484,0.08848000317811966,0.03114404985681176,0.027759999968111515,0.013294634003183045,20,32,32,4096,11008,32768,True,False,False,816,4,4096,11008,generic,generic,,,CUDA_EVENT,FP16,none
,,,,,,,,,,,,0.06040000170469284,0.12796099483966827,0.07139814980328082,0.06644000113010406,0.014795968454802223,20,0.06707999855279922,0.09628000110387802,0.07282635010778904,0.07026050239801407,0.007598902816604583,20,0.03675999864935875,0.054760001599788666,0.04044604972004891,0.03937999904155731,0.0038131812163470307,20,,,,,,,0.05756000056862831,0.06508000195026398,0.05918025020509958,0.05900000035762787,0.0014980238551592223,20,0.00687999976798892,0.007519999984651804,0.007004049932584166,0.0069599999114871025,0.00013908146545906798,20,0.029360000044107437,0.03956000134348869,0.03233805000782013,0.030340000055730343,0.0030236626925358528,20,32,32,4096,11008,32768,True,False,False,664,4,4096,11008,generic,generic,,,CUDA_EVENT,FP16,none
,,,,,,,,,,,,0.06080000102519989,0.09179999679327011,0.06416404936462641,0.06227999925613403,0.006613164659525498,20,0.0743200033903122,0.09764000028371811,0.07858834974467754,0.07623999938368797,0.005660968258096886,20,0.039080001413822174,0.05700000002980232,0.041382049955427644,0.0403400007635355,0.003697516129436466,20,,,,,,,0.050999999046325684,0.0530799999833107,0.051968049816787244,0.05210000090301037,0.000602252012681444,20,0.006240000016987324,0.007120000198483467,0.006424200022593141,0.0063599999994039536,0.00020090434888349966,20,0.03691999986767769,0.04879999905824661,0.0408459996804595,0.04002000018954277,0.0033260254112482046,20,32,32,4096,11008,32768,True,False,False,392,4,4096,11008,generic,generic,,,CUDA_EVENT,FP16,none
,,,,,,,,,,,,0.05291999876499176,0.12256000190973282,0.06620414964854718,0.060340000316500664,0.016359893919739937,20,0.07116000354290009,0.15612100064754486,0.08536024987697602,0.08094049990177155,0.018202026911036697,20,0.03751999884843826,0.06300000101327896,0.04120605010539293,0.039739999920129776,0.0055978973997856465,20,,,,,,,0.04548000171780586,0.07180000096559525,0.050854199938476084,0.049799999222159386,0.005096165547286629,20,0.006120000034570694,0.009039999917149544,0.0064860000275075436,0.006240000016987324,0.0007774084930918998,20,0.026240000501275063,0.07184000313282013,0.036910150106996296,0.03538000024855137,0.008458564532728701,20,32,32,4096,11008,32768,True,False,False,312,4,4096,11008,generic,generic,,,CUDA_EVENT,FP16,none
,,,,,,,,,,,,0.05443999916315079,0.1687610000371933,0.0670082999393344,0.05710100010037422,0.02714317983888714,20,0.0790800005197525,0.23956100642681122,0.10138015076518059,0.09196000173687935,0.034077167875088826,20,0.03420000150799751,0.10723999887704849,0.04373620003461838,0.03766000084578991,0.020201116501628084,20,,,,,,,0.04355999827384949,0.10660000145435333,0.05169409979134798,0.0461800005286932,0.016958830056315512,20,0.006320000160485506,0.020560000091791153,0.007938050082884729,0.006440000142902136,0.004156488281739794,20,0.03232000023126602,0.094200000166893,0.03969630002975464,0.03504050150513649,0.01537322418007837,20,32,32,4096,11008,32768,True,False,False,144,4,4096,11008,generic,generic,,,CUDA_EVENT,FP16,none
,,,,,,,,,,,,0.06300000101327896,0.15960000455379486,0.07741814963519573,0.07083999738097191,0.020388421297989234,20,0.06111999973654747,0.13604100048542023,0.07228430006653071,0.0668804980814457,0.016549298376168194,20,0.038120001554489136,0.07996000349521637,0.0449541000649333,0.042500000447034836,0.008407492495691372,20,,,,,,,0.06415999680757523,0.09967999905347824,0.06945619992911815,0.06786049902439117,0.007168834742513257,20,0.007600000128149986,0.01432000007480383,0.008213999937288463,0.007799999788403511,0.0014669847007539921,20,0.026920000091195107,0.07360000163316727,0.029788050148636103,0.027240000665187836,0.010067847052382038,20,32,32,4096,11008,32768,True,False,False,808,4,4096,11008,generic,generic,,,CUDA_EVENT,FP16,none
,,,,,,,,,,,,0.06911999732255936,0.10227999836206436,0.07376219853758811,0.0715399980545044,0.00743401462190298,20,0.062160998582839966,0.08980099856853485,0.06718029901385307,0.06532000005245209,0.005999811065817786,20,0.038440000265836716,0.055399999022483826,0.04107809979468584,0.04016049951314926,0.0036094690549074325,20,,,,,,,0.060520999133586884,0.06503999978303909,0.061922199465334414,0.06158049963414669,0.001203391728438558,20,0.006800000090152025,0.00872000027447939,0.007113999966531992,0.0069599999114871025,0.0004365822359658142,20,0.029039999470114708,0.03443999961018562,0.030084099899977446,0.02933999989181757,0.001635701568540067,20,32,32,4096,11008,32768,True,False,False,600,4,4096,11008,generic,generic,,,CUDA_EVENT,FP16,none
,,,,,,,,,,,,0.06799999624490738,0.18168099224567413,0.0805261991918087,0.07090000063180923,0.026842659168809693,20,0.06620000302791595,0.2109609991312027,0.08626425005495549,0.07760050147771835,0.030832501805975455,20,0.03911999985575676,0.12164100259542465,0.04945410005748272,0.04202000051736832,0.02081933792533466,20,,,,,,,0.06255999952554703,0.10871999710798264,0.06799219883978366,0.06418049708008766,0.011574544310911539,20,0.007079999893903732,0.012480000033974648,0.007722000079229474,0.0072200000286102295,0.001426406647544956,20,0.029279999434947968,0.08892100304365158,0.0366801499389112,0.03094050008803606,0.013387733903945445,20,32,32,4096,11008,32768,True,False,False,752,4,4096,11008,generic,generic,,,CUDA_EVENT,FP16,none
,,,,,,,,,,,,0.05795999988913536,0.12980100512504578,0.06602014992386103,0.062300000339746475,0.014848046990027007,20,0.07367999851703644,0.08888000249862671,0.07802830003201962,0.0770605020225048,0.0036451339072471885,20,0.038759998977184296,0.047120001167058945,0.040352049842476846,0.03999999910593033,0.001730435232891688,20,,,,,,,0.057280998677015305,0.06340000033378601,0.059258199855685235,0.058700500056147575,0.0015842364382671792,20,0.006279999855905771,0.00851999968290329,0.0066080499906092886,0.006440000142902136,0.0006020690410731802,20,0.023320000618696213,0.036479998379945755,0.03107604952529073,0.03121999930590391,0.002499224300257869,20,32,32,4096,11008,32768,True,False,False,328,4,4096,11008,generic,generic,,,CUDA_EVENT,FP16,none
,,,,,,,,,,,,0.053679998964071274,0.12248100340366364,0.06507815029472112,0.058480000123381615,0.016788333521592123,20,0.07203999906778336,0.1531199961900711,0.08515239916741849,0.08018000051379204,0.016889425139729332,20,0.036959998309612274,0.07231999933719635,0.04012809991836548,0.0379600003361702,0.007580006592520912,20,,,,,,,0.04552000015974045,0.07840000092983246,0.04888219982385635,0.04712050035595894,0.006939307675838474,20,0.005960000213235617,0.013319999910891056,0.006570000015199184,0.006120000034570694,0.001577992363389414,20,0.02979999966919422,0.07484100013971329,0.03755219960585236,0.03603999875485897,0.0088720136158973,20,32,32,4096,11008,32768,True,False,False,248,4,4096,11008,generic,generic,,,CUDA_EVENT,FP16,none
,,,,,,,,,,,,0.052480001002550125,0.18968099355697632,0.07145024966448546,0.05674000084400177,0.0390334693781254,20,0.0827609971165657,0.2006399929523468,0.1029862992465496,0.09410000219941139,0.030836008241124452,20,0.035840000957250595,0.12751999497413635,0.04257404990494251,0.037559999153018,0.019591420296358342,20,,,,,,,0.04304099828004837,0.10463999956846237,0.04953019954264164,0.04674049839377403,0.012832403253096907,20,0.006120000034570694,0.03108000010251999,0.007677999953739345,0.006180000025779009,0.005405115750690817,20,0.03080100007355213,0.08011999726295471,0.03915804987773299,0.03717999905347824,0.009634979409893404,20,32,32,4096,11008,32768,True,False,False,80,4,4096,11008,generic,generic,,,CUDA_EVENT,FP16,none
,,,,,,,,,,,,0.06740099936723709,0.15140099823474884,0.07675229981541634,0.06919999793171883,0.020317542899811775,20,0.059439998120069504,0.14951999485492706,0.07349419910460711,0.06789999827742577,0.019770316479767503,20,0.04052000120282173,0.09359999746084213,0.04481415003538132,0.04203999973833561,0.011302194407679225,20,,,,,,,0.06356000155210495,0.08872000128030777,0.06592619977891445,0.06488049775362015,0.0052788798104035735,20,0.00699999975040555,0.015239999629557133,0.007862049946561455,0.007120000198483467,0.0018857373833325276,20,0.029680000618100166,0.08876000344753265,0.03352610012516379,0.02988000027835369,0.012807327330515136,20,32,32,4096,11008,32768,True,False,False,744,4,4096,11008,generic,generic,,,CUDA_EVENT,FP16,none
,,,,,,,,,,,,0.06892000138759613,0.13527999818325043,0.0751923993229866,0.07155999913811684,0.01395777120579749,20,0.06639999896287918,0.08404000103473663,0.0723680503666401,0.07184000313282013,0.0035118219401395917,20,0.040119998157024384,0.04628000035881996,0.04138824958354235,0.04072050005197525,0.0017510176160219304,20,,,,,,,0.06688100099563599,0.07639999687671661,0.07199009992182255,0.07161999866366386,0.00192996477409037,20,0.006599999964237213,0.007079999893903732,0.006803999957628548,0.006800000090152025,0.0001257934673112773,20,0.02879999950528145,0.033399999141693115,0.02932019978761673,0.02909999992698431,0.0009601082740091929,20,32,32,4096,11008,32768,True,False,False,536,4,4096,11008,generic,generic,,,CUDA_EVENT,FP16,none
,,,,,,,,,,,,0.05688000097870827,0.08884000033140182,0.06071604993194342,0.058479998260736465,0.006864387729804246,20,0.0724409967660904,0.1026809960603714,0.07939444929361343,0.07829999923706055,0.006047300253216623,20,0.038520000874996185,0.05544000118970871,0.040800000354647634,0.03925999999046326,0.003970713079625263,20,,,,,,,0.048521000891923904,0.05420000106096268,0.05079429987818003,0.0505404993891716,0.0015125462615336593,20,0.0061599998734891415,0.009440000168979168,0.006520100100897252,0.006240000016987324,0.0008464160685767752,20,0.02443999983370304,0.039080001413822174,0.031486050132662056,0.03152000159025192,0.003611196008157834,20,32,32,4096,11008,32768,True,False,False,264,4,4096,11008,generic,generic,,,CUDA_EVENT,FP16,none
,,,,,,,,,,,,0.07252100110054016,0.22356000542640686,0.09180430099368095,0.07750000059604645,0.03724693573194021,20,0.06471999734640121,0.24312099814414978,0.08752820007503033,0.07694049924612045,0.036886517675068696,20,0.040119998157024384,0.12516100704669952,0.04677015021443367,0.042800500988960266,0.018059278306647216,20,,,,,,,0.062119998037815094,0.11884099990129471,0.06758629903197289,0.06411999836564064,0.012042241177622122,20,0.0069599999114871025,0.024399999529123306,0.007947999937459826,0.007079999893903732,0.003775120567553815,20,0.029479999095201492,0.1234000027179718,0.03866015030071139,0.03399999998509884,0.019700783750081156,20,32,32,4096,11008,32768,True,False,False,688,4,4096,11008,generic,generic,,,CUDA_EVENT,FP16,none
,,,,,,,,,,,,0.05503999814391136,0.13911999762058258,0.06498219985514879,0.05805999971926212,0.01937221233369938,20,0.07600100338459015,0.1472810059785843,0.08763435035943985,0.08262050151824951,0.015181371007815027,20,0.03612000122666359,0.07224000245332718,0.04011804983019829,0.037460001185536385,0.007880778032686496,20,,,,,,,0.043081000447273254,0.06936000287532806,0.05195415019989014,0.05128000117838383,0.004618700991510699,20,0.006039999891072512,0.008320000022649765,0.006226050015538931,0.006120000034570694,0.00048336471735681806,20,0.026040000841021538,0.08284000307321548,0.032420100085437296,0.029800000600516796,0.011756958557781576,20,32,32,4096,11008,32768,True,False,False,184,4,4096,11008,generic,generic,,,CUDA_EVENT,FP16,none
,,,,,,,,,,,,0.07336000353097916,0.17156000435352325,0.08345619961619377,0.0761604979634285,0.021789470474993775,20,0.056439999490976334,0.17652100324630737,0.0734222011640668,0.06930050253868103,0.0242288282062922,20,0.041600000113248825,0.08436000347137451,0.04526205062866211,0.04312000051140785,0.009048933447757394,20,,,,,,,0.06283999979496002,0.09380099922418594,0.06597429886460304,0.0644804984331131,0.006434571359220943,20,0.0069599999114871025,0.00803999975323677,0.007122049946337939,0.007040000054985285,0.00023439248287061615,20,0.028999999165534973,0.08895999938249588,0.033204049710184334,0.029280499555170536,0.01290761295873478,20,32,32,4096,11008,32768,True,False,False,680,4,4096,11008,generic,generic,,,CUDA_EVENT,FP16,none
,,,,,,,,,,,,0.06335999816656113,0.09512099623680115,0.06685819923877716,0.06432000175118446,0.00713954153628298,20,0.07020100206136703,0.09731999784708023,0.0750922504812479,0.07402050122618675,0.005475142889680242,20,0.03748000040650368,0.05435999855399132,0.03986009992659092,0.03872000053524971,0.0034518861829882603,20,,,,,,,0.05132000148296356,0.057999998331069946,0.05308219995349646,0.052819998934865,0.001427696863932898,20,0.006479999981820583,0.011239999905228615,0.00686404996085912,0.006599999964237213,0.0010138410277985507,20,0.02443999983370304,0.03959999978542328,0.03169005019590258,0.03174000047147274,0.0030942941236968,20,32,32,4096,11008,32768,True,False,False,472,4,4096,11008,generic,generic,,,CUDA_EVENT,FP16,none
,,,,,,,,,,,,0.04904000088572502,0.12104000151157379,0.06168404966592789,0.05833999998867512,0.013996893595511916,20,0.07212000340223312,0.08612100034952164,0.07961829975247384,0.07897999882698059,0.0031963708741286146,20,0.03519999980926514,0.04571999981999397,0.03727804999798536,0.0367600005120039,0.0022507465613233876,20,,,,,,,0.058240000158548355,0.06328000128269196,0.05963425002992153,0.059640999883413315,0.0010182669235143517,20,0.006120000034570694,0.0069599999114871025,0.006284050014801324,0.006240000016987324,0.00017883972028481687,20,0.02304000034928322,0.035280000418424606,0.027504000067710876,0.027160000056028366,0.002856834362769408,20,32,32,4096,11008,32768,True,False,False,200,4,4096,11008,generic,generic,,,CUDA_EVENT,FP16,none
,,,,,,,,,,,,0.0485600009560585,0.16860100626945496,0.06475434992462396,0.05304049886763096,0.030695150856639528,20,0.07227999716997147,0.21060000360012054,0.0926682498306036,0.08176000043749809,0.03117548718765267,20,0.025359999388456345,0.0647210031747818,0.030330050084739924,0.02816000021994114,0.008266244054808415,20,,,,,,,0.037161000072956085,0.09611999988555908,0.042100100219249724,0.03890000097453594,0.012528521850592143,20,0.006279999855905771,0.025679999962449074,0.008607999957166611,0.006499999901279807,0.0045131912869941955,20,0.03099999949336052,0.08088099956512451,0.03681814968585968,0.03366000019013882,0.010357590009059815,20,32,32,4096,11008,32768,True,False,False,16,4,4096,11008,generic,generic,,,CUDA_EVENT,FP16,none
,,,,,,,,,,,,0.052239999175071716,0.11376000195741653,0.06181019991636276,0.05612049996852875,0.015098775921453417,20,0.07547999918460846,0.15076099336147308,0.08816229999065399,0.08378000184893608,0.017041947306048678,20,0.029600000008940697,0.08383999764919281,0.03907209942117333,0.03664050064980984,0.010539299242833549,20,,,,,,,0.04032000154256821,0.07988099753856659,0.046030199900269506,0.0440600011497736,0.00799256194707859,20,0.006039999891072512,0.016119999811053276,0.006956000020727516,0.0061599998734891415,0.0022458102678026707,20,0.027799999341368675,0.0849199965596199,0.04077204940840602,0.03890000097453594,0.010561298466320364,20,32,32,4096,11008,32768,True,False,False,120,4,4096,11008,generic,generic,,,CUDA_EVENT,FP16,none
,,,,,,,,,,,,0.06772100180387497,0.14904099702835083,0.08066630065441131,0.07392049953341484,0.020682261955064944,20,0.0668409988284111,0.21403999626636505,0.08517629913985729,0.07454000040888786,0.033012479392976156,20,0.03815999999642372,0.1138409972190857,0.04895814992487431,0.04240000061690807,0.020463585779746038,20,,,,,,,0.061480000615119934,0.10924100130796432,0.06926829908043146,0.0650005005300045,0.0125132660836925,20,0.006839999929070473,0.02184000052511692,0.007752000028267503,0.007019999902695417,0.0032333414213808983,20,0.030239999294281006,0.1212799996137619,0.04153614975512028,0.034140000119805336,0.023027362952793534,20,32,32,4096,11008,32768,True,False,False,624,4,4096,11008,generic,generic,,,CUDA_EVENT,FP16,none
,,,,,,,,,,,,0.06944099813699722,0.14952099323272705,0.07907434925436974,0.07298049703240395,0.01801597348138088,20,0.05711999908089638,0.11315999925136566,0.06908009964972735,0.06365999951958656,0.014203350000768248,20,0.03936000168323517,0.08628100156784058,0.04477020017802715,0.04225999861955643,0.009722414597871116,20,,,,,,,0.06120000034570694,0.11103999614715576,0.06624409984797239,0.06416049972176552,0.010325743216657185,20,0.006839999929070473,0.0077599999494850636,0.007030049967579543,0.00699999975040555,0.0001875554517787691,20,0.028920000419020653,0.08204100281000137,0.032862200029194356,0.029600500129163265,0.011410842978177467,20,32,32,4096,11008,32768,True,False,False,616,4,4096,11008,generic,generic,,,CUDA_EVENT,FP16,none
,,,,,,,,,,,,0.0618400014936924,0.09904100000858307,0.06618625055998564,0.06398050114512444,0.0078241089417931,20,0.07184100151062012,0.0989999994635582,0.07624420039355755,0.07495999708771706,0.005561496334574821,20,0.036720000207424164,0.05460000038146973,0.03945014998316765,0.03821999952197075,0.004175836251537193,20,,,,,,,0.04876000061631203,0.053720999509096146,0.0517620999366045,0.05164000019431114,0.0010588971767647047,20,0.006200000178068876,0.011799999512732029,0.006630000006407499,0.0063599999994039536,0.0011888060084994064,20,0.0221599992364645,0.03968000039458275,0.03127209981903434,0.030980000272393227,0.0029620199814209855,20,32,32,4096,11008,32768,True,False,False,408,4,4096,11008,generic,generic,,,CUDA_EVENT,FP16,none
,,,,,,,,,,,,0.05527999997138977,0.1207600012421608,0.060986149869859216,0.056619999930262566,0.013985567604465544,20,0.07872000336647034,0.09140100330114365,0.08286635093390941,0.08226000145077705,0.003050618259298634,20,0.03483999893069267,0.03920099884271622,0.036622149869799614,0.03670000098645687,0.0009456515694707649,20,,,,,,,0.05124000087380409,0.05700000002980232,0.05276820007711649,0.05238049849867821,0.0013883405112321981,20,0.006200000178068876,0.010520000010728836,0.006519999983720481,0.006279999855905771,0.0009271893028113908,20,0.025960000231862068,0.035760000348091125,0.032856099866330625,0.03368050046265125,0.002494819604721136,20,32,32,4096,11008,32768,True,False,False,136,4,4096,11008,generic,generic,,,CUDA_EVENT,FP16,none
,,,,,,,,,,,,0.04848000034689903,0.14032100141048431,0.06095825023949146,0.053999999538064,0.020006172085337167,20,0.0774800032377243,0.15343999862670898,0.08868220038712024,0.08449999988079071,0.016326760695410596,20,0.03468000143766403,0.06236099824309349,0.038312149606645106,0.03611999936401844,0.0062373087558669875,20,,,,,,,0.03748000040650368,0.07412000000476837,0.041594100184738636,0.03938000090420246,0.007911820128961782,20,0.006000000052154064,0.021399999037384987,0.006919999979436398,0.00610000011511147,0.0033280863206540208,20,0.03255999833345413,0.06695999950170517,0.036382149532437326,0.03439999930560589,0.00729863256665079,20,32,32,4096,11008,32768,True,False,False,56,4,4096,11008,generic,generic,,,CUDA_EVENT,FP16,none
,,,,,,,,,,,,0.06976000219583511,0.22816099226474762,0.08969624936580659,0.0737604983150959,0.04083096533581661,20,0.07159999758005142,0.21712100505828857,0.0901523008942604,0.08116000145673752,0.030669285639595572,20,0.039799999445676804,0.09960000216960907,0.04612605012953282,0.0432599987834692,0.01240541862103657,20,,,,,,,0.05700000002980232,0.11203999817371368,0.06248010024428367,0.05958000011742115,0.011541642125030492,20,0.006800000090152025,0.01116000022739172,0.007131999940611422,0.006920000072568655,0.0009282327917170876,20,0.03516000136733055,0.08483999967575073,0.04089010059833527,0.038160501047968864,0.010362337265877606,20,32,32,4096,11008,32768,True,False,False,560,4,4096,11008,generic,generic,,,CUDA_EVENT,FP16,none
,,,,,,,,,,,,0.05996000021696091,0.09248100221157074,0.06357430014759302,0.06148099899291992,0.007014410561012483,20,0.0703200027346611,0.09815999865531921,0.07737019956111908,0.07606000080704689,0.005370994039731874,20,0.03776000067591667,0.05660000070929527,0.04005815032869577,0.03892050124704838,0.003980529920054936,20,,,,,,,0.04836000129580498,0.055399999022483826,0.05051015000790358,0.04969999939203262,0.0021838924326042426,20,0.006279999855905771,0.009359999559819698,0.006713999970816076,0.00634000007994473,0.0008635067538888483,20,0.023560000583529472,0.03800100088119507,0.03222205014899373,0.03270000033080578,0.003156278689744696,20,32,32,4096,11008,32768,True,False,False,344,4,4096,11008,generic,generic,,,CUDA_EVENT,FP16,none
,,,,,,,,,,,,0.06763999909162521,0.17520000040531158,0.07790425010025501,0.07152049988508224,0.022802766878192736,20,0.06520000100135803,0.1746000051498413,0.07715420015156269,0.07078050076961517,0.022777602209713664,20,0.040720000863075256,0.09967999905347824,0.04576609991490841,0.04244000092148781,0.012482861610827706,20,,,,,,,0.0713609978556633,0.11323999613523483,0.07647419869899749,0.07422049716114998,0.008624133224949641,20,0.00675999978557229,0.008919999934732914,0.006982049928046763,0.00687999976798892,0.00046257740051224857,20,0.02879999950528145,0.06632000207901001,0.03096600007265806,0.029039999470114708,0.008117135671762452,20,32,32,4096,11008,32768,True,False,False,552,4,4096,11008,generic,generic,,,CUDA_EVENT,FP16,none
,,,,,,,,,,,,0.05415999889373779,0.1204409971833229,0.059462199732661244,0.056040000170469284,0.014134939472496765,20,0.07840000092983246,0.08612000197172165,0.08250029981136323,0.08244049921631813,0.0015202135566372915,20,0.03508000075817108,0.04447999969124794,0.036798099800944326,0.03646000102162361,0.00190930143342776,20,,,,,,,0.04332000017166138,0.047279998660087585,0.04440424982458353,0.044240500777959824,0.0009033636495298302,20,0.006240000016987324,0.00699999975040555,0.00637405002489686,0.006320000160485506,0.00018426783289039172,20,0.034040000289678574,0.041839998215436935,0.03581814989447594,0.03540000133216381,0.0016809146946771762,20,32,32,4096,11008,32768,True,False,False,72,4,4096,11008,generic,generic,,,CUDA_EVENT,FP16,none
,,,,,,,,,,,,0.027960000559687614,0.07491999864578247,0.039522149786353114,0.0351599995046854,0.012049138378089741,20,0.06703999638557434,0.135561004281044,0.07609430029988289,0.06996049731969833,0.015715675538147962,20,0.016519999131560326,0.02988000027835369,0.020926100108772515,0.020179999992251396,0.0030580227887392905,20,,,,,,,0.018719999119639397,0.026040000841021538,0.021142150089144707,0.020899999886751175,0.0016518033897685897,20,0.0058399997651577,0.019279999658465385,0.008423999976366758,0.007419999921694398,0.0030286471233328892,20,0.01387999951839447,0.025839999318122864,0.01782404975965619,0.017319999635219574,0.002114183868343331,20,32,32,4096,11008,32768,True,False,False,2,4,4096,11008,generic,generic,,,CUDA_EVENT,FP16,none
,,,,,,,,,,,,0.05460000038146973,0.08935999870300293,0.05982814989984035,0.05756000056862831,0.0072236953257392815,20,0.07520099729299545,0.10416100174188614,0.08014430031180382,0.07890100032091141,0.005870578166271886,20,0.03711999952793121,0.05483999848365784,0.039276099391281606,0.038679998368024826,0.0036253098264466773,20,,,,,,,0.044840000569820404,0.05648000165820122,0.049548200145363805,0.049459999427199364,0.002231978651599936,20,0.0061599998734891415,0.01080000028014183,0.006764000025577843,0.006300000008195639,0.0012778669625655055,20,0.01988000050187111,0.03640099987387657,0.03049604995176196,0.031159999780356884,0.003240051509785628,20,32,32,4096,11008,32768,True,False,False,280,4,4096,11008,generic,generic,,,CUDA_EVENT,FP16,none
,,,,,,,,,,,,0.06324099749326706,0.1751209944486618,0.07663634940981864,0.06696049869060516,0.026151803144973763,20,0.07180000096559525,0.19307999312877655,0.08904024958610535,0.0815804973244667,0.026596904982598917,20,0.03779999911785126,0.11500000208616257,0.04785019960254431,0.04089999943971634,0.02125489243967051,20,,,,,,,0.05339999869465828,0.1061209961771965,0.05899614952504635,0.05495999939739704,0.012817139624812032,20,0.006279999855905771,0.018240999430418015,0.007484049955382943,0.006440000142902136,0.00313696975955618,20,0.032600998878479004,0.08867999911308289,0.041534200124442575,0.03778050094842911,0.012713321106759955,20,32,32,4096,11008,32768,True,False,False,496,4,4096,11008,generic,generic,,,CUDA_EVENT,FP16,none
,,,,,,,,,,,,0.062119998037815094,0.11892099678516388,0.07180224917829037,0.06670000031590462,0.014470110562806858,20,0.06640099734067917,0.11140000075101852,0.07562425062060356,0.07138049975037575,0.011664624154168848,20,0.03872000053524971,0.08316099643707275,0.042860249616205694,0.040699999779462814,0.009316597254366713,20,,,,,,,0.050999999046325684,0.08247999846935272,0.05668019987642765,0.05574049986898899,0.006190717972129452,20,0.006200000178068876,0.0116799995303154,0.006871999963186682,0.0063599999994039536,0.0014927342760659235,20,0.02304000034928322,0.08584100008010864,0.03386415019631386,0.03140000067651272,0.012264736485958608,20,32,32,4096,11008,32768,True,False,False,488,4,4096,11008,generic,generic,,,CUDA_EVENT,FP16,none
,,,,,,,,,,,,0.05139999836683273,0.08640100061893463,0.056158199533820154,0.05405999906361103,0.007245043634782261,20,0.07552000135183334,0.1045600026845932,0.08089419975876808,0.07920049875974655,0.005940186192314541,20,0.03203999996185303,0.05403999984264374,0.03510009963065386,0.033940499648451805,0.00451228692266161,20,,,,,,,0.03359999880194664,0.04188000038266182,0.035626149736344814,0.03495999984443188,0.0020131072391211,20,0.006120000034570694,0.00699999975040555,0.006285999994724989,0.006240000016987324,0.00018730719569339937,20,0.030640000477433205,0.039319999516010284,0.03311810037121177,0.032579999417066574,0.0018429986923026239,20,32,32,4096,11008,32768,True,False,False,8,4,4096,11008,generic,generic,,,CUDA_EVENT,FP16,none
,,,,,,,,,,,,0.05395999923348427,0.12200000137090683,0.06112015042454004,0.05712000094354153,0.014296474549492741,20,0.07587999850511551,0.08640100061893463,0.08147224970161915,0.08162050321698189,0.0026989656602339194,20,0.03483999893069267,0.03988099843263626,0.036078099720180036,0.03586000017821789,0.0010815600419271814,20,,,,,,,0.05403999984264374,0.06272099912166595,0.05530209988355637,0.054760001599788666,0.0019285866211888984,20,0.006120000034570694,0.007201000116765499,0.006314100022427738,0.006240000016987324,0.00025163722753966254,20,0.0233599990606308,0.034081000834703445,0.030586149729788303,0.030239999294281006,0.0021889251066143723,20,32,32,4096,11008,32768,True,False,False,216,4,4096,11008,generic,generic,,,CUDA_EVENT,FP16,none
,,,,,,,,,,,,0.06224000081419945,0.1334410011768341,0.07161634992808104,0.06522000208497047,0.0175213910438297,20,0.06583999842405319,0.14008000493049622,0.07791020013391972,0.07293999940156937,0.017098685004047657,20,0.037480998784303665,0.07088000327348709,0.041364199668169024,0.039739999920129776,0.00702162319089517,20,,,,,,,0.05071999877691269,0.09843999892473221,0.05633609928190708,0.05439999885857105,0.009759618606601638,20,0.0061599998734891415,0.012000000104308128,0.006724000023677945,0.006320000160485506,0.0013509641042222602,20,0.026599999517202377,0.07128000259399414,0.03399015022441745,0.031700000166893005,0.008878538274688447,20,32,32,4096,11008,32768,True,False,False,424,4,4096,11008,generic,generic,,,CUDA_EVENT,FP16,none
,,,,,,,,,,,,0.06459999829530716,0.17172099649906158,0.07710829935967922,0.06788050010800362,0.025169336598580234,20,0.07383999973535538,0.20424099266529083,0.09041224978864193,0.08100049942731857,0.027848016456068672,20,0.0384799987077713,0.12399999797344208,0.04811204951256513,0.04179999977350235,0.020653928190734177,20,,,,,,,0.05127999931573868,0.13220000267028809,0.0603261498734355,0.05446000024676323,0.01881641374882398,20,0.006200000178068876,0.02419999986886978,0.007702050008811056,0.0063599999994039536,0.004199783074469943,20,0.03156000003218651,0.08748000115156174,0.038448050059378146,0.03505999967455864,0.011808648244309083,20,32,32,4096,11008,32768,True,False,False,432,4,4096,11008,generic,generic,,,CUDA_EVENT,FP16,none
,,,,,,,,,,,,0.05400000140070915,0.09300100058317184,0.05785624962300062,0.05501999892294407,0.008578021435658684,20,0.0801599994301796,0.10939999669790268,0.08357219956815243,0.08173999935388565,0.0061846195359316946,20,0.03471999987959862,0.05087999999523163,0.036608050018548964,0.035440001636743546,0.0035009164593017388,20,,,,,,,0.041919998824596405,0.050599999725818634,0.04484209977090359,0.044439999386668205,0.0016137544939530092,20,0.006200000178068876,0.006399999838322401,0.006305999984033406,0.006300000008195639,6.72606306420327e-05,20,0.03139999881386757,0.03652000054717064,0.0348641499876976,0.03471999987959862,0.001256592931799016,20,32,32,4096,11008,32768,True,False,False,152,4,4096,11008,generic,generic,,,CUDA_EVENT,FP16,none
,,,,,,,,,,,,0.059439998120069504,0.13548000156879425,0.0682441994547844,0.06276049837470055,0.016981337974340104,20,0.07088000327348709,0.14776000380516052,0.08124630004167557,0.07598049938678741,0.017905660907975466,20,0.03751999884843826,0.0830800011754036,0.043246099911630156,0.041120000183582306,0.009287023202883975,20,,,,,,,0.049320001155138016,0.08764000236988068,0.05264209993183613,0.0508200004696846,0.008075013080560366,20,0.0061599998734891415,0.01971999928355217,0.007028049975633621,0.006279999855905771,0.002925462754051188,20,0.03060000017285347,0.07159999758005142,0.03564009983092546,0.03329999931156635,0.008573646603489351,20,32,32,4096,11008,32768,True,False,False,360,4,4096,11008,generic,generic,,,CUDA_EVENT,FP16,none
,,,,,,,,,,,,0.061639998108148575,0.16259999573230743,0.07272414918988943,0.06439999863505363,0.02319719796895534,20,0.07536099851131439,0.23596100509166718,0.09682840034365654,0.0881199985742569,0.033435911953756677,20,0.039799999445676804,0.12748099863529205,0.04915424976497888,0.04150049947202206,0.02297353479942704,20,,,,,,,0.049240000545978546,0.09836000204086304,0.05715819969773293,0.05265999957919121,0.01344567093532225,20,0.006240000016987324,0.022679999470710754,0.008146049920469522,0.0064199999906122684,0.004455398516678763,20,0.02396100014448166,0.10395999997854233,0.038820050098001956,0.03625999949872494,0.015636501965339413,20,32,32,4096,11008,32768,True,False,False,368,4,4096,11008,generic,generic,,,CUDA_EVENT,FP16,none
,,,,,,,,,,,,0.05375999957323074,0.08636000007390976,0.05784209966659546,0.055700499564409256,0.006936225115292393,20,0.07532099634408951,0.10604099929332733,0.08209639973938465,0.08090000227093697,0.006044951390278696,20,0.033640000969171524,0.05584000051021576,0.0360920500010252,0.03490000031888485,0.004619584780561824,20,,,,,,,0.038440000265836716,0.05435999855399132,0.042370150052011016,0.040200499817728996,0.004847628803013601,20,0.006200000178068876,0.01071999967098236,0.006706000003032386,0.006300000008195639,0.0010329200464421681,20,0.023800000548362732,0.039719998836517334,0.033550099842250346,0.034379998221993446,0.00375856641520818,20,32,32,4096,11008,32768,True,False,False,88,4,4096,11008,generic,generic,,,CUDA_EVENT,FP16,none
,,,,,,,,,,,,0.05584000051021576,0.14300000667572021,0.0682081501930952,0.060499999672174454,0.020227680873397894,20,0.06599999964237213,0.1454010009765625,0.08286425024271012,0.07780000194907188,0.01751063489174311,20,0.037080999463796616,0.07896000146865845,0.04158009998500347,0.039400000125169754,0.008746041546258491,20,,,,,,,0.04355999827384949,0.07863999903202057,0.05102014932781458,0.04973999969661236,0.00658172697968145,20,0.006000000052154064,0.01979999989271164,0.006868049991317094,0.0061599998734891415,0.002972935435777056,20,0.030400000512599945,0.06571999937295914,0.03631410030648112,0.03428000025451183,0.00727462066092619,20,32,32,4096,11008,32768,True,False,False,296,4,4096,11008,generic,generic,,,CUDA_EVENT,FP16,none
,,,,,,,,,,,,0.05843999981880188,0.163441002368927,0.07063620015978814,0.0614400003105402,0.024897171560575942,20,0.07716000080108643,0.2255609929561615,0.09781434945762157,0.08826049789786339,0.03194481005034632,20,0.03791999816894531,0.11804000288248062,0.04711009990423918,0.04024000093340874,0.020553237913007137,20,,,,,,,0.04832100123167038,0.0920799970626831,0.053302299603819846,0.04965999908745289,0.01116241380016129,20,0.0061599998734891415,0.024480000138282776,0.008055999968200922,0.006320000160485506,0.005265562065410023,20,0.03511999920010567,0.11712099611759186,0.04269820004701615,0.038820501416921616,0.01721767216980217,20,32,32,4096,11008,32768,True,False,False,304,4,4096,11008,generic,generic,,,CUDA_EVENT,FP16,none
,,,,,,,,,,,,0.05104000121355057,0.11931999772787094,0.05696014985442162,0.05284000001847744,0.01448635553155231,20,0.0737600028514862,0.08704099804162979,0.08260629959404468,0.08221999928355217,0.0027396979118461976,20,0.02319999970495701,0.029519999399781227,0.02654209975153208,0.02653999999165535,0.00134648717421837,20,,,,,,,0.038279999047517776,0.04376000165939331,0.039868099801242354,0.0396799985319376,0.0011895559274752792,20,0.006120000034570694,0.007120000198483467,0.006380000011995434,0.006279999855905771,0.0002371497724279425,20,0.030959999188780785,0.037039998918771744,0.03294809991493821,0.03244050033390522,0.0015657861531514726,20,32,32,4096,11008,32768,True,False,False,24,4,4096,11008,generic,generic,,,CUDA_EVENT,FP16,none
,,,,,,,,,,,,0.05648000165820122,0.11916100233793259,0.06432020030915737,0.0587799996137619,0.015232362740733642,20,0.07227999716997147,0.14256000518798828,0.08457625024020672,0.08025999739766121,0.015445272592045103,20,0.035760000348091125,0.08727999776601791,0.04076409935951233,0.037559999153018,0.010916836387171858,20,,,,,,,0.044679999351501465,0.07608000189065933,0.04851214978843928,0.04701999947428703,0.006476822728774333,20,0.005960000213235617,0.015799999237060547,0.00663405004888773,0.0060800001956522465,0.0021225635074681453,20,0.02768000029027462,0.0859609991312027,0.03822009982541204,0.035640500485897064,0.011241106761403491,20,32,32,4096,11008,32768,True,False,False,232,4,4096,11008,generic,generic,,,CUDA_EVENT,FP16,none
,,,,,,,,,,,,0.0568000003695488,0.14395999908447266,0.06819424964487553,0.06077999994158745,0.020335178483355955,20,0.07943999767303467,0.2037609964609146,0.0960281990468502,0.08780049905180931,0.026505573708424275,20,0.035679999738931656,0.11640100181102753,0.044886150397360325,0.03836050070822239,0.02022503331349587,20,,,,,,,0.045239999890327454,0.09651999920606613,0.05136609971523285,0.046799998730421066,0.013995100506411791,20,0.0060800001956522465,0.026920000091195107,0.008202000032179057,0.006240000016987324,0.005704573301543187,20,0.035679999738931656,0.10876099765300751,0.04278619959950447,0.03876050002872944,0.015623938953105557,20,32,32,4096,11008,32768,True,False,False,240,4,4096,11008,generic,generic,,,CUDA_EVENT,FP16,none
,,,,,,,,,,,,0.05344000086188316,0.14523999392986298,0.0645081490278244,0.057819999754428864,0.02008323427762513,20,0.07699999958276749,0.14236100018024445,0.08532830066978932,0.08052049949765205,0.0146227597699555,20,0.035679999738931656,0.07835999876260757,0.04056409988552332,0.037420500069856644,0.009065017336187049,20,,,,,,,0.04988100007176399,0.07316099852323532,0.0522182498127222,0.05087999999523163,0.0049051855205953475,20,0.006000000052154064,0.017799999564886093,0.006702000019140541,0.006120000034570694,0.00254682458589608,20,0.02579999901354313,0.08640000224113464,0.03291404992341995,0.02949999924749136,0.012566495068602739,20,32,32,4096,11008,32768,True,False,False,168,4,4096,11008,generic,generic,,,CUDA_EVENT,FP16,none
,,,,,,,,,,,,0.05623999983072281,0.1905210018157959,0.07080830056220293,0.061220500618219376,0.029913207476941924,20,0.07959999889135361,0.2226009964942932,0.10101029984652996,0.09162000194191933,0.03138777464310101,20,0.03551999852061272,0.11695999652147293,0.04530014973133802,0.03762050159275532,0.02312026934222631,20,,,,,,,0.04891999810934067,0.1008009985089302,0.0558441998437047,0.05079999938607216,0.014872308316836162,20,0.0061599998734891415,0.030959999188780785,0.007991999993100763,0.006279999855905771,0.0056142331612985584,20,0.03003999963402748,0.07823999971151352,0.035662099812179805,0.03360000066459179,0.01020256598590755,20,32,32,4096,11008,32768,True,False,False,176,4,4096,11008,generic,generic,,,CUDA_EVENT,FP16,none
,,,,,,,,,,,,0.05395999923348427,0.16432100534439087,0.06432019993662834,0.056199999526143074,0.02504922391757904,20,0.07416000217199326,0.1520400047302246,0.08610030002892018,0.08218000084161758,0.015663578506509256,20,0.03280099853873253,0.09719999879598618,0.039994099736213685,0.03696000017225742,0.01324493337529277,20,,,,,,,0.049320001155138016,0.0957999974489212,0.05350625012069941,0.050980500876903534,0.00983606445905308,20,0.006000000052154064,0.025200000032782555,0.007546000042930245,0.0062200000975281,0.004118762444134462,20,0.028759999200701714,0.06852000206708908,0.040272150095552205,0.03948049992322922,0.007010888761938456,20,32,32,4096,11008,32768,True,False,False,104,4,4096,11008,generic,generic,,,CUDA_EVENT,FP16,none
,,,,,,,,,,,,0.05435999855399132,0.14944100379943848,0.06665829978883267,0.05811999924480915,0.022102666776926856,20,0.08616100251674652,0.19655999541282654,0.10108025036752225,0.09266000241041183,0.024218718226839152,20,0.035599999129772186,0.12284000217914581,0.04497205000370741,0.03710000030696392,0.022707315234921678,20,,,,,,,0.042160000652074814,0.08792000263929367,0.04896414987742901,0.04479999840259552,0.011452324201877832,20,0.006279999855905771,0.0258799996227026,0.008952100039459765,0.0063599999994039536,0.005671908166999268,20,0.031279999762773514,0.10927999764680862,0.04346609972417355,0.038720499724149704,0.017687465765150307,20,32,32,4096,11008,32768,True,False,False,112,4,4096,11008,generic,generic,,,CUDA_EVENT,FP16,none
,,,,,,,,,,,,0.05119999870657921,0.12399999797344208,0.06062819939106703,0.05508049950003624,0.016263793130756297,20,0.0753600001335144,0.1279599964618683,0.08812824971973895,0.08386049792170525,0.013459733646401304,20,0.03139999881386757,0.0803999975323677,0.03874210007488728,0.036399999633431435,0.009740836612271247,20,,,,,,,0.04052000120282173,0.08660099655389786,0.04416609965264797,0.041580500081181526,0.009873796732032043,20,0.006000000052154064,0.02280000038444996,0.007022000057622791,0.006139999954029918,0.0036244608616116344,20,0.0347599983215332,0.06319999694824219,0.03733614943921566,0.03553999960422516,0.006119557509777113,20,32,32,4096,11008,32768,True,False,False,40,4,4096,11008,generic,generic,,,CUDA_EVENT,FP16,none
,,,,,,,,,,,,0.052560001611709595,0.15972000360488892,0.06636210009455681,0.05656000040471554,0.026564279559723982,20,0.08132100105285645,0.2107210010290146,0.10017045103013515,0.09110049903392792,0.02841857328793091,20,0.033799998462200165,0.12691999971866608,0.046406099759042266,0.03667999990284443,0.026010249402597163,20,,,,,,,0.03928099945187569,0.11051999777555466,0.047302200086414815,0.04169999994337559,0.017690588477630515,20,0.006240000016987324,0.03452000021934509,0.009098000032827258,0.006320000160485506,0.008315772809806384,20,0.03311999887228012,0.08312000334262848,0.03928205017000437,0.03531999886035919,0.013116687463418833,20,32,32,4096,11008,32768,True,False,False,48,4,4096,11008,generic,generic,,,CUDA_EVENT,FP16,none
,,,,,,,,,,,,0.03388100117444992,0.08779999613761902,0.04278014954179525,0.03629999980330467,0.015055033605168511,20,0.07304000109434128,0.20368099212646484,0.0873322993516922,0.07710050046443939,0.029402814828316554,20,0.020080000162124634,0.04983999952673912,0.023336100019514562,0.020800000056624413,0.007081800732752046,20,,,,,,,0.01899999938905239,0.041999999433755875,0.022252150066196918,0.01976000051945448,0.006294194875199523,20,0.006120000034570694,0.02816000021994114,0.012321999971754849,0.010080000385642052,0.0059867115205856965,20,0.015639999881386757,0.057440001517534256,0.019318050146102904,0.016339999623596668,0.009437063094830361,20,32,32,4096,11008,32768,True,False,False,1,4,4096,11008,generic,generic,,,CUDA_EVENT,FP16,none
,,,,,,,,,,,,0.05324000120162964,0.16960200667381287,0.06590870022773743,0.05454050004482269,0.031466613708281965,20,0.05716000124812126,0.21988099813461304,0.06852645017206668,0.05882049910724163,0.03501531961994834,20,0.02319999970495701,0.09828099608421326,0.03961030002683401,0.026660500094294548,0.022291355893690846,20,,,,,,,0.08900099992752075,0.17700199782848358,0.10551480017602444,0.10146050155162811,0.022762579025730718,20,0.012880000285804272,0.015479999594390392,0.013450199970975518,0.013319999910891056,0.0005610669311919992,20,0.04211999848484993,0.05575999990105629,0.044326150044798854,0.043600499629974365,0.00292249519125758,20,32,32,4096,11008,32768,True,False,False,4000,8,4096,11008,generic,generic,,,CUDA_EVENT,FP16,none
,,,,,,,,,,,,0.05188100039958954,0.17128199338912964,0.06531469952315092,0.05238049849867821,0.030542275818960796,20,0.056400999426841736,0.19220100343227386,0.0668724499642849,0.057800499722361565,0.02933325073753338,20,0.025241000577807426,0.11836099624633789,0.049560549668967724,0.04872100055217743,0.020322588180893095,20,,,,,,,0.0830409973859787,0.16540099680423737,0.10118874944746495,0.09370050206780434,0.02136964211946753,20,0.012280000373721123,0.013159999623894691,0.012456100014969707,0.012439999729394913,0.00019163729657020292,20,0.04447999969124794,0.10132099688053131,0.0497182996943593,0.044999998062849045,0.014491047454196247,20,32,32,4096,11008,32768,True,False,False,3744,8,4096,11008,generic,generic,,,CUDA_EVENT,FP16,none
,,,,,,,,,,,,0.0501599982380867,0.18552200496196747,0.06400055028498172,0.05110049992799759,0.03319519879398967,20,0.05560100078582764,0.17296099662780762,0.0652564998716116,0.05654099956154823,0.025644797340457177,20,0.03728000074625015,0.09720099717378616,0.05704650040715933,0.0546605009585619,0.013288235105512735,20,,,,,,,0.08732099831104279,0.14388099312782288,0.1006488986313343,0.09596099704504013,0.01433521787858064,20,0.011839999817311764,0.01372000016272068,0.012344000022858381,0.01209999993443489,0.0005781902525051932,20,0.038040999323129654,0.10332100093364716,0.043386499769985674,0.038621000945568085,0.015254417381469635,20,32,32,4096,11008,32768,True,False,False,3488,8,4096,11008,generic,generic,,,CUDA_EVENT,FP16,none
,,,,,,,,,,,,0.04492099955677986,0.15624099969863892,0.06087260004132986,0.049340998753905296,0.02852339032142701,20,0.052080001682043076,0.19692200422286987,0.06849445030093193,0.06042050011456013,0.031251234856756106,20,0.05076099932193756,0.12640099227428436,0.060414699651300904,0.05396050028502941,0.02003239184274781,20,,,,,,,0.08748099952936172,0.15296100080013275,0.09643475078046322,0.09070049971342087,0.01690578022236344,20,0.011359999887645245,0.011839999817311764,0.011544049810618162,0.01153999986127019,0.00011895228130010984,20,0.038839999586343765,0.10432100296020508,0.04540225006639957,0.0392605010420084,0.01845701191262114,20,32,32,4096,11008,32768,True,False,False,3232,8,4096,11008,generic,generic,,,CUDA_EVENT,FP16,none
,,,,,,,,,,,,0.04363999888300896,0.18380099534988403,0.06601654943078757,0.054500000551342964,0.034226419831717196,20,0.05164000019431114,0.1655620038509369,0.06755049973726272,0.06052100099623203,0.024773435266889243,20,0.048441000282764435,0.10456100106239319,0.056078600138425826,0.050859998911619186,0.015879442146189054,20,,,,,,,0.08348099887371063,0.14148199558258057,0.09390684962272644,0.09156099706888199,0.011764833734441735,20,0.01083999965339899,0.015599999576807022,0.011474099894985556,0.010960999876260757,0.0011519467014372647,20,0.03532100096344948,0.10636100172996521,0.039568249881267545,0.03592050075531006,0.015351301877103733,20,32,32,4096,11008,32768,True,False,False,2976,8,4096,11008,generic,generic,,,CUDA_EVENT,FP16,none
,,,,,,,,,,,,0.04092000052332878,0.18792100250720978,0.07371439952403307,0.06498000025749207,0.030515095135842316,20,0.054040998220443726,0.230322003364563,0.0750627500936389,0.0642004981637001,0.0377888821110955,20,0.04859999939799309,0.1154009997844696,0.05754224974662066,0.05150049924850464,0.016480093692493272,20,,,,,,,0.08352000266313553,0.12244100123643875,0.09003059975802899,0.08814049884676933,0.007885466828709484,20,0.010320000350475311,0.01143999956548214,0.010552049893885852,0.010520000010728836,0.00023985163551202855,20,0.03399999812245369,0.10280100256204605,0.037962550297379494,0.03440050035715103,0.014885209508140781,20,32,32,4096,11008,32768,True,False,False,2720,8,4096,11008,generic,generic,,,CUDA_EVENT,FP16,none
,,,,,,,,,,,,0.062119998037815094,0.18960200250148773,0.08282264992594719,0.07562050223350525,0.027698942879631528,20,0.052080001682043076,0.18668200075626373,0.07178250048309565,0.06238100118935108,0.029059396114290124,20,0.04824100062251091,0.11016099900007248,0.056874599866569044,0.051040999591350555,0.016814140284986394,20,,,,,,,0.07407999783754349,0.12828099727630615,0.08543680012226104,0.08400100097060204,0.010528476347794025,20,0.010479999706149101,0.015119999647140503,0.011096050031483173,0.01069999998435378,0.001020910510732909,20,0.03240000084042549,0.1114410012960434,0.03712225016206503,0.033040499314665794,0.01706417031900929,20,32,32,4096,11008,32768,True,False,False,2464,8,4096,11008,generic,generic,,,CUDA_EVENT,FP16,none
,,,,,,,,,,,,0.05076000094413757,0.17472100257873535,0.07487845011055469,0.06756000220775604,0.02679968415336812,20,0.052241001278162,0.1950020045042038,0.07182474937289954,0.062020497396588326,0.03086180001285399,20,0.04600000008940697,0.13644099235534668,0.055874299444258216,0.0493599995970726,0.0208904932004604,20,,,,,,,0.09656000137329102,0.15140199661254883,0.10395084954798221,0.10050099715590477,0.011416318438587406,20,0.009960000403225422,0.01348000019788742,0.010570049984380603,0.010320000350475311,0.0008014730646544021,20,0.027960000559687614,0.10048099607229233,0.03194649973884225,0.028240500018000603,0.015725922156645773,20,32,32,4096,11008,32768,True,False,False,2208,8,4096,11008,generic,generic,,,CUDA_EVENT,FP16,none
,,,,,,,,,,,,0.05347999930381775,0.1469620019197464,0.06445229984819889,0.05475999973714352,0.025506934568422564,20,0.057041000574827194,0.08472099900245667,0.061366799287498,0.058260999619960785,0.0075845297102675015,20,0.023159999400377274,0.10360000282526016,0.03831620002165437,0.03188000060617924,0.019001415885572883,20,,,,,,,0.0859609991312027,0.14984099566936493,0.09832694940268993,0.0959010012447834,0.012723484525009621,20,0.012640999630093575,0.013319999910891056,0.013010099809616805,0.013039999641478062,0.0001831449647718049,20,0.041359998285770416,0.08479999750852585,0.04459834955632687,0.04254099912941456,0.009246416858219716,20,32,32,4096,11008,32768,True,False,False,3904,8,4096,11008,generic,generic,,,CUDA_EVENT,FP16,none
,,,,,,,,,,,,0.07004000246524811,0.16460199654102325,0.08059439994394779,0.07262049987912178,0.022359302396904625,20,0.06512100249528885,0.21508100628852844,0.08115290030837059,0.06892099976539612,0.03302119118528509,20,0.045159999281167984,0.12176100164651871,0.054302149824798106,0.0482999999076128,0.01827371794236212,20,,,,,,,0.07459999620914459,0.13892099261283875,0.08124629892408848,0.07851999998092651,0.013319151332279143,20,0.009399999864399433,0.013919999822974205,0.010098099941387773,0.009720000438392162,0.0010104654654985521,20,0.026799999177455902,0.10460100322961807,0.031346299964934585,0.02724049985408783,0.01682163291552991,20,32,32,4096,11008,32768,True,False,False,2000,8,4096,11008,generic,generic,,,CUDA_EVENT,FP16,none
,,,,,,,,,,,,0.049639999866485596,0.08564099669456482,0.0537362502887845,0.05038050003349781,0.009897465971619137,20,0.056161001324653625,0.06496100127696991,0.058610700070858,0.05758050084114075,0.0024916363998565222,20,0.03184099867939949,0.061080001294612885,0.04076214972883463,0.03715999983251095,0.009835079756563163,20,,,,,,,0.08024100214242935,0.10396099835634232,0.08385054990649224,0.08110050112009048,0.005573372300772023,20,0.012120000086724758,0.01592000015079975,0.012626100052148103,0.012240000069141388,0.0009145047437247568,20,0.04416000097990036,0.04848099872469902,0.04556654989719391,0.04518100060522556,0.001186150567453629,20,32,32,4096,11008,32768,True,False,False,3648,8,4096,11008,generic,generic,,,CUDA_EVENT,FP16,none
,,,,,,,,,,,,0.06883999705314636,0.15404099225997925,0.07917469963431359,0.07244100049138069,0.01990223884429456,20,0.06548000127077103,0.17328199744224548,0.07890054993331433,0.07006049901247025,0.025254844281396405,20,0.0442809984087944,0.11772099882364273,0.05503269955515862,0.047461001202464104,0.020187795553832166,20,,,,,,,0.0732399970293045,0.11984100192785263,0.07886075079441071,0.07646099850535393,0.009904319303832855,20,0.009159999899566174,0.010999999940395355,0.009614050062373281,0.009320000186562538,0.0005294626124853488,20,0.02964000031352043,0.11212100088596344,0.03466220013797283,0.030239999294281006,0.01780133696733957,20,32,32,4096,11008,32768,True,False,False,1872,8,4096,11008,generic,generic,,,CUDA_EVENT,FP16,none
,,,,,,,,,,,,0.04915999993681908,0.08984100073575974,0.052154450491070745,0.04998050071299076,0.008712428308765334,20,0.05511999875307083,0.07084000110626221,0.05715839974582195,0.05620099976658821,0.003356110359948487,20,0.026240000501275063,0.06404099613428116,0.04149029972031713,0.04388049989938736,0.009060015788906516,20,,,,,,,0.07868099957704544,0.09616100043058395,0.09005875065922737,0.09030099958181381,0.0034956564577409573,20,0.011239999905228615,0.012160000391304493,0.011468099895864725,0.01143999956548214,0.000193066098871405,20,0.03652000054717064,0.04171999916434288,0.03766029998660088,0.03756050020456314,0.0010433981343942681,20,32,32,4096,11008,32768,True,False,False,3392,8,4096,11008,generic,generic,,,CUDA_EVENT,FP16,none
,,,,,,,,,,,,0.04315999895334244,0.07668100297451019,0.04822035003453493,0.04436049982905388,0.009080622705574614,20,0.05243999883532524,0.08940000087022781,0.05852449927479029,0.0568000003695488,0.008208011804006559,20,0.043000999838113785,0.06483999639749527,0.04681240003556013,0.04594100080430508,0.004420408605620808,20,,,,,,,0.07891999930143356,0.09087999910116196,0.08433059938251972,0.08442099764943123,0.002362990360468408,20,0.01104000024497509,0.012319999746978283,0.011258150031790138,0.011239999905228615,0.0002812590843603464,20,0.036079999059438705,0.04116100072860718,0.037260299734771254,0.03701999969780445,0.0012454062111689178,20,32,32,4096,11008,32768,True,False,False,3136,8,4096,11008,generic,generic,,,CUDA_EVENT,FP16,none
,,,,,,,,,,,,0.06908100098371506,0.14556099474430084,0.0805528499186039,0.07368050143122673,0.018483472414328087,20,0.06560000032186508,0.20672200620174408,0.07958844900131226,0.07021999731659889,0.030230446358373186,20,0.044360000640153885,0.1223210021853447,0.05151034984737635,0.04622050002217293,0.017731773165227473,20,,,,,,,0.06680099666118622,0.13048100471496582,0.07418490014970303,0.06836099922657013,0.017707962013198977,20,0.008080000057816505,0.010599999688565731,0.008538000006228685,0.008320000022649765,0.0005797205712138863,20,0.025439999997615814,0.1175210028886795,0.03228415008634329,0.025899999774992466,0.0205288487115478,20,32,32,4096,11008,32768,True,False,False,1744,8,4096,11008,generic,generic,,,CUDA_EVENT,FP16,none
,,,,,,,,,,,,0.041519999504089355,0.07572100311517715,0.05079849995672703,0.046920498833060265,0.010204178166530664,20,0.05148100107908249,0.08532100170850754,0.06045640017837286,0.059340501204133034,0.00773607536352619,20,0.04275999963283539,0.06040000170469284,0.046068399772048,0.04500049911439419,0.003746988376836786,20,,,,,,,0.07412099838256836,0.08708100020885468,0.0825427494943142,0.08295999839901924,0.0029102522616594644,20,0.010359999723732471,0.013240000233054161,0.010666100075468421,0.010500499978661537,0.0006025403988399427,20,0.03356099873781204,0.03604000061750412,0.03458620030432939,0.03468000143766403,0.0006466116214652466,20,32,32,4096,11008,32768,True,False,False,2880,8,4096,11008,generic,generic,,,CUDA_EVENT,FP16,none
,,,,,,,,,,,,0.06824100017547607,0.18508200347423553,0.08565899953246117,0.07404099777340889,0.03089102610857959,20,0.0631600022315979,0.22068199515342712,0.08110474981367588,0.07168050110340118,0.033290456032721176,20,0.04504000023007393,0.10660099983215332,0.0520542498677969,0.04676000028848648,0.016064692298723395,20,,,,,,,0.06616099923849106,0.12876099348068237,0.07220279946923255,0.06892050057649612,0.01329487488307269,20,0.00803999975323677,0.015161000192165375,0.0086001000367105,0.0081599997356534,0.0015324412473459632,20,0.02807999961078167,0.10776100307703018,0.033278100099414586,0.028440000489354134,0.01726115651887728,20,32,32,4096,11008,32768,True,False,False,1616,8,4096,11008,generic,generic,,,CUDA_EVENT,FP16,none
,,,,,,,,,,,,0.047520000487565994,0.08708000183105469,0.06275034993886948,0.05955999903380871,0.010431706580307424,20,0.05235999822616577,0.07804100215435028,0.059490599855780604,0.05782049894332886,0.006140227892208521,20,0.04472000151872635,0.063680000603199,0.0477223003283143,0.04660000093281269,0.003971363944008482,20,,,,,,,0.07756099849939346,0.08579999953508377,0.08195049986243248,0.08216050267219543,0.0020078463452666145,20,0.010639999993145466,0.012079999782145023,0.010959999915212394,0.01081999996677041,0.0003847076716662555,20,0.03344099968671799,0.03539999946951866,0.033756399713456633,0.03366049937903881,0.0004182194712981852,20,32,32,4096,11008,32768,True,False,False,2624,8,4096,11008,generic,generic,,,CUDA_EVENT,FP16,none
,,,,,,,,,,,,0.06571999937295914,0.15808099508285522,0.07836639955639839,0.07047999650239944,0.021627604946580243,20,0.06320100277662277,0.21004199981689453,0.08478695079684258,0.07460100203752518,0.03186595779714691,20,0.042160000652074814,0.1204409971833229,0.05191859994083643,0.04516050033271313,0.020413014590558793,20,,,,,,,0.06384000182151794,0.11740099638700485,0.07145429998636246,0.0667399987578392,0.014525855898491232,20,0.007799999788403511,0.014919999986886978,0.008576300041750074,0.008000999689102173,0.0017047482449725157,20,0.023840000852942467,0.10512100160121918,0.03066435009241104,0.024240500293672085,0.0188941638136971,20,32,32,4096,11008,32768,True,False,False,1488,8,4096,11008,generic,generic,,,CUDA_EVENT,FP16,none
,,,,,,,,,,,,0.059080999344587326,0.10892099887132645,0.07356670070439578,0.07182100042700768,0.009610164873381196,20,0.0559999980032444,0.08024100214242935,0.06170049980282784,0.05915999971330166,0.006291426124557817,20,0.04315999895334244,0.06416100263595581,0.04600844997912645,0.0451005008071661,0.004305604476291062,20,,,,,,,0.07491999864578247,0.08144000172615051,0.07826264947652817,0.07810100167989731,0.0016143917056353784,20,0.009920000098645687,0.012280000373721123,0.01025010012090206,0.010080000385642052,0.0005192669358198493,20,0.028200000524520874,0.028839999809861183,0.028494249936193226,0.028519999235868454,0.00018292396438002515,20,32,32,4096,11008,32768,True,False,False,2368,8,4096,11008,generic,generic,,,CUDA_EVENT,FP16,none
,,,,,,,,,,,,0.06787999719381332,0.1560409963130951,0.08156679905951023,0.07308049872517586,0.02113415085396989,20,0.06476099789142609,0.21716199815273285,0.08287849985063075,0.0738999992609024,0.0325609627052855,20,0.04476099833846092,0.0920410007238388,0.05161880012601614,0.04758100025355816,0.012636080183204317,20,,,,,,,0.06344100087881088,0.11628100275993347,0.07167069986462593,0.06798100098967552,0.012580105697616814,20,0.0075599998235702515,0.01071999967098236,0.00784204995725304,0.0076599998865276575,0.0006709275526495789,20,0.023599999025464058,0.11376100033521652,0.0334082500077784,0.02435999922454357,0.025781749186672653,20,32,32,4096,11008,32768,True,False,False,1360,8,4096,11008,generic,generic,,,CUDA_EVENT,FP16,none
,,,,,,,,,,,,0.07112099975347519,0.10051999986171722,0.07558064982295036,0.07386099919676781,0.006361962830459021,20,0.053720999509096146,0.07952100038528442,0.05873835030943155,0.057080499827861786,0.005521420401280849,20,0.04504000023007393,0.06268099695444107,0.048266449756920335,0.04746050015091896,0.0037887396854848934,20,,,,,,,0.06824100017547607,0.08048100024461746,0.07389064952731132,0.07352050021290779,0.002420005505786525,20,0.009320000186562538,0.010599999688565731,0.009598149918019772,0.009440000168979168,0.00036678152183462564,20,0.029719999060034752,0.035599999129772186,0.03042614981532097,0.030080500058829784,0.0012250403659531425,20,32,32,4096,11008,32768,True,False,False,2112,8,4096,11008,generic,generic,,,CUDA_EVENT,FP16,none
,,,,,,,,,,,,0.07128100097179413,0.16696099936962128,0.08398084975779056,0.07518099993467331,0.02327925877924449,20,0.06015999987721443,0.2414419949054718,0.08359479997307062,0.0731009989976883,0.03766967144049999,20,0.0416410006582737,0.09788099676370621,0.04916835017502308,0.044420499354600906,0.014171558864440282,20,,,,,,,0.06272099912166595,0.11476100236177444,0.07036664932966233,0.0655204989016056,0.014836097673952995,20,0.007240000180900097,0.01095999963581562,0.00784199999179691,0.007400000002235174,0.0010387280529338945,20,0.021640000864863396,0.09300100058317184,0.03131809988990426,0.025559999980032444,0.019951083269874763,20,32,32,4096,11008,32768,True,False,False,1232,8,4096,11008,generic,generic,,,CUDA_EVENT,FP16,none
,,,,,,,,,,,,0.05352099984884262,0.1799210011959076,0.06616839971393347,0.05488000065088272,0.03046856233852398,20,0.05739999935030937,0.1225610002875328,0.06242070030421019,0.058860499411821365,0.0138948917981106,20,0.023320000618696213,0.06756100058555603,0.03135825013741851,0.023839999921619892,0.013562107150491266,20,,,,,,,0.08636099845170975,0.13972100615501404,0.09584689997136593,0.09350049868226051,0.01203548992717078,20,0.012679999694228172,0.013199999928474426,0.012897999957203865,0.012860000133514404,0.000143930541222914,20,0.04204000160098076,0.06008100137114525,0.04378660023212433,0.04266100004315376,0.0039033701265817357,20,32,32,4096,11008,32768,True,False,False,3936,8,4096,11008,generic,generic,,,CUDA_EVENT,FP16,none
,,,,,,,,,,,,0.05819999799132347,0.1048009991645813,0.06991654969751834,0.0684405006468296,0.009086195452263617,20,0.061400000005960464,0.09092099964618683,0.0681285997852683,0.06636049970984459,0.005969593892735395,20,0.04100000113248825,0.05792099982500076,0.043352350033819674,0.04287999868392944,0.0035054787263066023,20,,,,,,,0.07135999947786331,0.07968000322580338,0.07285855039954185,0.07208050042390823,0.001973536347818794,20,0.009159999899566174,0.011560999788343906,0.009548099897801875,0.009440000168979168,0.0004997864638611416,20,0.026760000735521317,0.0313199982047081,0.02726829992607236,0.02704049926251173,0.0009427123816393584,20,32,32,4096,11008,32768,True,False,False,1952,8,4096,11008,generic,generic,,,CUDA_EVENT,FP16,none
,,,,,,,,,,,,0.06763999909162521,0.2013619989156723,0.09045475050806999,0.07696099951863289,0.035429418592695036,20,0.06588099896907806,0.19352200627326965,0.08804079964756965,0.077760498970747,0.034282044261924945,20,0.04196099936962128,0.11468099802732468,0.04816839955747128,0.04481999948620796,0.015361475277594213,20,,,,,,,0.06307999789714813,0.11632099747657776,0.06911444887518883,0.06672049686312675,0.010919746805621027,20,0.006920000072568655,0.012360000051558018,0.007382049970328808,0.007140000117942691,0.001146210231826326,20,0.021240999922156334,0.0944409966468811,0.027412249799817802,0.022199999541044235,0.01564545994368127,20,32,32,4096,11008,32768,True,False,False,1104,8,4096,11008,generic,generic,,,CUDA_EVENT,FP16,none
,,,,,,,,,,,,0.0668409988284111,0.09560000151395798,0.07035854943096638,0.06851999834179878,0.006263807535331823,20,0.06431999802589417,0.10024099797010422,0.06960854902863503,0.06810050085186958,0.007314605790844368,20,0.03691999986767769,0.06560000032186508,0.04436035044491291,0.04290050081908703,0.005593223331058158,20,,,,,,,0.06983999907970428,0.07543999701738358,0.07150065004825593,0.07110049948096275,0.0014618257921742857,20,0.008919999934732914,0.012079999782145023,0.009296049876138569,0.009140499867498875,0.0006573023829956221,20,0.029719999060034752,0.03388100117444992,0.030326199904084205,0.030140500515699387,0.0008334400564596229,20,32,32,4096,11008,32768,True,False,False,1824,8,4096,11008,generic,generic,,,CUDA_EVENT,FP16,none
,,,,,,,,,,,,0.05071999877691269,0.16436199843883514,0.060990499891340734,0.052280500531196594,0.027552064430660918,20,0.05636100098490715,0.08672100305557251,0.06005255002528429,0.0573004987090826,0.006899794588010925,20,0.024640999734401703,0.06076100096106529,0.04063835004344583,0.036639999598264694,0.012828997773426573,20,,,,,,,0.0809599980711937,0.1562819927930832,0.09443699941039085,0.09242100268602371,0.014989616271441325,20,0.012160000391304493,0.01583999954164028,0.012740000151097775,0.012400000356137753,0.00085748457606019,20,0.044199999421834946,0.07500100135803223,0.046922449767589566,0.04544050060212612,0.006482368026637451,20,32,32,4096,11008,32768,True,False,False,3680,8,4096,11008,generic,generic,,,CUDA_EVENT,FP16,none
,,,,,,,,,,,,0.05424100160598755,0.1722009927034378,0.06781039945781231,0.05509999953210354,0.032663648538138336,20,0.05708000063896179,0.20676200091838837,0.06705249994993209,0.05836050026118755,0.03226378585066016,20,0.023320000618696213,0.12768100202083588,0.04115430023521185,0.02976050041615963,0.02713748114865983,20,,,,,,,0.08708100020885468,0.15476100146770477,0.1017147496342659,0.0967009998857975,0.018021869794202564,20,0.013000000268220901,0.014560000039637089,0.01334829991683364,0.013220000080764294,0.0003663269411787153,20,0.0416410006582737,0.09132099896669388,0.047090349905192855,0.042659999802708626,0.013510787739347751,20,32,32,4096,11008,32768,True,False,False,4096,8,4096,11008,generic,generic,,,CUDA_EVENT,FP16,none
,,,,,,,,,,,,0.052639998495578766,0.08960100263357162,0.055770049802958965,0.05395999923348427,0.007810301750217018,20,0.056880999356508255,0.06300099939107895,0.058302799426019195,0.05782050080597401,0.001636043086392997,20,0.023000000044703484,0.05787999927997589,0.025665999855846167,0.023540000431239605,0.007521172896768488,20,,,,,,,0.08708100020885468,0.10104099661111832,0.0886084996163845,0.08762050047516823,0.002999147390950766,20,0.012600000016391277,0.013240000233054161,0.012947999872267246,0.012959999963641167,0.00019883673459656788,20,0.04128099977970123,0.046160999685525894,0.043036799691617486,0.043040499091148376,0.0012686270612750079,20,32,32,4096,11008,32768,True,False,False,3968,8,4096,11008,generic,generic,,,CUDA_EVENT,FP16,none
,,,,,,,,,,,,0.06276100128889084,0.10196100175380707,0.07109460085630417,0.0691399984061718,0.007650178315579466,20,0.0597199983894825,0.08468099683523178,0.06807844992727041,0.06760000064969063,0.00465820008884283,20,0.04039999842643738,0.05856100097298622,0.042650499753654,0.04118099994957447,0.003960997861838009,20,,,,,,,0.06111999973654747,0.06520099937915802,0.063438599742949,0.06342000141739845,0.0007804865052195921,20,0.008080000057816505,0.009800000116229057,0.008303999993950128,0.008200000040233135,0.0003531345542051573,20,0.024639999493956566,0.02703999914228916,0.025566199980676173,0.02539999969303608,0.000650192085040856,20,32,32,4096,11008,32768,True,False,False,1696,8,4096,11008,generic,generic,,,CUDA_EVENT,FP16,none
,,,,,,,,,,,,0.06376100331544876,0.16960200667381287,0.0767388503998518,0.06808100268244743,0.024270147340422148,20,0.06752000004053116,0.17932100594043732,0.0855264499783516,0.07662050053477287,0.02517406638421216,20,0.04192100092768669,0.1345209926366806,0.051832498982548714,0.04394099861383438,0.024008161390489353,20,,,,,,,0.055799998342990875,0.09808100014925003,0.061934749595820904,0.058020999655127525,0.011132460660342387,20,0.006639999803155661,0.019519999623298645,0.007958099921233952,0.006800000090152025,0.003083789254896885,20,0.02672000043094158,0.11208099871873856,0.037612149864435195,0.03376000002026558,0.017660783163289825,20,32,32,4096,11008,32768,True,False,False,1000,8,4096,11008,generic,generic,,,CUDA_EVENT,FP16,none
,,,,,,,,,,,,0.050599999725818634,0.13628099858760834,0.059206599555909636,0.05158049985766411,0.021332179107752047,20,0.05512100085616112,0.08236099779605865,0.058502299897372725,0.05622049979865551,0.006008502571186525,20,0.02964000031352043,0.09776099771261215,0.046648500487208366,0.0476010013371706,0.014390274639317234,20,,,,,,,0.08836100250482559,0.14440099895000458,0.09582889974117278,0.09336099773645401,0.011444444729271256,20,0.01155999954789877,0.01384000014513731,0.01193009982816875,0.011839999817311764,0.0005006777096701017,20,0.038040000945329666,0.08088099956512451,0.04086229987442493,0.038740498945117,0.009192168269876821,20,32,32,4096,11008,32768,True,False,False,3424,8,4096,11008,generic,generic,,,CUDA_EVENT,FP16,none
,,,,,,,,,,,,0.05132000148296356,0.16912099719047546,0.06358865015208721,0.051940999925136566,0.03033759550198622,20,0.05623999983072281,0.16496199369430542,0.06550649888813495,0.05762000009417534,0.02350847017926652,20,0.023320000618696213,0.12040100246667862,0.042546450067311524,0.034440500661730766,0.023066071298690986,20,,,,,,,0.08440099656581879,0.1870020031929016,0.10240294933319091,0.09564099833369255,0.022914531417672024,20,0.012240000069141388,0.01616000011563301,0.012666050018742681,0.012420000042766333,0.0008388214701111277,20,0.041999999433755875,0.12228100001811981,0.050110399909317496,0.042940499261021614,0.02126071357994714,20,32,32,4096,11008,32768,True,False,False,3840,8,4096,11008,generic,generic,,,CUDA_EVENT,FP16,none
,,,,,,,,,,,,0.050360001623630524,0.07668100297451019,0.052462350204586984,0.05111999996006489,0.00559367926450534,20,0.0559999980032444,0.06740099936723709,0.05801644939929247,0.057099999859929085,0.002530680923452737,20,0.02483999915421009,0.05440099909901619,0.027752199862152337,0.025539999827742577,0.00637746857082268,20,,,,,,,0.08032099902629852,0.09055999666452408,0.08179669864475728,0.08107999712228775,0.0024543525226229618,20,0.012079999782145023,0.018319999799132347,0.012624099990352989,0.012240000069141388,0.0013436469666071812,20,0.044319998472929,0.0501209981739521,0.04508639965206385,0.04474000073969364,0.0012195716428602776,20,32,32,4096,11008,32768,True,False,False,3712,8,4096,11008,generic,generic,,,CUDA_EVENT,FP16,none
,,,,,,,,,,,,0.05352099984884262,0.20864200592041016,0.06733865048736334,0.05478000082075596,0.03887436125924531,20,0.05751999840140343,0.09856099635362625,0.06313029937446117,0.05876000039279461,0.010621291356083877,20,0.023599999025464058,0.10748100280761719,0.03312210012227297,0.023959999904036522,0.019867900549891012,20,,,,,,,0.08715999871492386,0.1486009955406189,0.09612039923667907,0.08816000074148178,0.014811826869083054,20,0.013120000250637531,0.017239999026060104,0.013672299869358539,0.013399999588727951,0.0008776244984286226,20,0.04255999997258186,0.07412000000476837,0.045614299923181535,0.04394000023603439,0.0066465942654232515,20,32,32,4096,11008,32768,True,False,False,4032,8,4096,11008,generic,generic,,,CUDA_EVENT,FP16,none
,,,,,,,,,,,,0.06616099923849106,0.18320199847221375,0.07498245015740394,0.0686200000345707,0.02504166569112696,20,0.06304100155830383,0.09188099950551987,0.06809669993817806,0.06684049963951111,0.005799220534889824,20,0.039239998906850815,0.05484100058674812,0.04088434986770153,0.04016000032424927,0.003254684974961689,20,,,,,,,0.05827999860048294,0.06859999895095825,0.06197839975357056,0.06162099912762642,0.002183428935690069,20,0.007639999967068434,0.012160000391304493,0.008186050038784743,0.007799999788403511,0.0010695464512638212,20,0.023879999294877052,0.028560999780893326,0.02488424992188811,0.024260500445961952,0.0015174327642330581,20,32,32,4096,11008,32768,True,False,False,1568,8,4096,11008,generic,generic,,,CUDA_EVENT,FP16,none
,,,,,,,,,,,,0.04328000172972679,0.16356100142002106,0.05527664963155985,0.043820999562740326,0.028818173827445455,20,0.052000001072883606,0.08264099806547165,0.058020349591970444,0.05394049920141697,0.00937138026040331,20,0.0509600006043911,0.09684000164270401,0.05528669971972704,0.05286100134253502,0.009664665133358872,20,,,,,,,0.08236099779605865,0.14296099543571472,0.09186279959976673,0.08894100040197372,0.012157429870672145,20,0.01095999963581562,0.01155999954789877,0.011198049876838923,0.0111799999140203,0.00012986236776708923,20,0.03819999843835831,0.09008099883794785,0.041510199382901194,0.038759998977184296,0.011171848971272186,20,32,32,4096,11008,32768,True,False,False,3168,8,4096,11008,generic,generic,,,CUDA_EVENT,FP16,none
,,,,,,,,,,,,0.06323999911546707,0.18080100417137146,0.07843070030212403,0.06832050159573555,0.02739725360196806,20,0.07020100206136703,0.19008199870586395,0.0857584998011589,0.07630100101232529,0.027714287394805654,20,0.04188099876046181,0.13308100402355194,0.05161070004105568,0.04370100051164627,0.02425264787609977,20,,,,,,,0.05423999950289726,0.10580100119113922,0.06197654977440834,0.05732099898159504,0.012868933672864591,20,0.007079999893903732,0.02043999917805195,0.00811609998345375,0.007360000163316727,0.002897801915948368,20,0.030440999194979668,0.0918010026216507,0.03852225011214614,0.034340498968958855,0.013726193599220317,20,32,32,4096,11008,32768,True,False,False,936,8,4096,11008,generic,generic,,,CUDA_EVENT,FP16,none
,,,,,,,,,,,,0.04980099946260452,0.20228199660778046,0.06443894933909178,0.05082100071012974,0.0369815618403745,20,0.05648000165820122,0.18000100553035736,0.06622415017336607,0.05751999840140343,0.026638945994479832,20,0.03516000136733055,0.09872099757194519,0.05145475007593632,0.049181001260876656,0.016543774670946445,20,,,,,,,0.07888100296258926,0.14732100069522858,0.09572895020246505,0.09224100038409233,0.01431691040223565,20,0.011799999512732029,0.01396000012755394,0.012202049978077412,0.012020000256597996,0.0005439667687080408,20,0.036600999534130096,0.09248100221157074,0.04050815012305975,0.037220001220703125,0.01213436119069769,20,32,32,4096,11008,32768,True,False,False,3584,8,4096,11008,generic,generic,,,CUDA_EVENT,FP16,none
,,,,,,,,,,,,0.0485600009560585,0.08344099670648575,0.05149239953607321,0.04978049919009209,0.007377333472969267,20,0.0554409995675087,0.0644410029053688,0.05681035034358502,0.05608000047504902,0.001946227908524527,20,0.021640000864863396,0.07228100299835205,0.03024625014513731,0.02574099972844124,0.011932108549056563,20,,,,,,,0.07996000349521637,0.1008009985089302,0.0885027002543211,0.08914100006222725,0.005378347642015984,20,0.011280999518930912,0.012360000051558018,0.011590149952098727,0.011500000022351742,0.00024126990164433323,20,0.03779999911785126,0.03864099830389023,0.038106249645352364,0.0380605012178421,0.00022479146369705903,20,32,32,4096,11008,32768,True,False,False,3456,8,4096,11008,generic,generic,,,CUDA_EVENT,FP16,none
,,,,,,,,,,,,0.0631600022315979,0.09584099799394608,0.06751244999468327,0.06526049971580505,0.007313700343740405,20,0.0660799965262413,0.09652099758386612,0.0710946999490261,0.06892000138759613,0.006480519957578103,20,0.03959999978542328,0.0562409982085228,0.04229635000228882,0.040880000218749046,0.0036131444097684358,20,,,,,,,0.05920099839568138,0.06164100021123886,0.06042439974844456,0.06022049859166145,0.0007758076132012295,20,0.007519999984651804,0.007840000092983246,0.007670100033283234,0.007640500087291002,9.104995766747419e-05,20,0.024159999564290047,0.02816000021994114,0.024816299602389336,0.024639999493956566,0.0008321171244147929,20,32,32,4096,11008,32768,True,False,False,1440,8,4096,11008,generic,generic,,,CUDA_EVENT,FP16,none
,,,,,,,,,,,,0.05187999829649925,0.17196199297904968,0.0647402998059988,0.053279999643564224,0.02998973940748368,20,0.05652099847793579,0.190760999917984,0.06661279927939176,0.05750099942088127,0.028957401565599925,20,0.025040000677108765,0.094480000436306,0.04352420009672642,0.032780000008642673,0.02146704726544425,20,,,,,,,0.08004099875688553,0.16036100685596466,0.09449465088546276,0.08896050229668617,0.021311098417967442,20,0.012199999764561653,0.012839999981224537,0.012512050056830048,0.012480000033974648,0.00016526603147978594,20,0.044280000030994415,0.10736099630594254,0.0506066994741559,0.04516099952161312,0.016114802871048665,20,32,32,4096,11008,32768,True,False,False,3776,8,4096,11008,generic,generic,,,CUDA_EVENT,FP16,none
,,,,,,,,,,,,0.04307999834418297,0.15724100172519684,0.057840749807655814,0.048280999064445496,0.026808468490401766,20,0.05176100134849548,0.1064009964466095,0.061958249844610694,0.057099999859929085,0.014074157652669504,20,0.04708100110292435,0.09040100127458572,0.0524625001475215,0.05049999989569187,0.008912589000521285,20,,,,,,,0.08008100092411041,0.1138010025024414,0.08876690044999122,0.08744100108742714,0.006528205726375749,20,0.010520000010728836,0.013961000367999077,0.010872049955651164,0.01071999967098236,0.0007185018990652903,20,0.03668000176548958,0.0580810010433197,0.038412199914455415,0.037380000576376915,0.0045246376200190706,20,32,32,4096,11008,32768,True,False,False,2912,8,4096,11008,generic,generic,,,CUDA_EVENT,FP16,none
,,,,,,,,,,,,0.06636100262403488,0.15784099698066711,0.07676684893667698,0.06812100112438202,0.02228969146981182,20,0.07019999623298645,0.19108200073242188,0.085886549949646,0.07846099883317947,0.02571199862554255,20,0.041600000113248825,0.12544099986553192,0.05098439995199442,0.04418049938976765,0.02128259762025341,20,,,,,,,0.0546410009264946,0.11988099664449692,0.06358869932591915,0.05840099975466728,0.015689765321292327,20,0.00699999975040555,0.014159999787807465,0.008278000028803944,0.007240000180900097,0.0021587950312948853,20,0.025241000577807426,0.09600000083446503,0.0383781504817307,0.032919999212026596,0.017754337581806237,20,32,32,4096,11008,32768,True,False,False,872,8,4096,11008,generic,generic,,,CUDA_EVENT,FP16,none
,,,,,,,,,,,,0.04540000110864639,0.15324099361896515,0.05810444969683885,0.045640500262379646,0.02906225289480805,20,0.05212099850177765,0.18244199454784393,0.06484054978936911,0.05406099930405617,0.02873516091881295,20,0.04699999839067459,0.13608099520206451,0.05772829968482256,0.050999999046325684,0.020512526018782954,20,,,,,,,0.08659999817609787,0.14704200625419617,0.10058100000023842,0.09602100029587746,0.01564841370975969,20,0.01131999958306551,0.012480000033974648,0.011603999836370348,0.011479999870061874,0.00031620253649731355,20,0.03680099919438362,0.121800996363163,0.043112699687480924,0.03746050037443638,0.019107326772160843,20,32,32,4096,11008,32768,True,False,False,3328,8,4096,11008,generic,generic,,,CUDA_EVENT,FP16,none
,,,,,,,,,,,,0.04352099820971489,0.08355999737977982,0.04641434941440821,0.04390049912035465,0.008778962060770144,20,0.05180000141263008,0.07664000242948532,0.05427045021206141,0.05250049941241741,0.005278707005581476,20,0.02419999986886978,0.07039999961853027,0.04662034977227449,0.0459199994802475,0.009005083285213492,20,,,,,,,0.08084099739789963,0.09032099694013596,0.08447869941592216,0.08358050137758255,0.002483105434139401,20,0.010999999940395355,0.011799999512732029,0.011210049921646714,0.0111799999140203,0.00015436005720769285,20,0.03820100054144859,0.04224099963903427,0.03927635010331869,0.03916100040078163,0.0008652276618343122,20,32,32,4096,11008,32768,True,False,False,3200,8,4096,11008,generic,generic,,,CUDA_EVENT,FP16,none
,,,,,,,,,,,,0.06251999735832214,0.09680099785327911,0.06830659918487073,0.06650099903345108,0.007185420831289299,20,0.06372100114822388,0.09124100208282471,0.07144055031239986,0.06998099759221077,0.005360685202486115,20,0.03920000046491623,0.057360999286174774,0.041366349905729294,0.04008049890398979,0.003910040303415986,20,,,,,,,0.06035999953746796,0.06336099654436111,0.061704499274492265,0.06176050007343292,0.0008688265075875669,20,0.007280000019818544,0.009239999577403069,0.00760204999241978,0.007400000002235174,0.0004988464712844541,20,0.02280000038444996,0.02900099940598011,0.02350820004940033,0.02300100028514862,0.0013978528057161429,20,32,32,4096,11008,32768,True,False,False,1312,8,4096,11008,generic,generic,,,CUDA_EVENT,FP16,none
,,,,,,,,,,,,0.05048000067472458,0.1929209977388382,0.06448644939810037,0.05164000019431114,0.03430645831875724,20,0.055399999022483826,0.18512199819087982,0.06689469963312149,0.05696049891412258,0.029069196938680934,20,0.02191999927163124,0.09944099932909012,0.049768350366503,0.047820501029491425,0.018250376590461106,20,,,,,,,0.08624099940061569,0.1475210040807724,0.0991465501487255,0.09250099956989288,0.016145231110629543,20,0.0118410000577569,0.014800000004470348,0.012248350121080876,0.012060000095516443,0.0006233029814460431,20,0.03832099959254265,0.07040099799633026,0.04077019952237606,0.038820499554276466,0.006918987718245721,20,32,32,4096,11008,32768,True,False,False,3520,8,4096,11008,generic,generic,,,CUDA_EVENT,FP16,none
,,,,,,,,,,,,0.05172000080347061,0.15064099431037903,0.07059064954519272,0.06590050086379051,0.022395655480363284,20,0.050919998437166214,0.10272099822759628,0.062208349257707594,0.0577004998922348,0.013222113125642624,20,0.04535999894142151,0.09000100195407867,0.05019864998757839,0.047540001571178436,0.00944701249215412,20,,,,,,,0.0734810009598732,0.11308100074529648,0.08423685058951377,0.0839805006980896,0.0073263793018508465,20,0.0106800002977252,0.012919999659061432,0.011073999851942063,0.01095999963581562,0.00046514937987278843,20,0.03367999941110611,0.07676099985837936,0.0364861998707056,0.034459998831152916,0.009255120620438614,20,32,32,4096,11008,32768,True,False,False,2656,8,4096,11008,generic,generic,,,CUDA_EVENT,FP16,none
,,,,,,,,,,,,0.06480100005865097,0.1658419966697693,0.07693494893610478,0.06818049773573875,0.02345509069443048,20,0.07152000069618225,0.1924010068178177,0.08647245019674302,0.07778050005435944,0.026193273843068614,20,0.04108000174164772,0.124440997838974,0.05168224982917309,0.04373999871313572,0.02279025427633822,20,,,,,,,0.053881000727415085,0.1276409924030304,0.06423879954963922,0.05764099955558777,0.01948172479199064,20,0.0069599999114871025,0.024241000413894653,0.00825604998972267,0.007079999893903732,0.003839945752625466,20,0.024159999564290047,0.08828099817037582,0.04110814975574613,0.03402000106871128,0.017733132556237936,20,32,32,4096,11008,32768,True,False,False,808,8,4096,11008,generic,generic,,,CUDA_EVENT,FP16,none
,,,,,,,,,,,,0.04360000044107437,0.07700099796056747,0.046638450026512145,0.04396050050854683,0.007858842391121466,20,0.050801001489162445,0.0750809982419014,0.05292629972100258,0.0516004990786314,0.0051286334499665255,20,0.0355600006878376,0.07040099799633026,0.04640434943139553,0.04627999849617481,0.006558850606279259,20,,,,,,,0.07707999646663666,0.08620099723339081,0.08281069919466973,0.0829009972512722,0.0022580844835963574,20,0.01071999967098236,0.013201000168919563,0.011118149990215898,0.010859999805688858,0.0005935290837472891,20,0.03491999953985214,0.035760000348091125,0.03535229992121458,0.035400500521063805,0.00020764688071125883,20,32,32,4096,11008,32768,True,False,False,2944,8,4096,11008,generic,generic,,,CUDA_EVENT,FP16,none
,,,,,,,,,,,,0.04368000105023384,0.18936100602149963,0.06434074994176626,0.052200499922037125,0.03379488376629253,20,0.052400000393390656,0.16300199925899506,0.06662639994174242,0.056940000504255295,0.02463173358983452,20,0.04287999868392944,0.10840100049972534,0.05459239967167377,0.049240000545978546,0.01767616248418589,20,,,,,,,0.07767999917268753,0.1562809944152832,0.09283890053629876,0.08744100108742714,0.020280036818631168,20,0.01083999965339899,0.012199999764561653,0.01111404993571341,0.01092000026255846,0.00035846419057437254,20,0.034279998391866684,0.1101209968328476,0.039940249361097815,0.03468000143766403,0.017243951478958398,20,32,32,4096,11008,32768,True,False,False,3072,8,4096,11008,generic,generic,,,CUDA_EVENT,FP16,none
,,,,,,,,,,,,0.06340000033378601,0.09724099934101105,0.06765044927597046,0.06523999944329262,0.007317358895860108,20,0.06596100330352783,0.09568099677562714,0.07203674986958504,0.07112099975347519,0.005855481076924254,20,0.03911999985575676,0.05455999821424484,0.04124034997075796,0.04044000059366226,0.0034629967263042414,20,,,,,,,0.06027999892830849,0.06499999761581421,0.061866399832069874,0.06154099851846695,0.0012180212578666236,20,0.00699999975040555,0.011839999817311764,0.00737799999769777,0.007140000117942691,0.0010271883552066324,20,0.021239999681711197,0.026040999218821526,0.02191229974851012,0.02143999934196472,0.001321662884302979,20,32,32,4096,11008,32768,True,False,False,1184,8,4096,11008,generic,generic,,,CUDA_EVENT,FP16,none
,,,,,,,,,,,,0.04548000171780586,0.1573610007762909,0.058076600171625616,0.04584049992263317,0.029434889944397198,20,0.05251999944448471,0.20048199594020844,0.06506624966859817,0.054500000551342964,0.032099768900921644,20,0.04684000089764595,0.11088000237941742,0.05759844984859228,0.052680499851703644,0.01613634383192894,20,,,,,,,0.07972099632024765,0.15200099349021912,0.09198894947767258,0.08702100068330765,0.01584602997965525,20,0.011479999870061874,0.013039999641478062,0.011820150027051567,0.011760000139474869,0.0003196844104535309,20,0.039080001413822174,0.09780000150203705,0.04247615020722151,0.03944049961864948,0.012697975780590497,20,32,32,4096,11008,32768,True,False,False,3264,8,4096,11008,generic,generic,,,CUDA_EVENT,FP16,none
,,,,,,,,,,,,0.06212100014090538,0.1472020000219345,0.07928890008479357,0.07672099769115448,0.01865146777902684,20,0.052000001072883606,0.10408099740743637,0.06290224976837636,0.059260500594973564,0.011654059845505053,20,0.04452100023627281,0.1010809987783432,0.050862349756062034,0.04808000102639198,0.011708076463801407,20,,,,,,,0.07840099930763245,0.11748100072145462,0.08284479975700379,0.08102099969983101,0.008020539972796337,20,0.010119999758899212,0.011200999841094017,0.010316050052642823,0.010259999893605709,0.0002624355942437908,20,0.028440000489354134,0.08920100331306458,0.031924199964851144,0.028759999200701714,0.013173237358341134,20,32,32,4096,11008,32768,True,False,False,2400,8,4096,11008,generic,generic,,,CUDA_EVENT,FP16,none
,,,,,,,,,,,,0.0435199998319149,0.0851610004901886,0.04918040037155151,0.04418000020086765,0.009843725278518355,20,0.05087999999523163,0.07784000039100647,0.054160349816083905,0.0518800001591444,0.0059994045119862414,20,0.043000999838113785,0.0732399970293045,0.04778239969164133,0.04594050161540508,0.006253874605390834,20,,,,,,,0.06887999922037125,0.08708100020885468,0.07914864979684352,0.07918050140142441,0.0036041962147391276,20,0.01071999967098236,0.014600000344216824,0.011314050015062093,0.01093999994918704,0.0009705259940183389,20,0.03392000123858452,0.03579999879002571,0.0345423499122262,0.03432049974799156,0.0006099379536441369,20,32,32,4096,11008,32768,True,False,False,2688,8,4096,11008,generic,generic,,,CUDA_EVENT,FP16,none
,,,,,,,,,,,,0.0626399964094162,0.15796099603176117,0.07462255023419857,0.06612100079655647,0.02365840342209273,20,0.07040099799633026,0.2278819978237152,0.09012689962983131,0.07876050099730492,0.033705801103528575,20,0.0384799987077713,0.13120199739933014,0.05076429937034845,0.041840000078082085,0.02589859003576421,20,,,,,,,0.05084099993109703,0.08848100155591965,0.05715455003082752,0.05398000031709671,0.010040176209065428,20,0.0061599998734891415,0.03075999952852726,0.008357999939471483,0.00634000007994473,0.005682991668162035,20,0.030440999194979668,0.1026809960603714,0.04286644970998168,0.03930100053548813,0.014234097362526217,20,32,32,4096,11008,32768,True,False,False,744,8,4096,11008,generic,generic,,,CUDA_EVENT,FP16,none
,,,,,,,,,,,,0.06431999802589417,0.12904100120067596,0.07296659983694553,0.07030049711465836,0.013293723795545125,20,0.07004000246524811,0.08235999941825867,0.07416055053472519,0.07264100015163422,0.0032688998948028525,20,0.04083999991416931,0.047880999743938446,0.04257439970970154,0.04189999960362911,0.0017765508220132758,20,,,,,,,0.051121000200510025,0.058320000767707825,0.05275245010852814,0.05258000083267689,0.0015425848656536888,20,0.007400000002235174,0.01143999956548214,0.007948149903677404,0.007680500159040093,0.0008798747769622121,20,0.022880999371409416,0.03779999911785126,0.029874199908226727,0.030100000090897083,0.002693221455291565,20,32,32,4096,11008,32768,True,False,False,1056,8,4096,11008,generic,generic,,,CUDA_EVENT,FP16,none
,,,,,,,,,,,,0.04176099970936775,0.1584409922361374,0.05391049887984991,0.0421999990940094,0.030132986609649665,20,0.052000001072883606,0.18288199603557587,0.0623326001688838,0.05264049954712391,0.028478788999208967,20,0.02807999961078167,0.11396099627017975,0.05123634980991483,0.048500001430511475,0.017873560295982527,20,,,,,,,0.11440099775791168,0.16220100224018097,0.12406699992716312,0.12056099995970726,0.011246300022318908,20,0.01140000019222498,0.013760999776422977,0.01194014996290207,0.011739999987185001,0.0005793635204053374,20,0.03303999826312065,0.06356099992990494,0.036422299779951574,0.033520499244332314,0.0088457044696581,20,32,32,4096,11008,32768,True,False,False,2816,8,4096,11008,generic,generic,,,CUDA_EVENT,FP16,none
,,,,,,,,,,,,0.06855999678373337,0.14920200407505035,0.0815309002995491,0.07762100175023079,0.017880179711267506,20,0.05108099803328514,0.07751999795436859,0.05927454959601164,0.05782050080597401,0.00713564226651812,20,0.044119998812675476,0.0957610011100769,0.04969224985688925,0.047180499881505966,0.010658324284850161,20,,,,,,,0.0756400004029274,0.12088099867105484,0.08006479926407337,0.07718000188469887,0.009660348551666286,20,0.009599999524652958,0.010160000063478947,0.009816050063818693,0.00977999996393919,0.00014773780334117104,20,0.0313199982047081,0.08856099843978882,0.034610149823129176,0.03164049983024597,0.012395210914241795,20,32,32,4096,11008,32768,True,False,False,2144,8,4096,11008,generic,generic,,,CUDA_EVENT,FP16,none
,,,,,,,,,,,,0.04275999963283539,0.14900100231170654,0.05707430019974709,0.04736049845814705,0.02721241349308301,20,0.05183999985456467,0.20780199766159058,0.07041074950248002,0.0610204990953207,0.033455284122578546,20,0.04600000008940697,0.12388099730014801,0.054210199415683745,0.04906049929559231,0.017543467849668093,20,,,,,,,0.07716000080108643,0.14232100546360016,0.08822439908981324,0.08494099974632263,0.013091811331633932,20,0.01095999963581562,0.01336000021547079,0.011516349855810404,0.011160499881953001,0.0008089790568960099,20,0.03548000007867813,0.10728099942207336,0.03963029980659485,0.03579999879002571,0.015542453859122944,20,32,32,4096,11008,32768,True,False,False,3008,8,4096,11008,generic,generic,,,CUDA_EVENT,FP16,none
,,,,,,,,,,,,0.04295999929308891,0.096841000020504,0.056318499892950055,0.051220498979091644,0.012997608823033188,20,0.05107999965548515,0.07148099690675735,0.05465854965150356,0.05238050036132336,0.004753915058164191,20,0.045159999281167984,0.06815999746322632,0.04938829969614744,0.04772049933671951,0.005404806371468308,20,,,,,,,0.07064099609851837,0.0907600000500679,0.07808664962649345,0.07770050317049026,0.004349989091012961,20,0.010239999741315842,0.012679999694228172,0.010669999942183494,0.010400000028312206,0.0005878604365215707,20,0.03216100111603737,0.03488000109791756,0.03288834970444441,0.03255999833345413,0.0007248856288138473,20,32,32,4096,11008,32768,True,False,False,2432,8,4096,11008,generic,generic,,,CUDA_EVENT,FP16,none
,,,,,,,,,,,,0.059119999408721924,0.09268099814653397,0.06501054968684912,0.06314099952578545,0.007153007440370001,20,0.0702809989452362,0.09980099648237228,0.07391665019094944,0.07228099927306175,0.006280815054336673,20,0.03776099905371666,0.053481001406908035,0.040198350138962266,0.03892050124704838,0.003622790120297625,20,,,,,,,0.05087999999523163,0.06056100130081177,0.0531784500926733,0.05198050104081631,0.0026382594801630565,20,0.006440000142902136,0.011320999823510647,0.006934099970385433,0.006580499932169914,0.0011295154757115595,20,0.01955999992787838,0.03768099844455719,0.028968249820172785,0.02901999931782484,0.0038407524550337206,20,32,32,4096,11008,32768,True,False,False,976,8,4096,11008,generic,generic,,,CUDA_EVENT,FP16,none
,,,,,,,,,,,,0.06244099885225296,0.15276199579238892,0.0741227488964796,0.06592049822211266,0.02225362302495102,20,0.0718809962272644,0.21680200099945068,0.09134464971721172,0.08394049853086472,0.030829648310459475,20,0.0392800010740757,0.10860099643468857,0.048650349490344524,0.04255999997258186,0.018803498636457913,20,,,,,,,0.04996100068092346,0.09580100327730179,0.05611469987779856,0.05218049883842468,0.011382138472385474,20,0.006120000034570694,0.023840000852942467,0.007758050039410591,0.0062599999364465475,0.004585377727496375,20,0.03551999852061272,0.10024099797010422,0.043616299889981745,0.0390004999935627,0.015144757543736485,20,32,32,4096,11008,32768,True,False,False,680,8,4096,11008,generic,generic,,,CUDA_EVENT,FP16,none
,,,,,,,,,,,,0.053679998964071274,0.15776099264621735,0.07591884825378656,0.06820099800825119,0.024920073771593013,20,0.05212000012397766,0.17332099378108978,0.0694923996925354,0.061300499364733696,0.02633384391529925,20,0.045520998537540436,0.1162009984254837,0.054606649279594424,0.048200998455286026,0.019799032915502415,20,,,,,,,0.07828100025653839,0.1424410045146942,0.09012090004980564,0.08622099831700325,0.014897929927616465,20,0.010639999993145466,0.01143999956548214,0.010921999951824546,0.010879999957978725,0.0002103234822082966,20,0.028759999200701714,0.10088100284337997,0.03418419985100627,0.029299999587237835,0.016431057276340866,20,32,32,4096,11008,32768,True,False,False,2560,8,4096,11008,generic,generic,,,CUDA_EVENT,FP16,none
,,,,,,,,,,,,0.055640000849962234,0.09551999717950821,0.06869260016828775,0.06716050207614899,0.008934304072296945,20,0.050439998507499695,0.06788100302219391,0.05360234994441271,0.05183999985456467,0.0045491058857066126,20,0.04384100064635277,0.06024099886417389,0.046984499879181386,0.046120500192046165,0.0036114387694580665,20,,,,,,,0.0679209977388382,0.08148100227117538,0.07522265054285526,0.07540050148963928,0.002428304142558944,20,0.009440000168979168,0.014360000379383564,0.009880099957808853,0.009599999524652958,0.0010446148903922978,20,0.027559999376535416,0.03116000071167946,0.028032099828124046,0.027819999493658543,0.0008111585006465142,20,32,32,4096,11008,32768,True,False,False,2176,8,4096,11008,generic,generic,,,CUDA_EVENT,FP16,none
,,,,,,,,,,,,0.05999999865889549,0.1368809938430786,0.07613854985684157,0.0706000030040741,0.01641057701395238,20,0.06387999653816223,0.10312099754810333,0.07151064984500408,0.06748099997639656,0.010363475478632096,20,0.04320000112056732,0.10040099918842316,0.04867244977504015,0.0457604993134737,0.011960413869272565,20,,,,,,,0.07344000041484833,0.11236099898815155,0.07781255096197129,0.07572050020098686,0.008149726756705628,20,0.009119999594986439,0.013520999811589718,0.009652149816974997,0.009359999559819698,0.0009926271231033743,20,0.026559999212622643,0.08160100132226944,0.02984019983559847,0.026940000243484974,0.011898381085359577,20,32,32,4096,11008,32768,True,False,False,1968,8,4096,11008,generic,generic,,,CUDA_EVENT,FP16,none
,,,,,,,,,,,,0.04272099956870079,0.15604199469089508,0.05334644950926304,0.043059999123215675,0.029733897587792123,20,0.05132000148296356,0.22216099500656128,0.06458240002393723,0.05218050070106983,0.03720279103201511,20,0.03156000003218651,0.10968100279569626,0.051668500155210496,0.04938049986958504,0.019081995894733476,20,,,,,,,0.11092100292444229,0.16988100111484528,0.12612699940800667,0.12268099933862686,0.012245367581018454,20,0.011239999905228615,0.013919999822974205,0.011846099933609366,0.011640000157058239,0.000652403973631082,20,0.03412000089883804,0.08988100290298462,0.037422250024974346,0.03456049971282482,0.012038383152440412,20,32,32,4096,11008,32768,True,False,False,2752,8,4096,11008,generic,generic,,,CUDA_EVENT,FP16,none
,,,,,,,,,,,,0.05864100158214569,0.09484100341796875,0.06504459977149964,0.06344049796462059,0.007263265248266885,20,0.07124000042676926,0.09572099894285202,0.07537465021014214,0.07380050048232079,0.005159596110961202,20,0.03508000075817108,0.05244100093841553,0.03989044986665249,0.03924049995839596,0.0033000485849247266,20,,,,,,,0.04939999803900719,0.05640000104904175,0.052124399691820145,0.05171999894082546,0.0014602542287637417,20,0.0069610001519322395,0.010440000332891941,0.007602100097574294,0.0072200000286102295,0.0009374773304339484,20,0.022481000050902367,0.03300099819898605,0.027476249914616346,0.028019999153912067,0.0025722411490028928,20,32,32,4096,11008,32768,True,False,False,912,8,4096,11008,generic,generic,,,CUDA_EVENT,FP16,none
,,,,,,,,,,,,0.06032000109553337,0.19476200640201569,0.07853660006076098,0.06413999944925308,0.03551294269383205,20,0.07848099619150162,0.2061609923839569,0.09587884917855263,0.08382099866867065,0.032057016002301576,20,0.0392800010740757,0.11112099885940552,0.04579034987837076,0.04188000038266182,0.015178773403957497,20,,,,,,,0.06264100223779678,0.10380099713802338,0.06788254976272583,0.06630050018429756,0.008347569889787177,20,0.0061599998734891415,0.023840999230742455,0.007196049951016903,0.006279999855905771,0.0038213985899951757,20,0.027760999277234077,0.08880099654197693,0.036366399563848975,0.033300500363111496,0.012405304607981114,20,32,32,4096,11008,32768,True,False,False,616,8,4096,11008,generic,generic,,,CUDA_EVENT,FP16,none
,,,,,,,,,,,,0.05772100016474724,0.16788199543952942,0.08259280007332563,0.07490099966526031,0.025893607585408644,20,0.05104000121355057,0.21884199976921082,0.071174649707973,0.06094050034880638,0.03592079100847598,20,0.04424099996685982,0.0973609983921051,0.05126835014671087,0.04694000072777271,0.013511792458759699,20,,,,,,,0.07432100176811218,0.15632200241088867,0.08624480068683624,0.0810605026781559,0.018068978069479276,20,0.010080000385642052,0.016039999201893806,0.010634100018069147,0.010239999741315842,0.0013107146289080907,20,0.029839999973773956,0.1348010003566742,0.036950149852782485,0.03012000024318695,0.02331270355372442,20,32,32,4096,11008,32768,True,False,False,2304,8,4096,11008,generic,generic,,,CUDA_EVENT,FP16,none
,,,,,,,,,,,,0.05276000127196312,0.18024100363254547,0.06557840015739202,0.05360049940645695,0.032524442584167874,20,0.05700099840760231,0.2029619961977005,0.06839269883930683,0.05808099918067455,0.03154117928142832,20,0.023159999400377274,0.09768100082874298,0.04409014955163002,0.03889999911189079,0.02045547361642623,20,,,,,,,0.0873199999332428,0.17872099578380585,0.10279234945774078,0.09591999650001526,0.022428013218440283,20,0.012719999998807907,0.01740100048482418,0.013540250109508633,0.013000000268220901,0.0013490109238454113,20,0.041439998894929886,0.08008100092411041,0.04422629997134209,0.0423204991966486,0.008248144749640359,20,32,32,4096,11008,32768,True,False,False,3872,8,4096,11008,generic,generic,,,CUDA_EVENT,FP16,none
,,,,,,,,,,,,0.05567999929189682,0.08956100046634674,0.06631049960851669,0.06602000072598457,0.00693368652983449,20,0.0573199987411499,0.07848099619150162,0.062106449715793134,0.06084050051867962,0.004522721258697617,20,0.041721001267433167,0.06544099748134613,0.04491034988313913,0.04346100054681301,0.004903088249774823,20,,,,,,,0.07308100163936615,0.07956100255250931,0.07455855011940002,0.07420049980282784,0.0015078407012111721,20,0.009080000221729279,0.010599999688565731,0.009410199942067266,0.009320500306785107,0.00034701604866430323,20,0.02648100070655346,0.02979999966919422,0.0270282999612391,0.026900500059127808,0.0006627965698582618,20,32,32,4096,11008,32768,True,False,False,1984,8,4096,11008,generic,generic,,,CUDA_EVENT,FP16,none
,,,,,,,,,,,,0.06428100168704987,0.1448419988155365,0.07652049958705902,0.07016049697995186,0.01816111626046757,20,0.06140099838376045,0.10544099658727646,0.07085679937154055,0.06732000038027763,0.009423598330678854,20,0.043880000710487366,0.1072010025382042,0.0494262496009469,0.045900000259280205,0.013438828099523785,20,,,,,,,0.071601003408432,0.10452000051736832,0.0762423999607563,0.07396050170063972,0.007192110267445806,20,0.00904100015759468,0.01140000019222498,0.009392099920660257,0.009279999881982803,0.000478532893409318,20,0.02988000027835369,0.10131999850273132,0.03400644967332482,0.030259999446570873,0.015452161214744076,20,32,32,4096,11008,32768,True,False,False,1840,8,4096,11008,generic,generic,,,CUDA_EVENT,FP16,none
,,,,,,,,,,,,0.0554409995675087,0.17584200203418732,0.06923694927245379,0.056020498275756836,0.03361839219830829,20,0.05739999935030937,0.20300200581550598,0.06662425026297569,0.05810000002384186,0.03143810044177648,20,0.0237210001796484,0.12784099578857422,0.035160749591886996,0.024140999652445316,0.023884080308752706,20,,,,,,,0.08680099993944168,0.1518010050058365,0.09642699956893921,0.08744100108742714,0.01708456266679145,20,0.014240000396966934,0.018079999834299088,0.014912050077691674,0.014460000209510326,0.0009628358169552737,20,0.04248100146651268,0.1480409950017929,0.04867614954710007,0.04323999956250191,0.02281025554033695,20,32,32,4096,11008,32768,True,False,False,4064,8,4096,11008,generic,generic,,,CUDA_EVENT,FP16,none
,,,,,,,,,,,,0.061760999262332916,0.09371999651193619,0.06524054892361164,0.06284049898386002,0.007528847586637205,20,0.07100100070238113,0.1021609976887703,0.07571654990315438,0.07346000149846077,0.006795860275458341,20,0.03480000048875809,0.054680000990629196,0.039870349876582625,0.039340000599622726,0.0036550005409031945,20,,,,,,,0.0509210005402565,0.05392000079154968,0.05198045019060373,0.051900001242756844,0.0007962753329776601,20,0.00687999976798892,0.008679999969899654,0.007170099974609911,0.007079999893903732,0.00036392045715252655,20,0.026200000196695328,0.03551999852061272,0.02868814980611205,0.028240500018000603,0.001856633703337307,20,32,32,4096,11008,32768,True,False,False,848,8,4096,11008,generic,generic,,,CUDA_EVENT,FP16,none
,,,,,,,,,,,,0.05127999931573868,0.18632200360298157,0.0787287000566721,0.07080049812793732,0.029215932588405182,20,0.051121000200510025,0.18140099942684174,0.06930064987391234,0.06094050034880638,0.028014363371354916,20,0.04479999840259552,0.09436000138521194,0.052442250028252604,0.04824000038206577,0.012847939344583939,20,,,,,,,0.08036100119352341,0.1632010042667389,0.09008274972438812,0.08424099907279015,0.018952443221298614,20,0.010440000332891941,0.012959999963641167,0.011090000020340085,0.010759999975562096,0.0007315600026643384,20,0.028759999200701714,0.10980100184679031,0.03496439969167113,0.0292404992505908,0.018808125189577724,20,32,32,4096,11008,32768,True,False,False,2496,8,4096,11008,generic,generic,,,CUDA_EVENT,FP16,none
,,,,,,,,,,,,0.059000998735427856,0.36656299233436584,0.0942847492173314,0.0635799989104271,0.07602339051513501,20,0.07764100283384323,0.20468199253082275,0.09861684963107109,0.0871409997344017,0.03246057003639915,20,0.038600001484155655,0.1374409943819046,0.04764829967170954,0.041820500046014786,0.02115500811922977,20,,,,,,,0.05691999942064285,0.1082409992814064,0.0633345501497388,0.06006050109863281,0.011802968587625478,20,0.006200000178068876,0.018239999189972878,0.007450049929320812,0.006300000008195639,0.0031979771507768835,20,0.037480998784303665,0.1066410019993782,0.04640839975327253,0.04414050094783306,0.01426426104311422,20,32,32,4096,11008,32768,True,False,False,552,8,4096,11008,generic,generic,,,CUDA_EVENT,FP16,none
,,,,,,,,,,,,0.062481001019477844,0.18568100035190582,0.07847470045089722,0.07010100036859512,0.02687298729777427,20,0.06128000095486641,0.18348200619220734,0.07603660076856614,0.06536000221967697,0.027588264219165368,20,0.04188099876046181,0.11128100007772446,0.051922349445521834,0.04527999833226204,0.018613766678215075,20,,,,,,,0.0721609964966774,0.15792100131511688,0.08153075091540814,0.07520050182938576,0.019323123706663826,20,0.009519999846816063,0.012721000239253044,0.009890099987387657,0.009680000133812428,0.000688481078529675,20,0.026359999552369118,0.09083999693393707,0.03173414980992675,0.026599999517202377,0.015532271911985276,20,32,32,4096,11008,32768,True,False,False,2048,8,4096,11008,generic,generic,,,CUDA_EVENT,FP16,none
,,,,,,,,,,,,0.04776100069284439,0.08704099804162979,0.0625305499881506,0.06480049714446068,0.00872822105685653,20,0.057360999286174774,0.08404099941253662,0.06296260003000498,0.0612805001437664,0.0054761683431248835,20,0.04019999876618385,0.06416100263595581,0.04500234983861447,0.04409999959170818,0.004589734265272292,20,,,,,,,0.06868100166320801,0.07636100053787231,0.0722265001386404,0.07198050245642662,0.0017997437914849521,20,0.009039999917149544,0.009840000420808792,0.009270050004124642,0.009159999899566174,0.0002685686486413502,20,0.02995999902486801,0.03147999942302704,0.03034824999049306,0.030259999446570873,0.0003440613376866155,20,32,32,4096,11008,32768,True,False,False,1856,8,4096,11008,generic,generic,,,CUDA_EVENT,FP16,none
,,,,,,,,,,,,0.050200000405311584,0.16172200441360474,0.06229840014129877,0.05120049975812435,0.028700920650857092,20,0.056081000715494156,0.16596099734306335,0.06565480027347803,0.05718099884688854,0.023995455853878696,20,0.0326399989426136,0.11232099682092667,0.05993229914456606,0.05841999873518944,0.019806188380751613,20,,,,,,,0.08024100214242935,0.15024100244045258,0.09157085083425046,0.0853010006248951,0.01936413399585447,20,0.012120000086724758,0.017239999026060104,0.012768049957230687,0.012400000356137753,0.001271306050844138,20,0.04532099887728691,0.13144099712371826,0.05175079926848412,0.04598099924623966,0.0193411339262227,20,32,32,4096,11008,32768,True,False,False,3616,8,4096,11008,generic,generic,,,CUDA_EVENT,FP16,none
,,,,,,,,,,,,0.06612099707126617,0.135561004281044,0.07552470080554485,0.06996100023388863,0.01592646485440605,20,0.061840999871492386,0.09924100339412689,0.0705584991723299,0.06797999888658524,0.008828600233009165,20,0.042520999908447266,0.09291999787092209,0.04791424963623285,0.04535999894142151,0.010446203084057542,20,,,,,,,0.06476099789142609,0.10732100158929825,0.06847469955682754,0.06658050045371056,0.008945460079009978,20,0.008080000057816505,0.009359999559819698,0.008244050014764071,0.008200000040233135,0.0002634683957846603,20,0.024879999458789825,0.0817210003733635,0.029036249872297047,0.025579999200999737,0.012243631565005983,20,32,32,4096,11008,32768,True,False,False,1712,8,4096,11008,generic,generic,,,CUDA_EVENT,FP16,none
,,,,,,,,,,,,0.058320000767707825,0.12251999974250793,0.06478659994900227,0.06068049930036068,0.01359226842832384,20,0.07023999840021133,0.08544100075960159,0.07615069895982743,0.07572000101208687,0.0030829764030490094,20,0.038440000265836716,0.045079998672008514,0.04035819992423058,0.040200000628829,0.0013601943876789477,20,,,,,,,0.05671999976038933,0.06596100330352783,0.060770600102841854,0.06072000041604042,0.001626374498071081,20,0.006279999855905771,0.01095999963581562,0.006718049943447113,0.006399999838322401,0.0010801648241938696,20,0.02143999934196472,0.03548000007867813,0.029158199671655893,0.02961999922990799,0.00292746659528023,20,32,32,4096,11008,32768,True,False,False,784,8,4096,11008,generic,generic,,,CUDA_EVENT,FP16,none
,,,,,,,,,,,,0.05316000059247017,0.18116100132465363,0.06648830007761716,0.05407999828457832,0.03279677643123516,20,0.05628100037574768,0.18660199642181396,0.06634085010737181,0.058180999010801315,0.028019397499352314,20,0.025040000677108765,0.10044100135564804,0.04157414967194199,0.034459998831152916,0.018877401647514162,20,,,,,,,0.08088099956512451,0.15820099413394928,0.09608084931969643,0.09102099761366844,0.018491223996060884,20,0.012480000033974648,0.013480999507009983,0.012736099911853671,0.012719999998807907,0.00020228905762930338,20,0.04532000049948692,0.11240100115537643,0.05189069993793964,0.04608000069856644,0.01779574859773291,20,32,32,4096,11008,32768,True,False,False,3808,8,4096,11008,generic,generic,,,CUDA_EVENT,FP16,none
,,,,,,,,,,,,0.041839998215436935,0.1629209965467453,0.06744635030627251,0.05942000076174736,0.027896720582301873,20,0.05139999836683273,0.1960819959640503,0.06943279951810837,0.05718099884688854,0.031414078269225966,20,0.043960001319646835,0.10752099752426147,0.05303029976785183,0.047439999878406525,0.017610188425615514,20,,,,,,,0.09179999679327011,0.14084099233150482,0.10248065032064915,0.0992409996688366,0.012315999064659303,20,0.010080000385642052,0.01104000024497509,0.010348100028932095,0.010259999893605709,0.00025517541959554923,20,0.02807999961078167,0.05976099893450737,0.03112234966829419,0.028360500000417233,0.00737877533673238,20,32,32,4096,11008,32768,True,False,False,2240,8,4096,11008,generic,generic,,,CUDA_EVENT,FP16,none
,,,,,,,,,,,,0.060520000755786896,0.09720099717378616,0.06856065019965171,0.06714050099253654,0.0072036614591248615,20,0.05948000028729439,0.07655999809503555,0.06319644991308451,0.06220000050961971,0.003670312334703869,20,0.04124100133776665,0.06207999959588051,0.043786400184035304,0.04256049916148186,0.004357761584241301,20,,,,,,,0.061400000005960464,0.06648000329732895,0.06488455086946487,0.06512049958109856,0.001291191953031814,20,0.00800000037997961,0.008320000022649765,0.008136100089177489,0.0081599997356534,7.841474000234395e-05,20,0.024639999493956566,0.025679999962449074,0.02516824994236231,0.025200500153005123,0.0003113715202793414,20,32,32,4096,11008,32768,True,False,False,1728,8,4096,11008,generic,generic,,,CUDA_EVENT,FP16,none
,,,,,,,,,,,,0.06639999896287918,0.16196100413799286,0.07754240073263645,0.0691400021314621,0.022345487343232252,20,0.060759998857975006,0.19588199257850647,0.07781675048172473,0.06860100105404854,0.029038722196221417,20,0.04196099936962128,0.11920099705457687,0.05053839981555939,0.04519999958574772,0.017402565411428452,20,,,,,,,0.07308100163936615,0.121800996363163,0.07979249991476536,0.07474000006914139,0.01361137598699078,20,0.009159999899566174,0.010359999723732471,0.00952814994379878,0.0094200000166893,0.0003496880304872678,20,0.02616100013256073,0.1021609976887703,0.03258224995806813,0.026319999247789383,0.019109296593659342,20,32,32,4096,11008,32768,True,False,False,1920,8,4096,11008,generic,generic,,,CUDA_EVENT,FP16,none
,,,,,,,,,,,,0.05787999927997589,0.15644100308418274,0.07031034994870425,0.06136000156402588,0.024074338527647753,20,0.07236099988222122,0.22460199892520905,0.09374494925141334,0.08454100042581558,0.03222378806843352,20,0.03736000135540962,0.11836099624633789,0.04717449937015772,0.03998099826276302,0.020997781031314746,20,,,,,,,0.04600000008940697,0.0907600000500679,0.05214019939303398,0.048419998958706856,0.01091054489409177,20,0.0061599998734891415,0.028599999845027924,0.008322050049901008,0.006300000008195639,0.006108152911724499,20,0.03248000144958496,0.08920100331306458,0.04212665036320686,0.03756050020456314,0.015189501814977416,20,32,32,4096,11008,32768,True,False,False,488,8,4096,11008,generic,generic,,,CUDA_EVENT,FP16,none
,,,,,,,,,,,,0.04527999833226204,0.13708099722862244,0.05364854987710714,0.04596100002527237,0.021064924204729357,20,0.05243999883532524,0.1024399995803833,0.06031230017542839,0.054480498656630516,0.011944814742232772,20,0.04540099948644638,0.10600099712610245,0.0525925500318408,0.049200501292943954,0.012545741689810482,20,,,,,,,0.08776099979877472,0.14016099274158478,0.09487884938716888,0.09300100058317184,0.0107411278181763,20,0.01152000017464161,0.012120000086724758,0.011826049955561756,0.011839999817311764,0.00015504021563226758,20,0.03668000176548958,0.0414000004529953,0.03780215010046959,0.03756050020456314,0.0010412892771760483,20,32,32,4096,11008,32768,True,False,False,3360,8,4096,11008,generic,generic,,,CUDA_EVENT,FP16,none
,,,,,,,,,,,,0.05139999836683273,0.12280099838972092,0.06356469932943583,0.06028049997985363,0.013931753130886366,20,0.07224000245332718,0.0835610032081604,0.0786145992577076,0.07898100093007088,0.002770674754877278,20,0.03399999812245369,0.04416099935770035,0.0364163001999259,0.035820500925183296,0.0019791601332444014,20,,,,,,,0.05832099914550781,0.06236099824309349,0.059832649677991866,0.059840500354766846,0.0008523560069401887,20,0.0061599998734891415,0.006440000142902136,0.006270050024613738,0.006260499823838472,6.30638609354678e-05,20,0.027160000056028366,0.03911999985575676,0.0313722001388669,0.03108099941164255,0.0022474143714314703,20,32,32,4096,11008,32768,True,False,False,720,8,4096,11008,generic,generic,,,CUDA_EVENT,FP16,none
,,,,,,,,,,,,0.06476099789142609,0.186040997505188,0.08135054968297481,0.07124000042676926,0.029123577641446546,20,0.06128000095486641,0.09892100095748901,0.07021065019071102,0.06624050065875053,0.009680840011703228,20,0.043800000101327896,0.09895999729633331,0.049898399785161016,0.04712049849331379,0.011435260765003048,20,,,,,,,0.06323999911546707,0.10116100311279297,0.06749040000140667,0.06550099700689316,0.00790346830505643,20,0.00791999977082014,0.013319999910891056,0.008374099992215634,0.008080000057816505,0.0011496004677150958,20,0.02616100013256073,0.07496099919080734,0.029466299805790186,0.026700000278651714,0.010502596727403984,20,32,32,4096,11008,32768,True,False,False,1584,8,4096,11008,generic,generic,,,CUDA_EVENT,FP16,none
,,,,,,,,,,,,0.05167999863624573,0.1740809977054596,0.06465444955974817,0.052799999713897705,0.03132942057116071,20,0.05584099888801575,0.16940200328826904,0.06564865056425333,0.056801000609993935,0.0247956235294503,20,0.026399999856948853,0.10248100012540817,0.047440150287002325,0.04358000122010708,0.018804121061715768,20,,,,,,,0.0835999995470047,0.19036099314689636,0.0993685495108366,0.09146049618721008,0.024295713340203452,20,0.011959999799728394,0.01711999997496605,0.012580200051888823,0.012180499732494354,0.0012109004895748206,20,0.038759998977184296,0.14104199409484863,0.044342349469661715,0.03908049874007702,0.02218969306421647,20,32,32,4096,11008,32768,True,False,False,3552,8,4096,11008,generic,generic,,,CUDA_EVENT,FP16,none
,,,,,,,,,,,,0.06196000054478645,0.1719219982624054,0.07857249956578016,0.0691399984061718,0.0249127316232763,20,0.06095999851822853,0.17252099514007568,0.07461664937436581,0.06776100024580956,0.02408416328869598,20,0.043719999492168427,0.11412099748849869,0.052668549865484235,0.046380000188946724,0.018593522387060496,20,,,,,,,0.07140100002288818,0.11560100317001343,0.07947659976780415,0.07603999972343445,0.011044094695812858,20,0.009440000168979168,0.013240999542176723,0.010020099952816964,0.00977999996393919,0.0008094837751727107,20,0.0272000003606081,0.08496099710464478,0.031472299713641405,0.027620499953627586,0.012835648189619806,20,32,32,4096,11008,32768,True,False,False,2016,8,4096,11008,generic,generic,,,CUDA_EVENT,FP16,none
,,,,,,,,,,,,0.05747999995946884,0.17972199618816376,0.07262254953384399,0.0666004978120327,0.024876487529759992,20,0.059160999953746796,0.0798799991607666,0.06333444956690074,0.06196000054478645,0.004458682984174182,20,0.04047999903559685,0.05956000089645386,0.046082349866628645,0.04529999941587448,0.004074740177447683,20,,,,,,,0.06168000027537346,0.06532099843025208,0.06337069980800152,0.06328099966049194,0.0009663942665356926,20,0.007840000092983246,0.014240000396966934,0.00837000012397766,0.00800000037997961,0.0013715320409903027,20,0.025760000571608543,0.02988000027835369,0.02659424990415573,0.026139999739825726,0.0011464951036945328,20,32,32,4096,11008,32768,True,False,False,1600,8,4096,11008,generic,generic,,,CUDA_EVENT,FP16,none
,,,,,,,,,,,,0.06300000101327896,0.15796099603176117,0.07832239978015423,0.06996000185608864,0.02258096178890299,20,0.059721000492572784,0.1891220062971115,0.07637280039489269,0.06902099773287773,0.027779855041814013,20,0.04196000099182129,0.10332100093364716,0.048790599964559075,0.0443004984408617,0.014276548688477605,20,,,,,,,0.06608100235462189,0.11724100261926651,0.07274635098874568,0.06832050159573555,0.013296537934772307,20,0.00827999971807003,0.010360999964177608,0.008556149993091821,0.008440500125288963,0.00042910758022198593,20,0.024720000103116035,0.10756099969148636,0.03211230002343655,0.024960000067949295,0.02100677942804052,20,32,32,4096,11008,32768,True,False,False,1792,8,4096,11008,generic,generic,,,CUDA_EVENT,FP16,none
,,,,,,,,,,,,0.05952100083231926,0.15140099823474884,0.07038679979741573,0.062380000948905945,0.022305859158481323,20,0.07756000012159348,0.2019219994544983,0.09273054972290992,0.08366049826145172,0.027194699049952184,20,0.037721000611782074,0.12228100001811981,0.04669449981302023,0.040360501036047935,0.018772020428937417,20,,,,,,,0.04611999914050102,0.11028099805116653,0.05518869999796152,0.05012050084769726,0.015872696128782324,20,0.006120000034570694,0.029601000249385834,0.008122099982574581,0.006240499904379249,0.005389689793564492,20,0.031039999797940254,0.09184099733829498,0.04010619940236211,0.037779999896883965,0.012201277351186951,20,32,32,4096,11008,32768,True,False,False,424,8,4096,11008,generic,generic,,,CUDA_EVENT,FP16,none
,,,,,,,,,,,,0.0435199998319149,0.08736100047826767,0.04780634976923466,0.04405999928712845,0.010657751818337505,20,0.05244100093841553,0.08696100115776062,0.056874549761414525,0.05365999974310398,0.007590379265772651,20,0.04464000090956688,0.06431999802589417,0.05037234965711832,0.04927999898791313,0.003855704430332986,20,,,,,,,0.07468099892139435,0.09076099842786789,0.08409069925546646,0.08374099805951118,0.003572783255150151,20,0.01104000024497509,0.012120000086724758,0.011306149931624532,0.01119999960064888,0.0003086298728500638,20,0.038679998368024826,0.0435199998319149,0.03928629979491234,0.03893999941647053,0.0010283037333165073,20,32,32,4096,11008,32768,True,False,False,3104,8,4096,11008,generic,generic,,,CUDA_EVENT,FP16,none
,,,,,,,,,,,,0.06148099899291992,0.09504099935293198,0.06529060024768114,0.06326000019907951,0.007245260271346681,20,0.06948000192642212,0.10267999768257141,0.07422860004007817,0.07224049791693687,0.006989629406627682,20,0.03244100138545036,0.052560001611709595,0.0368563998490572,0.03619999811053276,0.0037491100258196853,20,,,,,,,0.04632100090384483,0.05283999815583229,0.04835645016282797,0.048320500180125237,0.0012672657371582277,20,0.006120000034570694,0.010200999677181244,0.006500199949368834,0.006279999855905771,0.0008532854441668538,20,0.030160000547766685,0.045841000974178314,0.03603220013901591,0.03530000150203705,0.003458604836570392,20,32,32,4096,11008,32768,True,False,False,656,8,4096,11008,generic,generic,,,CUDA_EVENT,FP16,none
,,,,,,,,,,,,0.06384000182151794,0.14284099638462067,0.07474254854023457,0.06838049739599228,0.01787360260745787,20,0.06072099879384041,0.10144100338220596,0.0720327002927661,0.06956050172448158,0.009359319762503154,20,0.04148000106215477,0.0934009999036789,0.046710249967873096,0.04357999935746193,0.010938975756827486,20,,,,,,,0.060520000755786896,0.10804100334644318,0.06712845005095006,0.06498100236058235,0.009505194933064395,20,0.0075599998235702515,0.007841000333428383,0.007690049987286329,0.007679999805986881,7.151962084619976e-05,20,0.023679999634623528,0.07964099943637848,0.02772819995880127,0.02422000002115965,0.012027545106047453,20,32,32,4096,11008,32768,True,False,False,1456,8,4096,11008,generic,generic,,,CUDA_EVENT,FP16,none
,,,,,,,,,,,,0.05931999906897545,0.09564100205898285,0.06704454962164164,0.064860500395298,0.00742929801344889,20,0.058079998940229416,0.0851999968290329,0.06355039905756713,0.06222050078213215,0.005786699683102006,20,0.04039999842643738,0.05559999868273735,0.04239035006612539,0.041840000078082085,0.0031036465180218605,20,,,,,,,0.060920000076293945,0.07256100326776505,0.06421459950506687,0.063400499522686,0.0024465265882098316,20,0.007319999858736992,0.01104000024497509,0.007749999966472387,0.00750000006519258,0.0008535924579014368,20,0.023599999025464058,0.028680000454187393,0.02455019997432828,0.023780500516295433,0.001437545436874414,20,32,32,4096,11008,32768,True,False,False,1472,8,4096,11008,generic,generic,,,CUDA_EVENT,FP16,none
,,,,,,,,,,,,0.05536000058054924,0.16520099341869354,0.0771786991506815,0.06848100200295448,0.025325801752120868,20,0.06196099892258644,0.21320199966430664,0.07827065009623765,0.06812000274658203,0.03263076281086789,20,0.04252000153064728,0.10544099658727646,0.05029834993183613,0.04543999955058098,0.015172325528168606,20,,,,,,,0.07100100070238113,0.124160997569561,0.07912674993276596,0.07510099932551384,0.013007995087261779,20,0.009279999881982803,0.011280999518930912,0.009692149935290217,0.009461000096052885,0.000517347509600981,20,0.026599999517202377,0.11776100099086761,0.032654100097715855,0.026800000108778477,0.020310785305650076,20,32,32,4096,11008,32768,True,False,False,1888,8,4096,11008,generic,generic,,,CUDA_EVENT,FP16,none
,,,,,,,,,,,,0.0458809994161129,0.1652819961309433,0.05852284915745258,0.04618099890649319,0.03105040350741363,20,0.052400000393390656,0.1998009979724884,0.06490629985928535,0.05346049927175045,0.03202609611884364,20,0.045441001653671265,0.11964099854230881,0.06059675011783838,0.05414099991321564,0.018725622706600355,20,,,,,,,0.08752000331878662,0.14772099256515503,0.09683479964733124,0.09128100052475929,0.015502118871333563,20,0.011599999852478504,0.01396000012755394,0.01191214993596077,0.011760000139474869,0.0005015721078148783,20,0.03936000168323517,0.09520100057125092,0.04427209962159395,0.03982049971818924,0.013465800563796508,20,32,32,4096,11008,32768,True,False,False,3296,8,4096,11008,generic,generic,,,CUDA_EVENT,FP16,none
,,,,,,,,,,,,0.04144100099802017,0.0827609971165657,0.05030645001679659,0.04481999948620796,0.011025031509344373,20,0.052000001072883606,0.09564100205898285,0.05912235006690025,0.05700099840760231,0.008905792688184014,20,0.04355999827384949,0.06220100075006485,0.0462824996560812,0.044881001114845276,0.004016190163959246,20,,,,,,,0.07616099715232849,0.08776099979877472,0.08317280076444149,0.08324050158262253,0.002719455904454157,20,0.010599999688565731,0.011479999870061874,0.0108600499574095,0.01083999965339899,0.0001759717388379833,20,0.03460000082850456,0.03956000134348869,0.03532615024596453,0.03496050089597702,0.001078730034291602,20,32,32,4096,11008,32768,True,False,False,2848,8,4096,11008,generic,generic,,,CUDA_EVENT,FP16,none
,,,,,,,,,,,,0.05552100017666817,0.1170009970664978,0.06141439955681562,0.058079998940229416,0.013258775432139089,20,0.07459999620914459,0.08708100020885468,0.0794786497950554,0.07840099930763245,0.0036979953147102448,20,0.03492100164294243,0.04016000032424927,0.03723850045353174,0.03684000112116337,0.0013983614545033025,20,,,,,,,0.05916000157594681,0.0629199966788292,0.06111039984971285,0.06118049845099449,0.0009333398403129889,20,0.0061599998734891415,0.006440000142902136,0.006298099993728101,0.006300000008195639,8.040202793023577e-05,20,0.022600000724196434,0.033879999071359634,0.029090300016105176,0.029380500316619873,0.0022443584770988454,20,32,32,4096,11008,32768,True,False,False,592,8,4096,11008,generic,generic,,,CUDA_EVENT,FP16,none
,,,,,,,,,,,,0.06584099680185318,0.18876099586486816,0.08303264901041985,0.07165999710559845,0.03147602072597153,20,0.06120000034570694,0.1900009959936142,0.07603274956345558,0.06780099868774414,0.027210605650200895,20,0.04188000038266182,0.10660099983215332,0.051250299997627737,0.045380499213933945,0.017020815634508555,20,,,,,,,0.06040100008249283,0.1326809972524643,0.07259849943220616,0.06738049909472466,0.01649149275978846,20,0.00812000036239624,0.021719999611377716,0.009150049975141883,0.00824000034481287,0.002966027725911215,20,0.028680000454187393,0.09275999665260315,0.035640299692749976,0.029300999827682972,0.017384674419737456,20,32,32,4096,11008,32768,True,False,False,1664,8,4096,11008,generic,generic,,,CUDA_EVENT,FP16,none
,,,,,,,,,,,,0.05703999847173691,0.17568199336528778,0.07015439942479133,0.06046050041913986,0.027672221267649472,20,0.07416100054979324,0.15936100482940674,0.09071299955248832,0.08394100144505501,0.019373094819771407,20,0.036159999668598175,0.09223999828100204,0.04162829983979464,0.038960499688982964,0.0117742260429057,20,,,,,,,0.04492099955677986,0.10604099929332733,0.04997035004198551,0.046460000798106194,0.013031499851423508,20,0.006120000034570694,0.023840000852942467,0.007474000030197203,0.006200000178068876,0.003939833137883277,20,0.029039999470114708,0.08720099925994873,0.03876860002055764,0.036761000752449036,0.011330831934459709,20,32,32,4096,11008,32768,True,False,False,360,8,4096,11008,generic,generic,,,CUDA_EVENT,FP16,none
,,,,,,,,,,,,0.0650010034441948,0.1491200029850006,0.0747105497866869,0.06898050010204315,0.018490742128560125,20,0.06455999612808228,0.12012100219726562,0.07536654956638814,0.07200049981474876,0.012050237028891195,20,0.0413610003888607,0.0828000009059906,0.04573644958436489,0.043840499594807625,0.00858156481610328,20,,,,,,,0.06272000074386597,0.09912099689245224,0.06708049923181533,0.06534050032496452,0.007539795956076642,20,0.007280000019818544,0.0081599997356534,0.007499999972060323,0.0074800001457333565,0.0001736662694822413,20,0.02304000034928322,0.07424099743366241,0.026268299855291843,0.02326050028204918,0.011078830772222291,20,32,32,4096,11008,32768,True,False,False,1328,8,4096,11008,generic,generic,,,CUDA_EVENT,FP16,none
,,,,,,,,,,,,0.05640000104904175,0.09436099976301193,0.06565055027604103,0.06422049924731255,0.007504642150635527,20,0.06151999905705452,0.08451999723911285,0.0650563994422555,0.063400499522686,0.005068779545793118,20,0.03748000040650368,0.06015999987721443,0.04251840002834797,0.04134050011634827,0.004605802521174513,20,,,,,,,0.05804099887609482,0.06572099775075912,0.06338859964162111,0.06371999904513359,0.0015298008010559902,20,0.007360000163316727,0.007639999967068434,0.007478049979545176,0.0074800001457333565,6.630417073146154e-05,20,0.02271999977529049,0.02696000039577484,0.023306250106543303,0.022880499251186848,0.0010774800800389982,20,32,32,4096,11008,32768,True,False,False,1344,8,4096,11008,generic,generic,,,CUDA_EVENT,FP16,none
,,,,,,,,,,,,0.06407999992370605,0.1740410029888153,0.07895070053637028,0.07063999772071838,0.02479126821819734,20,0.0588809996843338,0.1926019936800003,0.07708055004477501,0.06780049949884415,0.029716286441164835,20,0.0430000014603138,0.11944100260734558,0.052578499913215636,0.04532000049948692,0.02049642384158047,20,,,,,,,0.06483999639749527,0.1300410032272339,0.07465469911694526,0.06898050010204315,0.016921247079579902,20,0.008200000040233135,0.013120000250637531,0.00875414996407926,0.00838000001385808,0.0011820363540100852,20,0.025439999997615814,0.09567999839782715,0.030564099829643965,0.02594050019979477,0.015393748681422102,20,32,32,4096,11008,32768,True,False,False,1760,8,4096,11008,generic,generic,,,CUDA_EVENT,FP16,none
,,,,,,,,,,,,0.04363999888300896,0.17016199231147766,0.06126854903995991,0.049920499324798584,0.030964585145726663,20,0.052319999784231186,0.2056410014629364,0.07111255079507828,0.06202100217342377,0.03466266051976344,20,0.047279998660087585,0.10580100119113922,0.05618269983679056,0.05142099969089031,0.014600780169000783,20,,,,,,,0.08268100023269653,0.1551620066165924,0.09157685078680515,0.08820099756121635,0.015103207692420653,20,0.010999999940395355,0.014840000309050083,0.011634099995717406,0.01126050017774105,0.0008646996215032385,20,0.036240000277757645,0.13780100643634796,0.04176215063780546,0.03668000176548958,0.022036975255321826,20,32,32,4096,11008,32768,True,False,False,3040,8,4096,11008,generic,generic,,,CUDA_EVENT,FP16,none
,,,,,,,,,,,,0.04732000082731247,0.08720099925994873,0.0582465996965766,0.055901000276207924,0.010488026378944694,20,0.05276099964976311,0.08068099617958069,0.05814235005527735,0.05575999990105629,0.006263902412218775,20,0.045120999217033386,0.06620100140571594,0.047718549892306325,0.046920498833060265,0.0043396064928048,20,,,,,,,0.07600100338459015,0.08892100304365158,0.08234075009822846,0.0821009986102581,0.0026846741471838226,20,0.01080000028014183,0.012199999764561653,0.011072149965912104,0.01095999963581562,0.00030610206551043127,20,0.033640000969171524,0.03548000007867813,0.03408619966357947,0.034020498394966125,0.0003879663814017141,20,32,32,4096,11008,32768,True,False,False,2592,8,4096,11008,generic,generic,,,CUDA_EVENT,FP16,none
,,,,,,,,,,,,0.05540100112557411,0.11636099964380264,0.06163259968161583,0.0580810010433197,0.012854421702831523,20,0.07172100245952606,0.08704099804162979,0.07919859923422337,0.07872099801898003,0.003339599355789702,20,0.03452099859714508,0.03991999849677086,0.03666419982910156,0.03653999976813793,0.0013231245496286431,20,,,,,,,0.05288099870085716,0.055681001394987106,0.05447659995406866,0.05451999977231026,0.0007138326471374987,20,0.0060800001956522465,0.006519999820739031,0.006234050029888749,0.006240000016987324,9.732749208615363e-05,20,0.033319998532533646,0.04335999861359596,0.03587024938315153,0.03571999818086624,0.0023037535485507066,20,32,32,4096,11008,32768,True,False,False,528,8,4096,11008,generic,generic,,,CUDA_EVENT,FP16,none
,,,,,,,,,,,,0.05496000126004219,0.08864100277423859,0.06043024994432926,0.05840049870312214,0.006989045187588953,20,0.07548099756240845,0.10180100053548813,0.08220489993691445,0.08136099949479103,0.0053372603056847595,20,0.03771999850869179,0.05816100165247917,0.04069229997694492,0.039340000599622726,0.004397149856256599,20,,,,,,,0.041039999574422836,0.044119998812675476,0.04236609973013401,0.042021000757813454,0.0009357645051328295,20,0.006120000034570694,0.012280000373721123,0.006510000047273934,0.006200000178068876,0.001325254767527279,20,0.03460000082850456,0.03776000067591667,0.03586829993873834,0.03570050001144409,0.0007989116694049516,20,32,32,4096,11008,32768,True,False,False,296,8,4096,11008,generic,generic,,,CUDA_EVENT,FP16,none
,,,,,,,,,,,,0.061441000550985336,0.1456809937953949,0.07518864963203668,0.06774049997329712,0.02007807866740263,20,0.06268099695444107,0.19864200055599213,0.08021259941160679,0.07154000177979469,0.029082321819585772,20,0.04028100147843361,0.1053209975361824,0.04888869971036911,0.043981000781059265,0.01587744221606676,20,,,,,,,0.0639209970831871,0.1310410052537918,0.07033854983747005,0.0659404993057251,0.015201951936344195,20,0.007840000092983246,0.011920000426471233,0.008270050073042512,0.007960000075399876,0.0008957394491108217,20,0.0237210001796484,0.09055999666452408,0.03128420002758503,0.02410000003874302,0.01918048133764576,20,32,32,4096,11008,32768,True,False,False,1536,8,4096,11008,generic,generic,,,CUDA_EVENT,FP16,none
,,,,,,,,,,,,0.05852000042796135,0.13196100294589996,0.07258854936808348,0.06756049767136574,0.015984713704012603,20,0.0644410029053688,0.10912100225687027,0.07463070042431355,0.07138049975037575,0.010831656725228312,20,0.04075999930500984,0.10124000161886215,0.046182299964129925,0.043000999838113785,0.012815020998182752,20,,,,,,,0.060520999133586884,0.09624099731445312,0.06562454961240291,0.06424050033092499,0.007145440493619354,20,0.007079999893903732,0.00848000030964613,0.00725400005467236,0.007179999956861138,0.0002901793157699015,20,0.02143999934196472,0.08404099941253662,0.025884199887514114,0.02166000008583069,0.013534501646743935,20,32,32,4096,11008,32768,True,False,False,1200,8,4096,11008,generic,generic,,,CUDA_EVENT,FP16,none
,,,,,,,,,,,,0.0631600022315979,0.10212100297212601,0.068036550283432,0.06494050100445747,0.008662753911223927,20,0.06112099811434746,0.08532000333070755,0.06568849980831146,0.06394049897789955,0.0051091129899555965,20,0.040240999311208725,0.05908000096678734,0.04237640015780926,0.04118099994957447,0.003957118334823278,20,,,,,,,0.06204000115394592,0.0694810003042221,0.06372264940291643,0.063400998711586,0.0015816224312442668,20,0.007079999893903732,0.010599999688565731,0.0075740499654784795,0.007199999876320362,0.0009186068362990663,20,0.021320000290870667,0.023479999974370003,0.021698200050741433,0.021580000407993793,0.0004699457774316764,20,32,32,4096,11008,32768,True,False,False,1216,8,4096,11008,generic,generic,,,CUDA_EVENT,FP16,none
,,,,,,,,,,,,0.06164100021123886,0.17268100380897522,0.08191469982266426,0.06998100131750107,0.028488063239758783,20,0.06140099838376045,0.17964200675487518,0.07953274976462126,0.07118099927902222,0.02784267299535575,20,0.039639998227357864,0.10556100308895111,0.050248300097882746,0.045140499249100685,0.016184496220070708,20,,,,,,,0.06515999883413315,0.11056099832057953,0.07149655036628247,0.06761999800801277,0.011943771468714256,20,0.00812000036239624,0.02680099941790104,0.009284099983051419,0.008200000040233135,0.004070206175814477,20,0.028359999880194664,0.10728099942207336,0.03570635011419654,0.028881000354886055,0.02001420666981472,20,32,32,4096,11008,32768,True,False,False,1632,8,4096,11008,generic,generic,,,CUDA_EVENT,FP16,none
,,,,,,,,,,,,0.042520999908447266,0.1634020060300827,0.05536285080015659,0.043081000447273254,0.03175510033931157,20,0.051920000463724136,0.19844099879264832,0.063018199801445,0.05261999927461147,0.03182637339250987,20,0.030000999569892883,0.14208099246025085,0.05528464931994677,0.05128050036728382,0.02462943072651535,20,,,,,,,0.11440099775791168,0.19336199760437012,0.128185098990798,0.12304100021719933,0.017934931641814877,20,0.0116799995303154,0.013079999946057796,0.01207000003196299,0.011920000426471233,0.00037733277303288117,20,0.03483999893069267,0.0674000009894371,0.03734204992651939,0.03553999960422516,0.006940748505663844,20,32,32,4096,11008,32768,True,False,False,2784,8,4096,11008,generic,generic,,,CUDA_EVENT,FP16,none
,,,,,,,,,,,,0.054040998220443726,0.08684100210666656,0.05906640011817217,0.05712050013244152,0.006890719217877665,20,0.07712099701166153,0.1061209961771965,0.08211464956402778,0.07970049977302551,0.00630244196872338,20,0.03316099941730499,0.04836000129580498,0.03699639979749918,0.03624099865555763,0.002972997884411687,20,,,,,,,0.04439999908208847,0.050721000880002975,0.046100249700248244,0.045700499787926674,0.0015705115778745754,20,0.0060800001956522465,0.010119999758899212,0.006554099963977933,0.0062200000975281,0.0009177260966459096,20,0.027360999956727028,0.036361001431941986,0.03346224995329976,0.034081000834703445,0.0022463510690844844,20,32,32,4096,11008,32768,True,False,False,464,8,4096,11008,generic,generic,,,CUDA_EVENT,FP16,none
,,,,,,,,,,,,0.05956000089645386,0.09952099621295929,0.07078049909323454,0.06956099718809128,0.008832635762556168,20,0.05328099802136421,0.0835610032081604,0.059214699827134606,0.05734099820256233,0.006783453592463891,20,0.04360000044107437,0.06080000102519989,0.04602434970438481,0.045140501111745834,0.0035510327268303415,20,,,,,,,0.07344099879264832,0.08024100214242935,0.07889460027217865,0.07934099808335304,0.0014581387045411356,20,0.010320000350475311,0.011599999852478504,0.010684200003743172,0.01048049982637167,0.0004425861436363635,20,0.028440000489354134,0.030239999294281006,0.028884199820458888,0.02877999935299158,0.00046620869499997903,20,32,32,4096,11008,32768,True,False,False,2336,8,4096,11008,generic,generic,,,CUDA_EVENT,FP16,none
,,,,,,,,,,,,0.05484100058674812,0.08779999613761902,0.05851444993168116,0.05646100081503391,0.007045334857845021,20,0.07732000201940536,0.10632099956274033,0.08137474991381169,0.07958099991083145,0.00610393674468988,20,0.032760001718997955,0.05364000052213669,0.03845825027674436,0.03731999918818474,0.004117403991902197,20,,,,,,,0.03751999884843826,0.0472010001540184,0.04088434968143702,0.04052099958062172,0.0017611966282711725,20,0.0060800001956522465,0.006279999855905771,0.006160099990665913,0.0061599998734891415,4.8949855251001863e-05,20,0.030440999194979668,0.03731999918818474,0.03357029957696796,0.03360049985349178,0.0012511874018553035,20,32,32,4096,11008,32768,True,False,False,232,8,4096,11008,generic,generic,,,CUDA_EVENT,FP16,none
,,,,,,,,,,,,0.0629199966788292,0.14264099299907684,0.07501069940626622,0.0680604986846447,0.019002684806161498,20,0.06108099967241287,0.20760199427604675,0.08158249892294407,0.07160000130534172,0.03258483063692082,20,0.044440001249313354,0.10988099873065948,0.05161844957619906,0.04670099914073944,0.01576945454930679,20,,,,,,,0.06232000142335892,0.11704099923372269,0.06986269988119602,0.06640049815177917,0.012209871529301869,20,0.007600000128149986,0.010040000081062317,0.00791404996998608,0.00768049992620945,0.0006038713726630478,20,0.02436099946498871,0.0729610025882721,0.030264199897646903,0.024979999288916588,0.01242323112918157,20,32,32,4096,11008,32768,True,False,False,1408,8,4096,11008,generic,generic,,,CUDA_EVENT,FP16,none
,,,,,,,,,,,,0.06912100315093994,0.17452199757099152,0.08070685006678105,0.07372049987316132,0.022612922387431136,20,0.06487999856472015,0.17492100596427917,0.07806264981627464,0.07254049926996231,0.02264510084148118,20,0.0376800000667572,0.08008000254631042,0.04542214963585138,0.04383999854326248,0.008252557336812315,20,,,,,,,0.06168000027537346,0.10988099873065948,0.06669455002993345,0.06436049938201904,0.009965404509318584,20,0.006839999929070473,0.014519999735057354,0.0074539999011904,0.007040000054985285,0.0016345408826408938,20,0.020919999107718468,0.07712099701166153,0.025182149838656187,0.021320000290870667,0.012153491452386924,20,32,32,4096,11008,32768,True,False,False,1072,8,4096,11008,generic,generic,,,CUDA_EVENT,FP16,none
,,,,,,,,,,,,0.06536000221967697,0.13972100615501404,0.07626455090939999,0.07156050205230713,0.015378829880545036,20,0.055080000311136246,0.0697999969124794,0.06424260046333075,0.06362000107765198,0.0036317598871830415,20,0.03643999993801117,0.04636099934577942,0.041456399485468864,0.04128049872815609,0.0017385704092828828,20,,,,,,,0.0604810006916523,0.06487999856472015,0.0632524998858571,0.06326000019907951,0.0011371071176770515,20,0.006920000072568655,0.010400000028312206,0.007476100022904575,0.007120000198483467,0.0008757653299132581,20,0.020999999716877937,0.02775999903678894,0.021942249871790408,0.021199999377131462,0.0019241521219583425,20,32,32,4096,11008,32768,True,False,False,1088,8,4096,11008,generic,generic,,,CUDA_EVENT,FP16,none
,,,,,,,,,,,,0.06379999965429306,0.18560199439525604,0.07836885005235672,0.06900100037455559,0.028078779135504654,20,0.06160099804401398,0.21536199748516083,0.08090054988861084,0.07076000049710274,0.03267012982756226,20,0.04244000092148781,0.08288099616765976,0.04761829972267151,0.04348049871623516,0.01123056571248926,20,,,,,,,0.06112099811434746,0.10484100133180618,0.06967880036681891,0.06620049849152565,0.011185671359465871,20,0.0077599999494850636,0.02199999988079071,0.00869400000665337,0.007960000075399876,0.0030629207951054518,20,0.024080000817775726,0.07408099621534348,0.02939814981073141,0.02434000000357628,0.01273866025104848,20,32,32,4096,11008,32768,True,False,False,1504,8,4096,11008,generic,generic,,,CUDA_EVENT,FP16,none
,,,,,,,,,,,,0.054361000657081604,0.08828099817037582,0.05858444981276989,0.05671999976038933,0.0072892213498871,20,0.07600100338459015,0.11044099926948547,0.08224660009145737,0.07978099957108498,0.0068938200577760705,20,0.033440001308918,0.049959998577833176,0.036776199378073214,0.035880498588085175,0.0036245661526389857,20,,,,,,,0.03751999884843826,0.04344100132584572,0.041284449957311155,0.041260501369833946,0.001239263368780927,20,0.006120000034570694,0.007319999858736992,0.006666000001132488,0.006599999964237213,0.0004658368657774921,20,0.03784000128507614,0.04092000052332878,0.03896429985761642,0.03885999880731106,0.000702963436365352,20,32,32,4096,11008,32768,True,False,False,400,8,4096,11008,generic,generic,,,CUDA_EVENT,FP16,none
,,,,,,,,,,,,0.07100100070238113,0.10312099754810333,0.0773047000169754,0.07524000108242035,0.0068110880616982445,20,0.05284100025892258,0.08620099723339081,0.059004499576985836,0.05630050040781498,0.007369143478137828,20,0.041721001267433167,0.06308099627494812,0.04539639987051487,0.04422000050544739,0.004422403171100026,20,,,,,,,0.06648100167512894,0.07544100284576416,0.07297075055539608,0.0731004998087883,0.0018566134779758475,20,0.009639999829232693,0.01056000031530857,0.009912100108340382,0.00989999994635582,0.00019535021413635297,20,0.030479999259114265,0.03192000091075897,0.031016149930655955,0.03105999995023012,0.0003080705544927672,20,32,32,4096,11008,32768,True,False,False,2080,8,4096,11008,generic,generic,,,CUDA_EVENT,FP16,none
,,,,,,,,,,,,0.053481001406908035,0.09316100180149078,0.05840650033205748,0.05553999915719032,0.008658067012314526,20,0.07692000269889832,0.1029210016131401,0.0808947004377842,0.07940050214529037,0.005276663775896538,20,0.03420000150799751,0.0551609992980957,0.03803439997136593,0.03702099993824959,0.0045165738946356835,20,,,,,,,0.03824099898338318,0.05127999931573868,0.04021224956959486,0.039220500737428665,0.0029591121812103777,20,0.006039999891072512,0.006320000160485506,0.006168050016276539,0.0061599998734891415,7.221669563491183e-05,20,0.023760000243782997,0.034279998391866684,0.03271224955096841,0.03310050070285797,0.002165976694866689,20,32,32,4096,11008,32768,True,False,False,168,8,4096,11008,generic,generic,,,CUDA_EVENT,FP16,none
,,,,,,,,,,,,0.04996100068092346,0.17600099742412567,0.07776090018451214,0.07106100022792816,0.028739070175139082,20,0.05167999863624573,0.17388199269771576,0.06740219984203577,0.05901999957859516,0.026024428711884956,20,0.04732099920511246,0.11344099789857864,0.05536860004067421,0.04950050078332424,0.01686635546710971,20,,,,,,,0.08452100306749344,0.15184199810028076,0.09252099990844727,0.08782099932432175,0.01570936175498056,20,0.0106800002977252,0.01351999957114458,0.011358049931004643,0.011019999627023935,0.0007774986622209037,20,0.029680000618100166,0.09883999824523926,0.035401999671012166,0.030499999411404133,0.015964743256344286,20,32,32,4096,11008,32768,True,False,False,2528,8,4096,11008,generic,generic,,,CUDA_EVENT,FP16,none
,,,,,,,,,,,,0.05376100167632103,0.08696100115776062,0.06480870023369789,0.06310050189495087,0.006639188639931999,20,0.057440999895334244,0.0854400023818016,0.0664344996213913,0.06523999944329262,0.005200667435632362,20,0.03668000176548958,0.056359998881816864,0.041112250089645384,0.04016000032424927,0.003792423088579478,20,,,,,,,0.05240099877119064,0.05660099908709526,0.05459449980407953,0.054540498182177544,0.0009001880123972124,20,0.006519999820739031,0.011320999823510647,0.006884149997495115,0.006600500084459782,0.0010305992603485323,20,0.020880000665783882,0.035440001636743546,0.02737210001796484,0.026820000261068344,0.0032922165398956153,20,32,32,4096,11008,32768,True,False,False,992,8,4096,11008,generic,generic,,,CUDA_EVENT,FP16,none
,,,,,,,,,,,,0.06320100277662277,0.13916100561618805,0.07284250073134899,0.0660800002515316,0.018377005109723947,20,0.06836099922657013,0.10620100051164627,0.0769727498292923,0.07312000170350075,0.01043577453241538,20,0.0387209989130497,0.0721609964966774,0.043884499743580815,0.04184049926698208,0.007011871202494898,20,,,,,,,0.05407999828457832,0.09124100208282471,0.05791840050369501,0.05598049983382225,0.007852698240148887,20,0.006519999820739031,0.010160000063478947,0.0070360499201342465,0.006680000107735395,0.0009184947056464899,20,0.024800000712275505,0.07392100244760513,0.03143239999189973,0.02866049949079752,0.010141564735128436,20,32,32,4096,11008,32768,True,False,False,984,8,4096,11008,generic,generic,,,CUDA_EVENT,FP16,none
,,,,,,,,,,,,0.0671209990978241,0.1664009988307953,0.08054460063576699,0.07133999839425087,0.02421674184656273,20,0.05900000035762787,0.18480199575424194,0.07722879964858294,0.06708049774169922,0.02835649069996132,20,0.039480000734329224,0.09596099704504013,0.04825424980372191,0.04293999820947647,0.015990412220255455,20,,,,,,,0.06124100089073181,0.09984000027179718,0.06857434958219528,0.06534099951386452,0.010178233065492022,20,0.007280000019818544,0.0118410000577569,0.007802150025963783,0.007419999921694398,0.0011916792759936298,20,0.021080000326037407,0.07648000121116638,0.026750349998474122,0.02212049998342991,0.012986992904405957,20,32,32,4096,11008,32768,True,False,False,1280,8,4096,11008,generic,generic,,,CUDA_EVENT,FP16,none
,,,,,,,,,,,,0.054520998150110245,0.08748099952936172,0.05879254974424839,0.056400999426841736,0.0071484925540653416,20,0.0713609978556633,0.10339999943971634,0.0821126502007246,0.08134099841117859,0.005916460153322848,20,0.033440001308918,0.05155999958515167,0.03551624976098537,0.034740498289465904,0.00375324999563235,20,,,,,,,0.040800001472234726,0.05428000167012215,0.04286439940333366,0.04201999865472317,0.0029957460596218934,20,0.0060800001956522465,0.010639999993145466,0.006588100013323129,0.006300000008195639,0.0009732823238236589,20,0.023280000314116478,0.033440001308918,0.03137420006096363,0.03214050084352493,0.0025388129067376143,20,32,32,4096,11008,32768,True,False,False,336,8,4096,11008,generic,generic,,,CUDA_EVENT,FP16,none
,,,,,,,,,,,,0.05496099963784218,0.09744100272655487,0.06701260060071945,0.06460100039839745,0.008960731447739009,20,0.06348100304603577,0.0859609991312027,0.06780459992587566,0.06636049970984459,0.00474219898890661,20,0.040800001472234726,0.06143999844789505,0.04384229965507984,0.04248049855232239,0.004391421261514343,20,,,,,,,0.07916100323200226,0.091839998960495,0.08352270014584065,0.08310099691152573,0.0034490612678816017,20,0.00851999968290329,0.014720000326633453,0.00918215001001954,0.00860000029206276,0.0014794382992347557,20,0.026159999892115593,0.029360000044107437,0.026878200098872186,0.02658049948513508,0.0008618242544461272,20,32,32,4096,11008,32768,True,False,False,1936,8,4096,11008,generic,generic,,,CUDA_EVENT,FP16,none
,,,,,,,,,,,,0.05296099931001663,0.0875609964132309,0.05821249969303608,0.05640050023794174,0.007334446258324318,20,0.07784000039100647,0.10232099890708923,0.08074664995074272,0.07936049997806549,0.005108697577528888,20,0.02979999966919422,0.056759998202323914,0.03799229944124818,0.037340499460697174,0.004893689622796676,20,,,,,,,0.03576099872589111,0.04320099949836731,0.037836449965834615,0.03760099969804287,0.001556969943602419,20,0.006039999891072512,0.006240000016987324,0.006120000034570694,0.006120000034570694,6.066302025106214e-05,20,0.033479999750852585,0.03768099844455719,0.03458229973912239,0.03452000021934509,0.0008411579831707199,20,32,32,4096,11008,32768,True,False,False,104,8,4096,11008,generic,generic,,,CUDA_EVENT,FP16,none
,,,,,,,,,,,,0.0647210031747818,0.15188199281692505,0.07724060006439686,0.06962000206112862,0.02104145398502765,20,0.06015999987721443,0.17580099403858185,0.07925479933619499,0.0708409994840622,0.025042536444147636,20,0.04412100091576576,0.11208000034093857,0.0514242498204112,0.045500000938773155,0.017052320918341517,20,,,,,,,0.05875999853014946,0.11376100033521652,0.06999644916504622,0.06630050018429756,0.014579152655778135,20,0.0074800001457333565,0.023439999669790268,0.008666000002995134,0.00762000004760921,0.0034696460239327476,20,0.024119999259710312,0.09464100003242493,0.03112234976142645,0.02498050034046173,0.01767227245405438,20,32,32,4096,11008,32768,True,False,False,1376,8,4096,11008,generic,generic,,,CUDA_EVENT,FP16,none
,,,,,,,,,,,,0.05144000053405762,0.16164100170135498,0.07462255023419857,0.06658050045371056,0.025294542015308556,20,0.05040000006556511,0.21372200548648834,0.06997260078787804,0.05852049961686134,0.03643689112008254,20,0.04659999907016754,0.13116200268268585,0.056852550432085994,0.04859999939799309,0.02192589692873169,20,,,,,,,0.08999999612569809,0.1491210013628006,0.0991146493703127,0.09490050002932549,0.01377765150312536,20,0.009399999864399433,0.010320000350475311,0.009614049922674894,0.009540500119328499,0.0002227884659425951,20,0.031401000916957855,0.08416099846363068,0.03626629989594221,0.031700499355793,0.013805967433148896,20,32,32,4096,11008,32768,True,False,False,2272,8,4096,11008,generic,generic,,,CUDA_EVENT,FP16,none
,,,,,,,,,,,,0.06227999925613403,0.09436000138521194,0.0666285004466772,0.06485999748110771,0.006816776499687309,20,0.06380099803209305,0.09512099623680115,0.0696786493062973,0.0684409998357296,0.006198208913563089,20,0.038120001554489136,0.05936099961400032,0.0417603999376297,0.04057999886572361,0.004301573176603329,20,,,,,,,0.050321001559495926,0.05548099800944328,0.053890500031411645,0.054000500589609146,0.0009772091116430957,20,0.00699999975040555,0.009560000151395798,0.007498000003397465,0.0072200000286102295,0.0007421563550463366,20,0.019920000806450844,0.03452000021934509,0.026792200095951558,0.026220000348985195,0.0029117359598529358,20,32,32,4096,11008,32768,True,False,False,928,8,4096,11008,generic,generic,,,CUDA_EVENT,FP16,none
,,,,,,,,,,,,0.06316100060939789,0.14604100584983826,0.07293669991195202,0.06642049923539162,0.018464513768721432,20,0.06876099854707718,0.10116100311279297,0.0778327003121376,0.07526100054383278,0.008307191683377244,20,0.04019999876618385,0.07672099769115448,0.04425844941288233,0.042639998719096184,0.007634820990747989,20,,,,,,,0.053040001541376114,0.08156099915504456,0.05613049976527691,0.05498099885880947,0.005904794386968802,20,0.007079999893903732,0.012880000285804272,0.007782050012610853,0.007260000100359321,0.0014672470381685322,20,0.024000000208616257,0.08100099861621857,0.03190620010718703,0.029199999757111073,0.011454951180883612,20,32,32,4096,11008,32768,True,False,False,920,8,4096,11008,generic,generic,,,CUDA_EVENT,FP16,none
,,,,,,,,,,,,0.07648000121116638,0.15456099808216095,0.08746280036866665,0.07906100153923035,0.01995232889920429,20,0.05428000167012215,0.16676099598407745,0.06954245008528233,0.06370000168681145,0.02376303143780774,20,0.04163999855518341,0.09300100058317184,0.04934039954096079,0.04436049982905388,0.014206681248354239,20,,,,,,,0.06359999626874924,0.10048099607229233,0.0690146490931511,0.06591999903321266,0.009025151442241967,20,0.007040000054985285,0.01095999963581562,0.007606049976311624,0.007199999876320362,0.0009505763395267437,20,0.02175999991595745,0.08152099698781967,0.028868149779736996,0.02262049913406372,0.017306469753210287,20,32,32,4096,11008,32768,True,False,False,1152,8,4096,11008,generic,generic,,,CUDA_EVENT,FP16,none
,,,,,,,,,,,,0.05164000019431114,0.08660099655389786,0.05653239991515875,0.05470000021159649,0.007187907445918051,20,0.07788100093603134,0.10776100307703018,0.08220674991607665,0.08072049915790558,0.006353539772833156,20,0.033319998532533646,0.051040999591350555,0.035698299668729304,0.03472050093114376,0.0036773727040608725,20,,,,,,,0.0376800000667572,0.04492099955677986,0.039732249826192854,0.03913999907672405,0.001960870553914426,20,0.0060800001956522465,0.009080000221729279,0.006537999981082976,0.006200000178068876,0.000871548065120442,20,0.028200000524520874,0.03836100175976753,0.03185824984684586,0.03162049874663353,0.001785474799457611,20,32,32,4096,11008,32768,True,False,False,272,8,4096,11008,generic,generic,,,CUDA_EVENT,FP16,none
,,,,,,,,,,,,0.05875999853014946,0.09596099704504013,0.06863254997879267,0.06740099936723709,0.007606165321204892,20,0.06364099681377411,0.09488099813461304,0.06812059916555882,0.06630050018429756,0.0064419485572359,20,0.042040999978780746,0.05912100151181221,0.04430644996464252,0.04320099949836731,0.0035810455739717782,20,,,,,,,0.06843999773263931,0.07396099716424942,0.07131259962916374,0.07140050083398819,0.0013768559132968062,20,0.009039999917149544,0.01143999956548214,0.009460049867630004,0.009339999873191118,0.0005199980405847495,20,0.02972099930047989,0.03248099982738495,0.03030030010268092,0.03005999978631735,0.0006943573648803606,20,32,32,4096,11008,32768,True,False,False,1808,8,4096,11008,generic,generic,,,CUDA_EVENT,FP16,none
,,,,,,,,,,,,0.05331999808549881,0.08856099843978882,0.05843834951519966,0.055901000276207924,0.007524287160137615,20,0.07680100202560425,0.10252100229263306,0.08068475052714348,0.07914049923419952,0.00538008921273037,20,0.03280000016093254,0.05536099895834923,0.03787029981613159,0.03698050044476986,0.0042912806167690115,20,,,,,,,0.03319999948143959,0.03723999857902527,0.03569025043398142,0.035760000348091125,0.0009313707004661491,20,0.005960000213235617,0.011119999922811985,0.006544050038792193,0.0061599998734891415,0.0012714234288695922,20,0.029600000008940697,0.03420000150799751,0.03165835002437234,0.03148050047457218,0.0009042546456751266,20,32,32,4096,11008,32768,True,False,False,40,8,4096,11008,generic,generic,,,CUDA_EVENT,FP16,none
,,,,,,,,,,,,0.06824000179767609,0.13836100697517395,0.07789055034518241,0.07092050090432167,0.017503442534989876,20,0.05751999840140343,0.19148199260234833,0.07706674914807081,0.0668409988284111,0.028780165712302394,20,0.039521001279354095,0.11084099858999252,0.048232249729335305,0.04301999881863594,0.016819479339811014,20,,,,,,,0.059039998799562454,0.11996100097894669,0.06916040051728486,0.06524000316858292,0.013291135742609836,20,0.007319999858736992,0.011239999905228615,0.007718050014227628,0.00738000008277595,0.0009526616336580374,20,0.02184000052511692,0.09712100028991699,0.030238400027155877,0.022261000238358974,0.02190526727998472,20,32,32,4096,11008,32768,True,False,False,1248,8,4096,11008,generic,generic,,,CUDA_EVENT,FP16,none
,,,,,,,,,,,,0.06019999831914902,0.09416099637746811,0.06543859969824553,0.06300099939107895,0.007129156789146001,20,0.06496100127696991,0.08864100277423859,0.06971869952976703,0.0679210014641285,0.005581118265588076,20,0.03756000101566315,0.05832099914550781,0.0410003000870347,0.039820000529289246,0.004204488364045564,20,,,,,,,0.04944099858403206,0.0568000003695488,0.05401834975928068,0.05411999858915806,0.0013826293817180964,20,0.0069599999114871025,0.010680999606847763,0.007438149978406727,0.007199999876320362,0.0008188923072811546,20,0.01899999938905239,0.03147999942302704,0.02616414995864034,0.02561999950557947,0.002959001118871252,20,32,32,4096,11008,32768,True,False,False,864,8,4096,11008,generic,generic,,,CUDA_EVENT,FP16,none
,,,,,,,,,,,,0.06883999705314636,0.18852199614048004,0.0819326002150774,0.07252100110054016,0.026913337566738544,20,0.05875999853014946,0.19116100668907166,0.07558675017207861,0.06624050065875053,0.029269552039408057,20,0.040080998092889786,0.11388099938631058,0.052488249726593494,0.04689999856054783,0.018989717439363087,20,,,,,,,0.07392100244760513,0.13996200263500214,0.08241465017199516,0.0770605020225048,0.016330042686217502,20,0.009440000168979168,0.010520000010728836,0.009818000020459294,0.009800000116229057,0.000209942853205191,20,0.027320999652147293,0.08260100334882736,0.031790599972009656,0.02806099969893694,0.012419323964041506,20,32,32,4096,11008,32768,True,False,False,2032,8,4096,11008,generic,generic,,,CUDA_EVENT,FP16,none
,,,,,,,,,,,,0.06252100318670273,0.12440100312232971,0.0722265500575304,0.06668099761009216,0.015188008782239878,20,0.06812100112438202,0.09960100054740906,0.07590650022029877,0.07254049926996231,0.008004339869687316,20,0.03807999938726425,0.07851999998092651,0.04468844961374998,0.04232050105929375,0.0082363939286601,20,,,,,,,0.052921000868082047,0.093640998005867,0.05770245008170605,0.0554409995675087,0.008488608374278594,20,0.00699999975040555,0.015799999237060547,0.007669999916106463,0.007199999876320362,0.0018900104271638138,20,0.026000000536441803,0.07920099794864655,0.03150235004723072,0.028780000284314156,0.011101448516227193,20,32,32,4096,11008,32768,True,False,False,856,8,4096,11008,generic,generic,,,CUDA_EVENT,FP16,none
,,,,,,,,,,,,0.06108099967241287,0.15856100618839264,0.07614655047655106,0.06677999719977379,0.02475267842826262,20,0.06375999748706818,0.2093220055103302,0.08457275032997132,0.07718100026249886,0.03113356301684174,20,0.03799999877810478,0.12320199608802795,0.04849849939346314,0.04198099859058857,0.021485735246213354,20,,,,,,,0.05368100106716156,0.09928099811077118,0.059794350154697896,0.05654099956154823,0.010897793793450475,20,0.006680000107735395,0.02572000026702881,0.008354049921035767,0.006820499897003174,0.004407508281197723,20,0.025200000032782555,0.11476100236177444,0.03627844974398613,0.0313199982047081,0.01842720009272056,20,32,32,4096,11008,32768,True,False,False,1024,8,4096,11008,generic,generic,,,CUDA_EVENT,FP16,none
,,,,,,,,,,,,0.050560999661684036,0.08268000185489655,0.05447250008583069,0.05230049975216389,0.00699163383201046,20,0.08027999848127365,0.10696099698543549,0.08469464965164661,0.08258049935102463,0.00607089972567135,20,0.03320100158452988,0.055319998413324356,0.0359783498570323,0.03432049974799156,0.004860041166455861,20,,,,,,,0.034240998327732086,0.04188000038266182,0.037936349585652354,0.03756000101566315,0.0014393756930153785,20,0.006000000052154064,0.012480000033974648,0.006500049983151257,0.006180000025779009,0.0013768551418712265,20,0.029719999060034752,0.033319998532533646,0.030732199922204016,0.030460000038146973,0.0009163270437536961,20,32,32,4096,11008,32768,True,False,False,208,8,4096,11008,generic,generic,,,CUDA_EVENT,FP16,none
,,,,,,,,,,,,0.06716000288724899,0.09400100260972977,0.0709486499428749,0.06920100003480911,0.005735351561638528,20,0.0618400014936924,0.09260000288486481,0.06982049997895956,0.06862099841237068,0.005887687602891921,20,0.04092000052332878,0.06431999802589417,0.043640300258994104,0.04225999861955643,0.004968340518402239,20,,,,,,,0.062001001089811325,0.06664100289344788,0.06397054996341467,0.063680000603199,0.0011856010500797573,20,0.00812000036239624,0.010040000081062317,0.008374049980193376,0.00827999971807003,0.00038912036103933153,20,0.0279999990016222,0.03468000143766403,0.029362350050359965,0.028401000425219536,0.00192046428632387,20,32,32,4096,11008,32768,True,False,False,1680,8,4096,11008,generic,generic,,,CUDA_EVENT,FP16,none
,,,,,,,,,,,,0.058880001306533813,0.09144099801778793,0.06341649983078242,0.060880500823259354,0.007232763535680906,20,0.062119998037815094,0.09144099801778793,0.07090860046446323,0.07010050117969513,0.005291107887202829,20,0.039400000125169754,0.05828100070357323,0.04194235000759363,0.041240500286221504,0.003924269410647812,20,,,,,,,0.05119999870657921,0.06076100096106529,0.054784349910914895,0.05374000035226345,0.002605504272316884,20,0.00675999978557229,0.012079999782145023,0.0073419998865574595,0.006920000072568655,0.0013262563423005818,20,0.019999999552965164,0.032600000500679016,0.027926249802112578,0.02874050009995699,0.0030838758017141337,20,32,32,4096,11008,32768,True,False,False,800,8,4096,11008,generic,generic,,,CUDA_EVENT,FP16,none
,,,,,,,,,,,,0.0684409961104393,0.19124199450016022,0.08655264899134636,0.07408049702644348,0.033679807289465354,20,0.06516099721193314,0.18380099534988403,0.08573874905705452,0.07650100067257881,0.030458408003766712,20,0.03912099823355675,0.09556099772453308,0.04582459963858128,0.04276049882173538,0.011714358699632181,20,,,,,,,0.06300099939107895,0.11060100048780441,0.06814444996416569,0.06582099944353104,0.009840743930482749,20,0.00699999975040555,0.036281000822782516,0.0087461500428617,0.007140000117942691,0.0063503031987295275,20,0.02032100036740303,0.1037210002541542,0.026458200067281723,0.02082000020891428,0.017921583790634146,20,32,32,4096,11008,32768,True,False,False,1120,8,4096,11008,generic,generic,,,CUDA_EVENT,FP16,none
,,,,,,,,,,,,0.06572099775075912,0.1602409929037094,0.07870859950780869,0.07146099954843521,0.021677975098114022,20,0.061799999326467514,0.19920200109481812,0.07897850070148707,0.06990000233054161,0.029598915874849665,20,0.043480999767780304,0.1156810000538826,0.052436699904501435,0.04662050120532513,0.01837509349961895,20,,,,,,,0.07392100244760513,0.13256199657917023,0.08081280030310153,0.07586099952459335,0.01585878402747864,20,0.009279999881982803,0.010520000010728836,0.009490049909800291,0.009440500289201736,0.00025293289675377024,20,0.02696000039577484,0.09052100032567978,0.03196019986644387,0.0272000003606081,0.015027783757636871,20,32,32,4096,11008,32768,True,False,False,1904,8,4096,11008,generic,generic,,,CUDA_EVENT,FP16,none
,,,,,,,,,,,,0.05732100084424019,0.13892099261283875,0.07055059913545847,0.06351999938488007,0.018623208044972216,20,0.06843999773263931,0.1228410005569458,0.08079054951667786,0.0759200006723404,0.012554237456572187,20,0.03976000100374222,0.06680099666118622,0.04495440013706684,0.04366050101816654,0.0054640098575035635,20,,,,,,,0.053199999034404755,0.08028099685907364,0.056806599535048005,0.05553999915719032,0.005711417181465378,20,0.006719999946653843,0.023399999365210533,0.007838049903512001,0.0069599999114871025,0.0035844167365215976,20,0.026200000196695328,0.06984099745750427,0.0331281996332109,0.03110049944370985,0.008651998182444847,20,32,32,4096,11008,32768,True,False,False,792,8,4096,11008,generic,generic,,,CUDA_EVENT,FP16,none
,,,,,,,,,,,,0.06080099940299988,0.1424410045146942,0.0744327500462532,0.06686050072312355,0.020784012234804028,20,0.0684409961104393,0.21160100400447845,0.08479870036244393,0.07476050034165382,0.031407310110676455,20,0.040320999920368195,0.11140099912881851,0.048512349650263784,0.04237999953329563,0.018708678857361303,20,,,,,,,0.05203999951481819,0.09480100125074387,0.05955665037035942,0.05560099892318249,0.011636113635917189,20,0.007199999876320362,0.020080000162124634,0.008426050003618003,0.007400499889627099,0.002882932834003265,20,0.02579999901354313,0.08220099657773972,0.03566619986668229,0.031379999592900276,0.01231171561203429,20,32,32,4096,11008,32768,True,False,False,960,8,4096,11008,generic,generic,,,CUDA_EVENT,FP16,none
,,,,,,,,,,,,0.04891999810934067,0.0843610018491745,0.05336439926177263,0.05111999809741974,0.007565900479915331,20,0.0793209969997406,0.10616099834442139,0.08329669944941998,0.0813404992222786,0.005896974986030891,20,0.03060000017285347,0.052560001611709595,0.03567629996687174,0.03449999913573265,0.004266431788811371,20,,,,,,,0.03468099981546402,0.04060100018978119,0.036018349789083005,0.03568049892783165,0.0013286863554115153,20,0.005960000213235617,0.00839999970048666,0.006246000062674284,0.006120000034570694,0.0005012423730087026,20,0.02879999950528145,0.03136000037193298,0.029960399866104125,0.029940499924123287,0.0007044177382116188,20,32,32,4096,11008,32768,True,False,False,144,8,4096,11008,generic,generic,,,CUDA_EVENT,FP16,none
,,,,,,,,,,,,0.06667999923229218,0.18672199547290802,0.0756525494158268,0.06936050206422806,0.025592146030417817,20,0.06284099817276001,0.08440099656581879,0.06809264943003654,0.06724049896001816,0.004799188320221205,20,0.04016000032424927,0.05771999806165695,0.042614349909126756,0.041500501334667206,0.0038274628285864497,20,,,,,,,0.06092099845409393,0.06740099936723709,0.06237445008009672,0.062199998646974564,0.0012498781760988877,20,0.00788000039756298,0.00872000027447939,0.008008050033822656,0.007960500195622444,0.0001755313553608818,20,0.02452000044286251,0.027480000630021095,0.025108300056308507,0.024820499122142792,0.0007455919308685172,20,32,32,4096,11008,32768,True,False,False,1552,8,4096,11008,generic,generic,,,CUDA_EVENT,FP16,none
,,,,,,,,,,,,0.059321001172065735,0.09004099667072296,0.06288054939359426,0.060860998928546906,0.006702847263470275,20,0.06832099705934525,0.09008099883794785,0.07253469936549664,0.0717804990708828,0.004441311850916269,20,0.03640099987387657,0.05379999801516533,0.03892624992877245,0.0374199990183115,0.003959820390902904,20,,,,,,,0.047520000487565994,0.05604099854826927,0.050704350136220454,0.050460999831557274,0.0018041213838880597,20,0.0063599999994039536,0.01119999960064888,0.0066840499872341756,0.006440000142902136,0.001037132327319182,20,0.027800999581813812,0.03799999877810478,0.033532249927520755,0.03333999961614609,0.0019578176202918666,20,32,32,4096,11008,32768,True,False,False,736,8,4096,11008,generic,generic,,,CUDA_EVENT,FP16,none
,,,,,,,,,,,,0.06095999851822853,0.18156200647354126,0.074350599758327,0.06618000194430351,0.026895616725693437,20,0.06448099762201309,0.1894409954547882,0.08397454917430877,0.07666049897670746,0.02621068458995175,20,0.0400799997150898,0.10712099820375443,0.04797859992831945,0.04234050028026104,0.01624751964859405,20,,,,,,,0.04876000061631203,0.11852099746465683,0.061874549835920334,0.056920001283288,0.016623869264489832,20,0.006680000107735395,0.015799999237060547,0.007447999902069569,0.00675999978557229,0.001995378508200007,20,0.02319999970495701,0.0918010026216507,0.03532035034149885,0.029059999622404575,0.019090943981503718,20,32,32,4096,11008,32768,True,False,False,1008,8,4096,11008,generic,generic,,,CUDA_EVENT,FP16,none
,,,,,,,,,,,,0.06112099811434746,0.1312820017337799,0.06955059934407473,0.0635799989104271,0.016415444551454085,20,0.07116100192070007,0.1128000020980835,0.08015069998800754,0.07696099951863289,0.010007128758249578,20,0.03723999857902527,0.08248099684715271,0.041662199422717094,0.039239998906850815,0.009483023600921556,20,,,,,,,0.05000000074505806,0.09452000260353088,0.0543444000184536,0.05167999863624573,0.009500081826853548,20,0.006240000016987324,0.021761000156402588,0.007340100035071373,0.0063599999994039536,0.0033804934715542224,20,0.03099999949336052,0.08820000290870667,0.039594299718737604,0.03584099933505058,0.011742035457630183,20,32,32,4096,11008,32768,True,False,False,728,8,4096,11008,generic,generic,,,CUDA_EVENT,FP16,none
,,,,,,,,,,,,0.06828100234270096,0.16416199505329132,0.08037655018270015,0.07222000136971474,0.022268129493129535,20,0.06283999979496002,0.1960809975862503,0.07836075015366077,0.06798100098967552,0.029119212576795752,20,0.0413610003888607,0.10512100160121918,0.051186549663543704,0.04552049934864044,0.017289864562205555,20,,,,,,,0.06639999896287918,0.12636099755764008,0.07423444911837578,0.06922049820423126,0.015180051667266652,20,0.008240999653935432,0.00875999964773655,0.008424100000411272,0.00839999970048666,0.0001118896907225357,20,0.025679999962449074,0.12240099906921387,0.03257830003276467,0.02650000061839819,0.021461097738942492,20,32,32,4096,11008,32768,True,False,False,1776,8,4096,11008,generic,generic,,,CUDA_EVENT,FP16,none
,,,,,,,,,,,,0.04896099865436554,0.08395999670028687,0.05444239974021912,0.05202049948275089,0.0076799920826322865,20,0.07484100013971329,0.11788100004196167,0.08503269962966442,0.08300099894404411,0.00817691738904112,20,0.030161000788211823,0.05403999984264374,0.03505624998360872,0.03393999859690666,0.004667602231857159,20,,,,,,,0.0318400003015995,0.03771999850869179,0.034838300012052056,0.03511999920010567,0.0015076859142298636,20,0.005960000213235617,0.0077599999494850636,0.006224100035615266,0.006120999809354544,0.00039502312356503786,20,0.029040999710559845,0.03680000081658363,0.031734250113368036,0.031279999762773514,0.0015425920079758784,20,32,32,4096,11008,32768,True,False,False,80,8,4096,11008,generic,generic,,,CUDA_EVENT,FP16,none
,,,,,,,,,,,,0.06004000082612038,0.09583999961614609,0.06819054987281561,0.06620050221681595,0.007129176289599714,20,0.06168000027537346,0.09232000261545181,0.0681384490802884,0.06675999984145164,0.006055275182176737,20,0.040080998092889786,0.05931999906897545,0.04218434989452362,0.04120049998164177,0.004059004129017343,20,,,,,,,0.05928099900484085,0.06636100262403488,0.061980650015175345,0.06132099963724613,0.0020169648236138655,20,0.007799999788403511,0.009680000133812428,0.008076000073924661,0.007960000075399876,0.00039636345706317355,20,0.02539999969303608,0.03156000003218651,0.026332149747759104,0.02606000006198883,0.001316883007513663,20,32,32,4096,11008,32768,True,False,False,1424,8,4096,11008,generic,generic,,,CUDA_EVENT,FP16,none
,,,,,,,,,,,,0.063960000872612,0.1613209992647171,0.07483884990215302,0.06710099801421165,0.022421114816200613,20,0.06176000088453293,0.19124199450016022,0.0844407007098198,0.07446049898862839,0.029252335897417426,20,0.03784000128507614,0.10276100039482117,0.04793225005269051,0.04171999916434288,0.01811495197948891,20,,,,,,,0.05668099969625473,0.09623999893665314,0.06252255011349916,0.05888050049543381,0.011130146519778226,20,0.006560000125318766,0.025080999359488487,0.008012149948626757,0.006739999866113067,0.004068063367041252,20,0.019759999588131905,0.08291999995708466,0.03159605003893375,0.029059999622404575,0.012749438829534174,20,32,32,4096,11008,32768,True,False,False,896,8,4096,11008,generic,generic,,,CUDA_EVENT,FP16,none
,,,,,,,,,,,,0.05952100083231926,0.09456100314855576,0.0653905002400279,0.06340000033378601,0.00748135837799314,20,0.06296099722385406,0.09276100248098373,0.06766664907336235,0.06628049910068512,0.006146213663577658,20,0.034960001707077026,0.05548099800944328,0.03839019984006882,0.03732050023972988,0.004309617702246151,20,,,,,,,0.0456399992108345,0.05040000006556511,0.04913835003972054,0.04930049926042557,0.0009477552963534306,20,0.0063599999994039536,0.006560000125318766,0.006446000002324581,0.006440000142902136,5.834384100519609e-05,20,0.031599998474121094,0.04196099936962128,0.03440834973007441,0.03366049937903881,0.002963313488324162,20,32,32,4096,11008,32768,True,False,False,672,8,4096,11008,generic,generic,,,CUDA_EVENT,FP16,none
,,,,,,,,,,,,0.058559998869895935,0.15064199268817902,0.07354659922420978,0.06574049964547157,0.022004554189563555,20,0.0671209990978241,0.2024810016155243,0.08535279966890812,0.07506049796938896,0.029786482719312526,20,0.039639998227357864,0.10624100267887115,0.0483542500063777,0.0424600001424551,0.017253771418648152,20,,,,,,,0.05283999815583229,0.10648100078105927,0.06058039981871843,0.05568000115454197,0.015002643503571564,20,0.007160000037401915,0.027319999411702156,0.008425999991595745,0.007419999921694398,0.004337414304249009,20,0.02744000032544136,0.09032099694013596,0.03456429988145828,0.031000999733805656,0.013436841120290975,20,32,32,4096,11008,32768,True,False,False,944,8,4096,11008,generic,generic,,,CUDA_EVENT,FP16,none
,,,,,,,,,,,,0.06132100149989128,0.13512100279331207,0.07285450007766485,0.0672605000436306,0.01618167613074655,20,0.06191999837756157,0.11972100287675858,0.07761870007961988,0.07144049927592278,0.01438505771584186,20,0.038040000945329666,0.09335999935865402,0.04249644987285137,0.039540499448776245,0.011729430668357056,20,,,,,,,0.04808000102639198,0.09084100276231766,0.053744300827383996,0.05190100148320198,0.008688357112041085,20,0.006240000016987324,0.01860000006854534,0.007050050003454089,0.006379999918863177,0.0026597426792163113,20,0.032680001109838486,0.07764100283384323,0.03823445066809654,0.03556100092828274,0.009366241858579153,20,32,32,4096,11008,32768,True,False,False,664,8,4096,11008,generic,generic,,,CUDA_EVENT,FP16,none
,,,,,,,,,,,,0.06164100021123886,0.20756199955940247,0.08266084976494312,0.07252100110054016,0.031018485567480922,20,0.05764000117778778,0.21404199302196503,0.07954875007271767,0.06839999929070473,0.033844728942785285,20,0.04355999827384949,0.12928099930286407,0.05216234978288412,0.045660000294446945,0.020757751499595408,20,,,,,,,0.06576099991798401,0.10732100158929825,0.07039874978363514,0.0676410011947155,0.008871218940284902,20,0.00812000036239624,0.012799999676644802,0.00843600002117455,0.008200000040233135,0.0010026284666412532,20,0.028720000758767128,0.10140000283718109,0.033858050033450125,0.02913999930024147,0.015665135948252282,20,32,32,4096,11008,32768,True,False,False,1648,8,4096,11008,generic,generic,,,CUDA_EVENT,FP16,none
,,,,,,,,,,,,0.06983999907970428,0.1477610021829605,0.07664880007505417,0.07156100124120712,0.016567260628439027,20,0.058320000767707825,0.08004099875688553,0.06838045064359903,0.06812099739909172,0.0056180965538609445,20,0.03824000060558319,0.0501599982380867,0.04196630008518696,0.041339999064803123,0.0022347444971320012,20,,,,,,,0.061319999396800995,0.06656099855899811,0.06269864942878485,0.06238100118935108,0.0012470625627862047,20,0.0074800001457333565,0.008960000239312649,0.007730050012469292,0.0076599998865276575,0.0003169149638406254,20,0.02280000038444996,0.030959999188780785,0.023690099827945232,0.022979999892413616,0.0021561440485738876,20,32,32,4096,11008,32768,True,False,False,1296,8,4096,11008,generic,generic,,,CUDA_EVENT,FP16,none
,,,,,,,,,,,,0.05684100091457367,0.121800996363163,0.06244454979896545,0.05906050093472004,0.013885457415634857,20,0.06731999665498734,0.07840000092983246,0.07202459946274757,0.07228050008416176,0.002733207652728865,20,0.03571999818086624,0.04160099849104881,0.038258349895477294,0.038200998678803444,0.001487314339946635,20,,,,,,,0.061760999262332916,0.06988000124692917,0.06382059957832098,0.06332050263881683,0.0019783751030445916,20,0.006320000160485506,0.01083999965339899,0.006664049928076565,0.0064199999906122684,0.0009630127309038609,20,0.02160000056028366,0.029759999364614487,0.026564249955117702,0.026580000296235085,0.00159227932070236,20,32,32,4096,11008,32768,True,False,False,608,8,4096,11008,generic,generic,,,CUDA_EVENT,FP16,none
,,,,,,,,,,,,0.03292100131511688,0.0910400003194809,0.042788300290703775,0.0400799997150898,0.011408341677039184,20,0.07339999824762344,0.08376099914312363,0.07742865011096,0.07686099782586098,0.002957230847693714,20,0.03351999819278717,0.04632100090384483,0.039114349707961085,0.0386199988424778,0.002867700278273218,20,,,,,,,0.02964000031352043,0.03991999849677086,0.031212249770760536,0.03022050019353628,0.0029071694281229093,20,0.006279999855905771,0.017880000174045563,0.010488150059245527,0.010040000081062317,0.002151390681645219,20,0.016920000314712524,0.02727999910712242,0.021910250000655652,0.02176050003618002,0.0019605541983822796,20,32,32,4096,11008,32768,True,False,False,16,8,4096,11008,generic,generic,,,CUDA_EVENT,FP16,none
,,,,,,,,,,,,0.06300000101327896,0.15296100080013275,0.07518275007605553,0.06652100011706352,0.0222118334490703,20,0.06716100126504898,0.18052199482917786,0.08320074900984764,0.07420099899172783,0.024359981158480995,20,0.03779999911785126,0.09492100030183792,0.04655019994825125,0.04200050048530102,0.014385933905638318,20,,,,,,,0.05164099857211113,0.10488099604845047,0.06099879927933216,0.05612100102007389,0.014720855614333327,20,0.006920000072568655,0.01727999933063984,0.007913999957963824,0.007160000037401915,0.0023098838612612325,20,0.01931999996304512,0.11936099827289581,0.03663814980536699,0.02918000053614378,0.021657596838246394,20,32,32,4096,11008,32768,True,False,False,832,8,4096,11008,generic,generic,,,CUDA_EVENT,FP16,none
,,,,,,,,,,,,0.061521001160144806,0.1507209986448288,0.07467844970524311,0.06602049991488457,0.022114009918218214,20,0.06660100072622299,0.20784199237823486,0.08598084896802902,0.07724099978804588,0.030832597887189266,20,0.0368800014257431,0.11324100196361542,0.04925624970346689,0.04278000071644783,0.021414951692760913,20,,,,,,,0.05244100093841553,0.10432100296020508,0.05899045020341873,0.055860498920083046,0.011366722201198883,20,0.0069610001519322395,0.03232000023126602,0.00870005004107952,0.007120000198483467,0.005529476158191208,20,0.026240000501275063,0.06980100274085999,0.032638400141149757,0.02968049980700016,0.009550964648091579,20,32,32,4096,11008,32768,True,False,False,880,8,4096,11008,generic,generic,,,CUDA_EVENT,FP16,none
,,,,,,,,,,,,0.05751999840140343,0.15140099823474884,0.06836640015244484,0.0623599998652935,0.020538969495160538,20,0.07547999918460846,0.17196199297904968,0.08527075015008449,0.07972100004553795,0.020407882469610568,20,0.03656100109219551,0.10592100024223328,0.04297074973583222,0.0396604984998703,0.014493572888500216,20,,,,,,,0.06296099722385406,0.11343999952077866,0.06679250001907348,0.06430049985647202,0.010740223138969439,20,0.006240000016987324,0.02175999991595745,0.007224149978719651,0.006399999838322401,0.003344244132826227,20,0.026000000536441803,0.07180000096559525,0.032958200108259915,0.030160000547766685,0.00944399738686149,20,32,32,4096,11008,32768,True,False,False,600,8,4096,11008,generic,generic,,,CUDA_EVENT,FP16,none
,,,,,,,,,,,,0.058761000633239746,0.09780099987983704,0.0675145998597145,0.06580100208520889,0.007551241128872295,20,0.061441000550985336,0.09008000046014786,0.06990049947053194,0.06882049888372421,0.005474727835317172,20,0.03940099850296974,0.05959999933838844,0.04129429943859577,0.040180498734116554,0.00424365648501087,20,,,,,,,0.05923999845981598,0.06616099923849106,0.06194249950349331,0.06176050007343292,0.0018112417794955624,20,0.007160000037401915,0.010400000028312206,0.0074961500009521845,0.007319999858736992,0.0006922971611751585,20,0.020759999752044678,0.025599999353289604,0.021384149976074695,0.020939999260008335,0.0013156005248232932,20,32,32,4096,11008,32768,True,False,False,1168,8,4096,11008,generic,generic,,,CUDA_EVENT,FP16,none
,,,,,,,,,,,,0.0642009973526001,0.17132200300693512,0.07824674919247628,0.07068099826574326,0.024195808465395142,20,0.06128000095486641,0.23288199305534363,0.08299844954162836,0.07290050014853477,0.036868134946060935,20,0.0416410006582737,0.1082409992814064,0.05018854979425669,0.04394000023603439,0.018395954544008823,20,,,,,,,0.06436000019311905,0.11868000030517578,0.06991664990782738,0.06630099937319756,0.012055819032460783,20,0.007720000110566616,0.02419999986886978,0.00890604997985065,0.008000500034540892,0.003528415111332639,20,0.02404000051319599,0.10060100257396698,0.029782100208103658,0.02435999922454357,0.01669840896087953,20,32,32,4096,11008,32768,True,False,False,1520,8,4096,11008,generic,generic,,,CUDA_EVENT,FP16,none
,,,,,,,,,,,,0.056001000106334686,0.12916100025177002,0.062818449921906,0.05906050093472004,0.015445957420053493,20,0.06908100098371506,0.07816100120544434,0.07266860045492649,0.07182100042700768,0.002385316351764217,20,0.036479998379945755,0.041439998894929886,0.038264349661767484,0.03812050074338913,0.0011131699266207582,20,,,,,,,0.055080998688936234,0.06244000047445297,0.05679845008999109,0.05640050023794174,0.001743656278898461,20,0.006279999855905771,0.01152000017464161,0.006654050038196147,0.0063599999994039536,0.0011307443182875549,20,0.022439999505877495,0.040001001209020615,0.03330425014719367,0.033920999616384506,0.0033549983149010103,20,32,32,4096,11008,32768,True,False,False,544,8,4096,11008,generic,generic,,,CUDA_EVENT,FP16,none
,,,,,,,,,,,,0.059241000562906265,0.16376100480556488,0.07211440056562424,0.06388000026345253,0.023526018646954985,20,0.06972000002861023,0.20148199796676636,0.08641685023903847,0.07836100086569786,0.027972929932402375,20,0.03696100041270256,0.121800996363163,0.046926349960267545,0.03906000033020973,0.023477592108084408,20,,,,,,,0.049800001084804535,0.10996100306510925,0.056732350029051304,0.051659999415278435,0.015443297872093014,20,0.006240000016987324,0.023919999599456787,0.00794605000410229,0.0063599999994039536,0.004686752029456302,20,0.03444100171327591,0.09307999908924103,0.04163449984043836,0.03850100003182888,0.01240545780963119,20,32,32,4096,11008,32768,True,False,False,768,8,4096,11008,generic,generic,,,CUDA_EVENT,FP16,none
,,,,,,,,,,,,0.0703200027346611,0.10360100120306015,0.07437054999172688,0.07180050015449524,0.007338478713014967,20,0.05700000002980232,0.09184099733829498,0.06376044936478138,0.06231999956071377,0.006861829263444207,20,0.04016000032424927,0.059080999344587326,0.04199239984154701,0.04082049988210201,0.004057449720390425,20,,,,,,,0.050801001489162445,0.05368100106716156,0.052180500142276286,0.052040500566363335,0.0007918486035277994,20,0.007360000163316727,0.010080000385642052,0.00781809997279197,0.007679999805986881,0.0005816120298821725,20,0.02812100015580654,0.035840000957250595,0.03140420019626618,0.030821000225842,0.0020322746486404245,20,32,32,4096,11008,32768,True,False,False,1040,8,4096,11008,generic,generic,,,CUDA_EVENT,FP16,none
,,,,,,,,,,,,0.062160998582839966,0.14064200222492218,0.07354274988174439,0.06554000079631805,0.019926308986550966,20,0.06808000057935715,0.19460099935531616,0.08397854939103126,0.07660049945116043,0.027517390729626775,20,0.039799999445676804,0.11960099637508392,0.04865439962595701,0.04174000024795532,0.0216491757938346,20,,,,,,,0.052319999784231186,0.10020100325345993,0.05959260016679764,0.055040501058101654,0.013229010500620869,20,0.00687999976798892,0.018880000337958336,0.008205999876372517,0.007040000054985285,0.0033074769913446723,20,0.02555999904870987,0.09328100085258484,0.035072299651801586,0.029759999364614487,0.016412458754184418,20,32,32,4096,11008,32768,True,False,False,816,8,4096,11008,generic,generic,,,CUDA_EVENT,FP16,none
,,,,,,,,,,,,0.058400001376867294,0.1708420068025589,0.06959440018981695,0.06323999911546707,0.024743915075553763,20,0.07119999825954437,0.1679210066795349,0.08515084981918335,0.08090100064873695,0.019438131177729773,20,0.03784099966287613,0.08696100115776062,0.04230255018919706,0.039580000564455986,0.01038375757993169,20,,,,,,,0.05511999875307083,0.08479999750852585,0.059292249754071234,0.05790000036358833,0.0060602031589775006,20,0.006240000016987324,0.019641000777482986,0.00718815007712692,0.0063599999994039536,0.0029497635125495243,20,0.02948099933564663,0.0867609977722168,0.037988499831408264,0.035160498693585396,0.011508370425515346,20,32,32,4096,11008,32768,True,False,False,536,8,4096,11008,generic,generic,,,CUDA_EVENT,FP16,none
,,,,,,,,,,,,0.05379999801516533,0.08884099870920181,0.05995245017111302,0.05820100009441376,0.007364485294101853,20,0.06864000111818314,0.09140100330114365,0.07529065050184727,0.07434049993753433,0.004696730121252287,20,0.033879999071359634,0.05804000049829483,0.038500149734318256,0.0374199990183115,0.004691350742432012,20,,,,,,,0.045680999755859375,0.049880001693964005,0.04705240037292242,0.04690050147473812,0.0009190814551302673,20,0.006279999855905771,0.006800000090152025,0.006403999938629568,0.006399999838322401,0.00010499523649912777,20,0.029360000044107437,0.038520000874996185,0.0319862499833107,0.031379999592900276,0.002243304743577584,20,32,32,4096,11008,32768,True,False,False,480,8,4096,11008,generic,generic,,,CUDA_EVENT,FP16,none
,,,,,,,,,,,,0.05928099900484085,0.15648099780082703,0.07708444967865943,0.06822000071406364,0.023165605668974264,20,0.06375999748706818,0.218641996383667,0.08240679949522019,0.07220099866390228,0.032594751127103166,20,0.04376000165939331,0.10911999642848969,0.052948599494993684,0.047380998730659485,0.017772556318567504,20,,,,,,,0.0647210031747818,0.12768200039863586,0.07303844913840293,0.06728050112724304,0.017170605281607253,20,0.007519999984651804,0.009479999542236328,0.007788149989210069,0.00768049992620945,0.000403162074462559,20,0.02404000051319599,0.12088099867105484,0.03161824978888035,0.02443999983370304,0.02175870600318347,20,32,32,4096,11008,32768,True,False,False,1392,8,4096,11008,generic,generic,,,CUDA_EVENT,FP16,none
,,,,,,,,,,,,0.0604810006916523,0.17812100052833557,0.07399679943919182,0.063400998711586,0.027404775483354217,20,0.06820099800825119,0.23172199726104736,0.0886965498328209,0.08100049942731857,0.03420629308264126,20,0.036240000277757645,0.09743999689817429,0.045716299675405025,0.04038050025701523,0.016177099183041645,20,,,,,,,0.04839999973773956,0.08727999776601791,0.05444060005247593,0.05138000100851059,0.010025159990344487,20,0.0061599998734891415,0.027000000700354576,0.007952100061811507,0.006320000160485506,0.0047472959405169745,20,0.03036000020802021,0.09352099895477295,0.039988199900835755,0.03625999949872494,0.01290140336482418,20,32,32,4096,11008,32768,True,False,False,704,8,4096,11008,generic,generic,,,CUDA_EVENT,FP16,none
,,,,,,,,,,,,0.055080998688936234,0.0881199985742569,0.059238549694418906,0.057080499827861786,0.0070172768598511575,20,0.07131999731063843,0.09700100123882294,0.07624459974467754,0.0744599997997284,0.005440648443146471,20,0.03147999942302704,0.05415999889373779,0.038016299903392795,0.037139998748898506,0.004118246386202758,20,,,,,,,0.04044000059366226,0.04872100055217743,0.045824399963021276,0.04626050032675266,0.0017376435952050676,20,0.006320000160485506,0.006440000142902136,0.006376050016842783,0.006379999918863177,4.44797110457154e-05,20,0.02852099947631359,0.03807999938726425,0.031302199605852364,0.03082050010561943,0.00247719154174077,20,32,32,4096,11008,32768,True,False,False,416,8,4096,11008,generic,generic,,,CUDA_EVENT,FP16,none
,,,,,,,,,,,,0.06159999966621399,0.09375999867916107,0.06559449955821037,0.06400099769234657,0.006747423062376576,20,0.06620100140571594,0.09436099976301193,0.07287259995937348,0.07134050130844116,0.0057831969040674286,20,0.03739999979734421,0.07196000218391418,0.04066829960793257,0.039260998368263245,0.007232437463423098,20,,,,,,,0.05116000026464462,0.057360000908374786,0.05302650015801191,0.05274050123989582,0.0014220908244621925,20,0.006719999946653843,0.00791999977082014,0.006874049874022603,0.00675999978557229,0.00027515930128749536,20,0.0246799997985363,0.03744100034236908,0.029078199993819,0.028700499795377254,0.002497039231407194,20,32,32,4096,11008,32768,True,False,False,968,8,4096,11008,generic,generic,,,CUDA_EVENT,FP16,none
,,,,,,,,,,,,0.05732100084424019,0.13400200009346008,0.06693849954754114,0.06046050041913986,0.01768693841103512,20,0.07503999769687653,0.13412100076675415,0.08599485009908676,0.08328099921345711,0.013648252135979366,20,0.035440001636743546,0.08216000348329544,0.04147215019911528,0.03943999856710434,0.009529666600550034,20,,,,,,,0.045200999826192856,0.08896099776029587,0.05045429952442646,0.04848000034689903,0.008947470273328895,20,0.006240000016987324,0.0116799995303154,0.006575999991036951,0.006320000160485506,0.001172102280346339,20,0.03220000118017197,0.07023999840021133,0.03685414977371693,0.03538000024855137,0.007895631434715703,20,32,32,4096,11008,32768,True,False,False,472,8,4096,11008,generic,generic,,,CUDA_EVENT,FP16,none
,,,,,,,,,,,,0.05936000123620033,0.16072100400924683,0.07271440029144287,0.063960000872612,0.023239197252496176,20,0.07124099880456924,0.2058819979429245,0.08754674904048443,0.07844050228595734,0.029779246086366624,20,0.0318400003015995,0.10668099671602249,0.045216599851846694,0.03956049866974354,0.018782399948503507,20,,,,,,,0.04975999891757965,0.08628000319004059,0.05515219997614622,0.05230000056326389,0.009411504681954827,20,0.0061599998734891415,0.020041000097990036,0.007536150026135146,0.006400000071153045,0.0033957166650751135,20,0.033240001648664474,0.11132100224494934,0.043922549858689305,0.03696100041270256,0.018641280700985533,20,32,32,4096,11008,32768,True,False,False,752,8,4096,11008,generic,generic,,,CUDA_EVENT,FP16,none
,,,,,,,,,,,,0.07088100165128708,0.14896099269390106,0.08239479921758175,0.07506050169467926,0.019783235243986827,20,0.06164100021123886,0.21308200061321259,0.07800245024263859,0.06788000091910362,0.0329806130156342,20,0.04115999862551689,0.13156099617481232,0.049572599679231645,0.043440500274300575,0.0203109738100155,20,,,,,,,0.06419999897480011,0.11824099719524384,0.07135269977152348,0.06650049984455109,0.014001274897625097,20,0.007360000163316727,0.008720999583601952,0.007544050039723515,0.007439999841153622,0.00032769129613245766,20,0.022280000150203705,0.09864100068807602,0.029198200069367887,0.02259999979287386,0.01741237849114028,20,32,32,4096,11008,32768,True,False,False,1264,8,4096,11008,generic,generic,,,CUDA_EVENT,FP16,none
,,,,,,,,,,,,0.055640000849962234,0.1833209991455078,0.07242629993706942,0.06038049980998039,0.031583623057997924,20,0.07300099730491638,0.218641996383667,0.09731505028903484,0.0870009995996952,0.03633882350645185,20,0.03660000115633011,0.0986810028553009,0.04315465036779642,0.039460500702261925,0.013207331637818861,20,,,,,,,0.06335999816656113,0.1114410012960434,0.0679763000458479,0.06546050310134888,0.010094537740845226,20,0.0061599998734891415,0.0221599992364645,0.007242199964821339,0.006320000160485506,0.003446520300609986,20,0.02680099941790104,0.09156099706888199,0.03460814990103245,0.030520000495016575,0.013691561412674075,20,32,32,4096,11008,32768,True,False,False,640,8,4096,11008,generic,generic,,,CUDA_EVENT,FP16,none
,,,,,,,,,,,,0.05432000011205673,0.09308099746704102,0.05988239999860525,0.05738000012934208,0.008191386096320714,20,0.07312099635601044,0.09564100205898285,0.07697069942951203,0.07562100142240524,0.004755372395344399,20,0.034279998391866684,0.05559999868273735,0.03736224994063377,0.03589999862015247,0.004532487385004287,20,,,,,,,0.042160000652074814,0.05000000074505806,0.04412639979273081,0.04359999857842922,0.001978131317700343,20,0.006279999855905771,0.006639999803155661,0.006386000011116266,0.0063599999994039536,7.825594579339299e-05,20,0.02816000021994114,0.03452000021934509,0.03134225001558662,0.031240500509738922,0.001500950767249672,20,32,32,4096,11008,32768,True,False,False,352,8,4096,11008,generic,generic,,,CUDA_EVENT,FP16,none
,,,,,,,,,,,,0.06036100164055824,0.09428100287914276,0.0660906495526433,0.063960500061512,0.006935238705238692,20,0.06556099653244019,0.09415999799966812,0.07588459961116314,0.07490099966526031,0.005232707073206482,20,0.038359999656677246,0.053679998964071274,0.04061019979417324,0.039300499483942986,0.00344405900684269,20,,,,,,,0.05124099925160408,0.05875999853014946,0.05277459975332022,0.05196000076830387,0.0020845234521315206,20,0.007079999893903732,0.007600999902933836,0.007328049978241324,0.007360000163316727,0.00013727067453624657,20,0.024240000173449516,0.03156000003218651,0.02895224979147315,0.028880500234663486,0.0017584981752710798,20,32,32,4096,11008,32768,True,False,False,904,8,4096,11008,generic,generic,,,CUDA_EVENT,FP16,none
,,,,,,,,,,,,0.05536099895834923,0.17176100611686707,0.0676324499770999,0.06026050075888634,0.025028970351973236,20,0.07528100162744522,0.1838819980621338,0.08729490004479885,0.08140100166201591,0.022538332427135804,20,0.03511999920010567,0.09824100136756897,0.042080150172114375,0.03869999945163727,0.013162149176120354,20,,,,,,,0.05228099972009659,0.08884099870920181,0.057204400189220905,0.05574049986898899,0.0073595774879066395,20,0.006200000178068876,0.021479999646544456,0.007391999964602292,0.006300000008195639,0.0034175452186494446,20,0.02364099957048893,0.06632100045681,0.034386500157415865,0.03246049955487251,0.007991827000148983,20,32,32,4096,11008,32768,True,False,False,408,8,4096,11008,generic,generic,,,CUDA_EVENT,FP16,none
,,,,,,,,,,,,0.0597199983894825,0.14928199350833893,0.07115444913506508,0.0631604976952076,0.02189707371951623,20,0.07220099866390228,0.2199610024690628,0.08915869928896428,0.077759999781847,0.03254052915947722,20,0.03619999811053276,0.11616099625825882,0.046330649964511396,0.040059998631477356,0.019287792957470736,20,,,,,,,0.04540000110864639,0.10132099688053131,0.05412834957242012,0.050919998437166214,0.011782260107184634,20,0.0061610001139342785,0.04028100147843361,0.008004250074736773,0.006279999855905771,0.007406275645140777,20,0.03220000118017197,0.09148100018501282,0.03853834960609674,0.034459998831152916,0.012560363869922537,20,32,32,4096,11008,32768,True,False,False,688,8,4096,11008,generic,generic,,,CUDA_EVENT,FP16,none
,,,,,,,,,,,,0.07040099799633026,0.18716199696063995,0.08972885012626648,0.07604049891233444,0.0349405911066786,20,0.06376100331544876,0.22116200625896454,0.08530279994010925,0.07398050278425217,0.036260537446472514,20,0.04019999876618385,0.14068099856376648,0.050518199987709525,0.04574050009250641,0.020792802594861756,20,,,,,,,0.06539999693632126,0.14100100100040436,0.071620549634099,0.06804050132632256,0.016007056367082537,20,0.007120000198483467,0.010200000368058681,0.007608000026084483,0.007280000019818544,0.0009005421064944824,20,0.023919999599456787,0.11280100047588348,0.029286200180649757,0.02410000003874302,0.01923325172333304,20,32,32,4096,11008,32768,True,False,False,1136,8,4096,11008,generic,generic,,,CUDA_EVENT,FP16,none
,,,,,,,,,,,,0.05716000124812126,0.2029619961977005,0.07455489989370108,0.06066100113093853,0.037647158775853236,20,0.0716409981250763,0.19520099461078644,0.09251440055668354,0.08304000273346901,0.02765225083479764,20,0.0363599993288517,0.12508100271224976,0.04425639994442463,0.03980099968612194,0.018633971970066183,20,,,,,,,0.056279998272657394,0.1127609983086586,0.06371874902397394,0.060900500044226646,0.011523991545945399,20,0.0061599998734891415,0.033799998462200165,0.007747999927960336,0.006280000088736415,0.005982508834819696,20,0.031160999089479446,0.09388099610805511,0.0390621492639184,0.035960499197244644,0.012889491753422307,20,32,32,4096,11008,32768,True,False,False,576,8,4096,11008,generic,generic,,,CUDA_EVENT,FP16,none
,,,,,,,,,,,,0.052799999713897705,0.08764100074768066,0.057154450193047525,0.055020999163389206,0.007366220872115492,20,0.07311999797821045,0.09748099744319916,0.07659264989197254,0.07440099865198135,0.005363002002035133,20,0.03232099860906601,0.05623999983072281,0.03623425010591745,0.03546000085771084,0.004666511281935007,20,,,,,,,0.038759998977184296,0.04639999940991402,0.041250299848616126,0.04095999896526337,0.0016678555072186896,20,0.006279999855905771,0.007840000092983246,0.006484000012278557,0.0063599999994039536,0.00034891832155666344,20,0.03179999813437462,0.04044000059366226,0.03347234986722469,0.033220499753952026,0.0017352137014907756,20,32,32,4096,11008,32768,True,False,False,288,8,4096,11008,generic,generic,,,CUDA_EVENT,FP16,none
,,,,,,,,,,,,0.06136099994182587,0.10208100080490112,0.06673249900341034,0.06407999992370605,0.008697533791457865,20,0.06955999881029129,0.09752099961042404,0.0733586497604847,0.0717804990708828,0.005754433607866902,20,0.03688099980354309,0.056081000715494156,0.03970049992203713,0.038960499688982964,0.0038930499087953293,20,,,,,,,0.050680000334978104,0.05747999995946884,0.05290034972131252,0.05260000005364418,0.0016240401418753717,20,0.00699999975040555,0.012240000069141388,0.00743800001218915,0.007199999876320362,0.0011047877764722917,20,0.02012000046670437,0.0321200005710125,0.02774224989116192,0.028000500053167343,0.0026139436407421517,20,32,32,4096,11008,32768,True,False,False,840,8,4096,11008,generic,generic,,,CUDA_EVENT,FP16,none
,,,,,,,,,,,,0.053360000252723694,0.13204099237918854,0.0659924492239952,0.05950099974870682,0.01729903976076045,20,0.0759200006723404,0.129721000790596,0.08601079992949963,0.08256099745631218,0.011989921436048845,20,0.036281000822782516,0.06419999897480011,0.03921829964965582,0.03775999881327152,0.005856893658174769,20,,,,,,,0.04332000017166138,0.07568100094795227,0.046334299631416796,0.04501999914646149,0.006776700326367556,20,0.006200000178068876,0.02151999995112419,0.007300100009888411,0.006360499886795878,0.003296818460295678,20,0.03215999901294708,0.06572099775075912,0.036026349477469924,0.03428049944341183,0.007105345965528811,20,32,32,4096,11008,32768,True,False,False,344,8,4096,11008,generic,generic,,,CUDA_EVENT,FP16,none
,,,,,,,,,,,,0.054760999977588654,0.1764020025730133,0.07436850015074015,0.06207999959588051,0.03381963312450665,20,0.07159999758005142,0.2087620049715042,0.09165485054254532,0.0823809988796711,0.03028108739139413,20,0.0309200007468462,0.0955210030078888,0.041632150020450356,0.03919999860227108,0.012594735871515111,20,,,,,,,0.058841001242399216,0.10679999738931656,0.06731039974838496,0.06548050045967102,0.009276371301469967,20,0.0061599998734891415,0.021719999611377716,0.007063999981619417,0.006279999855905771,0.0033649343873693735,20,0.022199999541044235,0.10444100201129913,0.03398249996826053,0.029821000061929226,0.016529838643064038,20,32,32,4096,11008,32768,True,False,False,624,8,4096,11008,generic,generic,,,CUDA_EVENT,FP16,none
,,,,,,,,,,,,0.062001001089811325,0.1780419945716858,0.07545879986137152,0.06822099909186363,0.025570663349438635,20,0.06504099816083908,0.2493620067834854,0.08859055042266846,0.07711999863386154,0.040789714056116075,20,0.03736099973320961,0.10940100252628326,0.049096500314772126,0.0423204991966486,0.019782636938561384,20,,,,,,,0.05488000065088272,0.11412099748849869,0.06144854985177517,0.056700000539422035,0.014489985710680754,20,0.006680000107735395,0.0309200007468462,0.008278049994260073,0.00687999976798892,0.005246417257768137,20,0.026559999212622643,0.08360099792480469,0.033774249907583,0.03016049973666668,0.012154827813509723,20,32,32,4096,11008,32768,True,False,False,1016,8,4096,11008,generic,generic,,,CUDA_EVENT,FP16,none
,,,,,,,,,,,,0.04527999833226204,0.08480100333690643,0.055964399874210355,0.054240500554442406,0.007311102581937594,20,0.07368099689483643,0.09696099907159805,0.07758474908769131,0.07624049857258797,0.005054233004101799,20,0.03207999840378761,0.058761000633239746,0.037388399988412854,0.03504049964249134,0.005644563816431772,20,,,,,,,0.03579999879002571,0.04052000120282173,0.039194300398230554,0.0394005011767149,0.0011580694183674692,20,0.006279999855905771,0.006479999981820583,0.0063500999938696625,0.0063599999994039536,5.1904620382173106e-05,20,0.030799999833106995,0.03680099919438362,0.03241424988955259,0.03228050097823143,0.001141231248509563,20,32,32,4096,11008,32768,True,False,False,224,8,4096,11008,generic,generic,,,CUDA_EVENT,FP16,none
,,,,,,,,,,,,0.05820100009441376,0.12592099606990814,0.06491465009748935,0.0610204990953207,0.014221040228174815,20,0.07248099893331528,0.08079999685287476,0.07554644979536533,0.07518099993467331,0.0020247741662180433,20,0.039080001413822174,0.0414000004529953,0.039972249791026114,0.03990049846470356,0.0005902123683217027,20,,,,,,,0.05771999806165695,0.06480100005865097,0.060486549697816375,0.06006049923598766,0.0013864726580773493,20,0.006320000160485506,0.008320000022649765,0.006610050005838275,0.006479999981820583,0.0004885519865999465,20,0.020719999447464943,0.03728000074625015,0.029876199923455714,0.030340000055730343,0.0029956005651301455,20,32,32,4096,11008,32768,True,False,False,776,8,4096,11008,generic,generic,,,CUDA_EVENT,FP16,none
,,,,,,,,,,,,0.05412000045180321,0.16328099370002747,0.06879039984196425,0.05987999960780144,0.025865752257058096,20,0.0679209977388382,0.21904200315475464,0.09318869896233081,0.08336049690842628,0.032514314883963384,20,0.036079999059438705,0.11260099709033966,0.0460446497425437,0.0391210000962019,0.020444799869688956,20,,,,,,,0.04055999964475632,0.09548100084066391,0.05117030031979084,0.04792050085961819,0.01167976712898388,20,0.0061599998734891415,0.04180099815130234,0.008254199917428196,0.006320000160485506,0.007707749107846197,20,0.0321200005710125,0.0984409973025322,0.03956039994955063,0.03696049936115742,0.013707933075474295,20,32,32,4096,11008,32768,True,False,False,512,8,4096,11008,generic,generic,,,CUDA_EVENT,FP16,none
,,,,,,,,,,,,0.05732100084424019,0.11856099963188171,0.06431865021586418,0.05798100121319294,0.015252407923338127,20,0.07284100353717804,0.11624100059270859,0.0863388005644083,0.08310050144791603,0.010224096240556995,20,0.03519999980926514,0.09040100127458572,0.040904249623417856,0.03798049874603748,0.011517326200408736,20,,,,,,,0.040401000529527664,0.07580099999904633,0.043768450058996676,0.042260000482201576,0.007396124444865911,20,0.0061599998734891415,0.02191999927163124,0.007194049935787916,0.006300000008195639,0.0033966730217942684,20,0.028480999171733856,0.08079999685287476,0.03690214976668358,0.03480000048875809,0.010212622016590957,20,32,32,4096,11008,32768,True,False,False,280,8,4096,11008,generic,generic,,,CUDA_EVENT,FP16,none
,,,,,,,,,,,,0.056001000106334686,0.1718820035457611,0.0725488493219018,0.06060050055384636,0.031008352806730272,20,0.07103999704122543,0.23228199779987335,0.09532844945788384,0.08261999860405922,0.03853501114959036,20,0.036361001431941986,0.09352099895477295,0.04293434973806143,0.04015999846160412,0.011889841221996832,20,,,,,,,0.05556099861860275,0.1462019979953766,0.06298674996942281,0.05850050039589405,0.01916165848256841,20,0.006200000178068876,0.013919999822974205,0.006700000027194619,0.006279999855905771,0.0016658690885040556,20,0.028359999880194664,0.12276099622249603,0.04096819991245866,0.036860501393675804,0.01903400917737403,20,32,32,4096,11008,32768,True,False,False,560,8,4096,11008,generic,generic,,,CUDA_EVENT,FP16,none
,,,,,,,,,,,,0.048921000212430954,0.08524099737405777,0.05505049955099821,0.052559999749064445,0.00780688337989892,20,0.07556000351905823,0.09800100326538086,0.07851460054516793,0.07732050120830536,0.004880834500418665,20,0.0342399999499321,0.05316099897027016,0.03632430005818606,0.0355405006557703,0.003934844414682375,20,,,,,,,0.03471999987959862,0.04307999834418297,0.03711235001683235,0.03692050091922283,0.0015887809671742033,20,0.006240000016987324,0.006599999964237213,0.006327999988570809,0.006300000008195639,9.599999369437392e-05,20,0.028880000114440918,0.03336000069975853,0.032354249712079765,0.032560499384999275,0.0010244329960258432,20,32,32,4096,11008,32768,True,False,False,160,8,4096,11008,generic,generic,,,CUDA_EVENT,FP16,none
,,,,,,,,,,,,0.061921000480651855,0.1589609980583191,0.07410824969410897,0.06630000099539757,0.02285324379231181,20,0.06691999733448029,0.2234019935131073,0.08601899892091751,0.07552099972963333,0.033051096695745,20,0.038920000195503235,0.1345209926366806,0.05041244979947805,0.04298100061714649,0.023282378460092096,20,,,,,,,0.05328099802136421,0.11284100264310837,0.06160024981945753,0.05714000016450882,0.015315653614350612,20,0.007160000037401915,0.018279999494552612,0.008236049977131187,0.00738000008277595,0.0026001768956445117,20,0.020400000736117363,0.1258009970188141,0.035548549704253675,0.030000499449670315,0.021167594870453253,20,32,32,4096,11008,32768,True,False,False,952,8,4096,11008,generic,generic,,,CUDA_EVENT,FP16,none
,,,,,,,,,,,,0.05984099954366684,0.12504099309444427,0.0649985995143652,0.06110000051558018,0.013999332727998979,20,0.07312099635601044,0.08008100092411041,0.07564654983580113,0.07496100291609764,0.0020316774212827543,20,0.033720001578330994,0.0421609990298748,0.03685825001448393,0.03642049990594387,0.0015957225108300995,20,,,,,,,0.05728000029921532,0.06112099811434746,0.05974659994244576,0.059800999239087105,0.0007735790598677869,20,0.006279999855905771,0.00839999970048666,0.006514000031165779,0.0063599999994039536,0.0004682349125137168,20,0.02428000047802925,0.035280000418424606,0.029614149965345858,0.029659999534487724,0.002187004150522445,20,32,32,4096,11008,32768,True,False,False,712,8,4096,11008,generic,generic,,,CUDA_EVENT,FP16,none
,,,,,,,,,,,,0.05668099969625473,0.14128199219703674,0.06775249913334846,0.06004049815237522,0.020534490935548752,20,0.07536099851131439,0.19808100163936615,0.0912406999617815,0.08288050070405006,0.02620550464218906,20,0.03619999811053276,0.09747999906539917,0.044022399745881555,0.03846050053834915,0.015537966610642714,20,,,,,,,0.04623999819159508,0.09740100055932999,0.05269839987158775,0.04872000031173229,0.013135184845019462,20,0.006120000034570694,0.029440000653266907,0.008186100027523934,0.0062599999364465475,0.005690606583860684,20,0.029079999774694443,0.10952100157737732,0.041612449660897256,0.03511999920010567,0.020521479223873564,20,32,32,4096,11008,32768,True,False,False,448,8,4096,11008,generic,generic,,,CUDA_EVENT,FP16,none
,,,,,,,,,,,,0.05276000127196312,0.13352100551128387,0.0635425504297018,0.05676000006496906,0.018461056411720096,20,0.07604099810123444,0.12200099974870682,0.08706684932112693,0.08508099988102913,0.010716537062627032,20,0.03152000159025192,0.08876000344753265,0.03986420053988695,0.0374004989862442,0.011391413488378589,20,,,,,,,0.03596099838614464,0.06923999637365341,0.042108199559152126,0.04090000130236149,0.006463033032246387,20,0.0061599998734891415,0.02640100009739399,0.0073741000378504395,0.006240000016987324,0.004402188713469302,20,0.03255999833345413,0.06111999973654747,0.035570199601352215,0.0339604988694191,0.006007387140958396,20,32,32,4096,11008,32768,True,False,False,216,8,4096,11008,generic,generic,,,CUDA_EVENT,FP16,none
,,,,,,,,,,,,0.049320001155138016,0.08520100265741348,0.055432400293648244,0.053039999678730965,0.007969990652255595,20,0.06796000152826309,0.09968099743127823,0.07847059965133667,0.07718100026249886,0.005568710313490708,20,0.03027999959886074,0.053360000252723694,0.03606024952605367,0.03530049882829189,0.004298292263024206,20,,,,,,,0.03643999993801117,0.04651999846100807,0.0388783497735858,0.03842049837112427,0.0021221752688527907,20,0.006320999935269356,0.009320000186562538,0.006564050004817546,0.006399999838322401,0.0006359557407608817,20,0.02924099937081337,0.03723999857902527,0.03482429962605238,0.03496049903333187,0.0015297155629845941,20,32,32,4096,11008,32768,True,False,False,96,8,4096,11008,generic,generic,,,CUDA_EVENT,FP16,none
,,,,,,,,,,,,0.055799998342990875,0.15828099846839905,0.06817659959197045,0.05956050008535385,0.023822488246229474,20,0.07016000151634216,0.1910409927368164,0.09170869886875152,0.08412100002169609,0.02761792082437515,20,0.0350399985909462,0.10948000103235245,0.044500199519097804,0.03819999843835831,0.019773380359948484,20,,,,,,,0.04560000076889992,0.09740000218153,0.052340499870479104,0.0477410014718771,0.013831585517318303,20,0.006120000034570694,0.03791999816894531,0.008710099896416069,0.006200000178068876,0.0074435220139772995,20,0.026599999517202377,0.09408099949359894,0.03855019994080067,0.0352999996393919,0.013610501109916233,20,32,32,4096,11008,32768,True,False,False,496,8,4096,11008,generic,generic,,,CUDA_EVENT,FP16,none
,,,,,,,,,,,,0.06096100062131882,0.09688100218772888,0.06563859973102808,0.06334000080823898,0.0075855511666974495,20,0.06620000302791595,0.0965999960899353,0.07229254990816117,0.07080100104212761,0.006068576152917419,20,0.035440001636743546,0.05592000111937523,0.03740225024521351,0.036540500819683075,0.0042894797165900205,20,,,,,,,0.04724099859595299,0.05448000133037567,0.04921045023947954,0.048600999638438225,0.0019770181065681867,20,0.006240000016987324,0.009599999524652958,0.006553999939933419,0.0063599999994039536,0.000720585790595632,20,0.027520999312400818,0.04179999977350235,0.03589634988456965,0.03602050058543682,0.002784695498850668,20,32,32,4096,11008,32768,True,False,False,648,8,4096,11008,generic,generic,,,CUDA_EVENT,FP16,none
,,,,,,,,,,,,0.062401000410318375,0.1934410035610199,0.07659444976598025,0.06729999929666519,0.029142968163191032,20,0.06827999651432037,0.21112200617790222,0.08735494911670685,0.07634099945425987,0.032259923276917804,20,0.0400799997150898,0.12784099578857422,0.050834249891340735,0.042659999802708626,0.02558726772988141,20,,,,,,,0.05636100098490715,0.09996099770069122,0.06216044966131449,0.05908050015568733,0.009912589391165872,20,0.006519999820739031,0.009080000221729279,0.006917999987490475,0.006680000107735395,0.0006187051860700241,20,0.022679999470710754,0.12372099608182907,0.032984099630266425,0.026560000143945217,0.02139683802470726,20,32,32,4096,11008,32768,True,False,False,888,8,4096,11008,generic,generic,,,CUDA_EVENT,FP16,none
,,,,,,,,,,,,0.0568000003695488,0.1682019978761673,0.06853874940425157,0.059080999344587326,0.026241039398718354,20,0.07316099852323532,0.17632099986076355,0.09063850045204162,0.08366000279784203,0.022545543280519862,20,0.03352100029587746,0.1138010025024414,0.04463230017572641,0.03804050013422966,0.021127992516708508,20,,,,,,,0.039080001413822174,0.12056099623441696,0.051158500090241435,0.04556100070476532,0.019130502289064582,20,0.0060800001956522465,0.03367999941110611,0.008592049963772297,0.006240000016987324,0.006614753826320309,20,0.0313199982047081,0.08460099995136261,0.037196199782192706,0.034860000014305115,0.011017009058165987,20,32,32,4096,11008,32768,True,False,False,384,8,4096,11008,generic,generic,,,CUDA_EVENT,FP16,none
,,,,,,,,,,,,0.05276000127196312,0.13016100227832794,0.06266250014305115,0.05634000152349472,0.01853944441767415,20,0.07712099701166153,0.12224099785089493,0.08812480010092258,0.08316100016236305,0.01206679690079207,20,0.033560000360012054,0.07900100201368332,0.040218450129032135,0.03810049965977669,0.009127615464555304,20,,,,,,,0.033920999616384506,0.07120099663734436,0.040312400087714195,0.039160000160336494,0.007304187883084366,20,0.0061599998734891415,0.02304000034928322,0.007290100050158799,0.006320000160485506,0.0036365294645770018,20,0.03144000098109245,0.09376099705696106,0.03640229981392622,0.033479999750852585,0.013187228312539776,20,32,32,4096,11008,32768,True,False,False,152,8,4096,11008,generic,generic,,,CUDA_EVENT,FP16,none
,,,,,,,,,,,,0.047961000353097916,0.08472099900245667,0.054520549811422826,0.05234050005674362,0.007834646935995858,20,0.07540100067853928,0.0989610031247139,0.0797266997396946,0.07816100120544434,0.005128216598554722,20,0.03271999955177307,0.06148099899291992,0.03611039984971285,0.034600500017404556,0.006088431905239967,20,,,,,,,0.0309200007468462,0.04032000154256821,0.034332249965518716,0.033980000764131546,0.001932676630790241,20,0.006279999855905771,0.007199999876320362,0.0064200500026345255,0.006379999918863177,0.00018654232912042334,20,0.026520999148488045,0.03351999819278717,0.02862424971535802,0.027920500375330448,0.0019009597279548954,20,32,32,4096,11008,32768,True,False,False,32,8,4096,11008,generic,generic,,,CUDA_EVENT,FP16,none
,,,,,,,,,,,,0.0567610003054142,0.14640100300312042,0.06842074990272522,0.05962049961090088,0.022385076469251322,20,0.07416000217199326,0.19492200016975403,0.09243484921753406,0.08294050022959709,0.02790329218703374,20,0.03648100048303604,0.09320099651813507,0.04336034972220659,0.038100000470876694,0.015341128474829298,20,,,,,,,0.0408799983561039,0.0785600021481514,0.050658599473536015,0.04810049943625927,0.008764538037664547,20,0.006120000034570694,0.016961000859737396,0.007366150035522878,0.006240000016987324,0.0029300967430634464,20,0.029039999470114708,0.09200000017881393,0.03978820042684674,0.03364050015807152,0.017483438929733294,20,32,32,4096,11008,32768,True,False,False,432,8,4096,11008,generic,generic,,,CUDA_EVENT,FP16,none
,,,,,,,,,,,,0.0565200001001358,0.1271210014820099,0.06219844985753298,0.05825999937951565,0.015199706866344264,20,0.07423999905586243,0.08764000236988068,0.07817455045878888,0.07736049965023994,0.0030277574115892933,20,0.03587999939918518,0.04184100031852722,0.03757240008562803,0.0374004989862442,0.0013764515590205554,20,,,,,,,0.060120999813079834,0.06316100060939789,0.061546549946069715,0.06158049963414669,0.0008200950094872998,20,0.006279999855905771,0.007160000037401915,0.006414049980230629,0.006380499806255102,0.00018857002523269128,20,0.02524000033736229,0.03799999877810478,0.030258199945092202,0.030220000073313713,0.002434288406634273,20,32,32,4096,11008,32768,True,False,False,584,8,4096,11008,generic,generic,,,CUDA_EVENT,FP16,none
,,,,,,,,,,,,0.06212100014090538,0.1682009994983673,0.07507449928671121,0.06586049869656563,0.024325349017121866,20,0.06695999950170517,0.22884200513362885,0.08707499876618385,0.07796099781990051,0.03408429781308182,20,0.03991999849677086,0.11964099854230881,0.04917024932801724,0.042399998754262924,0.02018239046275387,20,,,,,,,0.05403999984264374,0.08963999897241592,0.05984034948050976,0.05674099922180176,0.00987155689281659,20,0.00687999976798892,0.022600999101996422,0.008098049950785936,0.007120000198483467,0.003399824259834506,20,0.026760000735521317,0.1018809974193573,0.034488499723374845,0.029680998995900154,0.016055110404500684,20,32,32,4096,11008,32768,True,False,False,824,8,4096,11008,generic,generic,,,CUDA_EVENT,FP16,none
,,,,,,,,,,,,0.05280099809169769,0.15736199915409088,0.06654684990644455,0.05754050053656101,0.024712868957682894,20,0.07547999918460846,0.21004100143909454,0.09457479976117611,0.08482050150632858,0.029291141353028162,20,0.03596099838614464,0.12668099999427795,0.046944299899041655,0.03862000070512295,0.023983789951564957,20,,,,,,,0.04027999937534332,0.11312100291252136,0.0476366002112627,0.04224050045013428,0.017535348281319977,20,0.0060800001956522465,0.02711999975144863,0.008468049997463822,0.006240000016987324,0.005961552847649803,20,0.0342009998857975,0.07724100351333618,0.03874415010213852,0.03594000078737736,0.009173900334545203,20,32,32,4096,11008,32768,True,False,False,320,8,4096,11008,generic,generic,,,CUDA_EVENT,FP16,none
,,,,,,,,,,,,0.05316099897027016,0.1339610069990158,0.06212055031210184,0.05534050054848194,0.018308798622576065,20,0.07816100120544434,0.1345209926366806,0.08814074918627739,0.08440100029110909,0.012447323599417604,20,0.03156000003218651,0.08708100020885468,0.03975430019199848,0.037100499495863914,0.011084978427005421,20,,,,,,,0.035840000957250595,0.07568100094795227,0.04155635014176369,0.039739999920129776,0.00795259086853459,20,0.006320000160485506,0.025919999927282333,0.007682049972936511,0.006399999838322401,0.0043860264030977135,20,0.03084000013768673,0.06544099748134613,0.03539029965177178,0.03388050012290478,0.006997693861139359,20,32,32,4096,11008,32768,True,False,False,88,8,4096,11008,generic,generic,,,CUDA_EVENT,FP16,none
,,,,,,,,,,,,0.05671999976038933,0.12328100204467773,0.0617544999346137,0.058200499042868614,0.014243365647221284,20,0.07428000122308731,0.0819609984755516,0.07791475020349026,0.07726100087165833,0.0019748567796491856,20,0.035680998116731644,0.04176099970936775,0.03755419962108135,0.03699999861419201,0.0015408978520869998,20,,,,,,,0.05372000113129616,0.06168000027537346,0.05541055034846067,0.05494050122797489,0.0016068070927237291,20,0.006240000016987324,0.009720000438392162,0.006469999952241778,0.006279999855905771,0.0007470342469695,20,0.03172000125050545,0.04075999930500984,0.0355122497305274,0.035360999405384064,0.0020377357549773677,20,32,32,4096,11008,32768,True,False,False,520,8,4096,11008,generic,generic,,,CUDA_EVENT,FP16,none
,,,,,,,,,,,,0.05703999847173691,0.15064099431037903,0.06818434968590736,0.058720000088214874,0.024171820584929136,20,0.0743200033903122,0.17716200649738312,0.09262684993445873,0.08368099853396416,0.022265462421951626,20,0.034040000289678574,0.11072099953889847,0.04393264967948198,0.037821000441908836,0.01900740431943301,20,,,,,,,0.03815999999642372,0.0873199999332428,0.048892099782824515,0.04542049951851368,0.011099041771447103,20,0.006120000034570694,0.035360999405384064,0.009098249883390964,0.006200000178068876,0.00804236462507587,20,0.03136000037193298,0.09116099774837494,0.03894244991242886,0.03430050052702427,0.014908026566533035,20,32,32,4096,11008,32768,True,False,False,368,8,4096,11008,generic,generic,,,CUDA_EVENT,FP16,none
,,,,,,,,,,,,0.05939999967813492,0.17020100355148315,0.07250630017369986,0.0641000010073185,0.025090300633521564,20,0.07103999704122543,0.20068199932575226,0.08859899975359439,0.07994100078940392,0.0284917821847816,20,0.03519999980926514,0.11464100331068039,0.046940500102937224,0.039920499548316,0.020321460877234136,20,,,,,,,0.04904099926352501,0.09952099621295929,0.0568422993645072,0.052379999309778214,0.01355370289328896,20,0.006200000178068876,0.03187999874353409,0.00862005001399666,0.0063599999994039536,0.005998080671616767,20,0.032520998269319534,0.11836099624633789,0.0432585995644331,0.03842099942266941,0.017924136588856346,20,32,32,4096,11008,32768,True,False,False,760,8,4096,11008,generic,generic,,,CUDA_EVENT,FP16,none
,,,,,,,,,,,,0.0488010011613369,0.15328200161457062,0.06457250006496906,0.05660000070929527,0.023401437701060415,20,0.07419999688863754,0.1908009946346283,0.09346484951674938,0.08560099825263023,0.025474125594461956,20,0.03399999812245369,0.08564099669456482,0.0422062499448657,0.03759999945759773,0.01367046781856562,20,,,,,,,0.03680000081658363,0.10180100053548813,0.04612629935145378,0.04079999960958958,0.016407918870471213,20,0.0060800001956522465,0.03175999969244003,0.008982049976475536,0.006240000016987324,0.006807721318042099,20,0.031120000407099724,0.09644000232219696,0.03943819971755147,0.03464050032198429,0.014925886967273908,20,32,32,4096,11008,32768,True,False,False,256,8,4096,11008,generic,generic,,,CUDA_EVENT,FP16,none
,,,,,,,,,,,,0.05060099810361862,0.12804099917411804,0.06220849994570017,0.05538049899041653,0.018218558374742747,20,0.07888100296258926,0.13944099843502045,0.0885187491774559,0.08542099967598915,0.01315400112702227,20,0.03240000084042549,0.0769210010766983,0.038680300116539,0.03667999990284443,0.009013682952612814,20,,,,,,,0.03483999893069267,0.09056100249290466,0.03928240016102791,0.03574050031602383,0.0119228371091057,20,0.006200000178068876,0.02419999986886978,0.008400049898773432,0.0064199999906122684,0.004109415509365059,20,0.02452000044286251,0.07676099985837936,0.03188424995169044,0.029160000383853912,0.010467970420981155,20,32,32,4096,11008,32768,True,False,False,24,8,4096,11008,generic,generic,,,CUDA_EVENT,FP16,none
,,,,,,,,,,,,0.056120000779628754,0.08900099992752075,0.059980399534106256,0.057780999690294266,0.006989207373567445,20,0.07732000201940536,0.10100100189447403,0.08108465038239956,0.0797404982149601,0.00498138251398427,20,0.035599999129772186,0.05376100167632103,0.038018399849534035,0.036580998450517654,0.00392626308897234,20,,,,,,,0.04335999861359596,0.05456100031733513,0.047570349834859374,0.04626099951565266,0.003241074798387657,20,0.006240000016987324,0.00872000027447939,0.006476049963384867,0.006320500047877431,0.0005322861150096358,20,0.025839999318122864,0.036720000207424164,0.03320224964991212,0.0338204987347126,0.0027967159360087826,20,32,32,4096,11008,32768,True,False,False,456,8,4096,11008,generic,generic,,,CUDA_EVENT,FP16,none
,,,,,,,,,,,,0.05520100146532059,0.14444099366664886,0.06548849958926439,0.05746049992740154,0.02070149917799756,20,0.0729999989271164,0.21772199869155884,0.09497284926474095,0.08472099900245667,0.0313554185584735,20,0.035440001636743546,0.10088100284337997,0.04367820061743259,0.03886000066995621,0.016529956714337227,20,,,,,,,0.038040999323129654,0.08923999965190887,0.0453963004052639,0.04202049970626831,0.012577087162987987,20,0.0060800001956522465,0.02396100014448166,0.008018149971030652,0.006240000016987324,0.005100987121652632,20,0.03256100043654442,0.08392100036144257,0.04006220027804375,0.03563999943435192,0.01353534176112532,20,32,32,4096,11008,32768,True,False,False,304,8,4096,11008,generic,generic,,,CUDA_EVENT,FP16,none
,,,,,,,,,,,,0.059881001710891724,0.14500099420547485,0.07241454906761646,0.06407999992370605,0.021766581788482044,20,0.07292100042104721,0.2258020043373108,0.08993274942040444,0.08038000017404556,0.0329573326040489,20,0.03728099912405014,0.1396009922027588,0.049352549389004706,0.04066050052642822,0.02664717558845221,20,,,,,,,0.04915999993681908,0.10548000037670135,0.055646199733018875,0.05180000141263008,0.013152556814837398,20,0.006120000034570694,0.01804099977016449,0.007594099943526089,0.006300000008195639,0.003489069923217702,20,0.03280000016093254,0.08192099630832672,0.03909834995865822,0.03562000021338463,0.010442084278521788,20,32,32,4096,11008,32768,True,False,False,696,8,4096,11008,generic,generic,,,CUDA_EVENT,FP16,none
,,,,,,,,,,,,0.051840998232364655,0.15324099361896515,0.06534439958631992,0.05612049996852875,0.02479470751997018,20,0.07572100311517715,0.19544200599193573,0.09385885074734687,0.08706099912524223,0.025714554045731565,20,0.0342399999499321,0.1252010017633438,0.04498250037431717,0.0376605000346899,0.022186491614359132,20,,,,,,,0.0363209992647171,0.09012100100517273,0.044146249815821645,0.039780499413609505,0.014749217346044294,20,0.006039999891072512,0.0262410007417202,0.00840604999102652,0.0061599998734891415,0.005938611583116711,20,0.03012000024318695,0.0758809968829155,0.037308549508452415,0.0343605000525713,0.010622527825077043,20,32,32,4096,11008,32768,True,False,False,192,8,4096,11008,generic,generic,,,CUDA_EVENT,FP16,none
,,,,,,,,,,,,0.05551999807357788,0.08980099856853485,0.059710549749433996,0.057080499827861786,0.007394392959967981,20,0.0695199966430664,0.10463999956846237,0.08016854897141457,0.07980049774050713,0.006686669214984014,20,0.03588100150227547,0.05480000004172325,0.038098350167274475,0.037220001220703125,0.003915208207686921,20,,,,,,,0.041200000792741776,0.047520000487565994,0.04320044964551926,0.042739998549222946,0.001467504335806477,20,0.006200000178068876,0.00827999971807003,0.00659400001168251,0.006320000160485506,0.0005080589857343771,20,0.035920001566410065,0.05463999882340431,0.04079219978302717,0.04027999937534332,0.003358664172815055,20,32,32,4096,11008,32768,True,False,False,392,8,4096,11008,generic,generic,,,CUDA_EVENT,FP16,none
,,,,,,,,,,,,0.05212000012397766,0.1246810033917427,0.06317439991980792,0.056199999526143074,0.018346533711397293,20,0.07784000039100647,0.18072199821472168,0.0945888500660658,0.08672099933028221,0.02427263342394983,20,0.034960001707077026,0.11948099732398987,0.04399019982665777,0.03720000013709068,0.021146619467854774,20,,,,,,,0.039159998297691345,0.08732099831104279,0.04536839984357357,0.041240500286221504,0.012896877707201257,20,0.0060800001956522465,0.03152099996805191,0.00890405005775392,0.0061599998734891415,0.006454772358408032,20,0.0318400003015995,0.07620099931955338,0.0387203998863697,0.034620501101017,0.011952314078266845,20,32,32,4096,11008,32768,True,False,False,240,8,4096,11008,generic,generic,,,CUDA_EVENT,FP16,none
,,,,,,,,,,,,0.059241000562906265,0.19456100463867188,0.07725279927253723,0.06310049816966057,0.036634823136665995,20,0.07516100257635117,0.20228199660778046,0.09409694895148277,0.08340049907565117,0.030498154046559655,20,0.03728000074625015,0.11756099760532379,0.04449419975280762,0.04066050052642822,0.016865009288318016,20,,,,,,,0.06324099749326706,0.12000100314617157,0.0680647499859333,0.06534099951386452,0.011979393630125956,20,0.006200000178068876,0.024000000208616257,0.007159999990835786,0.006240000016987324,0.003863718465641428,20,0.02507999911904335,0.11924099922180176,0.035708149708807466,0.030959999188780785,0.019516115567212024,20,32,32,4096,11008,32768,True,False,False,632,8,4096,11008,generic,generic,,,CUDA_EVENT,FP16,none
,,,,,,,,,,,,0.050721000880002975,0.1390009969472885,0.06385664958506823,0.05694099888205528,0.02129113196319184,20,0.07580000162124634,0.17716099321842194,0.09421244859695435,0.0882204994559288,0.024613131773866346,20,0.03240000084042549,0.11548099666833878,0.04432234950363636,0.03726099990308285,0.02145739112406052,20,,,,,,,0.03271999955177307,0.07432100176811218,0.04061839990317821,0.03760000132024288,0.010524005692873706,20,0.006039999891072512,0.02696000039577484,0.008576099900528789,0.0061599998734891415,0.006125672897845007,20,0.035440001636743546,0.08839999884366989,0.04100420009344816,0.037520499899983406,0.012380210884969146,20,32,32,4096,11008,32768,True,False,False,128,8,4096,11008,generic,generic,,,CUDA_EVENT,FP16,none
,,,,,,,,,,,,0.0546410009264946,0.08823999762535095,0.05879849977791309,0.05666100047528744,0.007121947844480585,20,0.07200100272893906,0.10255999863147736,0.08152465038001537,0.08052049949765205,0.005554455765337465,20,0.033720001578330994,0.05488000065088272,0.03638019971549511,0.035160500556230545,0.004579528048785686,20,,,,,,,0.04171999916434288,0.05040000006556511,0.043514350056648256,0.04275999963283539,0.002428510745677987,20,0.006200000178068876,0.007201000116765499,0.006482149939984083,0.006300000008195639,0.0003087256168908451,20,0.03167999908328056,0.03999999910593033,0.03276229947805405,0.03230050019919872,0.0017154412645892572,20,32,32,4096,11008,32768,True,False,False,328,8,4096,11008,generic,generic,,,CUDA_EVENT,FP16,none
,,,,,,,,,,,,0.051201000809669495,0.1867610067129135,0.06597470082342624,0.05574049986898899,0.030468638238179167,20,0.08128099888563156,0.1865610033273697,0.09440080001950264,0.08636049926280975,0.024648063508121345,20,0.033440001308918,0.09228099882602692,0.04287819992750883,0.0374199990183115,0.01580220897463195,20,,,,,,,0.03728000074625015,0.11100099980831146,0.045358499884605406,0.03974049910902977,0.017419006677605466,20,0.006000000052154064,0.023000000044703484,0.00814410001039505,0.0061599998734891415,0.004882702814561018,20,0.027720000594854355,0.08191999793052673,0.03781015016138554,0.03401999920606613,0.01317575567548146,20,32,32,4096,11008,32768,True,False,False,176,8,4096,11008,generic,generic,,,CUDA_EVENT,FP16,none
,,,,,,,,,,,,0.05588100105524063,0.19408200681209564,0.07668485008180141,0.06144049949944019,0.04104263324159953,20,0.07388000190258026,0.2080419957637787,0.09243069961667061,0.08246099948883057,0.031090358639470624,20,0.03571999818086624,0.1363610029220581,0.044548299908638,0.0391400009393692,0.021163642540104298,20,,,,,,,0.0567610003054142,0.11000099778175354,0.06254474986344576,0.06014049984514713,0.01102487108386416,20,0.0061599998734891415,0.03392000123858452,0.00764410006813705,0.0062409997917711735,0.006028375114904356,20,0.032999999821186066,0.11888100206851959,0.04094820003956556,0.03638000041246414,0.018123470479716606,20,32,32,4096,11008,32768,True,False,False,568,8,4096,11008,generic,generic,,,CUDA_EVENT,FP16,none
,,,,,,,,,,,,0.05344000086188316,0.08624099940061569,0.057730449736118315,0.055959999561309814,0.0071253214978119215,20,0.07259999960660934,0.10668099671602249,0.0807986993342638,0.0793600007891655,0.006570033660066018,20,0.03407999873161316,0.05176100134849548,0.03626039996743202,0.035120001062750816,0.0038366926538500466,20,,,,,,,0.03731999918818474,0.054520998150110245,0.04023824967443943,0.03935999982059002,0.0035017816391140666,20,0.0061599998734891415,0.012199999764561653,0.006932050036266446,0.006240000016987324,0.0016310311326080689,20,0.017559999600052834,0.038040999323129654,0.03163824947550893,0.03222049959003925,0.00361829637069726,20,32,32,4096,11008,32768,True,False,False,264,8,4096,11008,generic,generic,,,CUDA_EVENT,FP16,none
,,,,,,,,,,,,0.05116000026464462,0.16116200387477875,0.0648747006431222,0.056081000715494156,0.025907904067836822,20,0.07660000026226044,0.18488100171089172,0.09413275010883808,0.08706099912524223,0.02419863712644106,20,0.03471999987959862,0.09291999787092209,0.042652249708771704,0.037060000002384186,0.016616082488428725,20,,,,,,,0.03556099906563759,0.08300100266933441,0.04146460015326738,0.03735999949276447,0.012391104755438299,20,0.006200000178068876,0.04100000113248825,0.010256050061434508,0.0064199999906122684,0.009453405723606529,20,0.028880000114440918,0.09108100086450577,0.03460220014676452,0.03084000013768673,0.0132716424942195,20,32,32,4096,11008,32768,True,False,False,64,8,4096,11008,generic,generic,,,CUDA_EVENT,FP16,none
,,,,,,,,,,,,0.052560001611709595,0.15024100244045258,0.0641145994886756,0.055280499160289764,0.02354200056870573,20,0.07220099866390228,0.20172199606895447,0.09588880017399788,0.08570099994540215,0.0279285735097308,20,0.03399999812245369,0.10564099997282028,0.04365024957805872,0.037520499899983406,0.017803940595689998,20,,,,,,,0.03600100055336952,0.09031999856233597,0.04311035014688969,0.03814049996435642,0.01497628821028167,20,0.006200000178068876,0.02632099948823452,0.008784099947661161,0.006300500128418207,0.005835310248612271,20,0.029279999434947968,0.08556099981069565,0.040304200164973734,0.03548000007867813,0.01513565080227939,20,32,32,4096,11008,32768,True,False,False,112,8,4096,11008,generic,generic,,,CUDA_EVENT,FP16,none
,,,,,,,,,,,,0.05235999822616577,0.09264100342988968,0.05662835016846657,0.05403999984264374,0.008875840175468986,20,0.07872000336647034,0.10952100157737732,0.0839626993983984,0.08180099725723267,0.006347249091467448,20,0.033681001514196396,0.052921000868082047,0.03625440038740635,0.034760501235723495,0.004164693080479955,20,,,,,,,0.035679999738931656,0.054680000990629196,0.03938030004501343,0.03860050067305565,0.00378047955923245,20,0.006120000034570694,0.007679999805986881,0.0063320999965071675,0.006240000016987324,0.00034594458001832443,20,0.020759999752044678,0.037801001220941544,0.03161434987559915,0.03132049925625324,0.0032003173551845435,20,32,32,4096,11008,32768,True,False,False,200,8,4096,11008,generic,generic,,,CUDA_EVENT,FP16,none
,,,,,,,,,,,,0.05607999861240387,0.1642020046710968,0.07085839994251728,0.06251999922096729,0.024841493003833863,20,0.07580099999904633,0.21236200630664825,0.09236090071499348,0.08332100138068199,0.029589261902464137,20,0.03604000061750412,0.12376099824905396,0.04693815037608147,0.039499999955296516,0.022467072387043326,20,,,,,,,0.04535999894142151,0.09796100109815598,0.052398300357162954,0.047600001096725464,0.014273594330482215,20,0.006120000034570694,0.032839998602867126,0.008301999932155014,0.006240000016987324,0.006469293124867224,20,0.03376000002026558,0.07976000010967255,0.03950049988925457,0.03688099980354309,0.009653751229086212,20,32,32,4096,11008,32768,True,False,False,504,8,4096,11008,generic,generic,,,CUDA_EVENT,FP16,none
,,,,,,,,,,,,0.030799999833106995,0.099481001496315,0.04210029933601618,0.03545999899506569,0.016683082089884994,20,0.06404099613428116,0.1806810051202774,0.07931270040571689,0.06954099982976913,0.026229796208888018,20,0.01688000001013279,0.04447999969124794,0.022204099874943494,0.01978049986064434,0.00633910904771622,20,,,,,,,0.015239999629557133,0.03548000007867813,0.019940299959853292,0.018460500054061413,0.004496619632831313,20,0.007360000163316727,0.024720000103116035,0.011920150090008973,0.010420000180602074,0.004171219996149829,20,0.01648000068962574,0.03828100115060806,0.019418200105428697,0.01723999995738268,0.0053270280703042894,20,32,32,4096,11008,32768,True,False,False,4,8,4096,11008,generic,generic,,,CUDA_EVENT,FP16,none
,,,,,,,,,,,,0.04975999891757965,0.13200199604034424,0.06210074964910746,0.05418100021779537,0.020537816785156475,20,0.07500000298023224,0.18992100656032562,0.0938287504017353,0.08704099804162979,0.024557857607837796,20,0.03232000023126602,0.11559999734163284,0.04427609946578741,0.03691999986767769,0.022308156984708047,20,,,,,,,0.033920999616384506,0.10388100147247314,0.041754700057208535,0.036000000312924385,0.01728718050824035,20,0.006039999891072512,0.03384000062942505,0.009354050061665476,0.0061599998734891415,0.007676814303275478,20,0.029680000618100166,0.07847999781370163,0.03619414996355772,0.03220000118017197,0.012117114736841983,20,32,32,4096,11008,32768,True,False,False,48,8,4096,11008,generic,generic,,,CUDA_EVENT,FP16,none
,,,,,,,,,,,,0.04887999966740608,0.08248099684715271,0.054350399784743784,0.051979999989271164,0.0072402384138069015,20,0.07824099808931351,0.10916099697351456,0.08255074955523015,0.08102099969983101,0.0064362965583299025,20,0.03271999955177307,0.051681000739336014,0.035368199832737444,0.03416000120341778,0.004003299490791753,20,,,,,,,0.03539999946951866,0.038679998368024826,0.03633424993604421,0.03597999922931194,0.0009585637106640735,20,0.006120000034570694,0.01056000031530857,0.0067200500052422285,0.006260499823838472,0.0012187666670019088,20,0.029921000823378563,0.0363599993288517,0.03156239977106452,0.03108000010251999,0.0016975849345903075,20,32,32,4096,11008,32768,True,False,False,136,8,4096,11008,generic,generic,,,CUDA_EVENT,FP16,none
,,,,,,,,,,,,0.055560000240802765,0.17816099524497986,0.07006034925580025,0.06028049997985363,0.028296128183385737,20,0.0764010027050972,0.21112200617790222,0.09395090118050575,0.08586100116372108,0.028787060120155472,20,0.034359999001026154,0.13328099250793457,0.04866629969328642,0.03983999975025654,0.026930672152102653,20,,,,,,,0.04692000150680542,0.10220099985599518,0.05317030008882284,0.048320500180125237,0.014710645293880222,20,0.006120000034570694,0.021320000290870667,0.007869999995455146,0.0062599999364465475,0.0043790022348851095,20,0.030479999259114265,0.08912000060081482,0.037430500239133836,0.03450100123882294,0.012132397494550803,20,32,32,4096,11008,32768,True,False,False,440,8,4096,11008,generic,generic,,,CUDA_EVENT,FP16,none
,,,,,,,,,,,,0.050999999046325684,0.08656000345945358,0.05512250009924173,0.05260099843144417,0.007787033563296809,20,0.07968000322580338,0.10736099630594254,0.08298660069704056,0.08162049949169159,0.0057679602229445326,20,0.03344099968671799,0.05216100066900253,0.035818449780344964,0.03488050028681755,0.00389749731451607,20,,,,,,,0.033799998462200165,0.04740000143647194,0.036792300082743166,0.03514050133526325,0.003866920245545582,20,0.0060800001956522465,0.006320000160485506,0.006212000013329088,0.0062200000975281,5.8103338588753046e-05,20,0.029319999739527702,0.034960001707077026,0.03203024985268712,0.03191999904811382,0.0011424733000369343,20,32,32,4096,11008,32768,True,False,False,72,8,4096,11008,generic,generic,,,CUDA_EVENT,FP16,none
,,,,,,,,,,,,0.028920000419020653,0.08916100114583969,0.04069035043939948,0.03436100110411644,0.0151340553273524,20,0.06432099640369415,0.2128410041332245,0.08059254921972751,0.06905999779701233,0.03347459114810118,20,0.015119999647140503,0.04472000151872635,0.02216214993968606,0.020099999383091927,0.006519266653476218,20,,,,,,,0.016920000314712524,0.033479999750852585,0.020278099924325943,0.018699999898672104,0.0045523059731277194,20,0.006200000178068876,0.026760000735521317,0.012044000043533742,0.010280000045895576,0.00452238713955921,20,0.01351999957114458,0.04168099910020828,0.019952349783852696,0.01746049989014864,0.007339323151108396,20,32,32,4096,11008,32768,True,False,False,1,8,4096,11008,generic,generic,,,CUDA_EVENT,FP16,none
,,,,,,,,,,,,0.055640000849962234,0.1504019945859909,0.06830649990588426,0.059500498697161674,0.02326031559560446,20,0.07908099889755249,0.19016100466251373,0.09264690019190311,0.08500100299715996,0.023958578717923156,20,0.036320000886917114,0.121800996363163,0.04607620015740395,0.03838000074028969,0.02332778569596217,20,,,,,,,0.044119998812675476,0.08924099802970886,0.050238399766385555,0.045380501076579094,0.012935242314621528,20,0.006120000034570694,0.03415999934077263,0.008896049903705716,0.0062599999364465475,0.007575694773035452,20,0.03232000023126602,0.07992000132799149,0.039956150017678736,0.03548000007867813,0.013361774507874359,20,32,32,4096,11008,32768,True,False,False,376,8,4096,11008,generic,generic,,,CUDA_EVENT,FP16,none
,,,,,,,,,,,,0.04904099926352501,0.0849199965596199,0.054644349962472916,0.05312100052833557,0.007314459323998859,20,0.07656099647283554,0.10620100051164627,0.0820327002555132,0.08090100064873695,0.005893759318644726,20,0.03200000151991844,0.0573199987411499,0.03483630008995533,0.03357999958097935,0.0052986333805735255,20,,,,,,,0.02864000014960766,0.03996099904179573,0.030854249838739634,0.029620000161230564,0.0028529108917107167,20,0.006839999929070473,0.01363999955356121,0.011522149899974465,0.01209999993443489,0.0017121119593199428,20,0.025040999054908752,0.03116000071167946,0.026794350054115058,0.02630050014704466,0.0013940333160010728,20,32,32,4096,11008,32768,True,False,False,8,8,4096,11008,generic,generic,,,CUDA_EVENT,FP16,none
,,,,,,,,,,,,0.05512100085616112,0.17660099267959595,0.06858054921030998,0.05870099924504757,0.02738959418670195,20,0.07652000337839127,0.21536199748516083,0.09578259997069835,0.08802000060677528,0.02922368765314125,20,0.03680000081658363,0.13832099735736847,0.04861439969390631,0.03960050083696842,0.027454634840578584,20,,,,,,,0.04027999937534332,0.10144100338220596,0.0467263001948595,0.04202000051736832,0.01418106287331169,20,0.0060800001956522465,0.02500000037252903,0.007380100036971271,0.006240000016987324,0.004155922122852966,20,0.03420000150799751,0.10940100252628326,0.039686300046741965,0.03570049814879894,0.016068080006801017,20,32,32,4096,11008,32768,True,False,False,312,8,4096,11008,generic,generic,,,CUDA_EVENT,FP16,none
,,,,,,,,,,,,0.054680000990629196,0.1588820070028305,0.06656455006450415,0.058000000193715096,0.024056211904793765,20,0.07900100201368332,0.20608100295066833,0.09442659951746464,0.08618049696087837,0.026981919314596703,20,0.03271999955177307,0.1048009991645813,0.04527235012501478,0.03852050006389618,0.019251888123414447,20,,,,,,,0.03892099857330322,0.11504100263118744,0.04833630006760359,0.041400499641895294,0.01983353823862689,20,0.0060800001956522465,0.025919999927282333,0.008652149932458997,0.006240000016987324,0.00589015475921955,20,0.030200999230146408,0.11076100170612335,0.04047229997813702,0.03508000075817108,0.017968989752896715,20,32,32,4096,11008,32768,True,False,False,248,8,4096,11008,generic,generic,,,CUDA_EVENT,FP16,none
,,,,,,,,,,,,0.05392000079154968,0.15800200402736664,0.06595870088785886,0.05704049952328205,0.024256838886607308,20,0.08188100159168243,0.20732100307941437,0.09736850038170815,0.08827999979257584,0.02975588611074358,20,0.03432000055909157,0.1043199971318245,0.04391430001705885,0.03764049895107746,0.019420192760237844,20,,,,,,,0.03700000047683716,0.11392100155353546,0.04567430000752211,0.03972049988806248,0.01866422328284644,20,0.006039999891072512,0.024480000138282776,0.00799399996176362,0.0061599998734891415,0.004781284747351228,20,0.03271999955177307,0.09404099732637405,0.037976349517703054,0.03430050052702427,0.013144448665321046,20,32,32,4096,11008,32768,True,False,False,184,8,4096,11008,generic,generic,,,CUDA_EVENT,FP16,none
,,,,,,,,,,,,0.05048000067472458,0.1668419986963272,0.06677489951252938,0.056241000071167946,0.027569631123287926,20,0.07848099619150162,0.1838809996843338,0.09527274966239929,0.08842099830508232,0.022592165038711563,20,0.03192000091075897,0.09884099662303925,0.042578149959445,0.03763999976217747,0.015766689358952188,20,,,,,,,0.035920001566410065,0.06648100167512894,0.04121260028332472,0.03844049945473671,0.007900414418163464,20,0.006039999891072512,0.03643999993801117,0.009064050088636578,0.0062200000975281,0.007452969489302547,20,0.03027999959886074,0.09492100030183792,0.038178099785000086,0.0351599995046854,0.013176050124214298,20,32,32,4096,11008,32768,True,False,False,120,8,4096,11008,generic,generic,,,CUDA_EVENT,FP16,none
,,,,,,,,,,,,0.05111999809741974,0.13264100253582,0.06386064980179071,0.05712050013244152,0.019347881061435774,20,0.07704100012779236,0.20860199630260468,0.09600050002336502,0.08840099722146988,0.027120574496953473,20,0.03399999812245369,0.13388100266456604,0.04425035007297993,0.03730050101876259,0.0227210080685877,20,,,,,,,0.036240000277757645,0.10044000297784805,0.043960449658334254,0.03786049969494343,0.018503390812631,20,0.006120000034570694,0.0295609999448061,0.00900014997459948,0.00634000007994473,0.0064220724414194,20,0.029040999710559845,0.10180100053548813,0.038092249818146226,0.031779998913407326,0.019331597938342424,20,32,32,4096,11008,32768,True,False,False,56,8,4096,11008,generic,generic,,,CUDA_EVENT,FP16,none
,,,,,,,,,,,,0.03356099873781204,0.09352099895477295,0.04341449961066246,0.03592050075531006,0.01622957563770708,20,0.06604000180959702,0.17704199254512787,0.0802303995937109,0.07114049792289734,0.02557004205846082,20,0.018799999728798866,0.03748000040650368,0.022218149993568657,0.020339999347925186,0.004945737104226328,20,,,,,,,0.015519999898970127,0.030319999903440475,0.019795999908819795,0.01899999938905239,0.003469937208782536,20,0.0075599998235702515,0.02136100083589554,0.011494050035253167,0.010639999993145466,0.0030743961267672456,20,0.016519999131560326,0.03895999863743782,0.0198722998611629,0.017640000209212303,0.0060962282477336335,20,32,32,4096,11008,32768,True,False,False,2,8,4096,11008,generic,generic,,,CUDA_EVENT,FP16,none
