num_tokens,prediction
1,0.030610105049490553
2,0.030610105049490553
3,0.030610105049490553
4,0.030610105049490553
5,0.030610105049490553
6,0.030611214383509874
7,0.030623375548454134
8,0.030623375548454134
9,0.030623375548454134
10,0.030623375548454134
11,0.030623375548454134
12,0.030623375548454134
13,0.030614954516301928
14,0.030614954516301928
15,0.030614954516301928
16,0.030614954516301928
17,0.030612906566137087
18,0.030612906566137087
19,0.030612906566137087
20,0.030612906566137087
21,0.03061410016703011
22,0.03061410016703011
23,0.03061410016703011
24,0.03061410016703011
25,0.03061410016703011
26,0.03061410016703011
27,0.03061410016703011
28,0.03061410016703011
29,0.03061557521528156
30,0.03061557521528156
31,0.03061557521528156
32,0.03061557521528156
33,0.03061557521528156
34,0.03061557521528156
35,0.03061557521528156
36,0.03061557521528156
37,0.03061557521528156
38,0.03061557521528156
39,0.03061557521528156
40,0.03061557521528156
41,0.030616883659755036
42,0.030616883659755036
43,0.030616883659755036
44,0.030616883659755036
45,0.030616883659755036
46,0.030616883659755036
47,0.030616883659755036
48,0.030616883659755036
49,0.030616883659755036
50,0.030616883659755036
51,0.030616883659755036
52,0.030616883659755036
53,0.030616883659755036
54,0.030616883659755036
55,0.030616883659755036
56,0.030616883659755036
57,0.030616883659755036
58,0.030616883659755036
59,0.030616883659755036
60,0.030616883659755036
61,0.030616883659755036
62,0.030616883659755036
63,0.030616883659755036
64,0.030616883659755036
65,0.03061423929630295
66,0.03061423929630295
67,0.03061423929630295
68,0.03061423929630295
69,0.03061423929630295
70,0.03061423929630295
71,0.03061423929630295
72,0.03061423929630295
73,0.030590831500677602
74,0.030590831500677602
75,0.030590831500677602
76,0.030590831500677602
77,0.030590831500677602
78,0.030590831500677602
79,0.030590831500677602
80,0.030590831500677602
81,0.03058711387866236
82,0.03058711387866236
83,0.03058711387866236
84,0.03058711387866236
85,0.03058711387866236
86,0.03058711387866236
87,0.03058711387866236
88,0.03058711387866236
89,0.03058711387866236
90,0.03058711387866236
91,0.030607452131638416
92,0.030607452131638416
93,0.030607452131638416
94,0.030607452131638416
95,0.030607452131638416
96,0.030607452131638416
97,0.030607452131638416
98,0.030607452131638416
99,0.030696020104467748
100,0.030696020104467748
101,0.030696020104467748
102,0.030696020104467748
103,0.030696020104467748
104,0.030696020104467748
105,0.030696020104467748
106,0.030696020104467748
107,0.030696020104467748
108,0.030696020104467748
109,0.030696020104467748
110,0.030696020104467748
111,0.030696020104467748
112,0.030696020104467748
113,0.030696509950626238
114,0.030696509950626238
115,0.030696509950626238
116,0.030696509950626238
117,0.030696509950626238
118,0.030696509950626238
119,0.030696509950626238
120,0.030696509950626238
121,0.030696509950626238
122,0.030696509950626238
123,0.030696509950626238
124,0.030696509950626238
125,0.030696509950626238
126,0.030696509950626238
127,0.030696509950626238
128,0.030696509950626238
129,0.030696509950626238
130,0.030696509950626238
131,0.030696509950626238
132,0.030696509950626238
133,0.030696509950626238
134,0.030696509950626238
135,0.030696509950626238
136,0.030696509950626238
137,0.030696509950626238
138,0.030696509950626238
139,0.030696509950626238
140,0.030696509950626238
141,0.030696509950626238
142,0.030696509950626238
143,0.030696509950626238
144,0.030696509950626238
145,0.030696509950626238
146,0.030696509950626238
147,0.030696509950626238
148,0.030696509950626238
149,0.030696509950626238
150,0.030696509950626238
151,0.030696509950626238
152,0.030696509950626238
153,0.030696509950626238
154,0.030696509950626238
155,0.030696509950626238
156,0.030696509950626238
157,0.030696509950626238
158,0.030696509950626238
159,0.030696509950626238
160,0.030696509950626238
161,0.030696509950626238
162,0.030696509950626238
163,0.030696509950626238
164,0.030696509950626238
165,0.030696509950626238
166,0.030696509950626238
167,0.030696509950626238
168,0.030696509950626238
169,0.030696509950626238
170,0.030696509950626238
171,0.030696509950626238
172,0.030696509950626238
173,0.030696509950626238
174,0.030696509950626238
175,0.030696509950626238
176,0.030696509950626238
177,0.030696509950626238
178,0.030696509950626238
179,0.030696509950626238
180,0.030696509950626238
181,0.030696509950626238
182,0.030696509950626238
183,0.030696509950626238
184,0.030696509950626238
185,0.030696509950626238
186,0.030696509950626238
187,0.030696509950626238
188,0.030696509950626238
189,0.030696509950626238
190,0.030696509950626238
191,0.030696509950626238
192,0.030696509950626238
193,0.030696509950626238
194,0.030696509950626238
195,0.030696509950626238
196,0.030696509950626238
197,0.030696509950626238
198,0.030696509950626238
199,0.030696509950626238
200,0.030696509950626238
201,0.030696509950626238
202,0.030696509950626238
203,0.030696509950626238
204,0.030696509950626238
205,0.030696509950626238
206,0.030696509950626238
207,0.030696509950626238
208,0.030696509950626238
209,0.030696509950626238
210,0.030696509950626238
211,0.030696509950626238
212,0.030696509950626238
213,0.030696509950626238
214,0.030696509950626238
215,0.030696509950626238
216,0.030696509950626238
217,0.030696509950626238
218,0.030696509950626238
219,0.030696509950626238
220,0.030696509950626238
221,0.030696509950626238
222,0.030696509950626238
223,0.030696509950626238
224,0.030696509950626238
225,0.030696509950626238
226,0.030696509950626238
227,0.030696509950626238
228,0.030696509950626238
229,0.030696509950626238
230,0.030696509950626238
231,0.030696509950626238
232,0.030696509950626238
233,0.030696509950626238
234,0.030696509950626238
235,0.030696509950626238
236,0.030696509950626238
237,0.030696509950626238
238,0.030696509950626238
239,0.030696509950626238
240,0.030696509950626238
241,0.030696509950626238
242,0.030696509950626238
243,0.030696509950626238
244,0.030696509950626238
245,0.030696509950626238
246,0.030696509950626238
247,0.030696509950626238
248,0.030696509950626238
249,0.030696509950626238
250,0.030696509950626238
251,0.030696509950626238
252,0.030696509950626238
253,0.030696509950626238
254,0.030696509950626238
255,0.030696509950626238
256,0.030696509950626238
257,0.030696509950626238
258,0.030696509950626238
259,0.030696509950626238
260,0.030696509950626238
261,0.030696509950626238
262,0.030696509950626238
263,0.030696509950626238
264,0.030696509950626238
265,0.030696509950626238
266,0.030696509950626238
267,0.030696509950626238
268,0.030696509950626238
269,0.030696509950626238
270,0.030696509950626238
271,0.030696509950626238
272,0.030696509950626238
273,0.030696509950626238
274,0.030696509950626238
275,0.030696509950626238
276,0.030696509950626238
277,0.030696509950626238
278,0.030696509950626238
279,0.030696509950626238
280,0.030696509950626238
281,0.030696509950626238
282,0.030696509950626238
283,0.030696509950626238
284,0.030696509950626238
285,0.030696509950626238
286,0.030696509950626238
287,0.030696509950626238
288,0.030696509950626238
289,0.030696509950626238
290,0.030696509950626238
291,0.030696509950626238
292,0.030696509950626238
293,0.030696509950626238
294,0.030696509950626238
295,0.030696509950626238
296,0.030696509950626238
297,0.030696509950626238
298,0.030696509950626238
299,0.030696509950626238
300,0.030696509950626238
301,0.030696509950626238
302,0.030696509950626238
303,0.030696509950626238
304,0.030696509950626238
305,0.030696509950626238
306,0.030696509950626238
307,0.030696509950626238
308,0.030696509950626238
309,0.030696509950626238
310,0.030696509950626238
311,0.030696509950626238
312,0.030696509950626238
313,0.030696509950626238
314,0.030696509950626238
315,0.030696509950626238
316,0.030696509950626238
317,0.030696509950626238
318,0.030696509950626238
319,0.030696509950626238
320,0.030696509950626238
321,0.030696509950626238
322,0.030696509950626238
323,0.030696509950626238
324,0.030696509950626238
325,0.030696509950626238
326,0.030696509950626238
327,0.030696509950626238
328,0.030696509950626238
329,0.030696509950626238
330,0.030696509950626238
331,0.030696509950626238
332,0.030696509950626238
333,0.030696509950626238
334,0.030696509950626238
335,0.030696509950626238
336,0.030696509950626238
337,0.030696509950626238
338,0.030696509950626238
339,0.030696509950626238
340,0.030696509950626238
341,0.030696509950626238
342,0.030696509950626238
343,0.030696509950626238
344,0.030696509950626238
345,0.030696509950626238
346,0.030696509950626238
347,0.030696509950626238
348,0.030696509950626238
349,0.030696509950626238
350,0.030696509950626238
351,0.030696509950626238
352,0.030696509950626238
353,0.030696509950626238
354,0.030696509950626238
355,0.030696509950626238
356,0.030696509950626238
357,0.030696509950626238
358,0.030696509950626238
359,0.030696509950626238
360,0.030696509950626238
361,0.030696509950626238
362,0.030696509950626238
363,0.030696509950626238
364,0.030696509950626238
365,0.030696509950626238
366,0.030696509950626238
367,0.030696509950626238
368,0.030696509950626238
369,0.030696509950626238
370,0.030696509950626238
371,0.030696509950626238
372,0.030696509950626238
373,0.030696509950626238
374,0.030696509950626238
375,0.030696509950626238
376,0.030696509950626238
377,0.030696509950626238
378,0.030696509950626238
379,0.030696509950626238
380,0.030696509950626238
381,0.030696509950626238
382,0.030696509950626238
383,0.030696509950626238
384,0.030696509950626238
385,0.030696509950626238
386,0.030696509950626238
387,0.030696509950626238
388,0.030696509950626238
389,0.030696509950626238
390,0.030696509950626238
391,0.030696509950626238
392,0.030696509950626238
393,0.030696509950626238
394,0.030696509950626238
395,0.030696509950626238
396,0.030696509950626238
397,0.030696509950626238
398,0.030696509950626238
399,0.030696509950626238
400,0.030696509950626238
401,0.030696509950626238
402,0.030696509950626238
403,0.030696509950626238
404,0.030696509950626238
405,0.030696509950626238
406,0.030696509950626238
407,0.030696509950626238
408,0.030696509950626238
409,0.030696509950626238
410,0.030696509950626238
411,0.030696509950626238
412,0.030696509950626238
413,0.030696509950626238
414,0.030696509950626238
415,0.030696509950626238
416,0.030696509950626238
417,0.030696509950626238
418,0.030696509950626238
419,0.030696509950626238
420,0.030696509950626238
421,0.030696509950626238
422,0.030696509950626238
423,0.030696509950626238
424,0.030696509950626238
425,0.030696509950626238
426,0.030696509950626238
427,0.030696509950626238
428,0.030696509950626238
429,0.030696509950626238
430,0.030696509950626238
431,0.030696509950626238
432,0.030696509950626238
433,0.030696509950626238
434,0.030696509950626238
435,0.030696509950626238
436,0.030696509950626238
437,0.030696509950626238
438,0.030696509950626238
439,0.030696509950626238
440,0.030696509950626238
441,0.030696509950626238
442,0.030696509950626238
443,0.030696509950626238
444,0.030696509950626238
445,0.030696509950626238
446,0.030696509950626238
447,0.030696509950626238
448,0.030696509950626238
449,0.030696509950626238
450,0.030696509950626238
451,0.030696509950626238
452,0.030696509950626238
453,0.030696509950626238
454,0.030696509950626238
455,0.030696509950626238
456,0.030696509950626238
457,0.030696509950626238
458,0.030696509950626238
459,0.030696509950626238
460,0.030696509950626238
461,0.030696509950626238
462,0.030696509950626238
463,0.030696509950626238
464,0.030696509950626238
465,0.030696509950626238
466,0.030696509950626238
467,0.030696509950626238
468,0.030696509950626238
469,0.030696509950626238
470,0.030696509950626238
471,0.030696509950626238
472,0.030696509950626238
473,0.030696509950626238
474,0.030696509950626238
475,0.030696509950626238
476,0.030696509950626238
477,0.030696509950626238
478,0.030696509950626238
479,0.030696509950626238
480,0.030696509950626238
481,0.030696509950626238
482,0.030696509950626238
483,0.030696509950626238
484,0.030696509950626238
485,0.030696509950626238
486,0.030696509950626238
487,0.030696509950626238
488,0.030696509950626238
489,0.030696509950626238
490,0.030696509950626238
491,0.030696509950626238
492,0.030696509950626238
493,0.030696509950626238
494,0.030696509950626238
495,0.030696509950626238
496,0.030696509950626238
497,0.030696509950626238
498,0.030696509950626238
499,0.030696509950626238
500,0.030696509950626238
501,0.030696509950626238
502,0.030696509950626238
503,0.030696509950626238
504,0.030696509950626238
505,0.030696509950626238
506,0.030696509950626238
507,0.030696509950626238
508,0.030696509950626238
509,0.030696509950626238
510,0.030696509950626238
511,0.030696509950626238
512,0.030696509950626238
513,0.030696509950626238
514,0.030696509950626238
515,0.030696509950626238
516,0.030696509950626238
517,0.030696509950626238
518,0.030696509950626238
519,0.030696509950626238
520,0.030696509950626238
521,0.030696509950626238
522,0.030696509950626238
523,0.030696509950626238
524,0.030696509950626238
525,0.030696509950626238
526,0.030696509950626238
527,0.030696509950626238
528,0.030696509950626238
529,0.030696509950626238
530,0.030696509950626238
531,0.030696509950626238
532,0.030696509950626238
533,0.030696509950626238
534,0.030696509950626238
535,0.030696509950626238
536,0.030696509950626238
537,0.030696509950626238
538,0.030696509950626238
539,0.030696509950626238
540,0.030696509950626238
541,0.030696509950626238
542,0.030696509950626238
543,0.030696509950626238
544,0.030696509950626238
545,0.030696509950626238
546,0.030696509950626238
547,0.030696509950626238
548,0.030696509950626238
549,0.030696509950626238
550,0.030696509950626238
551,0.030696509950626238
552,0.030696509950626238
553,0.030696509950626238
554,0.030696509950626238
555,0.030696509950626238
556,0.030696509950626238
557,0.030696509950626238
558,0.030696509950626238
559,0.030696509950626238
560,0.030696509950626238
561,0.030696509950626238
562,0.030696509950626238
563,0.030696509950626238
564,0.030696509950626238
565,0.030696509950626238
566,0.030696509950626238
567,0.030696509950626238
568,0.030696509950626238
569,0.030696509950626238
570,0.030696509950626238
571,0.030696509950626238
572,0.030696509950626238
573,0.030696509950626238
574,0.030696509950626238
575,0.030696509950626238
576,0.030696509950626238
577,0.030696509950626238
578,0.030696509950626238
579,0.030696509950626238
580,0.030696509950626238
581,0.030696509950626238
582,0.030696509950626238
583,0.030696509950626238
584,0.030696509950626238
585,0.030696509950626238
586,0.030696509950626238
587,0.030696509950626238
588,0.030696509950626238
589,0.030696509950626238
590,0.030696509950626238
591,0.030696509950626238
592,0.030696509950626238
593,0.030696509950626238
594,0.030696509950626238
595,0.030696509950626238
596,0.030696509950626238
597,0.030696509950626238
598,0.030696509950626238
599,0.030696509950626238
600,0.030696509950626238
601,0.030696509950626238
602,0.030696509950626238
603,0.030696509950626238
604,0.030696509950626238
605,0.030696509950626238
606,0.030696509950626238
607,0.030696509950626238
608,0.030696509950626238
609,0.030696509950626238
610,0.030696509950626238
611,0.030696509950626238
612,0.030696509950626238
613,0.030696509950626238
614,0.030696509950626238
615,0.030696509950626238
616,0.030696509950626238
617,0.030696509950626238
618,0.030696509950626238
619,0.030696509950626238
620,0.030696509950626238
621,0.030696509950626238
622,0.030696509950626238
623,0.030696509950626238
624,0.030696509950626238
625,0.030696509950626238
626,0.030696509950626238
627,0.030696509950626238
628,0.030696509950626238
629,0.030696509950626238
630,0.030696509950626238
631,0.030696509950626238
632,0.030696509950626238
633,0.030696509950626238
634,0.030696509950626238
635,0.030696509950626238
636,0.030696509950626238
637,0.030696509950626238
638,0.030696509950626238
639,0.030696509950626238
640,0.030696509950626238
641,0.030696509950626238
642,0.030696509950626238
643,0.030696509950626238
644,0.030696509950626238
645,0.030696509950626238
646,0.030696509950626238
647,0.030696509950626238
648,0.030696509950626238
649,0.030696509950626238
650,0.030696509950626238
651,0.030696509950626238
652,0.030696509950626238
653,0.030696509950626238
654,0.030696509950626238
655,0.030696509950626238
656,0.030696509950626238
657,0.030696509950626238
658,0.030696509950626238
659,0.030696509950626238
660,0.030696509950626238
661,0.030696509950626238
662,0.030696509950626238
663,0.030696509950626238
664,0.030696509950626238
665,0.030696509950626238
666,0.030696509950626238
667,0.030696509950626238
668,0.030696509950626238
669,0.030696509950626238
670,0.030696509950626238
671,0.030696509950626238
672,0.030696509950626238
673,0.030696509950626238
674,0.030696509950626238
675,0.030696509950626238
676,0.030696509950626238
677,0.030696509950626238
678,0.030696509950626238
679,0.030696509950626238
680,0.030696509950626238
681,0.030696509950626238
682,0.030696509950626238
683,0.030696509950626238
684,0.030696509950626238
685,0.030696509950626238
686,0.030696509950626238
687,0.030696509950626238
688,0.030696509950626238
689,0.030696509950626238
690,0.030696509950626238
691,0.030696509950626238
692,0.030696509950626238
693,0.030696509950626238
694,0.030696509950626238
695,0.030696509950626238
696,0.030696509950626238
697,0.030696509950626238
698,0.030696509950626238
699,0.030696509950626238
700,0.030696509950626238
701,0.030696509950626238
702,0.030696509950626238
703,0.030696509950626238
704,0.030696509950626238
705,0.030696509950626238
706,0.030696509950626238
707,0.030696509950626238
708,0.030696509950626238
709,0.030696509950626238
710,0.030696509950626238
711,0.030696509950626238
712,0.030696509950626238
713,0.030696509950626238
714,0.030696509950626238
715,0.030696509950626238
716,0.030696509950626238
717,0.030696509950626238
718,0.030696509950626238
719,0.030696509950626238
720,0.030696509950626238
721,0.030696509950626238
722,0.030696509950626238
723,0.030696509950626238
724,0.030696509950626238
725,0.030696509950626238
726,0.030696509950626238
727,0.030696509950626238
728,0.030696509950626238
729,0.030696509950626238
730,0.030696509950626238
731,0.030696509950626238
732,0.030696509950626238
733,0.030696509950626238
734,0.030696509950626238
735,0.030696509950626238
736,0.030696509950626238
737,0.030696509950626238
738,0.030696509950626238
739,0.030696509950626238
740,0.030696509950626238
741,0.030696509950626238
742,0.030696509950626238
743,0.030696509950626238
744,0.030696509950626238
745,0.030696509950626238
746,0.030696509950626238
747,0.030696509950626238
748,0.030696509950626238
749,0.030696509950626238
750,0.030696509950626238
751,0.030696509950626238
752,0.030696509950626238
753,0.030696509950626238
754,0.030696509950626238
755,0.030696509950626238
756,0.030696509950626238
757,0.030696509950626238
758,0.030696509950626238
759,0.030696509950626238
760,0.030696509950626238
761,0.030696509950626238
762,0.030696509950626238
763,0.030696509950626238
764,0.030696509950626238
765,0.030696509950626238
766,0.030696509950626238
767,0.030696509950626238
768,0.030696509950626238
769,0.030696509950626238
770,0.030696509950626238
771,0.030696509950626238
772,0.030696509950626238
773,0.030696509950626238
774,0.030696509950626238
775,0.030696509950626238
776,0.030696509950626238
777,0.030696509950626238
778,0.030696509950626238
779,0.030696509950626238
780,0.030696509950626238
781,0.030696509950626238
782,0.030696509950626238
783,0.030696509950626238
784,0.030696509950626238
785,0.030696509950626238
786,0.030696509950626238
787,0.030696509950626238
788,0.030696509950626238
789,0.030696509950626238
790,0.030696509950626238
791,0.030696509950626238
792,0.030696509950626238
793,0.030696509950626238
794,0.030696509950626238
795,0.030696509950626238
796,0.030696509950626238
797,0.030696509950626238
798,0.030696509950626238
799,0.030696509950626238
800,0.030696509950626238
801,0.030696509950626238
802,0.030696509950626238
803,0.030696509950626238
804,0.030696509950626238
805,0.030696509950626238
806,0.030696509950626238
807,0.030696509950626238
808,0.030696509950626238
809,0.030696509950626238
810,0.030696509950626238
811,0.030696509950626238
812,0.030696509950626238
813,0.030696509950626238
814,0.030696509950626238
815,0.030696509950626238
816,0.030696509950626238
817,0.030696509950626238
818,0.030696509950626238
819,0.030696509950626238
820,0.030696509950626238
821,0.030696509950626238
822,0.030696509950626238
823,0.030696509950626238
824,0.030696509950626238
825,0.030696509950626238
826,0.030696509950626238
827,0.030696509950626238
828,0.030696509950626238
829,0.030696509950626238
830,0.030696509950626238
831,0.030696509950626238
832,0.030696509950626238
833,0.030696509950626238
834,0.030696509950626238
835,0.030696509950626238
836,0.030696509950626238
837,0.030696509950626238
838,0.030696509950626238
839,0.030696509950626238
840,0.030696509950626238
841,0.030696509950626238
842,0.030696509950626238
843,0.030696509950626238
844,0.030696509950626238
845,0.030696509950626238
846,0.030696509950626238
847,0.030696509950626238
848,0.030696509950626238
849,0.030696509950626238
850,0.030696509950626238
851,0.030696509950626238
852,0.030696509950626238
853,0.030696509950626238
854,0.030696509950626238
855,0.030696509950626238
856,0.030696509950626238
857,0.030696509950626238
858,0.030696509950626238
859,0.030696509950626238
860,0.030696509950626238
861,0.030696509950626238
862,0.030696509950626238
863,0.030696509950626238
864,0.030696509950626238
865,0.030696509950626238
866,0.030696509950626238
867,0.030696509950626238
868,0.030696509950626238
869,0.030696509950626238
870,0.030696509950626238
871,0.030696509950626238
872,0.030696509950626238
873,0.030696509950626238
874,0.030696509950626238
875,0.030696509950626238
876,0.030696509950626238
877,0.030696509950626238
878,0.030696509950626238
879,0.030696509950626238
880,0.030696509950626238
881,0.030696509950626238
882,0.030696509950626238
883,0.030696509950626238
884,0.030696509950626238
885,0.030696509950626238
886,0.030696509950626238
887,0.030696509950626238
888,0.030696509950626238
889,0.030696509950626238
890,0.030696509950626238
891,0.030696509950626238
892,0.030696509950626238
893,0.030696509950626238
894,0.030696509950626238
895,0.030696509950626238
896,0.030696509950626238
897,0.030696509950626238
898,0.030696509950626238
899,0.030696509950626238
900,0.030696509950626238
901,0.030696509950626238
902,0.030696509950626238
903,0.030696509950626238
904,0.030696509950626238
905,0.030696509950626238
906,0.030696509950626238
907,0.030696509950626238
908,0.030696509950626238
909,0.030696509950626238
910,0.030696509950626238
911,0.030696509950626238
912,0.030696509950626238
913,0.030696509950626238
914,0.030696509950626238
915,0.030696509950626238
916,0.030696509950626238
917,0.030696509950626238
918,0.030696509950626238
919,0.030696509950626238
920,0.030696509950626238
921,0.030696509950626238
922,0.030696509950626238
923,0.030696509950626238
924,0.030696509950626238
925,0.030696509950626238
926,0.030696509950626238
927,0.030696509950626238
928,0.030696509950626238
929,0.030696509950626238
930,0.030696509950626238
931,0.030696509950626238
932,0.030696509950626238
933,0.030696509950626238
934,0.030696509950626238
935,0.030696509950626238
936,0.030696509950626238
937,0.030696509950626238
938,0.030696509950626238
939,0.030696509950626238
940,0.030696509950626238
941,0.030696509950626238
942,0.030696509950626238
943,0.030696509950626238
944,0.030696509950626238
945,0.030696509950626238
946,0.030696509950626238
947,0.030696509950626238
948,0.030696509950626238
949,0.030696509950626238
950,0.030696509950626238
951,0.030696509950626238
952,0.030696509950626238
953,0.030696509950626238
954,0.030696509950626238
955,0.030696509950626238
956,0.030696509950626238
957,0.030696509950626238
958,0.030696509950626238
959,0.030696509950626238
960,0.030696509950626238
961,0.030696509950626238
962,0.030696509950626238
963,0.030696509950626238
964,0.030696509950626238
965,0.030696509950626238
966,0.030696509950626238
967,0.030696509950626238
968,0.030696509950626238
969,0.030696509950626238
970,0.030696509950626238
971,0.030696509950626238
972,0.030696509950626238
973,0.030696509950626238
974,0.030696509950626238
975,0.030696509950626238
976,0.030696509950626238
977,0.030696509950626238
978,0.030696509950626238
979,0.030696509950626238
980,0.030696509950626238
981,0.030696509950626238
982,0.030696509950626238
983,0.030696509950626238
984,0.030696509950626238
985,0.030696509950626238
986,0.030696509950626238
987,0.030696509950626238
988,0.030696509950626238
989,0.030696509950626238
990,0.030696509950626238
991,0.030696509950626238
992,0.030696509950626238
993,0.030696509950626238
994,0.030696509950626238
995,0.030696509950626238
996,0.030696509950626238
997,0.030696509950626238
998,0.030696509950626238
999,0.030696509950626238
1000,0.030696509950626238
1001,0.030696509950626238
1002,0.030696509950626238
1003,0.030696509950626238
1004,0.030696509950626238
1005,0.030696509950626238
1006,0.030696509950626238
1007,0.030696509950626238
1008,0.030696509950626238
1009,0.030696509950626238
1010,0.030696509950626238
1011,0.030696509950626238
1012,0.030696509950626238
1013,0.030696509950626238
1014,0.030696509950626238
1015,0.030696509950626238
1016,0.030696509950626238
1017,0.030696509950626238
1018,0.030696509950626238
1019,0.030696509950626238
1020,0.030696509950626238
1021,0.030696509950626238
1022,0.030696509950626238
1023,0.030696509950626238
1024,0.030696509950626238
1025,0.030696509950626238
1026,0.030696509950626238
1027,0.030696509950626238
1028,0.030696509950626238
1029,0.030696509950626238
1030,0.030696509950626238
1031,0.030696509950626238
1032,0.030696509950626238
1033,0.030696509950626238
1034,0.030696509950626238
1035,0.030696509950626238
1036,0.030696509950626238
1037,0.030696509950626238
1038,0.030696509950626238
1039,0.030696509950626238
1040,0.030696509950626238
1041,0.030696509950626238
1042,0.030696509950626238
1043,0.030696509950626238
1044,0.030696509950626238
1045,0.030696509950626238
1046,0.030696509950626238
1047,0.030696509950626238
1048,0.030696509950626238
1049,0.030696509950626238
1050,0.030696509950626238
1051,0.030696509950626238
1052,0.030696509950626238
1053,0.030696509950626238
1054,0.030696509950626238
1055,0.030696509950626238
1056,0.030696509950626238
1057,0.030696509950626238
1058,0.030696509950626238
1059,0.030696509950626238
1060,0.030696509950626238
1061,0.030696509950626238
1062,0.030696509950626238
1063,0.030696509950626238
1064,0.030696509950626238
1065,0.030696509950626238
1066,0.030696509950626238
1067,0.030696509950626238
1068,0.030696509950626238
1069,0.030696509950626238
1070,0.030696509950626238
1071,0.030696509950626238
1072,0.030696509950626238
1073,0.030696509950626238
1074,0.030696509950626238
1075,0.030696509950626238
1076,0.030696509950626238
1077,0.030696509950626238
1078,0.030696509950626238
1079,0.030696509950626238
1080,0.030696509950626238
1081,0.030696509950626238
1082,0.030696509950626238
1083,0.030696509950626238
1084,0.030696509950626238
1085,0.030696509950626238
1086,0.030696509950626238
1087,0.030696509950626238
1088,0.030696509950626238
1089,0.030696509950626238
1090,0.030696509950626238
1091,0.030696509950626238
1092,0.030696509950626238
1093,0.030696509950626238
1094,0.030696509950626238
1095,0.030696509950626238
1096,0.030696509950626238
1097,0.030696509950626238
1098,0.030696509950626238
1099,0.030696509950626238
1100,0.030696509950626238
1101,0.030696509950626238
1102,0.030696509950626238
1103,0.030696509950626238
1104,0.030696509950626238
1105,0.030696509950626238
1106,0.030696509950626238
1107,0.030696509950626238
1108,0.030696509950626238
1109,0.030696509950626238
1110,0.030696509950626238
1111,0.030696509950626238
1112,0.030696509950626238
1113,0.030696509950626238
1114,0.030696509950626238
1115,0.030696509950626238
1116,0.030696509950626238
1117,0.030696509950626238
1118,0.030696509950626238
1119,0.030696509950626238
1120,0.030696509950626238
1121,0.030696509950626238
1122,0.030696509950626238
1123,0.030696509950626238
1124,0.030696509950626238
1125,0.030696509950626238
1126,0.030696509950626238
1127,0.030696509950626238
1128,0.030696509950626238
1129,0.030696509950626238
1130,0.030696509950626238
1131,0.030696509950626238
1132,0.030696509950626238
1133,0.030696509950626238
1134,0.030696509950626238
1135,0.030696509950626238
1136,0.030696509950626238
1137,0.030696509950626238
1138,0.030696509950626238
1139,0.030696509950626238
1140,0.030696509950626238
1141,0.030696509950626238
1142,0.030696509950626238
1143,0.030696509950626238
1144,0.030696509950626238
1145,0.030696509950626238
1146,0.030696509950626238
1147,0.030696509950626238
1148,0.030696509950626238
1149,0.030696509950626238
1150,0.030696509950626238
1151,0.030696509950626238
1152,0.030696509950626238
1153,0.030696509950626238
1154,0.030696509950626238
1155,0.030696509950626238
1156,0.030696509950626238
1157,0.030696509950626238
1158,0.030696509950626238
1159,0.030696509950626238
1160,0.030696509950626238
1161,0.030696509950626238
1162,0.030696509950626238
1163,0.030696509950626238
1164,0.030696509950626238
1165,0.030696509950626238
1166,0.030696509950626238
1167,0.030696509950626238
1168,0.030696509950626238
1169,0.030696509950626238
1170,0.030696509950626238
1171,0.030696509950626238
1172,0.030696509950626238
1173,0.030696509950626238
1174,0.030696509950626238
1175,0.030696509950626238
1176,0.030696509950626238
1177,0.030696509950626238
1178,0.030696509950626238
1179,0.030696509950626238
1180,0.030696509950626238
1181,0.030696509950626238
1182,0.030696509950626238
1183,0.030696509950626238
1184,0.030696509950626238
1185,0.030696509950626238
1186,0.030696509950626238
1187,0.030696509950626238
1188,0.030696509950626238
1189,0.030696509950626238
1190,0.030696509950626238
1191,0.030696509950626238
1192,0.030696509950626238
1193,0.030696509950626238
1194,0.030696509950626238
1195,0.030696509950626238
1196,0.030696509950626238
1197,0.030696509950626238
1198,0.030696509950626238
1199,0.030696509950626238
1200,0.030696509950626238
1201,0.030696509950626238
1202,0.030696509950626238
1203,0.030696509950626238
1204,0.030696509950626238
1205,0.030696509950626238
1206,0.030696509950626238
1207,0.030696509950626238
1208,0.030696509950626238
1209,0.030696509950626238
1210,0.030696509950626238
1211,0.030696509950626238
1212,0.030696509950626238
1213,0.030696509950626238
1214,0.030696509950626238
1215,0.030696509950626238
1216,0.030696509950626238
1217,0.030696509950626238
1218,0.030696509950626238
1219,0.030696509950626238
1220,0.030696509950626238
1221,0.030696509950626238
1222,0.030696509950626238
1223,0.030696509950626238
1224,0.030696509950626238
1225,0.030696509950626238
1226,0.030696509950626238
1227,0.030696509950626238
1228,0.030696509950626238
1229,0.030696509950626238
1230,0.030696509950626238
1231,0.030696509950626238
1232,0.030696509950626238
1233,0.030696509950626238
1234,0.030696509950626238
1235,0.030696509950626238
1236,0.030696509950626238
1237,0.030696509950626238
1238,0.030696509950626238
1239,0.030696509950626238
1240,0.030696509950626238
1241,0.030696509950626238
1242,0.030696509950626238
1243,0.030696509950626238
1244,0.030696509950626238
1245,0.030696509950626238
1246,0.030696509950626238
1247,0.030696509950626238
1248,0.030696509950626238
1249,0.030696509950626238
1250,0.030696509950626238
1251,0.030696509950626238
1252,0.030696509950626238
1253,0.030696509950626238
1254,0.030696509950626238
1255,0.030696509950626238
1256,0.030696509950626238
1257,0.030696509950626238
1258,0.030696509950626238
1259,0.030696509950626238
1260,0.030696509950626238
1261,0.030696509950626238
1262,0.030696509950626238
1263,0.030696509950626238
1264,0.030696509950626238
1265,0.030696509950626238
1266,0.030696509950626238
1267,0.030696509950626238
1268,0.030696509950626238
1269,0.030696509950626238
1270,0.030696509950626238
1271,0.030696509950626238
1272,0.030696509950626238
1273,0.030696509950626238
1274,0.030696509950626238
1275,0.030696509950626238
1276,0.030696509950626238
1277,0.030696509950626238
1278,0.030696509950626238
1279,0.030696509950626238
1280,0.030696509950626238
1281,0.030696509950626238
1282,0.030696509950626238
1283,0.030696509950626238
1284,0.030696509950626238
1285,0.030696509950626238
1286,0.030696509950626238
1287,0.030696509950626238
1288,0.030696509950626238
1289,0.030696509950626238
1290,0.030696509950626238
1291,0.030696509950626238
1292,0.030696509950626238
1293,0.030696509950626238
1294,0.030696509950626238
1295,0.030696509950626238
1296,0.030696509950626238
1297,0.030696509950626238
1298,0.030696509950626238
1299,0.030696509950626238
1300,0.030696509950626238
1301,0.030696509950626238
1302,0.030696509950626238
1303,0.030696509950626238
1304,0.030696509950626238
1305,0.030696509950626238
1306,0.030696509950626238
1307,0.030696509950626238
1308,0.030696509950626238
1309,0.030696509950626238
1310,0.030696509950626238
1311,0.030696509950626238
1312,0.030696509950626238
1313,0.030696509950626238
1314,0.030696509950626238
1315,0.030696509950626238
1316,0.030696509950626238
1317,0.030696509950626238
1318,0.030696509950626238
1319,0.030696509950626238
1320,0.030696509950626238
1321,0.030696509950626238
1322,0.030696509950626238
1323,0.030696509950626238
1324,0.030696509950626238
1325,0.030696509950626238
1326,0.030696509950626238
1327,0.030696509950626238
1328,0.030696509950626238
1329,0.030696509950626238
1330,0.030696509950626238
1331,0.030696509950626238
1332,0.030696509950626238
1333,0.030696509950626238
1334,0.030696509950626238
1335,0.030696509950626238
1336,0.030696509950626238
1337,0.030696509950626238
1338,0.030696509950626238
1339,0.030696509950626238
1340,0.030696509950626238
1341,0.030696509950626238
1342,0.030696509950626238
1343,0.030696509950626238
1344,0.030696509950626238
1345,0.030696509950626238
1346,0.030696509950626238
1347,0.030696509950626238
1348,0.030696509950626238
1349,0.030696509950626238
1350,0.030696509950626238
1351,0.030696509950626238
1352,0.030696509950626238
1353,0.030696509950626238
1354,0.030696509950626238
1355,0.030696509950626238
1356,0.030696509950626238
1357,0.030696509950626238
1358,0.030696509950626238
1359,0.030696509950626238
1360,0.030696509950626238
1361,0.030696509950626238
1362,0.030696509950626238
1363,0.030696509950626238
1364,0.030696509950626238
1365,0.030696509950626238
1366,0.030696509950626238
1367,0.030696509950626238
1368,0.030696509950626238
1369,0.030696509950626238
1370,0.030696509950626238
1371,0.030696509950626238
1372,0.030696509950626238
1373,0.030696509950626238
1374,0.030696509950626238
1375,0.030696509950626238
1376,0.030696509950626238
1377,0.030696509950626238
1378,0.030696509950626238
1379,0.030696509950626238
1380,0.030696509950626238
1381,0.030696509950626238
1382,0.030696509950626238
1383,0.030696509950626238
1384,0.030696509950626238
1385,0.030696509950626238
1386,0.030696509950626238
1387,0.030696509950626238
1388,0.030696509950626238
1389,0.030696509950626238
1390,0.030696509950626238
1391,0.030696509950626238
1392,0.030696509950626238
1393,0.030696509950626238
1394,0.030696509950626238
1395,0.030696509950626238
1396,0.030696509950626238
1397,0.030696509950626238
1398,0.030696509950626238
1399,0.030696509950626238
1400,0.030696509950626238
1401,0.030696509950626238
1402,0.030696509950626238
1403,0.030696509950626238
1404,0.030696509950626238
1405,0.030696509950626238
1406,0.030696509950626238
1407,0.030696509950626238
1408,0.030696509950626238
1409,0.030696509950626238
1410,0.030696509950626238
1411,0.030696509950626238
1412,0.030696509950626238
1413,0.030696509950626238
1414,0.030696509950626238
1415,0.030696509950626238
1416,0.030696509950626238
1417,0.030696509950626238
1418,0.030696509950626238
1419,0.030696509950626238
1420,0.030696509950626238
1421,0.030696509950626238
1422,0.030696509950626238
1423,0.030696509950626238
1424,0.030696509950626238
1425,0.030696509950626238
1426,0.030696509950626238
1427,0.030696509950626238
1428,0.030696509950626238
1429,0.030696509950626238
1430,0.030696509950626238
1431,0.030696509950626238
1432,0.030696509950626238
1433,0.030696509950626238
1434,0.030696509950626238
1435,0.030696509950626238
1436,0.030696509950626238
1437,0.030696509950626238
1438,0.030696509950626238
1439,0.030696509950626238
1440,0.030696509950626238
1441,0.030696509950626238
1442,0.030696509950626238
1443,0.030696509950626238
1444,0.030696509950626238
1445,0.030696509950626238
1446,0.030696509950626238
1447,0.030696509950626238
1448,0.030696509950626238
1449,0.030696509950626238
1450,0.030696509950626238
1451,0.030696509950626238
1452,0.030696509950626238
1453,0.030696509950626238
1454,0.030696509950626238
1455,0.030696509950626238
1456,0.030696509950626238
1457,0.030696509950626238
1458,0.030696509950626238
1459,0.030696509950626238
1460,0.030696509950626238
1461,0.030696509950626238
1462,0.030696509950626238
1463,0.030696509950626238
1464,0.030696509950626238
1465,0.030696509950626238
1466,0.030696509950626238
1467,0.030696509950626238
1468,0.030696509950626238
1469,0.030696509950626238
1470,0.030696509950626238
1471,0.030696509950626238
1472,0.030696509950626238
1473,0.030696509950626238
1474,0.030696509950626238
1475,0.030696509950626238
1476,0.030696509950626238
1477,0.030696509950626238
1478,0.030696509950626238
1479,0.030696509950626238
1480,0.030696509950626238
1481,0.030696509950626238
1482,0.030696509950626238
1483,0.030696509950626238
1484,0.030696509950626238
1485,0.030696509950626238
1486,0.030696509950626238
1487,0.030696509950626238
1488,0.030696509950626238
1489,0.030696509950626238
1490,0.030696509950626238
1491,0.030696509950626238
1492,0.030696509950626238
1493,0.030696509950626238
1494,0.030696509950626238
1495,0.030696509950626238
1496,0.030696509950626238
1497,0.030696509950626238
1498,0.030696509950626238
1499,0.030696509950626238
1500,0.030696509950626238
1501,0.030696509950626238
1502,0.030696509950626238
1503,0.030696509950626238
1504,0.030696509950626238
1505,0.030696509950626238
1506,0.030696509950626238
1507,0.030696509950626238
1508,0.030696509950626238
1509,0.030696509950626238
1510,0.030696509950626238
1511,0.030696509950626238
1512,0.030696509950626238
1513,0.030696509950626238
1514,0.030696509950626238
1515,0.030696509950626238
1516,0.030696509950626238
1517,0.030696509950626238
1518,0.030696509950626238
1519,0.030696509950626238
1520,0.030696509950626238
1521,0.030696509950626238
1522,0.030696509950626238
1523,0.030696509950626238
1524,0.030696509950626238
1525,0.030696509950626238
1526,0.030696509950626238
1527,0.030696509950626238
1528,0.030696509950626238
1529,0.030696509950626238
1530,0.030696509950626238
1531,0.030696509950626238
1532,0.030696509950626238
1533,0.030696509950626238
1534,0.030696509950626238
1535,0.030696509950626238
1536,0.030696509950626238
1537,0.030696509950626238
1538,0.030696509950626238
1539,0.030696509950626238
1540,0.030696509950626238
1541,0.030696509950626238
1542,0.030696509950626238
1543,0.030696509950626238
1544,0.030696509950626238
1545,0.030696509950626238
1546,0.030696509950626238
1547,0.030696509950626238
1548,0.030696509950626238
1549,0.030696509950626238
1550,0.030696509950626238
1551,0.030696509950626238
1552,0.030696509950626238
1553,0.030696509950626238
1554,0.030696509950626238
1555,0.030696509950626238
1556,0.030696509950626238
1557,0.030696509950626238
1558,0.030696509950626238
1559,0.030696509950626238
1560,0.030696509950626238
1561,0.030696509950626238
1562,0.030696509950626238
1563,0.030696509950626238
1564,0.030696509950626238
1565,0.030696509950626238
1566,0.030696509950626238
1567,0.030696509950626238
1568,0.030696509950626238
1569,0.030696509950626238
1570,0.030696509950626238
1571,0.030696509950626238
1572,0.030696509950626238
1573,0.030696509950626238
1574,0.030696509950626238
1575,0.030696509950626238
1576,0.030696509950626238
1577,0.030696509950626238
1578,0.030696509950626238
1579,0.030696509950626238
1580,0.030696509950626238
1581,0.030696509950626238
1582,0.030696509950626238
1583,0.030696509950626238
1584,0.030696509950626238
1585,0.030696509950626238
1586,0.030696509950626238
1587,0.030696509950626238
1588,0.030696509950626238
1589,0.030696509950626238
1590,0.030696509950626238
1591,0.030696509950626238
1592,0.030696509950626238
1593,0.030696509950626238
1594,0.030696509950626238
1595,0.030696509950626238
1596,0.030696509950626238
1597,0.030696509950626238
1598,0.030696509950626238
1599,0.030696509950626238
1600,0.030696509950626238
1601,0.030696509950626238
1602,0.030696509950626238
1603,0.030696509950626238
1604,0.030696509950626238
1605,0.030696509950626238
1606,0.030696509950626238
1607,0.030696509950626238
1608,0.030696509950626238
1609,0.030696509950626238
1610,0.030696509950626238
1611,0.030696509950626238
1612,0.030696509950626238
1613,0.030696509950626238
1614,0.030696509950626238
1615,0.030696509950626238
1616,0.030696509950626238
1617,0.030696509950626238
1618,0.030696509950626238
1619,0.030696509950626238
1620,0.030696509950626238
1621,0.030696509950626238
1622,0.030696509950626238
1623,0.030696509950626238
1624,0.030696509950626238
1625,0.030696509950626238
1626,0.030696509950626238
1627,0.030696509950626238
1628,0.030696509950626238
1629,0.030696509950626238
1630,0.030696509950626238
1631,0.030696509950626238
1632,0.030696509950626238
1633,0.030696509950626238
1634,0.030696509950626238
1635,0.030696509950626238
1636,0.030696509950626238
1637,0.030696509950626238
1638,0.030696509950626238
1639,0.030696509950626238
1640,0.030696509950626238
1641,0.030696509950626238
1642,0.030696509950626238
1643,0.030696509950626238
1644,0.030696509950626238
1645,0.030696509950626238
1646,0.030696509950626238
1647,0.030696509950626238
1648,0.030696509950626238
1649,0.030696509950626238
1650,0.030696509950626238
1651,0.030696509950626238
1652,0.030696509950626238
1653,0.030696509950626238
1654,0.030696509950626238
1655,0.030696509950626238
1656,0.030696509950626238
1657,0.030696509950626238
1658,0.030696509950626238
1659,0.030696509950626238
1660,0.030696509950626238
1661,0.030696509950626238
1662,0.030696509950626238
1663,0.030696509950626238
1664,0.030696509950626238
1665,0.030696509950626238
1666,0.030696509950626238
1667,0.030696509950626238
1668,0.030696509950626238
1669,0.030696509950626238
1670,0.030696509950626238
1671,0.030696509950626238
1672,0.030696509950626238
1673,0.030696509950626238
1674,0.030696509950626238
1675,0.030696509950626238
1676,0.030696509950626238
1677,0.030696509950626238
1678,0.030696509950626238
1679,0.030696509950626238
1680,0.030696509950626238
1681,0.030696509950626238
1682,0.030696509950626238
1683,0.030696509950626238
1684,0.030696509950626238
1685,0.030696509950626238
1686,0.030696509950626238
1687,0.030696509950626238
1688,0.030696509950626238
1689,0.030696509950626238
1690,0.030696509950626238
1691,0.030696509950626238
1692,0.030696509950626238
1693,0.030696509950626238
1694,0.030696509950626238
1695,0.030696509950626238
1696,0.030696509950626238
1697,0.030696509950626238
1698,0.030696509950626238
1699,0.030696509950626238
1700,0.030696509950626238
1701,0.030696509950626238
1702,0.030696509950626238
1703,0.030696509950626238
1704,0.030696509950626238
1705,0.030696509950626238
1706,0.030696509950626238
1707,0.030696509950626238
1708,0.030696509950626238
1709,0.030696509950626238
1710,0.030696509950626238
1711,0.030696509950626238
1712,0.030696509950626238
1713,0.030696509950626238
1714,0.030696509950626238
1715,0.030696509950626238
1716,0.030696509950626238
1717,0.030696509950626238
1718,0.030696509950626238
1719,0.030696509950626238
1720,0.030696509950626238
1721,0.030696509950626238
1722,0.030696509950626238
1723,0.030696509950626238
1724,0.030696509950626238
1725,0.030696509950626238
1726,0.030696509950626238
1727,0.030696509950626238
1728,0.030696509950626238
1729,0.030696509950626238
1730,0.030696509950626238
1731,0.030696509950626238
1732,0.030696509950626238
1733,0.030696509950626238
1734,0.030696509950626238
1735,0.030696509950626238
1736,0.030696509950626238
1737,0.030696509950626238
1738,0.030696509950626238
1739,0.030696509950626238
1740,0.030696509950626238
1741,0.030696509950626238
1742,0.030696509950626238
1743,0.030696509950626238
1744,0.030696509950626238
1745,0.030696509950626238
1746,0.030696509950626238
1747,0.030696509950626238
1748,0.030696509950626238
1749,0.030696509950626238
1750,0.030696509950626238
1751,0.030696509950626238
1752,0.030696509950626238
1753,0.030696509950626238
1754,0.030696509950626238
1755,0.030696509950626238
1756,0.030696509950626238
1757,0.030696509950626238
1758,0.030696509950626238
1759,0.030696509950626238
1760,0.030696509950626238
1761,0.030696509950626238
1762,0.030696509950626238
1763,0.030696509950626238
1764,0.030696509950626238
1765,0.030696509950626238
1766,0.030696509950626238
1767,0.030696509950626238
1768,0.030696509950626238
1769,0.030696509950626238
1770,0.030696509950626238
1771,0.030696509950626238
1772,0.030696509950626238
1773,0.030696509950626238
1774,0.030696509950626238
1775,0.030696509950626238
1776,0.030696509950626238
1777,0.030696509950626238
1778,0.030696509950626238
1779,0.030696509950626238
1780,0.030696509950626238
1781,0.030696509950626238
1782,0.030696509950626238
1783,0.030696509950626238
1784,0.030696509950626238
1785,0.030696509950626238
1786,0.030696509950626238
1787,0.030696509950626238
1788,0.030696509950626238
1789,0.030696509950626238
1790,0.030696509950626238
1791,0.030696509950626238
1792,0.030696509950626238
1793,0.030696509950626238
1794,0.030696509950626238
1795,0.030696509950626238
1796,0.030696509950626238
1797,0.030696509950626238
1798,0.030696509950626238
1799,0.030696509950626238
1800,0.030696509950626238
1801,0.030696509950626238
1802,0.030696509950626238
1803,0.030696509950626238
1804,0.030696509950626238
1805,0.030696509950626238
1806,0.030696509950626238
1807,0.030696509950626238
1808,0.030696509950626238
1809,0.030696509950626238
1810,0.030696509950626238
1811,0.030696509950626238
1812,0.030696509950626238
1813,0.030696509950626238
1814,0.030696509950626238
1815,0.030696509950626238
1816,0.030696509950626238
1817,0.030696509950626238
1818,0.030696509950626238
1819,0.030696509950626238
1820,0.030696509950626238
1821,0.030696509950626238
1822,0.030696509950626238
1823,0.030696509950626238
1824,0.030696509950626238
1825,0.030696509950626238
1826,0.030696509950626238
1827,0.030696509950626238
1828,0.030696509950626238
1829,0.030696509950626238
1830,0.030696509950626238
1831,0.030696509950626238
1832,0.030696509950626238
1833,0.030696509950626238
1834,0.030696509950626238
1835,0.030696509950626238
1836,0.030696509950626238
1837,0.030696509950626238
1838,0.030696509950626238
1839,0.030696509950626238
1840,0.030696509950626238
1841,0.030696509950626238
1842,0.030696509950626238
1843,0.030696509950626238
1844,0.030696509950626238
1845,0.030696509950626238
1846,0.030696509950626238
1847,0.030696509950626238
1848,0.030696509950626238
1849,0.030696509950626238
1850,0.030696509950626238
1851,0.030696509950626238
1852,0.030696509950626238
1853,0.030696509950626238
1854,0.030696509950626238
1855,0.030696509950626238
1856,0.030696509950626238
1857,0.030696509950626238
1858,0.030696509950626238
1859,0.030696509950626238
1860,0.030696509950626238
1861,0.030696509950626238
1862,0.030696509950626238
1863,0.030696509950626238
1864,0.030696509950626238
1865,0.030696509950626238
1866,0.030696509950626238
1867,0.030696509950626238
1868,0.030696509950626238
1869,0.030696509950626238
1870,0.030696509950626238
1871,0.030696509950626238
1872,0.030696509950626238
1873,0.030696509950626238
1874,0.030696509950626238
1875,0.030696509950626238
1876,0.030696509950626238
1877,0.030696509950626238
1878,0.030696509950626238
1879,0.030696509950626238
1880,0.030696509950626238
1881,0.030696509950626238
1882,0.030696509950626238
1883,0.030696509950626238
1884,0.030696509950626238
1885,0.030696509950626238
1886,0.030696509950626238
1887,0.030696509950626238
1888,0.030696509950626238
1889,0.030696509950626238
1890,0.030696509950626238
1891,0.030696509950626238
1892,0.030696509950626238
1893,0.030696509950626238
1894,0.030696509950626238
1895,0.030696509950626238
1896,0.030696509950626238
1897,0.030696509950626238
1898,0.030696509950626238
1899,0.030696509950626238
1900,0.030696509950626238
1901,0.030696509950626238
1902,0.030696509950626238
1903,0.030696509950626238
1904,0.030696509950626238
1905,0.030696509950626238
1906,0.030696509950626238
1907,0.030696509950626238
1908,0.030696509950626238
1909,0.030696509950626238
1910,0.030696509950626238
1911,0.030696509950626238
1912,0.030696509950626238
1913,0.030696509950626238
1914,0.030696509950626238
1915,0.030696509950626238
1916,0.030696509950626238
1917,0.030696509950626238
1918,0.030696509950626238
1919,0.030696509950626238
1920,0.030696509950626238
1921,0.030696509950626238
1922,0.030696509950626238
1923,0.030696509950626238
1924,0.030696509950626238
1925,0.030696509950626238
1926,0.030696509950626238
1927,0.030696509950626238
1928,0.030696509950626238
1929,0.030696509950626238
1930,0.030696509950626238
1931,0.030696509950626238
1932,0.030696509950626238
1933,0.030696509950626238
1934,0.030696509950626238
1935,0.030696509950626238
1936,0.030696509950626238
1937,0.030696509950626238
1938,0.030696509950626238
1939,0.030696509950626238
1940,0.030696509950626238
1941,0.030696509950626238
1942,0.030696509950626238
1943,0.030696509950626238
1944,0.030696509950626238
1945,0.030696509950626238
1946,0.030696509950626238
1947,0.030696509950626238
1948,0.030696509950626238
1949,0.030696509950626238
1950,0.030696509950626238
1951,0.030696509950626238
1952,0.030696509950626238
1953,0.030696509950626238
1954,0.030696509950626238
1955,0.030696509950626238
1956,0.030696509950626238
1957,0.030696509950626238
1958,0.030696509950626238
1959,0.030696509950626238
1960,0.030696509950626238
1961,0.030696509950626238
1962,0.030696509950626238
1963,0.030696509950626238
1964,0.030696509950626238
1965,0.030696509950626238
1966,0.030696509950626238
1967,0.030696509950626238
1968,0.030696509950626238
1969,0.030696509950626238
1970,0.030696509950626238
1971,0.030696509950626238
1972,0.030696509950626238
1973,0.030696509950626238
1974,0.030696509950626238
1975,0.030696509950626238
1976,0.030696509950626238
1977,0.030696509950626238
1978,0.030696509950626238
1979,0.030696509950626238
1980,0.030696509950626238
1981,0.030696509950626238
1982,0.030696509950626238
1983,0.030696509950626238
1984,0.030696509950626238
1985,0.030696509950626238
1986,0.030696509950626238
1987,0.030696509950626238
1988,0.030696509950626238
1989,0.030696509950626238
1990,0.030696509950626238
1991,0.030696509950626238
1992,0.030696509950626238
1993,0.030696509950626238
1994,0.030696509950626238
1995,0.030696509950626238
1996,0.030696509950626238
1997,0.030696509950626238
1998,0.030696509950626238
1999,0.030696509950626238
2000,0.030696509950626238
2001,0.030696509950626238
2002,0.030696509950626238
2003,0.030696509950626238
2004,0.030696509950626238
2005,0.030696509950626238
2006,0.030696509950626238
2007,0.030696509950626238
2008,0.030696509950626238
2009,0.030696509950626238
2010,0.030696509950626238
2011,0.030696509950626238
2012,0.030696509950626238
2013,0.030696509950626238
2014,0.030696509950626238
2015,0.030696509950626238
2016,0.030696509950626238
2017,0.030696509950626238
2018,0.030696509950626238
2019,0.030696509950626238
2020,0.030696509950626238
2021,0.030696509950626238
2022,0.030696509950626238
2023,0.030696509950626238
2024,0.030696509950626238
2025,0.030696509950626238
2026,0.030696509950626238
2027,0.030696509950626238
2028,0.030696509950626238
2029,0.030696509950626238
2030,0.030696509950626238
2031,0.030696509950626238
2032,0.030696509950626238
2033,0.030696509950626238
2034,0.030696509950626238
2035,0.030696509950626238
2036,0.030696509950626238
2037,0.030696509950626238
2038,0.030696509950626238
2039,0.030696509950626238
2040,0.030696509950626238
2041,0.030696509950626238
2042,0.030696509950626238
2043,0.030696509950626238
2044,0.030696509950626238
2045,0.030696509950626238
2046,0.030696509950626238
2047,0.030696509950626238
2048,0.030696509950626238
2049,0.030696509950626238
2050,0.030696509950626238
2051,0.030696509950626238
2052,0.030696509950626238
2053,0.030696509950626238
2054,0.030696509950626238
2055,0.030696509950626238
2056,0.030696509950626238
2057,0.030696509950626238
2058,0.030696509950626238
2059,0.030696509950626238
2060,0.030696509950626238
2061,0.030696509950626238
2062,0.030696509950626238
2063,0.030696509950626238
2064,0.030696509950626238
2065,0.030696509950626238
2066,0.030696509950626238
2067,0.030696509950626238
2068,0.030696509950626238
2069,0.030696509950626238
2070,0.030696509950626238
2071,0.030696509950626238
2072,0.030696509950626238
2073,0.030696509950626238
2074,0.030696509950626238
2075,0.030696509950626238
2076,0.030696509950626238
2077,0.030696509950626238
2078,0.030696509950626238
2079,0.030696509950626238
2080,0.030696509950626238
2081,0.030883527095344913
2082,0.030883527095344913
2083,0.030883527095344913
2084,0.030883527095344913
2085,0.030883527095344913
2086,0.030883527095344913
2087,0.030883527095344913
2088,0.030883527095344913
2089,0.03127937914561154
2090,0.03127937914561154
2091,0.03127937914561154
2092,0.03127937914561154
2093,0.03127937914561154
2094,0.03127937914561154
2095,0.03127937914561154
2096,0.03127937914561154
2097,0.03257925966113567
2098,0.03257925966113567
2099,0.03530244749791698
2100,0.03530244749791698
2101,0.03530244749791698
2102,0.03530244749791698
2103,0.03530244749791698
2104,0.03530244749791698
2105,0.0355560913969678
2106,0.0355560913969678
2107,0.036440968720828415
2108,0.036440968720828415
2109,0.036440968720828415
2110,0.036440968720828415
2111,0.036440968720828415
2112,0.036440968720828415
2113,0.0443340835618389
2114,0.0443340835618389
2115,0.04503539683295045
2116,0.04503539683295045
2117,0.04503539683295045
2118,0.04503539683295045
2119,0.04503539683295045
2120,0.04503539683295045
2121,0.04776899278693013
2122,0.04776899278693013
2123,0.047845886427353525
2124,0.047845886427353525
2125,0.047845886427353525
2126,0.047845886427353525
2127,0.047845886427353525
2128,0.047845886427353525
2129,0.04898526007509731
2130,0.04898526007509731
2131,0.04898526007509731
2132,0.04898526007509731
2133,0.04898526007509731
2134,0.04898526007509731
2135,0.04898526007509731
2136,0.04898526007509731
2137,0.049427188433053715
2138,0.049427188433053715
2139,0.049427188433053715
2140,0.049427188433053715
2141,0.049427188433053715
2142,0.049427188433053715
2143,0.049427188433053715
2144,0.049427188433053715
2145,0.049427188433053715
2146,0.049427188433053715
2147,0.049427188433053715
2148,0.049427188433053715
2149,0.049427188433053715
2150,0.049427188433053715
2151,0.049427188433053715
2152,0.049427188433053715
2153,0.04954137636944778
2154,0.04954137636944778
2155,0.04954137636944778
2156,0.04954137636944778
2157,0.04954137636944778
2158,0.04954137636944778
2159,0.04954137636944778
2160,0.04954137636944778
2161,0.04954137636944778
2162,0.04954137636944778
2163,0.04954137636944778
2164,0.04954137636944778
2165,0.04954137636944778
2166,0.04954137636944778
2167,0.04954137636944778
2168,0.04954137636944778
2169,0.04954137636944778
2170,0.04954137636944778
2171,0.04954137636944778
2172,0.04954137636944778
2173,0.04954137636944778
2174,0.04954137636944778
2175,0.04954137636944778
2176,0.04954137636944778
2177,0.04954137636944778
2178,0.04954137636944778
2179,0.04954137636944778
2180,0.04954137636944778
2181,0.04954137636944778
2182,0.04954137636944778
2183,0.04954137636944778
2184,0.04954137636944778
2185,0.04954137636944778
2186,0.04954137636944778
2187,0.04954137636944778
2188,0.04954137636944778
2189,0.04954137636944778
2190,0.04954137636944778
2191,0.04954137636944778
2192,0.04954137636944778
2193,0.04954137636944778
2194,0.04954137636944778
2195,0.04954137636944778
2196,0.04954137636944778
2197,0.04954137636944778
2198,0.04954137636944778
2199,0.04954137636944778
2200,0.04954137636944778
2201,0.04954137636944778
2202,0.04954137636944778
2203,0.04954137636944778
2204,0.04954137636944778
2205,0.04954137636944778
2206,0.04954137636944778
2207,0.04954137636944778
2208,0.04954137636944778
2209,0.04954137636944778
2210,0.04954137636944778
2211,0.04954137636944778
2212,0.04954137636944778
2213,0.04954137636944778
2214,0.04954137636944778
2215,0.04954137636944778
2216,0.04954137636944778
2217,0.04954137636944778
2218,0.04954137636944778
2219,0.04954137636944778
2220,0.04954137636944778
2221,0.04954137636944778
2222,0.04954137636944778
2223,0.04954137636944778
2224,0.04954137636944778
2225,0.04954137636944778
2226,0.04954137636944778
2227,0.04954137636944778
2228,0.04954137636944778
2229,0.04954137636944778
2230,0.04954137636944778
2231,0.04954137636944778
2232,0.04954137636944778
2233,0.04954137636944778
2234,0.04954137636944778
2235,0.04954137636944778
2236,0.04954137636944778
2237,0.04954137636944778
2238,0.04954137636944778
2239,0.04954137636944778
2240,0.04954137636944778
2241,0.04954137636944778
2242,0.04954137636944778
2243,0.04954137636944778
2244,0.04954137636944778
2245,0.04954137636944778
2246,0.04954137636944778
2247,0.04954137636944778
2248,0.04954137636944778
2249,0.04954137636944778
2250,0.04954137636944778
2251,0.04954137636944778
2252,0.04954137636944778
2253,0.04954137636944778
2254,0.04954137636944778
2255,0.04954137636944778
2256,0.04954137636944778
2257,0.04954137636944778
2258,0.04954137636944778
2259,0.04954137636944778
2260,0.04954137636944778
2261,0.04954137636944778
2262,0.04954137636944778
2263,0.04954137636944778
2264,0.04954137636944778
2265,0.04954137636944778
2266,0.04954137636944778
2267,0.04954137636944778
2268,0.04954137636944778
2269,0.04954137636944778
2270,0.04954137636944778
2271,0.04954137636944778
2272,0.04954137636944778
2273,0.04954137636944778
2274,0.04954137636944778
2275,0.04954137636944778
2276,0.04954137636944778
2277,0.04954137636944778
2278,0.04954137636944778
2279,0.04954137636944778
2280,0.04954137636944778
2281,0.04954137636944778
2282,0.04954137636944778
2283,0.04954137636944778
2284,0.04954137636944778
2285,0.04954137636944778
2286,0.04954137636944778
2287,0.04954137636944778
2288,0.04954137636944778
2289,0.04954137636944778
2290,0.04954137636944778
2291,0.04954137636944778
2292,0.04954137636944778
2293,0.04954137636944778
2294,0.04954137636944778
2295,0.04954137636944778
2296,0.04954137636944778
2297,0.04954137636944778
2298,0.04954137636944778
2299,0.04954137636944778
2300,0.04954137636944778
2301,0.04954137636944778
2302,0.04954137636944778
2303,0.04954137636944778
2304,0.04954137636944778
2305,0.04954137636944778
2306,0.04954137636944778
2307,0.04954137636944778
2308,0.04954137636944778
2309,0.04954137636944778
2310,0.04954137636944778
2311,0.04954137636944778
2312,0.04954137636944778
2313,0.04954137636944778
2314,0.04954137636944778
2315,0.04954137636944778
2316,0.04954137636944778
2317,0.04954137636944778
2318,0.04954137636944778
2319,0.04954137636944778
2320,0.04954137636944778
2321,0.04954137636944778
2322,0.04954137636944778
2323,0.04954137636944778
2324,0.04954137636944778
2325,0.04954137636944778
2326,0.04954137636944778
2327,0.04954137636944778
2328,0.04954137636944778
2329,0.04954137636944778
2330,0.04954137636944778
2331,0.04954137636944778
2332,0.04954137636944778
2333,0.04954137636944778
2334,0.04954137636944778
2335,0.04954137636944778
2336,0.04954137636944778
2337,0.04954137636944778
2338,0.04954137636944778
2339,0.04954137636944778
2340,0.04954137636944778
2341,0.04954137636944778
2342,0.04954137636944778
2343,0.04954137636944778
2344,0.04954137636944778
2345,0.04954137636944778
2346,0.04954137636944778
2347,0.04954137636944778
2348,0.04954137636944778
2349,0.04954137636944778
2350,0.04954137636944778
2351,0.04954137636944778
2352,0.04954137636944778
2353,0.04954137636944778
2354,0.04954137636944778
2355,0.04954137636944778
2356,0.04954137636944778
2357,0.04954137636944778
2358,0.04954137636944778
2359,0.04954137636944778
2360,0.04954137636944778
2361,0.04954137636944778
2362,0.04954137636944778
2363,0.04954137636944778
2364,0.04954137636944778
2365,0.04954137636944778
2366,0.04954137636944778
2367,0.04954137636944778
2368,0.04954137636944778
2369,0.04954137636944778
2370,0.04954137636944778
2371,0.04954137636944778
2372,0.04954137636944778
2373,0.04954137636944778
2374,0.04954137636944778
2375,0.04954137636944778
2376,0.04954137636944778
2377,0.04954137636944778
2378,0.04954137636944778
2379,0.04954137636944778
2380,0.04954137636944778
2381,0.04954137636944778
2382,0.04954137636944778
2383,0.04954137636944778
2384,0.04954137636944778
2385,0.04954137636944778
2386,0.04954137636944778
2387,0.04954137636944778
2388,0.04954137636944778
2389,0.04954137636944778
2390,0.04954137636944778
2391,0.04954137636944778
2392,0.04954137636944778
2393,0.04954137636944778
2394,0.04954137636944778
2395,0.04954137636944778
2396,0.04954137636944778
2397,0.04954137636944778
2398,0.04954137636944778
2399,0.04954137636944778
2400,0.04954137636944778
2401,0.04954137636944778
2402,0.04954137636944778
2403,0.04954137636944778
2404,0.04954137636944778
2405,0.04954137636944778
2406,0.04954137636944778
2407,0.04954137636944778
2408,0.04954137636944778
2409,0.04954137636944778
2410,0.04954137636944778
2411,0.04954137636944778
2412,0.04954137636944778
2413,0.04954137636944778
2414,0.04954137636944778
2415,0.04954137636944778
2416,0.04954137636944778
2417,0.04954137636944778
2418,0.04954137636944778
2419,0.04954137636944778
2420,0.04954137636944778
2421,0.04954137636944778
2422,0.04954137636944778
2423,0.04954137636944778
2424,0.04954137636944778
2425,0.04954137636944778
2426,0.04954137636944778
2427,0.04954137636944778
2428,0.04954137636944778
2429,0.04954137636944778
2430,0.04954137636944778
2431,0.04954137636944778
2432,0.04954137636944778
2433,0.04954137636944778
2434,0.04954137636944778
2435,0.04954137636944778
2436,0.04954137636944778
2437,0.04954137636944778
2438,0.04954137636944778
2439,0.04954137636944778
2440,0.04954137636944778
2441,0.04954137636944778
2442,0.04954137636944778
2443,0.04954137636944778
2444,0.04954137636944778
2445,0.04954137636944778
2446,0.04954137636944778
2447,0.04954137636944778
2448,0.04954137636944778
2449,0.04954137636944778
2450,0.04954137636944778
2451,0.04954137636944778
2452,0.04954137636944778
2453,0.04954137636944778
2454,0.04954137636944778
2455,0.04954137636944778
2456,0.04954137636944778
2457,0.04954137636944778
2458,0.04954137636944778
2459,0.04954137636944778
2460,0.04954137636944778
2461,0.04954137636944778
2462,0.04954137636944778
2463,0.04954137636944778
2464,0.04954137636944778
2465,0.04954137636944778
2466,0.04954137636944778
2467,0.04954137636944778
2468,0.04954137636944778
2469,0.04954137636944778
2470,0.04954137636944778
2471,0.04954137636944778
2472,0.04954137636944778
2473,0.04954137636944778
2474,0.04954137636944778
2475,0.04954137636944778
2476,0.04954137636944778
2477,0.04954137636944778
2478,0.04954137636944778
2479,0.04954137636944778
2480,0.04954137636944778
2481,0.04954137636944778
2482,0.04954137636944778
2483,0.04954137636944778
2484,0.04954137636944778
2485,0.04954137636944778
2486,0.04954137636944778
2487,0.04954137636944778
2488,0.04954137636944778
2489,0.04954137636944778
2490,0.04954137636944778
2491,0.04954137636944778
2492,0.04954137636944778
2493,0.04954137636944778
2494,0.04954137636944778
2495,0.04954137636944778
2496,0.04954137636944778
2497,0.04954137636944778
2498,0.04954137636944778
2499,0.04954137636944778
2500,0.04954137636944778
2501,0.04954137636944778
2502,0.04954137636944778
2503,0.04954137636944778
2504,0.04954137636944778
2505,0.04954137636944778
2506,0.04954137636944778
2507,0.04954137636944778
2508,0.04954137636944778
2509,0.04954137636944778
2510,0.04954137636944778
2511,0.04954137636944778
2512,0.04954137636944778
2513,0.04954137636944778
2514,0.04954137636944778
2515,0.04954137636944778
2516,0.04954137636944778
2517,0.04954137636944778
2518,0.04954137636944778
2519,0.04954137636944778
2520,0.04954137636944778
2521,0.04954137636944778
2522,0.04954137636944778
2523,0.04954137636944778
2524,0.04954137636944778
2525,0.04954137636944778
2526,0.04954137636944778
2527,0.04954137636944778
2528,0.04954137636944778
2529,0.04954137636944778
2530,0.04954137636944778
2531,0.04954137636944778
2532,0.04954137636944778
2533,0.04954137636944778
2534,0.04954137636944778
2535,0.04954137636944778
2536,0.04954137636944778
2537,0.04954137636944778
2538,0.04954137636944778
2539,0.04954137636944778
2540,0.04954137636944778
2541,0.04954137636944778
2542,0.04954137636944778
2543,0.04954137636944778
2544,0.04954137636944778
2545,0.04954137636944778
2546,0.04954137636944778
2547,0.04954137636944778
2548,0.04954137636944778
2549,0.04954137636944778
2550,0.04954137636944778
2551,0.04954137636944778
2552,0.04954137636944778
2553,0.04954137636944778
2554,0.04954137636944778
2555,0.04954137636944778
2556,0.04954137636944778
2557,0.04954137636944778
2558,0.04954137636944778
2559,0.04954137636944778
2560,0.04954137636944778
2561,0.04954137636944778
2562,0.04954137636944778
2563,0.04954137636944778
2564,0.04954137636944778
2565,0.04954137636944778
2566,0.04954137636944778
2567,0.04954137636944778
2568,0.04954137636944778
2569,0.04954137636944778
2570,0.04954137636944778
2571,0.04954137636944778
2572,0.04954137636944778
2573,0.04954137636944778
2574,0.04954137636944778
2575,0.04954137636944778
2576,0.04954137636944778
2577,0.04954137636944778
2578,0.04954137636944778
2579,0.04954137636944778
2580,0.04954137636944778
2581,0.04954137636944778
2582,0.04954137636944778
2583,0.04954137636944778
2584,0.04954137636944778
2585,0.04954137636944778
2586,0.04954137636944778
2587,0.04954137636944778
2588,0.04954137636944778
2589,0.04954137636944778
2590,0.04954137636944778
2591,0.04954137636944778
2592,0.04954137636944778
2593,0.04954137636944778
2594,0.04954137636944778
2595,0.04954137636944778
2596,0.04954137636944778
2597,0.04954137636944778
2598,0.04954137636944778
2599,0.04954137636944778
2600,0.04954137636944778
2601,0.04954137636944778
2602,0.04954137636944778
2603,0.04954137636944778
2604,0.04954137636944778
2605,0.04954137636944778
2606,0.04954137636944778
2607,0.04954137636944778
2608,0.04954137636944778
2609,0.04954137636944778
2610,0.04954137636944778
2611,0.04954137636944778
2612,0.04954137636944778
2613,0.04954137636944778
2614,0.04954137636944778
2615,0.04954137636944778
2616,0.04954137636944778
2617,0.04954137636944778
2618,0.04954137636944778
2619,0.04954137636944778
2620,0.04954137636944778
2621,0.04954137636944778
2622,0.04954137636944778
2623,0.04954137636944778
2624,0.04954137636944778
2625,0.04954137636944778
2626,0.04954137636944778
2627,0.04954137636944778
2628,0.04954137636944778
2629,0.04954137636944778
2630,0.04954137636944778
2631,0.04954137636944778
2632,0.04954137636944778
2633,0.04954137636944778
2634,0.04954137636944778
2635,0.04954137636944778
2636,0.04954137636944778
2637,0.04954137636944778
2638,0.04954137636944778
2639,0.04954137636944778
2640,0.04954137636944778
2641,0.04954137636944778
2642,0.04954137636944778
2643,0.04954137636944778
2644,0.04954137636944778
2645,0.04954137636944778
2646,0.04954137636944778
2647,0.04954137636944778
2648,0.04954137636944778
2649,0.04954137636944778
2650,0.04954137636944778
2651,0.04954137636944778
2652,0.04954137636944778
2653,0.04954137636944778
2654,0.04954137636944778
2655,0.04954137636944778
2656,0.04954137636944778
2657,0.04954137636944778
2658,0.04954137636944778
2659,0.04954137636944778
2660,0.04954137636944778
2661,0.04954137636944778
2662,0.04954137636944778
2663,0.04954137636944778
2664,0.04954137636944778
2665,0.04954137636944778
2666,0.04954137636944778
2667,0.04954137636944778
2668,0.04954137636944778
2669,0.04954137636944778
2670,0.04954137636944778
2671,0.04954137636944778
2672,0.04954137636944778
2673,0.04954137636944778
2674,0.04954137636944778
2675,0.04954137636944778
2676,0.04954137636944778
2677,0.04954137636944778
2678,0.04954137636944778
2679,0.04954137636944778
2680,0.04954137636944778
2681,0.04954137636944778
2682,0.04954137636944778
2683,0.04954137636944778
2684,0.04954137636944778
2685,0.04954137636944778
2686,0.04954137636944778
2687,0.04954137636944778
2688,0.04954137636944778
2689,0.04954137636944778
2690,0.04954137636944778
2691,0.04954137636944778
2692,0.04954137636944778
2693,0.04954137636944778
2694,0.04954137636944778
2695,0.04954137636944778
2696,0.04954137636944778
2697,0.04954137636944778
2698,0.04954137636944778
2699,0.04954137636944778
2700,0.04954137636944778
2701,0.04954137636944778
2702,0.04954137636944778
2703,0.04954137636944778
2704,0.04954137636944778
2705,0.04954137636944778
2706,0.04954137636944778
2707,0.04954137636944778
2708,0.04954137636944778
2709,0.04954137636944778
2710,0.04954137636944778
2711,0.04954137636944778
2712,0.04954137636944778
2713,0.04954137636944778
2714,0.04954137636944778
2715,0.04954137636944778
2716,0.04954137636944778
2717,0.04954137636944778
2718,0.04954137636944778
2719,0.04954137636944778
2720,0.04954137636944778
2721,0.04954137636944778
2722,0.04954137636944778
2723,0.04954137636944778
2724,0.04954137636944778
2725,0.04954137636944778
2726,0.04954137636944778
2727,0.04954137636944778
2728,0.04954137636944778
2729,0.04954137636944778
2730,0.04954137636944778
2731,0.04954137636944778
2732,0.04954137636944778
2733,0.04954137636944778
2734,0.04954137636944778
2735,0.04954137636944778
2736,0.04954137636944778
2737,0.04954137636944778
2738,0.04954137636944778
2739,0.04954137636944778
2740,0.04954137636944778
2741,0.04954137636944778
2742,0.04954137636944778
2743,0.04954137636944778
2744,0.04954137636944778
2745,0.04954137636944778
2746,0.04954137636944778
2747,0.04954137636944778
2748,0.04954137636944778
2749,0.04954137636944778
2750,0.04954137636944778
2751,0.04954137636944778
2752,0.04954137636944778
2753,0.04954137636944778
2754,0.04954137636944778
2755,0.04954137636944778
2756,0.04954137636944778
2757,0.04954137636944778
2758,0.04954137636944778
2759,0.04954137636944778
2760,0.04954137636944778
2761,0.04954137636944778
2762,0.04954137636944778
2763,0.04954137636944778
2764,0.04954137636944778
2765,0.04954137636944778
2766,0.04954137636944778
2767,0.04954137636944778
2768,0.04954137636944778
2769,0.04954137636944778
2770,0.04954137636944778
2771,0.04954137636944778
2772,0.04954137636944778
2773,0.04954137636944778
2774,0.04954137636944778
2775,0.04954137636944778
2776,0.04954137636944778
2777,0.04954137636944778
2778,0.04954137636944778
2779,0.04954137636944778
2780,0.04954137636944778
2781,0.04954137636944778
2782,0.04954137636944778
2783,0.04954137636944778
2784,0.04954137636944778
2785,0.04954137636944778
2786,0.04954137636944778
2787,0.04954137636944778
2788,0.04954137636944778
2789,0.04954137636944778
2790,0.04954137636944778
2791,0.04954137636944778
2792,0.04954137636944778
2793,0.04954137636944778
2794,0.04954137636944778
2795,0.04954137636944778
2796,0.04954137636944778
2797,0.04954137636944778
2798,0.04954137636944778
2799,0.04954137636944778
2800,0.04954137636944778
2801,0.04954137636944778
2802,0.04954137636944778
2803,0.04954137636944778
2804,0.04954137636944778
2805,0.04954137636944778
2806,0.04954137636944778
2807,0.04954137636944778
2808,0.04954137636944778
2809,0.04954137636944778
2810,0.04954137636944778
2811,0.04954137636944778
2812,0.04954137636944778
2813,0.04954137636944778
2814,0.04954137636944778
2815,0.04954137636944778
2816,0.04954137636944778
2817,0.04954137636944778
2818,0.04954137636944778
2819,0.04954137636944778
2820,0.04954137636944778
2821,0.04954137636944778
2822,0.04954137636944778
2823,0.04954137636944778
2824,0.04954137636944778
2825,0.04954137636944778
2826,0.04954137636944778
2827,0.04954137636944778
2828,0.04954137636944778
2829,0.04954137636944778
2830,0.04954137636944778
2831,0.04954137636944778
2832,0.04954137636944778
2833,0.04954137636944778
2834,0.04954137636944778
2835,0.04954137636944778
2836,0.04954137636944778
2837,0.04954137636944778
2838,0.04954137636944778
2839,0.04954137636944778
2840,0.04954137636944778
2841,0.04954137636944778
2842,0.04954137636944778
2843,0.04954137636944778
2844,0.04954137636944778
2845,0.04954137636944778
2846,0.04954137636944778
2847,0.04954137636944778
2848,0.04954137636944778
2849,0.04954137636944778
2850,0.04954137636944778
2851,0.04954137636944778
2852,0.04954137636944778
2853,0.04954137636944778
2854,0.04954137636944778
2855,0.04954137636944778
2856,0.04954137636944778
2857,0.04954137636944778
2858,0.04954137636944778
2859,0.04954137636944778
2860,0.04954137636944778
2861,0.04954137636944778
2862,0.04954137636944778
2863,0.04954137636944778
2864,0.04954137636944778
2865,0.04954137636944778
2866,0.04954137636944778
2867,0.04954137636944778
2868,0.04954137636944778
2869,0.04954137636944778
2870,0.04954137636944778
2871,0.04954137636944778
2872,0.04954137636944778
2873,0.04954137636944778
2874,0.04954137636944778
2875,0.04954137636944778
2876,0.04954137636944778
2877,0.04954137636944778
2878,0.04954137636944778
2879,0.04954137636944778
2880,0.04954137636944778
2881,0.04954137636944778
2882,0.04954137636944778
2883,0.04954137636944778
2884,0.04954137636944778
2885,0.04954137636944778
2886,0.04954137636944778
2887,0.04954137636944778
2888,0.04954137636944778
2889,0.04954137636944778
2890,0.04954137636944778
2891,0.04954137636944778
2892,0.04954137636944778
2893,0.04954137636944778
2894,0.04954137636944778
2895,0.04954137636944778
2896,0.04954137636944778
2897,0.04954137636944778
2898,0.04954137636944778
2899,0.04954137636944778
2900,0.04954137636944778
2901,0.04954137636944778
2902,0.04954137636944778
2903,0.04954137636944778
2904,0.04954137636944778
2905,0.04954137636944778
2906,0.04954137636944778
2907,0.04954137636944778
2908,0.04954137636944778
2909,0.04954137636944778
2910,0.04954137636944778
2911,0.04954137636944778
2912,0.04954137636944778
2913,0.04954137636944778
2914,0.04954137636944778
2915,0.04954137636944778
2916,0.04954137636944778
2917,0.04954137636944778
2918,0.04954137636944778
2919,0.04954137636944778
2920,0.04954137636944778
2921,0.04954137636944778
2922,0.04954137636944778
2923,0.04954137636944778
2924,0.04954137636944778
2925,0.04954137636944778
2926,0.04954137636944778
2927,0.04954137636944778
2928,0.04954137636944778
2929,0.04954137636944778
2930,0.04954137636944778
2931,0.04954137636944778
2932,0.04954137636944778
2933,0.04954137636944778
2934,0.04954137636944778
2935,0.04954137636944778
2936,0.04954137636944778
2937,0.04954137636944778
2938,0.04954137636944778
2939,0.04954137636944778
2940,0.04954137636944778
2941,0.04954137636944778
2942,0.04954137636944778
2943,0.04954137636944778
2944,0.04954137636944778
2945,0.04954137636944778
2946,0.04954137636944778
2947,0.04954137636944778
2948,0.04954137636944778
2949,0.04954137636944778
2950,0.04954137636944778
2951,0.04954137636944778
2952,0.04954137636944778
2953,0.04954137636944778
2954,0.04954137636944778
2955,0.04954137636944778
2956,0.04954137636944778
2957,0.04954137636944778
2958,0.04954137636944778
2959,0.04954137636944778
2960,0.04954137636944778
2961,0.04954137636944778
2962,0.04954137636944778
2963,0.04954137636944778
2964,0.04954137636944778
2965,0.04954137636944778
2966,0.04954137636944778
2967,0.04954137636944778
2968,0.04954137636944778
2969,0.04954137636944778
2970,0.04954137636944778
2971,0.04954137636944778
2972,0.04954137636944778
2973,0.04954137636944778
2974,0.04954137636944778
2975,0.04954137636944778
2976,0.04954137636944778
2977,0.04954137636944778
2978,0.04954137636944778
2979,0.04954137636944778
2980,0.04954137636944778
2981,0.04954137636944778
2982,0.04954137636944778
2983,0.04954137636944778
2984,0.04954137636944778
2985,0.04954137636944778
2986,0.04954137636944778
2987,0.04954137636944778
2988,0.04954137636944778
2989,0.04954137636944778
2990,0.04954137636944778
2991,0.04954137636944778
2992,0.04954137636944778
2993,0.04954137636944778
2994,0.04954137636944778
2995,0.04954137636944778
2996,0.04954137636944778
2997,0.04954137636944778
2998,0.04954137636944778
2999,0.04954137636944778
3000,0.04954137636944778
3001,0.04954137636944778
3002,0.04954137636944778
3003,0.04954137636944778
3004,0.04954137636944778
3005,0.04954137636944778
3006,0.04954137636944778
3007,0.04954137636944778
3008,0.04954137636944778
3009,0.04954137636944778
3010,0.04954137636944778
3011,0.04954137636944778
3012,0.04954137636944778
3013,0.04954137636944778
3014,0.04954137636944778
3015,0.04954137636944778
3016,0.04954137636944778
3017,0.04954137636944778
3018,0.04954137636944778
3019,0.04954137636944778
3020,0.04954137636944778
3021,0.04954137636944778
3022,0.04954137636944778
3023,0.04954137636944778
3024,0.04954137636944778
3025,0.04954137636944778
3026,0.04954137636944778
3027,0.04954137636944778
3028,0.04954137636944778
3029,0.04954137636944778
3030,0.04954137636944778
3031,0.04954137636944778
3032,0.04954137636944778
3033,0.04954137636944778
3034,0.04954137636944778
3035,0.04954137636944778
3036,0.04954137636944778
3037,0.04954137636944778
3038,0.04954137636944778
3039,0.04954137636944778
3040,0.04954137636944778
3041,0.04954137636944778
3042,0.04954137636944778
3043,0.04954137636944778
3044,0.04954137636944778
3045,0.04954137636944778
3046,0.04954137636944778
3047,0.04954137636944778
3048,0.04954137636944778
3049,0.04954137636944778
3050,0.04954137636944778
3051,0.04954137636944778
3052,0.04954137636944778
3053,0.04954137636944778
3054,0.04954137636944778
3055,0.04954137636944778
3056,0.04954137636944778
3057,0.04954137636944778
3058,0.04954137636944778
3059,0.04954137636944778
3060,0.04954137636944778
3061,0.04954137636944778
3062,0.04954137636944778
3063,0.04954137636944778
3064,0.04954137636944778
3065,0.04954137636944778
3066,0.04954137636944778
3067,0.04954137636944778
3068,0.04954137636944778
3069,0.04954137636944778
3070,0.04954137636944778
3071,0.04954137636944778
3072,0.04954137636944778
3073,0.04954137636944778
3074,0.04954137636944778
3075,0.04954137636944778
3076,0.04954137636944778
3077,0.04954137636944778
3078,0.04954137636944778
3079,0.04954137636944778
3080,0.04954137636944778
3081,0.04954137636944778
3082,0.04954137636944778
3083,0.04954137636944778
3084,0.04954137636944778
3085,0.04954137636944778
3086,0.04954137636944778
3087,0.04954137636944778
3088,0.04954137636944778
3089,0.04954137636944778
3090,0.04954137636944778
3091,0.04954137636944778
3092,0.04954137636944778
3093,0.04954137636944778
3094,0.04954137636944778
3095,0.04954137636944778
3096,0.04954137636944778
3097,0.04954137636944778
3098,0.04954137636944778
3099,0.04954137636944778
3100,0.04954137636944778
3101,0.04954137636944778
3102,0.04954137636944778
3103,0.04954137636944778
3104,0.04954137636944778
3105,0.04954137636944778
3106,0.04954137636944778
3107,0.04954137636944778
3108,0.04954137636944778
3109,0.04954137636944778
3110,0.04954137636944778
3111,0.04954137636944778
3112,0.04954137636944778
3113,0.04954137636944778
3114,0.04954137636944778
3115,0.04954137636944778
3116,0.04954137636944778
3117,0.04954137636944778
3118,0.04954137636944778
3119,0.04954137636944778
3120,0.04954137636944778
3121,0.04954137636944778
3122,0.04954137636944778
3123,0.04954137636944778
3124,0.04954137636944778
3125,0.04954137636944778
3126,0.04954137636944778
3127,0.04954137636944778
3128,0.04954137636944778
3129,0.04954137636944778
3130,0.04954137636944778
3131,0.04954137636944778
3132,0.04954137636944778
3133,0.04954137636944778
3134,0.04954137636944778
3135,0.04954137636944778
3136,0.04954137636944778
3137,0.04954137636944778
3138,0.04954137636944778
3139,0.04954137636944778
3140,0.04954137636944778
3141,0.04954137636944778
3142,0.04954137636944778
3143,0.04954137636944778
3144,0.04954137636944778
3145,0.04954137636944778
3146,0.04954137636944778
3147,0.04954137636944778
3148,0.04954137636944778
3149,0.04954137636944778
3150,0.04954137636944778
3151,0.04954137636944778
3152,0.04954137636944778
3153,0.04954137636944778
3154,0.04954137636944778
3155,0.04954137636944778
3156,0.04954137636944778
3157,0.04954137636944778
3158,0.04954137636944778
3159,0.04954137636944778
3160,0.04954137636944778
3161,0.04954137636944778
3162,0.04954137636944778
3163,0.04954137636944778
3164,0.04954137636944778
3165,0.04954137636944778
3166,0.04954137636944778
3167,0.04954137636944778
3168,0.04954137636944778
3169,0.04954137636944778
3170,0.04954137636944778
3171,0.04954137636944778
3172,0.04954137636944778
3173,0.04954137636944778
3174,0.04954137636944778
3175,0.04954137636944778
3176,0.04954137636944778
3177,0.04954137636944778
3178,0.04954137636944778
3179,0.04954137636944778
3180,0.04954137636944778
3181,0.04954137636944778
3182,0.04954137636944778
3183,0.04954137636944778
3184,0.04954137636944778
3185,0.04954137636944778
3186,0.04954137636944778
3187,0.04954137636944778
3188,0.04954137636944778
3189,0.04954137636944778
3190,0.04954137636944778
3191,0.04954137636944778
3192,0.04954137636944778
3193,0.04954137636944778
3194,0.04954137636944778
3195,0.04954137636944778
3196,0.04954137636944778
3197,0.04954137636944778
3198,0.04954137636944778
3199,0.04954137636944778
3200,0.04954137636944778
3201,0.04954137636944778
3202,0.04954137636944778
3203,0.04954137636944778
3204,0.04954137636944778
3205,0.04954137636944778
3206,0.04954137636944778
3207,0.04954137636944778
3208,0.04954137636944778
3209,0.04954137636944778
3210,0.04954137636944778
3211,0.04954137636944778
3212,0.04954137636944778
3213,0.04954137636944778
3214,0.04954137636944778
3215,0.04954137636944778
3216,0.04954137636944778
3217,0.04954137636944778
3218,0.04954137636944778
3219,0.04954137636944778
3220,0.04954137636944778
3221,0.04954137636944778
3222,0.04954137636944778
3223,0.04954137636944778
3224,0.04954137636944778
3225,0.04954137636944778
3226,0.04954137636944778
3227,0.04954137636944778
3228,0.04954137636944778
3229,0.04954137636944778
3230,0.04954137636944778
3231,0.04954137636944778
3232,0.04954137636944778
3233,0.04954137636944778
3234,0.04954137636944778
3235,0.04954137636944778
3236,0.04954137636944778
3237,0.04954137636944778
3238,0.04954137636944778
3239,0.04954137636944778
3240,0.04954137636944778
3241,0.04954137636944778
3242,0.04954137636944778
3243,0.04954137636944778
3244,0.04954137636944778
3245,0.04954137636944778
3246,0.04954137636944778
3247,0.04954137636944778
3248,0.04954137636944778
3249,0.04954137636944778
3250,0.04954137636944778
3251,0.04954137636944778
3252,0.04954137636944778
3253,0.04954137636944778
3254,0.04954137636944778
3255,0.04954137636944778
3256,0.04954137636944778
3257,0.04954137636944778
3258,0.04954137636944778
3259,0.04954137636944778
3260,0.04954137636944778
3261,0.04954137636944778
3262,0.04954137636944778
3263,0.04954137636944778
3264,0.04954137636944778
3265,0.04954137636944778
3266,0.04954137636944778
3267,0.04954137636944778
3268,0.04954137636944778
3269,0.04954137636944778
3270,0.04954137636944778
3271,0.04954137636944778
3272,0.04954137636944778
3273,0.04954137636944778
3274,0.04954137636944778
3275,0.04954137636944778
3276,0.04954137636944778
3277,0.04954137636944778
3278,0.04954137636944778
3279,0.04954137636944778
3280,0.04954137636944778
3281,0.04954137636944778
3282,0.04954137636944778
3283,0.04954137636944778
3284,0.04954137636944778
3285,0.04954137636944778
3286,0.04954137636944778
3287,0.04954137636944778
3288,0.04954137636944778
3289,0.04954137636944778
3290,0.04954137636944778
3291,0.04954137636944778
3292,0.04954137636944778
3293,0.04954137636944778
3294,0.04954137636944778
3295,0.04954137636944778
3296,0.04954137636944778
3297,0.04954137636944778
3298,0.04954137636944778
3299,0.04954137636944778
3300,0.04954137636944778
3301,0.04954137636944778
3302,0.04954137636944778
3303,0.04954137636944778
3304,0.04954137636944778
3305,0.04954137636944778
3306,0.04954137636944778
3307,0.04954137636944778
3308,0.04954137636944778
3309,0.04954137636944778
3310,0.04954137636944778
3311,0.04954137636944778
3312,0.04954137636944778
3313,0.04954137636944778
3314,0.04954137636944778
3315,0.04954137636944778
3316,0.04954137636944778
3317,0.04954137636944778
3318,0.04954137636944778
3319,0.04954137636944778
3320,0.04954137636944778
3321,0.04954137636944778
3322,0.04954137636944778
3323,0.04954137636944778
3324,0.04954137636944778
3325,0.04954137636944778
3326,0.04954137636944778
3327,0.04954137636944778
3328,0.04954137636944778
3329,0.04954137636944778
3330,0.04954137636944778
3331,0.04954137636944778
3332,0.04954137636944778
3333,0.04954137636944778
3334,0.04954137636944778
3335,0.04954137636944778
3336,0.04954137636944778
3337,0.04954137636944778
3338,0.04954137636944778
3339,0.04954137636944778
3340,0.04954137636944778
3341,0.04954137636944778
3342,0.04954137636944778
3343,0.04954137636944778
3344,0.04954137636944778
3345,0.04954137636944778
3346,0.04954137636944778
3347,0.04954137636944778
3348,0.04954137636944778
3349,0.04954137636944778
3350,0.04954137636944778
3351,0.04954137636944778
3352,0.04954137636944778
3353,0.04954137636944778
3354,0.04954137636944778
3355,0.04954137636944778
3356,0.04954137636944778
3357,0.04954137636944778
3358,0.04954137636944778
3359,0.04954137636944778
3360,0.04954137636944778
3361,0.04954137636944778
3362,0.04954137636944778
3363,0.04954137636944778
3364,0.04954137636944778
3365,0.04954137636944778
3366,0.04954137636944778
3367,0.04954137636944778
3368,0.04954137636944778
3369,0.04954137636944778
3370,0.04954137636944778
3371,0.04954137636944778
3372,0.04954137636944778
3373,0.04954137636944778
3374,0.04954137636944778
3375,0.04954137636944778
3376,0.04954137636944778
3377,0.04954137636944778
3378,0.04954137636944778
3379,0.04954137636944778
3380,0.04954137636944778
3381,0.04954137636944778
3382,0.04954137636944778
3383,0.04954137636944778
3384,0.04954137636944778
3385,0.04954137636944778
3386,0.04954137636944778
3387,0.04954137636944778
3388,0.04954137636944778
3389,0.04954137636944778
3390,0.04954137636944778
3391,0.04954137636944778
3392,0.04954137636944778
3393,0.04954137636944778
3394,0.04954137636944778
3395,0.04954137636944778
3396,0.04954137636944778
3397,0.04954137636944778
3398,0.04954137636944778
3399,0.04954137636944778
3400,0.04954137636944778
3401,0.04954137636944778
3402,0.04954137636944778
3403,0.04954137636944778
3404,0.04954137636944778
3405,0.04954137636944778
3406,0.04954137636944778
3407,0.04954137636944778
3408,0.04954137636944778
3409,0.04954137636944778
3410,0.04954137636944778
3411,0.04954137636944778
3412,0.04954137636944778
3413,0.04954137636944778
3414,0.04954137636944778
3415,0.04954137636944778
3416,0.04954137636944778
3417,0.04954137636944778
3418,0.04954137636944778
3419,0.04954137636944778
3420,0.04954137636944778
3421,0.04954137636944778
3422,0.04954137636944778
3423,0.04954137636944778
3424,0.04954137636944778
3425,0.04954137636944778
3426,0.04954137636944778
3427,0.04954137636944778
3428,0.04954137636944778
3429,0.04954137636944778
3430,0.04954137636944778
3431,0.04954137636944778
3432,0.04954137636944778
3433,0.04954137636944778
3434,0.04954137636944778
3435,0.04954137636944778
3436,0.04954137636944778
3437,0.04954137636944778
3438,0.04954137636944778
3439,0.04954137636944778
3440,0.04954137636944778
3441,0.04954137636944778
3442,0.04954137636944778
3443,0.04954137636944778
3444,0.04954137636944778
3445,0.04954137636944778
3446,0.04954137636944778
3447,0.04954137636944778
3448,0.04954137636944778
3449,0.04954137636944778
3450,0.04954137636944778
3451,0.04954137636944778
3452,0.04954137636944778
3453,0.04954137636944778
3454,0.04954137636944778
3455,0.04954137636944778
3456,0.04954137636944778
3457,0.04954137636944778
3458,0.04954137636944778
3459,0.04954137636944778
3460,0.04954137636944778
3461,0.04954137636944778
3462,0.04954137636944778
3463,0.04954137636944778
3464,0.04954137636944778
3465,0.04954137636944778
3466,0.04954137636944778
3467,0.04954137636944778
3468,0.04954137636944778
3469,0.04954137636944778
3470,0.04954137636944778
3471,0.04954137636944778
3472,0.04954137636944778
3473,0.04954137636944778
3474,0.04954137636944778
3475,0.04954137636944778
3476,0.04954137636944778
3477,0.04954137636944778
3478,0.04954137636944778
3479,0.04954137636944778
3480,0.04954137636944778
3481,0.04954137636944778
3482,0.04954137636944778
3483,0.04954137636944778
3484,0.04954137636944778
3485,0.04954137636944778
3486,0.04954137636944778
3487,0.04954137636944778
3488,0.04954137636944778
3489,0.04954137636944778
3490,0.04954137636944778
3491,0.04954137636944778
3492,0.04954137636944778
3493,0.04954137636944778
3494,0.04954137636944778
3495,0.04954137636944778
3496,0.04954137636944778
3497,0.04954137636944778
3498,0.04954137636944778
3499,0.04954137636944778
3500,0.04954137636944778
3501,0.04954137636944778
3502,0.04954137636944778
3503,0.04954137636944778
3504,0.04954137636944778
3505,0.04954137636944778
3506,0.04954137636944778
3507,0.04954137636944778
3508,0.04954137636944778
3509,0.04954137636944778
3510,0.04954137636944778
3511,0.04954137636944778
3512,0.04954137636944778
3513,0.04954137636944778
3514,0.04954137636944778
3515,0.04954137636944778
3516,0.04954137636944778
3517,0.04954137636944778
3518,0.04954137636944778
3519,0.04954137636944778
3520,0.04954137636944778
3521,0.04954137636944778
3522,0.04954137636944778
3523,0.04954137636944778
3524,0.04954137636944778
3525,0.04954137636944778
3526,0.04954137636944778
3527,0.04954137636944778
3528,0.04954137636944778
3529,0.04954137636944778
3530,0.04954137636944778
3531,0.04954137636944778
3532,0.04954137636944778
3533,0.04954137636944778
3534,0.04954137636944778
3535,0.04954137636944778
3536,0.04954137636944778
3537,0.04954137636944778
3538,0.04954137636944778
3539,0.04954137636944778
3540,0.04954137636944778
3541,0.04954137636944778
3542,0.04954137636944778
3543,0.04954137636944778
3544,0.04954137636944778
3545,0.04954137636944778
3546,0.04954137636944778
3547,0.04954137636944778
3548,0.04954137636944778
3549,0.04954137636944778
3550,0.04954137636944778
3551,0.04954137636944778
3552,0.04954137636944778
3553,0.04954137636944778
3554,0.04954137636944778
3555,0.04954137636944778
3556,0.04954137636944778
3557,0.04954137636944778
3558,0.04954137636944778
3559,0.04954137636944778
3560,0.04954137636944778
3561,0.04954137636944778
3562,0.04954137636944778
3563,0.04954137636944778
3564,0.04954137636944778
3565,0.04954137636944778
3566,0.04954137636944778
3567,0.04954137636944778
3568,0.04954137636944778
3569,0.04954137636944778
3570,0.04954137636944778
3571,0.04954137636944778
3572,0.04954137636944778
3573,0.04954137636944778
3574,0.04954137636944778
3575,0.04954137636944778
3576,0.04954137636944778
3577,0.04954137636944778
3578,0.04954137636944778
3579,0.04954137636944778
3580,0.04954137636944778
3581,0.04954137636944778
3582,0.04954137636944778
3583,0.04954137636944778
3584,0.04954137636944778
3585,0.04954137636944778
3586,0.04954137636944778
3587,0.04954137636944778
3588,0.04954137636944778
3589,0.04954137636944778
3590,0.04954137636944778
3591,0.04954137636944778
3592,0.04954137636944778
3593,0.04954137636944778
3594,0.04954137636944778
3595,0.04954137636944778
3596,0.04954137636944778
3597,0.04954137636944778
3598,0.04954137636944778
3599,0.04954137636944778
3600,0.04954137636944778
3601,0.04954137636944778
3602,0.04954137636944778
3603,0.04954137636944778
3604,0.04954137636944778
3605,0.04954137636944778
3606,0.04954137636944778
3607,0.04954137636944778
3608,0.04954137636944778
3609,0.04954137636944778
3610,0.04954137636944778
3611,0.04954137636944778
3612,0.04954137636944778
3613,0.04954137636944778
3614,0.04954137636944778
3615,0.04954137636944778
3616,0.04954137636944778
3617,0.04954137636944778
3618,0.04954137636944778
3619,0.04954137636944778
3620,0.04954137636944778
3621,0.04954137636944778
3622,0.04954137636944778
3623,0.04954137636944778
3624,0.04954137636944778
3625,0.04954137636944778
3626,0.04954137636944778
3627,0.04954137636944778
3628,0.04954137636944778
3629,0.04954137636944778
3630,0.04954137636944778
3631,0.04954137636944778
3632,0.04954137636944778
3633,0.04954137636944778
3634,0.04954137636944778
3635,0.04954137636944778
3636,0.04954137636944778
3637,0.04954137636944778
3638,0.04954137636944778
3639,0.04954137636944778
3640,0.04954137636944778
3641,0.04954137636944778
3642,0.04954137636944778
3643,0.04954137636944778
3644,0.04954137636944778
3645,0.04954137636944778
3646,0.04954137636944778
3647,0.04954137636944778
3648,0.04954137636944778
3649,0.04954137636944778
3650,0.04954137636944778
3651,0.04954137636944778
3652,0.04954137636944778
3653,0.04954137636944778
3654,0.04954137636944778
3655,0.04954137636944778
3656,0.04954137636944778
3657,0.04954137636944778
3658,0.04954137636944778
3659,0.04954137636944778
3660,0.04954137636944778
3661,0.04954137636944778
3662,0.04954137636944778
3663,0.04954137636944778
3664,0.04954137636944778
3665,0.04954137636944778
3666,0.04954137636944778
3667,0.04954137636944778
3668,0.04954137636944778
3669,0.04954137636944778
3670,0.04954137636944778
3671,0.04954137636944778
3672,0.04954137636944778
3673,0.04954137636944778
3674,0.04954137636944778
3675,0.04954137636944778
3676,0.04954137636944778
3677,0.04954137636944778
3678,0.04954137636944778
3679,0.04954137636944778
3680,0.04954137636944778
3681,0.04954137636944778
3682,0.04954137636944778
3683,0.04954137636944778
3684,0.04954137636944778
3685,0.04954137636944778
3686,0.04954137636944778
3687,0.04954137636944778
3688,0.04954137636944778
3689,0.04954137636944778
3690,0.04954137636944778
3691,0.04954137636944778
3692,0.04954137636944778
3693,0.04954137636944778
3694,0.04954137636944778
3695,0.04954137636944778
3696,0.04954137636944778
3697,0.04954137636944778
3698,0.04954137636944778
3699,0.04954137636944778
3700,0.04954137636944778
3701,0.04954137636944778
3702,0.04954137636944778
3703,0.04954137636944778
3704,0.04954137636944778
3705,0.04954137636944778
3706,0.04954137636944778
3707,0.04954137636944778
3708,0.04954137636944778
3709,0.04954137636944778
3710,0.04954137636944778
3711,0.04954137636944778
3712,0.04954137636944778
3713,0.04954137636944778
3714,0.04954137636944778
3715,0.04954137636944778
3716,0.04954137636944778
3717,0.04954137636944778
3718,0.04954137636944778
3719,0.04954137636944778
3720,0.04954137636944778
3721,0.04954137636944778
3722,0.04954137636944778
3723,0.04954137636944778
3724,0.04954137636944778
3725,0.04954137636944778
3726,0.04954137636944778
3727,0.04954137636944778
3728,0.04954137636944778
3729,0.04954137636944778
3730,0.04954137636944778
3731,0.04954137636944778
3732,0.04954137636944778
3733,0.04954137636944778
3734,0.04954137636944778
3735,0.04954137636944778
3736,0.04954137636944778
3737,0.04954137636944778
3738,0.04954137636944778
3739,0.04954137636944778
3740,0.04954137636944778
3741,0.04954137636944778
3742,0.04954137636944778
3743,0.04954137636944778
3744,0.04954137636944778
3745,0.04954137636944778
3746,0.04954137636944778
3747,0.04954137636944778
3748,0.04954137636944778
3749,0.04954137636944778
3750,0.04954137636944778
3751,0.04954137636944778
3752,0.04954137636944778
3753,0.04954137636944778
3754,0.04954137636944778
3755,0.04954137636944778
3756,0.04954137636944778
3757,0.04954137636944778
3758,0.04954137636944778
3759,0.04954137636944778
3760,0.04954137636944778
3761,0.04954137636944778
3762,0.04954137636944778
3763,0.04954137636944778
3764,0.04954137636944778
3765,0.04954137636944778
3766,0.04954137636944778
3767,0.04954137636944778
3768,0.04954137636944778
3769,0.04954137636944778
3770,0.04954137636944778
3771,0.04954137636944778
3772,0.04954137636944778
3773,0.04954137636944778
3774,0.04954137636944778
3775,0.04954137636944778
3776,0.04954137636944778
3777,0.04954137636944778
3778,0.04954137636944778
3779,0.04954137636944778
3780,0.04954137636944778
3781,0.04954137636944778
3782,0.04954137636944778
3783,0.04954137636944778
3784,0.04954137636944778
3785,0.04954137636944778
3786,0.04954137636944778
3787,0.04954137636944778
3788,0.04954137636944778
3789,0.04954137636944778
3790,0.04954137636944778
3791,0.04954137636944778
3792,0.04954137636944778
3793,0.04954137636944778
3794,0.04954137636944778
3795,0.04954137636944778
3796,0.04954137636944778
3797,0.04954137636944778
3798,0.04954137636944778
3799,0.04954137636944778
3800,0.04954137636944778
3801,0.04954137636944778
3802,0.04954137636944778
3803,0.04954137636944778
3804,0.04954137636944778
3805,0.04954137636944778
3806,0.04954137636944778
3807,0.04954137636944778
3808,0.04954137636944778
3809,0.04954137636944778
3810,0.04954137636944778
3811,0.04954137636944778
3812,0.04954137636944778
3813,0.04954137636944778
3814,0.04954137636944778
3815,0.04954137636944778
3816,0.04954137636944778
3817,0.04954137636944778
3818,0.04954137636944778
3819,0.04954137636944778
3820,0.04954137636944778
3821,0.04954137636944778
3822,0.04954137636944778
3823,0.04954137636944778
3824,0.04954137636944778
3825,0.04954137636944778
3826,0.04954137636944778
3827,0.04954137636944778
3828,0.04954137636944778
3829,0.04954137636944778
3830,0.04954137636944778
3831,0.04954137636944778
3832,0.04954137636944778
3833,0.04954137636944778
3834,0.04954137636944778
3835,0.04954137636944778
3836,0.04954137636944778
3837,0.04954137636944778
3838,0.04954137636944778
3839,0.04954137636944778
3840,0.04954137636944778
3841,0.04954137636944778
3842,0.04954137636944778
3843,0.04954137636944778
3844,0.04954137636944778
3845,0.04954137636944778
3846,0.04954137636944778
3847,0.04954137636944778
3848,0.04954137636944778
3849,0.04954137636944778
3850,0.04954137636944778
3851,0.04954137636944778
3852,0.04954137636944778
3853,0.04954137636944778
3854,0.04954137636944778
3855,0.04954137636944778
3856,0.04954137636944778
3857,0.04954137636944778
3858,0.04954137636944778
3859,0.04954137636944778
3860,0.04954137636944778
3861,0.04954137636944778
3862,0.04954137636944778
3863,0.04954137636944778
3864,0.04954137636944778
3865,0.04954137636944778
3866,0.04954137636944778
3867,0.04954137636944778
3868,0.04954137636944778
3869,0.04954137636944778
3870,0.04954137636944778
3871,0.04954137636944778
3872,0.04954137636944778
3873,0.04954137636944778
3874,0.04954137636944778
3875,0.04954137636944778
3876,0.04954137636944778
3877,0.04954137636944778
3878,0.04954137636944778
3879,0.04954137636944778
3880,0.04954137636944778
3881,0.04954137636944778
3882,0.04954137636944778
3883,0.04954137636944778
3884,0.04954137636944778
3885,0.04954137636944778
3886,0.04954137636944778
3887,0.04954137636944778
3888,0.04954137636944778
3889,0.04954137636944778
3890,0.04954137636944778
3891,0.04954137636944778
3892,0.04954137636944778
3893,0.04954137636944778
3894,0.04954137636944778
3895,0.04954137636944778
3896,0.04954137636944778
3897,0.04954137636944778
3898,0.04954137636944778
3899,0.04954137636944778
3900,0.04954137636944778
3901,0.04954137636944778
3902,0.04954137636944778
3903,0.04954137636944778
3904,0.04954137636944778
3905,0.04954137636944778
3906,0.04954137636944778
3907,0.04954137636944778
3908,0.04954137636944778
3909,0.04954137636944778
3910,0.04954137636944778
3911,0.04954137636944778
3912,0.04954137636944778
3913,0.04954137636944778
3914,0.04954137636944778
3915,0.04954137636944778
3916,0.04954137636944778
3917,0.04954137636944778
3918,0.04954137636944778
3919,0.04954137636944778
3920,0.04954137636944778
3921,0.04954137636944778
3922,0.04954137636944778
3923,0.04954137636944778
3924,0.04954137636944778
3925,0.04954137636944778
3926,0.04954137636944778
3927,0.04954137636944778
3928,0.04954137636944778
3929,0.04954137636944778
3930,0.04954137636944778
3931,0.04954137636944778
3932,0.04954137636944778
3933,0.04954137636944778
3934,0.04954137636944778
3935,0.04954137636944778
3936,0.04954137636944778
3937,0.04954137636944778
3938,0.04954137636944778
3939,0.04954137636944778
3940,0.04954137636944778
3941,0.04954137636944778
3942,0.04954137636944778
3943,0.04954137636944778
3944,0.04954137636944778
3945,0.04954137636944778
3946,0.04954137636944778
3947,0.04954137636944778
3948,0.04954137636944778
3949,0.04954137636944778
3950,0.04954137636944778
3951,0.04954137636944778
3952,0.04954137636944778
3953,0.04954137636944778
3954,0.04954137636944778
3955,0.04954137636944778
3956,0.04954137636944778
3957,0.04954137636944778
3958,0.04954137636944778
3959,0.04954137636944778
3960,0.04954137636944778
3961,0.04954137636944778
3962,0.04954137636944778
3963,0.04954137636944778
3964,0.04954137636944778
3965,0.04954137636944778
3966,0.04954137636944778
3967,0.04954137636944778
3968,0.04954137636944778
3969,0.04954137636944778
3970,0.04954137636944778
3971,0.04954137636944778
3972,0.04954137636944778
3973,0.04954137636944778
3974,0.04954137636944778
3975,0.04954137636944778
3976,0.04954137636944778
3977,0.04954137636944778
3978,0.04954137636944778
3979,0.04954137636944778
3980,0.04954137636944778
3981,0.04954137636944778
3982,0.04954137636944778
3983,0.04954137636944778
3984,0.04954137636944778
3985,0.04954137636944778
3986,0.04954137636944778
3987,0.04954137636944778
3988,0.04954137636944778
3989,0.04954137636944778
3990,0.04954137636944778
3991,0.04954137636944778
3992,0.04954137636944778
3993,0.04954137636944778
3994,0.04954137636944778
3995,0.04954137636944778
3996,0.04954137636944778
3997,0.04954137636944778
3998,0.04954137636944778
3999,0.04954137636944778
4000,0.04954137636944778
4001,0.04954137636944778
4002,0.04954137636944778
4003,0.04954137636944778
4004,0.04954137636944778
4005,0.04954137636944778
4006,0.04954137636944778
4007,0.04954137636944778
4008,0.04954137636944778
4009,0.04954137636944778
4010,0.04954137636944778
4011,0.04954137636944778
4012,0.04954137636944778
4013,0.04954137636944778
4014,0.04954137636944778
4015,0.04954137636944778
4016,0.04954137636944778
4017,0.04954137636944778
4018,0.04954137636944778
4019,0.04954137636944778
4020,0.04954137636944778
4021,0.04954137636944778
4022,0.04954137636944778
4023,0.04954137636944778
4024,0.04954137636944778
4025,0.04954137636944778
4026,0.04954137636944778
4027,0.04954137636944778
4028,0.04954137636944778
4029,0.04954137636944778
4030,0.04954137636944778
4031,0.04954137636944778
4032,0.04954137636944778
4033,0.04954137636944778
4034,0.04954137636944778
4035,0.04954137636944778
4036,0.04954137636944778
4037,0.04954137636944778
4038,0.04954137636944778
4039,0.04954137636944778
4040,0.04954137636944778
4041,0.04954137636944778
4042,0.04954137636944778
4043,0.04954137636944778
4044,0.04954137636944778
4045,0.04954137636944778
4046,0.04954137636944778
4047,0.04954137636944778
4048,0.04954137636944778
4049,0.04954137636944778
4050,0.04954137636944778
4051,0.04954137636944778
4052,0.04954137636944778
4053,0.04954137636944778
4054,0.04954137636944778
4055,0.04954137636944778
4056,0.04954137636944778
4057,0.04954137636944778
4058,0.04954137636944778
4059,0.04954137636944778
4060,0.04954137636944778
4061,0.04954137636944778
4062,0.04954137636944778
4063,0.04954137636944778
4064,0.04954137636944778
4065,0.04954137636944778
4066,0.04954137636944778
4067,0.04954137636944778
4068,0.04954137636944778
4069,0.04954137636944778
4070,0.04954137636944778
4071,0.04954137636944778
4072,0.04954137636944778
4073,0.04954137636944778
4074,0.04954137636944778
4075,0.04954137636944778
4076,0.04954137636944778
4077,0.04954137636944778
4078,0.04954137636944778
4079,0.04954137636944778
4080,0.04954137636944778
4081,0.04954137636944778
4082,0.04954137636944778
4083,0.04954137636944778
4084,0.04954137636944778
4085,0.04954137636944778
4086,0.04954137636944778
4087,0.04954137636944778
4088,0.04954137636944778
4089,0.04954137636944778
4090,0.04954137636944778
4091,0.04954137636944778
4092,0.04954137636944778
4093,0.04954137636944778
4094,0.04954137636944778
4095,0.04954137636944778
4096,0.04954137636944778
4097,0.04954137636944778
4098,0.04954137636944778
4099,0.04954137636944778
4100,0.04954137636944778
4101,0.04954137636944778
4102,0.04954137636944778
4103,0.04954137636944778
4104,0.04954137636944778
4105,0.04954137636944778
4106,0.04954137636944778
4107,0.04954137636944778
4108,0.04954137636944778
4109,0.04954137636944778
4110,0.04954137636944778
4111,0.04954137636944778
4112,0.04954137636944778
4113,0.04954137636944778
4114,0.04954137636944778
4115,0.04954137636944778
4116,0.04954137636944778
4117,0.04954137636944778
4118,0.04954137636944778
4119,0.04954137636944778
4120,0.04954137636944778
4121,0.04954137636944778
4122,0.04954137636944778
4123,0.04954137636944778
4124,0.04954137636944778
4125,0.04954137636944778
4126,0.04954137636944778
4127,0.04954137636944778
4128,0.04954137636944778
4129,0.04954137636944778
4130,0.04954137636944778
4131,0.04954137636944778
4132,0.04954137636944778
4133,0.04954137636944778
4134,0.04954137636944778
4135,0.04954137636944778
4136,0.04954137636944778
4137,0.04954137636944778
4138,0.04954137636944778
4139,0.04954137636944778
4140,0.04954137636944778
4141,0.04954137636944778
4142,0.04954137636944778
4143,0.04954137636944778
4144,0.04954137636944778
4145,0.049592207882437934
4146,0.049592207882437934
4147,0.049592207882437934
4148,0.049592207882437934
4149,0.049592207882437934
4150,0.049592207882437934
4151,0.049592207882437934
4152,0.049592207882437934
4153,0.0497869903235641
4154,0.0497869903235641
4155,0.0497869903235641
4156,0.0497869903235641
4157,0.0497869903235641
4158,0.0497869903235641
4159,0.0497869903235641
4160,0.0497869903235641
4161,0.0497869903235641
4162,0.0497869903235641
4163,0.0497869903235641
4164,0.0497869903235641
4165,0.0497869903235641
4166,0.0497869903235641
4167,0.0497869903235641
4168,0.0497869903235641
4169,0.049780817877857916
4170,0.049780817877857916
4171,0.049780817877857916
4172,0.049780817877857916
4173,0.049780817877857916
4174,0.049780817877857916
4175,0.049780817877857916
4176,0.049780817877857916
4177,0.049780817877857916
4178,0.049780817877857916
4179,0.049780817877857916
4180,0.049780817877857916
4181,0.049780817877857916
4182,0.049780817877857916
4183,0.049780817877857916
4184,0.049780817877857916
4185,0.049780817877857916
4186,0.049780817877857916
4187,0.049780817877857916
4188,0.049780817877857916
4189,0.049780817877857916
4190,0.049780817877857916
4191,0.049780817877857916
4192,0.049780817877857916
4193,0.049780817877857916
4194,0.049780817877857916
4195,0.049780817877857916
4196,0.049780817877857916
4197,0.049780817877857916
4198,0.049780817877857916
4199,0.049780817877857916
4200,0.049780817877857916
4201,0.049780817877857916
4202,0.049780817877857916
4203,0.049780817877857916
4204,0.049780817877857916
4205,0.049780817877857916
4206,0.049780817877857916
4207,0.049780817877857916
4208,0.049780817877857916
4209,0.049780817877857916
4210,0.049780817877857916
4211,0.049780817877857916
4212,0.049780817877857916
4213,0.049780817877857916
4214,0.049780817877857916
4215,0.049780817877857916
4216,0.049780817877857916
4217,0.049780817877857916
4218,0.049780817877857916
4219,0.049780817877857916
4220,0.049780817877857916
4221,0.049780817877857916
4222,0.049780817877857916
4223,0.049780817877857916
4224,0.049780817877857916
4225,0.049780817877857916
4226,0.049780817877857916
4227,0.049780817877857916
4228,0.049780817877857916
4229,0.049780817877857916
4230,0.049780817877857916
4231,0.049780817877857916
4232,0.049780817877857916
4233,0.049780817877857916
4234,0.049780817877857916
4235,0.049780817877857916
4236,0.049780817877857916
4237,0.049780817877857916
4238,0.049780817877857916
4239,0.049780817877857916
4240,0.049780817877857916
4241,0.049780817877857916
4242,0.049780817877857916
4243,0.049780817877857916
4244,0.049780817877857916
4245,0.049780817877857916
4246,0.049780817877857916
4247,0.049780817877857916
4248,0.049780817877857916
4249,0.049780817877857916
4250,0.049780817877857916
4251,0.049780817877857916
4252,0.049780817877857916
4253,0.049780817877857916
4254,0.049780817877857916
4255,0.049780817877857916
4256,0.049780817877857916
4257,0.049780817877857916
4258,0.049780817877857916
4259,0.049780817877857916
4260,0.049780817877857916
4261,0.049780817877857916
4262,0.049780817877857916
4263,0.049780817877857916
4264,0.049780817877857916
4265,0.049780817877857916
4266,0.049780817877857916
4267,0.049780817877857916
4268,0.049780817877857916
4269,0.049780817877857916
4270,0.049780817877857916
4271,0.049780817877857916
4272,0.049780817877857916
4273,0.049780817877857916
4274,0.049780817877857916
4275,0.049780817877857916
4276,0.049780817877857916
4277,0.049780817877857916
4278,0.049780817877857916
4279,0.049780817877857916
4280,0.049780817877857916
4281,0.049780817877857916
4282,0.049780817877857916
4283,0.049780817877857916
4284,0.049780817877857916
4285,0.049780817877857916
4286,0.049780817877857916
4287,0.049780817877857916
4288,0.049780817877857916
4289,0.049780817877857916
4290,0.049780817877857916
4291,0.049780817877857916
4292,0.049780817877857916
4293,0.049780817877857916
4294,0.049780817877857916
4295,0.049780817877857916
4296,0.049780817877857916
4297,0.049780817877857916
4298,0.049780817877857916
4299,0.049780817877857916
4300,0.049780817877857916
4301,0.049780817877857916
4302,0.049780817877857916
4303,0.049780817877857916
4304,0.049780817877857916
4305,0.049780817877857916
4306,0.049780817877857916
4307,0.049780817877857916
4308,0.049780817877857916
4309,0.049780817877857916
4310,0.049780817877857916
4311,0.049780817877857916
4312,0.049780817877857916
4313,0.049780817877857916
4314,0.049780817877857916
4315,0.049780817877857916
4316,0.049780817877857916
4317,0.049780817877857916
4318,0.049780817877857916
4319,0.049780817877857916
4320,0.049780817877857916
4321,0.049780817877857916
4322,0.049780817877857916
4323,0.049780817877857916
4324,0.049780817877857916
4325,0.049780817877857916
4326,0.049780817877857916
4327,0.049780817877857916
4328,0.049780817877857916
4329,0.049780817877857916
4330,0.049780817877857916
4331,0.049780817877857916
4332,0.049780817877857916
4333,0.049780817877857916
4334,0.049780817877857916
4335,0.049780817877857916
4336,0.049780817877857916
4337,0.049780817877857916
4338,0.049780817877857916
4339,0.049780817877857916
4340,0.049780817877857916
4341,0.049780817877857916
4342,0.049780817877857916
4343,0.049780817877857916
4344,0.049780817877857916
4345,0.049780817877857916
4346,0.049780817877857916
4347,0.049780817877857916
4348,0.049780817877857916
4349,0.049780817877857916
4350,0.049780817877857916
4351,0.049780817877857916
4352,0.049780817877857916
4353,0.049780817877857916
4354,0.049780817877857916
4355,0.049780817877857916
4356,0.049780817877857916
4357,0.049780817877857916
4358,0.049780817877857916
4359,0.049780817877857916
4360,0.049780817877857916
4361,0.049780817877857916
4362,0.049780817877857916
4363,0.049780817877857916
4364,0.049780817877857916
4365,0.049780817877857916
4366,0.049780817877857916
4367,0.049780817877857916
4368,0.049780817877857916
4369,0.049780817877857916
4370,0.049780817877857916
4371,0.049780817877857916
4372,0.049780817877857916
4373,0.049780817877857916
4374,0.049780817877857916
4375,0.049780817877857916
4376,0.049780817877857916
4377,0.049780817877857916
4378,0.049780817877857916
4379,0.049780817877857916
4380,0.049780817877857916
4381,0.049780817877857916
4382,0.049780817877857916
4383,0.049780817877857916
4384,0.049780817877857916
4385,0.049780817877857916
4386,0.049780817877857916
4387,0.049780817877857916
4388,0.049780817877857916
4389,0.049780817877857916
4390,0.049780817877857916
4391,0.049780817877857916
4392,0.049780817877857916
4393,0.049780817877857916
4394,0.049780817877857916
4395,0.049780817877857916
4396,0.049780817877857916
4397,0.049780817877857916
4398,0.049780817877857916
4399,0.049780817877857916
4400,0.049780817877857916
4401,0.049780817877857916
4402,0.049780817877857916
4403,0.049780817877857916
4404,0.049780817877857916
4405,0.049780817877857916
4406,0.049780817877857916
4407,0.049780817877857916
4408,0.049780817877857916
4409,0.049780817877857916
4410,0.049780817877857916
4411,0.049780817877857916
4412,0.049780817877857916
4413,0.049780817877857916
4414,0.049780817877857916
4415,0.049780817877857916
4416,0.049780817877857916
4417,0.049780817877857916
4418,0.049780817877857916
4419,0.049780817877857916
4420,0.049780817877857916
4421,0.049780817877857916
4422,0.049780817877857916
4423,0.049780817877857916
4424,0.049780817877857916
4425,0.049780817877857916
4426,0.049780817877857916
4427,0.049780817877857916
4428,0.049780817877857916
4429,0.049780817877857916
4430,0.049780817877857916
4431,0.049780817877857916
4432,0.049780817877857916
4433,0.049780817877857916
4434,0.049780817877857916
4435,0.049780817877857916
4436,0.049780817877857916
4437,0.049780817877857916
4438,0.049780817877857916
4439,0.049780817877857916
4440,0.049780817877857916
4441,0.049780817877857916
4442,0.049780817877857916
4443,0.049780817877857916
4444,0.049780817877857916
4445,0.049780817877857916
4446,0.049780817877857916
4447,0.049780817877857916
4448,0.049780817877857916
4449,0.049780817877857916
4450,0.049780817877857916
4451,0.049780817877857916
4452,0.049780817877857916
4453,0.049780817877857916
4454,0.049780817877857916
4455,0.049780817877857916
4456,0.049780817877857916
4457,0.049780817877857916
4458,0.049780817877857916
4459,0.049780817877857916
4460,0.049780817877857916
4461,0.049780817877857916
4462,0.049780817877857916
4463,0.049780817877857916
4464,0.049780817877857916
4465,0.049780817877857916
4466,0.049780817877857916
4467,0.049780817877857916
4468,0.049780817877857916
4469,0.049780817877857916
4470,0.049780817877857916
4471,0.049780817877857916
4472,0.049780817877857916
4473,0.049780817877857916
4474,0.049780817877857916
4475,0.049780817877857916
4476,0.049780817877857916
4477,0.049780817877857916
4478,0.049780817877857916
4479,0.049780817877857916
4480,0.049780817877857916
4481,0.049780817877857916
4482,0.049780817877857916
4483,0.049780817877857916
4484,0.049780817877857916
4485,0.049780817877857916
4486,0.049780817877857916
4487,0.049780817877857916
4488,0.049780817877857916
4489,0.049780817877857916
4490,0.049780817877857916
4491,0.049780817877857916
4492,0.049780817877857916
4493,0.049780817877857916
4494,0.049780817877857916
4495,0.049780817877857916
4496,0.049780817877857916
4497,0.049780817877857916
4498,0.049780817877857916
4499,0.049780817877857916
4500,0.049780817877857916
4501,0.049780817877857916
4502,0.049780817877857916
4503,0.049780817877857916
4504,0.049780817877857916
4505,0.049780817877857916
4506,0.049780817877857916
4507,0.049780817877857916
4508,0.049780817877857916
4509,0.049780817877857916
4510,0.049780817877857916
4511,0.049780817877857916
4512,0.049780817877857916
4513,0.049780817877857916
4514,0.049780817877857916
4515,0.049780817877857916
4516,0.049780817877857916
4517,0.049780817877857916
4518,0.049780817877857916
4519,0.049780817877857916
4520,0.049780817877857916
4521,0.049780817877857916
4522,0.049780817877857916
4523,0.049780817877857916
4524,0.049780817877857916
4525,0.049780817877857916
4526,0.049780817877857916
4527,0.049780817877857916
4528,0.049780817877857916
4529,0.049780817877857916
4530,0.049780817877857916
4531,0.049780817877857916
4532,0.049780817877857916
4533,0.049780817877857916
4534,0.049780817877857916
4535,0.049780817877857916
4536,0.049780817877857916
4537,0.049780817877857916
4538,0.049780817877857916
4539,0.049780817877857916
4540,0.049780817877857916
4541,0.049780817877857916
4542,0.049780817877857916
4543,0.049780817877857916
4544,0.049780817877857916
4545,0.049780817877857916
4546,0.049780817877857916
4547,0.049780817877857916
4548,0.049780817877857916
4549,0.049780817877857916
4550,0.049780817877857916
4551,0.049780817877857916
4552,0.049780817877857916
4553,0.049780817877857916
4554,0.049780817877857916
4555,0.049780817877857916
4556,0.049780817877857916
4557,0.049780817877857916
4558,0.049780817877857916
4559,0.049780817877857916
4560,0.049780817877857916
4561,0.049780817877857916
4562,0.049780817877857916
4563,0.049780817877857916
4564,0.049780817877857916
4565,0.049780817877857916
4566,0.049780817877857916
4567,0.049780817877857916
4568,0.049780817877857916
4569,0.049780817877857916
4570,0.049780817877857916
4571,0.049780817877857916
4572,0.049780817877857916
4573,0.049780817877857916
4574,0.049780817877857916
4575,0.049780817877857916
4576,0.049780817877857916
4577,0.049780817877857916
4578,0.049780817877857916
4579,0.049780817877857916
4580,0.049780817877857916
4581,0.049780817877857916
4582,0.049780817877857916
4583,0.049780817877857916
4584,0.049780817877857916
4585,0.049780817877857916
4586,0.049780817877857916
4587,0.049780817877857916
4588,0.049780817877857916
4589,0.049780817877857916
4590,0.049780817877857916
4591,0.049780817877857916
4592,0.049780817877857916
4593,0.049780817877857916
4594,0.049780817877857916
4595,0.049780817877857916
4596,0.049780817877857916
4597,0.049780817877857916
4598,0.049780817877857916
4599,0.049780817877857916
4600,0.049780817877857916
4601,0.049780817877857916
4602,0.049780817877857916
4603,0.049780817877857916
4604,0.049780817877857916
4605,0.049780817877857916
4606,0.049780817877857916
4607,0.049780817877857916
4608,0.049780817877857916
4609,0.049780817877857916
4610,0.049780817877857916
4611,0.049780817877857916
4612,0.049780817877857916
4613,0.049780817877857916
4614,0.049780817877857916
4615,0.049780817877857916
4616,0.049780817877857916
4617,0.049780817877857916
4618,0.049780817877857916
4619,0.049780817877857916
4620,0.049780817877857916
4621,0.049780817877857916
4622,0.049780817877857916
4623,0.049780817877857916
4624,0.049780817877857916
4625,0.049780817877857916
4626,0.049780817877857916
4627,0.049780817877857916
4628,0.049780817877857916
4629,0.049780817877857916
4630,0.049780817877857916
4631,0.049780817877857916
4632,0.049780817877857916
4633,0.049780817877857916
4634,0.049780817877857916
4635,0.049780817877857916
4636,0.049780817877857916
4637,0.049780817877857916
4638,0.049780817877857916
4639,0.049780817877857916
4640,0.049780817877857916
4641,0.049780817877857916
4642,0.049780817877857916
4643,0.049780817877857916
4644,0.049780817877857916
4645,0.049780817877857916
4646,0.049780817877857916
4647,0.049780817877857916
4648,0.049780817877857916
4649,0.049780817877857916
4650,0.049780817877857916
4651,0.049780817877857916
4652,0.049780817877857916
4653,0.049780817877857916
4654,0.049780817877857916
4655,0.049780817877857916
4656,0.049780817877857916
4657,0.049780817877857916
4658,0.049780817877857916
4659,0.049780817877857916
4660,0.049780817877857916
4661,0.049780817877857916
4662,0.049780817877857916
4663,0.049780817877857916
4664,0.049780817877857916
4665,0.049780817877857916
4666,0.049780817877857916
4667,0.049780817877857916
4668,0.049780817877857916
4669,0.049780817877857916
4670,0.049780817877857916
4671,0.049780817877857916
4672,0.049780817877857916
4673,0.049780817877857916
4674,0.049780817877857916
4675,0.049780817877857916
4676,0.049780817877857916
4677,0.049780817877857916
4678,0.049780817877857916
4679,0.049780817877857916
4680,0.049780817877857916
4681,0.049780817877857916
4682,0.049780817877857916
4683,0.049780817877857916
4684,0.049780817877857916
4685,0.049780817877857916
4686,0.049780817877857916
4687,0.049780817877857916
4688,0.049780817877857916
4689,0.049780817877857916
4690,0.049780817877857916
4691,0.049780817877857916
4692,0.049780817877857916
4693,0.049780817877857916
4694,0.049780817877857916
4695,0.049780817877857916
4696,0.049780817877857916
4697,0.049780817877857916
4698,0.049780817877857916
4699,0.049780817877857916
4700,0.049780817877857916
4701,0.049780817877857916
4702,0.049780817877857916
4703,0.049780817877857916
4704,0.049780817877857916
4705,0.049780817877857916
4706,0.049780817877857916
4707,0.049780817877857916
4708,0.049780817877857916
4709,0.049780817877857916
4710,0.049780817877857916
4711,0.049780817877857916
4712,0.049780817877857916
4713,0.049780817877857916
4714,0.049780817877857916
4715,0.049780817877857916
4716,0.049780817877857916
4717,0.049780817877857916
4718,0.049780817877857916
4719,0.049780817877857916
4720,0.049780817877857916
4721,0.049780817877857916
4722,0.049780817877857916
4723,0.049780817877857916
4724,0.049780817877857916
4725,0.049780817877857916
4726,0.049780817877857916
4727,0.049780817877857916
4728,0.049780817877857916
4729,0.049780817877857916
4730,0.049780817877857916
4731,0.049780817877857916
4732,0.049780817877857916
4733,0.049780817877857916
4734,0.049780817877857916
4735,0.049780817877857916
4736,0.049780817877857916
4737,0.049780817877857916
4738,0.049780817877857916
4739,0.049780817877857916
4740,0.049780817877857916
4741,0.049780817877857916
4742,0.049780817877857916
4743,0.049780817877857916
4744,0.049780817877857916
4745,0.049780817877857916
4746,0.049780817877857916
4747,0.049780817877857916
4748,0.049780817877857916
4749,0.049780817877857916
4750,0.049780817877857916
4751,0.049780817877857916
4752,0.049780817877857916
4753,0.049780817877857916
4754,0.049780817877857916
4755,0.049780817877857916
4756,0.049780817877857916
4757,0.049780817877857916
4758,0.049780817877857916
4759,0.049780817877857916
4760,0.049780817877857916
4761,0.049780817877857916
4762,0.049780817877857916
4763,0.049780817877857916
4764,0.049780817877857916
4765,0.049780817877857916
4766,0.049780817877857916
4767,0.049780817877857916
4768,0.049780817877857916
4769,0.049780817877857916
4770,0.049780817877857916
4771,0.049780817877857916
4772,0.049780817877857916
4773,0.049780817877857916
4774,0.049780817877857916
4775,0.049780817877857916
4776,0.049780817877857916
4777,0.049780817877857916
4778,0.049780817877857916
4779,0.049780817877857916
4780,0.049780817877857916
4781,0.049780817877857916
4782,0.049780817877857916
4783,0.049780817877857916
4784,0.049780817877857916
4785,0.049780817877857916
4786,0.049780817877857916
4787,0.049780817877857916
4788,0.049780817877857916
4789,0.049780817877857916
4790,0.049780817877857916
4791,0.049780817877857916
4792,0.049780817877857916
4793,0.049780817877857916
4794,0.049780817877857916
4795,0.049780817877857916
4796,0.049780817877857916
4797,0.049780817877857916
4798,0.049780817877857916
4799,0.049780817877857916
4800,0.049780817877857916
4801,0.049780817877857916
4802,0.049780817877857916
4803,0.049780817877857916
4804,0.049780817877857916
4805,0.049780817877857916
4806,0.049780817877857916
4807,0.049780817877857916
4808,0.049780817877857916
4809,0.049780817877857916
4810,0.049780817877857916
4811,0.049780817877857916
4812,0.049780817877857916
4813,0.049780817877857916
4814,0.049780817877857916
4815,0.049780817877857916
4816,0.049780817877857916
4817,0.049780817877857916
4818,0.049780817877857916
4819,0.049780817877857916
4820,0.049780817877857916
4821,0.049780817877857916
4822,0.049780817877857916
4823,0.049780817877857916
4824,0.049780817877857916
4825,0.049780817877857916
4826,0.049780817877857916
4827,0.049780817877857916
4828,0.049780817877857916
4829,0.049780817877857916
4830,0.049780817877857916
4831,0.049780817877857916
4832,0.049780817877857916
4833,0.049780817877857916
4834,0.049780817877857916
4835,0.049780817877857916
4836,0.049780817877857916
4837,0.049780817877857916
4838,0.049780817877857916
4839,0.049780817877857916
4840,0.049780817877857916
4841,0.049780817877857916
4842,0.049780817877857916
4843,0.049780817877857916
4844,0.049780817877857916
4845,0.049780817877857916
4846,0.049780817877857916
4847,0.049780817877857916
4848,0.049780817877857916
4849,0.049780817877857916
4850,0.049780817877857916
4851,0.049780817877857916
4852,0.049780817877857916
4853,0.049780817877857916
4854,0.049780817877857916
4855,0.049780817877857916
4856,0.049780817877857916
4857,0.049780817877857916
4858,0.049780817877857916
4859,0.049780817877857916
4860,0.049780817877857916
4861,0.049780817877857916
4862,0.049780817877857916
4863,0.049780817877857916
4864,0.049780817877857916
4865,0.049780817877857916
4866,0.049780817877857916
4867,0.049780817877857916
4868,0.049780817877857916
4869,0.049780817877857916
4870,0.049780817877857916
4871,0.049780817877857916
4872,0.049780817877857916
4873,0.049780817877857916
4874,0.049780817877857916
4875,0.049780817877857916
4876,0.049780817877857916
4877,0.049780817877857916
4878,0.049780817877857916
4879,0.049780817877857916
4880,0.049780817877857916
4881,0.049780817877857916
4882,0.049780817877857916
4883,0.049780817877857916
4884,0.049780817877857916
4885,0.049780817877857916
4886,0.049780817877857916
4887,0.049780817877857916
4888,0.049780817877857916
4889,0.049780817877857916
4890,0.049780817877857916
4891,0.049780817877857916
4892,0.049780817877857916
4893,0.049780817877857916
4894,0.049780817877857916
4895,0.049780817877857916
4896,0.049780817877857916
4897,0.049780817877857916
4898,0.049780817877857916
4899,0.049780817877857916
4900,0.049780817877857916
4901,0.049780817877857916
4902,0.049780817877857916
4903,0.049780817877857916
4904,0.049780817877857916
4905,0.049780817877857916
4906,0.049780817877857916
4907,0.049780817877857916
4908,0.049780817877857916
4909,0.049780817877857916
4910,0.049780817877857916
4911,0.049780817877857916
4912,0.049780817877857916
4913,0.049780817877857916
4914,0.049780817877857916
4915,0.049780817877857916
4916,0.049780817877857916
4917,0.049780817877857916
4918,0.049780817877857916
4919,0.049780817877857916
4920,0.049780817877857916
4921,0.049780817877857916
4922,0.049780817877857916
4923,0.049780817877857916
4924,0.049780817877857916
4925,0.049780817877857916
4926,0.049780817877857916
4927,0.049780817877857916
4928,0.049780817877857916
4929,0.049780817877857916
4930,0.049780817877857916
4931,0.049780817877857916
4932,0.049780817877857916
4933,0.049780817877857916
4934,0.049780817877857916
4935,0.049780817877857916
4936,0.049780817877857916
4937,0.049780817877857916
4938,0.049780817877857916
4939,0.049780817877857916
4940,0.049780817877857916
4941,0.049780817877857916
4942,0.049780817877857916
4943,0.049780817877857916
4944,0.049780817877857916
4945,0.049780817877857916
4946,0.049780817877857916
4947,0.049780817877857916
4948,0.049780817877857916
4949,0.049780817877857916
4950,0.049780817877857916
4951,0.049780817877857916
4952,0.049780817877857916
4953,0.049780817877857916
4954,0.049780817877857916
4955,0.049780817877857916
4956,0.049780817877857916
4957,0.049780817877857916
4958,0.049780817877857916
4959,0.049780817877857916
4960,0.049780817877857916
4961,0.049780817877857916
4962,0.049780817877857916
4963,0.049780817877857916
4964,0.049780817877857916
4965,0.049780817877857916
4966,0.049780817877857916
4967,0.049780817877857916
4968,0.049780817877857916
4969,0.049780817877857916
4970,0.049780817877857916
4971,0.049780817877857916
4972,0.049780817877857916
4973,0.049780817877857916
4974,0.049780817877857916
4975,0.049780817877857916
4976,0.049780817877857916
4977,0.049780817877857916
4978,0.049780817877857916
4979,0.049780817877857916
4980,0.049780817877857916
4981,0.049780817877857916
4982,0.049780817877857916
4983,0.049780817877857916
4984,0.049780817877857916
4985,0.049780817877857916
4986,0.049780817877857916
4987,0.049780817877857916
4988,0.049780817877857916
4989,0.049780817877857916
4990,0.049780817877857916
4991,0.049780817877857916
4992,0.049780817877857916
4993,0.049780817877857916
4994,0.049780817877857916
4995,0.049780817877857916
4996,0.049780817877857916
4997,0.049780817877857916
4998,0.049780817877857916
4999,0.049780817877857916
5000,0.049780817877857916
5001,0.049780817877857916
5002,0.049780817877857916
5003,0.049780817877857916
5004,0.049780817877857916
5005,0.049780817877857916
5006,0.049780817877857916
5007,0.049780817877857916
5008,0.049780817877857916
5009,0.049780817877857916
5010,0.049780817877857916
5011,0.049780817877857916
5012,0.049780817877857916
5013,0.049780817877857916
5014,0.049780817877857916
5015,0.049780817877857916
5016,0.049780817877857916
5017,0.049780817877857916
5018,0.049780817877857916
5019,0.049780817877857916
5020,0.049780817877857916
5021,0.049780817877857916
5022,0.049780817877857916
5023,0.049780817877857916
5024,0.049780817877857916
5025,0.049780817877857916
5026,0.049780817877857916
5027,0.049780817877857916
5028,0.049780817877857916
5029,0.049780817877857916
5030,0.049780817877857916
5031,0.049780817877857916
5032,0.049780817877857916
5033,0.049780817877857916
5034,0.049780817877857916
5035,0.049780817877857916
5036,0.049780817877857916
5037,0.049780817877857916
5038,0.049780817877857916
5039,0.049780817877857916
5040,0.049780817877857916
5041,0.049780817877857916
5042,0.049780817877857916
5043,0.049780817877857916
5044,0.049780817877857916
5045,0.049780817877857916
5046,0.049780817877857916
5047,0.049780817877857916
5048,0.049780817877857916
5049,0.049780817877857916
5050,0.049780817877857916
5051,0.049780817877857916
5052,0.049780817877857916
5053,0.049780817877857916
5054,0.049780817877857916
5055,0.049780817877857916
5056,0.049780817877857916
5057,0.049780817877857916
5058,0.049780817877857916
5059,0.049780817877857916
5060,0.049780817877857916
5061,0.049780817877857916
5062,0.049780817877857916
5063,0.049780817877857916
5064,0.049780817877857916
5065,0.049780817877857916
5066,0.049780817877857916
5067,0.049780817877857916
5068,0.049780817877857916
5069,0.049780817877857916
5070,0.049780817877857916
5071,0.049780817877857916
5072,0.049780817877857916
5073,0.049780817877857916
5074,0.049780817877857916
5075,0.049780817877857916
5076,0.049780817877857916
5077,0.049780817877857916
5078,0.049780817877857916
5079,0.049780817877857916
5080,0.049780817877857916
5081,0.049780817877857916
5082,0.049780817877857916
5083,0.049780817877857916
5084,0.049780817877857916
5085,0.049780817877857916
5086,0.049780817877857916
5087,0.049780817877857916
5088,0.049780817877857916
5089,0.049780817877857916
5090,0.049780817877857916
5091,0.049780817877857916
5092,0.049780817877857916
5093,0.049780817877857916
5094,0.049780817877857916
5095,0.049780817877857916
5096,0.049780817877857916
5097,0.049780817877857916
5098,0.049780817877857916
5099,0.049780817877857916
5100,0.049780817877857916
5101,0.049780817877857916
5102,0.049780817877857916
5103,0.049780817877857916
5104,0.049780817877857916
5105,0.049780817877857916
5106,0.049780817877857916
5107,0.049780817877857916
5108,0.049780817877857916
5109,0.049780817877857916
5110,0.049780817877857916
5111,0.049780817877857916
5112,0.049780817877857916
5113,0.049780817877857916
5114,0.049780817877857916
5115,0.049780817877857916
5116,0.049780817877857916
5117,0.049780817877857916
5118,0.049780817877857916
5119,0.049780817877857916
5120,0.049780817877857916
5121,0.049780817877857916
5122,0.049780817877857916
5123,0.049780817877857916
5124,0.049780817877857916
5125,0.049780817877857916
5126,0.049780817877857916
5127,0.049780817877857916
5128,0.049780817877857916
5129,0.049780817877857916
5130,0.049780817877857916
5131,0.049780817877857916
5132,0.049780817877857916
5133,0.049780817877857916
5134,0.049780817877857916
5135,0.049780817877857916
5136,0.049780817877857916
5137,0.049780817877857916
5138,0.049780817877857916
5139,0.049780817877857916
5140,0.049780817877857916
5141,0.049780817877857916
5142,0.049780817877857916
5143,0.049780817877857916
5144,0.049780817877857916
5145,0.049780817877857916
5146,0.049780817877857916
5147,0.049780817877857916
5148,0.049780817877857916
5149,0.049780817877857916
5150,0.049780817877857916
5151,0.049780817877857916
5152,0.049780817877857916
5153,0.049780817877857916
5154,0.049780817877857916
5155,0.049780817877857916
5156,0.049780817877857916
5157,0.049780817877857916
5158,0.049780817877857916
5159,0.049780817877857916
5160,0.049780817877857916
5161,0.049780817877857916
5162,0.049780817877857916
5163,0.049780817877857916
5164,0.049780817877857916
5165,0.049780817877857916
5166,0.049780817877857916
5167,0.049780817877857916
5168,0.049780817877857916
5169,0.049780817877857916
5170,0.049780817877857916
5171,0.049780817877857916
5172,0.049780817877857916
5173,0.049780817877857916
5174,0.049780817877857916
5175,0.049780817877857916
5176,0.049780817877857916
5177,0.049780817877857916
5178,0.049780817877857916
5179,0.049780817877857916
5180,0.049780817877857916
5181,0.049780817877857916
5182,0.049780817877857916
5183,0.049780817877857916
5184,0.049780817877857916
5185,0.049780817877857916
5186,0.049780817877857916
5187,0.049780817877857916
5188,0.049780817877857916
5189,0.049780817877857916
5190,0.049780817877857916
5191,0.049780817877857916
5192,0.049780817877857916
5193,0.049780817877857916
5194,0.049780817877857916
5195,0.049780817877857916
5196,0.049780817877857916
5197,0.049780817877857916
5198,0.049780817877857916
5199,0.049780817877857916
5200,0.049780817877857916
5201,0.049780817877857916
5202,0.049780817877857916
5203,0.049780817877857916
5204,0.049780817877857916
5205,0.049780817877857916
5206,0.049780817877857916
5207,0.049780817877857916
5208,0.049780817877857916
5209,0.049780817877857916
5210,0.049780817877857916
5211,0.049780817877857916
5212,0.049780817877857916
5213,0.049780817877857916
5214,0.049780817877857916
5215,0.049780817877857916
5216,0.049780817877857916
5217,0.049780817877857916
5218,0.049780817877857916
5219,0.049780817877857916
5220,0.049780817877857916
5221,0.049780817877857916
5222,0.049780817877857916
5223,0.049780817877857916
5224,0.049780817877857916
5225,0.049780817877857916
5226,0.049780817877857916
5227,0.049780817877857916
5228,0.049780817877857916
5229,0.049780817877857916
5230,0.049780817877857916
5231,0.049780817877857916
5232,0.049780817877857916
5233,0.049780817877857916
5234,0.049780817877857916
5235,0.049780817877857916
5236,0.049780817877857916
5237,0.049780817877857916
5238,0.049780817877857916
5239,0.049780817877857916
5240,0.049780817877857916
5241,0.049780817877857916
5242,0.049780817877857916
5243,0.049780817877857916
5244,0.049780817877857916
5245,0.049780817877857916
5246,0.049780817877857916
5247,0.049780817877857916
5248,0.049780817877857916
5249,0.049780817877857916
5250,0.049780817877857916
5251,0.049780817877857916
5252,0.049780817877857916
5253,0.049780817877857916
5254,0.049780817877857916
5255,0.049780817877857916
5256,0.049780817877857916
5257,0.049780817877857916
5258,0.049780817877857916
5259,0.049780817877857916
5260,0.049780817877857916
5261,0.049780817877857916
5262,0.049780817877857916
5263,0.049780817877857916
5264,0.049780817877857916
5265,0.049780817877857916
5266,0.049780817877857916
5267,0.049780817877857916
5268,0.049780817877857916
5269,0.049780817877857916
5270,0.049780817877857916
5271,0.049780817877857916
5272,0.049780817877857916
5273,0.049780817877857916
5274,0.049780817877857916
5275,0.049780817877857916
5276,0.049780817877857916
5277,0.049780817877857916
5278,0.049780817877857916
5279,0.049780817877857916
5280,0.049780817877857916
5281,0.049780817877857916
5282,0.049780817877857916
5283,0.049780817877857916
5284,0.049780817877857916
5285,0.049780817877857916
5286,0.049780817877857916
5287,0.049780817877857916
5288,0.049780817877857916
5289,0.049780817877857916
5290,0.049780817877857916
5291,0.049780817877857916
5292,0.049780817877857916
5293,0.049780817877857916
5294,0.049780817877857916
5295,0.049780817877857916
5296,0.049780817877857916
5297,0.049780817877857916
5298,0.049780817877857916
5299,0.049780817877857916
5300,0.049780817877857916
5301,0.049780817877857916
5302,0.049780817877857916
5303,0.049780817877857916
5304,0.049780817877857916
5305,0.049780817877857916
5306,0.049780817877857916
5307,0.049780817877857916
5308,0.049780817877857916
5309,0.049780817877857916
5310,0.049780817877857916
5311,0.049780817877857916
5312,0.049780817877857916
5313,0.049780817877857916
5314,0.049780817877857916
5315,0.049780817877857916
5316,0.049780817877857916
5317,0.049780817877857916
5318,0.049780817877857916
5319,0.049780817877857916
5320,0.049780817877857916
5321,0.049780817877857916
5322,0.049780817877857916
5323,0.049780817877857916
5324,0.049780817877857916
5325,0.049780817877857916
5326,0.049780817877857916
5327,0.049780817877857916
5328,0.049780817877857916
5329,0.049780817877857916
5330,0.049780817877857916
5331,0.049780817877857916
5332,0.049780817877857916
5333,0.049780817877857916
5334,0.049780817877857916
5335,0.049780817877857916
5336,0.049780817877857916
5337,0.049780817877857916
5338,0.049780817877857916
5339,0.049780817877857916
5340,0.049780817877857916
5341,0.049780817877857916
5342,0.049780817877857916
5343,0.049780817877857916
5344,0.049780817877857916
5345,0.049780817877857916
5346,0.049780817877857916
5347,0.049780817877857916
5348,0.049780817877857916
5349,0.049780817877857916
5350,0.049780817877857916
5351,0.049780817877857916
5352,0.049780817877857916
5353,0.049780817877857916
5354,0.049780817877857916
5355,0.049780817877857916
5356,0.049780817877857916
5357,0.049780817877857916
5358,0.049780817877857916
5359,0.049780817877857916
5360,0.049780817877857916
5361,0.049780817877857916
5362,0.049780817877857916
5363,0.049780817877857916
5364,0.049780817877857916
5365,0.049780817877857916
5366,0.049780817877857916
5367,0.049780817877857916
5368,0.049780817877857916
5369,0.049780817877857916
5370,0.049780817877857916
5371,0.049780817877857916
5372,0.049780817877857916
5373,0.049780817877857916
5374,0.049780817877857916
5375,0.049780817877857916
5376,0.049780817877857916
5377,0.049780817877857916
5378,0.049780817877857916
5379,0.049780817877857916
5380,0.049780817877857916
5381,0.049780817877857916
5382,0.049780817877857916
5383,0.049780817877857916
5384,0.049780817877857916
5385,0.049780817877857916
5386,0.049780817877857916
5387,0.049780817877857916
5388,0.049780817877857916
5389,0.049780817877857916
5390,0.049780817877857916
5391,0.049780817877857916
5392,0.049780817877857916
5393,0.049780817877857916
5394,0.049780817877857916
5395,0.049780817877857916
5396,0.049780817877857916
5397,0.049780817877857916
5398,0.049780817877857916
5399,0.049780817877857916
5400,0.049780817877857916
5401,0.049780817877857916
5402,0.049780817877857916
5403,0.049780817877857916
5404,0.049780817877857916
5405,0.049780817877857916
5406,0.049780817877857916
5407,0.049780817877857916
5408,0.049780817877857916
5409,0.049780817877857916
5410,0.049780817877857916
5411,0.049780817877857916
5412,0.049780817877857916
5413,0.049780817877857916
5414,0.049780817877857916
5415,0.049780817877857916
5416,0.049780817877857916
5417,0.049780817877857916
5418,0.049780817877857916
5419,0.049780817877857916
5420,0.049780817877857916
5421,0.049780817877857916
5422,0.049780817877857916
5423,0.049780817877857916
5424,0.049780817877857916
5425,0.049780817877857916
5426,0.049780817877857916
5427,0.049780817877857916
5428,0.049780817877857916
5429,0.049780817877857916
5430,0.049780817877857916
5431,0.049780817877857916
5432,0.049780817877857916
5433,0.049780817877857916
5434,0.049780817877857916
5435,0.049780817877857916
5436,0.049780817877857916
5437,0.049780817877857916
5438,0.049780817877857916
5439,0.049780817877857916
5440,0.049780817877857916
5441,0.049780817877857916
5442,0.049780817877857916
5443,0.049780817877857916
5444,0.049780817877857916
5445,0.049780817877857916
5446,0.049780817877857916
5447,0.049780817877857916
5448,0.049780817877857916
5449,0.049780817877857916
5450,0.049780817877857916
5451,0.049780817877857916
5452,0.049780817877857916
5453,0.049780817877857916
5454,0.049780817877857916
5455,0.049780817877857916
5456,0.049780817877857916
5457,0.049780817877857916
5458,0.049780817877857916
5459,0.049780817877857916
5460,0.049780817877857916
5461,0.049780817877857916
5462,0.049780817877857916
5463,0.049780817877857916
5464,0.049780817877857916
5465,0.049780817877857916
5466,0.049780817877857916
5467,0.049780817877857916
5468,0.049780817877857916
5469,0.049780817877857916
5470,0.049780817877857916
5471,0.049780817877857916
5472,0.049780817877857916
5473,0.049780817877857916
5474,0.049780817877857916
5475,0.049780817877857916
5476,0.049780817877857916
5477,0.049780817877857916
5478,0.049780817877857916
5479,0.049780817877857916
5480,0.049780817877857916
5481,0.049780817877857916
5482,0.049780817877857916
5483,0.049780817877857916
5484,0.049780817877857916
5485,0.049780817877857916
5486,0.049780817877857916
5487,0.049780817877857916
5488,0.049780817877857916
5489,0.049780817877857916
5490,0.049780817877857916
5491,0.049780817877857916
5492,0.049780817877857916
5493,0.049780817877857916
5494,0.049780817877857916
5495,0.049780817877857916
5496,0.049780817877857916
5497,0.049780817877857916
5498,0.049780817877857916
5499,0.049780817877857916
5500,0.049780817877857916
5501,0.049780817877857916
5502,0.049780817877857916
5503,0.049780817877857916
5504,0.049780817877857916
5505,0.049780817877857916
5506,0.049780817877857916
5507,0.049780817877857916
5508,0.049780817877857916
5509,0.049780817877857916
5510,0.049780817877857916
5511,0.049780817877857916
5512,0.049780817877857916
5513,0.049780817877857916
5514,0.049780817877857916
5515,0.049780817877857916
5516,0.049780817877857916
5517,0.049780817877857916
5518,0.049780817877857916
5519,0.049780817877857916
5520,0.049780817877857916
5521,0.049780817877857916
5522,0.049780817877857916
5523,0.049780817877857916
5524,0.049780817877857916
5525,0.049780817877857916
5526,0.049780817877857916
5527,0.049780817877857916
5528,0.049780817877857916
5529,0.049780817877857916
5530,0.049780817877857916
5531,0.049780817877857916
5532,0.049780817877857916
5533,0.049780817877857916
5534,0.049780817877857916
5535,0.049780817877857916
5536,0.049780817877857916
5537,0.049780817877857916
5538,0.049780817877857916
5539,0.049780817877857916
5540,0.049780817877857916
5541,0.049780817877857916
5542,0.049780817877857916
5543,0.049780817877857916
5544,0.049780817877857916
5545,0.049780817877857916
5546,0.049780817877857916
5547,0.049780817877857916
5548,0.049780817877857916
5549,0.049780817877857916
5550,0.049780817877857916
5551,0.049780817877857916
5552,0.049780817877857916
5553,0.049780817877857916
5554,0.049780817877857916
5555,0.049780817877857916
5556,0.049780817877857916
5557,0.049780817877857916
5558,0.049780817877857916
5559,0.049780817877857916
5560,0.049780817877857916
5561,0.049780817877857916
5562,0.049780817877857916
5563,0.049780817877857916
5564,0.049780817877857916
5565,0.049780817877857916
5566,0.049780817877857916
5567,0.049780817877857916
5568,0.049780817877857916
5569,0.049780817877857916
5570,0.049780817877857916
5571,0.049780817877857916
5572,0.049780817877857916
5573,0.049780817877857916
5574,0.049780817877857916
5575,0.049780817877857916
5576,0.049780817877857916
5577,0.049780817877857916
5578,0.049780817877857916
5579,0.049780817877857916
5580,0.049780817877857916
5581,0.049780817877857916
5582,0.049780817877857916
5583,0.049780817877857916
5584,0.049780817877857916
5585,0.049780817877857916
5586,0.049780817877857916
5587,0.049780817877857916
5588,0.049780817877857916
5589,0.049780817877857916
5590,0.049780817877857916
5591,0.049780817877857916
5592,0.049780817877857916
5593,0.049780817877857916
5594,0.049780817877857916
5595,0.049780817877857916
5596,0.049780817877857916
5597,0.049780817877857916
5598,0.049780817877857916
5599,0.049780817877857916
5600,0.049780817877857916
5601,0.049780817877857916
5602,0.049780817877857916
5603,0.049780817877857916
5604,0.049780817877857916
5605,0.049780817877857916
5606,0.049780817877857916
5607,0.049780817877857916
5608,0.049780817877857916
5609,0.049780817877857916
5610,0.049780817877857916
5611,0.049780817877857916
5612,0.049780817877857916
5613,0.049780817877857916
5614,0.049780817877857916
5615,0.049780817877857916
5616,0.049780817877857916
5617,0.049780817877857916
5618,0.049780817877857916
5619,0.049780817877857916
5620,0.049780817877857916
5621,0.049780817877857916
5622,0.049780817877857916
5623,0.049780817877857916
5624,0.049780817877857916
5625,0.049780817877857916
5626,0.049780817877857916
5627,0.049780817877857916
5628,0.049780817877857916
5629,0.049780817877857916
5630,0.049780817877857916
5631,0.049780817877857916
5632,0.049780817877857916
5633,0.049780817877857916
5634,0.049780817877857916
5635,0.049780817877857916
5636,0.049780817877857916
5637,0.049780817877857916
5638,0.049780817877857916
5639,0.049780817877857916
5640,0.049780817877857916
5641,0.049780817877857916
5642,0.049780817877857916
5643,0.049780817877857916
5644,0.049780817877857916
5645,0.049780817877857916
5646,0.049780817877857916
5647,0.049780817877857916
5648,0.049780817877857916
5649,0.049780817877857916
5650,0.049780817877857916
5651,0.049780817877857916
5652,0.049780817877857916
5653,0.049780817877857916
5654,0.049780817877857916
5655,0.049780817877857916
5656,0.049780817877857916
5657,0.049780817877857916
5658,0.049780817877857916
5659,0.049780817877857916
5660,0.049780817877857916
5661,0.049780817877857916
5662,0.049780817877857916
5663,0.049780817877857916
5664,0.049780817877857916
5665,0.049780817877857916
5666,0.049780817877857916
5667,0.049780817877857916
5668,0.049780817877857916
5669,0.049780817877857916
5670,0.049780817877857916
5671,0.049780817877857916
5672,0.049780817877857916
5673,0.049780817877857916
5674,0.049780817877857916
5675,0.049780817877857916
5676,0.049780817877857916
5677,0.049780817877857916
5678,0.049780817877857916
5679,0.049780817877857916
5680,0.049780817877857916
5681,0.049780817877857916
5682,0.049780817877857916
5683,0.049780817877857916
5684,0.049780817877857916
5685,0.049780817877857916
5686,0.049780817877857916
5687,0.049780817877857916
5688,0.049780817877857916
5689,0.049780817877857916
5690,0.049780817877857916
5691,0.049780817877857916
5692,0.049780817877857916
5693,0.049780817877857916
5694,0.049780817877857916
5695,0.049780817877857916
5696,0.049780817877857916
5697,0.049780817877857916
5698,0.049780817877857916
5699,0.049780817877857916
5700,0.049780817877857916
5701,0.049780817877857916
5702,0.049780817877857916
5703,0.049780817877857916
5704,0.049780817877857916
5705,0.049780817877857916
5706,0.049780817877857916
5707,0.049780817877857916
5708,0.049780817877857916
5709,0.049780817877857916
5710,0.049780817877857916
5711,0.049780817877857916
5712,0.049780817877857916
5713,0.049780817877857916
5714,0.049780817877857916
5715,0.049780817877857916
5716,0.049780817877857916
5717,0.049780817877857916
5718,0.049780817877857916
5719,0.049780817877857916
5720,0.049780817877857916
5721,0.049780817877857916
5722,0.049780817877857916
5723,0.049780817877857916
5724,0.049780817877857916
5725,0.049780817877857916
5726,0.049780817877857916
5727,0.049780817877857916
5728,0.049780817877857916
5729,0.049780817877857916
5730,0.049780817877857916
5731,0.049780817877857916
5732,0.049780817877857916
5733,0.049780817877857916
5734,0.049780817877857916
5735,0.049780817877857916
5736,0.049780817877857916
5737,0.049780817877857916
5738,0.049780817877857916
5739,0.049780817877857916
5740,0.049780817877857916
5741,0.049780817877857916
5742,0.049780817877857916
5743,0.049780817877857916
5744,0.049780817877857916
5745,0.049780817877857916
5746,0.049780817877857916
5747,0.049780817877857916
5748,0.049780817877857916
5749,0.049780817877857916
5750,0.049780817877857916
5751,0.049780817877857916
5752,0.049780817877857916
5753,0.049780817877857916
5754,0.049780817877857916
5755,0.049780817877857916
5756,0.049780817877857916
5757,0.049780817877857916
5758,0.049780817877857916
5759,0.049780817877857916
5760,0.049780817877857916
5761,0.049780817877857916
5762,0.049780817877857916
5763,0.049780817877857916
5764,0.049780817877857916
5765,0.049780817877857916
5766,0.049780817877857916
5767,0.049780817877857916
5768,0.049780817877857916
5769,0.049780817877857916
5770,0.049780817877857916
5771,0.049780817877857916
5772,0.049780817877857916
5773,0.049780817877857916
5774,0.049780817877857916
5775,0.049780817877857916
5776,0.049780817877857916
5777,0.049780817877857916
5778,0.049780817877857916
5779,0.049780817877857916
5780,0.049780817877857916
5781,0.049780817877857916
5782,0.049780817877857916
5783,0.049780817877857916
5784,0.049780817877857916
5785,0.049780817877857916
5786,0.049780817877857916
5787,0.049780817877857916
5788,0.049780817877857916
5789,0.049780817877857916
5790,0.049780817877857916
5791,0.049780817877857916
5792,0.049780817877857916
5793,0.049780817877857916
5794,0.049780817877857916
5795,0.049780817877857916
5796,0.049780817877857916
5797,0.049780817877857916
5798,0.049780817877857916
5799,0.049780817877857916
5800,0.049780817877857916
5801,0.049780817877857916
5802,0.049780817877857916
5803,0.049780817877857916
5804,0.049780817877857916
5805,0.049780817877857916
5806,0.049780817877857916
5807,0.049780817877857916
5808,0.049780817877857916
5809,0.049780817877857916
5810,0.049780817877857916
5811,0.049780817877857916
5812,0.049780817877857916
5813,0.049780817877857916
5814,0.049780817877857916
5815,0.049780817877857916
5816,0.049780817877857916
5817,0.049780817877857916
5818,0.049780817877857916
5819,0.049780817877857916
5820,0.049780817877857916
5821,0.049780817877857916
5822,0.049780817877857916
5823,0.049780817877857916
5824,0.049780817877857916
5825,0.049780817877857916
5826,0.049780817877857916
5827,0.049780817877857916
5828,0.049780817877857916
5829,0.049780817877857916
5830,0.049780817877857916
5831,0.049780817877857916
5832,0.049780817877857916
5833,0.049780817877857916
5834,0.049780817877857916
5835,0.049780817877857916
5836,0.049780817877857916
5837,0.049780817877857916
5838,0.049780817877857916
5839,0.049780817877857916
5840,0.049780817877857916
5841,0.049780817877857916
5842,0.049780817877857916
5843,0.049780817877857916
5844,0.049780817877857916
5845,0.049780817877857916
5846,0.049780817877857916
5847,0.049780817877857916
5848,0.049780817877857916
5849,0.049780817877857916
5850,0.049780817877857916
5851,0.049780817877857916
5852,0.049780817877857916
5853,0.049780817877857916
5854,0.049780817877857916
5855,0.049780817877857916
5856,0.049780817877857916
5857,0.049780817877857916
5858,0.049780817877857916
5859,0.049780817877857916
5860,0.049780817877857916
5861,0.049780817877857916
5862,0.049780817877857916
5863,0.049780817877857916
5864,0.049780817877857916
5865,0.049780817877857916
5866,0.049780817877857916
5867,0.049780817877857916
5868,0.049780817877857916
5869,0.049780817877857916
5870,0.049780817877857916
5871,0.049780817877857916
5872,0.049780817877857916
5873,0.049780817877857916
5874,0.049780817877857916
5875,0.049780817877857916
5876,0.049780817877857916
5877,0.049780817877857916
5878,0.049780817877857916
5879,0.049780817877857916
5880,0.049780817877857916
5881,0.049780817877857916
5882,0.049780817877857916
5883,0.049780817877857916
5884,0.049780817877857916
5885,0.049780817877857916
5886,0.049780817877857916
5887,0.049780817877857916
5888,0.049780817877857916
5889,0.049780817877857916
5890,0.049780817877857916
5891,0.049780817877857916
5892,0.049780817877857916
5893,0.049780817877857916
5894,0.049780817877857916
5895,0.049780817877857916
5896,0.049780817877857916
5897,0.049780817877857916
5898,0.049780817877857916
5899,0.049780817877857916
5900,0.049780817877857916
5901,0.049780817877857916
5902,0.049780817877857916
5903,0.049780817877857916
5904,0.049780817877857916
5905,0.049780817877857916
5906,0.049780817877857916
5907,0.049780817877857916
5908,0.049780817877857916
5909,0.049780817877857916
5910,0.049780817877857916
5911,0.049780817877857916
5912,0.049780817877857916
5913,0.049780817877857916
5914,0.049780817877857916
5915,0.049780817877857916
5916,0.049780817877857916
5917,0.049780817877857916
5918,0.049780817877857916
5919,0.049780817877857916
5920,0.049780817877857916
5921,0.049780817877857916
5922,0.049780817877857916
5923,0.049780817877857916
5924,0.049780817877857916
5925,0.049780817877857916
5926,0.049780817877857916
5927,0.049780817877857916
5928,0.049780817877857916
5929,0.049780817877857916
5930,0.049780817877857916
5931,0.049780817877857916
5932,0.049780817877857916
5933,0.049780817877857916
5934,0.049780817877857916
5935,0.049780817877857916
5936,0.049780817877857916
5937,0.049780817877857916
5938,0.049780817877857916
5939,0.049780817877857916
5940,0.049780817877857916
5941,0.049780817877857916
5942,0.049780817877857916
5943,0.049780817877857916
5944,0.049780817877857916
5945,0.049780817877857916
5946,0.049780817877857916
5947,0.049780817877857916
5948,0.049780817877857916
5949,0.049780817877857916
5950,0.049780817877857916
5951,0.049780817877857916
5952,0.049780817877857916
5953,0.049780817877857916
5954,0.049780817877857916
5955,0.049780817877857916
5956,0.049780817877857916
5957,0.049780817877857916
5958,0.049780817877857916
5959,0.049780817877857916
5960,0.049780817877857916
5961,0.049780817877857916
5962,0.049780817877857916
5963,0.049780817877857916
5964,0.049780817877857916
5965,0.049780817877857916
5966,0.049780817877857916
5967,0.049780817877857916
5968,0.049780817877857916
5969,0.049780817877857916
5970,0.049780817877857916
5971,0.049780817877857916
5972,0.049780817877857916
5973,0.049780817877857916
5974,0.049780817877857916
5975,0.049780817877857916
5976,0.049780817877857916
5977,0.049780817877857916
5978,0.049780817877857916
5979,0.049780817877857916
5980,0.049780817877857916
5981,0.049780817877857916
5982,0.049780817877857916
5983,0.049780817877857916
5984,0.049780817877857916
5985,0.049780817877857916
5986,0.049780817877857916
5987,0.049780817877857916
5988,0.049780817877857916
5989,0.049780817877857916
5990,0.049780817877857916
5991,0.049780817877857916
5992,0.049780817877857916
5993,0.049780817877857916
5994,0.049780817877857916
5995,0.049780817877857916
5996,0.049780817877857916
5997,0.049780817877857916
5998,0.049780817877857916
5999,0.049780817877857916
6000,0.049780817877857916
6001,0.049780817877857916
6002,0.049780817877857916
6003,0.049780817877857916
6004,0.049780817877857916
6005,0.049780817877857916
6006,0.049780817877857916
6007,0.049780817877857916
6008,0.049780817877857916
6009,0.049780817877857916
6010,0.049780817877857916
6011,0.049780817877857916
6012,0.049780817877857916
6013,0.049780817877857916
6014,0.049780817877857916
6015,0.049780817877857916
6016,0.049780817877857916
6017,0.049780817877857916
6018,0.049780817877857916
6019,0.049780817877857916
6020,0.049780817877857916
6021,0.049780817877857916
6022,0.049780817877857916
6023,0.049780817877857916
6024,0.049780817877857916
6025,0.049780817877857916
6026,0.049780817877857916
6027,0.049780817877857916
6028,0.049780817877857916
6029,0.049780817877857916
6030,0.049780817877857916
6031,0.049780817877857916
6032,0.049780817877857916
6033,0.049780817877857916
6034,0.049780817877857916
6035,0.049780817877857916
6036,0.049780817877857916
6037,0.049780817877857916
6038,0.049780817877857916
6039,0.049780817877857916
6040,0.049780817877857916
6041,0.049780817877857916
6042,0.049780817877857916
6043,0.049780817877857916
6044,0.049780817877857916
6045,0.049780817877857916
6046,0.049780817877857916
6047,0.049780817877857916
6048,0.049780817877857916
6049,0.049780817877857916
6050,0.049780817877857916
6051,0.049780817877857916
6052,0.049780817877857916
6053,0.049780817877857916
6054,0.049780817877857916
6055,0.049780817877857916
6056,0.049780817877857916
6057,0.049780817877857916
6058,0.049780817877857916
6059,0.049780817877857916
6060,0.049780817877857916
6061,0.049780817877857916
6062,0.049780817877857916
6063,0.049780817877857916
6064,0.049780817877857916
6065,0.049780817877857916
6066,0.049780817877857916
6067,0.049780817877857916
6068,0.049780817877857916
6069,0.049780817877857916
6070,0.049780817877857916
6071,0.049780817877857916
6072,0.049780817877857916
6073,0.049780817877857916
6074,0.049780817877857916
6075,0.049780817877857916
6076,0.049780817877857916
6077,0.049780817877857916
6078,0.049780817877857916
6079,0.049780817877857916
6080,0.049780817877857916
6081,0.049780817877857916
6082,0.049780817877857916
6083,0.049780817877857916
6084,0.049780817877857916
6085,0.049780817877857916
6086,0.049780817877857916
6087,0.049780817877857916
6088,0.049780817877857916
6089,0.049780817877857916
6090,0.049780817877857916
6091,0.049780817877857916
6092,0.049780817877857916
6093,0.049780817877857916
6094,0.049780817877857916
6095,0.049780817877857916
6096,0.049780817877857916
6097,0.049780817877857916
6098,0.049780817877857916
6099,0.049780817877857916
6100,0.049780817877857916
6101,0.049780817877857916
6102,0.049780817877857916
6103,0.049780817877857916
6104,0.049780817877857916
6105,0.049780817877857916
6106,0.049780817877857916
6107,0.049780817877857916
6108,0.049780817877857916
6109,0.049780817877857916
6110,0.049780817877857916
6111,0.049780817877857916
6112,0.049780817877857916
6113,0.049780817877857916
6114,0.049780817877857916
6115,0.049780817877857916
6116,0.049780817877857916
6117,0.049780817877857916
6118,0.049780817877857916
6119,0.049780817877857916
6120,0.049780817877857916
6121,0.049780817877857916
6122,0.049780817877857916
6123,0.049780817877857916
6124,0.049780817877857916
6125,0.049780817877857916
6126,0.049780817877857916
6127,0.049780817877857916
6128,0.049780817877857916
6129,0.049780817877857916
6130,0.049780817877857916
6131,0.049780817877857916
6132,0.049780817877857916
6133,0.049780817877857916
6134,0.049780817877857916
6135,0.049780817877857916
6136,0.049780817877857916
6137,0.049780817877857916
6138,0.049780817877857916
6139,0.049780817877857916
6140,0.049780817877857916
6141,0.049780817877857916
6142,0.049780817877857916
6143,0.049780817877857916
6144,0.049780817877857916
6145,0.049780817877857916
6146,0.049780817877857916
6147,0.049780817877857916
6148,0.049780817877857916
6149,0.049780817877857916
6150,0.049780817877857916
6151,0.049780817877857916
6152,0.049780817877857916
6153,0.049780817877857916
6154,0.049780817877857916
6155,0.049780817877857916
6156,0.049780817877857916
6157,0.049780817877857916
6158,0.049780817877857916
6159,0.049780817877857916
6160,0.049780817877857916
6161,0.049780817877857916
6162,0.049780817877857916
6163,0.049780817877857916
6164,0.049780817877857916
6165,0.049780817877857916
6166,0.049780817877857916
6167,0.049780817877857916
6168,0.049780817877857916
6169,0.049780817877857916
6170,0.049780817877857916
6171,0.049780817877857916
6172,0.049780817877857916
6173,0.049780817877857916
6174,0.049780817877857916
6175,0.049780817877857916
6176,0.049780817877857916
6177,0.049780817877857916
6178,0.049780817877857916
6179,0.049780817877857916
6180,0.049780817877857916
6181,0.049780817877857916
6182,0.049780817877857916
6183,0.049780817877857916
6184,0.049780817877857916
6185,0.049780817877857916
6186,0.049780817877857916
6187,0.049780817877857916
6188,0.049780817877857916
6189,0.049780817877857916
6190,0.049780817877857916
6191,0.049780817877857916
6192,0.049780817877857916
6193,0.049780817877857916
6194,0.049780817877857916
6195,0.049780817877857916
6196,0.049780817877857916
6197,0.049780817877857916
6198,0.049780817877857916
6199,0.049780817877857916
6200,0.049780817877857916
6201,0.04987594836056715
6202,0.04987594836056715
6203,0.04987594836056715
6204,0.04987594836056715
6205,0.04987594836056715
6206,0.04987594836056715
6207,0.04987594836056715
6208,0.04987594836056715
6209,0.05054981223832151
6210,0.05054981223832151
6211,0.05054981223832151
6212,0.05054981223832151
6213,0.05054981223832151
6214,0.05054981223832151
6215,0.05054981223832151
6216,0.05054981223832151
6217,0.05084198016663276
6218,0.05084198016663276
6219,0.05084198016663276
6220,0.05084198016663276
6221,0.05084198016663276
6222,0.05084198016663276
6223,0.05084198016663276
6224,0.05084198016663276
6225,0.05131513273543259
6226,0.05131513273543259
6227,0.05131513273543259
6228,0.05131513273543259
6229,0.05131513273543259
6230,0.05131513273543259
6231,0.05131513273543259
6232,0.05131513273543259
6233,0.05168203635728452
6234,0.05168203635728452
6235,0.05168203635728452
6236,0.05168203635728452
6237,0.05168203635728452
6238,0.05168203635728452
6239,0.05168203635728452
6240,0.05168203635728452
6241,0.051841368441260145
6242,0.051841368441260145
6243,0.051841368441260145
6244,0.051841368441260145
6245,0.051841368441260145
6246,0.051841368441260145
6247,0.051841368441260145
6248,0.051841368441260145
6249,0.051841368441260145
6250,0.051841368441260145
6251,0.051841368441260145
6252,0.051841368441260145
6253,0.051841368441260145
6254,0.051841368441260145
6255,0.051841368441260145
6256,0.051841368441260145
6257,0.051841368441260145
6258,0.051841368441260145
6259,0.051841368441260145
6260,0.051841368441260145
6261,0.051841368441260145
6262,0.051841368441260145
6263,0.051841368441260145
6264,0.051841368441260145
6265,0.051841368441260145
6266,0.051841368441260145
6267,0.051841368441260145
6268,0.051841368441260145
6269,0.051841368441260145
6270,0.051841368441260145
6271,0.051841368441260145
6272,0.051841368441260145
6273,0.051841368441260145
6274,0.051841368441260145
6275,0.051841368441260145
6276,0.051841368441260145
6277,0.051841368441260145
6278,0.051841368441260145
6279,0.051841368441260145
6280,0.051841368441260145
6281,0.051841368441260145
6282,0.051841368441260145
6283,0.051841368441260145
6284,0.051841368441260145
6285,0.051841368441260145
6286,0.051841368441260145
6287,0.051841368441260145
6288,0.051841368441260145
6289,0.051841368441260145
6290,0.051841368441260145
6291,0.051841368441260145
6292,0.051841368441260145
6293,0.051841368441260145
6294,0.051841368441260145
6295,0.051841368441260145
6296,0.051841368441260145
6297,0.051841368441260145
6298,0.051841368441260145
6299,0.051841368441260145
6300,0.051841368441260145
6301,0.051841368441260145
6302,0.051841368441260145
6303,0.051841368441260145
6304,0.051841368441260145
6305,0.051841368441260145
6306,0.051841368441260145
6307,0.051841368441260145
6308,0.051841368441260145
6309,0.051841368441260145
6310,0.051841368441260145
6311,0.051841368441260145
6312,0.051841368441260145
6313,0.051841368441260145
6314,0.051841368441260145
6315,0.051841368441260145
6316,0.051841368441260145
6317,0.051841368441260145
6318,0.051841368441260145
6319,0.051841368441260145
6320,0.051841368441260145
6321,0.051841368441260145
6322,0.051841368441260145
6323,0.051841368441260145
6324,0.051841368441260145
6325,0.051841368441260145
6326,0.051841368441260145
6327,0.051841368441260145
6328,0.051841368441260145
6329,0.051841368441260145
6330,0.051841368441260145
6331,0.051841368441260145
6332,0.051841368441260145
6333,0.051841368441260145
6334,0.051841368441260145
6335,0.051841368441260145
6336,0.051841368441260145
6337,0.051841368441260145
6338,0.051841368441260145
6339,0.051841368441260145
6340,0.051841368441260145
6341,0.051841368441260145
6342,0.051841368441260145
6343,0.051841368441260145
6344,0.051841368441260145
6345,0.051841368441260145
6346,0.051841368441260145
6347,0.051841368441260145
6348,0.051841368441260145
6349,0.051841368441260145
6350,0.051841368441260145
6351,0.051841368441260145
6352,0.051841368441260145
6353,0.051841368441260145
6354,0.051841368441260145
6355,0.051841368441260145
6356,0.051841368441260145
6357,0.051841368441260145
6358,0.051841368441260145
6359,0.051841368441260145
6360,0.051841368441260145
6361,0.051841368441260145
6362,0.051841368441260145
6363,0.051841368441260145
6364,0.051841368441260145
6365,0.051841368441260145
6366,0.051841368441260145
6367,0.051841368441260145
6368,0.051841368441260145
6369,0.051841368441260145
6370,0.051841368441260145
6371,0.051841368441260145
6372,0.051841368441260145
6373,0.051841368441260145
6374,0.051841368441260145
6375,0.051841368441260145
6376,0.051841368441260145
6377,0.051841368441260145
6378,0.051841368441260145
6379,0.051841368441260145
6380,0.051841368441260145
6381,0.051841368441260145
6382,0.051841368441260145
6383,0.051841368441260145
6384,0.051841368441260145
6385,0.051841368441260145
6386,0.051841368441260145
6387,0.051841368441260145
6388,0.051841368441260145
6389,0.051841368441260145
6390,0.051841368441260145
6391,0.051841368441260145
6392,0.051841368441260145
6393,0.051841368441260145
6394,0.051841368441260145
6395,0.051841368441260145
6396,0.051841368441260145
6397,0.051841368441260145
6398,0.051841368441260145
6399,0.051841368441260145
6400,0.051841368441260145
6401,0.051841368441260145
6402,0.051841368441260145
6403,0.051841368441260145
6404,0.051841368441260145
6405,0.051841368441260145
6406,0.051841368441260145
6407,0.051841368441260145
6408,0.051841368441260145
6409,0.051841368441260145
6410,0.051841368441260145
6411,0.051841368441260145
6412,0.051841368441260145
6413,0.051841368441260145
6414,0.051841368441260145
6415,0.051841368441260145
6416,0.051841368441260145
6417,0.051841368441260145
6418,0.051841368441260145
6419,0.051841368441260145
6420,0.051841368441260145
6421,0.051841368441260145
6422,0.051841368441260145
6423,0.051841368441260145
6424,0.051841368441260145
6425,0.051841368441260145
6426,0.051841368441260145
6427,0.051841368441260145
6428,0.051841368441260145
6429,0.051841368441260145
6430,0.051841368441260145
6431,0.051841368441260145
6432,0.051841368441260145
6433,0.051841368441260145
6434,0.051841368441260145
6435,0.051841368441260145
6436,0.051841368441260145
6437,0.051841368441260145
6438,0.051841368441260145
6439,0.051841368441260145
6440,0.051841368441260145
6441,0.051841368441260145
6442,0.051841368441260145
6443,0.051841368441260145
6444,0.051841368441260145
6445,0.051841368441260145
6446,0.051841368441260145
6447,0.051841368441260145
6448,0.051841368441260145
6449,0.051841368441260145
6450,0.051841368441260145
6451,0.051841368441260145
6452,0.051841368441260145
6453,0.051841368441260145
6454,0.051841368441260145
6455,0.051841368441260145
6456,0.051841368441260145
6457,0.051841368441260145
6458,0.051841368441260145
6459,0.051841368441260145
6460,0.051841368441260145
6461,0.051841368441260145
6462,0.051841368441260145
6463,0.051841368441260145
6464,0.051841368441260145
6465,0.051841368441260145
6466,0.051841368441260145
6467,0.051841368441260145
6468,0.051841368441260145
6469,0.051841368441260145
6470,0.051841368441260145
6471,0.051841368441260145
6472,0.051841368441260145
6473,0.051841368441260145
6474,0.051841368441260145
6475,0.051841368441260145
6476,0.051841368441260145
6477,0.051841368441260145
6478,0.051841368441260145
6479,0.051841368441260145
6480,0.051841368441260145
6481,0.051841368441260145
6482,0.051841368441260145
6483,0.051841368441260145
6484,0.051841368441260145
6485,0.051841368441260145
6486,0.051841368441260145
6487,0.051841368441260145
6488,0.051841368441260145
6489,0.051841368441260145
6490,0.051841368441260145
6491,0.051841368441260145
6492,0.051841368441260145
6493,0.051841368441260145
6494,0.051841368441260145
6495,0.051841368441260145
6496,0.051841368441260145
6497,0.051841368441260145
6498,0.051841368441260145
6499,0.051841368441260145
6500,0.051841368441260145
6501,0.051841368441260145
6502,0.051841368441260145
6503,0.051841368441260145
6504,0.051841368441260145
6505,0.051841368441260145
6506,0.051841368441260145
6507,0.051841368441260145
6508,0.051841368441260145
6509,0.051841368441260145
6510,0.051841368441260145
6511,0.051841368441260145
6512,0.051841368441260145
6513,0.051841368441260145
6514,0.051841368441260145
6515,0.051841368441260145
6516,0.051841368441260145
6517,0.051841368441260145
6518,0.051841368441260145
6519,0.051841368441260145
6520,0.051841368441260145
6521,0.051841368441260145
6522,0.051841368441260145
6523,0.051841368441260145
6524,0.051841368441260145
6525,0.051841368441260145
6526,0.051841368441260145
6527,0.051841368441260145
6528,0.051841368441260145
6529,0.051841368441260145
6530,0.051841368441260145
6531,0.051841368441260145
6532,0.051841368441260145
6533,0.051841368441260145
6534,0.051841368441260145
6535,0.051841368441260145
6536,0.051841368441260145
6537,0.051841368441260145
6538,0.051841368441260145
6539,0.051841368441260145
6540,0.051841368441260145
6541,0.051841368441260145
6542,0.051841368441260145
6543,0.051841368441260145
6544,0.051841368441260145
6545,0.051841368441260145
6546,0.051841368441260145
6547,0.051841368441260145
6548,0.051841368441260145
6549,0.051841368441260145
6550,0.051841368441260145
6551,0.051841368441260145
6552,0.051841368441260145
6553,0.051841368441260145
6554,0.051841368441260145
6555,0.051841368441260145
6556,0.051841368441260145
6557,0.051841368441260145
6558,0.051841368441260145
6559,0.051841368441260145
6560,0.051841368441260145
6561,0.051841368441260145
6562,0.051841368441260145
6563,0.051841368441260145
6564,0.051841368441260145
6565,0.051841368441260145
6566,0.051841368441260145
6567,0.051841368441260145
6568,0.051841368441260145
6569,0.051841368441260145
6570,0.051841368441260145
6571,0.051841368441260145
6572,0.051841368441260145
6573,0.051841368441260145
6574,0.051841368441260145
6575,0.051841368441260145
6576,0.051841368441260145
6577,0.051841368441260145
6578,0.051841368441260145
6579,0.051841368441260145
6580,0.051841368441260145
6581,0.051841368441260145
6582,0.051841368441260145
6583,0.051841368441260145
6584,0.051841368441260145
6585,0.051841368441260145
6586,0.051841368441260145
6587,0.051841368441260145
6588,0.051841368441260145
6589,0.051841368441260145
6590,0.051841368441260145
6591,0.051841368441260145
6592,0.051841368441260145
6593,0.051841368441260145
6594,0.051841368441260145
6595,0.051841368441260145
6596,0.051841368441260145
6597,0.051841368441260145
6598,0.051841368441260145
6599,0.051841368441260145
6600,0.051841368441260145
6601,0.051841368441260145
6602,0.051841368441260145
6603,0.051841368441260145
6604,0.051841368441260145
6605,0.051841368441260145
6606,0.051841368441260145
6607,0.051841368441260145
6608,0.051841368441260145
6609,0.051841368441260145
6610,0.051841368441260145
6611,0.051841368441260145
6612,0.051841368441260145
6613,0.051841368441260145
6614,0.051841368441260145
6615,0.051841368441260145
6616,0.051841368441260145
6617,0.051841368441260145
6618,0.051841368441260145
6619,0.051841368441260145
6620,0.051841368441260145
6621,0.051841368441260145
6622,0.051841368441260145
6623,0.051841368441260145
6624,0.051841368441260145
6625,0.051841368441260145
6626,0.051841368441260145
6627,0.051841368441260145
6628,0.051841368441260145
6629,0.051841368441260145
6630,0.051841368441260145
6631,0.051841368441260145
6632,0.051841368441260145
6633,0.051841368441260145
6634,0.051841368441260145
6635,0.051841368441260145
6636,0.051841368441260145
6637,0.051841368441260145
6638,0.051841368441260145
6639,0.051841368441260145
6640,0.051841368441260145
6641,0.051841368441260145
6642,0.051841368441260145
6643,0.051841368441260145
6644,0.051841368441260145
6645,0.051841368441260145
6646,0.051841368441260145
6647,0.051841368441260145
6648,0.051841368441260145
6649,0.051841368441260145
6650,0.051841368441260145
6651,0.051841368441260145
6652,0.051841368441260145
6653,0.051841368441260145
6654,0.051841368441260145
6655,0.051841368441260145
6656,0.051841368441260145
6657,0.051841368441260145
6658,0.051841368441260145
6659,0.051841368441260145
6660,0.051841368441260145
6661,0.051841368441260145
6662,0.051841368441260145
6663,0.051841368441260145
6664,0.051841368441260145
6665,0.051841368441260145
6666,0.051841368441260145
6667,0.051841368441260145
6668,0.051841368441260145
6669,0.051841368441260145
6670,0.051841368441260145
6671,0.051841368441260145
6672,0.051841368441260145
6673,0.051841368441260145
6674,0.051841368441260145
6675,0.051841368441260145
6676,0.051841368441260145
6677,0.051841368441260145
6678,0.051841368441260145
6679,0.051841368441260145
6680,0.051841368441260145
6681,0.051841368441260145
6682,0.051841368441260145
6683,0.051841368441260145
6684,0.051841368441260145
6685,0.051841368441260145
6686,0.051841368441260145
6687,0.051841368441260145
6688,0.051841368441260145
6689,0.051841368441260145
6690,0.051841368441260145
6691,0.051841368441260145
6692,0.051841368441260145
6693,0.051841368441260145
6694,0.051841368441260145
6695,0.051841368441260145
6696,0.051841368441260145
6697,0.051841368441260145
6698,0.051841368441260145
6699,0.051841368441260145
6700,0.051841368441260145
6701,0.051841368441260145
6702,0.051841368441260145
6703,0.051841368441260145
6704,0.051841368441260145
6705,0.051841368441260145
6706,0.051841368441260145
6707,0.051841368441260145
6708,0.051841368441260145
6709,0.051841368441260145
6710,0.051841368441260145
6711,0.051841368441260145
6712,0.051841368441260145
6713,0.051841368441260145
6714,0.051841368441260145
6715,0.051841368441260145
6716,0.051841368441260145
6717,0.051841368441260145
6718,0.051841368441260145
6719,0.051841368441260145
6720,0.051841368441260145
6721,0.051841368441260145
6722,0.051841368441260145
6723,0.051841368441260145
6724,0.051841368441260145
6725,0.051841368441260145
6726,0.051841368441260145
6727,0.051841368441260145
6728,0.051841368441260145
6729,0.051841368441260145
6730,0.051841368441260145
6731,0.051841368441260145
6732,0.051841368441260145
6733,0.051841368441260145
6734,0.051841368441260145
6735,0.051841368441260145
6736,0.051841368441260145
6737,0.051841368441260145
6738,0.051841368441260145
6739,0.051841368441260145
6740,0.051841368441260145
6741,0.051841368441260145
6742,0.051841368441260145
6743,0.051841368441260145
6744,0.051841368441260145
6745,0.051841368441260145
6746,0.051841368441260145
6747,0.051841368441260145
6748,0.051841368441260145
6749,0.051841368441260145
6750,0.051841368441260145
6751,0.051841368441260145
6752,0.051841368441260145
6753,0.051841368441260145
6754,0.051841368441260145
6755,0.051841368441260145
6756,0.051841368441260145
6757,0.051841368441260145
6758,0.051841368441260145
6759,0.051841368441260145
6760,0.051841368441260145
6761,0.051841368441260145
6762,0.051841368441260145
6763,0.051841368441260145
6764,0.051841368441260145
6765,0.051841368441260145
6766,0.051841368441260145
6767,0.051841368441260145
6768,0.051841368441260145
6769,0.051841368441260145
6770,0.051841368441260145
6771,0.051841368441260145
6772,0.051841368441260145
6773,0.051841368441260145
6774,0.051841368441260145
6775,0.051841368441260145
6776,0.051841368441260145
6777,0.051841368441260145
6778,0.051841368441260145
6779,0.051841368441260145
6780,0.051841368441260145
6781,0.051841368441260145
6782,0.051841368441260145
6783,0.051841368441260145
6784,0.051841368441260145
6785,0.051841368441260145
6786,0.051841368441260145
6787,0.051841368441260145
6788,0.051841368441260145
6789,0.051841368441260145
6790,0.051841368441260145
6791,0.051841368441260145
6792,0.051841368441260145
6793,0.051841368441260145
6794,0.051841368441260145
6795,0.051841368441260145
6796,0.051841368441260145
6797,0.051841368441260145
6798,0.051841368441260145
6799,0.051841368441260145
6800,0.051841368441260145
6801,0.051841368441260145
6802,0.051841368441260145
6803,0.051841368441260145
6804,0.051841368441260145
6805,0.051841368441260145
6806,0.051841368441260145
6807,0.051841368441260145
6808,0.051841368441260145
6809,0.051841368441260145
6810,0.051841368441260145
6811,0.051841368441260145
6812,0.051841368441260145
6813,0.051841368441260145
6814,0.051841368441260145
6815,0.051841368441260145
6816,0.051841368441260145
6817,0.051841368441260145
6818,0.051841368441260145
6819,0.051841368441260145
6820,0.051841368441260145
6821,0.051841368441260145
6822,0.051841368441260145
6823,0.051841368441260145
6824,0.051841368441260145
6825,0.051841368441260145
6826,0.051841368441260145
6827,0.051841368441260145
6828,0.051841368441260145
6829,0.051841368441260145
6830,0.051841368441260145
6831,0.051841368441260145
6832,0.051841368441260145
6833,0.051841368441260145
6834,0.051841368441260145
6835,0.051841368441260145
6836,0.051841368441260145
6837,0.051841368441260145
6838,0.051841368441260145
6839,0.051841368441260145
6840,0.051841368441260145
6841,0.051841368441260145
6842,0.051841368441260145
6843,0.051841368441260145
6844,0.051841368441260145
6845,0.051841368441260145
6846,0.051841368441260145
6847,0.051841368441260145
6848,0.051841368441260145
6849,0.051841368441260145
6850,0.051841368441260145
6851,0.051841368441260145
6852,0.051841368441260145
6853,0.051841368441260145
6854,0.051841368441260145
6855,0.051841368441260145
6856,0.051841368441260145
6857,0.051841368441260145
6858,0.051841368441260145
6859,0.051841368441260145
6860,0.051841368441260145
6861,0.051841368441260145
6862,0.051841368441260145
6863,0.051841368441260145
6864,0.051841368441260145
6865,0.051841368441260145
6866,0.051841368441260145
6867,0.051841368441260145
6868,0.051841368441260145
6869,0.051841368441260145
6870,0.051841368441260145
6871,0.051841368441260145
6872,0.051841368441260145
6873,0.051841368441260145
6874,0.051841368441260145
6875,0.051841368441260145
6876,0.051841368441260145
6877,0.051841368441260145
6878,0.051841368441260145
6879,0.051841368441260145
6880,0.051841368441260145
6881,0.051841368441260145
6882,0.051841368441260145
6883,0.051841368441260145
6884,0.051841368441260145
6885,0.051841368441260145
6886,0.051841368441260145
6887,0.051841368441260145
6888,0.051841368441260145
6889,0.051841368441260145
6890,0.051841368441260145
6891,0.051841368441260145
6892,0.051841368441260145
6893,0.051841368441260145
6894,0.051841368441260145
6895,0.051841368441260145
6896,0.051841368441260145
6897,0.051841368441260145
6898,0.051841368441260145
6899,0.051841368441260145
6900,0.051841368441260145
6901,0.051841368441260145
6902,0.051841368441260145
6903,0.051841368441260145
6904,0.051841368441260145
6905,0.051841368441260145
6906,0.051841368441260145
6907,0.051841368441260145
6908,0.051841368441260145
6909,0.051841368441260145
6910,0.051841368441260145
6911,0.051841368441260145
6912,0.051841368441260145
6913,0.051841368441260145
6914,0.051841368441260145
6915,0.051841368441260145
6916,0.051841368441260145
6917,0.051841368441260145
6918,0.051841368441260145
6919,0.051841368441260145
6920,0.051841368441260145
6921,0.051841368441260145
6922,0.051841368441260145
6923,0.051841368441260145
6924,0.051841368441260145
6925,0.051841368441260145
6926,0.051841368441260145
6927,0.051841368441260145
6928,0.051841368441260145
6929,0.051841368441260145
6930,0.051841368441260145
6931,0.051841368441260145
6932,0.051841368441260145
6933,0.051841368441260145
6934,0.051841368441260145
6935,0.051841368441260145
6936,0.051841368441260145
6937,0.051841368441260145
6938,0.051841368441260145
6939,0.051841368441260145
6940,0.051841368441260145
6941,0.051841368441260145
6942,0.051841368441260145
6943,0.051841368441260145
6944,0.051841368441260145
6945,0.051841368441260145
6946,0.051841368441260145
6947,0.051841368441260145
6948,0.051841368441260145
6949,0.051841368441260145
6950,0.051841368441260145
6951,0.051841368441260145
6952,0.051841368441260145
6953,0.051841368441260145
6954,0.051841368441260145
6955,0.051841368441260145
6956,0.051841368441260145
6957,0.051841368441260145
6958,0.051841368441260145
6959,0.051841368441260145
6960,0.051841368441260145
6961,0.051841368441260145
6962,0.051841368441260145
6963,0.051841368441260145
6964,0.051841368441260145
6965,0.051841368441260145
6966,0.051841368441260145
6967,0.051841368441260145
6968,0.051841368441260145
6969,0.051841368441260145
6970,0.051841368441260145
6971,0.051841368441260145
6972,0.051841368441260145
6973,0.051841368441260145
6974,0.051841368441260145
6975,0.051841368441260145
6976,0.051841368441260145
6977,0.051841368441260145
6978,0.051841368441260145
6979,0.051841368441260145
6980,0.051841368441260145
6981,0.051841368441260145
6982,0.051841368441260145
6983,0.051841368441260145
6984,0.051841368441260145
6985,0.051841368441260145
6986,0.051841368441260145
6987,0.051841368441260145
6988,0.051841368441260145
6989,0.051841368441260145
6990,0.051841368441260145
6991,0.051841368441260145
6992,0.051841368441260145
6993,0.051841368441260145
6994,0.051841368441260145
6995,0.051841368441260145
6996,0.051841368441260145
6997,0.051841368441260145
6998,0.051841368441260145
6999,0.051841368441260145
7000,0.051841368441260145
7001,0.051841368441260145
7002,0.051841368441260145
7003,0.051841368441260145
7004,0.051841368441260145
7005,0.051841368441260145
7006,0.051841368441260145
7007,0.051841368441260145
7008,0.051841368441260145
7009,0.051841368441260145
7010,0.051841368441260145
7011,0.051841368441260145
7012,0.051841368441260145
7013,0.051841368441260145
7014,0.051841368441260145
7015,0.051841368441260145
7016,0.051841368441260145
7017,0.051841368441260145
7018,0.051841368441260145
7019,0.051841368441260145
7020,0.051841368441260145
7021,0.051841368441260145
7022,0.051841368441260145
7023,0.051841368441260145
7024,0.051841368441260145
7025,0.051841368441260145
7026,0.051841368441260145
7027,0.051841368441260145
7028,0.051841368441260145
7029,0.051841368441260145
7030,0.051841368441260145
7031,0.051841368441260145
7032,0.051841368441260145
7033,0.051841368441260145
7034,0.051841368441260145
7035,0.051841368441260145
7036,0.051841368441260145
7037,0.051841368441260145
7038,0.051841368441260145
7039,0.051841368441260145
7040,0.051841368441260145
7041,0.051841368441260145
7042,0.051841368441260145
7043,0.051841368441260145
7044,0.051841368441260145
7045,0.051841368441260145
7046,0.051841368441260145
7047,0.051841368441260145
7048,0.051841368441260145
7049,0.051841368441260145
7050,0.051841368441260145
7051,0.051841368441260145
7052,0.051841368441260145
7053,0.051841368441260145
7054,0.051841368441260145
7055,0.051841368441260145
7056,0.051841368441260145
7057,0.051841368441260145
7058,0.051841368441260145
7059,0.051841368441260145
7060,0.051841368441260145
7061,0.051841368441260145
7062,0.051841368441260145
7063,0.051841368441260145
7064,0.051841368441260145
7065,0.051841368441260145
7066,0.051841368441260145
7067,0.051841368441260145
7068,0.051841368441260145
7069,0.051841368441260145
7070,0.051841368441260145
7071,0.051841368441260145
7072,0.051841368441260145
7073,0.051841368441260145
7074,0.051841368441260145
7075,0.051841368441260145
7076,0.051841368441260145
7077,0.051841368441260145
7078,0.051841368441260145
7079,0.051841368441260145
7080,0.051841368441260145
7081,0.051841368441260145
7082,0.051841368441260145
7083,0.051841368441260145
7084,0.051841368441260145
7085,0.051841368441260145
7086,0.051841368441260145
7087,0.051841368441260145
7088,0.051841368441260145
7089,0.051841368441260145
7090,0.051841368441260145
7091,0.051841368441260145
7092,0.051841368441260145
7093,0.051841368441260145
7094,0.051841368441260145
7095,0.051841368441260145
7096,0.051841368441260145
7097,0.051841368441260145
7098,0.051841368441260145
7099,0.051841368441260145
7100,0.051841368441260145
7101,0.051841368441260145
7102,0.051841368441260145
7103,0.051841368441260145
7104,0.051841368441260145
7105,0.051841368441260145
7106,0.051841368441260145
7107,0.051841368441260145
7108,0.051841368441260145
7109,0.051841368441260145
7110,0.051841368441260145
7111,0.051841368441260145
7112,0.051841368441260145
7113,0.051841368441260145
7114,0.051841368441260145
7115,0.051841368441260145
7116,0.051841368441260145
7117,0.051841368441260145
7118,0.051841368441260145
7119,0.051841368441260145
7120,0.051841368441260145
7121,0.051841368441260145
7122,0.051841368441260145
7123,0.051841368441260145
7124,0.051841368441260145
7125,0.051841368441260145
7126,0.051841368441260145
7127,0.051841368441260145
7128,0.051841368441260145
7129,0.051841368441260145
7130,0.051841368441260145
7131,0.051841368441260145
7132,0.051841368441260145
7133,0.051841368441260145
7134,0.051841368441260145
7135,0.051841368441260145
7136,0.051841368441260145
7137,0.051841368441260145
7138,0.051841368441260145
7139,0.051841368441260145
7140,0.051841368441260145
7141,0.051841368441260145
7142,0.051841368441260145
7143,0.051841368441260145
7144,0.051841368441260145
7145,0.051841368441260145
7146,0.051841368441260145
7147,0.051841368441260145
7148,0.051841368441260145
7149,0.051841368441260145
7150,0.051841368441260145
7151,0.051841368441260145
7152,0.051841368441260145
7153,0.051841368441260145
7154,0.051841368441260145
7155,0.051841368441260145
7156,0.051841368441260145
7157,0.051841368441260145
7158,0.051841368441260145
7159,0.051841368441260145
7160,0.051841368441260145
7161,0.051841368441260145
7162,0.051841368441260145
7163,0.051841368441260145
7164,0.051841368441260145
7165,0.051841368441260145
7166,0.051841368441260145
7167,0.051841368441260145
7168,0.051841368441260145
7169,0.051841368441260145
7170,0.051841368441260145
7171,0.051841368441260145
7172,0.051841368441260145
7173,0.051841368441260145
7174,0.051841368441260145
7175,0.051841368441260145
7176,0.051841368441260145
7177,0.051841368441260145
7178,0.051841368441260145
7179,0.051841368441260145
7180,0.051841368441260145
7181,0.051841368441260145
7182,0.051841368441260145
7183,0.051841368441260145
7184,0.051841368441260145
7185,0.051841368441260145
7186,0.051841368441260145
7187,0.051841368441260145
7188,0.051841368441260145
7189,0.051841368441260145
7190,0.051841368441260145
7191,0.051841368441260145
7192,0.051841368441260145
7193,0.051841368441260145
7194,0.051841368441260145
7195,0.051841368441260145
7196,0.051841368441260145
7197,0.051841368441260145
7198,0.051841368441260145
7199,0.051841368441260145
7200,0.051841368441260145
7201,0.051841368441260145
7202,0.051841368441260145
7203,0.051841368441260145
7204,0.051841368441260145
7205,0.051841368441260145
7206,0.051841368441260145
7207,0.051841368441260145
7208,0.051841368441260145
7209,0.051841368441260145
7210,0.051841368441260145
7211,0.051841368441260145
7212,0.051841368441260145
7213,0.051841368441260145
7214,0.051841368441260145
7215,0.051841368441260145
7216,0.051841368441260145
7217,0.051841368441260145
7218,0.051841368441260145
7219,0.051841368441260145
7220,0.051841368441260145
7221,0.051841368441260145
7222,0.051841368441260145
7223,0.051841368441260145
7224,0.051841368441260145
7225,0.051841368441260145
7226,0.051841368441260145
7227,0.051841368441260145
7228,0.051841368441260145
7229,0.051841368441260145
7230,0.051841368441260145
7231,0.051841368441260145
7232,0.051841368441260145
7233,0.051841368441260145
7234,0.051841368441260145
7235,0.051841368441260145
7236,0.051841368441260145
7237,0.051841368441260145
7238,0.051841368441260145
7239,0.051841368441260145
7240,0.051841368441260145
7241,0.051841368441260145
7242,0.051841368441260145
7243,0.051841368441260145
7244,0.051841368441260145
7245,0.051841368441260145
7246,0.051841368441260145
7247,0.051841368441260145
7248,0.051841368441260145
7249,0.051841368441260145
7250,0.051841368441260145
7251,0.051841368441260145
7252,0.051841368441260145
7253,0.051841368441260145
7254,0.051841368441260145
7255,0.051841368441260145
7256,0.051841368441260145
7257,0.051841368441260145
7258,0.051841368441260145
7259,0.051841368441260145
7260,0.051841368441260145
7261,0.051841368441260145
7262,0.051841368441260145
7263,0.051841368441260145
7264,0.051841368441260145
7265,0.051841368441260145
7266,0.051841368441260145
7267,0.051841368441260145
7268,0.051841368441260145
7269,0.051841368441260145
7270,0.051841368441260145
7271,0.051841368441260145
7272,0.051841368441260145
7273,0.051841368441260145
7274,0.051841368441260145
7275,0.051841368441260145
7276,0.051841368441260145
7277,0.051841368441260145
7278,0.051841368441260145
7279,0.051841368441260145
7280,0.051841368441260145
7281,0.051841368441260145
7282,0.051841368441260145
7283,0.051841368441260145
7284,0.051841368441260145
7285,0.051841368441260145
7286,0.051841368441260145
7287,0.051841368441260145
7288,0.051841368441260145
7289,0.051841368441260145
7290,0.051841368441260145
7291,0.051841368441260145
7292,0.051841368441260145
7293,0.051841368441260145
7294,0.051841368441260145
7295,0.051841368441260145
7296,0.051841368441260145
7297,0.051841368441260145
7298,0.051841368441260145
7299,0.051841368441260145
7300,0.051841368441260145
7301,0.051841368441260145
7302,0.051841368441260145
7303,0.051841368441260145
7304,0.051841368441260145
7305,0.051841368441260145
7306,0.051841368441260145
7307,0.051841368441260145
7308,0.051841368441260145
7309,0.051841368441260145
7310,0.051841368441260145
7311,0.051841368441260145
7312,0.051841368441260145
7313,0.051841368441260145
7314,0.051841368441260145
7315,0.051841368441260145
7316,0.051841368441260145
7317,0.051841368441260145
7318,0.051841368441260145
7319,0.051841368441260145
7320,0.051841368441260145
7321,0.051841368441260145
7322,0.051841368441260145
7323,0.051841368441260145
7324,0.051841368441260145
7325,0.051841368441260145
7326,0.051841368441260145
7327,0.051841368441260145
7328,0.051841368441260145
7329,0.051841368441260145
7330,0.051841368441260145
7331,0.051841368441260145
7332,0.051841368441260145
7333,0.051841368441260145
7334,0.051841368441260145
7335,0.051841368441260145
7336,0.051841368441260145
7337,0.051841368441260145
7338,0.051841368441260145
7339,0.051841368441260145
7340,0.051841368441260145
7341,0.051841368441260145
7342,0.051841368441260145
7343,0.051841368441260145
7344,0.051841368441260145
7345,0.051841368441260145
7346,0.051841368441260145
7347,0.051841368441260145
7348,0.051841368441260145
7349,0.051841368441260145
7350,0.051841368441260145
7351,0.051841368441260145
7352,0.051841368441260145
7353,0.051841368441260145
7354,0.051841368441260145
7355,0.051841368441260145
7356,0.051841368441260145
7357,0.051841368441260145
7358,0.051841368441260145
7359,0.051841368441260145
7360,0.051841368441260145
7361,0.051841368441260145
7362,0.051841368441260145
7363,0.051841368441260145
7364,0.051841368441260145
7365,0.051841368441260145
7366,0.051841368441260145
7367,0.051841368441260145
7368,0.051841368441260145
7369,0.051841368441260145
7370,0.051841368441260145
7371,0.051841368441260145
7372,0.051841368441260145
7373,0.051841368441260145
7374,0.051841368441260145
7375,0.051841368441260145
7376,0.051841368441260145
7377,0.051841368441260145
7378,0.051841368441260145
7379,0.051841368441260145
7380,0.051841368441260145
7381,0.051841368441260145
7382,0.051841368441260145
7383,0.051841368441260145
7384,0.051841368441260145
7385,0.051841368441260145
7386,0.051841368441260145
7387,0.051841368441260145
7388,0.051841368441260145
7389,0.051841368441260145
7390,0.051841368441260145
7391,0.051841368441260145
7392,0.051841368441260145
7393,0.051841368441260145
7394,0.051841368441260145
7395,0.051841368441260145
7396,0.051841368441260145
7397,0.051841368441260145
7398,0.051841368441260145
7399,0.051841368441260145
7400,0.051841368441260145
7401,0.051841368441260145
7402,0.051841368441260145
7403,0.051841368441260145
7404,0.051841368441260145
7405,0.051841368441260145
7406,0.051841368441260145
7407,0.051841368441260145
7408,0.051841368441260145
7409,0.051841368441260145
7410,0.051841368441260145
7411,0.051841368441260145
7412,0.051841368441260145
7413,0.051841368441260145
7414,0.051841368441260145
7415,0.051841368441260145
7416,0.051841368441260145
7417,0.051841368441260145
7418,0.051841368441260145
7419,0.051841368441260145
7420,0.051841368441260145
7421,0.051841368441260145
7422,0.051841368441260145
7423,0.051841368441260145
7424,0.051841368441260145
7425,0.051841368441260145
7426,0.051841368441260145
7427,0.051841368441260145
7428,0.051841368441260145
7429,0.051841368441260145
7430,0.051841368441260145
7431,0.051841368441260145
7432,0.051841368441260145
7433,0.051841368441260145
7434,0.051841368441260145
7435,0.051841368441260145
7436,0.051841368441260145
7437,0.051841368441260145
7438,0.051841368441260145
7439,0.051841368441260145
7440,0.051841368441260145
7441,0.051841368441260145
7442,0.051841368441260145
7443,0.051841368441260145
7444,0.051841368441260145
7445,0.051841368441260145
7446,0.051841368441260145
7447,0.051841368441260145
7448,0.051841368441260145
7449,0.051841368441260145
7450,0.051841368441260145
7451,0.051841368441260145
7452,0.051841368441260145
7453,0.051841368441260145
7454,0.051841368441260145
7455,0.051841368441260145
7456,0.051841368441260145
7457,0.051841368441260145
7458,0.051841368441260145
7459,0.051841368441260145
7460,0.051841368441260145
7461,0.051841368441260145
7462,0.051841368441260145
7463,0.051841368441260145
7464,0.051841368441260145
7465,0.051841368441260145
7466,0.051841368441260145
7467,0.051841368441260145
7468,0.051841368441260145
7469,0.051841368441260145
7470,0.051841368441260145
7471,0.051841368441260145
7472,0.051841368441260145
7473,0.051841368441260145
7474,0.051841368441260145
7475,0.051841368441260145
7476,0.051841368441260145
7477,0.051841368441260145
7478,0.051841368441260145
7479,0.051841368441260145
7480,0.051841368441260145
7481,0.051841368441260145
7482,0.051841368441260145
7483,0.051841368441260145
7484,0.051841368441260145
7485,0.051841368441260145
7486,0.051841368441260145
7487,0.051841368441260145
7488,0.051841368441260145
7489,0.051841368441260145
7490,0.051841368441260145
7491,0.051841368441260145
7492,0.051841368441260145
7493,0.051841368441260145
7494,0.051841368441260145
7495,0.051841368441260145
7496,0.051841368441260145
7497,0.051841368441260145
7498,0.051841368441260145
7499,0.051841368441260145
7500,0.051841368441260145
7501,0.051841368441260145
7502,0.051841368441260145
7503,0.051841368441260145
7504,0.051841368441260145
7505,0.051841368441260145
7506,0.051841368441260145
7507,0.051841368441260145
7508,0.051841368441260145
7509,0.051841368441260145
7510,0.051841368441260145
7511,0.051841368441260145
7512,0.051841368441260145
7513,0.051841368441260145
7514,0.051841368441260145
7515,0.051841368441260145
7516,0.051841368441260145
7517,0.051841368441260145
7518,0.051841368441260145
7519,0.051841368441260145
7520,0.051841368441260145
7521,0.051841368441260145
7522,0.051841368441260145
7523,0.051841368441260145
7524,0.051841368441260145
7525,0.051841368441260145
7526,0.051841368441260145
7527,0.051841368441260145
7528,0.051841368441260145
7529,0.051841368441260145
7530,0.051841368441260145
7531,0.051841368441260145
7532,0.051841368441260145
7533,0.051841368441260145
7534,0.051841368441260145
7535,0.051841368441260145
7536,0.051841368441260145
7537,0.051841368441260145
7538,0.051841368441260145
7539,0.051841368441260145
7540,0.051841368441260145
7541,0.051841368441260145
7542,0.051841368441260145
7543,0.051841368441260145
7544,0.051841368441260145
7545,0.051841368441260145
7546,0.051841368441260145
7547,0.051841368441260145
7548,0.051841368441260145
7549,0.051841368441260145
7550,0.051841368441260145
7551,0.051841368441260145
7552,0.051841368441260145
7553,0.051841368441260145
7554,0.051841368441260145
7555,0.051841368441260145
7556,0.051841368441260145
7557,0.051841368441260145
7558,0.051841368441260145
7559,0.051841368441260145
7560,0.051841368441260145
7561,0.051841368441260145
7562,0.051841368441260145
7563,0.051841368441260145
7564,0.051841368441260145
7565,0.051841368441260145
7566,0.051841368441260145
7567,0.051841368441260145
7568,0.051841368441260145
7569,0.051841368441260145
7570,0.051841368441260145
7571,0.051841368441260145
7572,0.051841368441260145
7573,0.051841368441260145
7574,0.051841368441260145
7575,0.051841368441260145
7576,0.051841368441260145
7577,0.051841368441260145
7578,0.051841368441260145
7579,0.051841368441260145
7580,0.051841368441260145
7581,0.051841368441260145
7582,0.051841368441260145
7583,0.051841368441260145
7584,0.051841368441260145
7585,0.051841368441260145
7586,0.051841368441260145
7587,0.051841368441260145
7588,0.051841368441260145
7589,0.051841368441260145
7590,0.051841368441260145
7591,0.051841368441260145
7592,0.051841368441260145
7593,0.051841368441260145
7594,0.051841368441260145
7595,0.051841368441260145
7596,0.051841368441260145
7597,0.051841368441260145
7598,0.051841368441260145
7599,0.051841368441260145
7600,0.051841368441260145
7601,0.051841368441260145
7602,0.051841368441260145
7603,0.051841368441260145
7604,0.051841368441260145
7605,0.051841368441260145
7606,0.051841368441260145
7607,0.051841368441260145
7608,0.051841368441260145
7609,0.051841368441260145
7610,0.051841368441260145
7611,0.051841368441260145
7612,0.051841368441260145
7613,0.051841368441260145
7614,0.051841368441260145
7615,0.051841368441260145
7616,0.051841368441260145
7617,0.051841368441260145
7618,0.051841368441260145
7619,0.051841368441260145
7620,0.051841368441260145
7621,0.051841368441260145
7622,0.051841368441260145
7623,0.051841368441260145
7624,0.051841368441260145
7625,0.051841368441260145
7626,0.051841368441260145
7627,0.051841368441260145
7628,0.051841368441260145
7629,0.051841368441260145
7630,0.051841368441260145
7631,0.051841368441260145
7632,0.051841368441260145
7633,0.051841368441260145
7634,0.051841368441260145
7635,0.051841368441260145
7636,0.051841368441260145
7637,0.051841368441260145
7638,0.051841368441260145
7639,0.051841368441260145
7640,0.051841368441260145
7641,0.051841368441260145
7642,0.051841368441260145
7643,0.051841368441260145
7644,0.051841368441260145
7645,0.051841368441260145
7646,0.051841368441260145
7647,0.051841368441260145
7648,0.051841368441260145
7649,0.051841368441260145
7650,0.051841368441260145
7651,0.051841368441260145
7652,0.051841368441260145
7653,0.051841368441260145
7654,0.051841368441260145
7655,0.051841368441260145
7656,0.051841368441260145
7657,0.051841368441260145
7658,0.051841368441260145
7659,0.051841368441260145
7660,0.051841368441260145
7661,0.051841368441260145
7662,0.051841368441260145
7663,0.051841368441260145
7664,0.051841368441260145
7665,0.051841368441260145
7666,0.051841368441260145
7667,0.051841368441260145
7668,0.051841368441260145
7669,0.051841368441260145
7670,0.051841368441260145
7671,0.051841368441260145
7672,0.051841368441260145
7673,0.051841368441260145
7674,0.051841368441260145
7675,0.051841368441260145
7676,0.051841368441260145
7677,0.051841368441260145
7678,0.051841368441260145
7679,0.051841368441260145
7680,0.051841368441260145
7681,0.051841368441260145
7682,0.051841368441260145
7683,0.051841368441260145
7684,0.051841368441260145
7685,0.051841368441260145
7686,0.051841368441260145
7687,0.051841368441260145
7688,0.051841368441260145
7689,0.051841368441260145
7690,0.051841368441260145
7691,0.051841368441260145
7692,0.051841368441260145
7693,0.051841368441260145
7694,0.051841368441260145
7695,0.051841368441260145
7696,0.051841368441260145
7697,0.051841368441260145
7698,0.051841368441260145
7699,0.051841368441260145
7700,0.051841368441260145
7701,0.051841368441260145
7702,0.051841368441260145
7703,0.051841368441260145
7704,0.051841368441260145
7705,0.051841368441260145
7706,0.051841368441260145
7707,0.051841368441260145
7708,0.051841368441260145
7709,0.051841368441260145
7710,0.051841368441260145
7711,0.051841368441260145
7712,0.051841368441260145
7713,0.051841368441260145
7714,0.051841368441260145
7715,0.051841368441260145
7716,0.051841368441260145
7717,0.051841368441260145
7718,0.051841368441260145
7719,0.051841368441260145
7720,0.051841368441260145
7721,0.051841368441260145
7722,0.051841368441260145
7723,0.051841368441260145
7724,0.051841368441260145
7725,0.051841368441260145
7726,0.051841368441260145
7727,0.051841368441260145
7728,0.051841368441260145
7729,0.051841368441260145
7730,0.051841368441260145
7731,0.051841368441260145
7732,0.051841368441260145
7733,0.051841368441260145
7734,0.051841368441260145
7735,0.051841368441260145
7736,0.051841368441260145
7737,0.051841368441260145
7738,0.051841368441260145
7739,0.051841368441260145
7740,0.051841368441260145
7741,0.051841368441260145
7742,0.051841368441260145
7743,0.051841368441260145
7744,0.051841368441260145
7745,0.051841368441260145
7746,0.051841368441260145
7747,0.051841368441260145
7748,0.051841368441260145
7749,0.051841368441260145
7750,0.051841368441260145
7751,0.051841368441260145
7752,0.051841368441260145
7753,0.051841368441260145
7754,0.051841368441260145
7755,0.051841368441260145
7756,0.051841368441260145
7757,0.051841368441260145
7758,0.051841368441260145
7759,0.051841368441260145
7760,0.051841368441260145
7761,0.051841368441260145
7762,0.051841368441260145
7763,0.051841368441260145
7764,0.051841368441260145
7765,0.051841368441260145
7766,0.051841368441260145
7767,0.051841368441260145
7768,0.051841368441260145
7769,0.051841368441260145
7770,0.051841368441260145
7771,0.051841368441260145
7772,0.051841368441260145
7773,0.051841368441260145
7774,0.051841368441260145
7775,0.051841368441260145
7776,0.051841368441260145
7777,0.051841368441260145
7778,0.051841368441260145
7779,0.051841368441260145
7780,0.051841368441260145
7781,0.051841368441260145
7782,0.051841368441260145
7783,0.051841368441260145
7784,0.051841368441260145
7785,0.051841368441260145
7786,0.051841368441260145
7787,0.051841368441260145
7788,0.051841368441260145
7789,0.051841368441260145
7790,0.051841368441260145
7791,0.051841368441260145
7792,0.051841368441260145
7793,0.051841368441260145
7794,0.051841368441260145
7795,0.051841368441260145
7796,0.051841368441260145
7797,0.051841368441260145
7798,0.051841368441260145
7799,0.051841368441260145
7800,0.051841368441260145
7801,0.051841368441260145
7802,0.051841368441260145
7803,0.051841368441260145
7804,0.051841368441260145
7805,0.051841368441260145
7806,0.051841368441260145
7807,0.051841368441260145
7808,0.051841368441260145
7809,0.051841368441260145
7810,0.051841368441260145
7811,0.051841368441260145
7812,0.051841368441260145
7813,0.051841368441260145
7814,0.051841368441260145
7815,0.051841368441260145
7816,0.051841368441260145
7817,0.051841368441260145
7818,0.051841368441260145
7819,0.051841368441260145
7820,0.051841368441260145
7821,0.051841368441260145
7822,0.051841368441260145
7823,0.051841368441260145
7824,0.051841368441260145
7825,0.051841368441260145
7826,0.051841368441260145
7827,0.051841368441260145
7828,0.051841368441260145
7829,0.051841368441260145
7830,0.051841368441260145
7831,0.051841368441260145
7832,0.051841368441260145
7833,0.051841368441260145
7834,0.051841368441260145
7835,0.051841368441260145
7836,0.051841368441260145
7837,0.051841368441260145
7838,0.051841368441260145
7839,0.051841368441260145
7840,0.051841368441260145
7841,0.051841368441260145
7842,0.051841368441260145
7843,0.051841368441260145
7844,0.051841368441260145
7845,0.051841368441260145
7846,0.051841368441260145
7847,0.051841368441260145
7848,0.051841368441260145
7849,0.051841368441260145
7850,0.051841368441260145
7851,0.051841368441260145
7852,0.051841368441260145
7853,0.051841368441260145
7854,0.051841368441260145
7855,0.051841368441260145
7856,0.051841368441260145
7857,0.051841368441260145
7858,0.051841368441260145
7859,0.051841368441260145
7860,0.051841368441260145
7861,0.051841368441260145
7862,0.051841368441260145
7863,0.051841368441260145
7864,0.051841368441260145
7865,0.051841368441260145
7866,0.051841368441260145
7867,0.051841368441260145
7868,0.051841368441260145
7869,0.051841368441260145
7870,0.051841368441260145
7871,0.051841368441260145
7872,0.051841368441260145
7873,0.051841368441260145
7874,0.051841368441260145
7875,0.051841368441260145
7876,0.051841368441260145
7877,0.051841368441260145
7878,0.051841368441260145
7879,0.051841368441260145
7880,0.051841368441260145
7881,0.051841368441260145
7882,0.051841368441260145
7883,0.051841368441260145
7884,0.051841368441260145
7885,0.051841368441260145
7886,0.051841368441260145
7887,0.051841368441260145
7888,0.051841368441260145
7889,0.051841368441260145
7890,0.051841368441260145
7891,0.051841368441260145
7892,0.051841368441260145
7893,0.051841368441260145
7894,0.051841368441260145
7895,0.051841368441260145
7896,0.051841368441260145
7897,0.051841368441260145
7898,0.051841368441260145
7899,0.051841368441260145
7900,0.051841368441260145
7901,0.051841368441260145
7902,0.051841368441260145
7903,0.051841368441260145
7904,0.051841368441260145
7905,0.051841368441260145
7906,0.051841368441260145
7907,0.051841368441260145
7908,0.051841368441260145
7909,0.051841368441260145
7910,0.051841368441260145
7911,0.051841368441260145
7912,0.051841368441260145
7913,0.051841368441260145
7914,0.051841368441260145
7915,0.051841368441260145
7916,0.051841368441260145
7917,0.051841368441260145
7918,0.051841368441260145
7919,0.051841368441260145
7920,0.051841368441260145
7921,0.051841368441260145
7922,0.051841368441260145
7923,0.051841368441260145
7924,0.051841368441260145
7925,0.051841368441260145
7926,0.051841368441260145
7927,0.051841368441260145
7928,0.051841368441260145
7929,0.051841368441260145
7930,0.051841368441260145
7931,0.051841368441260145
7932,0.051841368441260145
7933,0.051841368441260145
7934,0.051841368441260145
7935,0.051841368441260145
7936,0.051841368441260145
7937,0.051841368441260145
7938,0.051841368441260145
7939,0.051841368441260145
7940,0.051841368441260145
7941,0.051841368441260145
7942,0.051841368441260145
7943,0.051841368441260145
7944,0.051841368441260145
7945,0.051841368441260145
7946,0.051841368441260145
7947,0.051841368441260145
7948,0.051841368441260145
7949,0.051841368441260145
7950,0.051841368441260145
7951,0.051841368441260145
7952,0.051841368441260145
7953,0.051841368441260145
7954,0.051841368441260145
7955,0.051841368441260145
7956,0.051841368441260145
7957,0.051841368441260145
7958,0.051841368441260145
7959,0.051841368441260145
7960,0.051841368441260145
7961,0.051841368441260145
7962,0.051841368441260145
7963,0.051841368441260145
7964,0.051841368441260145
7965,0.051841368441260145
7966,0.051841368441260145
7967,0.051841368441260145
7968,0.051841368441260145
7969,0.051841368441260145
7970,0.051841368441260145
7971,0.051841368441260145
7972,0.051841368441260145
7973,0.051841368441260145
7974,0.051841368441260145
7975,0.051841368441260145
7976,0.051841368441260145
7977,0.051841368441260145
7978,0.051841368441260145
7979,0.051841368441260145
7980,0.051841368441260145
7981,0.051841368441260145
7982,0.051841368441260145
7983,0.051841368441260145
7984,0.051841368441260145
7985,0.051841368441260145
7986,0.051841368441260145
7987,0.051841368441260145
7988,0.051841368441260145
7989,0.051841368441260145
7990,0.051841368441260145
7991,0.051841368441260145
7992,0.051841368441260145
7993,0.051841368441260145
7994,0.051841368441260145
7995,0.051841368441260145
7996,0.051841368441260145
7997,0.051841368441260145
7998,0.051841368441260145
7999,0.051841368441260145
8000,0.051841368441260145
8001,0.051841368441260145
8002,0.051841368441260145
8003,0.051841368441260145
8004,0.051841368441260145
8005,0.051841368441260145
8006,0.051841368441260145
8007,0.051841368441260145
8008,0.051841368441260145
8009,0.051841368441260145
8010,0.051841368441260145
8011,0.051841368441260145
8012,0.051841368441260145
8013,0.051841368441260145
8014,0.051841368441260145
8015,0.051841368441260145
8016,0.051841368441260145
8017,0.051841368441260145
8018,0.051841368441260145
8019,0.051841368441260145
8020,0.051841368441260145
8021,0.051841368441260145
8022,0.051841368441260145
8023,0.051841368441260145
8024,0.051841368441260145
8025,0.051841368441260145
8026,0.051841368441260145
8027,0.051841368441260145
8028,0.051841368441260145
8029,0.051841368441260145
8030,0.051841368441260145
8031,0.051841368441260145
8032,0.051841368441260145
8033,0.051841368441260145
8034,0.051841368441260145
8035,0.051841368441260145
8036,0.051841368441260145
8037,0.051841368441260145
8038,0.051841368441260145
8039,0.051841368441260145
8040,0.051841368441260145
8041,0.051841368441260145
8042,0.051841368441260145
8043,0.051841368441260145
8044,0.051841368441260145
8045,0.051841368441260145
8046,0.051841368441260145
8047,0.051841368441260145
8048,0.051841368441260145
8049,0.051841368441260145
8050,0.051841368441260145
8051,0.051841368441260145
8052,0.051841368441260145
8053,0.051841368441260145
8054,0.051841368441260145
8055,0.051841368441260145
8056,0.051841368441260145
8057,0.051841368441260145
8058,0.051841368441260145
8059,0.051841368441260145
8060,0.051841368441260145
8061,0.051841368441260145
8062,0.051841368441260145
8063,0.051841368441260145
8064,0.051841368441260145
8065,0.051841368441260145
8066,0.051841368441260145
8067,0.051841368441260145
8068,0.051841368441260145
8069,0.051841368441260145
8070,0.051841368441260145
8071,0.051841368441260145
8072,0.051841368441260145
8073,0.051841368441260145
8074,0.051841368441260145
8075,0.051841368441260145
8076,0.051841368441260145
8077,0.051841368441260145
8078,0.051841368441260145
8079,0.051841368441260145
8080,0.051841368441260145
8081,0.051841368441260145
8082,0.051841368441260145
8083,0.051841368441260145
8084,0.051841368441260145
8085,0.051841368441260145
8086,0.051841368441260145
8087,0.051841368441260145
8088,0.051841368441260145
8089,0.051841368441260145
8090,0.051841368441260145
8091,0.051841368441260145
8092,0.051841368441260145
8093,0.051841368441260145
8094,0.051841368441260145
8095,0.051841368441260145
8096,0.051841368441260145
8097,0.051841368441260145
8098,0.051841368441260145
8099,0.051841368441260145
8100,0.051841368441260145
8101,0.051841368441260145
8102,0.051841368441260145
8103,0.051841368441260145
8104,0.051841368441260145
8105,0.051841368441260145
8106,0.051841368441260145
8107,0.051841368441260145
8108,0.051841368441260145
8109,0.051841368441260145
8110,0.051841368441260145
8111,0.051841368441260145
8112,0.051841368441260145
8113,0.051841368441260145
8114,0.051841368441260145
8115,0.051841368441260145
8116,0.051841368441260145
8117,0.051841368441260145
8118,0.051841368441260145
8119,0.051841368441260145
8120,0.051841368441260145
8121,0.051841368441260145
8122,0.051841368441260145
8123,0.051841368441260145
8124,0.051841368441260145
8125,0.051841368441260145
8126,0.051841368441260145
8127,0.051841368441260145
8128,0.051841368441260145
8129,0.051841368441260145
8130,0.051841368441260145
8131,0.051841368441260145
8132,0.051841368441260145
8133,0.051841368441260145
8134,0.051841368441260145
8135,0.051841368441260145
8136,0.051841368441260145
8137,0.051841368441260145
8138,0.051841368441260145
8139,0.051841368441260145
8140,0.051841368441260145
8141,0.051841368441260145
8142,0.051841368441260145
8143,0.051841368441260145
8144,0.051841368441260145
8145,0.051841368441260145
8146,0.051841368441260145
8147,0.051841368441260145
8148,0.051841368441260145
8149,0.051841368441260145
8150,0.051841368441260145
8151,0.051841368441260145
8152,0.051841368441260145
8153,0.051841368441260145
8154,0.051841368441260145
8155,0.051841368441260145
8156,0.051841368441260145
8157,0.051841368441260145
8158,0.051841368441260145
8159,0.051841368441260145
8160,0.051841368441260145
8161,0.051841368441260145
8162,0.051841368441260145
8163,0.051841368441260145
8164,0.051841368441260145
8165,0.051841368441260145
8166,0.051841368441260145
8167,0.051841368441260145
8168,0.051841368441260145
8169,0.051841368441260145
8170,0.051841368441260145
8171,0.051841368441260145
8172,0.051841368441260145
8173,0.051841368441260145
8174,0.051841368441260145
8175,0.051841368441260145
8176,0.051841368441260145
8177,0.051841368441260145
8178,0.051841368441260145
8179,0.051841368441260145
8180,0.051841368441260145
8181,0.051841368441260145
8182,0.051841368441260145
8183,0.051841368441260145
8184,0.051841368441260145
8185,0.051841368441260145
8186,0.051841368441260145
8187,0.051841368441260145
8188,0.051841368441260145
8189,0.051841368441260145
8190,0.051841368441260145
8191,0.051841368441260145
8192,0.051841368441260145
8193,0.051841368441260145
8194,0.051841368441260145
8195,0.051841368441260145
8196,0.051841368441260145
8197,0.051841368441260145
8198,0.051841368441260145
8199,0.051841368441260145
8200,0.051841368441260145
8201,0.051841368441260145
8202,0.051841368441260145
8203,0.051841368441260145
8204,0.051841368441260145
8205,0.051841368441260145
8206,0.051841368441260145
8207,0.051841368441260145
8208,0.051841368441260145
8209,0.05190843243800586
8210,0.05190843243800586
8211,0.05190843243800586
8212,0.05190843243800586
8213,0.05190843243800586
8214,0.05190843243800586
8215,0.05190843243800586
8216,0.05190843243800586
8217,0.05414547941498644
8218,0.05414547941498644
8219,0.05414547941498644
8220,0.05414547941498644
8221,0.05414547941498644
8222,0.05414547941498644
8223,0.05414547941498644
8224,0.05414547941498644
8225,0.05994792973848551
8226,0.05994792973848551
8227,0.05994792973848551
8228,0.05994792973848551
8229,0.05994792973848551
8230,0.05994792973848551
8231,0.05994792973848551
8232,0.05994792973848551
8233,0.07488612398040209
8234,0.07488612398040209
8235,0.07488612398040209
8236,0.07488612398040209
8237,0.07488612398040209
8238,0.07488612398040209
8239,0.07488612398040209
8240,0.07488612398040209
8241,0.07897825868796397
8242,0.07897825868796397
8243,0.07897825868796397
8244,0.07897825868796397
8245,0.07897825868796397
8246,0.07897825868796397
8247,0.07897825868796397
8248,0.07897825868796397
8249,0.07951852824806224
8250,0.07951852824806224
8251,0.07951852824806224
8252,0.07951852824806224
8253,0.07951852824806224
8254,0.07951852824806224
8255,0.07951852824806224
8256,0.07951852824806224
8257,0.07981834279340347
8258,0.07981834279340347
8259,0.07981834279340347
8260,0.07981834279340347
8261,0.07981834279340347
8262,0.07981834279340347
8263,0.07981834279340347
8264,0.07981834279340347
8265,0.07823912183730328
8266,0.07823912183730328
8267,0.07823912183730328
8268,0.07823912183730328
8269,0.07823912183730328
8270,0.07823912183730328
8271,0.07823912183730328
8272,0.07823912183730328
8273,0.07820167726653623
8274,0.07820167726653623
8275,0.07820167726653623
8276,0.07820167726653623
8277,0.07820167726653623
8278,0.07820167726653623
8279,0.07820167726653623
8280,0.07820167726653623
8281,0.07895770189836097
8282,0.07895770189836097
8283,0.07895770189836097
8284,0.07895770189836097
8285,0.07895770189836097
8286,0.07895770189836097
8287,0.07895770189836097
8288,0.07895770189836097
8289,0.07895770189836097
8290,0.07895770189836097
8291,0.07895770189836097
8292,0.07895770189836097
8293,0.07895770189836097
8294,0.07895770189836097
8295,0.07895770189836097
8296,0.07895770189836097
8297,0.07870346047695041
8298,0.07870346047695041
8299,0.07870346047695041
8300,0.07870346047695041
8301,0.07870346047695041
8302,0.07870346047695041
8303,0.07870346047695041
8304,0.07870346047695041
8305,0.07865389654012037
8306,0.07865389654012037
8307,0.07865389654012037
8308,0.07865389654012037
8309,0.07865389654012037
8310,0.07865389654012037
8311,0.07865389654012037
8312,0.07865389654012037
8313,0.07865389654012037
8314,0.07865389654012037
8315,0.07865389654012037
8316,0.07865389654012037
8317,0.07865389654012037
8318,0.07865389654012037
8319,0.07865389654012037
8320,0.07865389654012037
8321,0.07865389654012037
8322,0.07865389654012037
8323,0.07865389654012037
8324,0.07865389654012037
8325,0.07865389654012037
8326,0.07865389654012037
8327,0.07865389654012037
8328,0.07865389654012037
8329,0.07865389654012037
8330,0.07865389654012037
8331,0.07865389654012037
8332,0.07865389654012037
8333,0.07865389654012037
8334,0.07865389654012037
8335,0.07865389654012037
8336,0.07865389654012037
8337,0.07865389654012037
8338,0.07865389654012037
8339,0.07865389654012037
8340,0.07865389654012037
8341,0.07865389654012037
8342,0.07865389654012037
8343,0.07865389654012037
8344,0.07865389654012037
8345,0.07865389654012037
8346,0.07865389654012037
8347,0.07865389654012037
8348,0.07865389654012037
8349,0.07865389654012037
8350,0.07865389654012037
8351,0.07865389654012037
8352,0.07865389654012037
8353,0.07865389654012037
8354,0.07865389654012037
8355,0.07865389654012037
8356,0.07865389654012037
8357,0.07865389654012037
8358,0.07865389654012037
8359,0.07865389654012037
8360,0.07865389654012037
8361,0.07865389654012037
8362,0.07865389654012037
8363,0.07865389654012037
8364,0.07865389654012037
8365,0.07865389654012037
8366,0.07865389654012037
8367,0.07865389654012037
8368,0.07865389654012037
8369,0.07865389654012037
8370,0.07865389654012037
8371,0.07865389654012037
8372,0.07865389654012037
8373,0.07865389654012037
8374,0.07865389654012037
8375,0.07865389654012037
8376,0.07865389654012037
8377,0.07865389654012037
8378,0.07865389654012037
8379,0.07865389654012037
8380,0.07865389654012037
8381,0.07865389654012037
8382,0.07865389654012037
8383,0.07865389654012037
8384,0.07865389654012037
8385,0.07865389654012037
8386,0.07865389654012037
8387,0.07865389654012037
8388,0.07865389654012037
8389,0.07865389654012037
8390,0.07865389654012037
8391,0.07865389654012037
8392,0.07865389654012037
8393,0.07865389654012037
8394,0.07865389654012037
8395,0.07865389654012037
8396,0.07865389654012037
8397,0.07865389654012037
8398,0.07865389654012037
8399,0.07865389654012037
8400,0.07865389654012037
8401,0.07865389654012037
8402,0.07865389654012037
8403,0.07865389654012037
8404,0.07865389654012037
8405,0.07865389654012037
8406,0.07865389654012037
8407,0.07865389654012037
8408,0.07865389654012037
8409,0.07865389654012037
8410,0.07865389654012037
8411,0.07865389654012037
8412,0.07865389654012037
8413,0.07865389654012037
8414,0.07865389654012037
8415,0.07865389654012037
8416,0.07865389654012037
8417,0.07865389654012037
8418,0.07865389654012037
8419,0.07865389654012037
8420,0.07865389654012037
8421,0.07865389654012037
8422,0.07865389654012037
8423,0.07865389654012037
8424,0.07865389654012037
8425,0.07865389654012037
8426,0.07865389654012037
8427,0.07865389654012037
8428,0.07865389654012037
8429,0.07865389654012037
8430,0.07865389654012037
8431,0.07865389654012037
8432,0.07865389654012037
8433,0.07865389654012037
8434,0.07865389654012037
8435,0.07865389654012037
8436,0.07865389654012037
8437,0.07865389654012037
8438,0.07865389654012037
8439,0.07865389654012037
8440,0.07865389654012037
8441,0.07865389654012037
8442,0.07865389654012037
8443,0.07865389654012037
8444,0.07865389654012037
8445,0.07865389654012037
8446,0.07865389654012037
8447,0.07865389654012037
8448,0.07865389654012037
8449,0.07865389654012037
8450,0.07865389654012037
8451,0.07865389654012037
8452,0.07865389654012037
8453,0.07865389654012037
8454,0.07865389654012037
8455,0.07865389654012037
8456,0.07865389654012037
8457,0.07865389654012037
8458,0.07865389654012037
8459,0.07865389654012037
8460,0.07865389654012037
8461,0.07865389654012037
8462,0.07865389654012037
8463,0.07865389654012037
8464,0.07865389654012037
8465,0.07865389654012037
8466,0.07865389654012037
8467,0.07865389654012037
8468,0.07865389654012037
8469,0.07865389654012037
8470,0.07865389654012037
8471,0.07865389654012037
8472,0.07865389654012037
8473,0.07865389654012037
8474,0.07865389654012037
8475,0.07865389654012037
8476,0.07865389654012037
8477,0.07865389654012037
8478,0.07865389654012037
8479,0.07865389654012037
8480,0.07865389654012037
8481,0.07865389654012037
8482,0.07865389654012037
8483,0.07865389654012037
8484,0.07865389654012037
8485,0.07865389654012037
8486,0.07865389654012037
8487,0.07865389654012037
8488,0.07865389654012037
8489,0.07865389654012037
8490,0.07865389654012037
8491,0.07865389654012037
8492,0.07865389654012037
8493,0.07865389654012037
8494,0.07865389654012037
8495,0.07865389654012037
8496,0.07865389654012037
8497,0.07865389654012037
8498,0.07865389654012037
8499,0.07865389654012037
8500,0.07865389654012037
8501,0.07865389654012037
8502,0.07865389654012037
8503,0.07865389654012037
8504,0.07865389654012037
8505,0.07865389654012037
8506,0.07865389654012037
8507,0.07865389654012037
8508,0.07865389654012037
8509,0.07865389654012037
8510,0.07865389654012037
8511,0.07865389654012037
8512,0.07865389654012037
8513,0.07865389654012037
8514,0.07865389654012037
8515,0.07865389654012037
8516,0.07865389654012037
8517,0.07865389654012037
8518,0.07865389654012037
8519,0.07865389654012037
8520,0.07865389654012037
8521,0.07865389654012037
8522,0.07865389654012037
8523,0.07865389654012037
8524,0.07865389654012037
8525,0.07865389654012037
8526,0.07865389654012037
8527,0.07865389654012037
8528,0.07865389654012037
8529,0.07865389654012037
8530,0.07865389654012037
8531,0.07865389654012037
8532,0.07865389654012037
8533,0.07865389654012037
8534,0.07865389654012037
8535,0.07865389654012037
8536,0.07865389654012037
8537,0.07865389654012037
8538,0.07865389654012037
8539,0.07865389654012037
8540,0.07865389654012037
8541,0.07865389654012037
8542,0.07865389654012037
8543,0.07865389654012037
8544,0.07865389654012037
8545,0.07865389654012037
8546,0.07865389654012037
8547,0.07865389654012037
8548,0.07865389654012037
8549,0.07865389654012037
8550,0.07865389654012037
8551,0.07865389654012037
8552,0.07865389654012037
8553,0.07865389654012037
8554,0.07865389654012037
8555,0.07865389654012037
8556,0.07865389654012037
8557,0.07865389654012037
8558,0.07865389654012037
8559,0.07865389654012037
8560,0.07865389654012037
8561,0.07865389654012037
8562,0.07865389654012037
8563,0.07865389654012037
8564,0.07865389654012037
8565,0.07865389654012037
8566,0.07865389654012037
8567,0.07865389654012037
8568,0.07865389654012037
8569,0.07865389654012037
8570,0.07865389654012037
8571,0.07865389654012037
8572,0.07865389654012037
8573,0.07865389654012037
8574,0.07865389654012037
8575,0.07865389654012037
8576,0.07865389654012037
8577,0.07865389654012037
8578,0.07865389654012037
8579,0.07865389654012037
8580,0.07865389654012037
8581,0.07865389654012037
8582,0.07865389654012037
8583,0.07865389654012037
8584,0.07865389654012037
8585,0.07865389654012037
8586,0.07865389654012037
8587,0.07865389654012037
8588,0.07865389654012037
8589,0.07865389654012037
8590,0.07865389654012037
8591,0.07865389654012037
8592,0.07865389654012037
8593,0.07865389654012037
8594,0.07865389654012037
8595,0.07865389654012037
8596,0.07865389654012037
8597,0.07865389654012037
8598,0.07865389654012037
8599,0.07865389654012037
8600,0.07865389654012037
8601,0.07865389654012037
8602,0.07865389654012037
8603,0.07865389654012037
8604,0.07865389654012037
8605,0.07865389654012037
8606,0.07865389654012037
8607,0.07865389654012037
8608,0.07865389654012037
8609,0.07865389654012037
8610,0.07865389654012037
8611,0.07865389654012037
8612,0.07865389654012037
8613,0.07865389654012037
8614,0.07865389654012037
8615,0.07865389654012037
8616,0.07865389654012037
8617,0.07865389654012037
8618,0.07865389654012037
8619,0.07865389654012037
8620,0.07865389654012037
8621,0.07865389654012037
8622,0.07865389654012037
8623,0.07865389654012037
8624,0.07865389654012037
8625,0.07865389654012037
8626,0.07865389654012037
8627,0.07865389654012037
8628,0.07865389654012037
8629,0.07865389654012037
8630,0.07865389654012037
8631,0.07865389654012037
8632,0.07865389654012037
8633,0.07865389654012037
8634,0.07865389654012037
8635,0.07865389654012037
8636,0.07865389654012037
8637,0.07865389654012037
8638,0.07865389654012037
8639,0.07865389654012037
8640,0.07865389654012037
8641,0.07865389654012037
8642,0.07865389654012037
8643,0.07865389654012037
8644,0.07865389654012037
8645,0.07865389654012037
8646,0.07865389654012037
8647,0.07865389654012037
8648,0.07865389654012037
8649,0.07865389654012037
8650,0.07865389654012037
8651,0.07865389654012037
8652,0.07865389654012037
8653,0.07865389654012037
8654,0.07865389654012037
8655,0.07865389654012037
8656,0.07865389654012037
8657,0.07865389654012037
8658,0.07865389654012037
8659,0.07865389654012037
8660,0.07865389654012037
8661,0.07865389654012037
8662,0.07865389654012037
8663,0.07865389654012037
8664,0.07865389654012037
8665,0.07865389654012037
8666,0.07865389654012037
8667,0.07865389654012037
8668,0.07865389654012037
8669,0.07865389654012037
8670,0.07865389654012037
8671,0.07865389654012037
8672,0.07865389654012037
8673,0.07865389654012037
8674,0.07865389654012037
8675,0.07865389654012037
8676,0.07865389654012037
8677,0.07865389654012037
8678,0.07865389654012037
8679,0.07865389654012037
8680,0.07865389654012037
8681,0.07865389654012037
8682,0.07865389654012037
8683,0.07865389654012037
8684,0.07865389654012037
8685,0.07865389654012037
8686,0.07865389654012037
8687,0.07865389654012037
8688,0.07865389654012037
8689,0.07865389654012037
8690,0.07865389654012037
8691,0.07865389654012037
8692,0.07865389654012037
8693,0.07865389654012037
8694,0.07865389654012037
8695,0.07865389654012037
8696,0.07865389654012037
8697,0.07865389654012037
8698,0.07865389654012037
8699,0.07865389654012037
8700,0.07865389654012037
8701,0.07865389654012037
8702,0.07865389654012037
8703,0.07865389654012037
8704,0.07865389654012037
8705,0.07865389654012037
8706,0.07865389654012037
8707,0.07865389654012037
8708,0.07865389654012037
8709,0.07865389654012037
8710,0.07865389654012037
8711,0.07865389654012037
8712,0.07865389654012037
8713,0.07865389654012037
8714,0.07865389654012037
8715,0.07865389654012037
8716,0.07865389654012037
8717,0.07865389654012037
8718,0.07865389654012037
8719,0.07865389654012037
8720,0.07865389654012037
8721,0.07865389654012037
8722,0.07865389654012037
8723,0.07865389654012037
8724,0.07865389654012037
8725,0.07865389654012037
8726,0.07865389654012037
8727,0.07865389654012037
8728,0.07865389654012037
8729,0.07865389654012037
8730,0.07865389654012037
8731,0.07865389654012037
8732,0.07865389654012037
8733,0.07865389654012037
8734,0.07865389654012037
8735,0.07865389654012037
8736,0.07865389654012037
8737,0.07865389654012037
8738,0.07865389654012037
8739,0.07865389654012037
8740,0.07865389654012037
8741,0.07865389654012037
8742,0.07865389654012037
8743,0.07865389654012037
8744,0.07865389654012037
8745,0.07865389654012037
8746,0.07865389654012037
8747,0.07865389654012037
8748,0.07865389654012037
8749,0.07865389654012037
8750,0.07865389654012037
8751,0.07865389654012037
8752,0.07865389654012037
8753,0.07865389654012037
8754,0.07865389654012037
8755,0.07865389654012037
8756,0.07865389654012037
8757,0.07865389654012037
8758,0.07865389654012037
8759,0.07865389654012037
8760,0.07865389654012037
8761,0.07865389654012037
8762,0.07865389654012037
8763,0.07865389654012037
8764,0.07865389654012037
8765,0.07865389654012037
8766,0.07865389654012037
8767,0.07865389654012037
8768,0.07865389654012037
8769,0.07865389654012037
8770,0.07865389654012037
8771,0.07865389654012037
8772,0.07865389654012037
8773,0.07865389654012037
8774,0.07865389654012037
8775,0.07865389654012037
8776,0.07865389654012037
8777,0.07865389654012037
8778,0.07865389654012037
8779,0.07865389654012037
8780,0.07865389654012037
8781,0.07865389654012037
8782,0.07865389654012037
8783,0.07865389654012037
8784,0.07865389654012037
8785,0.07865389654012037
8786,0.07865389654012037
8787,0.07865389654012037
8788,0.07865389654012037
8789,0.07865389654012037
8790,0.07865389654012037
8791,0.07865389654012037
8792,0.07865389654012037
8793,0.07865389654012037
8794,0.07865389654012037
8795,0.07865389654012037
8796,0.07865389654012037
8797,0.07865389654012037
8798,0.07865389654012037
8799,0.07865389654012037
8800,0.07865389654012037
8801,0.07865389654012037
8802,0.07865389654012037
8803,0.07865389654012037
8804,0.07865389654012037
8805,0.07865389654012037
8806,0.07865389654012037
8807,0.07865389654012037
8808,0.07865389654012037
8809,0.07865389654012037
8810,0.07865389654012037
8811,0.07865389654012037
8812,0.07865389654012037
8813,0.07865389654012037
8814,0.07865389654012037
8815,0.07865389654012037
8816,0.07865389654012037
8817,0.07865389654012037
8818,0.07865389654012037
8819,0.07865389654012037
8820,0.07865389654012037
8821,0.07865389654012037
8822,0.07865389654012037
8823,0.07865389654012037
8824,0.07865389654012037
8825,0.07865389654012037
8826,0.07865389654012037
8827,0.07865389654012037
8828,0.07865389654012037
8829,0.07865389654012037
8830,0.07865389654012037
8831,0.07865389654012037
8832,0.07865389654012037
8833,0.07865389654012037
8834,0.07865389654012037
8835,0.07865389654012037
8836,0.07865389654012037
8837,0.07865389654012037
8838,0.07865389654012037
8839,0.07865389654012037
8840,0.07865389654012037
8841,0.07865389654012037
8842,0.07865389654012037
8843,0.07865389654012037
8844,0.07865389654012037
8845,0.07865389654012037
8846,0.07865389654012037
8847,0.07865389654012037
8848,0.07865389654012037
8849,0.07865389654012037
8850,0.07865389654012037
8851,0.07865389654012037
8852,0.07865389654012037
8853,0.07865389654012037
8854,0.07865389654012037
8855,0.07865389654012037
8856,0.07865389654012037
8857,0.07865389654012037
8858,0.07865389654012037
8859,0.07865389654012037
8860,0.07865389654012037
8861,0.07865389654012037
8862,0.07865389654012037
8863,0.07865389654012037
8864,0.07865389654012037
8865,0.07865389654012037
8866,0.07865389654012037
8867,0.07865389654012037
8868,0.07865389654012037
8869,0.07865389654012037
8870,0.07865389654012037
8871,0.07865389654012037
8872,0.07865389654012037
8873,0.07865389654012037
8874,0.07865389654012037
8875,0.07865389654012037
8876,0.07865389654012037
8877,0.07865389654012037
8878,0.07865389654012037
8879,0.07865389654012037
8880,0.07865389654012037
8881,0.07865389654012037
8882,0.07865389654012037
8883,0.07865389654012037
8884,0.07865389654012037
8885,0.07865389654012037
8886,0.07865389654012037
8887,0.07865389654012037
8888,0.07865389654012037
8889,0.07865389654012037
8890,0.07865389654012037
8891,0.07865389654012037
8892,0.07865389654012037
8893,0.07865389654012037
8894,0.07865389654012037
8895,0.07865389654012037
8896,0.07865389654012037
8897,0.07865389654012037
8898,0.07865389654012037
8899,0.07865389654012037
8900,0.07865389654012037
8901,0.07865389654012037
8902,0.07865389654012037
8903,0.07865389654012037
8904,0.07865389654012037
8905,0.07865389654012037
8906,0.07865389654012037
8907,0.07865389654012037
8908,0.07865389654012037
8909,0.07865389654012037
8910,0.07865389654012037
8911,0.07865389654012037
8912,0.07865389654012037
8913,0.07865389654012037
8914,0.07865389654012037
8915,0.07865389654012037
8916,0.07865389654012037
8917,0.07865389654012037
8918,0.07865389654012037
8919,0.07865389654012037
8920,0.07865389654012037
8921,0.07865389654012037
8922,0.07865389654012037
8923,0.07865389654012037
8924,0.07865389654012037
8925,0.07865389654012037
8926,0.07865389654012037
8927,0.07865389654012037
8928,0.07865389654012037
8929,0.07865389654012037
8930,0.07865389654012037
8931,0.07865389654012037
8932,0.07865389654012037
8933,0.07865389654012037
8934,0.07865389654012037
8935,0.07865389654012037
8936,0.07865389654012037
8937,0.07865389654012037
8938,0.07865389654012037
8939,0.07865389654012037
8940,0.07865389654012037
8941,0.07865389654012037
8942,0.07865389654012037
8943,0.07865389654012037
8944,0.07865389654012037
8945,0.07865389654012037
8946,0.07865389654012037
8947,0.07865389654012037
8948,0.07865389654012037
8949,0.07865389654012037
8950,0.07865389654012037
8951,0.07865389654012037
8952,0.07865389654012037
8953,0.07865389654012037
8954,0.07865389654012037
8955,0.07865389654012037
8956,0.07865389654012037
8957,0.07865389654012037
8958,0.07865389654012037
8959,0.07865389654012037
8960,0.07865389654012037
8961,0.07865389654012037
8962,0.07865389654012037
8963,0.07865389654012037
8964,0.07865389654012037
8965,0.07865389654012037
8966,0.07865389654012037
8967,0.07865389654012037
8968,0.07865389654012037
8969,0.07865389654012037
8970,0.07865389654012037
8971,0.07865389654012037
8972,0.07865389654012037
8973,0.07865389654012037
8974,0.07865389654012037
8975,0.07865389654012037
8976,0.07865389654012037
8977,0.07865389654012037
8978,0.07865389654012037
8979,0.07865389654012037
8980,0.07865389654012037
8981,0.07865389654012037
8982,0.07865389654012037
8983,0.07865389654012037
8984,0.07865389654012037
8985,0.07865389654012037
8986,0.07865389654012037
8987,0.07865389654012037
8988,0.07865389654012037
8989,0.07865389654012037
8990,0.07865389654012037
8991,0.07865389654012037
8992,0.07865389654012037
8993,0.07865389654012037
8994,0.07865389654012037
8995,0.07865389654012037
8996,0.07865389654012037
8997,0.07865389654012037
8998,0.07865389654012037
8999,0.07865389654012037
9000,0.07865389654012037
9001,0.07865389654012037
9002,0.07865389654012037
9003,0.07865389654012037
9004,0.07865389654012037
9005,0.07865389654012037
9006,0.07865389654012037
9007,0.07865389654012037
9008,0.07865389654012037
9009,0.07865389654012037
9010,0.07865389654012037
9011,0.07865389654012037
9012,0.07865389654012037
9013,0.07865389654012037
9014,0.07865389654012037
9015,0.07865389654012037
9016,0.07865389654012037
9017,0.07865389654012037
9018,0.07865389654012037
9019,0.07865389654012037
9020,0.07865389654012037
9021,0.07865389654012037
9022,0.07865389654012037
9023,0.07865389654012037
9024,0.07865389654012037
9025,0.07865389654012037
9026,0.07865389654012037
9027,0.07865389654012037
9028,0.07865389654012037
9029,0.07865389654012037
9030,0.07865389654012037
9031,0.07865389654012037
9032,0.07865389654012037
9033,0.07865389654012037
9034,0.07865389654012037
9035,0.07865389654012037
9036,0.07865389654012037
9037,0.07865389654012037
9038,0.07865389654012037
9039,0.07865389654012037
9040,0.07865389654012037
9041,0.07865389654012037
9042,0.07865389654012037
9043,0.07865389654012037
9044,0.07865389654012037
9045,0.07865389654012037
9046,0.07865389654012037
9047,0.07865389654012037
9048,0.07865389654012037
9049,0.07865389654012037
9050,0.07865389654012037
9051,0.07865389654012037
9052,0.07865389654012037
9053,0.07865389654012037
9054,0.07865389654012037
9055,0.07865389654012037
9056,0.07865389654012037
9057,0.07865389654012037
9058,0.07865389654012037
9059,0.07865389654012037
9060,0.07865389654012037
9061,0.07865389654012037
9062,0.07865389654012037
9063,0.07865389654012037
9064,0.07865389654012037
9065,0.07865389654012037
9066,0.07865389654012037
9067,0.07865389654012037
9068,0.07865389654012037
9069,0.07865389654012037
9070,0.07865389654012037
9071,0.07865389654012037
9072,0.07865389654012037
9073,0.07865389654012037
9074,0.07865389654012037
9075,0.07865389654012037
9076,0.07865389654012037
9077,0.07865389654012037
9078,0.07865389654012037
9079,0.07865389654012037
9080,0.07865389654012037
9081,0.07865389654012037
9082,0.07865389654012037
9083,0.07865389654012037
9084,0.07865389654012037
9085,0.07865389654012037
9086,0.07865389654012037
9087,0.07865389654012037
9088,0.07865389654012037
9089,0.07865389654012037
9090,0.07865389654012037
9091,0.07865389654012037
9092,0.07865389654012037
9093,0.07865389654012037
9094,0.07865389654012037
9095,0.07865389654012037
9096,0.07865389654012037
9097,0.07865389654012037
9098,0.07865389654012037
9099,0.07865389654012037
9100,0.07865389654012037
9101,0.07865389654012037
9102,0.07865389654012037
9103,0.07865389654012037
9104,0.07865389654012037
9105,0.07865389654012037
9106,0.07865389654012037
9107,0.07865389654012037
9108,0.07865389654012037
9109,0.07865389654012037
9110,0.07865389654012037
9111,0.07865389654012037
9112,0.07865389654012037
9113,0.07865389654012037
9114,0.07865389654012037
9115,0.07865389654012037
9116,0.07865389654012037
9117,0.07865389654012037
9118,0.07865389654012037
9119,0.07865389654012037
9120,0.07865389654012037
9121,0.07865389654012037
9122,0.07865389654012037
9123,0.07865389654012037
9124,0.07865389654012037
9125,0.07865389654012037
9126,0.07865389654012037
9127,0.07865389654012037
9128,0.07865389654012037
9129,0.07865389654012037
9130,0.07865389654012037
9131,0.07865389654012037
9132,0.07865389654012037
9133,0.07865389654012037
9134,0.07865389654012037
9135,0.07865389654012037
9136,0.07865389654012037
9137,0.07865389654012037
9138,0.07865389654012037
9139,0.07865389654012037
9140,0.07865389654012037
9141,0.07865389654012037
9142,0.07865389654012037
9143,0.07865389654012037
9144,0.07865389654012037
9145,0.07865389654012037
9146,0.07865389654012037
9147,0.07865389654012037
9148,0.07865389654012037
9149,0.07865389654012037
9150,0.07865389654012037
9151,0.07865389654012037
9152,0.07865389654012037
9153,0.07865389654012037
9154,0.07865389654012037
9155,0.07865389654012037
9156,0.07865389654012037
9157,0.07865389654012037
9158,0.07865389654012037
9159,0.07865389654012037
9160,0.07865389654012037
9161,0.07865389654012037
9162,0.07865389654012037
9163,0.07865389654012037
9164,0.07865389654012037
9165,0.07865389654012037
9166,0.07865389654012037
9167,0.07865389654012037
9168,0.07865389654012037
9169,0.07865389654012037
9170,0.07865389654012037
9171,0.07865389654012037
9172,0.07865389654012037
9173,0.07865389654012037
9174,0.07865389654012037
9175,0.07865389654012037
9176,0.07865389654012037
9177,0.07865389654012037
9178,0.07865389654012037
9179,0.07865389654012037
9180,0.07865389654012037
9181,0.07865389654012037
9182,0.07865389654012037
9183,0.07865389654012037
9184,0.07865389654012037
9185,0.07865389654012037
9186,0.07865389654012037
9187,0.07865389654012037
9188,0.07865389654012037
9189,0.07865389654012037
9190,0.07865389654012037
9191,0.07865389654012037
9192,0.07865389654012037
9193,0.07865389654012037
9194,0.07865389654012037
9195,0.07865389654012037
9196,0.07865389654012037
9197,0.07865389654012037
9198,0.07865389654012037
9199,0.07865389654012037
9200,0.07865389654012037
9201,0.07865389654012037
9202,0.07865389654012037
9203,0.07865389654012037
9204,0.07865389654012037
9205,0.07865389654012037
9206,0.07865389654012037
9207,0.07865389654012037
9208,0.07865389654012037
9209,0.07865389654012037
9210,0.07865389654012037
9211,0.07865389654012037
9212,0.07865389654012037
9213,0.07865389654012037
9214,0.07865389654012037
9215,0.07865389654012037
9216,0.07865389654012037
9217,0.07865389654012037
9218,0.07865389654012037
9219,0.07865389654012037
9220,0.07865389654012037
9221,0.07865389654012037
9222,0.07865389654012037
9223,0.07865389654012037
9224,0.07865389654012037
9225,0.07865389654012037
9226,0.07865389654012037
9227,0.07865389654012037
9228,0.07865389654012037
9229,0.07865389654012037
9230,0.07865389654012037
9231,0.07865389654012037
9232,0.07865389654012037
9233,0.07865389654012037
9234,0.07865389654012037
9235,0.07865389654012037
9236,0.07865389654012037
9237,0.07865389654012037
9238,0.07865389654012037
9239,0.07865389654012037
9240,0.07865389654012037
9241,0.07865389654012037
9242,0.07865389654012037
9243,0.07865389654012037
9244,0.07865389654012037
9245,0.07865389654012037
9246,0.07865389654012037
9247,0.07865389654012037
9248,0.07865389654012037
9249,0.07865389654012037
9250,0.07865389654012037
9251,0.07865389654012037
9252,0.07865389654012037
9253,0.07865389654012037
9254,0.07865389654012037
9255,0.07865389654012037
9256,0.07865389654012037
9257,0.07865389654012037
9258,0.07865389654012037
9259,0.07865389654012037
9260,0.07865389654012037
9261,0.07865389654012037
9262,0.07865389654012037
9263,0.07865389654012037
9264,0.07865389654012037
9265,0.07865389654012037
9266,0.07865389654012037
9267,0.07865389654012037
9268,0.07865389654012037
9269,0.07865389654012037
9270,0.07865389654012037
9271,0.07865389654012037
9272,0.07865389654012037
9273,0.07865389654012037
9274,0.07865389654012037
9275,0.07865389654012037
9276,0.07865389654012037
9277,0.07865389654012037
9278,0.07865389654012037
9279,0.07865389654012037
9280,0.07865389654012037
9281,0.07865389654012037
9282,0.07865389654012037
9283,0.07865389654012037
9284,0.07865389654012037
9285,0.07865389654012037
9286,0.07865389654012037
9287,0.07865389654012037
9288,0.07865389654012037
9289,0.07865389654012037
9290,0.07865389654012037
9291,0.07865389654012037
9292,0.07865389654012037
9293,0.07865389654012037
9294,0.07865389654012037
9295,0.07865389654012037
9296,0.07865389654012037
9297,0.07865389654012037
9298,0.07865389654012037
9299,0.07865389654012037
9300,0.07865389654012037
9301,0.07865389654012037
9302,0.07865389654012037
9303,0.07865389654012037
9304,0.07865389654012037
9305,0.07865389654012037
9306,0.07865389654012037
9307,0.07865389654012037
9308,0.07865389654012037
9309,0.07865389654012037
9310,0.07865389654012037
9311,0.07865389654012037
9312,0.07865389654012037
9313,0.07865389654012037
9314,0.07865389654012037
9315,0.07865389654012037
9316,0.07865389654012037
9317,0.07865389654012037
9318,0.07865389654012037
9319,0.07865389654012037
9320,0.07865389654012037
9321,0.07865389654012037
9322,0.07865389654012037
9323,0.07865389654012037
9324,0.07865389654012037
9325,0.07865389654012037
9326,0.07865389654012037
9327,0.07865389654012037
9328,0.07865389654012037
9329,0.07865389654012037
9330,0.07865389654012037
9331,0.07865389654012037
9332,0.07865389654012037
9333,0.07865389654012037
9334,0.07865389654012037
9335,0.07865389654012037
9336,0.07865389654012037
9337,0.07865389654012037
9338,0.07865389654012037
9339,0.07865389654012037
9340,0.07865389654012037
9341,0.07865389654012037
9342,0.07865389654012037
9343,0.07865389654012037
9344,0.07865389654012037
9345,0.07865389654012037
9346,0.07865389654012037
9347,0.07865389654012037
9348,0.07865389654012037
9349,0.07865389654012037
9350,0.07865389654012037
9351,0.07865389654012037
9352,0.07865389654012037
9353,0.07865389654012037
9354,0.07865389654012037
9355,0.07865389654012037
9356,0.07865389654012037
9357,0.07865389654012037
9358,0.07865389654012037
9359,0.07865389654012037
9360,0.07865389654012037
9361,0.07865389654012037
9362,0.07865389654012037
9363,0.07865389654012037
9364,0.07865389654012037
9365,0.07865389654012037
9366,0.07865389654012037
9367,0.07865389654012037
9368,0.07865389654012037
9369,0.07865389654012037
9370,0.07865389654012037
9371,0.07865389654012037
9372,0.07865389654012037
9373,0.07865389654012037
9374,0.07865389654012037
9375,0.07865389654012037
9376,0.07865389654012037
9377,0.07865389654012037
9378,0.07865389654012037
9379,0.07865389654012037
9380,0.07865389654012037
9381,0.07865389654012037
9382,0.07865389654012037
9383,0.07865389654012037
9384,0.07865389654012037
9385,0.07865389654012037
9386,0.07865389654012037
9387,0.07865389654012037
9388,0.07865389654012037
9389,0.07865389654012037
9390,0.07865389654012037
9391,0.07865389654012037
9392,0.07865389654012037
9393,0.07865389654012037
9394,0.07865389654012037
9395,0.07865389654012037
9396,0.07865389654012037
9397,0.07865389654012037
9398,0.07865389654012037
9399,0.07865389654012037
9400,0.07865389654012037
9401,0.07865389654012037
9402,0.07865389654012037
9403,0.07865389654012037
9404,0.07865389654012037
9405,0.07865389654012037
9406,0.07865389654012037
9407,0.07865389654012037
9408,0.07865389654012037
9409,0.07865389654012037
9410,0.07865389654012037
9411,0.07865389654012037
9412,0.07865389654012037
9413,0.07865389654012037
9414,0.07865389654012037
9415,0.07865389654012037
9416,0.07865389654012037
9417,0.07865389654012037
9418,0.07865389654012037
9419,0.07865389654012037
9420,0.07865389654012037
9421,0.07865389654012037
9422,0.07865389654012037
9423,0.07865389654012037
9424,0.07865389654012037
9425,0.07865389654012037
9426,0.07865389654012037
9427,0.07865389654012037
9428,0.07865389654012037
9429,0.07865389654012037
9430,0.07865389654012037
9431,0.07865389654012037
9432,0.07865389654012037
9433,0.07865389654012037
9434,0.07865389654012037
9435,0.07865389654012037
9436,0.07865389654012037
9437,0.07865389654012037
9438,0.07865389654012037
9439,0.07865389654012037
9440,0.07865389654012037
9441,0.07865389654012037
9442,0.07865389654012037
9443,0.07865389654012037
9444,0.07865389654012037
9445,0.07865389654012037
9446,0.07865389654012037
9447,0.07865389654012037
9448,0.07865389654012037
9449,0.07865389654012037
9450,0.07865389654012037
9451,0.07865389654012037
9452,0.07865389654012037
9453,0.07865389654012037
9454,0.07865389654012037
9455,0.07865389654012037
9456,0.07865389654012037
9457,0.07865389654012037
9458,0.07865389654012037
9459,0.07865389654012037
9460,0.07865389654012037
9461,0.07865389654012037
9462,0.07865389654012037
9463,0.07865389654012037
9464,0.07865389654012037
9465,0.07865389654012037
9466,0.07865389654012037
9467,0.07865389654012037
9468,0.07865389654012037
9469,0.07865389654012037
9470,0.07865389654012037
9471,0.07865389654012037
9472,0.07865389654012037
9473,0.07865389654012037
9474,0.07865389654012037
9475,0.07865389654012037
9476,0.07865389654012037
9477,0.07865389654012037
9478,0.07865389654012037
9479,0.07865389654012037
9480,0.07865389654012037
9481,0.07865389654012037
9482,0.07865389654012037
9483,0.07865389654012037
9484,0.07865389654012037
9485,0.07865389654012037
9486,0.07865389654012037
9487,0.07865389654012037
9488,0.07865389654012037
9489,0.07865389654012037
9490,0.07865389654012037
9491,0.07865389654012037
9492,0.07865389654012037
9493,0.07865389654012037
9494,0.07865389654012037
9495,0.07865389654012037
9496,0.07865389654012037
9497,0.07865389654012037
9498,0.07865389654012037
9499,0.07865389654012037
9500,0.07865389654012037
9501,0.07865389654012037
9502,0.07865389654012037
9503,0.07865389654012037
9504,0.07865389654012037
9505,0.07865389654012037
9506,0.07865389654012037
9507,0.07865389654012037
9508,0.07865389654012037
9509,0.07865389654012037
9510,0.07865389654012037
9511,0.07865389654012037
9512,0.07865389654012037
9513,0.07865389654012037
9514,0.07865389654012037
9515,0.07865389654012037
9516,0.07865389654012037
9517,0.07865389654012037
9518,0.07865389654012037
9519,0.07865389654012037
9520,0.07865389654012037
9521,0.07865389654012037
9522,0.07865389654012037
9523,0.07865389654012037
9524,0.07865389654012037
9525,0.07865389654012037
9526,0.07865389654012037
9527,0.07865389654012037
9528,0.07865389654012037
9529,0.07865389654012037
9530,0.07865389654012037
9531,0.07865389654012037
9532,0.07865389654012037
9533,0.07865389654012037
9534,0.07865389654012037
9535,0.07865389654012037
9536,0.07865389654012037
9537,0.07865389654012037
9538,0.07865389654012037
9539,0.07865389654012037
9540,0.07865389654012037
9541,0.07865389654012037
9542,0.07865389654012037
9543,0.07865389654012037
9544,0.07865389654012037
9545,0.07865389654012037
9546,0.07865389654012037
9547,0.07865389654012037
9548,0.07865389654012037
9549,0.07865389654012037
9550,0.07865389654012037
9551,0.07865389654012037
9552,0.07865389654012037
9553,0.07865389654012037
9554,0.07865389654012037
9555,0.07865389654012037
9556,0.07865389654012037
9557,0.07865389654012037
9558,0.07865389654012037
9559,0.07865389654012037
9560,0.07865389654012037
9561,0.07865389654012037
9562,0.07865389654012037
9563,0.07865389654012037
9564,0.07865389654012037
9565,0.07865389654012037
9566,0.07865389654012037
9567,0.07865389654012037
9568,0.07865389654012037
9569,0.07865389654012037
9570,0.07865389654012037
9571,0.07865389654012037
9572,0.07865389654012037
9573,0.07865389654012037
9574,0.07865389654012037
9575,0.07865389654012037
9576,0.07865389654012037
9577,0.07865389654012037
9578,0.07865389654012037
9579,0.07865389654012037
9580,0.07865389654012037
9581,0.07865389654012037
9582,0.07865389654012037
9583,0.07865389654012037
9584,0.07865389654012037
9585,0.07865389654012037
9586,0.07865389654012037
9587,0.07865389654012037
9588,0.07865389654012037
9589,0.07865389654012037
9590,0.07865389654012037
9591,0.07865389654012037
9592,0.07865389654012037
9593,0.07865389654012037
9594,0.07865389654012037
9595,0.07865389654012037
9596,0.07865389654012037
9597,0.07865389654012037
9598,0.07865389654012037
9599,0.07865389654012037
9600,0.07865389654012037
9601,0.07865389654012037
9602,0.07865389654012037
9603,0.07865389654012037
9604,0.07865389654012037
9605,0.07865389654012037
9606,0.07865389654012037
9607,0.07865389654012037
9608,0.07865389654012037
9609,0.07865389654012037
9610,0.07865389654012037
9611,0.07865389654012037
9612,0.07865389654012037
9613,0.07865389654012037
9614,0.07865389654012037
9615,0.07865389654012037
9616,0.07865389654012037
9617,0.07865389654012037
9618,0.07865389654012037
9619,0.07865389654012037
9620,0.07865389654012037
9621,0.07865389654012037
9622,0.07865389654012037
9623,0.07865389654012037
9624,0.07865389654012037
9625,0.07865389654012037
9626,0.07865389654012037
9627,0.07865389654012037
9628,0.07865389654012037
9629,0.07865389654012037
9630,0.07865389654012037
9631,0.07865389654012037
9632,0.07865389654012037
9633,0.07865389654012037
9634,0.07865389654012037
9635,0.07865389654012037
9636,0.07865389654012037
9637,0.07865389654012037
9638,0.07865389654012037
9639,0.07865389654012037
9640,0.07865389654012037
9641,0.07865389654012037
9642,0.07865389654012037
9643,0.07865389654012037
9644,0.07865389654012037
9645,0.07865389654012037
9646,0.07865389654012037
9647,0.07865389654012037
9648,0.07865389654012037
9649,0.07865389654012037
9650,0.07865389654012037
9651,0.07865389654012037
9652,0.07865389654012037
9653,0.07865389654012037
9654,0.07865389654012037
9655,0.07865389654012037
9656,0.07865389654012037
9657,0.07865389654012037
9658,0.07865389654012037
9659,0.07865389654012037
9660,0.07865389654012037
9661,0.07865389654012037
9662,0.07865389654012037
9663,0.07865389654012037
9664,0.07865389654012037
9665,0.07865389654012037
9666,0.07865389654012037
9667,0.07865389654012037
9668,0.07865389654012037
9669,0.07865389654012037
9670,0.07865389654012037
9671,0.07865389654012037
9672,0.07865389654012037
9673,0.07865389654012037
9674,0.07865389654012037
9675,0.07865389654012037
9676,0.07865389654012037
9677,0.07865389654012037
9678,0.07865389654012037
9679,0.07865389654012037
9680,0.07865389654012037
9681,0.07865389654012037
9682,0.07865389654012037
9683,0.07865389654012037
9684,0.07865389654012037
9685,0.07865389654012037
9686,0.07865389654012037
9687,0.07865389654012037
9688,0.07865389654012037
9689,0.07865389654012037
9690,0.07865389654012037
9691,0.07865389654012037
9692,0.07865389654012037
9693,0.07865389654012037
9694,0.07865389654012037
9695,0.07865389654012037
9696,0.07865389654012037
9697,0.07865389654012037
9698,0.07865389654012037
9699,0.07865389654012037
9700,0.07865389654012037
9701,0.07865389654012037
9702,0.07865389654012037
9703,0.07865389654012037
9704,0.07865389654012037
9705,0.07865389654012037
9706,0.07865389654012037
9707,0.07865389654012037
9708,0.07865389654012037
9709,0.07865389654012037
9710,0.07865389654012037
9711,0.07865389654012037
9712,0.07865389654012037
9713,0.07865389654012037
9714,0.07865389654012037
9715,0.07865389654012037
9716,0.07865389654012037
9717,0.07865389654012037
9718,0.07865389654012037
9719,0.07865389654012037
9720,0.07865389654012037
9721,0.07865389654012037
9722,0.07865389654012037
9723,0.07865389654012037
9724,0.07865389654012037
9725,0.07865389654012037
9726,0.07865389654012037
9727,0.07865389654012037
9728,0.07865389654012037
9729,0.07865389654012037
9730,0.07865389654012037
9731,0.07865389654012037
9732,0.07865389654012037
9733,0.07865389654012037
9734,0.07865389654012037
9735,0.07865389654012037
9736,0.07865389654012037
9737,0.07865389654012037
9738,0.07865389654012037
9739,0.07865389654012037
9740,0.07865389654012037
9741,0.07865389654012037
9742,0.07865389654012037
9743,0.07865389654012037
9744,0.07865389654012037
9745,0.07865389654012037
9746,0.07865389654012037
9747,0.07865389654012037
9748,0.07865389654012037
9749,0.07865389654012037
9750,0.07865389654012037
9751,0.07865389654012037
9752,0.07865389654012037
9753,0.07865389654012037
9754,0.07865389654012037
9755,0.07865389654012037
9756,0.07865389654012037
9757,0.07865389654012037
9758,0.07865389654012037
9759,0.07865389654012037
9760,0.07865389654012037
9761,0.07865389654012037
9762,0.07865389654012037
9763,0.07865389654012037
9764,0.07865389654012037
9765,0.07865389654012037
9766,0.07865389654012037
9767,0.07865389654012037
9768,0.07865389654012037
9769,0.07865389654012037
9770,0.07865389654012037
9771,0.07865389654012037
9772,0.07865389654012037
9773,0.07865389654012037
9774,0.07865389654012037
9775,0.07865389654012037
9776,0.07865389654012037
9777,0.07865389654012037
9778,0.07865389654012037
9779,0.07865389654012037
9780,0.07865389654012037
9781,0.07865389654012037
9782,0.07865389654012037
9783,0.07865389654012037
9784,0.07865389654012037
9785,0.07865389654012037
9786,0.07865389654012037
9787,0.07865389654012037
9788,0.07865389654012037
9789,0.07865389654012037
9790,0.07865389654012037
9791,0.07865389654012037
9792,0.07865389654012037
9793,0.07865389654012037
9794,0.07865389654012037
9795,0.07865389654012037
9796,0.07865389654012037
9797,0.07865389654012037
9798,0.07865389654012037
9799,0.07865389654012037
9800,0.07865389654012037
9801,0.07865389654012037
9802,0.07865389654012037
9803,0.07865389654012037
9804,0.07865389654012037
9805,0.07865389654012037
9806,0.07865389654012037
9807,0.07865389654012037
9808,0.07865389654012037
9809,0.07865389654012037
9810,0.07865389654012037
9811,0.07865389654012037
9812,0.07865389654012037
9813,0.07865389654012037
9814,0.07865389654012037
9815,0.07865389654012037
9816,0.07865389654012037
9817,0.07865389654012037
9818,0.07865389654012037
9819,0.07865389654012037
9820,0.07865389654012037
9821,0.07865389654012037
9822,0.07865389654012037
9823,0.07865389654012037
9824,0.07865389654012037
9825,0.07865389654012037
9826,0.07865389654012037
9827,0.07865389654012037
9828,0.07865389654012037
9829,0.07865389654012037
9830,0.07865389654012037
9831,0.07865389654012037
9832,0.07865389654012037
9833,0.07865389654012037
9834,0.07865389654012037
9835,0.07865389654012037
9836,0.07865389654012037
9837,0.07865389654012037
9838,0.07865389654012037
9839,0.07865389654012037
9840,0.07865389654012037
9841,0.07865389654012037
9842,0.07865389654012037
9843,0.07865389654012037
9844,0.07865389654012037
9845,0.07865389654012037
9846,0.07865389654012037
9847,0.07865389654012037
9848,0.07865389654012037
9849,0.07865389654012037
9850,0.07865389654012037
9851,0.07865389654012037
9852,0.07865389654012037
9853,0.07865389654012037
9854,0.07865389654012037
9855,0.07865389654012037
9856,0.07865389654012037
9857,0.07865389654012037
9858,0.07865389654012037
9859,0.07865389654012037
9860,0.07865389654012037
9861,0.07865389654012037
9862,0.07865389654012037
9863,0.07865389654012037
9864,0.07865389654012037
9865,0.07865389654012037
9866,0.07865389654012037
9867,0.07865389654012037
9868,0.07865389654012037
9869,0.07865389654012037
9870,0.07865389654012037
9871,0.07865389654012037
9872,0.07865389654012037
9873,0.07865389654012037
9874,0.07865389654012037
9875,0.07865389654012037
9876,0.07865389654012037
9877,0.07865389654012037
9878,0.07865389654012037
9879,0.07865389654012037
9880,0.07865389654012037
9881,0.07865389654012037
9882,0.07865389654012037
9883,0.07865389654012037
9884,0.07865389654012037
9885,0.07865389654012037
9886,0.07865389654012037
9887,0.07865389654012037
9888,0.07865389654012037
9889,0.07865389654012037
9890,0.07865389654012037
9891,0.07865389654012037
9892,0.07865389654012037
9893,0.07865389654012037
9894,0.07865389654012037
9895,0.07865389654012037
9896,0.07865389654012037
9897,0.07865389654012037
9898,0.07865389654012037
9899,0.07865389654012037
9900,0.07865389654012037
9901,0.07865389654012037
9902,0.07865389654012037
9903,0.07865389654012037
9904,0.07865389654012037
9905,0.07865389654012037
9906,0.07865389654012037
9907,0.07865389654012037
9908,0.07865389654012037
9909,0.07865389654012037
9910,0.07865389654012037
9911,0.07865389654012037
9912,0.07865389654012037
9913,0.07865389654012037
9914,0.07865389654012037
9915,0.07865389654012037
9916,0.07865389654012037
9917,0.07865389654012037
9918,0.07865389654012037
9919,0.07865389654012037
9920,0.07865389654012037
9921,0.07865389654012037
9922,0.07865389654012037
9923,0.07865389654012037
9924,0.07865389654012037
9925,0.07865389654012037
9926,0.07865389654012037
9927,0.07865389654012037
9928,0.07865389654012037
9929,0.07865389654012037
9930,0.07865389654012037
9931,0.07865389654012037
9932,0.07865389654012037
9933,0.07865389654012037
9934,0.07865389654012037
9935,0.07865389654012037
9936,0.07865389654012037
9937,0.07865389654012037
9938,0.07865389654012037
9939,0.07865389654012037
9940,0.07865389654012037
9941,0.07865389654012037
9942,0.07865389654012037
9943,0.07865389654012037
9944,0.07865389654012037
9945,0.07865389654012037
9946,0.07865389654012037
9947,0.07865389654012037
9948,0.07865389654012037
9949,0.07865389654012037
9950,0.07865389654012037
9951,0.07865389654012037
9952,0.07865389654012037
9953,0.07865389654012037
9954,0.07865389654012037
9955,0.07865389654012037
9956,0.07865389654012037
9957,0.07865389654012037
9958,0.07865389654012037
9959,0.07865389654012037
9960,0.07865389654012037
9961,0.07865389654012037
9962,0.07865389654012037
9963,0.07865389654012037
9964,0.07865389654012037
9965,0.07865389654012037
9966,0.07865389654012037
9967,0.07865389654012037
9968,0.07865389654012037
9969,0.07865389654012037
9970,0.07865389654012037
9971,0.07865389654012037
9972,0.07865389654012037
9973,0.07865389654012037
9974,0.07865389654012037
9975,0.07865389654012037
9976,0.07865389654012037
9977,0.07865389654012037
9978,0.07865389654012037
9979,0.07865389654012037
9980,0.07865389654012037
9981,0.07865389654012037
9982,0.07865389654012037
9983,0.07865389654012037
9984,0.07865389654012037
9985,0.07865389654012037
9986,0.07865389654012037
9987,0.07865389654012037
9988,0.07865389654012037
9989,0.07865389654012037
9990,0.07865389654012037
9991,0.07865389654012037
9992,0.07865389654012037
9993,0.07865389654012037
9994,0.07865389654012037
9995,0.07865389654012037
9996,0.07865389654012037
9997,0.07865389654012037
9998,0.07865389654012037
9999,0.07865389654012037
10000,0.07865389654012037
10001,0.07865389654012037
10002,0.07865389654012037
10003,0.07865389654012037
10004,0.07865389654012037
10005,0.07865389654012037
10006,0.07865389654012037
10007,0.07865389654012037
10008,0.07865389654012037
10009,0.07865389654012037
10010,0.07865389654012037
10011,0.07865389654012037
10012,0.07865389654012037
10013,0.07865389654012037
10014,0.07865389654012037
10015,0.07865389654012037
10016,0.07865389654012037
10017,0.07865389654012037
10018,0.07865389654012037
10019,0.07865389654012037
10020,0.07865389654012037
10021,0.07865389654012037
10022,0.07865389654012037
10023,0.07865389654012037
10024,0.07865389654012037
10025,0.07865389654012037
10026,0.07865389654012037
10027,0.07865389654012037
10028,0.07865389654012037
10029,0.07865389654012037
10030,0.07865389654012037
10031,0.07865389654012037
10032,0.07865389654012037
10033,0.07865389654012037
10034,0.07865389654012037
10035,0.07865389654012037
10036,0.07865389654012037
10037,0.07865389654012037
10038,0.07865389654012037
10039,0.07865389654012037
10040,0.07865389654012037
10041,0.07865389654012037
10042,0.07865389654012037
10043,0.07865389654012037
10044,0.07865389654012037
10045,0.07865389654012037
10046,0.07865389654012037
10047,0.07865389654012037
10048,0.07865389654012037
10049,0.07865389654012037
10050,0.07865389654012037
10051,0.07865389654012037
10052,0.07865389654012037
10053,0.07865389654012037
10054,0.07865389654012037
10055,0.07865389654012037
10056,0.07865389654012037
10057,0.07865389654012037
10058,0.07865389654012037
10059,0.07865389654012037
10060,0.07865389654012037
10061,0.07865389654012037
10062,0.07865389654012037
10063,0.07865389654012037
10064,0.07865389654012037
10065,0.07865389654012037
10066,0.07865389654012037
10067,0.07865389654012037
10068,0.07865389654012037
10069,0.07865389654012037
10070,0.07865389654012037
10071,0.07865389654012037
10072,0.07865389654012037
10073,0.07865389654012037
10074,0.07865389654012037
10075,0.07865389654012037
10076,0.07865389654012037
10077,0.07865389654012037
10078,0.07865389654012037
10079,0.07865389654012037
10080,0.07865389654012037
10081,0.07865389654012037
10082,0.07865389654012037
10083,0.07865389654012037
10084,0.07865389654012037
10085,0.07865389654012037
10086,0.07865389654012037
10087,0.07865389654012037
10088,0.07865389654012037
10089,0.07865389654012037
10090,0.07865389654012037
10091,0.07865389654012037
10092,0.07865389654012037
10093,0.07865389654012037
10094,0.07865389654012037
10095,0.07865389654012037
10096,0.07865389654012037
10097,0.07865389654012037
10098,0.07865389654012037
10099,0.07865389654012037
10100,0.07865389654012037
10101,0.07865389654012037
10102,0.07865389654012037
10103,0.07865389654012037
10104,0.07865389654012037
10105,0.07865389654012037
10106,0.07865389654012037
10107,0.07865389654012037
10108,0.07865389654012037
10109,0.07865389654012037
10110,0.07865389654012037
10111,0.07865389654012037
10112,0.07865389654012037
10113,0.07865389654012037
10114,0.07865389654012037
10115,0.07865389654012037
10116,0.07865389654012037
10117,0.07865389654012037
10118,0.07865389654012037
10119,0.07865389654012037
10120,0.07865389654012037
10121,0.07865389654012037
10122,0.07865389654012037
10123,0.07865389654012037
10124,0.07865389654012037
10125,0.07865389654012037
10126,0.07865389654012037
10127,0.07865389654012037
10128,0.07865389654012037
10129,0.07865389654012037
10130,0.07865389654012037
10131,0.07865389654012037
10132,0.07865389654012037
10133,0.07865389654012037
10134,0.07865389654012037
10135,0.07865389654012037
10136,0.07865389654012037
10137,0.07865389654012037
10138,0.07865389654012037
10139,0.07865389654012037
10140,0.07865389654012037
10141,0.07865389654012037
10142,0.07865389654012037
10143,0.07865389654012037
10144,0.07865389654012037
10145,0.07865389654012037
10146,0.07865389654012037
10147,0.07865389654012037
10148,0.07865389654012037
10149,0.07865389654012037
10150,0.07865389654012037
10151,0.07865389654012037
10152,0.07865389654012037
10153,0.07865389654012037
10154,0.07865389654012037
10155,0.07865389654012037
10156,0.07865389654012037
10157,0.07865389654012037
10158,0.07865389654012037
10159,0.07865389654012037
10160,0.07865389654012037
10161,0.07865389654012037
10162,0.07865389654012037
10163,0.07865389654012037
10164,0.07865389654012037
10165,0.07865389654012037
10166,0.07865389654012037
10167,0.07865389654012037
10168,0.07865389654012037
10169,0.07865389654012037
10170,0.07865389654012037
10171,0.07865389654012037
10172,0.07865389654012037
10173,0.07865389654012037
10174,0.07865389654012037
10175,0.07865389654012037
10176,0.07865389654012037
10177,0.07865389654012037
10178,0.07865389654012037
10179,0.07865389654012037
10180,0.07865389654012037
10181,0.07865389654012037
10182,0.07865389654012037
10183,0.07865389654012037
10184,0.07865389654012037
10185,0.07865389654012037
10186,0.07865389654012037
10187,0.07865389654012037
10188,0.07865389654012037
10189,0.07865389654012037
10190,0.07865389654012037
10191,0.07865389654012037
10192,0.07865389654012037
10193,0.07865389654012037
10194,0.07865389654012037
10195,0.07865389654012037
10196,0.07865389654012037
10197,0.07865389654012037
10198,0.07865389654012037
10199,0.07865389654012037
10200,0.07865389654012037
10201,0.07865389654012037
10202,0.07865389654012037
10203,0.07865389654012037
10204,0.07865389654012037
10205,0.07865389654012037
10206,0.07865389654012037
10207,0.07865389654012037
10208,0.07865389654012037
10209,0.07865389654012037
10210,0.07865389654012037
10211,0.07865389654012037
10212,0.07865389654012037
10213,0.07865389654012037
10214,0.07865389654012037
10215,0.07865389654012037
10216,0.07865389654012037
10217,0.07865389654012037
10218,0.07865389654012037
10219,0.07865389654012037
10220,0.07865389654012037
10221,0.07865389654012037
10222,0.07865389654012037
10223,0.07865389654012037
10224,0.07865389654012037
10225,0.07865389654012037
10226,0.07865389654012037
10227,0.07865389654012037
10228,0.07865389654012037
10229,0.07865389654012037
10230,0.07865389654012037
10231,0.07865389654012037
10232,0.07865389654012037
10233,0.07865389654012037
10234,0.07865389654012037
10235,0.07865389654012037
10236,0.07865389654012037
10237,0.07865389654012037
10238,0.07865389654012037
10239,0.07865389654012037
10240,0.07865389654012037
10241,0.07865389654012037
10242,0.07865389654012037
10243,0.07865389654012037
10244,0.07865389654012037
10245,0.07865389654012037
10246,0.07865389654012037
10247,0.07865389654012037
10248,0.07865389654012037
10249,0.07865389654012037
10250,0.07865389654012037
10251,0.07865389654012037
10252,0.07865389654012037
10253,0.07865389654012037
10254,0.07865389654012037
10255,0.07865389654012037
10256,0.07865389654012037
10257,0.07865389654012037
10258,0.07865389654012037
10259,0.07865389654012037
10260,0.07865389654012037
10261,0.07865389654012037
10262,0.07865389654012037
10263,0.07865389654012037
10264,0.07865389654012037
10265,0.07865389654012037
10266,0.07865389654012037
10267,0.07865389654012037
10268,0.07865389654012037
10269,0.07865389654012037
10270,0.07865389654012037
10271,0.07865389654012037
10272,0.07865389654012037
10273,0.07865389654012037
10274,0.07865389654012037
10275,0.07865389654012037
10276,0.07865389654012037
10277,0.07865389654012037
10278,0.07865389654012037
10279,0.07865389654012037
10280,0.07865389654012037
10281,0.0787368676832575
10282,0.0787368676832575
10283,0.0787368676832575
10284,0.0787368676832575
10285,0.0787368676832575
10286,0.0787368676832575
10287,0.0787368676832575
10288,0.0787368676832575
10289,0.0787368676832575
10290,0.0787368676832575
10291,0.0787368676832575
10292,0.0787368676832575
10293,0.0787368676832575
10294,0.0787368676832575
10295,0.0787368676832575
10296,0.0787368676832575
10297,0.07884984714607368
10298,0.07884984714607368
10299,0.07884984714607368
10300,0.07884984714607368
10301,0.07884984714607368
10302,0.07884984714607368
10303,0.07884984714607368
10304,0.07884984714607368
10305,0.08067110745030531
10306,0.08067110745030531
10307,0.08067110745030531
10308,0.08067110745030531
10309,0.08067110745030531
10310,0.08067110745030531
10311,0.08067110745030531
10312,0.08067110745030531
10313,0.08126838358596618
10314,0.08126838358596618
10315,0.08126838358596618
10316,0.08126838358596618
10317,0.08126838358596618
10318,0.08126838358596618
10319,0.08126838358596618
10320,0.08126838358596618
10321,0.08224046429530461
10322,0.08224046429530461
10323,0.08224046429530461
10324,0.08224046429530461
10325,0.08224046429530461
10326,0.08224046429530461
10327,0.08224046429530461
10328,0.08224046429530461
10329,0.08236519645694906
10330,0.08236519645694906
10331,0.08236519645694906
10332,0.08236519645694906
10333,0.08236519645694906
10334,0.08236519645694906
10335,0.08236519645694906
10336,0.08236519645694906
10337,0.08236519645694906
10338,0.08236519645694906
10339,0.08236519645694906
10340,0.08236519645694906
10341,0.08236519645694906
10342,0.08236519645694906
10343,0.08236519645694906
10344,0.08236519645694906
10345,0.08236519645694906
10346,0.08236519645694906
10347,0.08236519645694906
10348,0.08236519645694906
10349,0.08236519645694906
10350,0.08236519645694906
10351,0.08236519645694906
10352,0.08236519645694906
10353,0.08236519645694906
10354,0.08236519645694906
10355,0.08236519645694906
10356,0.08236519645694906
10357,0.08236519645694906
10358,0.08236519645694906
10359,0.08236519645694906
10360,0.08236519645694906
10361,0.08236519645694906
10362,0.08236519645694906
10363,0.08236519645694906
10364,0.08236519645694906
10365,0.08236519645694906
10366,0.08236519645694906
10367,0.08236519645694906
10368,0.08236519645694906
10369,0.08236519645694906
10370,0.08236519645694906
10371,0.08236519645694906
10372,0.08236519645694906
10373,0.08236519645694906
10374,0.08236519645694906
10375,0.08236519645694906
10376,0.08236519645694906
10377,0.08236519645694906
10378,0.08236519645694906
10379,0.08236519645694906
10380,0.08236519645694906
10381,0.08236519645694906
10382,0.08236519645694906
10383,0.08236519645694906
10384,0.08236519645694906
10385,0.08236519645694906
10386,0.08236519645694906
10387,0.08236519645694906
10388,0.08236519645694906
10389,0.08236519645694906
10390,0.08236519645694906
10391,0.08236519645694906
10392,0.08236519645694906
10393,0.08236519645694906
10394,0.08236519645694906
10395,0.08236519645694906
10396,0.08236519645694906
10397,0.08236519645694906
10398,0.08236519645694906
10399,0.08236519645694906
10400,0.08236519645694906
10401,0.08236519645694906
10402,0.08236519645694906
10403,0.08236519645694906
10404,0.08236519645694906
10405,0.08236519645694906
10406,0.08236519645694906
10407,0.08236519645694906
10408,0.08236519645694906
10409,0.08236519645694906
10410,0.08236519645694906
10411,0.08236519645694906
10412,0.08236519645694906
10413,0.08236519645694906
10414,0.08236519645694906
10415,0.08236519645694906
10416,0.08236519645694906
10417,0.08236519645694906
10418,0.08236519645694906
10419,0.08236519645694906
10420,0.08236519645694906
10421,0.08236519645694906
10422,0.08236519645694906
10423,0.08236519645694906
10424,0.08236519645694906
10425,0.08236519645694906
10426,0.08236519645694906
10427,0.08236519645694906
10428,0.08236519645694906
10429,0.08236519645694906
10430,0.08236519645694906
10431,0.08236519645694906
10432,0.08236519645694906
10433,0.08236519645694906
10434,0.08236519645694906
10435,0.08236519645694906
10436,0.08236519645694906
10437,0.08236519645694906
10438,0.08236519645694906
10439,0.08236519645694906
10440,0.08236519645694906
10441,0.08236519645694906
10442,0.08236519645694906
10443,0.08236519645694906
10444,0.08236519645694906
10445,0.08236519645694906
10446,0.08236519645694906
10447,0.08236519645694906
10448,0.08236519645694906
10449,0.08236519645694906
10450,0.08236519645694906
10451,0.08236519645694906
10452,0.08236519645694906
10453,0.08236519645694906
10454,0.08236519645694906
10455,0.08236519645694906
10456,0.08236519645694906
10457,0.08236519645694906
10458,0.08236519645694906
10459,0.08236519645694906
10460,0.08236519645694906
10461,0.08236519645694906
10462,0.08236519645694906
10463,0.08236519645694906
10464,0.08236519645694906
10465,0.08236519645694906
10466,0.08236519645694906
10467,0.08236519645694906
10468,0.08236519645694906
10469,0.08236519645694906
10470,0.08236519645694906
10471,0.08236519645694906
10472,0.08236519645694906
10473,0.08236519645694906
10474,0.08236519645694906
10475,0.08236519645694906
10476,0.08236519645694906
10477,0.08236519645694906
10478,0.08236519645694906
10479,0.08236519645694906
10480,0.08236519645694906
10481,0.08236519645694906
10482,0.08236519645694906
10483,0.08236519645694906
10484,0.08236519645694906
10485,0.08236519645694906
10486,0.08236519645694906
10487,0.08236519645694906
10488,0.08236519645694906
10489,0.08236519645694906
10490,0.08236519645694906
10491,0.08236519645694906
10492,0.08236519645694906
10493,0.08236519645694906
10494,0.08236519645694906
10495,0.08236519645694906
10496,0.08236519645694906
10497,0.08236519645694906
10498,0.08236519645694906
10499,0.08236519645694906
10500,0.08236519645694906
10501,0.08236519645694906
10502,0.08236519645694906
10503,0.08236519645694906
10504,0.08236519645694906
10505,0.08236519645694906
10506,0.08236519645694906
10507,0.08236519645694906
10508,0.08236519645694906
10509,0.08236519645694906
10510,0.08236519645694906
10511,0.08236519645694906
10512,0.08236519645694906
10513,0.08236519645694906
10514,0.08236519645694906
10515,0.08236519645694906
10516,0.08236519645694906
10517,0.08236519645694906
10518,0.08236519645694906
10519,0.08236519645694906
10520,0.08236519645694906
10521,0.08236519645694906
10522,0.08236519645694906
10523,0.08236519645694906
10524,0.08236519645694906
10525,0.08236519645694906
10526,0.08236519645694906
10527,0.08236519645694906
10528,0.08236519645694906
10529,0.08236519645694906
10530,0.08236519645694906
10531,0.08236519645694906
10532,0.08236519645694906
10533,0.08236519645694906
10534,0.08236519645694906
10535,0.08236519645694906
10536,0.08236519645694906
10537,0.08236519645694906
10538,0.08236519645694906
10539,0.08236519645694906
10540,0.08236519645694906
10541,0.08236519645694906
10542,0.08236519645694906
10543,0.08236519645694906
10544,0.08236519645694906
10545,0.08236519645694906
10546,0.08236519645694906
10547,0.08236519645694906
10548,0.08236519645694906
10549,0.08236519645694906
10550,0.08236519645694906
10551,0.08236519645694906
10552,0.08236519645694906
10553,0.08236519645694906
10554,0.08236519645694906
10555,0.08236519645694906
10556,0.08236519645694906
10557,0.08236519645694906
10558,0.08236519645694906
10559,0.08236519645694906
10560,0.08236519645694906
10561,0.08236519645694906
10562,0.08236519645694906
10563,0.08236519645694906
10564,0.08236519645694906
10565,0.08236519645694906
10566,0.08236519645694906
10567,0.08236519645694906
10568,0.08236519645694906
10569,0.08236519645694906
10570,0.08236519645694906
10571,0.08236519645694906
10572,0.08236519645694906
10573,0.08236519645694906
10574,0.08236519645694906
10575,0.08236519645694906
10576,0.08236519645694906
10577,0.08236519645694906
10578,0.08236519645694906
10579,0.08236519645694906
10580,0.08236519645694906
10581,0.08236519645694906
10582,0.08236519645694906
10583,0.08236519645694906
10584,0.08236519645694906
10585,0.08236519645694906
10586,0.08236519645694906
10587,0.08236519645694906
10588,0.08236519645694906
10589,0.08236519645694906
10590,0.08236519645694906
10591,0.08236519645694906
10592,0.08236519645694906
10593,0.08236519645694906
10594,0.08236519645694906
10595,0.08236519645694906
10596,0.08236519645694906
10597,0.08236519645694906
10598,0.08236519645694906
10599,0.08236519645694906
10600,0.08236519645694906
10601,0.08236519645694906
10602,0.08236519645694906
10603,0.08236519645694906
10604,0.08236519645694906
10605,0.08236519645694906
10606,0.08236519645694906
10607,0.08236519645694906
10608,0.08236519645694906
10609,0.08236519645694906
10610,0.08236519645694906
10611,0.08236519645694906
10612,0.08236519645694906
10613,0.08236519645694906
10614,0.08236519645694906
10615,0.08236519645694906
10616,0.08236519645694906
10617,0.08236519645694906
10618,0.08236519645694906
10619,0.08236519645694906
10620,0.08236519645694906
10621,0.08236519645694906
10622,0.08236519645694906
10623,0.08236519645694906
10624,0.08236519645694906
10625,0.08236519645694906
10626,0.08236519645694906
10627,0.08236519645694906
10628,0.08236519645694906
10629,0.08236519645694906
10630,0.08236519645694906
10631,0.08236519645694906
10632,0.08236519645694906
10633,0.08236519645694906
10634,0.08236519645694906
10635,0.08236519645694906
10636,0.08236519645694906
10637,0.08236519645694906
10638,0.08236519645694906
10639,0.08236519645694906
10640,0.08236519645694906
10641,0.08236519645694906
10642,0.08236519645694906
10643,0.08236519645694906
10644,0.08236519645694906
10645,0.08236519645694906
10646,0.08236519645694906
10647,0.08236519645694906
10648,0.08236519645694906
10649,0.08236519645694906
10650,0.08236519645694906
10651,0.08236519645694906
10652,0.08236519645694906
10653,0.08236519645694906
10654,0.08236519645694906
10655,0.08236519645694906
10656,0.08236519645694906
10657,0.08236519645694906
10658,0.08236519645694906
10659,0.08236519645694906
10660,0.08236519645694906
10661,0.08236519645694906
10662,0.08236519645694906
10663,0.08236519645694906
10664,0.08236519645694906
10665,0.08236519645694906
10666,0.08236519645694906
10667,0.08236519645694906
10668,0.08236519645694906
10669,0.08236519645694906
10670,0.08236519645694906
10671,0.08236519645694906
10672,0.08236519645694906
10673,0.08236519645694906
10674,0.08236519645694906
10675,0.08236519645694906
10676,0.08236519645694906
10677,0.08236519645694906
10678,0.08236519645694906
10679,0.08236519645694906
10680,0.08236519645694906
10681,0.08236519645694906
10682,0.08236519645694906
10683,0.08236519645694906
10684,0.08236519645694906
10685,0.08236519645694906
10686,0.08236519645694906
10687,0.08236519645694906
10688,0.08236519645694906
10689,0.08236519645694906
10690,0.08236519645694906
10691,0.08236519645694906
10692,0.08236519645694906
10693,0.08236519645694906
10694,0.08236519645694906
10695,0.08236519645694906
10696,0.08236519645694906
10697,0.08236519645694906
10698,0.08236519645694906
10699,0.08236519645694906
10700,0.08236519645694906
10701,0.08236519645694906
10702,0.08236519645694906
10703,0.08236519645694906
10704,0.08236519645694906
10705,0.08236519645694906
10706,0.08236519645694906
10707,0.08236519645694906
10708,0.08236519645694906
10709,0.08236519645694906
10710,0.08236519645694906
10711,0.08236519645694906
10712,0.08236519645694906
10713,0.08236519645694906
10714,0.08236519645694906
10715,0.08236519645694906
10716,0.08236519645694906
10717,0.08236519645694906
10718,0.08236519645694906
10719,0.08236519645694906
10720,0.08236519645694906
10721,0.08236519645694906
10722,0.08236519645694906
10723,0.08236519645694906
10724,0.08236519645694906
10725,0.08236519645694906
10726,0.08236519645694906
10727,0.08236519645694906
10728,0.08236519645694906
10729,0.08236519645694906
10730,0.08236519645694906
10731,0.08236519645694906
10732,0.08236519645694906
10733,0.08236519645694906
10734,0.08236519645694906
10735,0.08236519645694906
10736,0.08236519645694906
10737,0.08236519645694906
10738,0.08236519645694906
10739,0.08236519645694906
10740,0.08236519645694906
10741,0.08236519645694906
10742,0.08236519645694906
10743,0.08236519645694906
10744,0.08236519645694906
10745,0.08236519645694906
10746,0.08236519645694906
10747,0.08236519645694906
10748,0.08236519645694906
10749,0.08236519645694906
10750,0.08236519645694906
10751,0.08236519645694906
10752,0.08236519645694906
10753,0.08236519645694906
10754,0.08236519645694906
10755,0.08236519645694906
10756,0.08236519645694906
10757,0.08236519645694906
10758,0.08236519645694906
10759,0.08236519645694906
10760,0.08236519645694906
10761,0.08236519645694906
10762,0.08236519645694906
10763,0.08236519645694906
10764,0.08236519645694906
10765,0.08236519645694906
10766,0.08236519645694906
10767,0.08236519645694906
10768,0.08236519645694906
10769,0.08236519645694906
10770,0.08236519645694906
10771,0.08236519645694906
10772,0.08236519645694906
10773,0.08236519645694906
10774,0.08236519645694906
10775,0.08236519645694906
10776,0.08236519645694906
10777,0.08236519645694906
10778,0.08236519645694906
10779,0.08236519645694906
10780,0.08236519645694906
10781,0.08236519645694906
10782,0.08236519645694906
10783,0.08236519645694906
10784,0.08236519645694906
10785,0.08236519645694906
10786,0.08236519645694906
10787,0.08236519645694906
10788,0.08236519645694906
10789,0.08236519645694906
10790,0.08236519645694906
10791,0.08236519645694906
10792,0.08236519645694906
10793,0.08236519645694906
10794,0.08236519645694906
10795,0.08236519645694906
10796,0.08236519645694906
10797,0.08236519645694906
10798,0.08236519645694906
10799,0.08236519645694906
10800,0.08236519645694906
10801,0.08236519645694906
10802,0.08236519645694906
10803,0.08236519645694906
10804,0.08236519645694906
10805,0.08236519645694906
10806,0.08236519645694906
10807,0.08236519645694906
10808,0.08236519645694906
10809,0.08236519645694906
10810,0.08236519645694906
10811,0.08236519645694906
10812,0.08236519645694906
10813,0.08236519645694906
10814,0.08236519645694906
10815,0.08236519645694906
10816,0.08236519645694906
10817,0.08236519645694906
10818,0.08236519645694906
10819,0.08236519645694906
10820,0.08236519645694906
10821,0.08236519645694906
10822,0.08236519645694906
10823,0.08236519645694906
10824,0.08236519645694906
10825,0.08236519645694906
10826,0.08236519645694906
10827,0.08236519645694906
10828,0.08236519645694906
10829,0.08236519645694906
10830,0.08236519645694906
10831,0.08236519645694906
10832,0.08236519645694906
10833,0.08236519645694906
10834,0.08236519645694906
10835,0.08236519645694906
10836,0.08236519645694906
10837,0.08236519645694906
10838,0.08236519645694906
10839,0.08236519645694906
10840,0.08236519645694906
10841,0.08236519645694906
10842,0.08236519645694906
10843,0.08236519645694906
10844,0.08236519645694906
10845,0.08236519645694906
10846,0.08236519645694906
10847,0.08236519645694906
10848,0.08236519645694906
10849,0.08236519645694906
10850,0.08236519645694906
10851,0.08236519645694906
10852,0.08236519645694906
10853,0.08236519645694906
10854,0.08236519645694906
10855,0.08236519645694906
10856,0.08236519645694906
10857,0.08236519645694906
10858,0.08236519645694906
10859,0.08236519645694906
10860,0.08236519645694906
10861,0.08236519645694906
10862,0.08236519645694906
10863,0.08236519645694906
10864,0.08236519645694906
10865,0.08236519645694906
10866,0.08236519645694906
10867,0.08236519645694906
10868,0.08236519645694906
10869,0.08236519645694906
10870,0.08236519645694906
10871,0.08236519645694906
10872,0.08236519645694906
10873,0.08236519645694906
10874,0.08236519645694906
10875,0.08236519645694906
10876,0.08236519645694906
10877,0.08236519645694906
10878,0.08236519645694906
10879,0.08236519645694906
10880,0.08236519645694906
10881,0.08236519645694906
10882,0.08236519645694906
10883,0.08236519645694906
10884,0.08236519645694906
10885,0.08236519645694906
10886,0.08236519645694906
10887,0.08236519645694906
10888,0.08236519645694906
10889,0.08236519645694906
10890,0.08236519645694906
10891,0.08236519645694906
10892,0.08236519645694906
10893,0.08236519645694906
10894,0.08236519645694906
10895,0.08236519645694906
10896,0.08236519645694906
10897,0.08236519645694906
10898,0.08236519645694906
10899,0.08236519645694906
10900,0.08236519645694906
10901,0.08236519645694906
10902,0.08236519645694906
10903,0.08236519645694906
10904,0.08236519645694906
10905,0.08236519645694906
10906,0.08236519645694906
10907,0.08236519645694906
10908,0.08236519645694906
10909,0.08236519645694906
10910,0.08236519645694906
10911,0.08236519645694906
10912,0.08236519645694906
10913,0.08236519645694906
10914,0.08236519645694906
10915,0.08236519645694906
10916,0.08236519645694906
10917,0.08236519645694906
10918,0.08236519645694906
10919,0.08236519645694906
10920,0.08236519645694906
10921,0.08236519645694906
10922,0.08236519645694906
10923,0.08236519645694906
10924,0.08236519645694906
10925,0.08236519645694906
10926,0.08236519645694906
10927,0.08236519645694906
10928,0.08236519645694906
10929,0.08236519645694906
10930,0.08236519645694906
10931,0.08236519645694906
10932,0.08236519645694906
10933,0.08236519645694906
10934,0.08236519645694906
10935,0.08236519645694906
10936,0.08236519645694906
10937,0.08236519645694906
10938,0.08236519645694906
10939,0.08236519645694906
10940,0.08236519645694906
10941,0.08236519645694906
10942,0.08236519645694906
10943,0.08236519645694906
10944,0.08236519645694906
10945,0.08236519645694906
10946,0.08236519645694906
10947,0.08236519645694906
10948,0.08236519645694906
10949,0.08236519645694906
10950,0.08236519645694906
10951,0.08236519645694906
10952,0.08236519645694906
10953,0.08236519645694906
10954,0.08236519645694906
10955,0.08236519645694906
10956,0.08236519645694906
10957,0.08236519645694906
10958,0.08236519645694906
10959,0.08236519645694906
10960,0.08236519645694906
10961,0.08236519645694906
10962,0.08236519645694906
10963,0.08236519645694906
10964,0.08236519645694906
10965,0.08236519645694906
10966,0.08236519645694906
10967,0.08236519645694906
10968,0.08236519645694906
10969,0.08236519645694906
10970,0.08236519645694906
10971,0.08236519645694906
10972,0.08236519645694906
10973,0.08236519645694906
10974,0.08236519645694906
10975,0.08236519645694906
10976,0.08236519645694906
10977,0.08236519645694906
10978,0.08236519645694906
10979,0.08236519645694906
10980,0.08236519645694906
10981,0.08236519645694906
10982,0.08236519645694906
10983,0.08236519645694906
10984,0.08236519645694906
10985,0.08236519645694906
10986,0.08236519645694906
10987,0.08236519645694906
10988,0.08236519645694906
10989,0.08236519645694906
10990,0.08236519645694906
10991,0.08236519645694906
10992,0.08236519645694906
10993,0.08236519645694906
10994,0.08236519645694906
10995,0.08236519645694906
10996,0.08236519645694906
10997,0.08236519645694906
10998,0.08236519645694906
10999,0.08236519645694906
11000,0.08236519645694906
11001,0.08236519645694906
11002,0.08236519645694906
11003,0.08236519645694906
11004,0.08236519645694906
11005,0.08236519645694906
11006,0.08236519645694906
11007,0.08236519645694906
11008,0.08236519645694906
11009,0.08236519645694906
11010,0.08236519645694906
11011,0.08236519645694906
11012,0.08236519645694906
11013,0.08236519645694906
11014,0.08236519645694906
11015,0.08236519645694906
11016,0.08236519645694906
11017,0.08236519645694906
11018,0.08236519645694906
11019,0.08236519645694906
11020,0.08236519645694906
11021,0.08236519645694906
11022,0.08236519645694906
11023,0.08236519645694906
11024,0.08236519645694906
11025,0.08236519645694906
11026,0.08236519645694906
11027,0.08236519645694906
11028,0.08236519645694906
11029,0.08236519645694906
11030,0.08236519645694906
11031,0.08236519645694906
11032,0.08236519645694906
11033,0.08236519645694906
11034,0.08236519645694906
11035,0.08236519645694906
11036,0.08236519645694906
11037,0.08236519645694906
11038,0.08236519645694906
11039,0.08236519645694906
11040,0.08236519645694906
11041,0.08236519645694906
11042,0.08236519645694906
11043,0.08236519645694906
11044,0.08236519645694906
11045,0.08236519645694906
11046,0.08236519645694906
11047,0.08236519645694906
11048,0.08236519645694906
11049,0.08236519645694906
11050,0.08236519645694906
11051,0.08236519645694906
11052,0.08236519645694906
11053,0.08236519645694906
11054,0.08236519645694906
11055,0.08236519645694906
11056,0.08236519645694906
11057,0.08236519645694906
11058,0.08236519645694906
11059,0.08236519645694906
11060,0.08236519645694906
11061,0.08236519645694906
11062,0.08236519645694906
11063,0.08236519645694906
11064,0.08236519645694906
11065,0.08236519645694906
11066,0.08236519645694906
11067,0.08236519645694906
11068,0.08236519645694906
11069,0.08236519645694906
11070,0.08236519645694906
11071,0.08236519645694906
11072,0.08236519645694906
11073,0.08236519645694906
11074,0.08236519645694906
11075,0.08236519645694906
11076,0.08236519645694906
11077,0.08236519645694906
11078,0.08236519645694906
11079,0.08236519645694906
11080,0.08236519645694906
11081,0.08236519645694906
11082,0.08236519645694906
11083,0.08236519645694906
11084,0.08236519645694906
11085,0.08236519645694906
11086,0.08236519645694906
11087,0.08236519645694906
11088,0.08236519645694906
11089,0.08236519645694906
11090,0.08236519645694906
11091,0.08236519645694906
11092,0.08236519645694906
11093,0.08236519645694906
11094,0.08236519645694906
11095,0.08236519645694906
11096,0.08236519645694906
11097,0.08236519645694906
11098,0.08236519645694906
11099,0.08236519645694906
11100,0.08236519645694906
11101,0.08236519645694906
11102,0.08236519645694906
11103,0.08236519645694906
11104,0.08236519645694906
11105,0.08236519645694906
11106,0.08236519645694906
11107,0.08236519645694906
11108,0.08236519645694906
11109,0.08236519645694906
11110,0.08236519645694906
11111,0.08236519645694906
11112,0.08236519645694906
11113,0.08236519645694906
11114,0.08236519645694906
11115,0.08236519645694906
11116,0.08236519645694906
11117,0.08236519645694906
11118,0.08236519645694906
11119,0.08236519645694906
11120,0.08236519645694906
11121,0.08236519645694906
11122,0.08236519645694906
11123,0.08236519645694906
11124,0.08236519645694906
11125,0.08236519645694906
11126,0.08236519645694906
11127,0.08236519645694906
11128,0.08236519645694906
11129,0.08236519645694906
11130,0.08236519645694906
11131,0.08236519645694906
11132,0.08236519645694906
11133,0.08236519645694906
11134,0.08236519645694906
11135,0.08236519645694906
11136,0.08236519645694906
11137,0.08236519645694906
11138,0.08236519645694906
11139,0.08236519645694906
11140,0.08236519645694906
11141,0.08236519645694906
11142,0.08236519645694906
11143,0.08236519645694906
11144,0.08236519645694906
11145,0.08236519645694906
11146,0.08236519645694906
11147,0.08236519645694906
11148,0.08236519645694906
11149,0.08236519645694906
11150,0.08236519645694906
11151,0.08236519645694906
11152,0.08236519645694906
11153,0.08236519645694906
11154,0.08236519645694906
11155,0.08236519645694906
11156,0.08236519645694906
11157,0.08236519645694906
11158,0.08236519645694906
11159,0.08236519645694906
11160,0.08236519645694906
11161,0.08236519645694906
11162,0.08236519645694906
11163,0.08236519645694906
11164,0.08236519645694906
11165,0.08236519645694906
11166,0.08236519645694906
11167,0.08236519645694906
11168,0.08236519645694906
11169,0.08236519645694906
11170,0.08236519645694906
11171,0.08236519645694906
11172,0.08236519645694906
11173,0.08236519645694906
11174,0.08236519645694906
11175,0.08236519645694906
11176,0.08236519645694906
11177,0.08236519645694906
11178,0.08236519645694906
11179,0.08236519645694906
11180,0.08236519645694906
11181,0.08236519645694906
11182,0.08236519645694906
11183,0.08236519645694906
11184,0.08236519645694906
11185,0.08236519645694906
11186,0.08236519645694906
11187,0.08236519645694906
11188,0.08236519645694906
11189,0.08236519645694906
11190,0.08236519645694906
11191,0.08236519645694906
11192,0.08236519645694906
11193,0.08236519645694906
11194,0.08236519645694906
11195,0.08236519645694906
11196,0.08236519645694906
11197,0.08236519645694906
11198,0.08236519645694906
11199,0.08236519645694906
11200,0.08236519645694906
11201,0.08236519645694906
11202,0.08236519645694906
11203,0.08236519645694906
11204,0.08236519645694906
11205,0.08236519645694906
11206,0.08236519645694906
11207,0.08236519645694906
11208,0.08236519645694906
11209,0.08236519645694906
11210,0.08236519645694906
11211,0.08236519645694906
11212,0.08236519645694906
11213,0.08236519645694906
11214,0.08236519645694906
11215,0.08236519645694906
11216,0.08236519645694906
11217,0.08236519645694906
11218,0.08236519645694906
11219,0.08236519645694906
11220,0.08236519645694906
11221,0.08236519645694906
11222,0.08236519645694906
11223,0.08236519645694906
11224,0.08236519645694906
11225,0.08236519645694906
11226,0.08236519645694906
11227,0.08236519645694906
11228,0.08236519645694906
11229,0.08236519645694906
11230,0.08236519645694906
11231,0.08236519645694906
11232,0.08236519645694906
11233,0.08236519645694906
11234,0.08236519645694906
11235,0.08236519645694906
11236,0.08236519645694906
11237,0.08236519645694906
11238,0.08236519645694906
11239,0.08236519645694906
11240,0.08236519645694906
11241,0.08236519645694906
11242,0.08236519645694906
11243,0.08236519645694906
11244,0.08236519645694906
11245,0.08236519645694906
11246,0.08236519645694906
11247,0.08236519645694906
11248,0.08236519645694906
11249,0.08236519645694906
11250,0.08236519645694906
11251,0.08236519645694906
11252,0.08236519645694906
11253,0.08236519645694906
11254,0.08236519645694906
11255,0.08236519645694906
11256,0.08236519645694906
11257,0.08236519645694906
11258,0.08236519645694906
11259,0.08236519645694906
11260,0.08236519645694906
11261,0.08236519645694906
11262,0.08236519645694906
11263,0.08236519645694906
11264,0.08236519645694906
11265,0.08236519645694906
11266,0.08236519645694906
11267,0.08236519645694906
11268,0.08236519645694906
11269,0.08236519645694906
11270,0.08236519645694906
11271,0.08236519645694906
11272,0.08236519645694906
11273,0.08236519645694906
11274,0.08236519645694906
11275,0.08236519645694906
11276,0.08236519645694906
11277,0.08236519645694906
11278,0.08236519645694906
11279,0.08236519645694906
11280,0.08236519645694906
11281,0.08236519645694906
11282,0.08236519645694906
11283,0.08236519645694906
11284,0.08236519645694906
11285,0.08236519645694906
11286,0.08236519645694906
11287,0.08236519645694906
11288,0.08236519645694906
11289,0.08236519645694906
11290,0.08236519645694906
11291,0.08236519645694906
11292,0.08236519645694906
11293,0.08236519645694906
11294,0.08236519645694906
11295,0.08236519645694906
11296,0.08236519645694906
11297,0.08236519645694906
11298,0.08236519645694906
11299,0.08236519645694906
11300,0.08236519645694906
11301,0.08236519645694906
11302,0.08236519645694906
11303,0.08236519645694906
11304,0.08236519645694906
11305,0.08236519645694906
11306,0.08236519645694906
11307,0.08236519645694906
11308,0.08236519645694906
11309,0.08236519645694906
11310,0.08236519645694906
11311,0.08236519645694906
11312,0.08236519645694906
11313,0.08236519645694906
11314,0.08236519645694906
11315,0.08236519645694906
11316,0.08236519645694906
11317,0.08236519645694906
11318,0.08236519645694906
11319,0.08236519645694906
11320,0.08236519645694906
11321,0.08236519645694906
11322,0.08236519645694906
11323,0.08236519645694906
11324,0.08236519645694906
11325,0.08236519645694906
11326,0.08236519645694906
11327,0.08236519645694906
11328,0.08236519645694906
11329,0.08236519645694906
11330,0.08236519645694906
11331,0.08236519645694906
11332,0.08236519645694906
11333,0.08236519645694906
11334,0.08236519645694906
11335,0.08236519645694906
11336,0.08236519645694906
11337,0.08236519645694906
11338,0.08236519645694906
11339,0.08236519645694906
11340,0.08236519645694906
11341,0.08236519645694906
11342,0.08236519645694906
11343,0.08236519645694906
11344,0.08236519645694906
11345,0.08236519645694906
11346,0.08236519645694906
11347,0.08236519645694906
11348,0.08236519645694906
11349,0.08236519645694906
11350,0.08236519645694906
11351,0.08236519645694906
11352,0.08236519645694906
11353,0.08236519645694906
11354,0.08236519645694906
11355,0.08236519645694906
11356,0.08236519645694906
11357,0.08236519645694906
11358,0.08236519645694906
11359,0.08236519645694906
11360,0.08236519645694906
11361,0.08236519645694906
11362,0.08236519645694906
11363,0.08236519645694906
11364,0.08236519645694906
11365,0.08236519645694906
11366,0.08236519645694906
11367,0.08236519645694906
11368,0.08236519645694906
11369,0.08236519645694906
11370,0.08236519645694906
11371,0.08236519645694906
11372,0.08236519645694906
11373,0.08236519645694906
11374,0.08236519645694906
11375,0.08236519645694906
11376,0.08236519645694906
11377,0.08236519645694906
11378,0.08236519645694906
11379,0.08236519645694906
11380,0.08236519645694906
11381,0.08236519645694906
11382,0.08236519645694906
11383,0.08236519645694906
11384,0.08236519645694906
11385,0.08236519645694906
11386,0.08236519645694906
11387,0.08236519645694906
11388,0.08236519645694906
11389,0.08236519645694906
11390,0.08236519645694906
11391,0.08236519645694906
11392,0.08236519645694906
11393,0.08236519645694906
11394,0.08236519645694906
11395,0.08236519645694906
11396,0.08236519645694906
11397,0.08236519645694906
11398,0.08236519645694906
11399,0.08236519645694906
11400,0.08236519645694906
11401,0.08236519645694906
11402,0.08236519645694906
11403,0.08236519645694906
11404,0.08236519645694906
11405,0.08236519645694906
11406,0.08236519645694906
11407,0.08236519645694906
11408,0.08236519645694906
11409,0.08236519645694906
11410,0.08236519645694906
11411,0.08236519645694906
11412,0.08236519645694906
11413,0.08236519645694906
11414,0.08236519645694906
11415,0.08236519645694906
11416,0.08236519645694906
11417,0.08236519645694906
11418,0.08236519645694906
11419,0.08236519645694906
11420,0.08236519645694906
11421,0.08236519645694906
11422,0.08236519645694906
11423,0.08236519645694906
11424,0.08236519645694906
11425,0.08236519645694906
11426,0.08236519645694906
11427,0.08236519645694906
11428,0.08236519645694906
11429,0.08236519645694906
11430,0.08236519645694906
11431,0.08236519645694906
11432,0.08236519645694906
11433,0.08236519645694906
11434,0.08236519645694906
11435,0.08236519645694906
11436,0.08236519645694906
11437,0.08236519645694906
11438,0.08236519645694906
11439,0.08236519645694906
11440,0.08236519645694906
11441,0.08236519645694906
11442,0.08236519645694906
11443,0.08236519645694906
11444,0.08236519645694906
11445,0.08236519645694906
11446,0.08236519645694906
11447,0.08236519645694906
11448,0.08236519645694906
11449,0.08236519645694906
11450,0.08236519645694906
11451,0.08236519645694906
11452,0.08236519645694906
11453,0.08236519645694906
11454,0.08236519645694906
11455,0.08236519645694906
11456,0.08236519645694906
11457,0.08236519645694906
11458,0.08236519645694906
11459,0.08236519645694906
11460,0.08236519645694906
11461,0.08236519645694906
11462,0.08236519645694906
11463,0.08236519645694906
11464,0.08236519645694906
11465,0.08236519645694906
11466,0.08236519645694906
11467,0.08236519645694906
11468,0.08236519645694906
11469,0.08236519645694906
11470,0.08236519645694906
11471,0.08236519645694906
11472,0.08236519645694906
11473,0.08236519645694906
11474,0.08236519645694906
11475,0.08236519645694906
11476,0.08236519645694906
11477,0.08236519645694906
11478,0.08236519645694906
11479,0.08236519645694906
11480,0.08236519645694906
11481,0.08236519645694906
11482,0.08236519645694906
11483,0.08236519645694906
11484,0.08236519645694906
11485,0.08236519645694906
11486,0.08236519645694906
11487,0.08236519645694906
11488,0.08236519645694906
11489,0.08236519645694906
11490,0.08236519645694906
11491,0.08236519645694906
11492,0.08236519645694906
11493,0.08236519645694906
11494,0.08236519645694906
11495,0.08236519645694906
11496,0.08236519645694906
11497,0.08236519645694906
11498,0.08236519645694906
11499,0.08236519645694906
11500,0.08236519645694906
11501,0.08236519645694906
11502,0.08236519645694906
11503,0.08236519645694906
11504,0.08236519645694906
11505,0.08236519645694906
11506,0.08236519645694906
11507,0.08236519645694906
11508,0.08236519645694906
11509,0.08236519645694906
11510,0.08236519645694906
11511,0.08236519645694906
11512,0.08236519645694906
11513,0.08236519645694906
11514,0.08236519645694906
11515,0.08236519645694906
11516,0.08236519645694906
11517,0.08236519645694906
11518,0.08236519645694906
11519,0.08236519645694906
11520,0.08236519645694906
11521,0.08236519645694906
11522,0.08236519645694906
11523,0.08236519645694906
11524,0.08236519645694906
11525,0.08236519645694906
11526,0.08236519645694906
11527,0.08236519645694906
11528,0.08236519645694906
11529,0.08236519645694906
11530,0.08236519645694906
11531,0.08236519645694906
11532,0.08236519645694906
11533,0.08236519645694906
11534,0.08236519645694906
11535,0.08236519645694906
11536,0.08236519645694906
11537,0.08236519645694906
11538,0.08236519645694906
11539,0.08236519645694906
11540,0.08236519645694906
11541,0.08236519645694906
11542,0.08236519645694906
11543,0.08236519645694906
11544,0.08236519645694906
11545,0.08236519645694906
11546,0.08236519645694906
11547,0.08236519645694906
11548,0.08236519645694906
11549,0.08236519645694906
11550,0.08236519645694906
11551,0.08236519645694906
11552,0.08236519645694906
11553,0.08236519645694906
11554,0.08236519645694906
11555,0.08236519645694906
11556,0.08236519645694906
11557,0.08236519645694906
11558,0.08236519645694906
11559,0.08236519645694906
11560,0.08236519645694906
11561,0.08236519645694906
11562,0.08236519645694906
11563,0.08236519645694906
11564,0.08236519645694906
11565,0.08236519645694906
11566,0.08236519645694906
11567,0.08236519645694906
11568,0.08236519645694906
11569,0.08236519645694906
11570,0.08236519645694906
11571,0.08236519645694906
11572,0.08236519645694906
11573,0.08236519645694906
11574,0.08236519645694906
11575,0.08236519645694906
11576,0.08236519645694906
11577,0.08236519645694906
11578,0.08236519645694906
11579,0.08236519645694906
11580,0.08236519645694906
11581,0.08236519645694906
11582,0.08236519645694906
11583,0.08236519645694906
11584,0.08236519645694906
11585,0.08236519645694906
11586,0.08236519645694906
11587,0.08236519645694906
11588,0.08236519645694906
11589,0.08236519645694906
11590,0.08236519645694906
11591,0.08236519645694906
11592,0.08236519645694906
11593,0.08236519645694906
11594,0.08236519645694906
11595,0.08236519645694906
11596,0.08236519645694906
11597,0.08236519645694906
11598,0.08236519645694906
11599,0.08236519645694906
11600,0.08236519645694906
11601,0.08236519645694906
11602,0.08236519645694906
11603,0.08236519645694906
11604,0.08236519645694906
11605,0.08236519645694906
11606,0.08236519645694906
11607,0.08236519645694906
11608,0.08236519645694906
11609,0.08236519645694906
11610,0.08236519645694906
11611,0.08236519645694906
11612,0.08236519645694906
11613,0.08236519645694906
11614,0.08236519645694906
11615,0.08236519645694906
11616,0.08236519645694906
11617,0.08236519645694906
11618,0.08236519645694906
11619,0.08236519645694906
11620,0.08236519645694906
11621,0.08236519645694906
11622,0.08236519645694906
11623,0.08236519645694906
11624,0.08236519645694906
11625,0.08236519645694906
11626,0.08236519645694906
11627,0.08236519645694906
11628,0.08236519645694906
11629,0.08236519645694906
11630,0.08236519645694906
11631,0.08236519645694906
11632,0.08236519645694906
11633,0.08236519645694906
11634,0.08236519645694906
11635,0.08236519645694906
11636,0.08236519645694906
11637,0.08236519645694906
11638,0.08236519645694906
11639,0.08236519645694906
11640,0.08236519645694906
11641,0.08236519645694906
11642,0.08236519645694906
11643,0.08236519645694906
11644,0.08236519645694906
11645,0.08236519645694906
11646,0.08236519645694906
11647,0.08236519645694906
11648,0.08236519645694906
11649,0.08236519645694906
11650,0.08236519645694906
11651,0.08236519645694906
11652,0.08236519645694906
11653,0.08236519645694906
11654,0.08236519645694906
11655,0.08236519645694906
11656,0.08236519645694906
11657,0.08236519645694906
11658,0.08236519645694906
11659,0.08236519645694906
11660,0.08236519645694906
11661,0.08236519645694906
11662,0.08236519645694906
11663,0.08236519645694906
11664,0.08236519645694906
11665,0.08236519645694906
11666,0.08236519645694906
11667,0.08236519645694906
11668,0.08236519645694906
11669,0.08236519645694906
11670,0.08236519645694906
11671,0.08236519645694906
11672,0.08236519645694906
11673,0.08236519645694906
11674,0.08236519645694906
11675,0.08236519645694906
11676,0.08236519645694906
11677,0.08236519645694906
11678,0.08236519645694906
11679,0.08236519645694906
11680,0.08236519645694906
11681,0.08236519645694906
11682,0.08236519645694906
11683,0.08236519645694906
11684,0.08236519645694906
11685,0.08236519645694906
11686,0.08236519645694906
11687,0.08236519645694906
11688,0.08236519645694906
11689,0.08236519645694906
11690,0.08236519645694906
11691,0.08236519645694906
11692,0.08236519645694906
11693,0.08236519645694906
11694,0.08236519645694906
11695,0.08236519645694906
11696,0.08236519645694906
11697,0.08236519645694906
11698,0.08236519645694906
11699,0.08236519645694906
11700,0.08236519645694906
11701,0.08236519645694906
11702,0.08236519645694906
11703,0.08236519645694906
11704,0.08236519645694906
11705,0.08236519645694906
11706,0.08236519645694906
11707,0.08236519645694906
11708,0.08236519645694906
11709,0.08236519645694906
11710,0.08236519645694906
11711,0.08236519645694906
11712,0.08236519645694906
11713,0.08236519645694906
11714,0.08236519645694906
11715,0.08236519645694906
11716,0.08236519645694906
11717,0.08236519645694906
11718,0.08236519645694906
11719,0.08236519645694906
11720,0.08236519645694906
11721,0.08236519645694906
11722,0.08236519645694906
11723,0.08236519645694906
11724,0.08236519645694906
11725,0.08236519645694906
11726,0.08236519645694906
11727,0.08236519645694906
11728,0.08236519645694906
11729,0.08236519645694906
11730,0.08236519645694906
11731,0.08236519645694906
11732,0.08236519645694906
11733,0.08236519645694906
11734,0.08236519645694906
11735,0.08236519645694906
11736,0.08236519645694906
11737,0.08236519645694906
11738,0.08236519645694906
11739,0.08236519645694906
11740,0.08236519645694906
11741,0.08236519645694906
11742,0.08236519645694906
11743,0.08236519645694906
11744,0.08236519645694906
11745,0.08236519645694906
11746,0.08236519645694906
11747,0.08236519645694906
11748,0.08236519645694906
11749,0.08236519645694906
11750,0.08236519645694906
11751,0.08236519645694906
11752,0.08236519645694906
11753,0.08236519645694906
11754,0.08236519645694906
11755,0.08236519645694906
11756,0.08236519645694906
11757,0.08236519645694906
11758,0.08236519645694906
11759,0.08236519645694906
11760,0.08236519645694906
11761,0.08236519645694906
11762,0.08236519645694906
11763,0.08236519645694906
11764,0.08236519645694906
11765,0.08236519645694906
11766,0.08236519645694906
11767,0.08236519645694906
11768,0.08236519645694906
11769,0.08236519645694906
11770,0.08236519645694906
11771,0.08236519645694906
11772,0.08236519645694906
11773,0.08236519645694906
11774,0.08236519645694906
11775,0.08236519645694906
11776,0.08236519645694906
11777,0.08236519645694906
11778,0.08236519645694906
11779,0.08236519645694906
11780,0.08236519645694906
11781,0.08236519645694906
11782,0.08236519645694906
11783,0.08236519645694906
11784,0.08236519645694906
11785,0.08236519645694906
11786,0.08236519645694906
11787,0.08236519645694906
11788,0.08236519645694906
11789,0.08236519645694906
11790,0.08236519645694906
11791,0.08236519645694906
11792,0.08236519645694906
11793,0.08236519645694906
11794,0.08236519645694906
11795,0.08236519645694906
11796,0.08236519645694906
11797,0.08236519645694906
11798,0.08236519645694906
11799,0.08236519645694906
11800,0.08236519645694906
11801,0.08236519645694906
11802,0.08236519645694906
11803,0.08236519645694906
11804,0.08236519645694906
11805,0.08236519645694906
11806,0.08236519645694906
11807,0.08236519645694906
11808,0.08236519645694906
11809,0.08236519645694906
11810,0.08236519645694906
11811,0.08236519645694906
11812,0.08236519645694906
11813,0.08236519645694906
11814,0.08236519645694906
11815,0.08236519645694906
11816,0.08236519645694906
11817,0.08236519645694906
11818,0.08236519645694906
11819,0.08236519645694906
11820,0.08236519645694906
11821,0.08236519645694906
11822,0.08236519645694906
11823,0.08236519645694906
11824,0.08236519645694906
11825,0.08236519645694906
11826,0.08236519645694906
11827,0.08236519645694906
11828,0.08236519645694906
11829,0.08236519645694906
11830,0.08236519645694906
11831,0.08236519645694906
11832,0.08236519645694906
11833,0.08236519645694906
11834,0.08236519645694906
11835,0.08236519645694906
11836,0.08236519645694906
11837,0.08236519645694906
11838,0.08236519645694906
11839,0.08236519645694906
11840,0.08236519645694906
11841,0.08236519645694906
11842,0.08236519645694906
11843,0.08236519645694906
11844,0.08236519645694906
11845,0.08236519645694906
11846,0.08236519645694906
11847,0.08236519645694906
11848,0.08236519645694906
11849,0.08236519645694906
11850,0.08236519645694906
11851,0.08236519645694906
11852,0.08236519645694906
11853,0.08236519645694906
11854,0.08236519645694906
11855,0.08236519645694906
11856,0.08236519645694906
11857,0.08236519645694906
11858,0.08236519645694906
11859,0.08236519645694906
11860,0.08236519645694906
11861,0.08236519645694906
11862,0.08236519645694906
11863,0.08236519645694906
11864,0.08236519645694906
11865,0.08236519645694906
11866,0.08236519645694906
11867,0.08236519645694906
11868,0.08236519645694906
11869,0.08236519645694906
11870,0.08236519645694906
11871,0.08236519645694906
11872,0.08236519645694906
11873,0.08236519645694906
11874,0.08236519645694906
11875,0.08236519645694906
11876,0.08236519645694906
11877,0.08236519645694906
11878,0.08236519645694906
11879,0.08236519645694906
11880,0.08236519645694906
11881,0.08236519645694906
11882,0.08236519645694906
11883,0.08236519645694906
11884,0.08236519645694906
11885,0.08236519645694906
11886,0.08236519645694906
11887,0.08236519645694906
11888,0.08236519645694906
11889,0.08236519645694906
11890,0.08236519645694906
11891,0.08236519645694906
11892,0.08236519645694906
11893,0.08236519645694906
11894,0.08236519645694906
11895,0.08236519645694906
11896,0.08236519645694906
11897,0.08236519645694906
11898,0.08236519645694906
11899,0.08236519645694906
11900,0.08236519645694906
11901,0.08236519645694906
11902,0.08236519645694906
11903,0.08236519645694906
11904,0.08236519645694906
11905,0.08236519645694906
11906,0.08236519645694906
11907,0.08236519645694906
11908,0.08236519645694906
11909,0.08236519645694906
11910,0.08236519645694906
11911,0.08236519645694906
11912,0.08236519645694906
11913,0.08236519645694906
11914,0.08236519645694906
11915,0.08236519645694906
11916,0.08236519645694906
11917,0.08236519645694906
11918,0.08236519645694906
11919,0.08236519645694906
11920,0.08236519645694906
11921,0.08236519645694906
11922,0.08236519645694906
11923,0.08236519645694906
11924,0.08236519645694906
11925,0.08236519645694906
11926,0.08236519645694906
11927,0.08236519645694906
11928,0.08236519645694906
11929,0.08236519645694906
11930,0.08236519645694906
11931,0.08236519645694906
11932,0.08236519645694906
11933,0.08236519645694906
11934,0.08236519645694906
11935,0.08236519645694906
11936,0.08236519645694906
11937,0.08236519645694906
11938,0.08236519645694906
11939,0.08236519645694906
11940,0.08236519645694906
11941,0.08236519645694906
11942,0.08236519645694906
11943,0.08236519645694906
11944,0.08236519645694906
11945,0.08236519645694906
11946,0.08236519645694906
11947,0.08236519645694906
11948,0.08236519645694906
11949,0.08236519645694906
11950,0.08236519645694906
11951,0.08236519645694906
11952,0.08236519645694906
11953,0.08236519645694906
11954,0.08236519645694906
11955,0.08236519645694906
11956,0.08236519645694906
11957,0.08236519645694906
11958,0.08236519645694906
11959,0.08236519645694906
11960,0.08236519645694906
11961,0.08236519645694906
11962,0.08236519645694906
11963,0.08236519645694906
11964,0.08236519645694906
11965,0.08236519645694906
11966,0.08236519645694906
11967,0.08236519645694906
11968,0.08236519645694906
11969,0.08236519645694906
11970,0.08236519645694906
11971,0.08236519645694906
11972,0.08236519645694906
11973,0.08236519645694906
11974,0.08236519645694906
11975,0.08236519645694906
11976,0.08236519645694906
11977,0.08236519645694906
11978,0.08236519645694906
11979,0.08236519645694906
11980,0.08236519645694906
11981,0.08236519645694906
11982,0.08236519645694906
11983,0.08236519645694906
11984,0.08236519645694906
11985,0.08236519645694906
11986,0.08236519645694906
11987,0.08236519645694906
11988,0.08236519645694906
11989,0.08236519645694906
11990,0.08236519645694906
11991,0.08236519645694906
11992,0.08236519645694906
11993,0.08236519645694906
11994,0.08236519645694906
11995,0.08236519645694906
11996,0.08236519645694906
11997,0.08236519645694906
11998,0.08236519645694906
11999,0.08236519645694906
12000,0.08236519645694906
12001,0.08236519645694906
12002,0.08236519645694906
12003,0.08236519645694906
12004,0.08236519645694906
12005,0.08236519645694906
12006,0.08236519645694906
12007,0.08236519645694906
12008,0.08236519645694906
12009,0.08236519645694906
12010,0.08236519645694906
12011,0.08236519645694906
12012,0.08236519645694906
12013,0.08236519645694906
12014,0.08236519645694906
12015,0.08236519645694906
12016,0.08236519645694906
12017,0.08236519645694906
12018,0.08236519645694906
12019,0.08236519645694906
12020,0.08236519645694906
12021,0.08236519645694906
12022,0.08236519645694906
12023,0.08236519645694906
12024,0.08236519645694906
12025,0.08236519645694906
12026,0.08236519645694906
12027,0.08236519645694906
12028,0.08236519645694906
12029,0.08236519645694906
12030,0.08236519645694906
12031,0.08236519645694906
12032,0.08236519645694906
12033,0.08236519645694906
12034,0.08236519645694906
12035,0.08236519645694906
12036,0.08236519645694906
12037,0.08236519645694906
12038,0.08236519645694906
12039,0.08236519645694906
12040,0.08236519645694906
12041,0.08236519645694906
12042,0.08236519645694906
12043,0.08236519645694906
12044,0.08236519645694906
12045,0.08236519645694906
12046,0.08236519645694906
12047,0.08236519645694906
12048,0.08236519645694906
12049,0.08236519645694906
12050,0.08236519645694906
12051,0.08236519645694906
12052,0.08236519645694906
12053,0.08236519645694906
12054,0.08236519645694906
12055,0.08236519645694906
12056,0.08236519645694906
12057,0.08236519645694906
12058,0.08236519645694906
12059,0.08236519645694906
12060,0.08236519645694906
12061,0.08236519645694906
12062,0.08236519645694906
12063,0.08236519645694906
12064,0.08236519645694906
12065,0.08236519645694906
12066,0.08236519645694906
12067,0.08236519645694906
12068,0.08236519645694906
12069,0.08236519645694906
12070,0.08236519645694906
12071,0.08236519645694906
12072,0.08236519645694906
12073,0.08236519645694906
12074,0.08236519645694906
12075,0.08236519645694906
12076,0.08236519645694906
12077,0.08236519645694906
12078,0.08236519645694906
12079,0.08236519645694906
12080,0.08236519645694906
12081,0.08236519645694906
12082,0.08236519645694906
12083,0.08236519645694906
12084,0.08236519645694906
12085,0.08236519645694906
12086,0.08236519645694906
12087,0.08236519645694906
12088,0.08236519645694906
12089,0.08236519645694906
12090,0.08236519645694906
12091,0.08236519645694906
12092,0.08236519645694906
12093,0.08236519645694906
12094,0.08236519645694906
12095,0.08236519645694906
12096,0.08236519645694906
12097,0.08236519645694906
12098,0.08236519645694906
12099,0.08236519645694906
12100,0.08236519645694906
12101,0.08236519645694906
12102,0.08236519645694906
12103,0.08236519645694906
12104,0.08236519645694906
12105,0.08236519645694906
12106,0.08236519645694906
12107,0.08236519645694906
12108,0.08236519645694906
12109,0.08236519645694906
12110,0.08236519645694906
12111,0.08236519645694906
12112,0.08236519645694906
12113,0.08236519645694906
12114,0.08236519645694906
12115,0.08236519645694906
12116,0.08236519645694906
12117,0.08236519645694906
12118,0.08236519645694906
12119,0.08236519645694906
12120,0.08236519645694906
12121,0.08236519645694906
12122,0.08236519645694906
12123,0.08236519645694906
12124,0.08236519645694906
12125,0.08236519645694906
12126,0.08236519645694906
12127,0.08236519645694906
12128,0.08236519645694906
12129,0.08236519645694906
12130,0.08236519645694906
12131,0.08236519645694906
12132,0.08236519645694906
12133,0.08236519645694906
12134,0.08236519645694906
12135,0.08236519645694906
12136,0.08236519645694906
12137,0.08236519645694906
12138,0.08236519645694906
12139,0.08236519645694906
12140,0.08236519645694906
12141,0.08236519645694906
12142,0.08236519645694906
12143,0.08236519645694906
12144,0.08236519645694906
12145,0.08236519645694906
12146,0.08236519645694906
12147,0.08236519645694906
12148,0.08236519645694906
12149,0.08236519645694906
12150,0.08236519645694906
12151,0.08236519645694906
12152,0.08236519645694906
12153,0.08236519645694906
12154,0.08236519645694906
12155,0.08236519645694906
12156,0.08236519645694906
12157,0.08236519645694906
12158,0.08236519645694906
12159,0.08236519645694906
12160,0.08236519645694906
12161,0.08236519645694906
12162,0.08236519645694906
12163,0.08236519645694906
12164,0.08236519645694906
12165,0.08236519645694906
12166,0.08236519645694906
12167,0.08236519645694906
12168,0.08236519645694906
12169,0.08236519645694906
12170,0.08236519645694906
12171,0.08236519645694906
12172,0.08236519645694906
12173,0.08236519645694906
12174,0.08236519645694906
12175,0.08236519645694906
12176,0.08236519645694906
12177,0.08236519645694906
12178,0.08236519645694906
12179,0.08236519645694906
12180,0.08236519645694906
12181,0.08236519645694906
12182,0.08236519645694906
12183,0.08236519645694906
12184,0.08236519645694906
12185,0.08236519645694906
12186,0.08236519645694906
12187,0.08236519645694906
12188,0.08236519645694906
12189,0.08236519645694906
12190,0.08236519645694906
12191,0.08236519645694906
12192,0.08236519645694906
12193,0.08236519645694906
12194,0.08236519645694906
12195,0.08236519645694906
12196,0.08236519645694906
12197,0.08236519645694906
12198,0.08236519645694906
12199,0.08236519645694906
12200,0.08236519645694906
12201,0.08236519645694906
12202,0.08236519645694906
12203,0.08236519645694906
12204,0.08236519645694906
12205,0.08236519645694906
12206,0.08236519645694906
12207,0.08236519645694906
12208,0.08236519645694906
12209,0.08236519645694906
12210,0.08236519645694906
12211,0.08236519645694906
12212,0.08236519645694906
12213,0.08236519645694906
12214,0.08236519645694906
12215,0.08236519645694906
12216,0.08236519645694906
12217,0.08236519645694906
12218,0.08236519645694906
12219,0.08236519645694906
12220,0.08236519645694906
12221,0.08236519645694906
12222,0.08236519645694906
12223,0.08236519645694906
12224,0.08236519645694906
12225,0.08236519645694906
12226,0.08236519645694906
12227,0.08236519645694906
12228,0.08236519645694906
12229,0.08236519645694906
12230,0.08236519645694906
12231,0.08236519645694906
12232,0.08236519645694906
12233,0.08236519645694906
12234,0.08236519645694906
12235,0.08236519645694906
12236,0.08236519645694906
12237,0.08236519645694906
12238,0.08236519645694906
12239,0.08236519645694906
12240,0.08236519645694906
12241,0.08236519645694906
12242,0.08236519645694906
12243,0.08236519645694906
12244,0.08236519645694906
12245,0.08236519645694906
12246,0.08236519645694906
12247,0.08236519645694906
12248,0.08236519645694906
12249,0.08236519645694906
12250,0.08236519645694906
12251,0.08236519645694906
12252,0.08236519645694906
12253,0.08236519645694906
12254,0.08236519645694906
12255,0.08236519645694906
12256,0.08236519645694906
12257,0.08236519645694906
12258,0.08236519645694906
12259,0.08236519645694906
12260,0.08236519645694906
12261,0.08236519645694906
12262,0.08236519645694906
12263,0.08236519645694906
12264,0.08236519645694906
12265,0.08236519645694906
12266,0.08236519645694906
12267,0.08236519645694906
12268,0.08236519645694906
12269,0.08236519645694906
12270,0.08236519645694906
12271,0.08236519645694906
12272,0.08236519645694906
12273,0.08236519645694906
12274,0.08236519645694906
12275,0.08236519645694906
12276,0.08236519645694906
12277,0.08236519645694906
12278,0.08236519645694906
12279,0.08236519645694906
12280,0.08236519645694906
12281,0.08236519645694906
12282,0.08236519645694906
12283,0.08236519645694906
12284,0.08236519645694906
12285,0.08236519645694906
12286,0.08236519645694906
12287,0.08236519645694906
12288,0.08236519645694906
12289,0.08236519645694906
12290,0.08236519645694906
12291,0.08236519645694906
12292,0.08236519645694906
12293,0.08236519645694906
12294,0.08236519645694906
12295,0.08236519645694906
12296,0.08236519645694906
12297,0.08236519645694906
12298,0.08236519645694906
12299,0.08236519645694906
12300,0.08236519645694906
12301,0.08236519645694906
12302,0.08236519645694906
12303,0.08236519645694906
12304,0.08236519645694906
12305,0.08460807595719001
12306,0.08460807595719001
12307,0.08460807595719001
12308,0.08460807595719001
12309,0.08460807595719001
12310,0.08460807595719001
12311,0.08460807595719001
12312,0.08460807595719001
12313,0.09222623597255981
12314,0.09222623597255981
12315,0.09222623597255981
12316,0.09222623597255981
12317,0.09222623597255981
12318,0.09222623597255981
12319,0.09222623597255981
12320,0.09222623597255981
12321,0.09361379928093351
12322,0.09361379928093351
12323,0.09361379928093351
12324,0.09361379928093351
12325,0.09361379928093351
12326,0.09361379928093351
12327,0.09361379928093351
12328,0.09361379928093351
12329,0.09361379928093351
12330,0.09361379928093351
12331,0.09361379928093351
12332,0.09361379928093351
12333,0.09361379928093351
12334,0.09361379928093351
12335,0.09361379928093351
12336,0.09361379928093351
12337,0.09368510559907572
12338,0.09368510559907572
12339,0.09368510559907572
12340,0.09368510559907572
12341,0.09368510559907572
12342,0.09368510559907572
12343,0.09368510559907572
12344,0.09368510559907572
12345,0.09345763664770995
12346,0.09345763664770995
12347,0.09345763664770995
12348,0.09345763664770995
12349,0.09345763664770995
12350,0.09345763664770995
12351,0.09345763664770995
12352,0.09345763664770995
12353,0.09345763664770995
12354,0.09345763664770995
12355,0.09345763664770995
12356,0.09345763664770995
12357,0.09345763664770995
12358,0.09345763664770995
12359,0.09345763664770995
12360,0.09345763664770995
12361,0.09372004625462861
12362,0.09372004625462861
12363,0.09372004625462861
12364,0.09372004625462861
12365,0.09372004625462861
12366,0.09372004625462861
12367,0.09372004625462861
12368,0.09372004625462861
12369,0.09372004625462861
12370,0.09372004625462861
12371,0.09372004625462861
12372,0.09372004625462861
12373,0.09372004625462861
12374,0.09372004625462861
12375,0.09372004625462861
12376,0.09372004625462861
12377,0.0931445096477578
12378,0.0931445096477578
12379,0.0931445096477578
12380,0.0931445096477578
12381,0.0931445096477578
12382,0.0931445096477578
12383,0.0931445096477578
12384,0.0931445096477578
12385,0.09311940565302795
12386,0.09311940565302795
12387,0.09311940565302795
12388,0.09311940565302795
12389,0.09311940565302795
12390,0.09311940565302795
12391,0.09311940565302795
12392,0.09311940565302795
12393,0.09311940565302795
12394,0.09311940565302795
12395,0.09311940565302795
12396,0.09311940565302795
12397,0.09311940565302795
12398,0.09311940565302795
12399,0.09311940565302795
12400,0.09311940565302795
12401,0.09311940565302795
12402,0.09311940565302795
12403,0.09311940565302795
12404,0.09311940565302795
12405,0.09311940565302795
12406,0.09311940565302795
12407,0.09311940565302795
12408,0.09311940565302795
12409,0.09311940565302795
12410,0.09311940565302795
12411,0.09311940565302795
12412,0.09311940565302795
12413,0.09311940565302795
12414,0.09311940565302795
12415,0.09311940565302795
12416,0.09311940565302795
12417,0.09311940565302795
12418,0.09311940565302795
12419,0.09311940565302795
12420,0.09311940565302795
12421,0.09311940565302795
12422,0.09311940565302795
12423,0.09311940565302795
12424,0.09311940565302795
12425,0.09311940565302795
12426,0.09311940565302795
12427,0.09311940565302795
12428,0.09311940565302795
12429,0.09311940565302795
12430,0.09311940565302795
12431,0.09311940565302795
12432,0.09311940565302795
12433,0.09311940565302795
12434,0.09311940565302795
12435,0.09311940565302795
12436,0.09311940565302795
12437,0.09311940565302795
12438,0.09311940565302795
12439,0.09311940565302795
12440,0.09311940565302795
12441,0.09311940565302795
12442,0.09311940565302795
12443,0.09311940565302795
12444,0.09311940565302795
12445,0.09311940565302795
12446,0.09311940565302795
12447,0.09311940565302795
12448,0.09311940565302795
12449,0.09311940565302795
12450,0.09311940565302795
12451,0.09311940565302795
12452,0.09311940565302795
12453,0.09311940565302795
12454,0.09311940565302795
12455,0.09311940565302795
12456,0.09311940565302795
12457,0.09311940565302795
12458,0.09311940565302795
12459,0.09311940565302795
12460,0.09311940565302795
12461,0.09311940565302795
12462,0.09311940565302795
12463,0.09311940565302795
12464,0.09311940565302795
12465,0.09311940565302795
12466,0.09311940565302795
12467,0.09311940565302795
12468,0.09311940565302795
12469,0.09311940565302795
12470,0.09311940565302795
12471,0.09311940565302795
12472,0.09311940565302795
12473,0.09311940565302795
12474,0.09311940565302795
12475,0.09311940565302795
12476,0.09311940565302795
12477,0.09311940565302795
12478,0.09311940565302795
12479,0.09311940565302795
12480,0.09311940565302795
12481,0.09311940565302795
12482,0.09311940565302795
12483,0.09311940565302795
12484,0.09311940565302795
12485,0.09311940565302795
12486,0.09311940565302795
12487,0.09311940565302795
12488,0.09311940565302795
12489,0.09311940565302795
12490,0.09311940565302795
12491,0.09311940565302795
12492,0.09311940565302795
12493,0.09311940565302795
12494,0.09311940565302795
12495,0.09311940565302795
12496,0.09311940565302795
12497,0.09311940565302795
12498,0.09311940565302795
12499,0.09311940565302795
12500,0.09311940565302795
12501,0.09311940565302795
12502,0.09311940565302795
12503,0.09311940565302795
12504,0.09311940565302795
12505,0.09311940565302795
12506,0.09311940565302795
12507,0.09311940565302795
12508,0.09311940565302795
12509,0.09311940565302795
12510,0.09311940565302795
12511,0.09311940565302795
12512,0.09311940565302795
12513,0.09311940565302795
12514,0.09311940565302795
12515,0.09311940565302795
12516,0.09311940565302795
12517,0.09311940565302795
12518,0.09311940565302795
12519,0.09311940565302795
12520,0.09311940565302795
12521,0.09311940565302795
12522,0.09311940565302795
12523,0.09311940565302795
12524,0.09311940565302795
12525,0.09311940565302795
12526,0.09311940565302795
12527,0.09311940565302795
12528,0.09311940565302795
12529,0.09311940565302795
12530,0.09311940565302795
12531,0.09311940565302795
12532,0.09311940565302795
12533,0.09311940565302795
12534,0.09311940565302795
12535,0.09311940565302795
12536,0.09311940565302795
12537,0.09311940565302795
12538,0.09311940565302795
12539,0.09311940565302795
12540,0.09311940565302795
12541,0.09311940565302795
12542,0.09311940565302795
12543,0.09311940565302795
12544,0.09311940565302795
12545,0.09311940565302795
12546,0.09311940565302795
12547,0.09311940565302795
12548,0.09311940565302795
12549,0.09311940565302795
12550,0.09311940565302795
12551,0.09311940565302795
12552,0.09311940565302795
12553,0.09311940565302795
12554,0.09311940565302795
12555,0.09311940565302795
12556,0.09311940565302795
12557,0.09311940565302795
12558,0.09311940565302795
12559,0.09311940565302795
12560,0.09311940565302795
12561,0.09311940565302795
12562,0.09311940565302795
12563,0.09311940565302795
12564,0.09311940565302795
12565,0.09311940565302795
12566,0.09311940565302795
12567,0.09311940565302795
12568,0.09311940565302795
12569,0.09311940565302795
12570,0.09311940565302795
12571,0.09311940565302795
12572,0.09311940565302795
12573,0.09311940565302795
12574,0.09311940565302795
12575,0.09311940565302795
12576,0.09311940565302795
12577,0.09311940565302795
12578,0.09311940565302795
12579,0.09311940565302795
12580,0.09311940565302795
12581,0.09311940565302795
12582,0.09311940565302795
12583,0.09311940565302795
12584,0.09311940565302795
12585,0.09311940565302795
12586,0.09311940565302795
12587,0.09311940565302795
12588,0.09311940565302795
12589,0.09311940565302795
12590,0.09311940565302795
12591,0.09311940565302795
12592,0.09311940565302795
12593,0.09311940565302795
12594,0.09311940565302795
12595,0.09311940565302795
12596,0.09311940565302795
12597,0.09311940565302795
12598,0.09311940565302795
12599,0.09311940565302795
12600,0.09311940565302795
12601,0.09311940565302795
12602,0.09311940565302795
12603,0.09311940565302795
12604,0.09311940565302795
12605,0.09311940565302795
12606,0.09311940565302795
12607,0.09311940565302795
12608,0.09311940565302795
12609,0.09311940565302795
12610,0.09311940565302795
12611,0.09311940565302795
12612,0.09311940565302795
12613,0.09311940565302795
12614,0.09311940565302795
12615,0.09311940565302795
12616,0.09311940565302795
12617,0.09311940565302795
12618,0.09311940565302795
12619,0.09311940565302795
12620,0.09311940565302795
12621,0.09311940565302795
12622,0.09311940565302795
12623,0.09311940565302795
12624,0.09311940565302795
12625,0.09311940565302795
12626,0.09311940565302795
12627,0.09311940565302795
12628,0.09311940565302795
12629,0.09311940565302795
12630,0.09311940565302795
12631,0.09311940565302795
12632,0.09311940565302795
12633,0.09311940565302795
12634,0.09311940565302795
12635,0.09311940565302795
12636,0.09311940565302795
12637,0.09311940565302795
12638,0.09311940565302795
12639,0.09311940565302795
12640,0.09311940565302795
12641,0.09311940565302795
12642,0.09311940565302795
12643,0.09311940565302795
12644,0.09311940565302795
12645,0.09311940565302795
12646,0.09311940565302795
12647,0.09311940565302795
12648,0.09311940565302795
12649,0.09311940565302795
12650,0.09311940565302795
12651,0.09311940565302795
12652,0.09311940565302795
12653,0.09311940565302795
12654,0.09311940565302795
12655,0.09311940565302795
12656,0.09311940565302795
12657,0.09311940565302795
12658,0.09311940565302795
12659,0.09311940565302795
12660,0.09311940565302795
12661,0.09311940565302795
12662,0.09311940565302795
12663,0.09311940565302795
12664,0.09311940565302795
12665,0.09311940565302795
12666,0.09311940565302795
12667,0.09311940565302795
12668,0.09311940565302795
12669,0.09311940565302795
12670,0.09311940565302795
12671,0.09311940565302795
12672,0.09311940565302795
12673,0.09311940565302795
12674,0.09311940565302795
12675,0.09311940565302795
12676,0.09311940565302795
12677,0.09311940565302795
12678,0.09311940565302795
12679,0.09311940565302795
12680,0.09311940565302795
12681,0.09311940565302795
12682,0.09311940565302795
12683,0.09311940565302795
12684,0.09311940565302795
12685,0.09311940565302795
12686,0.09311940565302795
12687,0.09311940565302795
12688,0.09311940565302795
12689,0.09311940565302795
12690,0.09311940565302795
12691,0.09311940565302795
12692,0.09311940565302795
12693,0.09311940565302795
12694,0.09311940565302795
12695,0.09311940565302795
12696,0.09311940565302795
12697,0.09311940565302795
12698,0.09311940565302795
12699,0.09311940565302795
12700,0.09311940565302795
12701,0.09311940565302795
12702,0.09311940565302795
12703,0.09311940565302795
12704,0.09311940565302795
12705,0.09311940565302795
12706,0.09311940565302795
12707,0.09311940565302795
12708,0.09311940565302795
12709,0.09311940565302795
12710,0.09311940565302795
12711,0.09311940565302795
12712,0.09311940565302795
12713,0.09311940565302795
12714,0.09311940565302795
12715,0.09311940565302795
12716,0.09311940565302795
12717,0.09311940565302795
12718,0.09311940565302795
12719,0.09311940565302795
12720,0.09311940565302795
12721,0.09311940565302795
12722,0.09311940565302795
12723,0.09311940565302795
12724,0.09311940565302795
12725,0.09311940565302795
12726,0.09311940565302795
12727,0.09311940565302795
12728,0.09311940565302795
12729,0.09311940565302795
12730,0.09311940565302795
12731,0.09311940565302795
12732,0.09311940565302795
12733,0.09311940565302795
12734,0.09311940565302795
12735,0.09311940565302795
12736,0.09311940565302795
12737,0.09311940565302795
12738,0.09311940565302795
12739,0.09311940565302795
12740,0.09311940565302795
12741,0.09311940565302795
12742,0.09311940565302795
12743,0.09311940565302795
12744,0.09311940565302795
12745,0.09311940565302795
12746,0.09311940565302795
12747,0.09311940565302795
12748,0.09311940565302795
12749,0.09311940565302795
12750,0.09311940565302795
12751,0.09311940565302795
12752,0.09311940565302795
12753,0.09311940565302795
12754,0.09311940565302795
12755,0.09311940565302795
12756,0.09311940565302795
12757,0.09311940565302795
12758,0.09311940565302795
12759,0.09311940565302795
12760,0.09311940565302795
12761,0.09311940565302795
12762,0.09311940565302795
12763,0.09311940565302795
12764,0.09311940565302795
12765,0.09311940565302795
12766,0.09311940565302795
12767,0.09311940565302795
12768,0.09311940565302795
12769,0.09311940565302795
12770,0.09311940565302795
12771,0.09311940565302795
12772,0.09311940565302795
12773,0.09311940565302795
12774,0.09311940565302795
12775,0.09311940565302795
12776,0.09311940565302795
12777,0.09311940565302795
12778,0.09311940565302795
12779,0.09311940565302795
12780,0.09311940565302795
12781,0.09311940565302795
12782,0.09311940565302795
12783,0.09311940565302795
12784,0.09311940565302795
12785,0.09311940565302795
12786,0.09311940565302795
12787,0.09311940565302795
12788,0.09311940565302795
12789,0.09311940565302795
12790,0.09311940565302795
12791,0.09311940565302795
12792,0.09311940565302795
12793,0.09311940565302795
12794,0.09311940565302795
12795,0.09311940565302795
12796,0.09311940565302795
12797,0.09311940565302795
12798,0.09311940565302795
12799,0.09311940565302795
12800,0.09311940565302795
12801,0.09311940565302795
12802,0.09311940565302795
12803,0.09311940565302795
12804,0.09311940565302795
12805,0.09311940565302795
12806,0.09311940565302795
12807,0.09311940565302795
12808,0.09311940565302795
12809,0.09311940565302795
12810,0.09311940565302795
12811,0.09311940565302795
12812,0.09311940565302795
12813,0.09311940565302795
12814,0.09311940565302795
12815,0.09311940565302795
12816,0.09311940565302795
12817,0.09311940565302795
12818,0.09311940565302795
12819,0.09311940565302795
12820,0.09311940565302795
12821,0.09311940565302795
12822,0.09311940565302795
12823,0.09311940565302795
12824,0.09311940565302795
12825,0.09311940565302795
12826,0.09311940565302795
12827,0.09311940565302795
12828,0.09311940565302795
12829,0.09311940565302795
12830,0.09311940565302795
12831,0.09311940565302795
12832,0.09311940565302795
12833,0.09311940565302795
12834,0.09311940565302795
12835,0.09311940565302795
12836,0.09311940565302795
12837,0.09311940565302795
12838,0.09311940565302795
12839,0.09311940565302795
12840,0.09311940565302795
12841,0.09311940565302795
12842,0.09311940565302795
12843,0.09311940565302795
12844,0.09311940565302795
12845,0.09311940565302795
12846,0.09311940565302795
12847,0.09311940565302795
12848,0.09311940565302795
12849,0.09311940565302795
12850,0.09311940565302795
12851,0.09311940565302795
12852,0.09311940565302795
12853,0.09311940565302795
12854,0.09311940565302795
12855,0.09311940565302795
12856,0.09311940565302795
12857,0.09311940565302795
12858,0.09311940565302795
12859,0.09311940565302795
12860,0.09311940565302795
12861,0.09311940565302795
12862,0.09311940565302795
12863,0.09311940565302795
12864,0.09311940565302795
12865,0.09311940565302795
12866,0.09311940565302795
12867,0.09311940565302795
12868,0.09311940565302795
12869,0.09311940565302795
12870,0.09311940565302795
12871,0.09311940565302795
12872,0.09311940565302795
12873,0.09311940565302795
12874,0.09311940565302795
12875,0.09311940565302795
12876,0.09311940565302795
12877,0.09311940565302795
12878,0.09311940565302795
12879,0.09311940565302795
12880,0.09311940565302795
12881,0.09311940565302795
12882,0.09311940565302795
12883,0.09311940565302795
12884,0.09311940565302795
12885,0.09311940565302795
12886,0.09311940565302795
12887,0.09311940565302795
12888,0.09311940565302795
12889,0.09311940565302795
12890,0.09311940565302795
12891,0.09311940565302795
12892,0.09311940565302795
12893,0.09311940565302795
12894,0.09311940565302795
12895,0.09311940565302795
12896,0.09311940565302795
12897,0.09311940565302795
12898,0.09311940565302795
12899,0.09311940565302795
12900,0.09311940565302795
12901,0.09311940565302795
12902,0.09311940565302795
12903,0.09311940565302795
12904,0.09311940565302795
12905,0.09311940565302795
12906,0.09311940565302795
12907,0.09311940565302795
12908,0.09311940565302795
12909,0.09311940565302795
12910,0.09311940565302795
12911,0.09311940565302795
12912,0.09311940565302795
12913,0.09311940565302795
12914,0.09311940565302795
12915,0.09311940565302795
12916,0.09311940565302795
12917,0.09311940565302795
12918,0.09311940565302795
12919,0.09311940565302795
12920,0.09311940565302795
12921,0.09311940565302795
12922,0.09311940565302795
12923,0.09311940565302795
12924,0.09311940565302795
12925,0.09311940565302795
12926,0.09311940565302795
12927,0.09311940565302795
12928,0.09311940565302795
12929,0.09311940565302795
12930,0.09311940565302795
12931,0.09311940565302795
12932,0.09311940565302795
12933,0.09311940565302795
12934,0.09311940565302795
12935,0.09311940565302795
12936,0.09311940565302795
12937,0.09311940565302795
12938,0.09311940565302795
12939,0.09311940565302795
12940,0.09311940565302795
12941,0.09311940565302795
12942,0.09311940565302795
12943,0.09311940565302795
12944,0.09311940565302795
12945,0.09311940565302795
12946,0.09311940565302795
12947,0.09311940565302795
12948,0.09311940565302795
12949,0.09311940565302795
12950,0.09311940565302795
12951,0.09311940565302795
12952,0.09311940565302795
12953,0.09311940565302795
12954,0.09311940565302795
12955,0.09311940565302795
12956,0.09311940565302795
12957,0.09311940565302795
12958,0.09311940565302795
12959,0.09311940565302795
12960,0.09311940565302795
12961,0.09311940565302795
12962,0.09311940565302795
12963,0.09311940565302795
12964,0.09311940565302795
12965,0.09311940565302795
12966,0.09311940565302795
12967,0.09311940565302795
12968,0.09311940565302795
12969,0.09311940565302795
12970,0.09311940565302795
12971,0.09311940565302795
12972,0.09311940565302795
12973,0.09311940565302795
12974,0.09311940565302795
12975,0.09311940565302795
12976,0.09311940565302795
12977,0.09311940565302795
12978,0.09311940565302795
12979,0.09311940565302795
12980,0.09311940565302795
12981,0.09311940565302795
12982,0.09311940565302795
12983,0.09311940565302795
12984,0.09311940565302795
12985,0.09311940565302795
12986,0.09311940565302795
12987,0.09311940565302795
12988,0.09311940565302795
12989,0.09311940565302795
12990,0.09311940565302795
12991,0.09311940565302795
12992,0.09311940565302795
12993,0.09311940565302795
12994,0.09311940565302795
12995,0.09311940565302795
12996,0.09311940565302795
12997,0.09311940565302795
12998,0.09311940565302795
12999,0.09311940565302795
13000,0.09311940565302795
13001,0.09311940565302795
13002,0.09311940565302795
13003,0.09311940565302795
13004,0.09311940565302795
13005,0.09311940565302795
13006,0.09311940565302795
13007,0.09311940565302795
13008,0.09311940565302795
13009,0.09311940565302795
13010,0.09311940565302795
13011,0.09311940565302795
13012,0.09311940565302795
13013,0.09311940565302795
13014,0.09311940565302795
13015,0.09311940565302795
13016,0.09311940565302795
13017,0.09311940565302795
13018,0.09311940565302795
13019,0.09311940565302795
13020,0.09311940565302795
13021,0.09311940565302795
13022,0.09311940565302795
13023,0.09311940565302795
13024,0.09311940565302795
13025,0.09311940565302795
13026,0.09311940565302795
13027,0.09311940565302795
13028,0.09311940565302795
13029,0.09311940565302795
13030,0.09311940565302795
13031,0.09311940565302795
13032,0.09311940565302795
13033,0.09311940565302795
13034,0.09311940565302795
13035,0.09311940565302795
13036,0.09311940565302795
13037,0.09311940565302795
13038,0.09311940565302795
13039,0.09311940565302795
13040,0.09311940565302795
13041,0.09311940565302795
13042,0.09311940565302795
13043,0.09311940565302795
13044,0.09311940565302795
13045,0.09311940565302795
13046,0.09311940565302795
13047,0.09311940565302795
13048,0.09311940565302795
13049,0.09311940565302795
13050,0.09311940565302795
13051,0.09311940565302795
13052,0.09311940565302795
13053,0.09311940565302795
13054,0.09311940565302795
13055,0.09311940565302795
13056,0.09311940565302795
13057,0.09311940565302795
13058,0.09311940565302795
13059,0.09311940565302795
13060,0.09311940565302795
13061,0.09311940565302795
13062,0.09311940565302795
13063,0.09311940565302795
13064,0.09311940565302795
13065,0.09311940565302795
13066,0.09311940565302795
13067,0.09311940565302795
13068,0.09311940565302795
13069,0.09311940565302795
13070,0.09311940565302795
13071,0.09311940565302795
13072,0.09311940565302795
13073,0.09311940565302795
13074,0.09311940565302795
13075,0.09311940565302795
13076,0.09311940565302795
13077,0.09311940565302795
13078,0.09311940565302795
13079,0.09311940565302795
13080,0.09311940565302795
13081,0.09311940565302795
13082,0.09311940565302795
13083,0.09311940565302795
13084,0.09311940565302795
13085,0.09311940565302795
13086,0.09311940565302795
13087,0.09311940565302795
13088,0.09311940565302795
13089,0.09311940565302795
13090,0.09311940565302795
13091,0.09311940565302795
13092,0.09311940565302795
13093,0.09311940565302795
13094,0.09311940565302795
13095,0.09311940565302795
13096,0.09311940565302795
13097,0.09311940565302795
13098,0.09311940565302795
13099,0.09311940565302795
13100,0.09311940565302795
13101,0.09311940565302795
13102,0.09311940565302795
13103,0.09311940565302795
13104,0.09311940565302795
13105,0.09311940565302795
13106,0.09311940565302795
13107,0.09311940565302795
13108,0.09311940565302795
13109,0.09311940565302795
13110,0.09311940565302795
13111,0.09311940565302795
13112,0.09311940565302795
13113,0.09311940565302795
13114,0.09311940565302795
13115,0.09311940565302795
13116,0.09311940565302795
13117,0.09311940565302795
13118,0.09311940565302795
13119,0.09311940565302795
13120,0.09311940565302795
13121,0.09311940565302795
13122,0.09311940565302795
13123,0.09311940565302795
13124,0.09311940565302795
13125,0.09311940565302795
13126,0.09311940565302795
13127,0.09311940565302795
13128,0.09311940565302795
13129,0.09311940565302795
13130,0.09311940565302795
13131,0.09311940565302795
13132,0.09311940565302795
13133,0.09311940565302795
13134,0.09311940565302795
13135,0.09311940565302795
13136,0.09311940565302795
13137,0.09311940565302795
13138,0.09311940565302795
13139,0.09311940565302795
13140,0.09311940565302795
13141,0.09311940565302795
13142,0.09311940565302795
13143,0.09311940565302795
13144,0.09311940565302795
13145,0.09311940565302795
13146,0.09311940565302795
13147,0.09311940565302795
13148,0.09311940565302795
13149,0.09311940565302795
13150,0.09311940565302795
13151,0.09311940565302795
13152,0.09311940565302795
13153,0.09311940565302795
13154,0.09311940565302795
13155,0.09311940565302795
13156,0.09311940565302795
13157,0.09311940565302795
13158,0.09311940565302795
13159,0.09311940565302795
13160,0.09311940565302795
13161,0.09311940565302795
13162,0.09311940565302795
13163,0.09311940565302795
13164,0.09311940565302795
13165,0.09311940565302795
13166,0.09311940565302795
13167,0.09311940565302795
13168,0.09311940565302795
13169,0.09311940565302795
13170,0.09311940565302795
13171,0.09311940565302795
13172,0.09311940565302795
13173,0.09311940565302795
13174,0.09311940565302795
13175,0.09311940565302795
13176,0.09311940565302795
13177,0.09311940565302795
13178,0.09311940565302795
13179,0.09311940565302795
13180,0.09311940565302795
13181,0.09311940565302795
13182,0.09311940565302795
13183,0.09311940565302795
13184,0.09311940565302795
13185,0.09311940565302795
13186,0.09311940565302795
13187,0.09311940565302795
13188,0.09311940565302795
13189,0.09311940565302795
13190,0.09311940565302795
13191,0.09311940565302795
13192,0.09311940565302795
13193,0.09311940565302795
13194,0.09311940565302795
13195,0.09311940565302795
13196,0.09311940565302795
13197,0.09311940565302795
13198,0.09311940565302795
13199,0.09311940565302795
13200,0.09311940565302795
13201,0.09311940565302795
13202,0.09311940565302795
13203,0.09311940565302795
13204,0.09311940565302795
13205,0.09311940565302795
13206,0.09311940565302795
13207,0.09311940565302795
13208,0.09311940565302795
13209,0.09311940565302795
13210,0.09311940565302795
13211,0.09311940565302795
13212,0.09311940565302795
13213,0.09311940565302795
13214,0.09311940565302795
13215,0.09311940565302795
13216,0.09311940565302795
13217,0.09311940565302795
13218,0.09311940565302795
13219,0.09311940565302795
13220,0.09311940565302795
13221,0.09311940565302795
13222,0.09311940565302795
13223,0.09311940565302795
13224,0.09311940565302795
13225,0.09311940565302795
13226,0.09311940565302795
13227,0.09311940565302795
13228,0.09311940565302795
13229,0.09311940565302795
13230,0.09311940565302795
13231,0.09311940565302795
13232,0.09311940565302795
13233,0.09311940565302795
13234,0.09311940565302795
13235,0.09311940565302795
13236,0.09311940565302795
13237,0.09311940565302795
13238,0.09311940565302795
13239,0.09311940565302795
13240,0.09311940565302795
13241,0.09311940565302795
13242,0.09311940565302795
13243,0.09311940565302795
13244,0.09311940565302795
13245,0.09311940565302795
13246,0.09311940565302795
13247,0.09311940565302795
13248,0.09311940565302795
13249,0.09311940565302795
13250,0.09311940565302795
13251,0.09311940565302795
13252,0.09311940565302795
13253,0.09311940565302795
13254,0.09311940565302795
13255,0.09311940565302795
13256,0.09311940565302795
13257,0.09311940565302795
13258,0.09311940565302795
13259,0.09311940565302795
13260,0.09311940565302795
13261,0.09311940565302795
13262,0.09311940565302795
13263,0.09311940565302795
13264,0.09311940565302795
13265,0.09311940565302795
13266,0.09311940565302795
13267,0.09311940565302795
13268,0.09311940565302795
13269,0.09311940565302795
13270,0.09311940565302795
13271,0.09311940565302795
13272,0.09311940565302795
13273,0.09311940565302795
13274,0.09311940565302795
13275,0.09311940565302795
13276,0.09311940565302795
13277,0.09311940565302795
13278,0.09311940565302795
13279,0.09311940565302795
13280,0.09311940565302795
13281,0.09311940565302795
13282,0.09311940565302795
13283,0.09311940565302795
13284,0.09311940565302795
13285,0.09311940565302795
13286,0.09311940565302795
13287,0.09311940565302795
13288,0.09311940565302795
13289,0.09311940565302795
13290,0.09311940565302795
13291,0.09311940565302795
13292,0.09311940565302795
13293,0.09311940565302795
13294,0.09311940565302795
13295,0.09311940565302795
13296,0.09311940565302795
13297,0.09311940565302795
13298,0.09311940565302795
13299,0.09311940565302795
13300,0.09311940565302795
13301,0.09311940565302795
13302,0.09311940565302795
13303,0.09311940565302795
13304,0.09311940565302795
13305,0.09311940565302795
13306,0.09311940565302795
13307,0.09311940565302795
13308,0.09311940565302795
13309,0.09311940565302795
13310,0.09311940565302795
13311,0.09311940565302795
13312,0.09311940565302795
13313,0.09311940565302795
13314,0.09311940565302795
13315,0.09311940565302795
13316,0.09311940565302795
13317,0.09311940565302795
13318,0.09311940565302795
13319,0.09311940565302795
13320,0.09311940565302795
13321,0.09311940565302795
13322,0.09311940565302795
13323,0.09311940565302795
13324,0.09311940565302795
13325,0.09311940565302795
13326,0.09311940565302795
13327,0.09311940565302795
13328,0.09311940565302795
13329,0.09311940565302795
13330,0.09311940565302795
13331,0.09311940565302795
13332,0.09311940565302795
13333,0.09311940565302795
13334,0.09311940565302795
13335,0.09311940565302795
13336,0.09311940565302795
13337,0.09311940565302795
13338,0.09311940565302795
13339,0.09311940565302795
13340,0.09311940565302795
13341,0.09311940565302795
13342,0.09311940565302795
13343,0.09311940565302795
13344,0.09311940565302795
13345,0.09311940565302795
13346,0.09311940565302795
13347,0.09311940565302795
13348,0.09311940565302795
13349,0.09311940565302795
13350,0.09311940565302795
13351,0.09311940565302795
13352,0.09311940565302795
13353,0.09311940565302795
13354,0.09311940565302795
13355,0.09311940565302795
13356,0.09311940565302795
13357,0.09311940565302795
13358,0.09311940565302795
13359,0.09311940565302795
13360,0.09311940565302795
13361,0.09311940565302795
13362,0.09311940565302795
13363,0.09311940565302795
13364,0.09311940565302795
13365,0.09311940565302795
13366,0.09311940565302795
13367,0.09311940565302795
13368,0.09311940565302795
13369,0.09311940565302795
13370,0.09311940565302795
13371,0.09311940565302795
13372,0.09311940565302795
13373,0.09311940565302795
13374,0.09311940565302795
13375,0.09311940565302795
13376,0.09311940565302795
13377,0.09311940565302795
13378,0.09311940565302795
13379,0.09311940565302795
13380,0.09311940565302795
13381,0.09311940565302795
13382,0.09311940565302795
13383,0.09311940565302795
13384,0.09311940565302795
13385,0.09311940565302795
13386,0.09311940565302795
13387,0.09311940565302795
13388,0.09311940565302795
13389,0.09311940565302795
13390,0.09311940565302795
13391,0.09311940565302795
13392,0.09311940565302795
13393,0.09311940565302795
13394,0.09311940565302795
13395,0.09311940565302795
13396,0.09311940565302795
13397,0.09311940565302795
13398,0.09311940565302795
13399,0.09311940565302795
13400,0.09311940565302795
13401,0.09311940565302795
13402,0.09311940565302795
13403,0.09311940565302795
13404,0.09311940565302795
13405,0.09311940565302795
13406,0.09311940565302795
13407,0.09311940565302795
13408,0.09311940565302795
13409,0.09311940565302795
13410,0.09311940565302795
13411,0.09311940565302795
13412,0.09311940565302795
13413,0.09311940565302795
13414,0.09311940565302795
13415,0.09311940565302795
13416,0.09311940565302795
13417,0.09311940565302795
13418,0.09311940565302795
13419,0.09311940565302795
13420,0.09311940565302795
13421,0.09311940565302795
13422,0.09311940565302795
13423,0.09311940565302795
13424,0.09311940565302795
13425,0.09311940565302795
13426,0.09311940565302795
13427,0.09311940565302795
13428,0.09311940565302795
13429,0.09311940565302795
13430,0.09311940565302795
13431,0.09311940565302795
13432,0.09311940565302795
13433,0.09311940565302795
13434,0.09311940565302795
13435,0.09311940565302795
13436,0.09311940565302795
13437,0.09311940565302795
13438,0.09311940565302795
13439,0.09311940565302795
13440,0.09311940565302795
13441,0.09311940565302795
13442,0.09311940565302795
13443,0.09311940565302795
13444,0.09311940565302795
13445,0.09311940565302795
13446,0.09311940565302795
13447,0.09311940565302795
13448,0.09311940565302795
13449,0.09311940565302795
13450,0.09311940565302795
13451,0.09311940565302795
13452,0.09311940565302795
13453,0.09311940565302795
13454,0.09311940565302795
13455,0.09311940565302795
13456,0.09311940565302795
13457,0.09311940565302795
13458,0.09311940565302795
13459,0.09311940565302795
13460,0.09311940565302795
13461,0.09311940565302795
13462,0.09311940565302795
13463,0.09311940565302795
13464,0.09311940565302795
13465,0.09311940565302795
13466,0.09311940565302795
13467,0.09311940565302795
13468,0.09311940565302795
13469,0.09311940565302795
13470,0.09311940565302795
13471,0.09311940565302795
13472,0.09311940565302795
13473,0.09311940565302795
13474,0.09311940565302795
13475,0.09311940565302795
13476,0.09311940565302795
13477,0.09311940565302795
13478,0.09311940565302795
13479,0.09311940565302795
13480,0.09311940565302795
13481,0.09311940565302795
13482,0.09311940565302795
13483,0.09311940565302795
13484,0.09311940565302795
13485,0.09311940565302795
13486,0.09311940565302795
13487,0.09311940565302795
13488,0.09311940565302795
13489,0.09311940565302795
13490,0.09311940565302795
13491,0.09311940565302795
13492,0.09311940565302795
13493,0.09311940565302795
13494,0.09311940565302795
13495,0.09311940565302795
13496,0.09311940565302795
13497,0.09311940565302795
13498,0.09311940565302795
13499,0.09311940565302795
13500,0.09311940565302795
13501,0.09311940565302795
13502,0.09311940565302795
13503,0.09311940565302795
13504,0.09311940565302795
13505,0.09311940565302795
13506,0.09311940565302795
13507,0.09311940565302795
13508,0.09311940565302795
13509,0.09311940565302795
13510,0.09311940565302795
13511,0.09311940565302795
13512,0.09311940565302795
13513,0.09311940565302795
13514,0.09311940565302795
13515,0.09311940565302795
13516,0.09311940565302795
13517,0.09311940565302795
13518,0.09311940565302795
13519,0.09311940565302795
13520,0.09311940565302795
13521,0.09311940565302795
13522,0.09311940565302795
13523,0.09311940565302795
13524,0.09311940565302795
13525,0.09311940565302795
13526,0.09311940565302795
13527,0.09311940565302795
13528,0.09311940565302795
13529,0.09311940565302795
13530,0.09311940565302795
13531,0.09311940565302795
13532,0.09311940565302795
13533,0.09311940565302795
13534,0.09311940565302795
13535,0.09311940565302795
13536,0.09311940565302795
13537,0.09311940565302795
13538,0.09311940565302795
13539,0.09311940565302795
13540,0.09311940565302795
13541,0.09311940565302795
13542,0.09311940565302795
13543,0.09311940565302795
13544,0.09311940565302795
13545,0.09311940565302795
13546,0.09311940565302795
13547,0.09311940565302795
13548,0.09311940565302795
13549,0.09311940565302795
13550,0.09311940565302795
13551,0.09311940565302795
13552,0.09311940565302795
13553,0.09311940565302795
13554,0.09311940565302795
13555,0.09311940565302795
13556,0.09311940565302795
13557,0.09311940565302795
13558,0.09311940565302795
13559,0.09311940565302795
13560,0.09311940565302795
13561,0.09311940565302795
13562,0.09311940565302795
13563,0.09311940565302795
13564,0.09311940565302795
13565,0.09311940565302795
13566,0.09311940565302795
13567,0.09311940565302795
13568,0.09311940565302795
13569,0.09311940565302795
13570,0.09311940565302795
13571,0.09311940565302795
13572,0.09311940565302795
13573,0.09311940565302795
13574,0.09311940565302795
13575,0.09311940565302795
13576,0.09311940565302795
13577,0.09311940565302795
13578,0.09311940565302795
13579,0.09311940565302795
13580,0.09311940565302795
13581,0.09311940565302795
13582,0.09311940565302795
13583,0.09311940565302795
13584,0.09311940565302795
13585,0.09311940565302795
13586,0.09311940565302795
13587,0.09311940565302795
13588,0.09311940565302795
13589,0.09311940565302795
13590,0.09311940565302795
13591,0.09311940565302795
13592,0.09311940565302795
13593,0.09311940565302795
13594,0.09311940565302795
13595,0.09311940565302795
13596,0.09311940565302795
13597,0.09311940565302795
13598,0.09311940565302795
13599,0.09311940565302795
13600,0.09311940565302795
13601,0.09311940565302795
13602,0.09311940565302795
13603,0.09311940565302795
13604,0.09311940565302795
13605,0.09311940565302795
13606,0.09311940565302795
13607,0.09311940565302795
13608,0.09311940565302795
13609,0.09311940565302795
13610,0.09311940565302795
13611,0.09311940565302795
13612,0.09311940565302795
13613,0.09311940565302795
13614,0.09311940565302795
13615,0.09311940565302795
13616,0.09311940565302795
13617,0.09311940565302795
13618,0.09311940565302795
13619,0.09311940565302795
13620,0.09311940565302795
13621,0.09311940565302795
13622,0.09311940565302795
13623,0.09311940565302795
13624,0.09311940565302795
13625,0.09311940565302795
13626,0.09311940565302795
13627,0.09311940565302795
13628,0.09311940565302795
13629,0.09311940565302795
13630,0.09311940565302795
13631,0.09311940565302795
13632,0.09311940565302795
13633,0.09311940565302795
13634,0.09311940565302795
13635,0.09311940565302795
13636,0.09311940565302795
13637,0.09311940565302795
13638,0.09311940565302795
13639,0.09311940565302795
13640,0.09311940565302795
13641,0.09311940565302795
13642,0.09311940565302795
13643,0.09311940565302795
13644,0.09311940565302795
13645,0.09311940565302795
13646,0.09311940565302795
13647,0.09311940565302795
13648,0.09311940565302795
13649,0.09311940565302795
13650,0.09311940565302795
13651,0.09311940565302795
13652,0.09311940565302795
13653,0.09311940565302795
13654,0.09311940565302795
13655,0.09311940565302795
13656,0.09311940565302795
13657,0.09311940565302795
13658,0.09311940565302795
13659,0.09311940565302795
13660,0.09311940565302795
13661,0.09311940565302795
13662,0.09311940565302795
13663,0.09311940565302795
13664,0.09311940565302795
13665,0.09311940565302795
13666,0.09311940565302795
13667,0.09311940565302795
13668,0.09311940565302795
13669,0.09311940565302795
13670,0.09311940565302795
13671,0.09311940565302795
13672,0.09311940565302795
13673,0.09311940565302795
13674,0.09311940565302795
13675,0.09311940565302795
13676,0.09311940565302795
13677,0.09311940565302795
13678,0.09311940565302795
13679,0.09311940565302795
13680,0.09311940565302795
13681,0.09311940565302795
13682,0.09311940565302795
13683,0.09311940565302795
13684,0.09311940565302795
13685,0.09311940565302795
13686,0.09311940565302795
13687,0.09311940565302795
13688,0.09311940565302795
13689,0.09311940565302795
13690,0.09311940565302795
13691,0.09311940565302795
13692,0.09311940565302795
13693,0.09311940565302795
13694,0.09311940565302795
13695,0.09311940565302795
13696,0.09311940565302795
13697,0.09311940565302795
13698,0.09311940565302795
13699,0.09311940565302795
13700,0.09311940565302795
13701,0.09311940565302795
13702,0.09311940565302795
13703,0.09311940565302795
13704,0.09311940565302795
13705,0.09311940565302795
13706,0.09311940565302795
13707,0.09311940565302795
13708,0.09311940565302795
13709,0.09311940565302795
13710,0.09311940565302795
13711,0.09311940565302795
13712,0.09311940565302795
13713,0.09311940565302795
13714,0.09311940565302795
13715,0.09311940565302795
13716,0.09311940565302795
13717,0.09311940565302795
13718,0.09311940565302795
13719,0.09311940565302795
13720,0.09311940565302795
13721,0.09311940565302795
13722,0.09311940565302795
13723,0.09311940565302795
13724,0.09311940565302795
13725,0.09311940565302795
13726,0.09311940565302795
13727,0.09311940565302795
13728,0.09311940565302795
13729,0.09311940565302795
13730,0.09311940565302795
13731,0.09311940565302795
13732,0.09311940565302795
13733,0.09311940565302795
13734,0.09311940565302795
13735,0.09311940565302795
13736,0.09311940565302795
13737,0.09311940565302795
13738,0.09311940565302795
13739,0.09311940565302795
13740,0.09311940565302795
13741,0.09311940565302795
13742,0.09311940565302795
13743,0.09311940565302795
13744,0.09311940565302795
13745,0.09311940565302795
13746,0.09311940565302795
13747,0.09311940565302795
13748,0.09311940565302795
13749,0.09311940565302795
13750,0.09311940565302795
13751,0.09311940565302795
13752,0.09311940565302795
13753,0.09311940565302795
13754,0.09311940565302795
13755,0.09311940565302795
13756,0.09311940565302795
13757,0.09311940565302795
13758,0.09311940565302795
13759,0.09311940565302795
13760,0.09311940565302795
13761,0.09311940565302795
13762,0.09311940565302795
13763,0.09311940565302795
13764,0.09311940565302795
13765,0.09311940565302795
13766,0.09311940565302795
13767,0.09311940565302795
13768,0.09311940565302795
13769,0.09311940565302795
13770,0.09311940565302795
13771,0.09311940565302795
13772,0.09311940565302795
13773,0.09311940565302795
13774,0.09311940565302795
13775,0.09311940565302795
13776,0.09311940565302795
13777,0.09311940565302795
13778,0.09311940565302795
13779,0.09311940565302795
13780,0.09311940565302795
13781,0.09311940565302795
13782,0.09311940565302795
13783,0.09311940565302795
13784,0.09311940565302795
13785,0.09311940565302795
13786,0.09311940565302795
13787,0.09311940565302795
13788,0.09311940565302795
13789,0.09311940565302795
13790,0.09311940565302795
13791,0.09311940565302795
13792,0.09311940565302795
13793,0.09311940565302795
13794,0.09311940565302795
13795,0.09311940565302795
13796,0.09311940565302795
13797,0.09311940565302795
13798,0.09311940565302795
13799,0.09311940565302795
13800,0.09311940565302795
13801,0.09311940565302795
13802,0.09311940565302795
13803,0.09311940565302795
13804,0.09311940565302795
13805,0.09311940565302795
13806,0.09311940565302795
13807,0.09311940565302795
13808,0.09311940565302795
13809,0.09311940565302795
13810,0.09311940565302795
13811,0.09311940565302795
13812,0.09311940565302795
13813,0.09311940565302795
13814,0.09311940565302795
13815,0.09311940565302795
13816,0.09311940565302795
13817,0.09311940565302795
13818,0.09311940565302795
13819,0.09311940565302795
13820,0.09311940565302795
13821,0.09311940565302795
13822,0.09311940565302795
13823,0.09311940565302795
13824,0.09311940565302795
13825,0.09311940565302795
13826,0.09311940565302795
13827,0.09311940565302795
13828,0.09311940565302795
13829,0.09311940565302795
13830,0.09311940565302795
13831,0.09311940565302795
13832,0.09311940565302795
13833,0.09311940565302795
13834,0.09311940565302795
13835,0.09311940565302795
13836,0.09311940565302795
13837,0.09311940565302795
13838,0.09311940565302795
13839,0.09311940565302795
13840,0.09311940565302795
13841,0.09311940565302795
13842,0.09311940565302795
13843,0.09311940565302795
13844,0.09311940565302795
13845,0.09311940565302795
13846,0.09311940565302795
13847,0.09311940565302795
13848,0.09311940565302795
13849,0.09311940565302795
13850,0.09311940565302795
13851,0.09311940565302795
13852,0.09311940565302795
13853,0.09311940565302795
13854,0.09311940565302795
13855,0.09311940565302795
13856,0.09311940565302795
13857,0.09311940565302795
13858,0.09311940565302795
13859,0.09311940565302795
13860,0.09311940565302795
13861,0.09311940565302795
13862,0.09311940565302795
13863,0.09311940565302795
13864,0.09311940565302795
13865,0.09311940565302795
13866,0.09311940565302795
13867,0.09311940565302795
13868,0.09311940565302795
13869,0.09311940565302795
13870,0.09311940565302795
13871,0.09311940565302795
13872,0.09311940565302795
13873,0.09311940565302795
13874,0.09311940565302795
13875,0.09311940565302795
13876,0.09311940565302795
13877,0.09311940565302795
13878,0.09311940565302795
13879,0.09311940565302795
13880,0.09311940565302795
13881,0.09311940565302795
13882,0.09311940565302795
13883,0.09311940565302795
13884,0.09311940565302795
13885,0.09311940565302795
13886,0.09311940565302795
13887,0.09311940565302795
13888,0.09311940565302795
13889,0.09311940565302795
13890,0.09311940565302795
13891,0.09311940565302795
13892,0.09311940565302795
13893,0.09311940565302795
13894,0.09311940565302795
13895,0.09311940565302795
13896,0.09311940565302795
13897,0.09311940565302795
13898,0.09311940565302795
13899,0.09311940565302795
13900,0.09311940565302795
13901,0.09311940565302795
13902,0.09311940565302795
13903,0.09311940565302795
13904,0.09311940565302795
13905,0.09311940565302795
13906,0.09311940565302795
13907,0.09311940565302795
13908,0.09311940565302795
13909,0.09311940565302795
13910,0.09311940565302795
13911,0.09311940565302795
13912,0.09311940565302795
13913,0.09311940565302795
13914,0.09311940565302795
13915,0.09311940565302795
13916,0.09311940565302795
13917,0.09311940565302795
13918,0.09311940565302795
13919,0.09311940565302795
13920,0.09311940565302795
13921,0.09311940565302795
13922,0.09311940565302795
13923,0.09311940565302795
13924,0.09311940565302795
13925,0.09311940565302795
13926,0.09311940565302795
13927,0.09311940565302795
13928,0.09311940565302795
13929,0.09311940565302795
13930,0.09311940565302795
13931,0.09311940565302795
13932,0.09311940565302795
13933,0.09311940565302795
13934,0.09311940565302795
13935,0.09311940565302795
13936,0.09311940565302795
13937,0.09311940565302795
13938,0.09311940565302795
13939,0.09311940565302795
13940,0.09311940565302795
13941,0.09311940565302795
13942,0.09311940565302795
13943,0.09311940565302795
13944,0.09311940565302795
13945,0.09311940565302795
13946,0.09311940565302795
13947,0.09311940565302795
13948,0.09311940565302795
13949,0.09311940565302795
13950,0.09311940565302795
13951,0.09311940565302795
13952,0.09311940565302795
13953,0.09311940565302795
13954,0.09311940565302795
13955,0.09311940565302795
13956,0.09311940565302795
13957,0.09311940565302795
13958,0.09311940565302795
13959,0.09311940565302795
13960,0.09311940565302795
13961,0.09311940565302795
13962,0.09311940565302795
13963,0.09311940565302795
13964,0.09311940565302795
13965,0.09311940565302795
13966,0.09311940565302795
13967,0.09311940565302795
13968,0.09311940565302795
13969,0.09311940565302795
13970,0.09311940565302795
13971,0.09311940565302795
13972,0.09311940565302795
13973,0.09311940565302795
13974,0.09311940565302795
13975,0.09311940565302795
13976,0.09311940565302795
13977,0.09311940565302795
13978,0.09311940565302795
13979,0.09311940565302795
13980,0.09311940565302795
13981,0.09311940565302795
13982,0.09311940565302795
13983,0.09311940565302795
13984,0.09311940565302795
13985,0.09311940565302795
13986,0.09311940565302795
13987,0.09311940565302795
13988,0.09311940565302795
13989,0.09311940565302795
13990,0.09311940565302795
13991,0.09311940565302795
13992,0.09311940565302795
13993,0.09311940565302795
13994,0.09311940565302795
13995,0.09311940565302795
13996,0.09311940565302795
13997,0.09311940565302795
13998,0.09311940565302795
13999,0.09311940565302795
14000,0.09311940565302795
14001,0.09311940565302795
14002,0.09311940565302795
14003,0.09311940565302795
14004,0.09311940565302795
14005,0.09311940565302795
14006,0.09311940565302795
14007,0.09311940565302795
14008,0.09311940565302795
14009,0.09311940565302795
14010,0.09311940565302795
14011,0.09311940565302795
14012,0.09311940565302795
14013,0.09311940565302795
14014,0.09311940565302795
14015,0.09311940565302795
14016,0.09311940565302795
14017,0.09311940565302795
14018,0.09311940565302795
14019,0.09311940565302795
14020,0.09311940565302795
14021,0.09311940565302795
14022,0.09311940565302795
14023,0.09311940565302795
14024,0.09311940565302795
14025,0.09311940565302795
14026,0.09311940565302795
14027,0.09311940565302795
14028,0.09311940565302795
14029,0.09311940565302795
14030,0.09311940565302795
14031,0.09311940565302795
14032,0.09311940565302795
14033,0.09311940565302795
14034,0.09311940565302795
14035,0.09311940565302795
14036,0.09311940565302795
14037,0.09311940565302795
14038,0.09311940565302795
14039,0.09311940565302795
14040,0.09311940565302795
14041,0.09311940565302795
14042,0.09311940565302795
14043,0.09311940565302795
14044,0.09311940565302795
14045,0.09311940565302795
14046,0.09311940565302795
14047,0.09311940565302795
14048,0.09311940565302795
14049,0.09311940565302795
14050,0.09311940565302795
14051,0.09311940565302795
14052,0.09311940565302795
14053,0.09311940565302795
14054,0.09311940565302795
14055,0.09311940565302795
14056,0.09311940565302795
14057,0.09311940565302795
14058,0.09311940565302795
14059,0.09311940565302795
14060,0.09311940565302795
14061,0.09311940565302795
14062,0.09311940565302795
14063,0.09311940565302795
14064,0.09311940565302795
14065,0.09311940565302795
14066,0.09311940565302795
14067,0.09311940565302795
14068,0.09311940565302795
14069,0.09311940565302795
14070,0.09311940565302795
14071,0.09311940565302795
14072,0.09311940565302795
14073,0.09311940565302795
14074,0.09311940565302795
14075,0.09311940565302795
14076,0.09311940565302795
14077,0.09311940565302795
14078,0.09311940565302795
14079,0.09311940565302795
14080,0.09311940565302795
14081,0.09311940565302795
14082,0.09311940565302795
14083,0.09311940565302795
14084,0.09311940565302795
14085,0.09311940565302795
14086,0.09311940565302795
14087,0.09311940565302795
14088,0.09311940565302795
14089,0.09311940565302795
14090,0.09311940565302795
14091,0.09311940565302795
14092,0.09311940565302795
14093,0.09311940565302795
14094,0.09311940565302795
14095,0.09311940565302795
14096,0.09311940565302795
14097,0.09311940565302795
14098,0.09311940565302795
14099,0.09311940565302795
14100,0.09311940565302795
14101,0.09311940565302795
14102,0.09311940565302795
14103,0.09311940565302795
14104,0.09311940565302795
14105,0.09311940565302795
14106,0.09311940565302795
14107,0.09311940565302795
14108,0.09311940565302795
14109,0.09311940565302795
14110,0.09311940565302795
14111,0.09311940565302795
14112,0.09311940565302795
14113,0.09311940565302795
14114,0.09311940565302795
14115,0.09311940565302795
14116,0.09311940565302795
14117,0.09311940565302795
14118,0.09311940565302795
14119,0.09311940565302795
14120,0.09311940565302795
14121,0.09311940565302795
14122,0.09311940565302795
14123,0.09311940565302795
14124,0.09311940565302795
14125,0.09311940565302795
14126,0.09311940565302795
14127,0.09311940565302795
14128,0.09311940565302795
14129,0.09311940565302795
14130,0.09311940565302795
14131,0.09311940565302795
14132,0.09311940565302795
14133,0.09311940565302795
14134,0.09311940565302795
14135,0.09311940565302795
14136,0.09311940565302795
14137,0.09311940565302795
14138,0.09311940565302795
14139,0.09311940565302795
14140,0.09311940565302795
14141,0.09311940565302795
14142,0.09311940565302795
14143,0.09311940565302795
14144,0.09311940565302795
14145,0.09311940565302795
14146,0.09311940565302795
14147,0.09311940565302795
14148,0.09311940565302795
14149,0.09311940565302795
14150,0.09311940565302795
14151,0.09311940565302795
14152,0.09311940565302795
14153,0.09311940565302795
14154,0.09311940565302795
14155,0.09311940565302795
14156,0.09311940565302795
14157,0.09311940565302795
14158,0.09311940565302795
14159,0.09311940565302795
14160,0.09311940565302795
14161,0.09311940565302795
14162,0.09311940565302795
14163,0.09311940565302795
14164,0.09311940565302795
14165,0.09311940565302795
14166,0.09311940565302795
14167,0.09311940565302795
14168,0.09311940565302795
14169,0.09311940565302795
14170,0.09311940565302795
14171,0.09311940565302795
14172,0.09311940565302795
14173,0.09311940565302795
14174,0.09311940565302795
14175,0.09311940565302795
14176,0.09311940565302795
14177,0.09311940565302795
14178,0.09311940565302795
14179,0.09311940565302795
14180,0.09311940565302795
14181,0.09311940565302795
14182,0.09311940565302795
14183,0.09311940565302795
14184,0.09311940565302795
14185,0.09311940565302795
14186,0.09311940565302795
14187,0.09311940565302795
14188,0.09311940565302795
14189,0.09311940565302795
14190,0.09311940565302795
14191,0.09311940565302795
14192,0.09311940565302795
14193,0.09311940565302795
14194,0.09311940565302795
14195,0.09311940565302795
14196,0.09311940565302795
14197,0.09311940565302795
14198,0.09311940565302795
14199,0.09311940565302795
14200,0.09311940565302795
14201,0.09311940565302795
14202,0.09311940565302795
14203,0.09311940565302795
14204,0.09311940565302795
14205,0.09311940565302795
14206,0.09311940565302795
14207,0.09311940565302795
14208,0.09311940565302795
14209,0.09311940565302795
14210,0.09311940565302795
14211,0.09311940565302795
14212,0.09311940565302795
14213,0.09311940565302795
14214,0.09311940565302795
14215,0.09311940565302795
14216,0.09311940565302795
14217,0.09311940565302795
14218,0.09311940565302795
14219,0.09311940565302795
14220,0.09311940565302795
14221,0.09311940565302795
14222,0.09311940565302795
14223,0.09311940565302795
14224,0.09311940565302795
14225,0.09311940565302795
14226,0.09311940565302795
14227,0.09311940565302795
14228,0.09311940565302795
14229,0.09311940565302795
14230,0.09311940565302795
14231,0.09311940565302795
14232,0.09311940565302795
14233,0.09311940565302795
14234,0.09311940565302795
14235,0.09311940565302795
14236,0.09311940565302795
14237,0.09311940565302795
14238,0.09311940565302795
14239,0.09311940565302795
14240,0.09311940565302795
14241,0.09311940565302795
14242,0.09311940565302795
14243,0.09311940565302795
14244,0.09311940565302795
14245,0.09311940565302795
14246,0.09311940565302795
14247,0.09311940565302795
14248,0.09311940565302795
14249,0.09311940565302795
14250,0.09311940565302795
14251,0.09311940565302795
14252,0.09311940565302795
14253,0.09311940565302795
14254,0.09311940565302795
14255,0.09311940565302795
14256,0.09311940565302795
14257,0.09311940565302795
14258,0.09311940565302795
14259,0.09311940565302795
14260,0.09311940565302795
14261,0.09311940565302795
14262,0.09311940565302795
14263,0.09311940565302795
14264,0.09311940565302795
14265,0.09311940565302795
14266,0.09311940565302795
14267,0.09311940565302795
14268,0.09311940565302795
14269,0.09311940565302795
14270,0.09311940565302795
14271,0.09311940565302795
14272,0.09311940565302795
14273,0.09311940565302795
14274,0.09311940565302795
14275,0.09311940565302795
14276,0.09311940565302795
14277,0.09311940565302795
14278,0.09311940565302795
14279,0.09311940565302795
14280,0.09311940565302795
14281,0.09311940565302795
14282,0.09311940565302795
14283,0.09311940565302795
14284,0.09311940565302795
14285,0.09311940565302795
14286,0.09311940565302795
14287,0.09311940565302795
14288,0.09311940565302795
14289,0.09311940565302795
14290,0.09311940565302795
14291,0.09311940565302795
14292,0.09311940565302795
14293,0.09311940565302795
14294,0.09311940565302795
14295,0.09311940565302795
14296,0.09311940565302795
14297,0.09311940565302795
14298,0.09311940565302795
14299,0.09311940565302795
14300,0.09311940565302795
14301,0.09311940565302795
14302,0.09311940565302795
14303,0.09311940565302795
14304,0.09311940565302795
14305,0.09311940565302795
14306,0.09311940565302795
14307,0.09311940565302795
14308,0.09311940565302795
14309,0.09311940565302795
14310,0.09311940565302795
14311,0.09311940565302795
14312,0.09311940565302795
14313,0.09311940565302795
14314,0.09311940565302795
14315,0.09311940565302795
14316,0.09311940565302795
14317,0.09311940565302795
14318,0.09311940565302795
14319,0.09311940565302795
14320,0.09311940565302795
14321,0.09311940565302795
14322,0.09311940565302795
14323,0.09311940565302795
14324,0.09311940565302795
14325,0.09311940565302795
14326,0.09311940565302795
14327,0.09311940565302795
14328,0.09311940565302795
14329,0.09311940565302795
14330,0.09311940565302795
14331,0.09311940565302795
14332,0.09311940565302795
14333,0.09311940565302795
14334,0.09311940565302795
14335,0.09311940565302795
14336,0.09311940565302795
14337,0.09311940565302795
14338,0.09311940565302795
14339,0.09311940565302795
14340,0.09311940565302795
14341,0.09311940565302795
14342,0.09311940565302795
14343,0.09311940565302795
14344,0.09311940565302795
14345,0.09311940565302795
14346,0.09311940565302795
14347,0.09311940565302795
14348,0.09311940565302795
14349,0.09311940565302795
14350,0.09311940565302795
14351,0.09311940565302795
14352,0.09311940565302795
14353,0.09311940565302795
14354,0.09311940565302795
14355,0.09311940565302795
14356,0.09311940565302795
14357,0.09311940565302795
14358,0.09311940565302795
14359,0.09311940565302795
14360,0.09311940565302795
14361,0.09311940565302795
14362,0.09311940565302795
14363,0.09311940565302795
14364,0.09311940565302795
14365,0.09311940565302795
14366,0.09311940565302795
14367,0.09311940565302795
14368,0.09311940565302795
14369,0.09311940565302795
14370,0.09311940565302795
14371,0.09311940565302795
14372,0.09311940565302795
14373,0.09311940565302795
14374,0.09311940565302795
14375,0.09311940565302795
14376,0.09311940565302795
14377,0.09311940565302795
14378,0.09311940565302795
14379,0.09311940565302795
14380,0.09311940565302795
14381,0.09311940565302795
14382,0.09311940565302795
14383,0.09311940565302795
14384,0.09311940565302795
14385,0.09311940565302795
14386,0.09311940565302795
14387,0.09311940565302795
14388,0.09311940565302795
14389,0.09311940565302795
14390,0.09311940565302795
14391,0.09311940565302795
14392,0.09311940565302795
14393,0.09314029180858972
14394,0.09314029180858972
14395,0.09314029180858972
14396,0.09314029180858972
14397,0.09314029180858972
14398,0.09314029180858972
14399,0.09314029180858972
14400,0.09314029180858972
14401,0.09345949458997012
14402,0.09345949458997012
14403,0.09345949458997012
14404,0.09345949458997012
14405,0.09345949458997012
14406,0.09345949458997012
14407,0.09345949458997012
14408,0.09345949458997012
14409,0.09345949458997012
14410,0.09345949458997012
14411,0.09345949458997012
14412,0.09345949458997012
14413,0.09345949458997012
14414,0.09345949458997012
14415,0.09345949458997012
14416,0.09345949458997012
14417,0.09345949458997012
14418,0.09345949458997012
14419,0.09345949458997012
14420,0.09345949458997012
14421,0.09345949458997012
14422,0.09345949458997012
14423,0.09345949458997012
14424,0.09345949458997012
14425,0.09345949458997012
14426,0.09345949458997012
14427,0.09345949458997012
14428,0.09345949458997012
14429,0.09345949458997012
14430,0.09345949458997012
14431,0.09345949458997012
14432,0.09345949458997012
14433,0.09345949458997012
14434,0.09345949458997012
14435,0.09345949458997012
14436,0.09345949458997012
14437,0.09345949458997012
14438,0.09345949458997012
14439,0.09345949458997012
14440,0.09345949458997012
14441,0.09345949458997012
14442,0.09345949458997012
14443,0.09345949458997012
14444,0.09345949458997012
14445,0.09345949458997012
14446,0.09345949458997012
14447,0.09345949458997012
14448,0.09345949458997012
14449,0.09345949458997012
14450,0.09345949458997012
14451,0.09345949458997012
14452,0.09345949458997012
14453,0.09345949458997012
14454,0.09345949458997012
14455,0.09345949458997012
14456,0.09345949458997012
14457,0.09345949458997012
14458,0.09345949458997012
14459,0.09345949458997012
14460,0.09345949458997012
14461,0.09345949458997012
14462,0.09345949458997012
14463,0.09345949458997012
14464,0.09345949458997012
14465,0.09345949458997012
14466,0.09345949458997012
14467,0.09345949458997012
14468,0.09345949458997012
14469,0.09345949458997012
14470,0.09345949458997012
14471,0.09345949458997012
14472,0.09345949458997012
14473,0.09345949458997012
14474,0.09345949458997012
14475,0.09345949458997012
14476,0.09345949458997012
14477,0.09345949458997012
14478,0.09345949458997012
14479,0.09345949458997012
14480,0.09345949458997012
14481,0.09345949458997012
14482,0.09345949458997012
14483,0.09345949458997012
14484,0.09345949458997012
14485,0.09345949458997012
14486,0.09345949458997012
14487,0.09345949458997012
14488,0.09345949458997012
14489,0.09345949458997012
14490,0.09345949458997012
14491,0.09345949458997012
14492,0.09345949458997012
14493,0.09345949458997012
14494,0.09345949458997012
14495,0.09345949458997012
14496,0.09345949458997012
14497,0.09345949458997012
14498,0.09345949458997012
14499,0.09345949458997012
14500,0.09345949458997012
14501,0.09345949458997012
14502,0.09345949458997012
14503,0.09345949458997012
14504,0.09345949458997012
14505,0.09345949458997012
14506,0.09345949458997012
14507,0.09345949458997012
14508,0.09345949458997012
14509,0.09345949458997012
14510,0.09345949458997012
14511,0.09345949458997012
14512,0.09345949458997012
14513,0.09345949458997012
14514,0.09345949458997012
14515,0.09345949458997012
14516,0.09345949458997012
14517,0.09345949458997012
14518,0.09345949458997012
14519,0.09345949458997012
14520,0.09345949458997012
14521,0.09345949458997012
14522,0.09345949458997012
14523,0.09345949458997012
14524,0.09345949458997012
14525,0.09345949458997012
14526,0.09345949458997012
14527,0.09345949458997012
14528,0.09345949458997012
14529,0.09345949458997012
14530,0.09345949458997012
14531,0.09345949458997012
14532,0.09345949458997012
14533,0.09345949458997012
14534,0.09345949458997012
14535,0.09345949458997012
14536,0.09345949458997012
14537,0.09345949458997012
14538,0.09345949458997012
14539,0.09345949458997012
14540,0.09345949458997012
14541,0.09345949458997012
14542,0.09345949458997012
14543,0.09345949458997012
14544,0.09345949458997012
14545,0.09345949458997012
14546,0.09345949458997012
14547,0.09345949458997012
14548,0.09345949458997012
14549,0.09345949458997012
14550,0.09345949458997012
14551,0.09345949458997012
14552,0.09345949458997012
14553,0.09345949458997012
14554,0.09345949458997012
14555,0.09345949458997012
14556,0.09345949458997012
14557,0.09345949458997012
14558,0.09345949458997012
14559,0.09345949458997012
14560,0.09345949458997012
14561,0.09345949458997012
14562,0.09345949458997012
14563,0.09345949458997012
14564,0.09345949458997012
14565,0.09345949458997012
14566,0.09345949458997012
14567,0.09345949458997012
14568,0.09345949458997012
14569,0.09345949458997012
14570,0.09345949458997012
14571,0.09345949458997012
14572,0.09345949458997012
14573,0.09345949458997012
14574,0.09345949458997012
14575,0.09345949458997012
14576,0.09345949458997012
14577,0.09345949458997012
14578,0.09345949458997012
14579,0.09345949458997012
14580,0.09345949458997012
14581,0.09345949458997012
14582,0.09345949458997012
14583,0.09345949458997012
14584,0.09345949458997012
14585,0.09345949458997012
14586,0.09345949458997012
14587,0.09345949458997012
14588,0.09345949458997012
14589,0.09345949458997012
14590,0.09345949458997012
14591,0.09345949458997012
14592,0.09345949458997012
14593,0.09345949458997012
14594,0.09345949458997012
14595,0.09345949458997012
14596,0.09345949458997012
14597,0.09345949458997012
14598,0.09345949458997012
14599,0.09345949458997012
14600,0.09345949458997012
14601,0.09345949458997012
14602,0.09345949458997012
14603,0.09345949458997012
14604,0.09345949458997012
14605,0.09345949458997012
14606,0.09345949458997012
14607,0.09345949458997012
14608,0.09345949458997012
14609,0.09345949458997012
14610,0.09345949458997012
14611,0.09345949458997012
14612,0.09345949458997012
14613,0.09345949458997012
14614,0.09345949458997012
14615,0.09345949458997012
14616,0.09345949458997012
14617,0.09345949458997012
14618,0.09345949458997012
14619,0.09345949458997012
14620,0.09345949458997012
14621,0.09345949458997012
14622,0.09345949458997012
14623,0.09345949458997012
14624,0.09345949458997012
14625,0.09345949458997012
14626,0.09345949458997012
14627,0.09345949458997012
14628,0.09345949458997012
14629,0.09345949458997012
14630,0.09345949458997012
14631,0.09345949458997012
14632,0.09345949458997012
14633,0.09345949458997012
14634,0.09345949458997012
14635,0.09345949458997012
14636,0.09345949458997012
14637,0.09345949458997012
14638,0.09345949458997012
14639,0.09345949458997012
14640,0.09345949458997012
14641,0.09345949458997012
14642,0.09345949458997012
14643,0.09345949458997012
14644,0.09345949458997012
14645,0.09345949458997012
14646,0.09345949458997012
14647,0.09345949458997012
14648,0.09345949458997012
14649,0.09345949458997012
14650,0.09345949458997012
14651,0.09345949458997012
14652,0.09345949458997012
14653,0.09345949458997012
14654,0.09345949458997012
14655,0.09345949458997012
14656,0.09345949458997012
14657,0.09345949458997012
14658,0.09345949458997012
14659,0.09345949458997012
14660,0.09345949458997012
14661,0.09345949458997012
14662,0.09345949458997012
14663,0.09345949458997012
14664,0.09345949458997012
14665,0.09345949458997012
14666,0.09345949458997012
14667,0.09345949458997012
14668,0.09345949458997012
14669,0.09345949458997012
14670,0.09345949458997012
14671,0.09345949458997012
14672,0.09345949458997012
14673,0.09345949458997012
14674,0.09345949458997012
14675,0.09345949458997012
14676,0.09345949458997012
14677,0.09345949458997012
14678,0.09345949458997012
14679,0.09345949458997012
14680,0.09345949458997012
14681,0.09345949458997012
14682,0.09345949458997012
14683,0.09345949458997012
14684,0.09345949458997012
14685,0.09345949458997012
14686,0.09345949458997012
14687,0.09345949458997012
14688,0.09345949458997012
14689,0.09345949458997012
14690,0.09345949458997012
14691,0.09345949458997012
14692,0.09345949458997012
14693,0.09345949458997012
14694,0.09345949458997012
14695,0.09345949458997012
14696,0.09345949458997012
14697,0.09345949458997012
14698,0.09345949458997012
14699,0.09345949458997012
14700,0.09345949458997012
14701,0.09345949458997012
14702,0.09345949458997012
14703,0.09345949458997012
14704,0.09345949458997012
14705,0.09345949458997012
14706,0.09345949458997012
14707,0.09345949458997012
14708,0.09345949458997012
14709,0.09345949458997012
14710,0.09345949458997012
14711,0.09345949458997012
14712,0.09345949458997012
14713,0.09345949458997012
14714,0.09345949458997012
14715,0.09345949458997012
14716,0.09345949458997012
14717,0.09345949458997012
14718,0.09345949458997012
14719,0.09345949458997012
14720,0.09345949458997012
14721,0.09345949458997012
14722,0.09345949458997012
14723,0.09345949458997012
14724,0.09345949458997012
14725,0.09345949458997012
14726,0.09345949458997012
14727,0.09345949458997012
14728,0.09345949458997012
14729,0.09345949458997012
14730,0.09345949458997012
14731,0.09345949458997012
14732,0.09345949458997012
14733,0.09345949458997012
14734,0.09345949458997012
14735,0.09345949458997012
14736,0.09345949458997012
14737,0.09345949458997012
14738,0.09345949458997012
14739,0.09345949458997012
14740,0.09345949458997012
14741,0.09345949458997012
14742,0.09345949458997012
14743,0.09345949458997012
14744,0.09345949458997012
14745,0.09345949458997012
14746,0.09345949458997012
14747,0.09345949458997012
14748,0.09345949458997012
14749,0.09345949458997012
14750,0.09345949458997012
14751,0.09345949458997012
14752,0.09345949458997012
14753,0.09345949458997012
14754,0.09345949458997012
14755,0.09345949458997012
14756,0.09345949458997012
14757,0.09345949458997012
14758,0.09345949458997012
14759,0.09345949458997012
14760,0.09345949458997012
14761,0.09345949458997012
14762,0.09345949458997012
14763,0.09345949458997012
14764,0.09345949458997012
14765,0.09345949458997012
14766,0.09345949458997012
14767,0.09345949458997012
14768,0.09345949458997012
14769,0.09345949458997012
14770,0.09345949458997012
14771,0.09345949458997012
14772,0.09345949458997012
14773,0.09345949458997012
14774,0.09345949458997012
14775,0.09345949458997012
14776,0.09345949458997012
14777,0.09345949458997012
14778,0.09345949458997012
14779,0.09345949458997012
14780,0.09345949458997012
14781,0.09345949458997012
14782,0.09345949458997012
14783,0.09345949458997012
14784,0.09345949458997012
14785,0.09345949458997012
14786,0.09345949458997012
14787,0.09345949458997012
14788,0.09345949458997012
14789,0.09345949458997012
14790,0.09345949458997012
14791,0.09345949458997012
14792,0.09345949458997012
14793,0.09345949458997012
14794,0.09345949458997012
14795,0.09345949458997012
14796,0.09345949458997012
14797,0.09345949458997012
14798,0.09345949458997012
14799,0.09345949458997012
14800,0.09345949458997012
14801,0.09345949458997012
14802,0.09345949458997012
14803,0.09345949458997012
14804,0.09345949458997012
14805,0.09345949458997012
14806,0.09345949458997012
14807,0.09345949458997012
14808,0.09345949458997012
14809,0.09345949458997012
14810,0.09345949458997012
14811,0.09345949458997012
14812,0.09345949458997012
14813,0.09345949458997012
14814,0.09345949458997012
14815,0.09345949458997012
14816,0.09345949458997012
14817,0.09345949458997012
14818,0.09345949458997012
14819,0.09345949458997012
14820,0.09345949458997012
14821,0.09345949458997012
14822,0.09345949458997012
14823,0.09345949458997012
14824,0.09345949458997012
14825,0.09345949458997012
14826,0.09345949458997012
14827,0.09345949458997012
14828,0.09345949458997012
14829,0.09345949458997012
14830,0.09345949458997012
14831,0.09345949458997012
14832,0.09345949458997012
14833,0.09345949458997012
14834,0.09345949458997012
14835,0.09345949458997012
14836,0.09345949458997012
14837,0.09345949458997012
14838,0.09345949458997012
14839,0.09345949458997012
14840,0.09345949458997012
14841,0.09345949458997012
14842,0.09345949458997012
14843,0.09345949458997012
14844,0.09345949458997012
14845,0.09345949458997012
14846,0.09345949458997012
14847,0.09345949458997012
14848,0.09345949458997012
14849,0.09345949458997012
14850,0.09345949458997012
14851,0.09345949458997012
14852,0.09345949458997012
14853,0.09345949458997012
14854,0.09345949458997012
14855,0.09345949458997012
14856,0.09345949458997012
14857,0.09345949458997012
14858,0.09345949458997012
14859,0.09345949458997012
14860,0.09345949458997012
14861,0.09345949458997012
14862,0.09345949458997012
14863,0.09345949458997012
14864,0.09345949458997012
14865,0.09345949458997012
14866,0.09345949458997012
14867,0.09345949458997012
14868,0.09345949458997012
14869,0.09345949458997012
14870,0.09345949458997012
14871,0.09345949458997012
14872,0.09345949458997012
14873,0.09345949458997012
14874,0.09345949458997012
14875,0.09345949458997012
14876,0.09345949458997012
14877,0.09345949458997012
14878,0.09345949458997012
14879,0.09345949458997012
14880,0.09345949458997012
14881,0.09345949458997012
14882,0.09345949458997012
14883,0.09345949458997012
14884,0.09345949458997012
14885,0.09345949458997012
14886,0.09345949458997012
14887,0.09345949458997012
14888,0.09345949458997012
14889,0.09345949458997012
14890,0.09345949458997012
14891,0.09345949458997012
14892,0.09345949458997012
14893,0.09345949458997012
14894,0.09345949458997012
14895,0.09345949458997012
14896,0.09345949458997012
14897,0.09345949458997012
14898,0.09345949458997012
14899,0.09345949458997012
14900,0.09345949458997012
14901,0.09345949458997012
14902,0.09345949458997012
14903,0.09345949458997012
14904,0.09345949458997012
14905,0.09345949458997012
14906,0.09345949458997012
14907,0.09345949458997012
14908,0.09345949458997012
14909,0.09345949458997012
14910,0.09345949458997012
14911,0.09345949458997012
14912,0.09345949458997012
14913,0.09345949458997012
14914,0.09345949458997012
14915,0.09345949458997012
14916,0.09345949458997012
14917,0.09345949458997012
14918,0.09345949458997012
14919,0.09345949458997012
14920,0.09345949458997012
14921,0.09345949458997012
14922,0.09345949458997012
14923,0.09345949458997012
14924,0.09345949458997012
14925,0.09345949458997012
14926,0.09345949458997012
14927,0.09345949458997012
14928,0.09345949458997012
14929,0.09345949458997012
14930,0.09345949458997012
14931,0.09345949458997012
14932,0.09345949458997012
14933,0.09345949458997012
14934,0.09345949458997012
14935,0.09345949458997012
14936,0.09345949458997012
14937,0.09345949458997012
14938,0.09345949458997012
14939,0.09345949458997012
14940,0.09345949458997012
14941,0.09345949458997012
14942,0.09345949458997012
14943,0.09345949458997012
14944,0.09345949458997012
14945,0.09345949458997012
14946,0.09345949458997012
14947,0.09345949458997012
14948,0.09345949458997012
14949,0.09345949458997012
14950,0.09345949458997012
14951,0.09345949458997012
14952,0.09345949458997012
14953,0.09345949458997012
14954,0.09345949458997012
14955,0.09345949458997012
14956,0.09345949458997012
14957,0.09345949458997012
14958,0.09345949458997012
14959,0.09345949458997012
14960,0.09345949458997012
14961,0.09345949458997012
14962,0.09345949458997012
14963,0.09345949458997012
14964,0.09345949458997012
14965,0.09345949458997012
14966,0.09345949458997012
14967,0.09345949458997012
14968,0.09345949458997012
14969,0.09345949458997012
14970,0.09345949458997012
14971,0.09345949458997012
14972,0.09345949458997012
14973,0.09345949458997012
14974,0.09345949458997012
14975,0.09345949458997012
14976,0.09345949458997012
14977,0.09345949458997012
14978,0.09345949458997012
14979,0.09345949458997012
14980,0.09345949458997012
14981,0.09345949458997012
14982,0.09345949458997012
14983,0.09345949458997012
14984,0.09345949458997012
14985,0.09345949458997012
14986,0.09345949458997012
14987,0.09345949458997012
14988,0.09345949458997012
14989,0.09345949458997012
14990,0.09345949458997012
14991,0.09345949458997012
14992,0.09345949458997012
14993,0.09345949458997012
14994,0.09345949458997012
14995,0.09345949458997012
14996,0.09345949458997012
14997,0.09345949458997012
14998,0.09345949458997012
14999,0.09345949458997012
15000,0.09345949458997012
15001,0.09345949458997012
15002,0.09345949458997012
15003,0.09345949458997012
15004,0.09345949458997012
15005,0.09345949458997012
15006,0.09345949458997012
15007,0.09345949458997012
15008,0.09345949458997012
15009,0.09345949458997012
15010,0.09345949458997012
15011,0.09345949458997012
15012,0.09345949458997012
15013,0.09345949458997012
15014,0.09345949458997012
15015,0.09345949458997012
15016,0.09345949458997012
15017,0.09345949458997012
15018,0.09345949458997012
15019,0.09345949458997012
15020,0.09345949458997012
15021,0.09345949458997012
15022,0.09345949458997012
15023,0.09345949458997012
15024,0.09345949458997012
15025,0.09345949458997012
15026,0.09345949458997012
15027,0.09345949458997012
15028,0.09345949458997012
15029,0.09345949458997012
15030,0.09345949458997012
15031,0.09345949458997012
15032,0.09345949458997012
15033,0.09345949458997012
15034,0.09345949458997012
15035,0.09345949458997012
15036,0.09345949458997012
15037,0.09345949458997012
15038,0.09345949458997012
15039,0.09345949458997012
15040,0.09345949458997012
15041,0.09345949458997012
15042,0.09345949458997012
15043,0.09345949458997012
15044,0.09345949458997012
15045,0.09345949458997012
15046,0.09345949458997012
15047,0.09345949458997012
15048,0.09345949458997012
15049,0.09345949458997012
15050,0.09345949458997012
15051,0.09345949458997012
15052,0.09345949458997012
15053,0.09345949458997012
15054,0.09345949458997012
15055,0.09345949458997012
15056,0.09345949458997012
15057,0.09345949458997012
15058,0.09345949458997012
15059,0.09345949458997012
15060,0.09345949458997012
15061,0.09345949458997012
15062,0.09345949458997012
15063,0.09345949458997012
15064,0.09345949458997012
15065,0.09345949458997012
15066,0.09345949458997012
15067,0.09345949458997012
15068,0.09345949458997012
15069,0.09345949458997012
15070,0.09345949458997012
15071,0.09345949458997012
15072,0.09345949458997012
15073,0.09345949458997012
15074,0.09345949458997012
15075,0.09345949458997012
15076,0.09345949458997012
15077,0.09345949458997012
15078,0.09345949458997012
15079,0.09345949458997012
15080,0.09345949458997012
15081,0.09345949458997012
15082,0.09345949458997012
15083,0.09345949458997012
15084,0.09345949458997012
15085,0.09345949458997012
15086,0.09345949458997012
15087,0.09345949458997012
15088,0.09345949458997012
15089,0.09345949458997012
15090,0.09345949458997012
15091,0.09345949458997012
15092,0.09345949458997012
15093,0.09345949458997012
15094,0.09345949458997012
15095,0.09345949458997012
15096,0.09345949458997012
15097,0.09345949458997012
15098,0.09345949458997012
15099,0.09345949458997012
15100,0.09345949458997012
15101,0.09345949458997012
15102,0.09345949458997012
15103,0.09345949458997012
15104,0.09345949458997012
15105,0.09345949458997012
15106,0.09345949458997012
15107,0.09345949458997012
15108,0.09345949458997012
15109,0.09345949458997012
15110,0.09345949458997012
15111,0.09345949458997012
15112,0.09345949458997012
15113,0.09345949458997012
15114,0.09345949458997012
15115,0.09345949458997012
15116,0.09345949458997012
15117,0.09345949458997012
15118,0.09345949458997012
15119,0.09345949458997012
15120,0.09345949458997012
15121,0.09345949458997012
15122,0.09345949458997012
15123,0.09345949458997012
15124,0.09345949458997012
15125,0.09345949458997012
15126,0.09345949458997012
15127,0.09345949458997012
15128,0.09345949458997012
15129,0.09345949458997012
15130,0.09345949458997012
15131,0.09345949458997012
15132,0.09345949458997012
15133,0.09345949458997012
15134,0.09345949458997012
15135,0.09345949458997012
15136,0.09345949458997012
15137,0.09345949458997012
15138,0.09345949458997012
15139,0.09345949458997012
15140,0.09345949458997012
15141,0.09345949458997012
15142,0.09345949458997012
15143,0.09345949458997012
15144,0.09345949458997012
15145,0.09345949458997012
15146,0.09345949458997012
15147,0.09345949458997012
15148,0.09345949458997012
15149,0.09345949458997012
15150,0.09345949458997012
15151,0.09345949458997012
15152,0.09345949458997012
15153,0.09345949458997012
15154,0.09345949458997012
15155,0.09345949458997012
15156,0.09345949458997012
15157,0.09345949458997012
15158,0.09345949458997012
15159,0.09345949458997012
15160,0.09345949458997012
15161,0.09345949458997012
15162,0.09345949458997012
15163,0.09345949458997012
15164,0.09345949458997012
15165,0.09345949458997012
15166,0.09345949458997012
15167,0.09345949458997012
15168,0.09345949458997012
15169,0.09345949458997012
15170,0.09345949458997012
15171,0.09345949458997012
15172,0.09345949458997012
15173,0.09345949458997012
15174,0.09345949458997012
15175,0.09345949458997012
15176,0.09345949458997012
15177,0.09345949458997012
15178,0.09345949458997012
15179,0.09345949458997012
15180,0.09345949458997012
15181,0.09345949458997012
15182,0.09345949458997012
15183,0.09345949458997012
15184,0.09345949458997012
15185,0.09345949458997012
15186,0.09345949458997012
15187,0.09345949458997012
15188,0.09345949458997012
15189,0.09345949458997012
15190,0.09345949458997012
15191,0.09345949458997012
15192,0.09345949458997012
15193,0.09345949458997012
15194,0.09345949458997012
15195,0.09345949458997012
15196,0.09345949458997012
15197,0.09345949458997012
15198,0.09345949458997012
15199,0.09345949458997012
15200,0.09345949458997012
15201,0.09345949458997012
15202,0.09345949458997012
15203,0.09345949458997012
15204,0.09345949458997012
15205,0.09345949458997012
15206,0.09345949458997012
15207,0.09345949458997012
15208,0.09345949458997012
15209,0.09345949458997012
15210,0.09345949458997012
15211,0.09345949458997012
15212,0.09345949458997012
15213,0.09345949458997012
15214,0.09345949458997012
15215,0.09345949458997012
15216,0.09345949458997012
15217,0.09345949458997012
15218,0.09345949458997012
15219,0.09345949458997012
15220,0.09345949458997012
15221,0.09345949458997012
15222,0.09345949458997012
15223,0.09345949458997012
15224,0.09345949458997012
15225,0.09345949458997012
15226,0.09345949458997012
15227,0.09345949458997012
15228,0.09345949458997012
15229,0.09345949458997012
15230,0.09345949458997012
15231,0.09345949458997012
15232,0.09345949458997012
15233,0.09345949458997012
15234,0.09345949458997012
15235,0.09345949458997012
15236,0.09345949458997012
15237,0.09345949458997012
15238,0.09345949458997012
15239,0.09345949458997012
15240,0.09345949458997012
15241,0.09345949458997012
15242,0.09345949458997012
15243,0.09345949458997012
15244,0.09345949458997012
15245,0.09345949458997012
15246,0.09345949458997012
15247,0.09345949458997012
15248,0.09345949458997012
15249,0.09345949458997012
15250,0.09345949458997012
15251,0.09345949458997012
15252,0.09345949458997012
15253,0.09345949458997012
15254,0.09345949458997012
15255,0.09345949458997012
15256,0.09345949458997012
15257,0.09345949458997012
15258,0.09345949458997012
15259,0.09345949458997012
15260,0.09345949458997012
15261,0.09345949458997012
15262,0.09345949458997012
15263,0.09345949458997012
15264,0.09345949458997012
15265,0.09345949458997012
15266,0.09345949458997012
15267,0.09345949458997012
15268,0.09345949458997012
15269,0.09345949458997012
15270,0.09345949458997012
15271,0.09345949458997012
15272,0.09345949458997012
15273,0.09345949458997012
15274,0.09345949458997012
15275,0.09345949458997012
15276,0.09345949458997012
15277,0.09345949458997012
15278,0.09345949458997012
15279,0.09345949458997012
15280,0.09345949458997012
15281,0.09345949458997012
15282,0.09345949458997012
15283,0.09345949458997012
15284,0.09345949458997012
15285,0.09345949458997012
15286,0.09345949458997012
15287,0.09345949458997012
15288,0.09345949458997012
15289,0.09345949458997012
15290,0.09345949458997012
15291,0.09345949458997012
15292,0.09345949458997012
15293,0.09345949458997012
15294,0.09345949458997012
15295,0.09345949458997012
15296,0.09345949458997012
15297,0.09345949458997012
15298,0.09345949458997012
15299,0.09345949458997012
15300,0.09345949458997012
15301,0.09345949458997012
15302,0.09345949458997012
15303,0.09345949458997012
15304,0.09345949458997012
15305,0.09345949458997012
15306,0.09345949458997012
15307,0.09345949458997012
15308,0.09345949458997012
15309,0.09345949458997012
15310,0.09345949458997012
15311,0.09345949458997012
15312,0.09345949458997012
15313,0.09345949458997012
15314,0.09345949458997012
15315,0.09345949458997012
15316,0.09345949458997012
15317,0.09345949458997012
15318,0.09345949458997012
15319,0.09345949458997012
15320,0.09345949458997012
15321,0.09345949458997012
15322,0.09345949458997012
15323,0.09345949458997012
15324,0.09345949458997012
15325,0.09345949458997012
15326,0.09345949458997012
15327,0.09345949458997012
15328,0.09345949458997012
15329,0.09345949458997012
15330,0.09345949458997012
15331,0.09345949458997012
15332,0.09345949458997012
15333,0.09345949458997012
15334,0.09345949458997012
15335,0.09345949458997012
15336,0.09345949458997012
15337,0.09345949458997012
15338,0.09345949458997012
15339,0.09345949458997012
15340,0.09345949458997012
15341,0.09345949458997012
15342,0.09345949458997012
15343,0.09345949458997012
15344,0.09345949458997012
15345,0.09345949458997012
15346,0.09345949458997012
15347,0.09345949458997012
15348,0.09345949458997012
15349,0.09345949458997012
15350,0.09345949458997012
15351,0.09345949458997012
15352,0.09345949458997012
15353,0.09345949458997012
15354,0.09345949458997012
15355,0.09345949458997012
15356,0.09345949458997012
15357,0.09345949458997012
15358,0.09345949458997012
15359,0.09345949458997012
15360,0.09345949458997012
15361,0.09345949458997012
15362,0.09345949458997012
15363,0.09345949458997012
15364,0.09345949458997012
15365,0.09345949458997012
15366,0.09345949458997012
15367,0.09345949458997012
15368,0.09345949458997012
15369,0.09345949458997012
15370,0.09345949458997012
15371,0.09345949458997012
15372,0.09345949458997012
15373,0.09345949458997012
15374,0.09345949458997012
15375,0.09345949458997012
15376,0.09345949458997012
15377,0.09345949458997012
15378,0.09345949458997012
15379,0.09345949458997012
15380,0.09345949458997012
15381,0.09345949458997012
15382,0.09345949458997012
15383,0.09345949458997012
15384,0.09345949458997012
15385,0.09345949458997012
15386,0.09345949458997012
15387,0.09345949458997012
15388,0.09345949458997012
15389,0.09345949458997012
15390,0.09345949458997012
15391,0.09345949458997012
15392,0.09345949458997012
15393,0.09345949458997012
15394,0.09345949458997012
15395,0.09345949458997012
15396,0.09345949458997012
15397,0.09345949458997012
15398,0.09345949458997012
15399,0.09345949458997012
15400,0.09345949458997012
15401,0.09345949458997012
15402,0.09345949458997012
15403,0.09345949458997012
15404,0.09345949458997012
15405,0.09345949458997012
15406,0.09345949458997012
15407,0.09345949458997012
15408,0.09345949458997012
15409,0.09345949458997012
15410,0.09345949458997012
15411,0.09345949458997012
15412,0.09345949458997012
15413,0.09345949458997012
15414,0.09345949458997012
15415,0.09345949458997012
15416,0.09345949458997012
15417,0.09345949458997012
15418,0.09345949458997012
15419,0.09345949458997012
15420,0.09345949458997012
15421,0.09345949458997012
15422,0.09345949458997012
15423,0.09345949458997012
15424,0.09345949458997012
15425,0.09345949458997012
15426,0.09345949458997012
15427,0.09345949458997012
15428,0.09345949458997012
15429,0.09345949458997012
15430,0.09345949458997012
15431,0.09345949458997012
15432,0.09345949458997012
15433,0.09345949458997012
15434,0.09345949458997012
15435,0.09345949458997012
15436,0.09345949458997012
15437,0.09345949458997012
15438,0.09345949458997012
15439,0.09345949458997012
15440,0.09345949458997012
15441,0.09345949458997012
15442,0.09345949458997012
15443,0.09345949458997012
15444,0.09345949458997012
15445,0.09345949458997012
15446,0.09345949458997012
15447,0.09345949458997012
15448,0.09345949458997012
15449,0.09345949458997012
15450,0.09345949458997012
15451,0.09345949458997012
15452,0.09345949458997012
15453,0.09345949458997012
15454,0.09345949458997012
15455,0.09345949458997012
15456,0.09345949458997012
15457,0.09345949458997012
15458,0.09345949458997012
15459,0.09345949458997012
15460,0.09345949458997012
15461,0.09345949458997012
15462,0.09345949458997012
15463,0.09345949458997012
15464,0.09345949458997012
15465,0.09345949458997012
15466,0.09345949458997012
15467,0.09345949458997012
15468,0.09345949458997012
15469,0.09345949458997012
15470,0.09345949458997012
15471,0.09345949458997012
15472,0.09345949458997012
15473,0.09345949458997012
15474,0.09345949458997012
15475,0.09345949458997012
15476,0.09345949458997012
15477,0.09345949458997012
15478,0.09345949458997012
15479,0.09345949458997012
15480,0.09345949458997012
15481,0.09345949458997012
15482,0.09345949458997012
15483,0.09345949458997012
15484,0.09345949458997012
15485,0.09345949458997012
15486,0.09345949458997012
15487,0.09345949458997012
15488,0.09345949458997012
15489,0.09345949458997012
15490,0.09345949458997012
15491,0.09345949458997012
15492,0.09345949458997012
15493,0.09345949458997012
15494,0.09345949458997012
15495,0.09345949458997012
15496,0.09345949458997012
15497,0.09345949458997012
15498,0.09345949458997012
15499,0.09345949458997012
15500,0.09345949458997012
15501,0.09345949458997012
15502,0.09345949458997012
15503,0.09345949458997012
15504,0.09345949458997012
15505,0.09345949458997012
15506,0.09345949458997012
15507,0.09345949458997012
15508,0.09345949458997012
15509,0.09345949458997012
15510,0.09345949458997012
15511,0.09345949458997012
15512,0.09345949458997012
15513,0.09345949458997012
15514,0.09345949458997012
15515,0.09345949458997012
15516,0.09345949458997012
15517,0.09345949458997012
15518,0.09345949458997012
15519,0.09345949458997012
15520,0.09345949458997012
15521,0.09345949458997012
15522,0.09345949458997012
15523,0.09345949458997012
15524,0.09345949458997012
15525,0.09345949458997012
15526,0.09345949458997012
15527,0.09345949458997012
15528,0.09345949458997012
15529,0.09345949458997012
15530,0.09345949458997012
15531,0.09345949458997012
15532,0.09345949458997012
15533,0.09345949458997012
15534,0.09345949458997012
15535,0.09345949458997012
15536,0.09345949458997012
15537,0.09345949458997012
15538,0.09345949458997012
15539,0.09345949458997012
15540,0.09345949458997012
15541,0.09345949458997012
15542,0.09345949458997012
15543,0.09345949458997012
15544,0.09345949458997012
15545,0.09345949458997012
15546,0.09345949458997012
15547,0.09345949458997012
15548,0.09345949458997012
15549,0.09345949458997012
15550,0.09345949458997012
15551,0.09345949458997012
15552,0.09345949458997012
15553,0.09345949458997012
15554,0.09345949458997012
15555,0.09345949458997012
15556,0.09345949458997012
15557,0.09345949458997012
15558,0.09345949458997012
15559,0.09345949458997012
15560,0.09345949458997012
15561,0.09345949458997012
15562,0.09345949458997012
15563,0.09345949458997012
15564,0.09345949458997012
15565,0.09345949458997012
15566,0.09345949458997012
15567,0.09345949458997012
15568,0.09345949458997012
15569,0.09345949458997012
15570,0.09345949458997012
15571,0.09345949458997012
15572,0.09345949458997012
15573,0.09345949458997012
15574,0.09345949458997012
15575,0.09345949458997012
15576,0.09345949458997012
15577,0.09345949458997012
15578,0.09345949458997012
15579,0.09345949458997012
15580,0.09345949458997012
15581,0.09345949458997012
15582,0.09345949458997012
15583,0.09345949458997012
15584,0.09345949458997012
15585,0.09345949458997012
15586,0.09345949458997012
15587,0.09345949458997012
15588,0.09345949458997012
15589,0.09345949458997012
15590,0.09345949458997012
15591,0.09345949458997012
15592,0.09345949458997012
15593,0.09345949458997012
15594,0.09345949458997012
15595,0.09345949458997012
15596,0.09345949458997012
15597,0.09345949458997012
15598,0.09345949458997012
15599,0.09345949458997012
15600,0.09345949458997012
15601,0.09345949458997012
15602,0.09345949458997012
15603,0.09345949458997012
15604,0.09345949458997012
15605,0.09345949458997012
15606,0.09345949458997012
15607,0.09345949458997012
15608,0.09345949458997012
15609,0.09345949458997012
15610,0.09345949458997012
15611,0.09345949458997012
15612,0.09345949458997012
15613,0.09345949458997012
15614,0.09345949458997012
15615,0.09345949458997012
15616,0.09345949458997012
15617,0.09345949458997012
15618,0.09345949458997012
15619,0.09345949458997012
15620,0.09345949458997012
15621,0.09345949458997012
15622,0.09345949458997012
15623,0.09345949458997012
15624,0.09345949458997012
15625,0.09345949458997012
15626,0.09345949458997012
15627,0.09345949458997012
15628,0.09345949458997012
15629,0.09345949458997012
15630,0.09345949458997012
15631,0.09345949458997012
15632,0.09345949458997012
15633,0.09345949458997012
15634,0.09345949458997012
15635,0.09345949458997012
15636,0.09345949458997012
15637,0.09345949458997012
15638,0.09345949458997012
15639,0.09345949458997012
15640,0.09345949458997012
15641,0.09345949458997012
15642,0.09345949458997012
15643,0.09345949458997012
15644,0.09345949458997012
15645,0.09345949458997012
15646,0.09345949458997012
15647,0.09345949458997012
15648,0.09345949458997012
15649,0.09345949458997012
15650,0.09345949458997012
15651,0.09345949458997012
15652,0.09345949458997012
15653,0.09345949458997012
15654,0.09345949458997012
15655,0.09345949458997012
15656,0.09345949458997012
15657,0.09345949458997012
15658,0.09345949458997012
15659,0.09345949458997012
15660,0.09345949458997012
15661,0.09345949458997012
15662,0.09345949458997012
15663,0.09345949458997012
15664,0.09345949458997012
15665,0.09345949458997012
15666,0.09345949458997012
15667,0.09345949458997012
15668,0.09345949458997012
15669,0.09345949458997012
15670,0.09345949458997012
15671,0.09345949458997012
15672,0.09345949458997012
15673,0.09345949458997012
15674,0.09345949458997012
15675,0.09345949458997012
15676,0.09345949458997012
15677,0.09345949458997012
15678,0.09345949458997012
15679,0.09345949458997012
15680,0.09345949458997012
15681,0.09345949458997012
15682,0.09345949458997012
15683,0.09345949458997012
15684,0.09345949458997012
15685,0.09345949458997012
15686,0.09345949458997012
15687,0.09345949458997012
15688,0.09345949458997012
15689,0.09345949458997012
15690,0.09345949458997012
15691,0.09345949458997012
15692,0.09345949458997012
15693,0.09345949458997012
15694,0.09345949458997012
15695,0.09345949458997012
15696,0.09345949458997012
15697,0.09345949458997012
15698,0.09345949458997012
15699,0.09345949458997012
15700,0.09345949458997012
15701,0.09345949458997012
15702,0.09345949458997012
15703,0.09345949458997012
15704,0.09345949458997012
15705,0.09345949458997012
15706,0.09345949458997012
15707,0.09345949458997012
15708,0.09345949458997012
15709,0.09345949458997012
15710,0.09345949458997012
15711,0.09345949458997012
15712,0.09345949458997012
15713,0.09345949458997012
15714,0.09345949458997012
15715,0.09345949458997012
15716,0.09345949458997012
15717,0.09345949458997012
15718,0.09345949458997012
15719,0.09345949458997012
15720,0.09345949458997012
15721,0.09345949458997012
15722,0.09345949458997012
15723,0.09345949458997012
15724,0.09345949458997012
15725,0.09345949458997012
15726,0.09345949458997012
15727,0.09345949458997012
15728,0.09345949458997012
15729,0.09345949458997012
15730,0.09345949458997012
15731,0.09345949458997012
15732,0.09345949458997012
15733,0.09345949458997012
15734,0.09345949458997012
15735,0.09345949458997012
15736,0.09345949458997012
15737,0.09345949458997012
15738,0.09345949458997012
15739,0.09345949458997012
15740,0.09345949458997012
15741,0.09345949458997012
15742,0.09345949458997012
15743,0.09345949458997012
15744,0.09345949458997012
15745,0.09345949458997012
15746,0.09345949458997012
15747,0.09345949458997012
15748,0.09345949458997012
15749,0.09345949458997012
15750,0.09345949458997012
15751,0.09345949458997012
15752,0.09345949458997012
15753,0.09345949458997012
15754,0.09345949458997012
15755,0.09345949458997012
15756,0.09345949458997012
15757,0.09345949458997012
15758,0.09345949458997012
15759,0.09345949458997012
15760,0.09345949458997012
15761,0.09345949458997012
15762,0.09345949458997012
15763,0.09345949458997012
15764,0.09345949458997012
15765,0.09345949458997012
15766,0.09345949458997012
15767,0.09345949458997012
15768,0.09345949458997012
15769,0.09345949458997012
15770,0.09345949458997012
15771,0.09345949458997012
15772,0.09345949458997012
15773,0.09345949458997012
15774,0.09345949458997012
15775,0.09345949458997012
15776,0.09345949458997012
15777,0.09345949458997012
15778,0.09345949458997012
15779,0.09345949458997012
15780,0.09345949458997012
15781,0.09345949458997012
15782,0.09345949458997012
15783,0.09345949458997012
15784,0.09345949458997012
15785,0.09345949458997012
15786,0.09345949458997012
15787,0.09345949458997012
15788,0.09345949458997012
15789,0.09345949458997012
15790,0.09345949458997012
15791,0.09345949458997012
15792,0.09345949458997012
15793,0.09345949458997012
15794,0.09345949458997012
15795,0.09345949458997012
15796,0.09345949458997012
15797,0.09345949458997012
15798,0.09345949458997012
15799,0.09345949458997012
15800,0.09345949458997012
15801,0.09345949458997012
15802,0.09345949458997012
15803,0.09345949458997012
15804,0.09345949458997012
15805,0.09345949458997012
15806,0.09345949458997012
15807,0.09345949458997012
15808,0.09345949458997012
15809,0.09345949458997012
15810,0.09345949458997012
15811,0.09345949458997012
15812,0.09345949458997012
15813,0.09345949458997012
15814,0.09345949458997012
15815,0.09345949458997012
15816,0.09345949458997012
15817,0.09345949458997012
15818,0.09345949458997012
15819,0.09345949458997012
15820,0.09345949458997012
15821,0.09345949458997012
15822,0.09345949458997012
15823,0.09345949458997012
15824,0.09345949458997012
15825,0.09345949458997012
15826,0.09345949458997012
15827,0.09345949458997012
15828,0.09345949458997012
15829,0.09345949458997012
15830,0.09345949458997012
15831,0.09345949458997012
15832,0.09345949458997012
15833,0.09345949458997012
15834,0.09345949458997012
15835,0.09345949458997012
15836,0.09345949458997012
15837,0.09345949458997012
15838,0.09345949458997012
15839,0.09345949458997012
15840,0.09345949458997012
15841,0.09345949458997012
15842,0.09345949458997012
15843,0.09345949458997012
15844,0.09345949458997012
15845,0.09345949458997012
15846,0.09345949458997012
15847,0.09345949458997012
15848,0.09345949458997012
15849,0.09345949458997012
15850,0.09345949458997012
15851,0.09345949458997012
15852,0.09345949458997012
15853,0.09345949458997012
15854,0.09345949458997012
15855,0.09345949458997012
15856,0.09345949458997012
15857,0.09345949458997012
15858,0.09345949458997012
15859,0.09345949458997012
15860,0.09345949458997012
15861,0.09345949458997012
15862,0.09345949458997012
15863,0.09345949458997012
15864,0.09345949458997012
15865,0.09345949458997012
15866,0.09345949458997012
15867,0.09345949458997012
15868,0.09345949458997012
15869,0.09345949458997012
15870,0.09345949458997012
15871,0.09345949458997012
15872,0.09345949458997012
15873,0.09345949458997012
15874,0.09345949458997012
15875,0.09345949458997012
15876,0.09345949458997012
15877,0.09345949458997012
15878,0.09345949458997012
15879,0.09345949458997012
15880,0.09345949458997012
15881,0.09345949458997012
15882,0.09345949458997012
15883,0.09345949458997012
15884,0.09345949458997012
15885,0.09345949458997012
15886,0.09345949458997012
15887,0.09345949458997012
15888,0.09345949458997012
15889,0.09345949458997012
15890,0.09345949458997012
15891,0.09345949458997012
15892,0.09345949458997012
15893,0.09345949458997012
15894,0.09345949458997012
15895,0.09345949458997012
15896,0.09345949458997012
15897,0.09345949458997012
15898,0.09345949458997012
15899,0.09345949458997012
15900,0.09345949458997012
15901,0.09345949458997012
15902,0.09345949458997012
15903,0.09345949458997012
15904,0.09345949458997012
15905,0.09345949458997012
15906,0.09345949458997012
15907,0.09345949458997012
15908,0.09345949458997012
15909,0.09345949458997012
15910,0.09345949458997012
15911,0.09345949458997012
15912,0.09345949458997012
15913,0.09345949458997012
15914,0.09345949458997012
15915,0.09345949458997012
15916,0.09345949458997012
15917,0.09345949458997012
15918,0.09345949458997012
15919,0.09345949458997012
15920,0.09345949458997012
15921,0.09345949458997012
15922,0.09345949458997012
15923,0.09345949458997012
15924,0.09345949458997012
15925,0.09345949458997012
15926,0.09345949458997012
15927,0.09345949458997012
15928,0.09345949458997012
15929,0.09345949458997012
15930,0.09345949458997012
15931,0.09345949458997012
15932,0.09345949458997012
15933,0.09345949458997012
15934,0.09345949458997012
15935,0.09345949458997012
15936,0.09345949458997012
15937,0.09345949458997012
15938,0.09345949458997012
15939,0.09345949458997012
15940,0.09345949458997012
15941,0.09345949458997012
15942,0.09345949458997012
15943,0.09345949458997012
15944,0.09345949458997012
15945,0.09345949458997012
15946,0.09345949458997012
15947,0.09345949458997012
15948,0.09345949458997012
15949,0.09345949458997012
15950,0.09345949458997012
15951,0.09345949458997012
15952,0.09345949458997012
15953,0.09345949458997012
15954,0.09345949458997012
15955,0.09345949458997012
15956,0.09345949458997012
15957,0.09345949458997012
15958,0.09345949458997012
15959,0.09345949458997012
15960,0.09345949458997012
15961,0.09345949458997012
15962,0.09345949458997012
15963,0.09345949458997012
15964,0.09345949458997012
15965,0.09345949458997012
15966,0.09345949458997012
15967,0.09345949458997012
15968,0.09345949458997012
15969,0.09345949458997012
15970,0.09345949458997012
15971,0.09345949458997012
15972,0.09345949458997012
15973,0.09345949458997012
15974,0.09345949458997012
15975,0.09345949458997012
15976,0.09345949458997012
15977,0.09345949458997012
15978,0.09345949458997012
15979,0.09345949458997012
15980,0.09345949458997012
15981,0.09345949458997012
15982,0.09345949458997012
15983,0.09345949458997012
15984,0.09345949458997012
15985,0.09345949458997012
15986,0.09345949458997012
15987,0.09345949458997012
15988,0.09345949458997012
15989,0.09345949458997012
15990,0.09345949458997012
15991,0.09345949458997012
15992,0.09345949458997012
15993,0.09345949458997012
15994,0.09345949458997012
15995,0.09345949458997012
15996,0.09345949458997012
15997,0.09345949458997012
15998,0.09345949458997012
15999,0.09345949458997012
16000,0.09345949458997012
16001,0.09345949458997012
16002,0.09345949458997012
16003,0.09345949458997012
16004,0.09345949458997012
16005,0.09345949458997012
16006,0.09345949458997012
16007,0.09345949458997012
16008,0.09345949458997012
16009,0.09345949458997012
16010,0.09345949458997012
16011,0.09345949458997012
16012,0.09345949458997012
16013,0.09345949458997012
16014,0.09345949458997012
16015,0.09345949458997012
16016,0.09345949458997012
16017,0.09345949458997012
16018,0.09345949458997012
16019,0.09345949458997012
16020,0.09345949458997012
16021,0.09345949458997012
16022,0.09345949458997012
16023,0.09345949458997012
16024,0.09345949458997012
16025,0.09345949458997012
16026,0.09345949458997012
16027,0.09345949458997012
16028,0.09345949458997012
16029,0.09345949458997012
16030,0.09345949458997012
16031,0.09345949458997012
16032,0.09345949458997012
16033,0.09345949458997012
16034,0.09345949458997012
16035,0.09345949458997012
16036,0.09345949458997012
16037,0.09345949458997012
16038,0.09345949458997012
16039,0.09345949458997012
16040,0.09345949458997012
16041,0.09345949458997012
16042,0.09345949458997012
16043,0.09345949458997012
16044,0.09345949458997012
16045,0.09345949458997012
16046,0.09345949458997012
16047,0.09345949458997012
16048,0.09345949458997012
16049,0.09345949458997012
16050,0.09345949458997012
16051,0.09345949458997012
16052,0.09345949458997012
16053,0.09345949458997012
16054,0.09345949458997012
16055,0.09345949458997012
16056,0.09345949458997012
16057,0.09345949458997012
16058,0.09345949458997012
16059,0.09345949458997012
16060,0.09345949458997012
16061,0.09345949458997012
16062,0.09345949458997012
16063,0.09345949458997012
16064,0.09345949458997012
16065,0.09345949458997012
16066,0.09345949458997012
16067,0.09345949458997012
16068,0.09345949458997012
16069,0.09345949458997012
16070,0.09345949458997012
16071,0.09345949458997012
16072,0.09345949458997012
16073,0.09345949458997012
16074,0.09345949458997012
16075,0.09345949458997012
16076,0.09345949458997012
16077,0.09345949458997012
16078,0.09345949458997012
16079,0.09345949458997012
16080,0.09345949458997012
16081,0.09345949458997012
16082,0.09345949458997012
16083,0.09345949458997012
16084,0.09345949458997012
16085,0.09345949458997012
16086,0.09345949458997012
16087,0.09345949458997012
16088,0.09345949458997012
16089,0.09345949458997012
16090,0.09345949458997012
16091,0.09345949458997012
16092,0.09345949458997012
16093,0.09345949458997012
16094,0.09345949458997012
16095,0.09345949458997012
16096,0.09345949458997012
16097,0.09345949458997012
16098,0.09345949458997012
16099,0.09345949458997012
16100,0.09345949458997012
16101,0.09345949458997012
16102,0.09345949458997012
16103,0.09345949458997012
16104,0.09345949458997012
16105,0.09345949458997012
16106,0.09345949458997012
16107,0.09345949458997012
16108,0.09345949458997012
16109,0.09345949458997012
16110,0.09345949458997012
16111,0.09345949458997012
16112,0.09345949458997012
16113,0.09345949458997012
16114,0.09345949458997012
16115,0.09345949458997012
16116,0.09345949458997012
16117,0.09345949458997012
16118,0.09345949458997012
16119,0.09345949458997012
16120,0.09345949458997012
16121,0.09345949458997012
16122,0.09345949458997012
16123,0.09345949458997012
16124,0.09345949458997012
16125,0.09345949458997012
16126,0.09345949458997012
16127,0.09345949458997012
16128,0.09345949458997012
16129,0.09345949458997012
16130,0.09345949458997012
16131,0.09345949458997012
16132,0.09345949458997012
16133,0.09345949458997012
16134,0.09345949458997012
16135,0.09345949458997012
16136,0.09345949458997012
16137,0.09345949458997012
16138,0.09345949458997012
16139,0.09345949458997012
16140,0.09345949458997012
16141,0.09345949458997012
16142,0.09345949458997012
16143,0.09345949458997012
16144,0.09345949458997012
16145,0.09345949458997012
16146,0.09345949458997012
16147,0.09345949458997012
16148,0.09345949458997012
16149,0.09345949458997012
16150,0.09345949458997012
16151,0.09345949458997012
16152,0.09345949458997012
16153,0.09345949458997012
16154,0.09345949458997012
16155,0.09345949458997012
16156,0.09345949458997012
16157,0.09345949458997012
16158,0.09345949458997012
16159,0.09345949458997012
16160,0.09345949458997012
16161,0.09345949458997012
16162,0.09345949458997012
16163,0.09345949458997012
16164,0.09345949458997012
16165,0.09345949458997012
16166,0.09345949458997012
16167,0.09345949458997012
16168,0.09345949458997012
16169,0.09345949458997012
16170,0.09345949458997012
16171,0.09345949458997012
16172,0.09345949458997012
16173,0.09345949458997012
16174,0.09345949458997012
16175,0.09345949458997012
16176,0.09345949458997012
16177,0.09345949458997012
16178,0.09345949458997012
16179,0.09345949458997012
16180,0.09345949458997012
16181,0.09345949458997012
16182,0.09345949458997012
16183,0.09345949458997012
16184,0.09345949458997012
16185,0.09345949458997012
16186,0.09345949458997012
16187,0.09345949458997012
16188,0.09345949458997012
16189,0.09345949458997012
16190,0.09345949458997012
16191,0.09345949458997012
16192,0.09345949458997012
16193,0.09345949458997012
16194,0.09345949458997012
16195,0.09345949458997012
16196,0.09345949458997012
16197,0.09345949458997012
16198,0.09345949458997012
16199,0.09345949458997012
16200,0.09345949458997012
16201,0.09345949458997012
16202,0.09345949458997012
16203,0.09345949458997012
16204,0.09345949458997012
16205,0.09345949458997012
16206,0.09345949458997012
16207,0.09345949458997012
16208,0.09345949458997012
16209,0.09345949458997012
16210,0.09345949458997012
16211,0.09345949458997012
16212,0.09345949458997012
16213,0.09345949458997012
16214,0.09345949458997012
16215,0.09345949458997012
16216,0.09345949458997012
16217,0.09345949458997012
16218,0.09345949458997012
16219,0.09345949458997012
16220,0.09345949458997012
16221,0.09345949458997012
16222,0.09345949458997012
16223,0.09345949458997012
16224,0.09345949458997012
16225,0.09345949458997012
16226,0.09345949458997012
16227,0.09345949458997012
16228,0.09345949458997012
16229,0.09345949458997012
16230,0.09345949458997012
16231,0.09345949458997012
16232,0.09345949458997012
16233,0.09345949458997012
16234,0.09345949458997012
16235,0.09345949458997012
16236,0.09345949458997012
16237,0.09345949458997012
16238,0.09345949458997012
16239,0.09345949458997012
16240,0.09345949458997012
16241,0.09345949458997012
16242,0.09345949458997012
16243,0.09345949458997012
16244,0.09345949458997012
16245,0.09345949458997012
16246,0.09345949458997012
16247,0.09345949458997012
16248,0.09345949458997012
16249,0.09345949458997012
16250,0.09345949458997012
16251,0.09345949458997012
16252,0.09345949458997012
16253,0.09345949458997012
16254,0.09345949458997012
16255,0.09345949458997012
16256,0.09345949458997012
16257,0.09345949458997012
16258,0.09345949458997012
16259,0.09345949458997012
16260,0.09345949458997012
16261,0.09345949458997012
16262,0.09345949458997012
16263,0.09345949458997012
16264,0.09345949458997012
16265,0.09345949458997012
16266,0.09345949458997012
16267,0.09345949458997012
16268,0.09345949458997012
16269,0.09345949458997012
16270,0.09345949458997012
16271,0.09345949458997012
16272,0.09345949458997012
16273,0.09345949458997012
16274,0.09345949458997012
16275,0.09345949458997012
16276,0.09345949458997012
16277,0.09345949458997012
16278,0.09345949458997012
16279,0.09345949458997012
16280,0.09345949458997012
16281,0.09345949458997012
16282,0.09345949458997012
16283,0.09345949458997012
16284,0.09345949458997012
16285,0.09345949458997012
16286,0.09345949458997012
16287,0.09345949458997012
16288,0.09345949458997012
16289,0.09345949458997012
16290,0.09345949458997012
16291,0.09345949458997012
16292,0.09345949458997012
16293,0.09345949458997012
16294,0.09345949458997012
16295,0.09345949458997012
16296,0.09345949458997012
16297,0.09345949458997012
16298,0.09345949458997012
16299,0.09345949458997012
16300,0.09345949458997012
16301,0.09345949458997012
16302,0.09345949458997012
16303,0.09345949458997012
16304,0.09345949458997012
16305,0.09345949458997012
16306,0.09345949458997012
16307,0.09345949458997012
16308,0.09345949458997012
16309,0.09345949458997012
16310,0.09345949458997012
16311,0.09345949458997012
16312,0.09345949458997012
16313,0.09345949458997012
16314,0.09345949458997012
16315,0.09345949458997012
16316,0.09345949458997012
16317,0.09345949458997012
16318,0.09345949458997012
16319,0.09345949458997012
16320,0.09345949458997012
16321,0.09345949458997012
16322,0.09345949458997012
16323,0.09345949458997012
16324,0.09345949458997012
16325,0.09345949458997012
16326,0.09345949458997012
16327,0.09345949458997012
16328,0.09345949458997012
16329,0.09345949458997012
16330,0.09345949458997012
16331,0.09345949458997012
16332,0.09345949458997012
16333,0.09345949458997012
16334,0.09345949458997012
16335,0.09345949458997012
16336,0.09345949458997012
16337,0.09345949458997012
16338,0.09345949458997012
16339,0.09345949458997012
16340,0.09345949458997012
16341,0.09345949458997012
16342,0.09345949458997012
16343,0.09345949458997012
16344,0.09345949458997012
16345,0.09345949458997012
16346,0.09345949458997012
16347,0.09345949458997012
16348,0.09345949458997012
16349,0.09345949458997012
16350,0.09345949458997012
16351,0.09345949458997012
16352,0.09345949458997012
16353,0.09345949458997012
16354,0.09345949458997012
16355,0.09345949458997012
16356,0.09345949458997012
16357,0.09345949458997012
16358,0.09345949458997012
16359,0.09345949458997012
16360,0.09345949458997012
16361,0.09345949458997012
16362,0.09345949458997012
16363,0.09345949458997012
16364,0.09345949458997012
16365,0.09345949458997012
16366,0.09345949458997012
16367,0.09345949458997012
16368,0.09345949458997012
16369,0.09345949458997012
16370,0.09345949458997012
16371,0.09345949458997012
16372,0.09345949458997012
16373,0.09345949458997012
16374,0.09345949458997012
16375,0.09345949458997012
16376,0.09345949458997012
16377,0.09345949458997012
16378,0.09345949458997012
16379,0.09345949458997012
16380,0.09345949458997012
16381,0.09345949458997012
16382,0.09345949458997012
16383,0.09345949458997012
16384,0.09345949458997012
