num_tokens,prediction
1,0.01824889569729566
2,0.0179290235415101
3,0.017717119529843322
4,0.01753083699444929
5,0.017460757019619137
6,0.017413141118983413
7,0.0174377173061172
8,0.0174377173061172
9,0.017428117307523867
10,0.017439061323801658
11,0.0175687573465208
12,0.0175687573465208
13,0.017857205195973294
14,0.017866805194566623
15,0.017929909168432134
16,0.017929909168432134
17,0.018040501056859868
18,0.018040501056859868
19,0.018050229071329013
20,0.018050229071329013
21,0.01812796752527354
22,0.01812796752527354
23,0.01812796752527354
24,0.01812796752527354
25,0.018059871573001127
26,0.018063135575503094
27,0.018073247577995045
28,0.018073247577995045
29,0.017863487891852842
30,0.017863487891852842
31,0.017863487891852842
32,0.017863487891852842
33,0.017898303903639303
34,0.017903167903423296
35,0.0179164799004793
36,0.0179164799004793
37,0.017994816012680517
38,0.017994816012680517
39,0.017994816012680517
40,0.017994816012680517
41,0.018358847953379134
42,0.018358847953379134
43,0.018358847953379134
44,0.018358847953379134
45,0.0183882879540324
46,0.0183882879540324
47,0.0183882879540324
48,0.0183882879540324
49,0.018577471841126663
50,0.018577471841126663
51,0.018577471841126663
52,0.018577471841126663
53,0.018564031869173034
54,0.018564031869173034
55,0.018564031869173034
56,0.018564031869173034
57,0.018727295614778986
58,0.018727295614778986
59,0.018727295614778986
60,0.018727295614778986
61,0.01871551962941884
62,0.01871551962941884
63,0.01871551962941884
64,0.01871551962941884
65,0.01856921568512916
66,0.01856921568512916
67,0.01856812768429517
68,0.01856812768429517
69,0.01856812768429517
70,0.01856812768429517
71,0.01856812768429517
72,0.01856812768429517
73,0.01801625609770417
74,0.01801625609770417
75,0.017991616096347567
76,0.017991616096347567
77,0.017991616096347567
78,0.017991616096347567
79,0.017991616096347567
80,0.017991616096347567
81,0.017819840200245372
82,0.017819840200245372
83,0.01774150422960519
84,0.01774150422960519
85,0.01774150422960519
86,0.01774150422960519
87,0.01774150422960519
88,0.01774150422960519
89,0.017630144193768488
90,0.017630144193768488
91,0.017563584133982645
92,0.017563584133982645
93,0.017563584133982645
94,0.017563584133982645
95,0.017563584133982645
96,0.017563584133982645
97,0.017524800151586518
98,0.017524800151586518
99,0.017462720040231937
100,0.017462720040231937
101,0.017462720040231937
102,0.017462720040231937
103,0.017462720040231937
104,0.017462720040231937
105,0.01743712002411484
106,0.01743712002411484
107,0.01743712002411484
108,0.01743712002411484
109,0.01743712002411484
110,0.01743712002411484
111,0.01743712002411484
112,0.01743712002411484
113,0.01741638400033116
114,0.01741638400033116
115,0.0174229760505259
116,0.0174229760505259
117,0.0174229760505259
118,0.0174229760505259
119,0.0174229760505259
120,0.0174229760505259
121,0.0174229760505259
122,0.0174229760505259
123,0.0174229760505259
124,0.0174229760505259
125,0.0174229760505259
126,0.0174229760505259
127,0.0174229760505259
128,0.0174229760505259
129,0.0174229760505259
130,0.0174229760505259
131,0.0174229760505259
132,0.0174229760505259
133,0.0174229760505259
134,0.0174229760505259
135,0.0174229760505259
136,0.0174229760505259
137,0.0174229760505259
138,0.0174229760505259
139,0.0174229760505259
140,0.0174229760505259
141,0.0174229760505259
142,0.0174229760505259
143,0.0174229760505259
144,0.0174229760505259
145,0.0174229760505259
146,0.0174229760505259
147,0.0174229760505259
148,0.0174229760505259
149,0.0174229760505259
150,0.0174229760505259
151,0.0174229760505259
152,0.0174229760505259
153,0.0174229760505259
154,0.0174229760505259
155,0.0174229760505259
156,0.0174229760505259
157,0.0174229760505259
158,0.0174229760505259
159,0.0174229760505259
160,0.0174229760505259
161,0.0174229760505259
162,0.0174229760505259
163,0.0174229760505259
164,0.0174229760505259
165,0.0174229760505259
166,0.0174229760505259
167,0.0174229760505259
168,0.0174229760505259
169,0.0174229760505259
170,0.0174229760505259
171,0.0174229760505259
172,0.0174229760505259
173,0.0174229760505259
174,0.0174229760505259
175,0.0174229760505259
176,0.0174229760505259
177,0.0174229760505259
178,0.0174229760505259
179,0.0174229760505259
180,0.0174229760505259
181,0.0174229760505259
182,0.0174229760505259
183,0.0174229760505259
184,0.0174229760505259
185,0.0174229760505259
186,0.0174229760505259
187,0.0174229760505259
188,0.0174229760505259
189,0.0174229760505259
190,0.0174229760505259
191,0.0174229760505259
192,0.0174229760505259
193,0.0174229760505259
194,0.0174229760505259
195,0.0174229760505259
196,0.0174229760505259
197,0.0174229760505259
198,0.0174229760505259
199,0.0174229760505259
200,0.0174229760505259
201,0.0174229760505259
202,0.0174229760505259
203,0.0174229760505259
204,0.0174229760505259
205,0.0174229760505259
206,0.0174229760505259
207,0.0174229760505259
208,0.0174229760505259
209,0.0174229760505259
210,0.0174229760505259
211,0.0174229760505259
212,0.0174229760505259
213,0.0174229760505259
214,0.0174229760505259
215,0.0174229760505259
216,0.0174229760505259
217,0.0174229760505259
218,0.0174229760505259
219,0.0174229760505259
220,0.0174229760505259
221,0.0174229760505259
222,0.0174229760505259
223,0.0174229760505259
224,0.0174229760505259
225,0.0174229760505259
226,0.0174229760505259
227,0.0174229760505259
228,0.0174229760505259
229,0.0174229760505259
230,0.0174229760505259
231,0.0174229760505259
232,0.0174229760505259
233,0.0174229760505259
234,0.0174229760505259
235,0.0174229760505259
236,0.0174229760505259
237,0.0174229760505259
238,0.0174229760505259
239,0.0174229760505259
240,0.0174229760505259
241,0.0174229760505259
242,0.0174229760505259
243,0.0174229760505259
244,0.0174229760505259
245,0.0174229760505259
246,0.0174229760505259
247,0.0174229760505259
248,0.0174229760505259
249,0.0174229760505259
250,0.0174229760505259
251,0.0174229760505259
252,0.0174229760505259
253,0.0174229760505259
254,0.0174229760505259
255,0.0174229760505259
256,0.0174229760505259
257,0.0174229760505259
258,0.0174229760505259
259,0.0174229760505259
260,0.0174229760505259
261,0.0174229760505259
262,0.0174229760505259
263,0.0174229760505259
264,0.0174229760505259
265,0.0174229760505259
266,0.0174229760505259
267,0.0174229760505259
268,0.0174229760505259
269,0.0174229760505259
270,0.0174229760505259
271,0.0174229760505259
272,0.0174229760505259
273,0.0174229760505259
274,0.0174229760505259
275,0.0174229760505259
276,0.0174229760505259
277,0.0174229760505259
278,0.0174229760505259
279,0.0174229760505259
280,0.0174229760505259
281,0.0174229760505259
282,0.0174229760505259
283,0.0174229760505259
284,0.0174229760505259
285,0.0174229760505259
286,0.0174229760505259
287,0.0174229760505259
288,0.0174229760505259
289,0.0174229760505259
290,0.0174229760505259
291,0.0174229760505259
292,0.0174229760505259
293,0.0174229760505259
294,0.0174229760505259
295,0.0174229760505259
296,0.0174229760505259
297,0.0174229760505259
298,0.0174229760505259
299,0.0174229760505259
300,0.0174229760505259
301,0.0174229760505259
302,0.0174229760505259
303,0.0174229760505259
304,0.0174229760505259
305,0.0174229760505259
306,0.0174229760505259
307,0.0174229760505259
308,0.0174229760505259
309,0.0174229760505259
310,0.0174229760505259
311,0.0174229760505259
312,0.0174229760505259
313,0.0174229760505259
314,0.0174229760505259
315,0.0174229760505259
316,0.0174229760505259
317,0.0174229760505259
318,0.0174229760505259
319,0.0174229760505259
320,0.0174229760505259
321,0.0174229760505259
322,0.0174229760505259
323,0.0174229760505259
324,0.0174229760505259
325,0.0174229760505259
326,0.0174229760505259
327,0.0174229760505259
328,0.0174229760505259
329,0.0174229760505259
330,0.0174229760505259
331,0.0174229760505259
332,0.0174229760505259
333,0.0174229760505259
334,0.0174229760505259
335,0.0174229760505259
336,0.0174229760505259
337,0.0174229760505259
338,0.0174229760505259
339,0.0174229760505259
340,0.0174229760505259
341,0.0174229760505259
342,0.0174229760505259
343,0.0174229760505259
344,0.0174229760505259
345,0.0174229760505259
346,0.0174229760505259
347,0.0174229760505259
348,0.0174229760505259
349,0.0174229760505259
350,0.0174229760505259
351,0.0174229760505259
352,0.0174229760505259
353,0.0174229760505259
354,0.0174229760505259
355,0.0174229760505259
356,0.0174229760505259
357,0.0174229760505259
358,0.0174229760505259
359,0.0174229760505259
360,0.0174229760505259
361,0.0174229760505259
362,0.0174229760505259
363,0.0174229760505259
364,0.0174229760505259
365,0.0174229760505259
366,0.0174229760505259
367,0.0174229760505259
368,0.0174229760505259
369,0.0174229760505259
370,0.0174229760505259
371,0.0174229760505259
372,0.0174229760505259
373,0.0174229760505259
374,0.0174229760505259
375,0.0174229760505259
376,0.0174229760505259
377,0.0174229760505259
378,0.0174229760505259
379,0.0174229760505259
380,0.0174229760505259
381,0.0174229760505259
382,0.0174229760505259
383,0.0174229760505259
384,0.0174229760505259
385,0.0174229760505259
386,0.0174229760505259
387,0.0174229760505259
388,0.0174229760505259
389,0.0174229760505259
390,0.0174229760505259
391,0.0174229760505259
392,0.0174229760505259
393,0.0174229760505259
394,0.0174229760505259
395,0.0174229760505259
396,0.0174229760505259
397,0.0174229760505259
398,0.0174229760505259
399,0.0174229760505259
400,0.0174229760505259
401,0.0174229760505259
402,0.0174229760505259
403,0.0174229760505259
404,0.0174229760505259
405,0.0174229760505259
406,0.0174229760505259
407,0.0174229760505259
408,0.0174229760505259
409,0.0174229760505259
410,0.0174229760505259
411,0.0174229760505259
412,0.0174229760505259
413,0.0174229760505259
414,0.0174229760505259
415,0.0174229760505259
416,0.0174229760505259
417,0.0174229760505259
418,0.0174229760505259
419,0.0174229760505259
420,0.0174229760505259
421,0.0174229760505259
422,0.0174229760505259
423,0.0174229760505259
424,0.0174229760505259
425,0.0174229760505259
426,0.0174229760505259
427,0.0174229760505259
428,0.0174229760505259
429,0.0174229760505259
430,0.0174229760505259
431,0.0174229760505259
432,0.0174229760505259
433,0.0174229760505259
434,0.0174229760505259
435,0.0174229760505259
436,0.0174229760505259
437,0.0174229760505259
438,0.0174229760505259
439,0.0174229760505259
440,0.0174229760505259
441,0.0174229760505259
442,0.0174229760505259
443,0.0174229760505259
444,0.0174229760505259
445,0.0174229760505259
446,0.0174229760505259
447,0.0174229760505259
448,0.0174229760505259
449,0.0174229760505259
450,0.0174229760505259
451,0.0174229760505259
452,0.0174229760505259
453,0.0174229760505259
454,0.0174229760505259
455,0.0174229760505259
456,0.0174229760505259
457,0.0174229760505259
458,0.0174229760505259
459,0.0174229760505259
460,0.0174229760505259
461,0.0174229760505259
462,0.0174229760505259
463,0.0174229760505259
464,0.0174229760505259
465,0.0174229760505259
466,0.0174229760505259
467,0.0174229760505259
468,0.0174229760505259
469,0.0174229760505259
470,0.0174229760505259
471,0.0174229760505259
472,0.0174229760505259
473,0.0174229760505259
474,0.0174229760505259
475,0.0174229760505259
476,0.0174229760505259
477,0.0174229760505259
478,0.0174229760505259
479,0.0174229760505259
480,0.0174229760505259
481,0.0174229760505259
482,0.0174229760505259
483,0.0174229760505259
484,0.0174229760505259
485,0.0174229760505259
486,0.0174229760505259
487,0.0174229760505259
488,0.0174229760505259
489,0.0174229760505259
490,0.0174229760505259
491,0.0174229760505259
492,0.0174229760505259
493,0.0174229760505259
494,0.0174229760505259
495,0.0174229760505259
496,0.0174229760505259
497,0.0174229760505259
498,0.0174229760505259
499,0.0174229760505259
500,0.0174229760505259
501,0.0174229760505259
502,0.0174229760505259
503,0.0174229760505259
504,0.0174229760505259
505,0.0174229760505259
506,0.0174229760505259
507,0.0174229760505259
508,0.0174229760505259
509,0.0174229760505259
510,0.0174229760505259
511,0.0174229760505259
512,0.0174229760505259
513,0.0174229760505259
514,0.0174229760505259
515,0.0174229760505259
516,0.0174229760505259
517,0.0174229760505259
518,0.0174229760505259
519,0.0174229760505259
520,0.0174229760505259
521,0.0174229760505259
522,0.0174229760505259
523,0.0174229760505259
524,0.0174229760505259
525,0.0174229760505259
526,0.0174229760505259
527,0.0174229760505259
528,0.0174229760505259
529,0.0174229760505259
530,0.0174229760505259
531,0.0174229760505259
532,0.0174229760505259
533,0.0174229760505259
534,0.0174229760505259
535,0.0174229760505259
536,0.0174229760505259
537,0.0174229760505259
538,0.0174229760505259
539,0.0174229760505259
540,0.0174229760505259
541,0.0174229760505259
542,0.0174229760505259
543,0.0174229760505259
544,0.0174229760505259
545,0.0174229760505259
546,0.0174229760505259
547,0.0174229760505259
548,0.0174229760505259
549,0.0174229760505259
550,0.0174229760505259
551,0.0174229760505259
552,0.0174229760505259
553,0.0174229760505259
554,0.0174229760505259
555,0.0174229760505259
556,0.0174229760505259
557,0.0174229760505259
558,0.0174229760505259
559,0.0174229760505259
560,0.0174229760505259
561,0.0174229760505259
562,0.0174229760505259
563,0.0174229760505259
564,0.0174229760505259
565,0.0174229760505259
566,0.0174229760505259
567,0.0174229760505259
568,0.0174229760505259
569,0.0174229760505259
570,0.0174229760505259
571,0.0174229760505259
572,0.0174229760505259
573,0.0174229760505259
574,0.0174229760505259
575,0.0174229760505259
576,0.0174229760505259
577,0.0174229760505259
578,0.0174229760505259
579,0.0174229760505259
580,0.0174229760505259
581,0.0174229760505259
582,0.0174229760505259
583,0.0174229760505259
584,0.0174229760505259
585,0.0174229760505259
586,0.0174229760505259
587,0.0174229760505259
588,0.0174229760505259
589,0.0174229760505259
590,0.0174229760505259
591,0.0174229760505259
592,0.0174229760505259
593,0.0174229760505259
594,0.0174229760505259
595,0.0174229760505259
596,0.0174229760505259
597,0.0174229760505259
598,0.0174229760505259
599,0.0174229760505259
600,0.0174229760505259
601,0.0174229760505259
602,0.0174229760505259
603,0.0174229760505259
604,0.0174229760505259
605,0.0174229760505259
606,0.0174229760505259
607,0.0174229760505259
608,0.0174229760505259
609,0.0174229760505259
610,0.0174229760505259
611,0.0174229760505259
612,0.0174229760505259
613,0.0174229760505259
614,0.0174229760505259
615,0.0174229760505259
616,0.0174229760505259
617,0.0174229760505259
618,0.0174229760505259
619,0.0174229760505259
620,0.0174229760505259
621,0.0174229760505259
622,0.0174229760505259
623,0.0174229760505259
624,0.0174229760505259
625,0.0174229760505259
626,0.0174229760505259
627,0.0174229760505259
628,0.0174229760505259
629,0.0174229760505259
630,0.0174229760505259
631,0.0174229760505259
632,0.0174229760505259
633,0.0174229760505259
634,0.0174229760505259
635,0.0174229760505259
636,0.0174229760505259
637,0.0174229760505259
638,0.0174229760505259
639,0.0174229760505259
640,0.0174229760505259
641,0.0174229760505259
642,0.0174229760505259
643,0.0174229760505259
644,0.0174229760505259
645,0.0174229760505259
646,0.0174229760505259
647,0.0174229760505259
648,0.0174229760505259
649,0.0174229760505259
650,0.0174229760505259
651,0.0174229760505259
652,0.0174229760505259
653,0.0174229760505259
654,0.0174229760505259
655,0.0174229760505259
656,0.0174229760505259
657,0.0174229760505259
658,0.0174229760505259
659,0.0174229760505259
660,0.0174229760505259
661,0.0174229760505259
662,0.0174229760505259
663,0.0174229760505259
664,0.0174229760505259
665,0.0174229760505259
666,0.0174229760505259
667,0.0174229760505259
668,0.0174229760505259
669,0.0174229760505259
670,0.0174229760505259
671,0.0174229760505259
672,0.0174229760505259
673,0.0174229760505259
674,0.0174229760505259
675,0.0174229760505259
676,0.0174229760505259
677,0.0174229760505259
678,0.0174229760505259
679,0.0174229760505259
680,0.0174229760505259
681,0.0174229760505259
682,0.0174229760505259
683,0.0174229760505259
684,0.0174229760505259
685,0.0174229760505259
686,0.0174229760505259
687,0.0174229760505259
688,0.0174229760505259
689,0.0174229760505259
690,0.0174229760505259
691,0.0174229760505259
692,0.0174229760505259
693,0.0174229760505259
694,0.0174229760505259
695,0.0174229760505259
696,0.0174229760505259
697,0.0174229760505259
698,0.0174229760505259
699,0.0174229760505259
700,0.0174229760505259
701,0.0174229760505259
702,0.0174229760505259
703,0.0174229760505259
704,0.0174229760505259
705,0.0174229760505259
706,0.0174229760505259
707,0.0174229760505259
708,0.0174229760505259
709,0.0174229760505259
710,0.0174229760505259
711,0.0174229760505259
712,0.0174229760505259
713,0.0174229760505259
714,0.0174229760505259
715,0.0174229760505259
716,0.0174229760505259
717,0.0174229760505259
718,0.0174229760505259
719,0.0174229760505259
720,0.0174229760505259
721,0.0174229760505259
722,0.0174229760505259
723,0.0174229760505259
724,0.0174229760505259
725,0.0174229760505259
726,0.0174229760505259
727,0.0174229760505259
728,0.0174229760505259
729,0.0174229760505259
730,0.0174229760505259
731,0.0174229760505259
732,0.0174229760505259
733,0.0174229760505259
734,0.0174229760505259
735,0.0174229760505259
736,0.0174229760505259
737,0.0174229760505259
738,0.0174229760505259
739,0.0174229760505259
740,0.0174229760505259
741,0.0174229760505259
742,0.0174229760505259
743,0.0174229760505259
744,0.0174229760505259
745,0.0174229760505259
746,0.0174229760505259
747,0.0174229760505259
748,0.0174229760505259
749,0.0174229760505259
750,0.0174229760505259
751,0.0174229760505259
752,0.0174229760505259
753,0.0174229760505259
754,0.0174229760505259
755,0.0174229760505259
756,0.0174229760505259
757,0.0174229760505259
758,0.0174229760505259
759,0.0174229760505259
760,0.0174229760505259
761,0.0174229760505259
762,0.0174229760505259
763,0.0174229760505259
764,0.0174229760505259
765,0.0174229760505259
766,0.0174229760505259
767,0.0174229760505259
768,0.0174229760505259
769,0.0174229760505259
770,0.0174229760505259
771,0.0174229760505259
772,0.0174229760505259
773,0.0174229760505259
774,0.0174229760505259
775,0.0174229760505259
776,0.0174229760505259
777,0.0174229760505259
778,0.0174229760505259
779,0.0174229760505259
780,0.0174229760505259
781,0.0174229760505259
782,0.0174229760505259
783,0.0174229760505259
784,0.0174229760505259
785,0.0174229760505259
786,0.0174229760505259
787,0.0174229760505259
788,0.0174229760505259
789,0.0174229760505259
790,0.0174229760505259
791,0.0174229760505259
792,0.0174229760505259
793,0.0174229760505259
794,0.0174229760505259
795,0.0174229760505259
796,0.0174229760505259
797,0.0174229760505259
798,0.0174229760505259
799,0.0174229760505259
800,0.0174229760505259
801,0.0174229760505259
802,0.0174229760505259
803,0.0174229760505259
804,0.0174229760505259
805,0.0174229760505259
806,0.0174229760505259
807,0.0174229760505259
808,0.0174229760505259
809,0.0174229760505259
810,0.0174229760505259
811,0.0174229760505259
812,0.0174229760505259
813,0.0174229760505259
814,0.0174229760505259
815,0.0174229760505259
816,0.0174229760505259
817,0.0174229760505259
818,0.0174229760505259
819,0.0174229760505259
820,0.0174229760505259
821,0.0174229760505259
822,0.0174229760505259
823,0.0174229760505259
824,0.0174229760505259
825,0.0174229760505259
826,0.0174229760505259
827,0.0174229760505259
828,0.0174229760505259
829,0.0174229760505259
830,0.0174229760505259
831,0.0174229760505259
832,0.0174229760505259
833,0.0174229760505259
834,0.0174229760505259
835,0.0174229760505259
836,0.0174229760505259
837,0.0174229760505259
838,0.0174229760505259
839,0.0174229760505259
840,0.0174229760505259
841,0.0174229760505259
842,0.0174229760505259
843,0.0174229760505259
844,0.0174229760505259
845,0.0174229760505259
846,0.0174229760505259
847,0.0174229760505259
848,0.0174229760505259
849,0.0174229760505259
850,0.0174229760505259
851,0.0174229760505259
852,0.0174229760505259
853,0.0174229760505259
854,0.0174229760505259
855,0.0174229760505259
856,0.0174229760505259
857,0.0174229760505259
858,0.0174229760505259
859,0.0174229760505259
860,0.0174229760505259
861,0.0174229760505259
862,0.0174229760505259
863,0.0174229760505259
864,0.0174229760505259
865,0.0174229760505259
866,0.0174229760505259
867,0.0174229760505259
868,0.0174229760505259
869,0.0174229760505259
870,0.0174229760505259
871,0.0174229760505259
872,0.0174229760505259
873,0.0174229760505259
874,0.0174229760505259
875,0.0174229760505259
876,0.0174229760505259
877,0.0174229760505259
878,0.0174229760505259
879,0.0174229760505259
880,0.0174229760505259
881,0.0174229760505259
882,0.0174229760505259
883,0.0174229760505259
884,0.0174229760505259
885,0.0174229760505259
886,0.0174229760505259
887,0.0174229760505259
888,0.0174229760505259
889,0.0174229760505259
890,0.0174229760505259
891,0.0174229760505259
892,0.0174229760505259
893,0.0174229760505259
894,0.0174229760505259
895,0.0174229760505259
896,0.0174229760505259
897,0.0174229760505259
898,0.0174229760505259
899,0.0174229760505259
900,0.0174229760505259
901,0.0174229760505259
902,0.0174229760505259
903,0.0174229760505259
904,0.0174229760505259
905,0.0174229760505259
906,0.0174229760505259
907,0.0174229760505259
908,0.0174229760505259
909,0.0174229760505259
910,0.0174229760505259
911,0.0174229760505259
912,0.0174229760505259
913,0.0174229760505259
914,0.0174229760505259
915,0.0174229760505259
916,0.0174229760505259
917,0.0174229760505259
918,0.0174229760505259
919,0.0174229760505259
920,0.0174229760505259
921,0.0174229760505259
922,0.0174229760505259
923,0.0174229760505259
924,0.0174229760505259
925,0.0174229760505259
926,0.0174229760505259
927,0.0174229760505259
928,0.0174229760505259
929,0.0174229760505259
930,0.0174229760505259
931,0.0174229760505259
932,0.0174229760505259
933,0.0174229760505259
934,0.0174229760505259
935,0.0174229760505259
936,0.0174229760505259
937,0.0174229760505259
938,0.0174229760505259
939,0.0174229760505259
940,0.0174229760505259
941,0.0174229760505259
942,0.0174229760505259
943,0.0174229760505259
944,0.0174229760505259
945,0.0174229760505259
946,0.0174229760505259
947,0.0174229760505259
948,0.0174229760505259
949,0.0174229760505259
950,0.0174229760505259
951,0.0174229760505259
952,0.0174229760505259
953,0.0174229760505259
954,0.0174229760505259
955,0.0174229760505259
956,0.0174229760505259
957,0.0174229760505259
958,0.0174229760505259
959,0.0174229760505259
960,0.0174229760505259
961,0.0174229760505259
962,0.0174229760505259
963,0.0174229760505259
964,0.0174229760505259
965,0.0174229760505259
966,0.0174229760505259
967,0.0174229760505259
968,0.0174229760505259
969,0.0174229760505259
970,0.0174229760505259
971,0.0174229760505259
972,0.0174229760505259
973,0.0174229760505259
974,0.0174229760505259
975,0.0174229760505259
976,0.0174229760505259
977,0.0174229760505259
978,0.0174229760505259
979,0.0174229760505259
980,0.0174229760505259
981,0.0174229760505259
982,0.0174229760505259
983,0.0174229760505259
984,0.0174229760505259
985,0.0174229760505259
986,0.0174229760505259
987,0.0174229760505259
988,0.0174229760505259
989,0.0174229760505259
990,0.0174229760505259
991,0.0174229760505259
992,0.0174229760505259
993,0.0174229760505259
994,0.0174229760505259
995,0.0174229760505259
996,0.0174229760505259
997,0.0174229760505259
998,0.0174229760505259
999,0.0174229760505259
1000,0.0174229760505259
1001,0.0174229760505259
1002,0.0174229760505259
1003,0.0174229760505259
1004,0.0174229760505259
1005,0.0174229760505259
1006,0.0174229760505259
1007,0.0174229760505259
1008,0.0174229760505259
1009,0.0174229760505259
1010,0.0174229760505259
1011,0.0174229760505259
1012,0.0174229760505259
1013,0.0174229760505259
1014,0.0174229760505259
1015,0.0174229760505259
1016,0.0174229760505259
1017,0.0174229760505259
1018,0.0174229760505259
1019,0.0174229760505259
1020,0.0174229760505259
1021,0.0174229760505259
1022,0.0174229760505259
1023,0.0174229760505259
1024,0.0174229760505259
1025,0.0174229760505259
1026,0.0174229760505259
1027,0.0174229760505259
1028,0.0174229760505259
1029,0.0174229760505259
1030,0.0174229760505259
1031,0.0174229760505259
1032,0.0174229760505259
1033,0.0174229760505259
1034,0.0174229760505259
1035,0.0174229760505259
1036,0.0174229760505259
1037,0.0174229760505259
1038,0.0174229760505259
1039,0.0174229760505259
1040,0.0174229760505259
1041,0.0174229760505259
1042,0.0174229760505259
1043,0.0174229760505259
1044,0.0174229760505259
1045,0.0174229760505259
1046,0.0174229760505259
1047,0.0174229760505259
1048,0.0174229760505259
1049,0.0174229760505259
1050,0.0174229760505259
1051,0.0174229760505259
1052,0.0174229760505259
1053,0.0174229760505259
1054,0.0174229760505259
1055,0.0174229760505259
1056,0.0174229760505259
1057,0.0174229760505259
1058,0.0174229760505259
1059,0.0174229760505259
1060,0.0174229760505259
1061,0.0174229760505259
1062,0.0174229760505259
1063,0.0174229760505259
1064,0.0174229760505259
1065,0.0174229760505259
1066,0.0174229760505259
1067,0.0174229760505259
1068,0.0174229760505259
1069,0.0174229760505259
1070,0.0174229760505259
1071,0.0174229760505259
1072,0.0174229760505259
1073,0.0174229760505259
1074,0.0174229760505259
1075,0.0174229760505259
1076,0.0174229760505259
1077,0.0174229760505259
1078,0.0174229760505259
1079,0.0174229760505259
1080,0.0174229760505259
1081,0.0174229760505259
1082,0.0174229760505259
1083,0.0174229760505259
1084,0.0174229760505259
1085,0.0174229760505259
1086,0.0174229760505259
1087,0.0174229760505259
1088,0.0174229760505259
1089,0.0174229760505259
1090,0.0174229760505259
1091,0.0174229760505259
1092,0.0174229760505259
1093,0.0174229760505259
1094,0.0174229760505259
1095,0.0174229760505259
1096,0.0174229760505259
1097,0.0174229760505259
1098,0.0174229760505259
1099,0.0174229760505259
1100,0.0174229760505259
1101,0.0174229760505259
1102,0.0174229760505259
1103,0.0174229760505259
1104,0.0174229760505259
1105,0.0174229760505259
1106,0.0174229760505259
1107,0.0174229760505259
1108,0.0174229760505259
1109,0.0174229760505259
1110,0.0174229760505259
1111,0.0174229760505259
1112,0.0174229760505259
1113,0.0174229760505259
1114,0.0174229760505259
1115,0.0174229760505259
1116,0.0174229760505259
1117,0.0174229760505259
1118,0.0174229760505259
1119,0.0174229760505259
1120,0.0174229760505259
1121,0.0174229760505259
1122,0.0174229760505259
1123,0.0174229760505259
1124,0.0174229760505259
1125,0.0174229760505259
1126,0.0174229760505259
1127,0.0174229760505259
1128,0.0174229760505259
1129,0.0174229760505259
1130,0.0174229760505259
1131,0.0174229760505259
1132,0.0174229760505259
1133,0.0174229760505259
1134,0.0174229760505259
1135,0.0174229760505259
1136,0.0174229760505259
1137,0.0174229760505259
1138,0.0174229760505259
1139,0.0174229760505259
1140,0.0174229760505259
1141,0.0174229760505259
1142,0.0174229760505259
1143,0.0174229760505259
1144,0.0174229760505259
1145,0.0174229760505259
1146,0.0174229760505259
1147,0.0174229760505259
1148,0.0174229760505259
1149,0.0174229760505259
1150,0.0174229760505259
1151,0.0174229760505259
1152,0.0174229760505259
1153,0.0174229760505259
1154,0.0174229760505259
1155,0.0174229760505259
1156,0.0174229760505259
1157,0.0174229760505259
1158,0.0174229760505259
1159,0.0174229760505259
1160,0.0174229760505259
1161,0.0174229760505259
1162,0.0174229760505259
1163,0.0174229760505259
1164,0.0174229760505259
1165,0.0174229760505259
1166,0.0174229760505259
1167,0.0174229760505259
1168,0.0174229760505259
1169,0.0174229760505259
1170,0.0174229760505259
1171,0.0174229760505259
1172,0.0174229760505259
1173,0.0174229760505259
1174,0.0174229760505259
1175,0.0174229760505259
1176,0.0174229760505259
1177,0.0174229760505259
1178,0.0174229760505259
1179,0.0174229760505259
1180,0.0174229760505259
1181,0.0174229760505259
1182,0.0174229760505259
1183,0.0174229760505259
1184,0.0174229760505259
1185,0.0174229760505259
1186,0.0174229760505259
1187,0.0174229760505259
1188,0.0174229760505259
1189,0.0174229760505259
1190,0.0174229760505259
1191,0.0174229760505259
1192,0.0174229760505259
1193,0.0174229760505259
1194,0.0174229760505259
1195,0.0174229760505259
1196,0.0174229760505259
1197,0.0174229760505259
1198,0.0174229760505259
1199,0.0174229760505259
1200,0.0174229760505259
1201,0.0174229760505259
1202,0.0174229760505259
1203,0.0174229760505259
1204,0.0174229760505259
1205,0.0174229760505259
1206,0.0174229760505259
1207,0.0174229760505259
1208,0.0174229760505259
1209,0.0174229760505259
1210,0.0174229760505259
1211,0.0174229760505259
1212,0.0174229760505259
1213,0.0174229760505259
1214,0.0174229760505259
1215,0.0174229760505259
1216,0.0174229760505259
1217,0.0174229760505259
1218,0.0174229760505259
1219,0.0174229760505259
1220,0.0174229760505259
1221,0.0174229760505259
1222,0.0174229760505259
1223,0.0174229760505259
1224,0.0174229760505259
1225,0.0174229760505259
1226,0.0174229760505259
1227,0.0174229760505259
1228,0.0174229760505259
1229,0.0174229760505259
1230,0.0174229760505259
1231,0.0174229760505259
1232,0.0174229760505259
1233,0.0174229760505259
1234,0.0174229760505259
1235,0.0174229760505259
1236,0.0174229760505259
1237,0.0174229760505259
1238,0.0174229760505259
1239,0.0174229760505259
1240,0.0174229760505259
1241,0.0174229760505259
1242,0.0174229760505259
1243,0.0174229760505259
1244,0.0174229760505259
1245,0.0174229760505259
1246,0.0174229760505259
1247,0.0174229760505259
1248,0.0174229760505259
1249,0.0174229760505259
1250,0.0174229760505259
1251,0.0174229760505259
1252,0.0174229760505259
1253,0.0174229760505259
1254,0.0174229760505259
1255,0.0174229760505259
1256,0.0174229760505259
1257,0.0174229760505259
1258,0.0174229760505259
1259,0.0174229760505259
1260,0.0174229760505259
1261,0.0174229760505259
1262,0.0174229760505259
1263,0.0174229760505259
1264,0.0174229760505259
1265,0.0174229760505259
1266,0.0174229760505259
1267,0.0174229760505259
1268,0.0174229760505259
1269,0.0174229760505259
1270,0.0174229760505259
1271,0.0174229760505259
1272,0.0174229760505259
1273,0.0174229760505259
1274,0.0174229760505259
1275,0.0174229760505259
1276,0.0174229760505259
1277,0.0174229760505259
1278,0.0174229760505259
1279,0.0174229760505259
1280,0.0174229760505259
1281,0.0174229760505259
1282,0.0174229760505259
1283,0.0174229760505259
1284,0.0174229760505259
1285,0.0174229760505259
1286,0.0174229760505259
1287,0.0174229760505259
1288,0.0174229760505259
1289,0.0174229760505259
1290,0.0174229760505259
1291,0.0174229760505259
1292,0.0174229760505259
1293,0.0174229760505259
1294,0.0174229760505259
1295,0.0174229760505259
1296,0.0174229760505259
1297,0.0174229760505259
1298,0.0174229760505259
1299,0.0174229760505259
1300,0.0174229760505259
1301,0.0174229760505259
1302,0.0174229760505259
1303,0.0174229760505259
1304,0.0174229760505259
1305,0.0174229760505259
1306,0.0174229760505259
1307,0.0174229760505259
1308,0.0174229760505259
1309,0.0174229760505259
1310,0.0174229760505259
1311,0.0174229760505259
1312,0.0174229760505259
1313,0.0174229760505259
1314,0.0174229760505259
1315,0.0174229760505259
1316,0.0174229760505259
1317,0.0174229760505259
1318,0.0174229760505259
1319,0.0174229760505259
1320,0.0174229760505259
1321,0.0174229760505259
1322,0.0174229760505259
1323,0.0174229760505259
1324,0.0174229760505259
1325,0.0174229760505259
1326,0.0174229760505259
1327,0.0174229760505259
1328,0.0174229760505259
1329,0.0174229760505259
1330,0.0174229760505259
1331,0.0174229760505259
1332,0.0174229760505259
1333,0.0174229760505259
1334,0.0174229760505259
1335,0.0174229760505259
1336,0.0174229760505259
1337,0.0174229760505259
1338,0.0174229760505259
1339,0.0174229760505259
1340,0.0174229760505259
1341,0.0174229760505259
1342,0.0174229760505259
1343,0.0174229760505259
1344,0.0174229760505259
1345,0.0174229760505259
1346,0.0174229760505259
1347,0.0174229760505259
1348,0.0174229760505259
1349,0.0174229760505259
1350,0.0174229760505259
1351,0.0174229760505259
1352,0.0174229760505259
1353,0.0174229760505259
1354,0.0174229760505259
1355,0.0174229760505259
1356,0.0174229760505259
1357,0.0174229760505259
1358,0.0174229760505259
1359,0.0174229760505259
1360,0.0174229760505259
1361,0.0174229760505259
1362,0.0174229760505259
1363,0.0174229760505259
1364,0.0174229760505259
1365,0.0174229760505259
1366,0.0174229760505259
1367,0.0174229760505259
1368,0.0174229760505259
1369,0.0174229760505259
1370,0.0174229760505259
1371,0.0174229760505259
1372,0.0174229760505259
1373,0.0174229760505259
1374,0.0174229760505259
1375,0.0174229760505259
1376,0.0174229760505259
1377,0.0174229760505259
1378,0.0174229760505259
1379,0.0174229760505259
1380,0.0174229760505259
1381,0.0174229760505259
1382,0.0174229760505259
1383,0.0174229760505259
1384,0.0174229760505259
1385,0.0174229760505259
1386,0.0174229760505259
1387,0.0174229760505259
1388,0.0174229760505259
1389,0.0174229760505259
1390,0.0174229760505259
1391,0.0174229760505259
1392,0.0174229760505259
1393,0.0174229760505259
1394,0.0174229760505259
1395,0.0174229760505259
1396,0.0174229760505259
1397,0.0174229760505259
1398,0.0174229760505259
1399,0.0174229760505259
1400,0.0174229760505259
1401,0.0174229760505259
1402,0.0174229760505259
1403,0.0174229760505259
1404,0.0174229760505259
1405,0.0174229760505259
1406,0.0174229760505259
1407,0.0174229760505259
1408,0.0174229760505259
1409,0.0174229760505259
1410,0.0174229760505259
1411,0.0174229760505259
1412,0.0174229760505259
1413,0.0174229760505259
1414,0.0174229760505259
1415,0.0174229760505259
1416,0.0174229760505259
1417,0.0174229760505259
1418,0.0174229760505259
1419,0.0174229760505259
1420,0.0174229760505259
1421,0.0174229760505259
1422,0.0174229760505259
1423,0.0174229760505259
1424,0.0174229760505259
1425,0.0174229760505259
1426,0.0174229760505259
1427,0.0174229760505259
1428,0.0174229760505259
1429,0.0174229760505259
1430,0.0174229760505259
1431,0.0174229760505259
1432,0.0174229760505259
1433,0.0174229760505259
1434,0.0174229760505259
1435,0.0174229760505259
1436,0.0174229760505259
1437,0.0174229760505259
1438,0.0174229760505259
1439,0.0174229760505259
1440,0.0174229760505259
1441,0.0174229760505259
1442,0.0174229760505259
1443,0.0174229760505259
1444,0.0174229760505259
1445,0.0174229760505259
1446,0.0174229760505259
1447,0.0174229760505259
1448,0.0174229760505259
1449,0.0174229760505259
1450,0.0174229760505259
1451,0.0174229760505259
1452,0.0174229760505259
1453,0.0174229760505259
1454,0.0174229760505259
1455,0.0174229760505259
1456,0.0174229760505259
1457,0.0174229760505259
1458,0.0174229760505259
1459,0.0174229760505259
1460,0.0174229760505259
1461,0.0174229760505259
1462,0.0174229760505259
1463,0.0174229760505259
1464,0.0174229760505259
1465,0.0174229760505259
1466,0.0174229760505259
1467,0.0174229760505259
1468,0.0174229760505259
1469,0.0174229760505259
1470,0.0174229760505259
1471,0.0174229760505259
1472,0.0174229760505259
1473,0.0174229760505259
1474,0.0174229760505259
1475,0.0174229760505259
1476,0.0174229760505259
1477,0.0174229760505259
1478,0.0174229760505259
1479,0.0174229760505259
1480,0.0174229760505259
1481,0.0174229760505259
1482,0.0174229760505259
1483,0.0174229760505259
1484,0.0174229760505259
1485,0.0174229760505259
1486,0.0174229760505259
1487,0.0174229760505259
1488,0.0174229760505259
1489,0.0174229760505259
1490,0.0174229760505259
1491,0.0174229760505259
1492,0.0174229760505259
1493,0.0174229760505259
1494,0.0174229760505259
1495,0.0174229760505259
1496,0.0174229760505259
1497,0.0174229760505259
1498,0.0174229760505259
1499,0.0174229760505259
1500,0.0174229760505259
1501,0.0174229760505259
1502,0.0174229760505259
1503,0.0174229760505259
1504,0.0174229760505259
1505,0.0174229760505259
1506,0.0174229760505259
1507,0.0174229760505259
1508,0.0174229760505259
1509,0.0174229760505259
1510,0.0174229760505259
1511,0.0174229760505259
1512,0.0174229760505259
1513,0.0174229760505259
1514,0.0174229760505259
1515,0.0174229760505259
1516,0.0174229760505259
1517,0.0174229760505259
1518,0.0174229760505259
1519,0.0174229760505259
1520,0.0174229760505259
1521,0.0174229760505259
1522,0.0174229760505259
1523,0.0174229760505259
1524,0.0174229760505259
1525,0.0174229760505259
1526,0.0174229760505259
1527,0.0174229760505259
1528,0.0174229760505259
1529,0.0174229760505259
1530,0.0174229760505259
1531,0.0174229760505259
1532,0.0174229760505259
1533,0.0174229760505259
1534,0.0174229760505259
1535,0.0174229760505259
1536,0.0174229760505259
1537,0.0174229760505259
1538,0.0174229760505259
1539,0.0174229760505259
1540,0.0174229760505259
1541,0.0174229760505259
1542,0.0174229760505259
1543,0.0174229760505259
1544,0.0174229760505259
1545,0.0174229760505259
1546,0.0174229760505259
1547,0.0174229760505259
1548,0.0174229760505259
1549,0.0174229760505259
1550,0.0174229760505259
1551,0.0174229760505259
1552,0.0174229760505259
1553,0.0174229760505259
1554,0.0174229760505259
1555,0.0174229760505259
1556,0.0174229760505259
1557,0.0174229760505259
1558,0.0174229760505259
1559,0.0174229760505259
1560,0.0174229760505259
1561,0.0174229760505259
1562,0.0174229760505259
1563,0.0174229760505259
1564,0.0174229760505259
1565,0.0174229760505259
1566,0.0174229760505259
1567,0.0174229760505259
1568,0.0174229760505259
1569,0.0174229760505259
1570,0.0174229760505259
1571,0.0174229760505259
1572,0.0174229760505259
1573,0.0174229760505259
1574,0.0174229760505259
1575,0.0174229760505259
1576,0.0174229760505259
1577,0.0174229760505259
1578,0.0174229760505259
1579,0.0174229760505259
1580,0.0174229760505259
1581,0.0174229760505259
1582,0.0174229760505259
1583,0.0174229760505259
1584,0.0174229760505259
1585,0.0174229760505259
1586,0.0174229760505259
1587,0.0174229760505259
1588,0.0174229760505259
1589,0.0174229760505259
1590,0.0174229760505259
1591,0.0174229760505259
1592,0.0174229760505259
1593,0.0174229760505259
1594,0.0174229760505259
1595,0.0174229760505259
1596,0.0174229760505259
1597,0.0174229760505259
1598,0.0174229760505259
1599,0.0174229760505259
1600,0.0174229760505259
1601,0.0174229760505259
1602,0.0174229760505259
1603,0.0174229760505259
1604,0.0174229760505259
1605,0.0174229760505259
1606,0.0174229760505259
1607,0.0174229760505259
1608,0.0174229760505259
1609,0.0174229760505259
1610,0.0174229760505259
1611,0.0174229760505259
1612,0.0174229760505259
1613,0.0174229760505259
1614,0.0174229760505259
1615,0.0174229760505259
1616,0.0174229760505259
1617,0.0174229760505259
1618,0.0174229760505259
1619,0.0174229760505259
1620,0.0174229760505259
1621,0.0174229760505259
1622,0.0174229760505259
1623,0.0174229760505259
1624,0.0174229760505259
1625,0.0174229760505259
1626,0.0174229760505259
1627,0.0174229760505259
1628,0.0174229760505259
1629,0.0174229760505259
1630,0.0174229760505259
1631,0.0174229760505259
1632,0.0174229760505259
1633,0.0174229760505259
1634,0.0174229760505259
1635,0.0174229760505259
1636,0.0174229760505259
1637,0.0174229760505259
1638,0.0174229760505259
1639,0.0174229760505259
1640,0.0174229760505259
1641,0.0174229760505259
1642,0.0174229760505259
1643,0.0174229760505259
1644,0.0174229760505259
1645,0.0174229760505259
1646,0.0174229760505259
1647,0.0174229760505259
1648,0.0174229760505259
1649,0.0174229760505259
1650,0.0174229760505259
1651,0.0174229760505259
1652,0.0174229760505259
1653,0.0174229760505259
1654,0.0174229760505259
1655,0.0174229760505259
1656,0.0174229760505259
1657,0.0174229760505259
1658,0.0174229760505259
1659,0.0174229760505259
1660,0.0174229760505259
1661,0.0174229760505259
1662,0.0174229760505259
1663,0.0174229760505259
1664,0.0174229760505259
1665,0.0174229760505259
1666,0.0174229760505259
1667,0.0174229760505259
1668,0.0174229760505259
1669,0.0174229760505259
1670,0.0174229760505259
1671,0.0174229760505259
1672,0.0174229760505259
1673,0.0174229760505259
1674,0.0174229760505259
1675,0.0174229760505259
1676,0.0174229760505259
1677,0.0174229760505259
1678,0.0174229760505259
1679,0.0174229760505259
1680,0.0174229760505259
1681,0.0174229760505259
1682,0.0174229760505259
1683,0.0174229760505259
1684,0.0174229760505259
1685,0.0174229760505259
1686,0.0174229760505259
1687,0.0174229760505259
1688,0.0174229760505259
1689,0.0174229760505259
1690,0.0174229760505259
1691,0.0174229760505259
1692,0.0174229760505259
1693,0.0174229760505259
1694,0.0174229760505259
1695,0.0174229760505259
1696,0.0174229760505259
1697,0.0174229760505259
1698,0.0174229760505259
1699,0.0174229760505259
1700,0.0174229760505259
1701,0.0174229760505259
1702,0.0174229760505259
1703,0.0174229760505259
1704,0.0174229760505259
1705,0.0174229760505259
1706,0.0174229760505259
1707,0.0174229760505259
1708,0.0174229760505259
1709,0.0174229760505259
1710,0.0174229760505259
1711,0.0174229760505259
1712,0.0174229760505259
1713,0.0174229760505259
1714,0.0174229760505259
1715,0.0174229760505259
1716,0.0174229760505259
1717,0.0174229760505259
1718,0.0174229760505259
1719,0.0174229760505259
1720,0.0174229760505259
1721,0.0174229760505259
1722,0.0174229760505259
1723,0.0174229760505259
1724,0.0174229760505259
1725,0.0174229760505259
1726,0.0174229760505259
1727,0.0174229760505259
1728,0.0174229760505259
1729,0.0174229760505259
1730,0.0174229760505259
1731,0.0174229760505259
1732,0.0174229760505259
1733,0.0174229760505259
1734,0.0174229760505259
1735,0.0174229760505259
1736,0.0174229760505259
1737,0.0174229760505259
1738,0.0174229760505259
1739,0.0174229760505259
1740,0.0174229760505259
1741,0.0174229760505259
1742,0.0174229760505259
1743,0.0174229760505259
1744,0.0174229760505259
1745,0.0174229760505259
1746,0.0174229760505259
1747,0.0174229760505259
1748,0.0174229760505259
1749,0.0174229760505259
1750,0.0174229760505259
1751,0.0174229760505259
1752,0.0174229760505259
1753,0.0174229760505259
1754,0.0174229760505259
1755,0.0174229760505259
1756,0.0174229760505259
1757,0.0174229760505259
1758,0.0174229760505259
1759,0.0174229760505259
1760,0.0174229760505259
1761,0.0174229760505259
1762,0.0174229760505259
1763,0.0174229760505259
1764,0.0174229760505259
1765,0.0174229760505259
1766,0.0174229760505259
1767,0.0174229760505259
1768,0.0174229760505259
1769,0.0174229760505259
1770,0.0174229760505259
1771,0.0174229760505259
1772,0.0174229760505259
1773,0.0174229760505259
1774,0.0174229760505259
1775,0.0174229760505259
1776,0.0174229760505259
1777,0.0174229760505259
1778,0.0174229760505259
1779,0.0174229760505259
1780,0.0174229760505259
1781,0.0174229760505259
1782,0.0174229760505259
1783,0.0174229760505259
1784,0.0174229760505259
1785,0.0174229760505259
1786,0.0174229760505259
1787,0.0174229760505259
1788,0.0174229760505259
1789,0.0174229760505259
1790,0.0174229760505259
1791,0.0174229760505259
1792,0.0174229760505259
1793,0.0174229760505259
1794,0.0174229760505259
1795,0.0174229760505259
1796,0.0174229760505259
1797,0.0174229760505259
1798,0.0174229760505259
1799,0.0174229760505259
1800,0.0174229760505259
1801,0.0174229760505259
1802,0.0174229760505259
1803,0.0174229760505259
1804,0.0174229760505259
1805,0.0174229760505259
1806,0.0174229760505259
1807,0.0174229760505259
1808,0.0174229760505259
1809,0.0174229760505259
1810,0.0174229760505259
1811,0.0174229760505259
1812,0.0174229760505259
1813,0.0174229760505259
1814,0.0174229760505259
1815,0.0174229760505259
1816,0.0174229760505259
1817,0.0174229760505259
1818,0.0174229760505259
1819,0.0174229760505259
1820,0.0174229760505259
1821,0.0174229760505259
1822,0.0174229760505259
1823,0.0174229760505259
1824,0.0174229760505259
1825,0.0174229760505259
1826,0.0174229760505259
1827,0.0174229760505259
1828,0.0174229760505259
1829,0.0174229760505259
1830,0.0174229760505259
1831,0.0174229760505259
1832,0.0174229760505259
1833,0.0174229760505259
1834,0.0174229760505259
1835,0.0174229760505259
1836,0.0174229760505259
1837,0.0174229760505259
1838,0.0174229760505259
1839,0.0174229760505259
1840,0.0174229760505259
1841,0.0174229760505259
1842,0.0174229760505259
1843,0.0174229760505259
1844,0.0174229760505259
1845,0.0174229760505259
1846,0.0174229760505259
1847,0.0174229760505259
1848,0.0174229760505259
1849,0.0174229760505259
1850,0.0174229760505259
1851,0.0174229760505259
1852,0.0174229760505259
1853,0.0174229760505259
1854,0.0174229760505259
1855,0.0174229760505259
1856,0.0174229760505259
1857,0.0174229760505259
1858,0.0174229760505259
1859,0.0174229760505259
1860,0.0174229760505259
1861,0.0174229760505259
1862,0.0174229760505259
1863,0.0174229760505259
1864,0.0174229760505259
1865,0.0174229760505259
1866,0.0174229760505259
1867,0.0174229760505259
1868,0.0174229760505259
1869,0.0174229760505259
1870,0.0174229760505259
1871,0.0174229760505259
1872,0.0174229760505259
1873,0.0174229760505259
1874,0.0174229760505259
1875,0.0174229760505259
1876,0.0174229760505259
1877,0.0174229760505259
1878,0.0174229760505259
1879,0.0174229760505259
1880,0.0174229760505259
1881,0.0174229760505259
1882,0.0174229760505259
1883,0.0174229760505259
1884,0.0174229760505259
1885,0.0174229760505259
1886,0.0174229760505259
1887,0.0174229760505259
1888,0.0174229760505259
1889,0.0174229760505259
1890,0.0174229760505259
1891,0.0174229760505259
1892,0.0174229760505259
1893,0.0174229760505259
1894,0.0174229760505259
1895,0.0174229760505259
1896,0.0174229760505259
1897,0.0174229760505259
1898,0.0174229760505259
1899,0.0174229760505259
1900,0.0174229760505259
1901,0.0174229760505259
1902,0.0174229760505259
1903,0.0174229760505259
1904,0.0174229760505259
1905,0.0174229760505259
1906,0.0174229760505259
1907,0.0174229760505259
1908,0.0174229760505259
1909,0.0174229760505259
1910,0.0174229760505259
1911,0.0174229760505259
1912,0.0174229760505259
1913,0.0174229760505259
1914,0.0174229760505259
1915,0.0174229760505259
1916,0.0174229760505259
1917,0.0174229760505259
1918,0.0174229760505259
1919,0.0174229760505259
1920,0.0174229760505259
1921,0.0174229760505259
1922,0.0174229760505259
1923,0.0174229760505259
1924,0.0174229760505259
1925,0.0174229760505259
1926,0.0174229760505259
1927,0.0174229760505259
1928,0.0174229760505259
1929,0.0174229760505259
1930,0.0174229760505259
1931,0.0174229760505259
1932,0.0174229760505259
1933,0.0174229760505259
1934,0.0174229760505259
1935,0.0174229760505259
1936,0.0174229760505259
1937,0.0174229760505259
1938,0.0174229760505259
1939,0.0174229760505259
1940,0.0174229760505259
1941,0.0174229760505259
1942,0.0174229760505259
1943,0.0174229760505259
1944,0.0174229760505259
1945,0.0174229760505259
1946,0.0174229760505259
1947,0.0174229760505259
1948,0.0174229760505259
1949,0.0174229760505259
1950,0.0174229760505259
1951,0.0174229760505259
1952,0.0174229760505259
1953,0.0174229760505259
1954,0.0174229760505259
1955,0.0174229760505259
1956,0.0174229760505259
1957,0.0174229760505259
1958,0.0174229760505259
1959,0.0174229760505259
1960,0.0174229760505259
1961,0.0174229760505259
1962,0.0174229760505259
1963,0.0174229760505259
1964,0.0174229760505259
1965,0.0174229760505259
1966,0.0174229760505259
1967,0.0174229760505259
1968,0.0174229760505259
1969,0.0174229760505259
1970,0.0174229760505259
1971,0.0174229760505259
1972,0.0174229760505259
1973,0.0174229760505259
1974,0.0174229760505259
1975,0.0174229760505259
1976,0.0174229760505259
1977,0.0174229760505259
1978,0.0174229760505259
1979,0.0174229760505259
1980,0.0174229760505259
1981,0.0174229760505259
1982,0.0174229760505259
1983,0.0174229760505259
1984,0.0174229760505259
1985,0.0174229760505259
1986,0.0174229760505259
1987,0.0174229760505259
1988,0.0174229760505259
1989,0.0174229760505259
1990,0.0174229760505259
1991,0.0174229760505259
1992,0.0174229760505259
1993,0.0174229760505259
1994,0.0174229760505259
1995,0.0174229760505259
1996,0.0174229760505259
1997,0.0174229760505259
1998,0.0174229760505259
1999,0.0174229760505259
2000,0.0174229760505259
2001,0.0174229760505259
2002,0.0174229760505259
2003,0.0174229760505259
2004,0.0174229760505259
2005,0.0174229760505259
2006,0.0174229760505259
2007,0.0174229760505259
2008,0.0174229760505259
2009,0.0174229760505259
2010,0.0174229760505259
2011,0.0174229760505259
2012,0.0174229760505259
2013,0.0174229760505259
2014,0.0174229760505259
2015,0.0174229760505259
2016,0.0174229760505259
2017,0.0174229760505259
2018,0.0174229760505259
2019,0.0174229760505259
2020,0.0174229760505259
2021,0.0174229760505259
2022,0.0174229760505259
2023,0.0174229760505259
2024,0.0174229760505259
2025,0.0174229760505259
2026,0.0174229760505259
2027,0.0174229760505259
2028,0.0174229760505259
2029,0.0174229760505259
2030,0.0174229760505259
2031,0.0174229760505259
2032,0.0174229760505259
2033,0.0174229760505259
2034,0.0174229760505259
2035,0.0174229760505259
2036,0.0174229760505259
2037,0.0174229760505259
2038,0.0174229760505259
2039,0.0174229760505259
2040,0.0174229760505259
2041,0.0174229760505259
2042,0.0174229760505259
2043,0.0174229760505259
2044,0.0174229760505259
2045,0.0174229760505259
2046,0.0174229760505259
2047,0.0174229760505259
2048,0.0174229760505259
2049,0.0174229760505259
2050,0.0174229760505259
2051,0.0174229760505259
2052,0.0174229760505259
2053,0.0174229760505259
2054,0.0174229760505259
2055,0.0174229760505259
2056,0.0174229760505259
2057,0.0174229760505259
2058,0.0174229760505259
2059,0.0174229760505259
2060,0.0174229760505259
2061,0.0174229760505259
2062,0.0174229760505259
2063,0.0174229760505259
2064,0.0174229760505259
2065,0.0174229760505259
2066,0.0174229760505259
2067,0.0174229760505259
2068,0.0174229760505259
2069,0.0174229760505259
2070,0.0174229760505259
2071,0.0174229760505259
2072,0.0174229760505259
2073,0.01743705604970455
2074,0.01743705604970455
2075,0.01743705604970455
2076,0.01743705604970455
2077,0.01743705604970455
2078,0.01743705604970455
2079,0.01743705604970455
2080,0.01743705604970455
2081,0.01744953605160117
2082,0.01744953605160117
2083,0.01744953605160117
2084,0.01744953605160117
2085,0.01744953605160117
2086,0.01744953605160117
2087,0.01744953605160117
2088,0.01744953605160117
2089,0.017550080042332404
2090,0.017550080042332404
2091,0.017550080042332404
2092,0.017550080042332404
2093,0.017550080042332404
2094,0.017550080042332404
2095,0.017550080042332404
2096,0.017550080042332404
2097,0.017896192014217372
2098,0.017896192014217372
2099,0.018504447996616356
2100,0.018504447996616356
2101,0.018504447996616356
2102,0.018504447996616356
2103,0.018504447996616356
2104,0.018504447996616356
2105,0.01858329598605632
2106,0.01858329598605632
2107,0.018929279960691922
2108,0.018929279960691922
2109,0.018929279960691922
2110,0.018929279960691922
2111,0.018929279960691922
2112,0.018929279960691922
2113,0.020883071854710566
2114,0.020883071854710566
2115,0.020926463857293114
2116,0.020926463857293114
2117,0.020926463857293114
2118,0.020926463857293114
2119,0.020926463857293114
2120,0.020926463857293114
2121,0.02173439978063105
2122,0.02173439978063105
2123,0.02175545578077434
2124,0.02175545578077434
2125,0.02175545578077434
2126,0.02175545578077434
2127,0.02175545578077434
2128,0.02175545578077434
2129,0.02207993579283355
2130,0.02207993579283355
2131,0.02207993579283355
2132,0.02207993579283355
2133,0.02207993579283355
2134,0.02207993579283355
2135,0.02207993579283355
2136,0.02207993579283355
2137,0.02224787179008125
2138,0.02224787179008125
2139,0.02224787179008125
2140,0.02224787179008125
2141,0.02224787179008125
2142,0.02224787179008125
2143,0.02224787179008125
2144,0.02224787179008125
2145,0.02226604779064654
2146,0.02226604779064654
2147,0.02226604779064654
2148,0.02226604779064654
2149,0.02226604779064654
2150,0.02226604779064654
2151,0.02226604779064654
2152,0.02226604779064654
2153,0.02226604779064654
2154,0.02226604779064654
2155,0.02226604779064654
2156,0.02226604779064654
2157,0.02226604779064654
2158,0.02226604779064654
2159,0.02226604779064654
2160,0.02226604779064654
2161,0.02226604779064654
2162,0.02226604779064654
2163,0.02226604779064654
2164,0.02226604779064654
2165,0.02226604779064654
2166,0.02226604779064654
2167,0.02226604779064654
2168,0.02226604779064654
2169,0.02226604779064654
2170,0.02226604779064654
2171,0.02226604779064654
2172,0.02226604779064654
2173,0.02226604779064654
2174,0.02226604779064654
2175,0.02226604779064654
2176,0.02226604779064654
2177,0.02226604779064654
2178,0.02226604779064654
2179,0.02226604779064654
2180,0.02226604779064654
2181,0.02226604779064654
2182,0.02226604779064654
2183,0.02226604779064654
2184,0.02226604779064654
2185,0.02226604779064654
2186,0.02226604779064654
2187,0.02226604779064654
2188,0.02226604779064654
2189,0.02226604779064654
2190,0.02226604779064654
2191,0.02226604779064654
2192,0.02226604779064654
2193,0.02226604779064654
2194,0.02226604779064654
2195,0.02226604779064654
2196,0.02226604779064654
2197,0.02226604779064654
2198,0.02226604779064654
2199,0.02226604779064654
2200,0.02226604779064654
2201,0.02226604779064654
2202,0.02226604779064654
2203,0.02226604779064654
2204,0.02226604779064654
2205,0.02226604779064654
2206,0.02226604779064654
2207,0.02226604779064654
2208,0.02226604779064654
2209,0.02226604779064654
2210,0.02226604779064654
2211,0.02226604779064654
2212,0.02226604779064654
2213,0.02226604779064654
2214,0.02226604779064654
2215,0.02226604779064654
2216,0.02226604779064654
2217,0.02226604779064654
2218,0.02226604779064654
2219,0.02226604779064654
2220,0.02226604779064654
2221,0.02226604779064654
2222,0.02226604779064654
2223,0.02226604779064654
2224,0.02226604779064654
2225,0.02226604779064654
2226,0.02226604779064654
2227,0.02226604779064654
2228,0.02226604779064654
2229,0.02226604779064654
2230,0.02226604779064654
2231,0.02226604779064654
2232,0.02226604779064654
2233,0.02226604779064654
2234,0.02226604779064654
2235,0.02226604779064654
2236,0.02226604779064654
2237,0.02226604779064654
2238,0.02226604779064654
2239,0.02226604779064654
2240,0.02226604779064654
2241,0.02226604779064654
2242,0.02226604779064654
2243,0.02226604779064654
2244,0.02226604779064654
2245,0.02226604779064654
2246,0.02226604779064654
2247,0.02226604779064654
2248,0.02226604779064654
2249,0.02226604779064654
2250,0.02226604779064654
2251,0.02226604779064654
2252,0.02226604779064654
2253,0.02226604779064654
2254,0.02226604779064654
2255,0.02226604779064654
2256,0.02226604779064654
2257,0.02226604779064654
2258,0.02226604779064654
2259,0.02226604779064654
2260,0.02226604779064654
2261,0.02226604779064654
2262,0.02226604779064654
2263,0.02226604779064654
2264,0.02226604779064654
2265,0.02226604779064654
2266,0.02226604779064654
2267,0.02226604779064654
2268,0.02226604779064654
2269,0.02226604779064654
2270,0.02226604779064654
2271,0.02226604779064654
2272,0.02226604779064654
2273,0.02226604779064654
2274,0.02226604779064654
2275,0.02226604779064654
2276,0.02226604779064654
2277,0.02226604779064654
2278,0.02226604779064654
2279,0.02226604779064654
2280,0.02226604779064654
2281,0.02226604779064654
2282,0.02226604779064654
2283,0.02226604779064654
2284,0.02226604779064654
2285,0.02226604779064654
2286,0.02226604779064654
2287,0.02226604779064654
2288,0.02226604779064654
2289,0.02226604779064654
2290,0.02226604779064654
2291,0.02226604779064654
2292,0.02226604779064654
2293,0.02226604779064654
2294,0.02226604779064654
2295,0.02226604779064654
2296,0.02226604779064654
2297,0.02226604779064654
2298,0.02226604779064654
2299,0.02226604779064654
2300,0.02226604779064654
2301,0.02226604779064654
2302,0.02226604779064654
2303,0.02226604779064654
2304,0.02226604779064654
2305,0.02226604779064654
2306,0.02226604779064654
2307,0.02226604779064654
2308,0.02226604779064654
2309,0.02226604779064654
2310,0.02226604779064654
2311,0.02226604779064654
2312,0.02226604779064654
2313,0.02226604779064654
2314,0.02226604779064654
2315,0.02226604779064654
2316,0.02226604779064654
2317,0.02226604779064654
2318,0.02226604779064654
2319,0.02226604779064654
2320,0.02226604779064654
2321,0.02226604779064654
2322,0.02226604779064654
2323,0.02226604779064654
2324,0.02226604779064654
2325,0.02226604779064654
2326,0.02226604779064654
2327,0.02226604779064654
2328,0.02226604779064654
2329,0.02226604779064654
2330,0.02226604779064654
2331,0.02226604779064654
2332,0.02226604779064654
2333,0.02226604779064654
2334,0.02226604779064654
2335,0.02226604779064654
2336,0.02226604779064654
2337,0.02226604779064654
2338,0.02226604779064654
2339,0.02226604779064654
2340,0.02226604779064654
2341,0.02226604779064654
2342,0.02226604779064654
2343,0.02226604779064654
2344,0.02226604779064654
2345,0.02226604779064654
2346,0.02226604779064654
2347,0.02226604779064654
2348,0.02226604779064654
2349,0.02226604779064654
2350,0.02226604779064654
2351,0.02226604779064654
2352,0.02226604779064654
2353,0.02226604779064654
2354,0.02226604779064654
2355,0.02226604779064654
2356,0.02226604779064654
2357,0.02226604779064654
2358,0.02226604779064654
2359,0.02226604779064654
2360,0.02226604779064654
2361,0.02226604779064654
2362,0.02226604779064654
2363,0.02226604779064654
2364,0.02226604779064654
2365,0.02226604779064654
2366,0.02226604779064654
2367,0.02226604779064654
2368,0.02226604779064654
2369,0.02226604779064654
2370,0.02226604779064654
2371,0.02226604779064654
2372,0.02226604779064654
2373,0.02226604779064654
2374,0.02226604779064654
2375,0.02226604779064654
2376,0.02226604779064654
2377,0.02226604779064654
2378,0.02226604779064654
2379,0.02226604779064654
2380,0.02226604779064654
2381,0.02226604779064654
2382,0.02226604779064654
2383,0.02226604779064654
2384,0.02226604779064654
2385,0.02226604779064654
2386,0.02226604779064654
2387,0.02226604779064654
2388,0.02226604779064654
2389,0.02226604779064654
2390,0.02226604779064654
2391,0.02226604779064654
2392,0.02226604779064654
2393,0.02226604779064654
2394,0.02226604779064654
2395,0.02226604779064654
2396,0.02226604779064654
2397,0.02226604779064654
2398,0.02226604779064654
2399,0.02226604779064654
2400,0.02226604779064654
2401,0.02226604779064654
2402,0.02226604779064654
2403,0.02226604779064654
2404,0.02226604779064654
2405,0.02226604779064654
2406,0.02226604779064654
2407,0.02226604779064654
2408,0.02226604779064654
2409,0.02226604779064654
2410,0.02226604779064654
2411,0.02226604779064654
2412,0.02226604779064654
2413,0.02226604779064654
2414,0.02226604779064654
2415,0.02226604779064654
2416,0.02226604779064654
2417,0.02226604779064654
2418,0.02226604779064654
2419,0.02226604779064654
2420,0.02226604779064654
2421,0.02226604779064654
2422,0.02226604779064654
2423,0.02226604779064654
2424,0.02226604779064654
2425,0.02226604779064654
2426,0.02226604779064654
2427,0.02226604779064654
2428,0.02226604779064654
2429,0.02226604779064654
2430,0.02226604779064654
2431,0.02226604779064654
2432,0.02226604779064654
2433,0.02226604779064654
2434,0.02226604779064654
2435,0.02226604779064654
2436,0.02226604779064654
2437,0.02226604779064654
2438,0.02226604779064654
2439,0.02226604779064654
2440,0.02226604779064654
2441,0.02226604779064654
2442,0.02226604779064654
2443,0.02226604779064654
2444,0.02226604779064654
2445,0.02226604779064654
2446,0.02226604779064654
2447,0.02226604779064654
2448,0.02226604779064654
2449,0.02226604779064654
2450,0.02226604779064654
2451,0.02226604779064654
2452,0.02226604779064654
2453,0.02226604779064654
2454,0.02226604779064654
2455,0.02226604779064654
2456,0.02226604779064654
2457,0.02226604779064654
2458,0.02226604779064654
2459,0.02226604779064654
2460,0.02226604779064654
2461,0.02226604779064654
2462,0.02226604779064654
2463,0.02226604779064654
2464,0.02226604779064654
2465,0.02226604779064654
2466,0.02226604779064654
2467,0.02226604779064654
2468,0.02226604779064654
2469,0.02226604779064654
2470,0.02226604779064654
2471,0.02226604779064654
2472,0.02226604779064654
2473,0.02226604779064654
2474,0.02226604779064654
2475,0.02226604779064654
2476,0.02226604779064654
2477,0.02226604779064654
2478,0.02226604779064654
2479,0.02226604779064654
2480,0.02226604779064654
2481,0.02226604779064654
2482,0.02226604779064654
2483,0.02226604779064654
2484,0.02226604779064654
2485,0.02226604779064654
2486,0.02226604779064654
2487,0.02226604779064654
2488,0.02226604779064654
2489,0.02226604779064654
2490,0.02226604779064654
2491,0.02226604779064654
2492,0.02226604779064654
2493,0.02226604779064654
2494,0.02226604779064654
2495,0.02226604779064654
2496,0.02226604779064654
2497,0.02226604779064654
2498,0.02226604779064654
2499,0.02226604779064654
2500,0.02226604779064654
2501,0.02226604779064654
2502,0.02226604779064654
2503,0.02226604779064654
2504,0.02226604779064654
2505,0.02226604779064654
2506,0.02226604779064654
2507,0.02226604779064654
2508,0.02226604779064654
2509,0.02226604779064654
2510,0.02226604779064654
2511,0.02226604779064654
2512,0.02226604779064654
2513,0.02226604779064654
2514,0.02226604779064654
2515,0.02226604779064654
2516,0.02226604779064654
2517,0.02226604779064654
2518,0.02226604779064654
2519,0.02226604779064654
2520,0.02226604779064654
2521,0.02226604779064654
2522,0.02226604779064654
2523,0.02226604779064654
2524,0.02226604779064654
2525,0.02226604779064654
2526,0.02226604779064654
2527,0.02226604779064654
2528,0.02226604779064654
2529,0.02226604779064654
2530,0.02226604779064654
2531,0.02226604779064654
2532,0.02226604779064654
2533,0.02226604779064654
2534,0.02226604779064654
2535,0.02226604779064654
2536,0.02226604779064654
2537,0.02226604779064654
2538,0.02226604779064654
2539,0.02226604779064654
2540,0.02226604779064654
2541,0.02226604779064654
2542,0.02226604779064654
2543,0.02226604779064654
2544,0.02226604779064654
2545,0.02226604779064654
2546,0.02226604779064654
2547,0.02226604779064654
2548,0.02226604779064654
2549,0.02226604779064654
2550,0.02226604779064654
2551,0.02226604779064654
2552,0.02226604779064654
2553,0.02226604779064654
2554,0.02226604779064654
2555,0.02226604779064654
2556,0.02226604779064654
2557,0.02226604779064654
2558,0.02226604779064654
2559,0.02226604779064654
2560,0.02226604779064654
2561,0.02226604779064654
2562,0.02226604779064654
2563,0.02226604779064654
2564,0.02226604779064654
2565,0.02226604779064654
2566,0.02226604779064654
2567,0.02226604779064654
2568,0.02226604779064654
2569,0.02226604779064654
2570,0.02226604779064654
2571,0.02226604779064654
2572,0.02226604779064654
2573,0.02226604779064654
2574,0.02226604779064654
2575,0.02226604779064654
2576,0.02226604779064654
2577,0.02226604779064654
2578,0.02226604779064654
2579,0.02226604779064654
2580,0.02226604779064654
2581,0.02226604779064654
2582,0.02226604779064654
2583,0.02226604779064654
2584,0.02226604779064654
2585,0.02226604779064654
2586,0.02226604779064654
2587,0.02226604779064654
2588,0.02226604779064654
2589,0.02226604779064654
2590,0.02226604779064654
2591,0.02226604779064654
2592,0.02226604779064654
2593,0.02226604779064654
2594,0.02226604779064654
2595,0.02226604779064654
2596,0.02226604779064654
2597,0.02226604779064654
2598,0.02226604779064654
2599,0.02226604779064654
2600,0.02226604779064654
2601,0.02226604779064654
2602,0.02226604779064654
2603,0.02226604779064654
2604,0.02226604779064654
2605,0.02226604779064654
2606,0.02226604779064654
2607,0.02226604779064654
2608,0.02226604779064654
2609,0.02226604779064654
2610,0.02226604779064654
2611,0.02226604779064654
2612,0.02226604779064654
2613,0.02226604779064654
2614,0.02226604779064654
2615,0.02226604779064654
2616,0.02226604779064654
2617,0.02226604779064654
2618,0.02226604779064654
2619,0.02226604779064654
2620,0.02226604779064654
2621,0.02226604779064654
2622,0.02226604779064654
2623,0.02226604779064654
2624,0.02226604779064654
2625,0.02226604779064654
2626,0.02226604779064654
2627,0.02226604779064654
2628,0.02226604779064654
2629,0.02226604779064654
2630,0.02226604779064654
2631,0.02226604779064654
2632,0.02226604779064654
2633,0.02226604779064654
2634,0.02226604779064654
2635,0.02226604779064654
2636,0.02226604779064654
2637,0.02226604779064654
2638,0.02226604779064654
2639,0.02226604779064654
2640,0.02226604779064654
2641,0.02226604779064654
2642,0.02226604779064654
2643,0.02226604779064654
2644,0.02226604779064654
2645,0.02226604779064654
2646,0.02226604779064654
2647,0.02226604779064654
2648,0.02226604779064654
2649,0.02226604779064654
2650,0.02226604779064654
2651,0.02226604779064654
2652,0.02226604779064654
2653,0.02226604779064654
2654,0.02226604779064654
2655,0.02226604779064654
2656,0.02226604779064654
2657,0.02226604779064654
2658,0.02226604779064654
2659,0.02226604779064654
2660,0.02226604779064654
2661,0.02226604779064654
2662,0.02226604779064654
2663,0.02226604779064654
2664,0.02226604779064654
2665,0.02226604779064654
2666,0.02226604779064654
2667,0.02226604779064654
2668,0.02226604779064654
2669,0.02226604779064654
2670,0.02226604779064654
2671,0.02226604779064654
2672,0.02226604779064654
2673,0.02226604779064654
2674,0.02226604779064654
2675,0.02226604779064654
2676,0.02226604779064654
2677,0.02226604779064654
2678,0.02226604779064654
2679,0.02226604779064654
2680,0.02226604779064654
2681,0.02226604779064654
2682,0.02226604779064654
2683,0.02226604779064654
2684,0.02226604779064654
2685,0.02226604779064654
2686,0.02226604779064654
2687,0.02226604779064654
2688,0.02226604779064654
2689,0.02226604779064654
2690,0.02226604779064654
2691,0.02226604779064654
2692,0.02226604779064654
2693,0.02226604779064654
2694,0.02226604779064654
2695,0.02226604779064654
2696,0.02226604779064654
2697,0.02226604779064654
2698,0.02226604779064654
2699,0.02226604779064654
2700,0.02226604779064654
2701,0.02226604779064654
2702,0.02226604779064654
2703,0.02226604779064654
2704,0.02226604779064654
2705,0.02226604779064654
2706,0.02226604779064654
2707,0.02226604779064654
2708,0.02226604779064654
2709,0.02226604779064654
2710,0.02226604779064654
2711,0.02226604779064654
2712,0.02226604779064654
2713,0.02226604779064654
2714,0.02226604779064654
2715,0.02226604779064654
2716,0.02226604779064654
2717,0.02226604779064654
2718,0.02226604779064654
2719,0.02226604779064654
2720,0.02226604779064654
2721,0.02226604779064654
2722,0.02226604779064654
2723,0.02226604779064654
2724,0.02226604779064654
2725,0.02226604779064654
2726,0.02226604779064654
2727,0.02226604779064654
2728,0.02226604779064654
2729,0.02226604779064654
2730,0.02226604779064654
2731,0.02226604779064654
2732,0.02226604779064654
2733,0.02226604779064654
2734,0.02226604779064654
2735,0.02226604779064654
2736,0.02226604779064654
2737,0.02226604779064654
2738,0.02226604779064654
2739,0.02226604779064654
2740,0.02226604779064654
2741,0.02226604779064654
2742,0.02226604779064654
2743,0.02226604779064654
2744,0.02226604779064654
2745,0.02226604779064654
2746,0.02226604779064654
2747,0.02226604779064654
2748,0.02226604779064654
2749,0.02226604779064654
2750,0.02226604779064654
2751,0.02226604779064654
2752,0.02226604779064654
2753,0.02226604779064654
2754,0.02226604779064654
2755,0.02226604779064654
2756,0.02226604779064654
2757,0.02226604779064654
2758,0.02226604779064654
2759,0.02226604779064654
2760,0.02226604779064654
2761,0.02226604779064654
2762,0.02226604779064654
2763,0.02226604779064654
2764,0.02226604779064654
2765,0.02226604779064654
2766,0.02226604779064654
2767,0.02226604779064654
2768,0.02226604779064654
2769,0.02226604779064654
2770,0.02226604779064654
2771,0.02226604779064654
2772,0.02226604779064654
2773,0.02226604779064654
2774,0.02226604779064654
2775,0.02226604779064654
2776,0.02226604779064654
2777,0.02226604779064654
2778,0.02226604779064654
2779,0.02226604779064654
2780,0.02226604779064654
2781,0.02226604779064654
2782,0.02226604779064654
2783,0.02226604779064654
2784,0.02226604779064654
2785,0.02226604779064654
2786,0.02226604779064654
2787,0.02226604779064654
2788,0.02226604779064654
2789,0.02226604779064654
2790,0.02226604779064654
2791,0.02226604779064654
2792,0.02226604779064654
2793,0.02226604779064654
2794,0.02226604779064654
2795,0.02226604779064654
2796,0.02226604779064654
2797,0.02226604779064654
2798,0.02226604779064654
2799,0.02226604779064654
2800,0.02226604779064654
2801,0.02226604779064654
2802,0.02226604779064654
2803,0.02226604779064654
2804,0.02226604779064654
2805,0.02226604779064654
2806,0.02226604779064654
2807,0.02226604779064654
2808,0.02226604779064654
2809,0.02226604779064654
2810,0.02226604779064654
2811,0.02226604779064654
2812,0.02226604779064654
2813,0.02226604779064654
2814,0.02226604779064654
2815,0.02226604779064654
2816,0.02226604779064654
2817,0.02226604779064654
2818,0.02226604779064654
2819,0.02226604779064654
2820,0.02226604779064654
2821,0.02226604779064654
2822,0.02226604779064654
2823,0.02226604779064654
2824,0.02226604779064654
2825,0.02226604779064654
2826,0.02226604779064654
2827,0.02226604779064654
2828,0.02226604779064654
2829,0.02226604779064654
2830,0.02226604779064654
2831,0.02226604779064654
2832,0.02226604779064654
2833,0.02226604779064654
2834,0.02226604779064654
2835,0.02226604779064654
2836,0.02226604779064654
2837,0.02226604779064654
2838,0.02226604779064654
2839,0.02226604779064654
2840,0.02226604779064654
2841,0.02226604779064654
2842,0.02226604779064654
2843,0.02226604779064654
2844,0.02226604779064654
2845,0.02226604779064654
2846,0.02226604779064654
2847,0.02226604779064654
2848,0.02226604779064654
2849,0.02226604779064654
2850,0.02226604779064654
2851,0.02226604779064654
2852,0.02226604779064654
2853,0.02226604779064654
2854,0.02226604779064654
2855,0.02226604779064654
2856,0.02226604779064654
2857,0.02226604779064654
2858,0.02226604779064654
2859,0.02226604779064654
2860,0.02226604779064654
2861,0.02226604779064654
2862,0.02226604779064654
2863,0.02226604779064654
2864,0.02226604779064654
2865,0.02226604779064654
2866,0.02226604779064654
2867,0.02226604779064654
2868,0.02226604779064654
2869,0.02226604779064654
2870,0.02226604779064654
2871,0.02226604779064654
2872,0.02226604779064654
2873,0.02226604779064654
2874,0.02226604779064654
2875,0.02226604779064654
2876,0.02226604779064654
2877,0.02226604779064654
2878,0.02226604779064654
2879,0.02226604779064654
2880,0.02226604779064654
2881,0.02226604779064654
2882,0.02226604779064654
2883,0.02226604779064654
2884,0.02226604779064654
2885,0.02226604779064654
2886,0.02226604779064654
2887,0.02226604779064654
2888,0.02226604779064654
2889,0.02226604779064654
2890,0.02226604779064654
2891,0.02226604779064654
2892,0.02226604779064654
2893,0.02226604779064654
2894,0.02226604779064654
2895,0.02226604779064654
2896,0.02226604779064654
2897,0.02226604779064654
2898,0.02226604779064654
2899,0.02226604779064654
2900,0.02226604779064654
2901,0.02226604779064654
2902,0.02226604779064654
2903,0.02226604779064654
2904,0.02226604779064654
2905,0.02226604779064654
2906,0.02226604779064654
2907,0.02226604779064654
2908,0.02226604779064654
2909,0.02226604779064654
2910,0.02226604779064654
2911,0.02226604779064654
2912,0.02226604779064654
2913,0.02226604779064654
2914,0.02226604779064654
2915,0.02226604779064654
2916,0.02226604779064654
2917,0.02226604779064654
2918,0.02226604779064654
2919,0.02226604779064654
2920,0.02226604779064654
2921,0.02226604779064654
2922,0.02226604779064654
2923,0.02226604779064654
2924,0.02226604779064654
2925,0.02226604779064654
2926,0.02226604779064654
2927,0.02226604779064654
2928,0.02226604779064654
2929,0.02226604779064654
2930,0.02226604779064654
2931,0.02226604779064654
2932,0.02226604779064654
2933,0.02226604779064654
2934,0.02226604779064654
2935,0.02226604779064654
2936,0.02226604779064654
2937,0.02226604779064654
2938,0.02226604779064654
2939,0.02226604779064654
2940,0.02226604779064654
2941,0.02226604779064654
2942,0.02226604779064654
2943,0.02226604779064654
2944,0.02226604779064654
2945,0.02226604779064654
2946,0.02226604779064654
2947,0.02226604779064654
2948,0.02226604779064654
2949,0.02226604779064654
2950,0.02226604779064654
2951,0.02226604779064654
2952,0.02226604779064654
2953,0.02226604779064654
2954,0.02226604779064654
2955,0.02226604779064654
2956,0.02226604779064654
2957,0.02226604779064654
2958,0.02226604779064654
2959,0.02226604779064654
2960,0.02226604779064654
2961,0.02226604779064654
2962,0.02226604779064654
2963,0.02226604779064654
2964,0.02226604779064654
2965,0.02226604779064654
2966,0.02226604779064654
2967,0.02226604779064654
2968,0.02226604779064654
2969,0.02226604779064654
2970,0.02226604779064654
2971,0.02226604779064654
2972,0.02226604779064654
2973,0.02226604779064654
2974,0.02226604779064654
2975,0.02226604779064654
2976,0.02226604779064654
2977,0.02226604779064654
2978,0.02226604779064654
2979,0.02226604779064654
2980,0.02226604779064654
2981,0.02226604779064654
2982,0.02226604779064654
2983,0.02226604779064654
2984,0.02226604779064654
2985,0.02226604779064654
2986,0.02226604779064654
2987,0.02226604779064654
2988,0.02226604779064654
2989,0.02226604779064654
2990,0.02226604779064654
2991,0.02226604779064654
2992,0.02226604779064654
2993,0.02226604779064654
2994,0.02226604779064654
2995,0.02226604779064654
2996,0.02226604779064654
2997,0.02226604779064654
2998,0.02226604779064654
2999,0.02226604779064654
3000,0.02226604779064654
3001,0.02226604779064654
3002,0.02226604779064654
3003,0.02226604779064654
3004,0.02226604779064654
3005,0.02226604779064654
3006,0.02226604779064654
3007,0.02226604779064654
3008,0.02226604779064654
3009,0.02226604779064654
3010,0.02226604779064654
3011,0.02226604779064654
3012,0.02226604779064654
3013,0.02226604779064654
3014,0.02226604779064654
3015,0.02226604779064654
3016,0.02226604779064654
3017,0.02226604779064654
3018,0.02226604779064654
3019,0.02226604779064654
3020,0.02226604779064654
3021,0.02226604779064654
3022,0.02226604779064654
3023,0.02226604779064654
3024,0.02226604779064654
3025,0.02226604779064654
3026,0.02226604779064654
3027,0.02226604779064654
3028,0.02226604779064654
3029,0.02226604779064654
3030,0.02226604779064654
3031,0.02226604779064654
3032,0.02226604779064654
3033,0.02226604779064654
3034,0.02226604779064654
3035,0.02226604779064654
3036,0.02226604779064654
3037,0.02226604779064654
3038,0.02226604779064654
3039,0.02226604779064654
3040,0.02226604779064654
3041,0.02226604779064654
3042,0.02226604779064654
3043,0.02226604779064654
3044,0.02226604779064654
3045,0.02226604779064654
3046,0.02226604779064654
3047,0.02226604779064654
3048,0.02226604779064654
3049,0.02226604779064654
3050,0.02226604779064654
3051,0.02226604779064654
3052,0.02226604779064654
3053,0.02226604779064654
3054,0.02226604779064654
3055,0.02226604779064654
3056,0.02226604779064654
3057,0.02226604779064654
3058,0.02226604779064654
3059,0.02226604779064654
3060,0.02226604779064654
3061,0.02226604779064654
3062,0.02226604779064654
3063,0.02226604779064654
3064,0.02226604779064654
3065,0.02226604779064654
3066,0.02226604779064654
3067,0.02226604779064654
3068,0.02226604779064654
3069,0.02226604779064654
3070,0.02226604779064654
3071,0.02226604779064654
3072,0.02226604779064654
3073,0.02226604779064654
3074,0.02226604779064654
3075,0.02226604779064654
3076,0.02226604779064654
3077,0.02226604779064654
3078,0.02226604779064654
3079,0.02226604779064654
3080,0.02226604779064654
3081,0.02226604779064654
3082,0.02226604779064654
3083,0.02226604779064654
3084,0.02226604779064654
3085,0.02226604779064654
3086,0.02226604779064654
3087,0.02226604779064654
3088,0.02226604779064654
3089,0.02226604779064654
3090,0.02226604779064654
3091,0.02226604779064654
3092,0.02226604779064654
3093,0.02226604779064654
3094,0.02226604779064654
3095,0.02226604779064654
3096,0.02226604779064654
3097,0.02226604779064654
3098,0.02226604779064654
3099,0.02226604779064654
3100,0.02226604779064654
3101,0.02226604779064654
3102,0.02226604779064654
3103,0.02226604779064654
3104,0.02226604779064654
3105,0.02226604779064654
3106,0.02226604779064654
3107,0.02226604779064654
3108,0.02226604779064654
3109,0.02226604779064654
3110,0.02226604779064654
3111,0.02226604779064654
3112,0.02226604779064654
3113,0.02226604779064654
3114,0.02226604779064654
3115,0.02226604779064654
3116,0.02226604779064654
3117,0.02226604779064654
3118,0.02226604779064654
3119,0.02226604779064654
3120,0.02226604779064654
3121,0.02226604779064654
3122,0.02226604779064654
3123,0.02226604779064654
3124,0.02226604779064654
3125,0.02226604779064654
3126,0.02226604779064654
3127,0.02226604779064654
3128,0.02226604779064654
3129,0.02226604779064654
3130,0.02226604779064654
3131,0.02226604779064654
3132,0.02226604779064654
3133,0.02226604779064654
3134,0.02226604779064654
3135,0.02226604779064654
3136,0.02226604779064654
3137,0.02226604779064654
3138,0.02226604779064654
3139,0.02226604779064654
3140,0.02226604779064654
3141,0.02226604779064654
3142,0.02226604779064654
3143,0.02226604779064654
3144,0.02226604779064654
3145,0.02226604779064654
3146,0.02226604779064654
3147,0.02226604779064654
3148,0.02226604779064654
3149,0.02226604779064654
3150,0.02226604779064654
3151,0.02226604779064654
3152,0.02226604779064654
3153,0.02226604779064654
3154,0.02226604779064654
3155,0.02226604779064654
3156,0.02226604779064654
3157,0.02226604779064654
3158,0.02226604779064654
3159,0.02226604779064654
3160,0.02226604779064654
3161,0.02226604779064654
3162,0.02226604779064654
3163,0.02226604779064654
3164,0.02226604779064654
3165,0.02226604779064654
3166,0.02226604779064654
3167,0.02226604779064654
3168,0.02226604779064654
3169,0.02226604779064654
3170,0.02226604779064654
3171,0.02226604779064654
3172,0.02226604779064654
3173,0.02226604779064654
3174,0.02226604779064654
3175,0.02226604779064654
3176,0.02226604779064654
3177,0.02226604779064654
3178,0.02226604779064654
3179,0.02226604779064654
3180,0.02226604779064654
3181,0.02226604779064654
3182,0.02226604779064654
3183,0.02226604779064654
3184,0.02226604779064654
3185,0.02226604779064654
3186,0.02226604779064654
3187,0.02226604779064654
3188,0.02226604779064654
3189,0.02226604779064654
3190,0.02226604779064654
3191,0.02226604779064654
3192,0.02226604779064654
3193,0.02226604779064654
3194,0.02226604779064654
3195,0.02226604779064654
3196,0.02226604779064654
3197,0.02226604779064654
3198,0.02226604779064654
3199,0.02226604779064654
3200,0.02226604779064654
3201,0.02226604779064654
3202,0.02226604779064654
3203,0.02226604779064654
3204,0.02226604779064654
3205,0.02226604779064654
3206,0.02226604779064654
3207,0.02226604779064654
3208,0.02226604779064654
3209,0.02226604779064654
3210,0.02226604779064654
3211,0.02226604779064654
3212,0.02226604779064654
3213,0.02226604779064654
3214,0.02226604779064654
3215,0.02226604779064654
3216,0.02226604779064654
3217,0.02226604779064654
3218,0.02226604779064654
3219,0.02226604779064654
3220,0.02226604779064654
3221,0.02226604779064654
3222,0.02226604779064654
3223,0.02226604779064654
3224,0.02226604779064654
3225,0.02226604779064654
3226,0.02226604779064654
3227,0.02226604779064654
3228,0.02226604779064654
3229,0.02226604779064654
3230,0.02226604779064654
3231,0.02226604779064654
3232,0.02226604779064654
3233,0.02226604779064654
3234,0.02226604779064654
3235,0.02226604779064654
3236,0.02226604779064654
3237,0.02226604779064654
3238,0.02226604779064654
3239,0.02226604779064654
3240,0.02226604779064654
3241,0.02226604779064654
3242,0.02226604779064654
3243,0.02226604779064654
3244,0.02226604779064654
3245,0.02226604779064654
3246,0.02226604779064654
3247,0.02226604779064654
3248,0.02226604779064654
3249,0.02226604779064654
3250,0.02226604779064654
3251,0.02226604779064654
3252,0.02226604779064654
3253,0.02226604779064654
3254,0.02226604779064654
3255,0.02226604779064654
3256,0.02226604779064654
3257,0.02226604779064654
3258,0.02226604779064654
3259,0.02226604779064654
3260,0.02226604779064654
3261,0.02226604779064654
3262,0.02226604779064654
3263,0.02226604779064654
3264,0.02226604779064654
3265,0.02226604779064654
3266,0.02226604779064654
3267,0.02226604779064654
3268,0.02226604779064654
3269,0.02226604779064654
3270,0.02226604779064654
3271,0.02226604779064654
3272,0.02226604779064654
3273,0.02226604779064654
3274,0.02226604779064654
3275,0.02226604779064654
3276,0.02226604779064654
3277,0.02226604779064654
3278,0.02226604779064654
3279,0.02226604779064654
3280,0.02226604779064654
3281,0.02226604779064654
3282,0.02226604779064654
3283,0.02226604779064654
3284,0.02226604779064654
3285,0.02226604779064654
3286,0.02226604779064654
3287,0.02226604779064654
3288,0.02226604779064654
3289,0.02226604779064654
3290,0.02226604779064654
3291,0.02226604779064654
3292,0.02226604779064654
3293,0.02226604779064654
3294,0.02226604779064654
3295,0.02226604779064654
3296,0.02226604779064654
3297,0.02226604779064654
3298,0.02226604779064654
3299,0.02226604779064654
3300,0.02226604779064654
3301,0.02226604779064654
3302,0.02226604779064654
3303,0.02226604779064654
3304,0.02226604779064654
3305,0.02226604779064654
3306,0.02226604779064654
3307,0.02226604779064654
3308,0.02226604779064654
3309,0.02226604779064654
3310,0.02226604779064654
3311,0.02226604779064654
3312,0.02226604779064654
3313,0.02226604779064654
3314,0.02226604779064654
3315,0.02226604779064654
3316,0.02226604779064654
3317,0.02226604779064654
3318,0.02226604779064654
3319,0.02226604779064654
3320,0.02226604779064654
3321,0.02226604779064654
3322,0.02226604779064654
3323,0.02226604779064654
3324,0.02226604779064654
3325,0.02226604779064654
3326,0.02226604779064654
3327,0.02226604779064654
3328,0.02226604779064654
3329,0.02226604779064654
3330,0.02226604779064654
3331,0.02226604779064654
3332,0.02226604779064654
3333,0.02226604779064654
3334,0.02226604779064654
3335,0.02226604779064654
3336,0.02226604779064654
3337,0.02226604779064654
3338,0.02226604779064654
3339,0.02226604779064654
3340,0.02226604779064654
3341,0.02226604779064654
3342,0.02226604779064654
3343,0.02226604779064654
3344,0.02226604779064654
3345,0.02226604779064654
3346,0.02226604779064654
3347,0.02226604779064654
3348,0.02226604779064654
3349,0.02226604779064654
3350,0.02226604779064654
3351,0.02226604779064654
3352,0.02226604779064654
3353,0.02226604779064654
3354,0.02226604779064654
3355,0.02226604779064654
3356,0.02226604779064654
3357,0.02226604779064654
3358,0.02226604779064654
3359,0.02226604779064654
3360,0.02226604779064654
3361,0.02226604779064654
3362,0.02226604779064654
3363,0.02226604779064654
3364,0.02226604779064654
3365,0.02226604779064654
3366,0.02226604779064654
3367,0.02226604779064654
3368,0.02226604779064654
3369,0.02226604779064654
3370,0.02226604779064654
3371,0.02226604779064654
3372,0.02226604779064654
3373,0.02226604779064654
3374,0.02226604779064654
3375,0.02226604779064654
3376,0.02226604779064654
3377,0.02226604779064654
3378,0.02226604779064654
3379,0.02226604779064654
3380,0.02226604779064654
3381,0.02226604779064654
3382,0.02226604779064654
3383,0.02226604779064654
3384,0.02226604779064654
3385,0.02226604779064654
3386,0.02226604779064654
3387,0.02226604779064654
3388,0.02226604779064654
3389,0.02226604779064654
3390,0.02226604779064654
3391,0.02226604779064654
3392,0.02226604779064654
3393,0.02226604779064654
3394,0.02226604779064654
3395,0.02226604779064654
3396,0.02226604779064654
3397,0.02226604779064654
3398,0.02226604779064654
3399,0.02226604779064654
3400,0.02226604779064654
3401,0.02226604779064654
3402,0.02226604779064654
3403,0.02226604779064654
3404,0.02226604779064654
3405,0.02226604779064654
3406,0.02226604779064654
3407,0.02226604779064654
3408,0.02226604779064654
3409,0.02226604779064654
3410,0.02226604779064654
3411,0.02226604779064654
3412,0.02226604779064654
3413,0.02226604779064654
3414,0.02226604779064654
3415,0.02226604779064654
3416,0.02226604779064654
3417,0.02226604779064654
3418,0.02226604779064654
3419,0.02226604779064654
3420,0.02226604779064654
3421,0.02226604779064654
3422,0.02226604779064654
3423,0.02226604779064654
3424,0.02226604779064654
3425,0.02226604779064654
3426,0.02226604779064654
3427,0.02226604779064654
3428,0.02226604779064654
3429,0.02226604779064654
3430,0.02226604779064654
3431,0.02226604779064654
3432,0.02226604779064654
3433,0.02226604779064654
3434,0.02226604779064654
3435,0.02226604779064654
3436,0.02226604779064654
3437,0.02226604779064654
3438,0.02226604779064654
3439,0.02226604779064654
3440,0.02226604779064654
3441,0.02226604779064654
3442,0.02226604779064654
3443,0.02226604779064654
3444,0.02226604779064654
3445,0.02226604779064654
3446,0.02226604779064654
3447,0.02226604779064654
3448,0.02226604779064654
3449,0.02226604779064654
3450,0.02226604779064654
3451,0.02226604779064654
3452,0.02226604779064654
3453,0.02226604779064654
3454,0.02226604779064654
3455,0.02226604779064654
3456,0.02226604779064654
3457,0.02226604779064654
3458,0.02226604779064654
3459,0.02226604779064654
3460,0.02226604779064654
3461,0.02226604779064654
3462,0.02226604779064654
3463,0.02226604779064654
3464,0.02226604779064654
3465,0.02226604779064654
3466,0.02226604779064654
3467,0.02226604779064654
3468,0.02226604779064654
3469,0.02226604779064654
3470,0.02226604779064654
3471,0.02226604779064654
3472,0.02226604779064654
3473,0.02226604779064654
3474,0.02226604779064654
3475,0.02226604779064654
3476,0.02226604779064654
3477,0.02226604779064654
3478,0.02226604779064654
3479,0.02226604779064654
3480,0.02226604779064654
3481,0.02226604779064654
3482,0.02226604779064654
3483,0.02226604779064654
3484,0.02226604779064654
3485,0.02226604779064654
3486,0.02226604779064654
3487,0.02226604779064654
3488,0.02226604779064654
3489,0.02226604779064654
3490,0.02226604779064654
3491,0.02226604779064654
3492,0.02226604779064654
3493,0.02226604779064654
3494,0.02226604779064654
3495,0.02226604779064654
3496,0.02226604779064654
3497,0.02226604779064654
3498,0.02226604779064654
3499,0.02226604779064654
3500,0.02226604779064654
3501,0.02226604779064654
3502,0.02226604779064654
3503,0.02226604779064654
3504,0.02226604779064654
3505,0.02226604779064654
3506,0.02226604779064654
3507,0.02226604779064654
3508,0.02226604779064654
3509,0.02226604779064654
3510,0.02226604779064654
3511,0.02226604779064654
3512,0.02226604779064654
3513,0.02226604779064654
3514,0.02226604779064654
3515,0.02226604779064654
3516,0.02226604779064654
3517,0.02226604779064654
3518,0.02226604779064654
3519,0.02226604779064654
3520,0.02226604779064654
3521,0.02226604779064654
3522,0.02226604779064654
3523,0.02226604779064654
3524,0.02226604779064654
3525,0.02226604779064654
3526,0.02226604779064654
3527,0.02226604779064654
3528,0.02226604779064654
3529,0.02226604779064654
3530,0.02226604779064654
3531,0.02226604779064654
3532,0.02226604779064654
3533,0.02226604779064654
3534,0.02226604779064654
3535,0.02226604779064654
3536,0.02226604779064654
3537,0.02226604779064654
3538,0.02226604779064654
3539,0.02226604779064654
3540,0.02226604779064654
3541,0.02226604779064654
3542,0.02226604779064654
3543,0.02226604779064654
3544,0.02226604779064654
3545,0.02226604779064654
3546,0.02226604779064654
3547,0.02226604779064654
3548,0.02226604779064654
3549,0.02226604779064654
3550,0.02226604779064654
3551,0.02226604779064654
3552,0.02226604779064654
3553,0.02226604779064654
3554,0.02226604779064654
3555,0.02226604779064654
3556,0.02226604779064654
3557,0.02226604779064654
3558,0.02226604779064654
3559,0.02226604779064654
3560,0.02226604779064654
3561,0.02226604779064654
3562,0.02226604779064654
3563,0.02226604779064654
3564,0.02226604779064654
3565,0.02226604779064654
3566,0.02226604779064654
3567,0.02226604779064654
3568,0.02226604779064654
3569,0.02226604779064654
3570,0.02226604779064654
3571,0.02226604779064654
3572,0.02226604779064654
3573,0.02226604779064654
3574,0.02226604779064654
3575,0.02226604779064654
3576,0.02226604779064654
3577,0.02226604779064654
3578,0.02226604779064654
3579,0.02226604779064654
3580,0.02226604779064654
3581,0.02226604779064654
3582,0.02226604779064654
3583,0.02226604779064654
3584,0.02226604779064654
3585,0.02226604779064654
3586,0.02226604779064654
3587,0.02226604779064654
3588,0.02226604779064654
3589,0.02226604779064654
3590,0.02226604779064654
3591,0.02226604779064654
3592,0.02226604779064654
3593,0.02226604779064654
3594,0.02226604779064654
3595,0.02226604779064654
3596,0.02226604779064654
3597,0.02226604779064654
3598,0.02226604779064654
3599,0.02226604779064654
3600,0.02226604779064654
3601,0.02226604779064654
3602,0.02226604779064654
3603,0.02226604779064654
3604,0.02226604779064654
3605,0.02226604779064654
3606,0.02226604779064654
3607,0.02226604779064654
3608,0.02226604779064654
3609,0.02226604779064654
3610,0.02226604779064654
3611,0.02226604779064654
3612,0.02226604779064654
3613,0.02226604779064654
3614,0.02226604779064654
3615,0.02226604779064654
3616,0.02226604779064654
3617,0.02226604779064654
3618,0.02226604779064654
3619,0.02226604779064654
3620,0.02226604779064654
3621,0.02226604779064654
3622,0.02226604779064654
3623,0.02226604779064654
3624,0.02226604779064654
3625,0.02226604779064654
3626,0.02226604779064654
3627,0.02226604779064654
3628,0.02226604779064654
3629,0.02226604779064654
3630,0.02226604779064654
3631,0.02226604779064654
3632,0.02226604779064654
3633,0.02226604779064654
3634,0.02226604779064654
3635,0.02226604779064654
3636,0.02226604779064654
3637,0.02226604779064654
3638,0.02226604779064654
3639,0.02226604779064654
3640,0.02226604779064654
3641,0.02226604779064654
3642,0.02226604779064654
3643,0.02226604779064654
3644,0.02226604779064654
3645,0.02226604779064654
3646,0.02226604779064654
3647,0.02226604779064654
3648,0.02226604779064654
3649,0.02226604779064654
3650,0.02226604779064654
3651,0.02226604779064654
3652,0.02226604779064654
3653,0.02226604779064654
3654,0.02226604779064654
3655,0.02226604779064654
3656,0.02226604779064654
3657,0.02226604779064654
3658,0.02226604779064654
3659,0.02226604779064654
3660,0.02226604779064654
3661,0.02226604779064654
3662,0.02226604779064654
3663,0.02226604779064654
3664,0.02226604779064654
3665,0.02226604779064654
3666,0.02226604779064654
3667,0.02226604779064654
3668,0.02226604779064654
3669,0.02226604779064654
3670,0.02226604779064654
3671,0.02226604779064654
3672,0.02226604779064654
3673,0.02226604779064654
3674,0.02226604779064654
3675,0.02226604779064654
3676,0.02226604779064654
3677,0.02226604779064654
3678,0.02226604779064654
3679,0.02226604779064654
3680,0.02226604779064654
3681,0.02226604779064654
3682,0.02226604779064654
3683,0.02226604779064654
3684,0.02226604779064654
3685,0.02226604779064654
3686,0.02226604779064654
3687,0.02226604779064654
3688,0.02226604779064654
3689,0.02226604779064654
3690,0.02226604779064654
3691,0.02226604779064654
3692,0.02226604779064654
3693,0.02226604779064654
3694,0.02226604779064654
3695,0.02226604779064654
3696,0.02226604779064654
3697,0.02226604779064654
3698,0.02226604779064654
3699,0.02226604779064654
3700,0.02226604779064654
3701,0.02226604779064654
3702,0.02226604779064654
3703,0.02226604779064654
3704,0.02226604779064654
3705,0.02226604779064654
3706,0.02226604779064654
3707,0.02226604779064654
3708,0.02226604779064654
3709,0.02226604779064654
3710,0.02226604779064654
3711,0.02226604779064654
3712,0.02226604779064654
3713,0.02226604779064654
3714,0.02226604779064654
3715,0.02226604779064654
3716,0.02226604779064654
3717,0.02226604779064654
3718,0.02226604779064654
3719,0.02226604779064654
3720,0.02226604779064654
3721,0.02226604779064654
3722,0.02226604779064654
3723,0.02226604779064654
3724,0.02226604779064654
3725,0.02226604779064654
3726,0.02226604779064654
3727,0.02226604779064654
3728,0.02226604779064654
3729,0.02226604779064654
3730,0.02226604779064654
3731,0.02226604779064654
3732,0.02226604779064654
3733,0.02226604779064654
3734,0.02226604779064654
3735,0.02226604779064654
3736,0.02226604779064654
3737,0.02226604779064654
3738,0.02226604779064654
3739,0.02226604779064654
3740,0.02226604779064654
3741,0.02226604779064654
3742,0.02226604779064654
3743,0.02226604779064654
3744,0.02226604779064654
3745,0.02226604779064654
3746,0.02226604779064654
3747,0.02226604779064654
3748,0.02226604779064654
3749,0.02226604779064654
3750,0.02226604779064654
3751,0.02226604779064654
3752,0.02226604779064654
3753,0.02226604779064654
3754,0.02226604779064654
3755,0.02226604779064654
3756,0.02226604779064654
3757,0.02226604779064654
3758,0.02226604779064654
3759,0.02226604779064654
3760,0.02226604779064654
3761,0.02226604779064654
3762,0.02226604779064654
3763,0.02226604779064654
3764,0.02226604779064654
3765,0.02226604779064654
3766,0.02226604779064654
3767,0.02226604779064654
3768,0.02226604779064654
3769,0.02226604779064654
3770,0.02226604779064654
3771,0.02226604779064654
3772,0.02226604779064654
3773,0.02226604779064654
3774,0.02226604779064654
3775,0.02226604779064654
3776,0.02226604779064654
3777,0.02226604779064654
3778,0.02226604779064654
3779,0.02226604779064654
3780,0.02226604779064654
3781,0.02226604779064654
3782,0.02226604779064654
3783,0.02226604779064654
3784,0.02226604779064654
3785,0.02226604779064654
3786,0.02226604779064654
3787,0.02226604779064654
3788,0.02226604779064654
3789,0.02226604779064654
3790,0.02226604779064654
3791,0.02226604779064654
3792,0.02226604779064654
3793,0.02226604779064654
3794,0.02226604779064654
3795,0.02226604779064654
3796,0.02226604779064654
3797,0.02226604779064654
3798,0.02226604779064654
3799,0.02226604779064654
3800,0.02226604779064654
3801,0.02226604779064654
3802,0.02226604779064654
3803,0.02226604779064654
3804,0.02226604779064654
3805,0.02226604779064654
3806,0.02226604779064654
3807,0.02226604779064654
3808,0.02226604779064654
3809,0.02226604779064654
3810,0.02226604779064654
3811,0.02226604779064654
3812,0.02226604779064654
3813,0.02226604779064654
3814,0.02226604779064654
3815,0.02226604779064654
3816,0.02226604779064654
3817,0.02226604779064654
3818,0.02226604779064654
3819,0.02226604779064654
3820,0.02226604779064654
3821,0.02226604779064654
3822,0.02226604779064654
3823,0.02226604779064654
3824,0.02226604779064654
3825,0.02226604779064654
3826,0.02226604779064654
3827,0.02226604779064654
3828,0.02226604779064654
3829,0.02226604779064654
3830,0.02226604779064654
3831,0.02226604779064654
3832,0.02226604779064654
3833,0.02226604779064654
3834,0.02226604779064654
3835,0.02226604779064654
3836,0.02226604779064654
3837,0.02226604779064654
3838,0.02226604779064654
3839,0.02226604779064654
3840,0.02226604779064654
3841,0.02226604779064654
3842,0.02226604779064654
3843,0.02226604779064654
3844,0.02226604779064654
3845,0.02226604779064654
3846,0.02226604779064654
3847,0.02226604779064654
3848,0.02226604779064654
3849,0.02226604779064654
3850,0.02226604779064654
3851,0.02226604779064654
3852,0.02226604779064654
3853,0.02226604779064654
3854,0.02226604779064654
3855,0.02226604779064654
3856,0.02226604779064654
3857,0.02226604779064654
3858,0.02226604779064654
3859,0.02226604779064654
3860,0.02226604779064654
3861,0.02226604779064654
3862,0.02226604779064654
3863,0.02226604779064654
3864,0.02226604779064654
3865,0.02226604779064654
3866,0.02226604779064654
3867,0.02226604779064654
3868,0.02226604779064654
3869,0.02226604779064654
3870,0.02226604779064654
3871,0.02226604779064654
3872,0.02226604779064654
3873,0.02226604779064654
3874,0.02226604779064654
3875,0.02226604779064654
3876,0.02226604779064654
3877,0.02226604779064654
3878,0.02226604779064654
3879,0.02226604779064654
3880,0.02226604779064654
3881,0.02226604779064654
3882,0.02226604779064654
3883,0.02226604779064654
3884,0.02226604779064654
3885,0.02226604779064654
3886,0.02226604779064654
3887,0.02226604779064654
3888,0.02226604779064654
3889,0.02226604779064654
3890,0.02226604779064654
3891,0.02226604779064654
3892,0.02226604779064654
3893,0.02226604779064654
3894,0.02226604779064654
3895,0.02226604779064654
3896,0.02226604779064654
3897,0.02226604779064654
3898,0.02226604779064654
3899,0.02226604779064654
3900,0.02226604779064654
3901,0.02226604779064654
3902,0.02226604779064654
3903,0.02226604779064654
3904,0.02226604779064654
3905,0.02226604779064654
3906,0.02226604779064654
3907,0.02226604779064654
3908,0.02226604779064654
3909,0.02226604779064654
3910,0.02226604779064654
3911,0.02226604779064654
3912,0.02226604779064654
3913,0.02226604779064654
3914,0.02226604779064654
3915,0.02226604779064654
3916,0.02226604779064654
3917,0.02226604779064654
3918,0.02226604779064654
3919,0.02226604779064654
3920,0.02226604779064654
3921,0.02226604779064654
3922,0.02226604779064654
3923,0.02226604779064654
3924,0.02226604779064654
3925,0.02226604779064654
3926,0.02226604779064654
3927,0.02226604779064654
3928,0.02226604779064654
3929,0.02226604779064654
3930,0.02226604779064654
3931,0.02226604779064654
3932,0.02226604779064654
3933,0.02226604779064654
3934,0.02226604779064654
3935,0.02226604779064654
3936,0.02226604779064654
3937,0.02226604779064654
3938,0.02226604779064654
3939,0.02226604779064654
3940,0.02226604779064654
3941,0.02226604779064654
3942,0.02226604779064654
3943,0.02226604779064654
3944,0.02226604779064654
3945,0.02226604779064654
3946,0.02226604779064654
3947,0.02226604779064654
3948,0.02226604779064654
3949,0.02226604779064654
3950,0.02226604779064654
3951,0.02226604779064654
3952,0.02226604779064654
3953,0.02226604779064654
3954,0.02226604779064654
3955,0.02226604779064654
3956,0.02226604779064654
3957,0.02226604779064654
3958,0.02226604779064654
3959,0.02226604779064654
3960,0.02226604779064654
3961,0.02226604779064654
3962,0.02226604779064654
3963,0.02226604779064654
3964,0.02226604779064654
3965,0.02226604779064654
3966,0.02226604779064654
3967,0.02226604779064654
3968,0.02226604779064654
3969,0.02226604779064654
3970,0.02226604779064654
3971,0.02226604779064654
3972,0.02226604779064654
3973,0.02226604779064654
3974,0.02226604779064654
3975,0.02226604779064654
3976,0.02226604779064654
3977,0.02226604779064654
3978,0.02226604779064654
3979,0.02226604779064654
3980,0.02226604779064654
3981,0.02226604779064654
3982,0.02226604779064654
3983,0.02226604779064654
3984,0.02226604779064654
3985,0.02226604779064654
3986,0.02226604779064654
3987,0.02226604779064654
3988,0.02226604779064654
3989,0.02226604779064654
3990,0.02226604779064654
3991,0.02226604779064654
3992,0.02226604779064654
3993,0.02226604779064654
3994,0.02226604779064654
3995,0.02226604779064654
3996,0.02226604779064654
3997,0.02226604779064654
3998,0.02226604779064654
3999,0.02226604779064654
4000,0.02226604779064654
4001,0.02226604779064654
4002,0.02226604779064654
4003,0.02226604779064654
4004,0.02226604779064654
4005,0.02226604779064654
4006,0.02226604779064654
4007,0.02226604779064654
4008,0.02226604779064654
4009,0.02226604779064654
4010,0.02226604779064654
4011,0.02226604779064654
4012,0.02226604779064654
4013,0.02226604779064654
4014,0.02226604779064654
4015,0.02226604779064654
4016,0.02226604779064654
4017,0.02226604779064654
4018,0.02226604779064654
4019,0.02226604779064654
4020,0.02226604779064654
4021,0.02226604779064654
4022,0.02226604779064654
4023,0.02226604779064654
4024,0.02226604779064654
4025,0.02226604779064654
4026,0.02226604779064654
4027,0.02226604779064654
4028,0.02226604779064654
4029,0.02226604779064654
4030,0.02226604779064654
4031,0.02226604779064654
4032,0.02226604779064654
4033,0.02226604779064654
4034,0.02226604779064654
4035,0.02226604779064654
4036,0.02226604779064654
4037,0.02226604779064654
4038,0.02226604779064654
4039,0.02226604779064654
4040,0.02226604779064654
4041,0.02226604779064654
4042,0.02226604779064654
4043,0.02226604779064654
4044,0.02226604779064654
4045,0.02226604779064654
4046,0.02226604779064654
4047,0.02226604779064654
4048,0.02226604779064654
4049,0.02226604779064654
4050,0.02226604779064654
4051,0.02226604779064654
4052,0.02226604779064654
4053,0.02226604779064654
4054,0.02226604779064654
4055,0.02226604779064654
4056,0.02226604779064654
4057,0.02226604779064654
4058,0.02226604779064654
4059,0.02226604779064654
4060,0.02226604779064654
4061,0.02226604779064654
4062,0.02226604779064654
4063,0.02226604779064654
4064,0.02226604779064654
4065,0.02226604779064654
4066,0.02226604779064654
4067,0.02226604779064654
4068,0.02226604779064654
4069,0.02226604779064654
4070,0.02226604779064654
4071,0.02226604779064654
4072,0.02226604779064654
4073,0.02226604779064654
4074,0.02226604779064654
4075,0.02226604779064654
4076,0.02226604779064654
4077,0.02226604779064654
4078,0.02226604779064654
4079,0.02226604779064654
4080,0.02226604779064654
4081,0.02226604779064654
4082,0.02226604779064654
4083,0.02226604779064654
4084,0.02226604779064654
4085,0.02226604779064654
4086,0.02226604779064654
4087,0.02226604779064654
4088,0.02226604779064654
4089,0.02226604779064654
4090,0.02226604779064654
4091,0.02226604779064654
4092,0.02226604779064654
4093,0.02226604779064654
4094,0.02226604779064654
4095,0.02226604779064654
4096,0.02226604779064654
4097,0.02226604779064654
4098,0.02226604779064654
4099,0.02226604779064654
4100,0.02226604779064654
4101,0.02226604779064654
4102,0.02226604779064654
4103,0.02226604779064654
4104,0.02226604779064654
4105,0.022403135694563377
4106,0.022403135694563377
4107,0.022403135694563377
4108,0.022403135694563377
4109,0.022403135694563377
4110,0.022403135694563377
4111,0.022403135694563377
4112,0.022403135694563377
4113,0.0224918397553265
4114,0.0224918397553265
4115,0.0224918397553265
4116,0.0224918397553265
4117,0.0224918397553265
4118,0.0224918397553265
4119,0.0224918397553265
4120,0.0224918397553265
4121,0.02267718407884239
4122,0.02267718407884239
4123,0.02267718407884239
4124,0.02267718407884239
4125,0.02267718407884239
4126,0.02267718407884239
4127,0.02267718407884239
4128,0.02267718407884239
4129,0.02269523213431238
4130,0.02269523213431238
4131,0.02269523213431238
4132,0.02269523213431238
4133,0.02269523213431238
4134,0.02269523213431238
4135,0.02269523213431238
4136,0.02269523213431238
4137,0.022603520039468996
4138,0.022603520039468996
4139,0.022603520039468996
4140,0.022603520039468996
4141,0.022603520039468996
4142,0.022603520039468996
4143,0.022603520039468996
4144,0.022603520039468996
4145,0.022468288049101826
4146,0.022468288049101826
4147,0.022468288049101826
4148,0.022468288049101826
4149,0.022468288049101826
4150,0.022468288049101826
4151,0.022468288049101826
4152,0.022468288049101826
4153,0.022117504172027107
4154,0.022117504172027107
4155,0.022117504172027107
4156,0.022117504172027107
4157,0.022117504172027107
4158,0.022117504172027107
4159,0.022117504172027107
4160,0.022117504172027107
4161,0.022021440252661697
4162,0.022021440252661697
4163,0.022021440252661697
4164,0.022021440252661697
4165,0.022021440252661697
4166,0.022021440252661697
4167,0.022021440252661697
4168,0.022021440252661697
4169,0.02206400039419531
4170,0.02206400039419531
4171,0.02206400039419531
4172,0.02206400039419531
4173,0.02206400039419531
4174,0.02206400039419531
4175,0.02206400039419531
4176,0.02206400039419531
4177,0.022082816425710902
4178,0.022082816425710902
4179,0.022082816425710902
4180,0.022082816425710902
4181,0.022082816425710902
4182,0.022082816425710902
4183,0.022082816425710902
4184,0.022082816425710902
4185,0.022111680388450607
4186,0.022111680388450607
4187,0.022111680388450607
4188,0.022111680388450607
4189,0.022111680388450607
4190,0.022111680388450607
4191,0.022111680388450607
4192,0.022111680388450607
4193,0.022183232225477682
4194,0.022183232225477682
4195,0.022183232225477682
4196,0.022183232225477682
4197,0.022183232225477682
4198,0.022183232225477682
4199,0.022183232225477682
4200,0.022183232225477682
4201,0.02234809581190347
4202,0.02234809581190347
4203,0.02234809581190347
4204,0.02234809581190347
4205,0.02234809581190347
4206,0.02234809581190347
4207,0.02234809581190347
4208,0.02234809581190347
4209,0.022398143686354153
4210,0.022398143686354153
4211,0.022398143686354153
4212,0.022398143686354153
4213,0.022398143686354153
4214,0.022398143686354153
4215,0.022398143686354153
4216,0.022398143686354153
4217,0.022398143686354153
4218,0.022398143686354153
4219,0.022398143686354153
4220,0.022398143686354153
4221,0.022398143686354153
4222,0.022398143686354153
4223,0.022398143686354153
4224,0.022398143686354153
4225,0.022398143686354153
4226,0.022398143686354153
4227,0.022398143686354153
4228,0.022398143686354153
4229,0.022398143686354153
4230,0.022398143686354153
4231,0.022398143686354153
4232,0.022398143686354153
4233,0.022398143686354153
4234,0.022398143686354153
4235,0.022398143686354153
4236,0.022398143686354153
4237,0.022398143686354153
4238,0.022398143686354153
4239,0.022398143686354153
4240,0.022398143686354153
4241,0.022398143686354153
4242,0.022398143686354153
4243,0.022398143686354153
4244,0.022398143686354153
4245,0.022398143686354153
4246,0.022398143686354153
4247,0.022398143686354153
4248,0.022398143686354153
4249,0.022398143686354153
4250,0.022398143686354153
4251,0.022398143686354153
4252,0.022398143686354153
4253,0.022398143686354153
4254,0.022398143686354153
4255,0.022398143686354153
4256,0.022398143686354153
4257,0.022398143686354153
4258,0.022398143686354153
4259,0.022398143686354153
4260,0.022398143686354153
4261,0.022398143686354153
4262,0.022398143686354153
4263,0.022398143686354153
4264,0.022398143686354153
4265,0.022398143686354153
4266,0.022398143686354153
4267,0.022398143686354153
4268,0.022398143686354153
4269,0.022398143686354153
4270,0.022398143686354153
4271,0.022398143686354153
4272,0.022398143686354153
4273,0.022398143686354153
4274,0.022398143686354153
4275,0.022398143686354153
4276,0.022398143686354153
4277,0.022398143686354153
4278,0.022398143686354153
4279,0.022398143686354153
4280,0.022398143686354153
4281,0.022398143686354153
4282,0.022398143686354153
4283,0.022398143686354153
4284,0.022398143686354153
4285,0.022398143686354153
4286,0.022398143686354153
4287,0.022398143686354153
4288,0.022398143686354153
4289,0.022398143686354153
4290,0.022398143686354153
4291,0.022398143686354153
4292,0.022398143686354153
4293,0.022398143686354153
4294,0.022398143686354153
4295,0.022398143686354153
4296,0.022398143686354153
4297,0.022398143686354153
4298,0.022398143686354153
4299,0.022398143686354153
4300,0.022398143686354153
4301,0.022398143686354153
4302,0.022398143686354153
4303,0.022398143686354153
4304,0.022398143686354153
4305,0.022398143686354153
4306,0.022398143686354153
4307,0.022398143686354153
4308,0.022398143686354153
4309,0.022398143686354153
4310,0.022398143686354153
4311,0.022398143686354153
4312,0.022398143686354153
4313,0.022398143686354153
4314,0.022398143686354153
4315,0.022398143686354153
4316,0.022398143686354153
4317,0.022398143686354153
4318,0.022398143686354153
4319,0.022398143686354153
4320,0.022398143686354153
4321,0.022398143686354153
4322,0.022398143686354153
4323,0.022398143686354153
4324,0.022398143686354153
4325,0.022398143686354153
4326,0.022398143686354153
4327,0.022398143686354153
4328,0.022398143686354153
4329,0.022398143686354153
4330,0.022398143686354153
4331,0.022398143686354153
4332,0.022398143686354153
4333,0.022398143686354153
4334,0.022398143686354153
4335,0.022398143686354153
4336,0.022398143686354153
4337,0.022398143686354153
4338,0.022398143686354153
4339,0.022398143686354153
4340,0.022398143686354153
4341,0.022398143686354153
4342,0.022398143686354153
4343,0.022398143686354153
4344,0.022398143686354153
4345,0.022398143686354153
4346,0.022398143686354153
4347,0.022398143686354153
4348,0.022398143686354153
4349,0.022398143686354153
4350,0.022398143686354153
4351,0.022398143686354153
4352,0.022398143686354153
4353,0.022398143686354153
4354,0.022398143686354153
4355,0.022398143686354153
4356,0.022398143686354153
4357,0.022398143686354153
4358,0.022398143686354153
4359,0.022398143686354153
4360,0.022398143686354153
4361,0.022398143686354153
4362,0.022398143686354153
4363,0.022398143686354153
4364,0.022398143686354153
4365,0.022398143686354153
4366,0.022398143686354153
4367,0.022398143686354153
4368,0.022398143686354153
4369,0.022398143686354153
4370,0.022398143686354153
4371,0.022398143686354153
4372,0.022398143686354153
4373,0.022398143686354153
4374,0.022398143686354153
4375,0.022398143686354153
4376,0.022398143686354153
4377,0.022398143686354153
4378,0.022398143686354153
4379,0.022398143686354153
4380,0.022398143686354153
4381,0.022398143686354153
4382,0.022398143686354153
4383,0.022398143686354153
4384,0.022398143686354153
4385,0.022398143686354153
4386,0.022398143686354153
4387,0.022398143686354153
4388,0.022398143686354153
4389,0.022398143686354153
4390,0.022398143686354153
4391,0.022398143686354153
4392,0.022398143686354153
4393,0.022398143686354153
4394,0.022398143686354153
4395,0.022398143686354153
4396,0.022398143686354153
4397,0.022398143686354153
4398,0.022398143686354153
4399,0.022398143686354153
4400,0.022398143686354153
4401,0.022398143686354153
4402,0.022398143686354153
4403,0.022398143686354153
4404,0.022398143686354153
4405,0.022398143686354153
4406,0.022398143686354153
4407,0.022398143686354153
4408,0.022398143686354153
4409,0.022398143686354153
4410,0.022398143686354153
4411,0.022398143686354153
4412,0.022398143686354153
4413,0.022398143686354153
4414,0.022398143686354153
4415,0.022398143686354153
4416,0.022398143686354153
4417,0.022398143686354153
4418,0.022398143686354153
4419,0.022398143686354153
4420,0.022398143686354153
4421,0.022398143686354153
4422,0.022398143686354153
4423,0.022398143686354153
4424,0.022398143686354153
4425,0.022398143686354153
4426,0.022398143686354153
4427,0.022398143686354153
4428,0.022398143686354153
4429,0.022398143686354153
4430,0.022398143686354153
4431,0.022398143686354153
4432,0.022398143686354153
4433,0.022398143686354153
4434,0.022398143686354153
4435,0.022398143686354153
4436,0.022398143686354153
4437,0.022398143686354153
4438,0.022398143686354153
4439,0.022398143686354153
4440,0.022398143686354153
4441,0.022398143686354153
4442,0.022398143686354153
4443,0.022398143686354153
4444,0.022398143686354153
4445,0.022398143686354153
4446,0.022398143686354153
4447,0.022398143686354153
4448,0.022398143686354153
4449,0.022398143686354153
4450,0.022398143686354153
4451,0.022398143686354153
4452,0.022398143686354153
4453,0.022398143686354153
4454,0.022398143686354153
4455,0.022398143686354153
4456,0.022398143686354153
4457,0.022398143686354153
4458,0.022398143686354153
4459,0.022398143686354153
4460,0.022398143686354153
4461,0.022398143686354153
4462,0.022398143686354153
4463,0.022398143686354153
4464,0.022398143686354153
4465,0.022398143686354153
4466,0.022398143686354153
4467,0.022398143686354153
4468,0.022398143686354153
4469,0.022398143686354153
4470,0.022398143686354153
4471,0.022398143686354153
4472,0.022398143686354153
4473,0.022398143686354153
4474,0.022398143686354153
4475,0.022398143686354153
4476,0.022398143686354153
4477,0.022398143686354153
4478,0.022398143686354153
4479,0.022398143686354153
4480,0.022398143686354153
4481,0.022398143686354153
4482,0.022398143686354153
4483,0.022398143686354153
4484,0.022398143686354153
4485,0.022398143686354153
4486,0.022398143686354153
4487,0.022398143686354153
4488,0.022398143686354153
4489,0.022398143686354153
4490,0.022398143686354153
4491,0.022398143686354153
4492,0.022398143686354153
4493,0.022398143686354153
4494,0.022398143686354153
4495,0.022398143686354153
4496,0.022398143686354153
4497,0.022398143686354153
4498,0.022398143686354153
4499,0.022398143686354153
4500,0.022398143686354153
4501,0.022398143686354153
4502,0.022398143686354153
4503,0.022398143686354153
4504,0.022398143686354153
4505,0.022398143686354153
4506,0.022398143686354153
4507,0.022398143686354153
4508,0.022398143686354153
4509,0.022398143686354153
4510,0.022398143686354153
4511,0.022398143686354153
4512,0.022398143686354153
4513,0.022398143686354153
4514,0.022398143686354153
4515,0.022398143686354153
4516,0.022398143686354153
4517,0.022398143686354153
4518,0.022398143686354153
4519,0.022398143686354153
4520,0.022398143686354153
4521,0.022398143686354153
4522,0.022398143686354153
4523,0.022398143686354153
4524,0.022398143686354153
4525,0.022398143686354153
4526,0.022398143686354153
4527,0.022398143686354153
4528,0.022398143686354153
4529,0.022398143686354153
4530,0.022398143686354153
4531,0.022398143686354153
4532,0.022398143686354153
4533,0.022398143686354153
4534,0.022398143686354153
4535,0.022398143686354153
4536,0.022398143686354153
4537,0.022398143686354153
4538,0.022398143686354153
4539,0.022398143686354153
4540,0.022398143686354153
4541,0.022398143686354153
4542,0.022398143686354153
4543,0.022398143686354153
4544,0.022398143686354153
4545,0.022398143686354153
4546,0.022398143686354153
4547,0.022398143686354153
4548,0.022398143686354153
4549,0.022398143686354153
4550,0.022398143686354153
4551,0.022398143686354153
4552,0.022398143686354153
4553,0.022398143686354153
4554,0.022398143686354153
4555,0.022398143686354153
4556,0.022398143686354153
4557,0.022398143686354153
4558,0.022398143686354153
4559,0.022398143686354153
4560,0.022398143686354153
4561,0.022398143686354153
4562,0.022398143686354153
4563,0.022398143686354153
4564,0.022398143686354153
4565,0.022398143686354153
4566,0.022398143686354153
4567,0.022398143686354153
4568,0.022398143686354153
4569,0.022398143686354153
4570,0.022398143686354153
4571,0.022398143686354153
4572,0.022398143686354153
4573,0.022398143686354153
4574,0.022398143686354153
4575,0.022398143686354153
4576,0.022398143686354153
4577,0.022398143686354153
4578,0.022398143686354153
4579,0.022398143686354153
4580,0.022398143686354153
4581,0.022398143686354153
4582,0.022398143686354153
4583,0.022398143686354153
4584,0.022398143686354153
4585,0.022398143686354153
4586,0.022398143686354153
4587,0.022398143686354153
4588,0.022398143686354153
4589,0.022398143686354153
4590,0.022398143686354153
4591,0.022398143686354153
4592,0.022398143686354153
4593,0.022398143686354153
4594,0.022398143686354153
4595,0.022398143686354153
4596,0.022398143686354153
4597,0.022398143686354153
4598,0.022398143686354153
4599,0.022398143686354153
4600,0.022398143686354153
4601,0.022398143686354153
4602,0.022398143686354153
4603,0.022398143686354153
4604,0.022398143686354153
4605,0.022398143686354153
4606,0.022398143686354153
4607,0.022398143686354153
4608,0.022398143686354153
4609,0.022398143686354153
4610,0.022398143686354153
4611,0.022398143686354153
4612,0.022398143686354153
4613,0.022398143686354153
4614,0.022398143686354153
4615,0.022398143686354153
4616,0.022398143686354153
4617,0.022398143686354153
4618,0.022398143686354153
4619,0.022398143686354153
4620,0.022398143686354153
4621,0.022398143686354153
4622,0.022398143686354153
4623,0.022398143686354153
4624,0.022398143686354153
4625,0.022398143686354153
4626,0.022398143686354153
4627,0.022398143686354153
4628,0.022398143686354153
4629,0.022398143686354153
4630,0.022398143686354153
4631,0.022398143686354153
4632,0.022398143686354153
4633,0.022398143686354153
4634,0.022398143686354153
4635,0.022398143686354153
4636,0.022398143686354153
4637,0.022398143686354153
4638,0.022398143686354153
4639,0.022398143686354153
4640,0.022398143686354153
4641,0.022398143686354153
4642,0.022398143686354153
4643,0.022398143686354153
4644,0.022398143686354153
4645,0.022398143686354153
4646,0.022398143686354153
4647,0.022398143686354153
4648,0.022398143686354153
4649,0.022398143686354153
4650,0.022398143686354153
4651,0.022398143686354153
4652,0.022398143686354153
4653,0.022398143686354153
4654,0.022398143686354153
4655,0.022398143686354153
4656,0.022398143686354153
4657,0.022398143686354153
4658,0.022398143686354153
4659,0.022398143686354153
4660,0.022398143686354153
4661,0.022398143686354153
4662,0.022398143686354153
4663,0.022398143686354153
4664,0.022398143686354153
4665,0.022398143686354153
4666,0.022398143686354153
4667,0.022398143686354153
4668,0.022398143686354153
4669,0.022398143686354153
4670,0.022398143686354153
4671,0.022398143686354153
4672,0.022398143686354153
4673,0.022398143686354153
4674,0.022398143686354153
4675,0.022398143686354153
4676,0.022398143686354153
4677,0.022398143686354153
4678,0.022398143686354153
4679,0.022398143686354153
4680,0.022398143686354153
4681,0.022398143686354153
4682,0.022398143686354153
4683,0.022398143686354153
4684,0.022398143686354153
4685,0.022398143686354153
4686,0.022398143686354153
4687,0.022398143686354153
4688,0.022398143686354153
4689,0.022398143686354153
4690,0.022398143686354153
4691,0.022398143686354153
4692,0.022398143686354153
4693,0.022398143686354153
4694,0.022398143686354153
4695,0.022398143686354153
4696,0.022398143686354153
4697,0.022398143686354153
4698,0.022398143686354153
4699,0.022398143686354153
4700,0.022398143686354153
4701,0.022398143686354153
4702,0.022398143686354153
4703,0.022398143686354153
4704,0.022398143686354153
4705,0.022398143686354153
4706,0.022398143686354153
4707,0.022398143686354153
4708,0.022398143686354153
4709,0.022398143686354153
4710,0.022398143686354153
4711,0.022398143686354153
4712,0.022398143686354153
4713,0.022398143686354153
4714,0.022398143686354153
4715,0.022398143686354153
4716,0.022398143686354153
4717,0.022398143686354153
4718,0.022398143686354153
4719,0.022398143686354153
4720,0.022398143686354153
4721,0.022398143686354153
4722,0.022398143686354153
4723,0.022398143686354153
4724,0.022398143686354153
4725,0.022398143686354153
4726,0.022398143686354153
4727,0.022398143686354153
4728,0.022398143686354153
4729,0.022398143686354153
4730,0.022398143686354153
4731,0.022398143686354153
4732,0.022398143686354153
4733,0.022398143686354153
4734,0.022398143686354153
4735,0.022398143686354153
4736,0.022398143686354153
4737,0.022398143686354153
4738,0.022398143686354153
4739,0.022398143686354153
4740,0.022398143686354153
4741,0.022398143686354153
4742,0.022398143686354153
4743,0.022398143686354153
4744,0.022398143686354153
4745,0.022398143686354153
4746,0.022398143686354153
4747,0.022398143686354153
4748,0.022398143686354153
4749,0.022398143686354153
4750,0.022398143686354153
4751,0.022398143686354153
4752,0.022398143686354153
4753,0.022398143686354153
4754,0.022398143686354153
4755,0.022398143686354153
4756,0.022398143686354153
4757,0.022398143686354153
4758,0.022398143686354153
4759,0.022398143686354153
4760,0.022398143686354153
4761,0.022398143686354153
4762,0.022398143686354153
4763,0.022398143686354153
4764,0.022398143686354153
4765,0.022398143686354153
4766,0.022398143686354153
4767,0.022398143686354153
4768,0.022398143686354153
4769,0.022398143686354153
4770,0.022398143686354153
4771,0.022398143686354153
4772,0.022398143686354153
4773,0.022398143686354153
4774,0.022398143686354153
4775,0.022398143686354153
4776,0.022398143686354153
4777,0.022398143686354153
4778,0.022398143686354153
4779,0.022398143686354153
4780,0.022398143686354153
4781,0.022398143686354153
4782,0.022398143686354153
4783,0.022398143686354153
4784,0.022398143686354153
4785,0.022398143686354153
4786,0.022398143686354153
4787,0.022398143686354153
4788,0.022398143686354153
4789,0.022398143686354153
4790,0.022398143686354153
4791,0.022398143686354153
4792,0.022398143686354153
4793,0.022398143686354153
4794,0.022398143686354153
4795,0.022398143686354153
4796,0.022398143686354153
4797,0.022398143686354153
4798,0.022398143686354153
4799,0.022398143686354153
4800,0.022398143686354153
4801,0.022398143686354153
4802,0.022398143686354153
4803,0.022398143686354153
4804,0.022398143686354153
4805,0.022398143686354153
4806,0.022398143686354153
4807,0.022398143686354153
4808,0.022398143686354153
4809,0.022398143686354153
4810,0.022398143686354153
4811,0.022398143686354153
4812,0.022398143686354153
4813,0.022398143686354153
4814,0.022398143686354153
4815,0.022398143686354153
4816,0.022398143686354153
4817,0.022398143686354153
4818,0.022398143686354153
4819,0.022398143686354153
4820,0.022398143686354153
4821,0.022398143686354153
4822,0.022398143686354153
4823,0.022398143686354153
4824,0.022398143686354153
4825,0.022398143686354153
4826,0.022398143686354153
4827,0.022398143686354153
4828,0.022398143686354153
4829,0.022398143686354153
4830,0.022398143686354153
4831,0.022398143686354153
4832,0.022398143686354153
4833,0.022398143686354153
4834,0.022398143686354153
4835,0.022398143686354153
4836,0.022398143686354153
4837,0.022398143686354153
4838,0.022398143686354153
4839,0.022398143686354153
4840,0.022398143686354153
4841,0.022398143686354153
4842,0.022398143686354153
4843,0.022398143686354153
4844,0.022398143686354153
4845,0.022398143686354153
4846,0.022398143686354153
4847,0.022398143686354153
4848,0.022398143686354153
4849,0.022398143686354153
4850,0.022398143686354153
4851,0.022398143686354153
4852,0.022398143686354153
4853,0.022398143686354153
4854,0.022398143686354153
4855,0.022398143686354153
4856,0.022398143686354153
4857,0.022398143686354153
4858,0.022398143686354153
4859,0.022398143686354153
4860,0.022398143686354153
4861,0.022398143686354153
4862,0.022398143686354153
4863,0.022398143686354153
4864,0.022398143686354153
4865,0.022398143686354153
4866,0.022398143686354153
4867,0.022398143686354153
4868,0.022398143686354153
4869,0.022398143686354153
4870,0.022398143686354153
4871,0.022398143686354153
4872,0.022398143686354153
4873,0.022398143686354153
4874,0.022398143686354153
4875,0.022398143686354153
4876,0.022398143686354153
4877,0.022398143686354153
4878,0.022398143686354153
4879,0.022398143686354153
4880,0.022398143686354153
4881,0.022398143686354153
4882,0.022398143686354153
4883,0.022398143686354153
4884,0.022398143686354153
4885,0.022398143686354153
4886,0.022398143686354153
4887,0.022398143686354153
4888,0.022398143686354153
4889,0.022398143686354153
4890,0.022398143686354153
4891,0.022398143686354153
4892,0.022398143686354153
4893,0.022398143686354153
4894,0.022398143686354153
4895,0.022398143686354153
4896,0.022398143686354153
4897,0.022398143686354153
4898,0.022398143686354153
4899,0.022398143686354153
4900,0.022398143686354153
4901,0.022398143686354153
4902,0.022398143686354153
4903,0.022398143686354153
4904,0.022398143686354153
4905,0.022398143686354153
4906,0.022398143686354153
4907,0.022398143686354153
4908,0.022398143686354153
4909,0.022398143686354153
4910,0.022398143686354153
4911,0.022398143686354153
4912,0.022398143686354153
4913,0.022398143686354153
4914,0.022398143686354153
4915,0.022398143686354153
4916,0.022398143686354153
4917,0.022398143686354153
4918,0.022398143686354153
4919,0.022398143686354153
4920,0.022398143686354153
4921,0.022398143686354153
4922,0.022398143686354153
4923,0.022398143686354153
4924,0.022398143686354153
4925,0.022398143686354153
4926,0.022398143686354153
4927,0.022398143686354153
4928,0.022398143686354153
4929,0.022398143686354153
4930,0.022398143686354153
4931,0.022398143686354153
4932,0.022398143686354153
4933,0.022398143686354153
4934,0.022398143686354153
4935,0.022398143686354153
4936,0.022398143686354153
4937,0.022398143686354153
4938,0.022398143686354153
4939,0.022398143686354153
4940,0.022398143686354153
4941,0.022398143686354153
4942,0.022398143686354153
4943,0.022398143686354153
4944,0.022398143686354153
4945,0.022398143686354153
4946,0.022398143686354153
4947,0.022398143686354153
4948,0.022398143686354153
4949,0.022398143686354153
4950,0.022398143686354153
4951,0.022398143686354153
4952,0.022398143686354153
4953,0.022398143686354153
4954,0.022398143686354153
4955,0.022398143686354153
4956,0.022398143686354153
4957,0.022398143686354153
4958,0.022398143686354153
4959,0.022398143686354153
4960,0.022398143686354153
4961,0.022398143686354153
4962,0.022398143686354153
4963,0.022398143686354153
4964,0.022398143686354153
4965,0.022398143686354153
4966,0.022398143686354153
4967,0.022398143686354153
4968,0.022398143686354153
4969,0.022398143686354153
4970,0.022398143686354153
4971,0.022398143686354153
4972,0.022398143686354153
4973,0.022398143686354153
4974,0.022398143686354153
4975,0.022398143686354153
4976,0.022398143686354153
4977,0.022398143686354153
4978,0.022398143686354153
4979,0.022398143686354153
4980,0.022398143686354153
4981,0.022398143686354153
4982,0.022398143686354153
4983,0.022398143686354153
4984,0.022398143686354153
4985,0.022398143686354153
4986,0.022398143686354153
4987,0.022398143686354153
4988,0.022398143686354153
4989,0.022398143686354153
4990,0.022398143686354153
4991,0.022398143686354153
4992,0.022398143686354153
4993,0.022398143686354153
4994,0.022398143686354153
4995,0.022398143686354153
4996,0.022398143686354153
4997,0.022398143686354153
4998,0.022398143686354153
4999,0.022398143686354153
5000,0.022398143686354153
5001,0.022398143686354153
5002,0.022398143686354153
5003,0.022398143686354153
5004,0.022398143686354153
5005,0.022398143686354153
5006,0.022398143686354153
5007,0.022398143686354153
5008,0.022398143686354153
5009,0.022398143686354153
5010,0.022398143686354153
5011,0.022398143686354153
5012,0.022398143686354153
5013,0.022398143686354153
5014,0.022398143686354153
5015,0.022398143686354153
5016,0.022398143686354153
5017,0.022398143686354153
5018,0.022398143686354153
5019,0.022398143686354153
5020,0.022398143686354153
5021,0.022398143686354153
5022,0.022398143686354153
5023,0.022398143686354153
5024,0.022398143686354153
5025,0.022398143686354153
5026,0.022398143686354153
5027,0.022398143686354153
5028,0.022398143686354153
5029,0.022398143686354153
5030,0.022398143686354153
5031,0.022398143686354153
5032,0.022398143686354153
5033,0.022398143686354153
5034,0.022398143686354153
5035,0.022398143686354153
5036,0.022398143686354153
5037,0.022398143686354153
5038,0.022398143686354153
5039,0.022398143686354153
5040,0.022398143686354153
5041,0.022398143686354153
5042,0.022398143686354153
5043,0.022398143686354153
5044,0.022398143686354153
5045,0.022398143686354153
5046,0.022398143686354153
5047,0.022398143686354153
5048,0.022398143686354153
5049,0.022398143686354153
5050,0.022398143686354153
5051,0.022398143686354153
5052,0.022398143686354153
5053,0.022398143686354153
5054,0.022398143686354153
5055,0.022398143686354153
5056,0.022398143686354153
5057,0.022398143686354153
5058,0.022398143686354153
5059,0.022398143686354153
5060,0.022398143686354153
5061,0.022398143686354153
5062,0.022398143686354153
5063,0.022398143686354153
5064,0.022398143686354153
5065,0.022398143686354153
5066,0.022398143686354153
5067,0.022398143686354153
5068,0.022398143686354153
5069,0.022398143686354153
5070,0.022398143686354153
5071,0.022398143686354153
5072,0.022398143686354153
5073,0.022398143686354153
5074,0.022398143686354153
5075,0.022398143686354153
5076,0.022398143686354153
5077,0.022398143686354153
5078,0.022398143686354153
5079,0.022398143686354153
5080,0.022398143686354153
5081,0.022398143686354153
5082,0.022398143686354153
5083,0.022398143686354153
5084,0.022398143686354153
5085,0.022398143686354153
5086,0.022398143686354153
5087,0.022398143686354153
5088,0.022398143686354153
5089,0.022398143686354153
5090,0.022398143686354153
5091,0.022398143686354153
5092,0.022398143686354153
5093,0.022398143686354153
5094,0.022398143686354153
5095,0.022398143686354153
5096,0.022398143686354153
5097,0.022398143686354153
5098,0.022398143686354153
5099,0.022398143686354153
5100,0.022398143686354153
5101,0.022398143686354153
5102,0.022398143686354153
5103,0.022398143686354153
5104,0.022398143686354153
5105,0.022398143686354153
5106,0.022398143686354153
5107,0.022398143686354153
5108,0.022398143686354153
5109,0.022398143686354153
5110,0.022398143686354153
5111,0.022398143686354153
5112,0.022398143686354153
5113,0.022398143686354153
5114,0.022398143686354153
5115,0.022398143686354153
5116,0.022398143686354153
5117,0.022398143686354153
5118,0.022398143686354153
5119,0.022398143686354153
5120,0.022398143686354153
5121,0.022398143686354153
5122,0.022398143686354153
5123,0.022398143686354153
5124,0.022398143686354153
5125,0.022398143686354153
5126,0.022398143686354153
5127,0.022398143686354153
5128,0.022398143686354153
5129,0.022398143686354153
5130,0.022398143686354153
5131,0.022398143686354153
5132,0.022398143686354153
5133,0.022398143686354153
5134,0.022398143686354153
5135,0.022398143686354153
5136,0.022398143686354153
5137,0.022398143686354153
5138,0.022398143686354153
5139,0.022398143686354153
5140,0.022398143686354153
5141,0.022398143686354153
5142,0.022398143686354153
5143,0.022398143686354153
5144,0.022398143686354153
5145,0.022398143686354153
5146,0.022398143686354153
5147,0.022398143686354153
5148,0.022398143686354153
5149,0.022398143686354153
5150,0.022398143686354153
5151,0.022398143686354153
5152,0.022398143686354153
5153,0.022398143686354153
5154,0.022398143686354153
5155,0.022398143686354153
5156,0.022398143686354153
5157,0.022398143686354153
5158,0.022398143686354153
5159,0.022398143686354153
5160,0.022398143686354153
5161,0.022398143686354153
5162,0.022398143686354153
5163,0.022398143686354153
5164,0.022398143686354153
5165,0.022398143686354153
5166,0.022398143686354153
5167,0.022398143686354153
5168,0.022398143686354153
5169,0.022398143686354153
5170,0.022398143686354153
5171,0.022398143686354153
5172,0.022398143686354153
5173,0.022398143686354153
5174,0.022398143686354153
5175,0.022398143686354153
5176,0.022398143686354153
5177,0.022398143686354153
5178,0.022398143686354153
5179,0.022398143686354153
5180,0.022398143686354153
5181,0.022398143686354153
5182,0.022398143686354153
5183,0.022398143686354153
5184,0.022398143686354153
5185,0.022398143686354153
5186,0.022398143686354153
5187,0.022398143686354153
5188,0.022398143686354153
5189,0.022398143686354153
5190,0.022398143686354153
5191,0.022398143686354153
5192,0.022398143686354153
5193,0.022398143686354153
5194,0.022398143686354153
5195,0.022398143686354153
5196,0.022398143686354153
5197,0.022398143686354153
5198,0.022398143686354153
5199,0.022398143686354153
5200,0.022398143686354153
5201,0.022398143686354153
5202,0.022398143686354153
5203,0.022398143686354153
5204,0.022398143686354153
5205,0.022398143686354153
5206,0.022398143686354153
5207,0.022398143686354153
5208,0.022398143686354153
5209,0.022398143686354153
5210,0.022398143686354153
5211,0.022398143686354153
5212,0.022398143686354153
5213,0.022398143686354153
5214,0.022398143686354153
5215,0.022398143686354153
5216,0.022398143686354153
5217,0.022398143686354153
5218,0.022398143686354153
5219,0.022398143686354153
5220,0.022398143686354153
5221,0.022398143686354153
5222,0.022398143686354153
5223,0.022398143686354153
5224,0.022398143686354153
5225,0.022398143686354153
5226,0.022398143686354153
5227,0.022398143686354153
5228,0.022398143686354153
5229,0.022398143686354153
5230,0.022398143686354153
5231,0.022398143686354153
5232,0.022398143686354153
5233,0.022398143686354153
5234,0.022398143686354153
5235,0.022398143686354153
5236,0.022398143686354153
5237,0.022398143686354153
5238,0.022398143686354153
5239,0.022398143686354153
5240,0.022398143686354153
5241,0.022398143686354153
5242,0.022398143686354153
5243,0.022398143686354153
5244,0.022398143686354153
5245,0.022398143686354153
5246,0.022398143686354153
5247,0.022398143686354153
5248,0.022398143686354153
5249,0.022398143686354153
5250,0.022398143686354153
5251,0.022398143686354153
5252,0.022398143686354153
5253,0.022398143686354153
5254,0.022398143686354153
5255,0.022398143686354153
5256,0.022398143686354153
5257,0.022398143686354153
5258,0.022398143686354153
5259,0.022398143686354153
5260,0.022398143686354153
5261,0.022398143686354153
5262,0.022398143686354153
5263,0.022398143686354153
5264,0.022398143686354153
5265,0.022398143686354153
5266,0.022398143686354153
5267,0.022398143686354153
5268,0.022398143686354153
5269,0.022398143686354153
5270,0.022398143686354153
5271,0.022398143686354153
5272,0.022398143686354153
5273,0.022398143686354153
5274,0.022398143686354153
5275,0.022398143686354153
5276,0.022398143686354153
5277,0.022398143686354153
5278,0.022398143686354153
5279,0.022398143686354153
5280,0.022398143686354153
5281,0.022398143686354153
5282,0.022398143686354153
5283,0.022398143686354153
5284,0.022398143686354153
5285,0.022398143686354153
5286,0.022398143686354153
5287,0.022398143686354153
5288,0.022398143686354153
5289,0.022398143686354153
5290,0.022398143686354153
5291,0.022398143686354153
5292,0.022398143686354153
5293,0.022398143686354153
5294,0.022398143686354153
5295,0.022398143686354153
5296,0.022398143686354153
5297,0.022398143686354153
5298,0.022398143686354153
5299,0.022398143686354153
5300,0.022398143686354153
5301,0.022398143686354153
5302,0.022398143686354153
5303,0.022398143686354153
5304,0.022398143686354153
5305,0.022398143686354153
5306,0.022398143686354153
5307,0.022398143686354153
5308,0.022398143686354153
5309,0.022398143686354153
5310,0.022398143686354153
5311,0.022398143686354153
5312,0.022398143686354153
5313,0.022398143686354153
5314,0.022398143686354153
5315,0.022398143686354153
5316,0.022398143686354153
5317,0.022398143686354153
5318,0.022398143686354153
5319,0.022398143686354153
5320,0.022398143686354153
5321,0.022398143686354153
5322,0.022398143686354153
5323,0.022398143686354153
5324,0.022398143686354153
5325,0.022398143686354153
5326,0.022398143686354153
5327,0.022398143686354153
5328,0.022398143686354153
5329,0.022398143686354153
5330,0.022398143686354153
5331,0.022398143686354153
5332,0.022398143686354153
5333,0.022398143686354153
5334,0.022398143686354153
5335,0.022398143686354153
5336,0.022398143686354153
5337,0.022398143686354153
5338,0.022398143686354153
5339,0.022398143686354153
5340,0.022398143686354153
5341,0.022398143686354153
5342,0.022398143686354153
5343,0.022398143686354153
5344,0.022398143686354153
5345,0.022398143686354153
5346,0.022398143686354153
5347,0.022398143686354153
5348,0.022398143686354153
5349,0.022398143686354153
5350,0.022398143686354153
5351,0.022398143686354153
5352,0.022398143686354153
5353,0.022398143686354153
5354,0.022398143686354153
5355,0.022398143686354153
5356,0.022398143686354153
5357,0.022398143686354153
5358,0.022398143686354153
5359,0.022398143686354153
5360,0.022398143686354153
5361,0.022398143686354153
5362,0.022398143686354153
5363,0.022398143686354153
5364,0.022398143686354153
5365,0.022398143686354153
5366,0.022398143686354153
5367,0.022398143686354153
5368,0.022398143686354153
5369,0.022398143686354153
5370,0.022398143686354153
5371,0.022398143686354153
5372,0.022398143686354153
5373,0.022398143686354153
5374,0.022398143686354153
5375,0.022398143686354153
5376,0.022398143686354153
5377,0.022398143686354153
5378,0.022398143686354153
5379,0.022398143686354153
5380,0.022398143686354153
5381,0.022398143686354153
5382,0.022398143686354153
5383,0.022398143686354153
5384,0.022398143686354153
5385,0.022398143686354153
5386,0.022398143686354153
5387,0.022398143686354153
5388,0.022398143686354153
5389,0.022398143686354153
5390,0.022398143686354153
5391,0.022398143686354153
5392,0.022398143686354153
5393,0.022398143686354153
5394,0.022398143686354153
5395,0.022398143686354153
5396,0.022398143686354153
5397,0.022398143686354153
5398,0.022398143686354153
5399,0.022398143686354153
5400,0.022398143686354153
5401,0.022398143686354153
5402,0.022398143686354153
5403,0.022398143686354153
5404,0.022398143686354153
5405,0.022398143686354153
5406,0.022398143686354153
5407,0.022398143686354153
5408,0.022398143686354153
5409,0.022398143686354153
5410,0.022398143686354153
5411,0.022398143686354153
5412,0.022398143686354153
5413,0.022398143686354153
5414,0.022398143686354153
5415,0.022398143686354153
5416,0.022398143686354153
5417,0.022398143686354153
5418,0.022398143686354153
5419,0.022398143686354153
5420,0.022398143686354153
5421,0.022398143686354153
5422,0.022398143686354153
5423,0.022398143686354153
5424,0.022398143686354153
5425,0.022398143686354153
5426,0.022398143686354153
5427,0.022398143686354153
5428,0.022398143686354153
5429,0.022398143686354153
5430,0.022398143686354153
5431,0.022398143686354153
5432,0.022398143686354153
5433,0.022398143686354153
5434,0.022398143686354153
5435,0.022398143686354153
5436,0.022398143686354153
5437,0.022398143686354153
5438,0.022398143686354153
5439,0.022398143686354153
5440,0.022398143686354153
5441,0.022398143686354153
5442,0.022398143686354153
5443,0.022398143686354153
5444,0.022398143686354153
5445,0.022398143686354153
5446,0.022398143686354153
5447,0.022398143686354153
5448,0.022398143686354153
5449,0.022398143686354153
5450,0.022398143686354153
5451,0.022398143686354153
5452,0.022398143686354153
5453,0.022398143686354153
5454,0.022398143686354153
5455,0.022398143686354153
5456,0.022398143686354153
5457,0.022398143686354153
5458,0.022398143686354153
5459,0.022398143686354153
5460,0.022398143686354153
5461,0.022398143686354153
5462,0.022398143686354153
5463,0.022398143686354153
5464,0.022398143686354153
5465,0.022398143686354153
5466,0.022398143686354153
5467,0.022398143686354153
5468,0.022398143686354153
5469,0.022398143686354153
5470,0.022398143686354153
5471,0.022398143686354153
5472,0.022398143686354153
5473,0.022398143686354153
5474,0.022398143686354153
5475,0.022398143686354153
5476,0.022398143686354153
5477,0.022398143686354153
5478,0.022398143686354153
5479,0.022398143686354153
5480,0.022398143686354153
5481,0.022398143686354153
5482,0.022398143686354153
5483,0.022398143686354153
5484,0.022398143686354153
5485,0.022398143686354153
5486,0.022398143686354153
5487,0.022398143686354153
5488,0.022398143686354153
5489,0.022398143686354153
5490,0.022398143686354153
5491,0.022398143686354153
5492,0.022398143686354153
5493,0.022398143686354153
5494,0.022398143686354153
5495,0.022398143686354153
5496,0.022398143686354153
5497,0.022398143686354153
5498,0.022398143686354153
5499,0.022398143686354153
5500,0.022398143686354153
5501,0.022398143686354153
5502,0.022398143686354153
5503,0.022398143686354153
5504,0.022398143686354153
5505,0.022398143686354153
5506,0.022398143686354153
5507,0.022398143686354153
5508,0.022398143686354153
5509,0.022398143686354153
5510,0.022398143686354153
5511,0.022398143686354153
5512,0.022398143686354153
5513,0.022398143686354153
5514,0.022398143686354153
5515,0.022398143686354153
5516,0.022398143686354153
5517,0.022398143686354153
5518,0.022398143686354153
5519,0.022398143686354153
5520,0.022398143686354153
5521,0.022398143686354153
5522,0.022398143686354153
5523,0.022398143686354153
5524,0.022398143686354153
5525,0.022398143686354153
5526,0.022398143686354153
5527,0.022398143686354153
5528,0.022398143686354153
5529,0.022398143686354153
5530,0.022398143686354153
5531,0.022398143686354153
5532,0.022398143686354153
5533,0.022398143686354153
5534,0.022398143686354153
5535,0.022398143686354153
5536,0.022398143686354153
5537,0.022398143686354153
5538,0.022398143686354153
5539,0.022398143686354153
5540,0.022398143686354153
5541,0.022398143686354153
5542,0.022398143686354153
5543,0.022398143686354153
5544,0.022398143686354153
5545,0.022398143686354153
5546,0.022398143686354153
5547,0.022398143686354153
5548,0.022398143686354153
5549,0.022398143686354153
5550,0.022398143686354153
5551,0.022398143686354153
5552,0.022398143686354153
5553,0.022398143686354153
5554,0.022398143686354153
5555,0.022398143686354153
5556,0.022398143686354153
5557,0.022398143686354153
5558,0.022398143686354153
5559,0.022398143686354153
5560,0.022398143686354153
5561,0.022398143686354153
5562,0.022398143686354153
5563,0.022398143686354153
5564,0.022398143686354153
5565,0.022398143686354153
5566,0.022398143686354153
5567,0.022398143686354153
5568,0.022398143686354153
5569,0.022398143686354153
5570,0.022398143686354153
5571,0.022398143686354153
5572,0.022398143686354153
5573,0.022398143686354153
5574,0.022398143686354153
5575,0.022398143686354153
5576,0.022398143686354153
5577,0.022398143686354153
5578,0.022398143686354153
5579,0.022398143686354153
5580,0.022398143686354153
5581,0.022398143686354153
5582,0.022398143686354153
5583,0.022398143686354153
5584,0.022398143686354153
5585,0.022398143686354153
5586,0.022398143686354153
5587,0.022398143686354153
5588,0.022398143686354153
5589,0.022398143686354153
5590,0.022398143686354153
5591,0.022398143686354153
5592,0.022398143686354153
5593,0.022398143686354153
5594,0.022398143686354153
5595,0.022398143686354153
5596,0.022398143686354153
5597,0.022398143686354153
5598,0.022398143686354153
5599,0.022398143686354153
5600,0.022398143686354153
5601,0.022398143686354153
5602,0.022398143686354153
5603,0.022398143686354153
5604,0.022398143686354153
5605,0.022398143686354153
5606,0.022398143686354153
5607,0.022398143686354153
5608,0.022398143686354153
5609,0.022398143686354153
5610,0.022398143686354153
5611,0.022398143686354153
5612,0.022398143686354153
5613,0.022398143686354153
5614,0.022398143686354153
5615,0.022398143686354153
5616,0.022398143686354153
5617,0.022398143686354153
5618,0.022398143686354153
5619,0.022398143686354153
5620,0.022398143686354153
5621,0.022398143686354153
5622,0.022398143686354153
5623,0.022398143686354153
5624,0.022398143686354153
5625,0.022398143686354153
5626,0.022398143686354153
5627,0.022398143686354153
5628,0.022398143686354153
5629,0.022398143686354153
5630,0.022398143686354153
5631,0.022398143686354153
5632,0.022398143686354153
5633,0.022398143686354153
5634,0.022398143686354153
5635,0.022398143686354153
5636,0.022398143686354153
5637,0.022398143686354153
5638,0.022398143686354153
5639,0.022398143686354153
5640,0.022398143686354153
5641,0.022398143686354153
5642,0.022398143686354153
5643,0.022398143686354153
5644,0.022398143686354153
5645,0.022398143686354153
5646,0.022398143686354153
5647,0.022398143686354153
5648,0.022398143686354153
5649,0.022398143686354153
5650,0.022398143686354153
5651,0.022398143686354153
5652,0.022398143686354153
5653,0.022398143686354153
5654,0.022398143686354153
5655,0.022398143686354153
5656,0.022398143686354153
5657,0.022398143686354153
5658,0.022398143686354153
5659,0.022398143686354153
5660,0.022398143686354153
5661,0.022398143686354153
5662,0.022398143686354153
5663,0.022398143686354153
5664,0.022398143686354153
5665,0.022398143686354153
5666,0.022398143686354153
5667,0.022398143686354153
5668,0.022398143686354153
5669,0.022398143686354153
5670,0.022398143686354153
5671,0.022398143686354153
5672,0.022398143686354153
5673,0.022398143686354153
5674,0.022398143686354153
5675,0.022398143686354153
5676,0.022398143686354153
5677,0.022398143686354153
5678,0.022398143686354153
5679,0.022398143686354153
5680,0.022398143686354153
5681,0.022398143686354153
5682,0.022398143686354153
5683,0.022398143686354153
5684,0.022398143686354153
5685,0.022398143686354153
5686,0.022398143686354153
5687,0.022398143686354153
5688,0.022398143686354153
5689,0.022398143686354153
5690,0.022398143686354153
5691,0.022398143686354153
5692,0.022398143686354153
5693,0.022398143686354153
5694,0.022398143686354153
5695,0.022398143686354153
5696,0.022398143686354153
5697,0.022398143686354153
5698,0.022398143686354153
5699,0.022398143686354153
5700,0.022398143686354153
5701,0.022398143686354153
5702,0.022398143686354153
5703,0.022398143686354153
5704,0.022398143686354153
5705,0.022398143686354153
5706,0.022398143686354153
5707,0.022398143686354153
5708,0.022398143686354153
5709,0.022398143686354153
5710,0.022398143686354153
5711,0.022398143686354153
5712,0.022398143686354153
5713,0.022398143686354153
5714,0.022398143686354153
5715,0.022398143686354153
5716,0.022398143686354153
5717,0.022398143686354153
5718,0.022398143686354153
5719,0.022398143686354153
5720,0.022398143686354153
5721,0.022398143686354153
5722,0.022398143686354153
5723,0.022398143686354153
5724,0.022398143686354153
5725,0.022398143686354153
5726,0.022398143686354153
5727,0.022398143686354153
5728,0.022398143686354153
5729,0.022398143686354153
5730,0.022398143686354153
5731,0.022398143686354153
5732,0.022398143686354153
5733,0.022398143686354153
5734,0.022398143686354153
5735,0.022398143686354153
5736,0.022398143686354153
5737,0.022398143686354153
5738,0.022398143686354153
5739,0.022398143686354153
5740,0.022398143686354153
5741,0.022398143686354153
5742,0.022398143686354153
5743,0.022398143686354153
5744,0.022398143686354153
5745,0.022398143686354153
5746,0.022398143686354153
5747,0.022398143686354153
5748,0.022398143686354153
5749,0.022398143686354153
5750,0.022398143686354153
5751,0.022398143686354153
5752,0.022398143686354153
5753,0.022398143686354153
5754,0.022398143686354153
5755,0.022398143686354153
5756,0.022398143686354153
5757,0.022398143686354153
5758,0.022398143686354153
5759,0.022398143686354153
5760,0.022398143686354153
5761,0.022398143686354153
5762,0.022398143686354153
5763,0.022398143686354153
5764,0.022398143686354153
5765,0.022398143686354153
5766,0.022398143686354153
5767,0.022398143686354153
5768,0.022398143686354153
5769,0.022398143686354153
5770,0.022398143686354153
5771,0.022398143686354153
5772,0.022398143686354153
5773,0.022398143686354153
5774,0.022398143686354153
5775,0.022398143686354153
5776,0.022398143686354153
5777,0.022398143686354153
5778,0.022398143686354153
5779,0.022398143686354153
5780,0.022398143686354153
5781,0.022398143686354153
5782,0.022398143686354153
5783,0.022398143686354153
5784,0.022398143686354153
5785,0.022398143686354153
5786,0.022398143686354153
5787,0.022398143686354153
5788,0.022398143686354153
5789,0.022398143686354153
5790,0.022398143686354153
5791,0.022398143686354153
5792,0.022398143686354153
5793,0.022398143686354153
5794,0.022398143686354153
5795,0.022398143686354153
5796,0.022398143686354153
5797,0.022398143686354153
5798,0.022398143686354153
5799,0.022398143686354153
5800,0.022398143686354153
5801,0.022398143686354153
5802,0.022398143686354153
5803,0.022398143686354153
5804,0.022398143686354153
5805,0.022398143686354153
5806,0.022398143686354153
5807,0.022398143686354153
5808,0.022398143686354153
5809,0.022398143686354153
5810,0.022398143686354153
5811,0.022398143686354153
5812,0.022398143686354153
5813,0.022398143686354153
5814,0.022398143686354153
5815,0.022398143686354153
5816,0.022398143686354153
5817,0.022398143686354153
5818,0.022398143686354153
5819,0.022398143686354153
5820,0.022398143686354153
5821,0.022398143686354153
5822,0.022398143686354153
5823,0.022398143686354153
5824,0.022398143686354153
5825,0.022398143686354153
5826,0.022398143686354153
5827,0.022398143686354153
5828,0.022398143686354153
5829,0.022398143686354153
5830,0.022398143686354153
5831,0.022398143686354153
5832,0.022398143686354153
5833,0.022398143686354153
5834,0.022398143686354153
5835,0.022398143686354153
5836,0.022398143686354153
5837,0.022398143686354153
5838,0.022398143686354153
5839,0.022398143686354153
5840,0.022398143686354153
5841,0.022398143686354153
5842,0.022398143686354153
5843,0.022398143686354153
5844,0.022398143686354153
5845,0.022398143686354153
5846,0.022398143686354153
5847,0.022398143686354153
5848,0.022398143686354153
5849,0.022398143686354153
5850,0.022398143686354153
5851,0.022398143686354153
5852,0.022398143686354153
5853,0.022398143686354153
5854,0.022398143686354153
5855,0.022398143686354153
5856,0.022398143686354153
5857,0.022398143686354153
5858,0.022398143686354153
5859,0.022398143686354153
5860,0.022398143686354153
5861,0.022398143686354153
5862,0.022398143686354153
5863,0.022398143686354153
5864,0.022398143686354153
5865,0.022398143686354153
5866,0.022398143686354153
5867,0.022398143686354153
5868,0.022398143686354153
5869,0.022398143686354153
5870,0.022398143686354153
5871,0.022398143686354153
5872,0.022398143686354153
5873,0.022398143686354153
5874,0.022398143686354153
5875,0.022398143686354153
5876,0.022398143686354153
5877,0.022398143686354153
5878,0.022398143686354153
5879,0.022398143686354153
5880,0.022398143686354153
5881,0.022398143686354153
5882,0.022398143686354153
5883,0.022398143686354153
5884,0.022398143686354153
5885,0.022398143686354153
5886,0.022398143686354153
5887,0.022398143686354153
5888,0.022398143686354153
5889,0.022398143686354153
5890,0.022398143686354153
5891,0.022398143686354153
5892,0.022398143686354153
5893,0.022398143686354153
5894,0.022398143686354153
5895,0.022398143686354153
5896,0.022398143686354153
5897,0.022398143686354153
5898,0.022398143686354153
5899,0.022398143686354153
5900,0.022398143686354153
5901,0.022398143686354153
5902,0.022398143686354153
5903,0.022398143686354153
5904,0.022398143686354153
5905,0.022398143686354153
5906,0.022398143686354153
5907,0.022398143686354153
5908,0.022398143686354153
5909,0.022398143686354153
5910,0.022398143686354153
5911,0.022398143686354153
5912,0.022398143686354153
5913,0.022398143686354153
5914,0.022398143686354153
5915,0.022398143686354153
5916,0.022398143686354153
5917,0.022398143686354153
5918,0.022398143686354153
5919,0.022398143686354153
5920,0.022398143686354153
5921,0.022398143686354153
5922,0.022398143686354153
5923,0.022398143686354153
5924,0.022398143686354153
5925,0.022398143686354153
5926,0.022398143686354153
5927,0.022398143686354153
5928,0.022398143686354153
5929,0.022398143686354153
5930,0.022398143686354153
5931,0.022398143686354153
5932,0.022398143686354153
5933,0.022398143686354153
5934,0.022398143686354153
5935,0.022398143686354153
5936,0.022398143686354153
5937,0.022398143686354153
5938,0.022398143686354153
5939,0.022398143686354153
5940,0.022398143686354153
5941,0.022398143686354153
5942,0.022398143686354153
5943,0.022398143686354153
5944,0.022398143686354153
5945,0.022398143686354153
5946,0.022398143686354153
5947,0.022398143686354153
5948,0.022398143686354153
5949,0.022398143686354153
5950,0.022398143686354153
5951,0.022398143686354153
5952,0.022398143686354153
5953,0.022398143686354153
5954,0.022398143686354153
5955,0.022398143686354153
5956,0.022398143686354153
5957,0.022398143686354153
5958,0.022398143686354153
5959,0.022398143686354153
5960,0.022398143686354153
5961,0.022398143686354153
5962,0.022398143686354153
5963,0.022398143686354153
5964,0.022398143686354153
5965,0.022398143686354153
5966,0.022398143686354153
5967,0.022398143686354153
5968,0.022398143686354153
5969,0.022398143686354153
5970,0.022398143686354153
5971,0.022398143686354153
5972,0.022398143686354153
5973,0.022398143686354153
5974,0.022398143686354153
5975,0.022398143686354153
5976,0.022398143686354153
5977,0.022398143686354153
5978,0.022398143686354153
5979,0.022398143686354153
5980,0.022398143686354153
5981,0.022398143686354153
5982,0.022398143686354153
5983,0.022398143686354153
5984,0.022398143686354153
5985,0.022398143686354153
5986,0.022398143686354153
5987,0.022398143686354153
5988,0.022398143686354153
5989,0.022398143686354153
5990,0.022398143686354153
5991,0.022398143686354153
5992,0.022398143686354153
5993,0.022398143686354153
5994,0.022398143686354153
5995,0.022398143686354153
5996,0.022398143686354153
5997,0.022398143686354153
5998,0.022398143686354153
5999,0.022398143686354153
6000,0.022398143686354153
6001,0.022398143686354153
6002,0.022398143686354153
6003,0.022398143686354153
6004,0.022398143686354153
6005,0.022398143686354153
6006,0.022398143686354153
6007,0.022398143686354153
6008,0.022398143686354153
6009,0.022398143686354153
6010,0.022398143686354153
6011,0.022398143686354153
6012,0.022398143686354153
6013,0.022398143686354153
6014,0.022398143686354153
6015,0.022398143686354153
6016,0.022398143686354153
6017,0.022398143686354153
6018,0.022398143686354153
6019,0.022398143686354153
6020,0.022398143686354153
6021,0.022398143686354153
6022,0.022398143686354153
6023,0.022398143686354153
6024,0.022398143686354153
6025,0.022398143686354153
6026,0.022398143686354153
6027,0.022398143686354153
6028,0.022398143686354153
6029,0.022398143686354153
6030,0.022398143686354153
6031,0.022398143686354153
6032,0.022398143686354153
6033,0.022398143686354153
6034,0.022398143686354153
6035,0.022398143686354153
6036,0.022398143686354153
6037,0.022398143686354153
6038,0.022398143686354153
6039,0.022398143686354153
6040,0.022398143686354153
6041,0.022398143686354153
6042,0.022398143686354153
6043,0.022398143686354153
6044,0.022398143686354153
6045,0.022398143686354153
6046,0.022398143686354153
6047,0.022398143686354153
6048,0.022398143686354153
6049,0.022398143686354153
6050,0.022398143686354153
6051,0.022398143686354153
6052,0.022398143686354153
6053,0.022398143686354153
6054,0.022398143686354153
6055,0.022398143686354153
6056,0.022398143686354153
6057,0.022398143686354153
6058,0.022398143686354153
6059,0.022398143686354153
6060,0.022398143686354153
6061,0.022398143686354153
6062,0.022398143686354153
6063,0.022398143686354153
6064,0.022398143686354153
6065,0.022398143686354153
6066,0.022398143686354153
6067,0.022398143686354153
6068,0.022398143686354153
6069,0.022398143686354153
6070,0.022398143686354153
6071,0.022398143686354153
6072,0.022398143686354153
6073,0.022398143686354153
6074,0.022398143686354153
6075,0.022398143686354153
6076,0.022398143686354153
6077,0.022398143686354153
6078,0.022398143686354153
6079,0.022398143686354153
6080,0.022398143686354153
6081,0.022398143686354153
6082,0.022398143686354153
6083,0.022398143686354153
6084,0.022398143686354153
6085,0.022398143686354153
6086,0.022398143686354153
6087,0.022398143686354153
6088,0.022398143686354153
6089,0.022398143686354153
6090,0.022398143686354153
6091,0.022398143686354153
6092,0.022398143686354153
6093,0.022398143686354153
6094,0.022398143686354153
6095,0.022398143686354153
6096,0.022398143686354153
6097,0.022398143686354153
6098,0.022398143686354153
6099,0.022398143686354153
6100,0.022398143686354153
6101,0.022398143686354153
6102,0.022398143686354153
6103,0.022398143686354153
6104,0.022398143686354153
6105,0.022398143686354153
6106,0.022398143686354153
6107,0.022398143686354153
6108,0.022398143686354153
6109,0.022398143686354153
6110,0.022398143686354153
6111,0.022398143686354153
6112,0.022398143686354153
6113,0.022398143686354153
6114,0.022398143686354153
6115,0.022398143686354153
6116,0.022398143686354153
6117,0.022398143686354153
6118,0.022398143686354153
6119,0.022398143686354153
6120,0.022398143686354153
6121,0.022398143686354153
6122,0.022398143686354153
6123,0.022398143686354153
6124,0.022398143686354153
6125,0.022398143686354153
6126,0.022398143686354153
6127,0.022398143686354153
6128,0.022398143686354153
6129,0.022398143686354153
6130,0.022398143686354153
6131,0.022398143686354153
6132,0.022398143686354153
6133,0.022398143686354153
6134,0.022398143686354153
6135,0.022398143686354153
6136,0.022398143686354153
6137,0.022398143686354153
6138,0.022398143686354153
6139,0.022398143686354153
6140,0.022398143686354153
6141,0.022398143686354153
6142,0.022398143686354153
6143,0.022398143686354153
6144,0.022398143686354153
6145,0.022398143686354153
6146,0.022398143686354153
6147,0.022398143686354153
6148,0.022398143686354153
6149,0.022398143686354153
6150,0.022398143686354153
6151,0.022398143686354153
6152,0.022398143686354153
6153,0.022398143686354153
6154,0.022398143686354153
6155,0.022398143686354153
6156,0.022398143686354153
6157,0.022398143686354153
6158,0.022398143686354153
6159,0.022398143686354153
6160,0.022398143686354153
6161,0.022398143686354153
6162,0.022398143686354153
6163,0.022398143686354153
6164,0.022398143686354153
6165,0.022398143686354153
6166,0.022398143686354153
6167,0.022398143686354153
6168,0.022398143686354153
6169,0.022398143686354153
6170,0.022398143686354153
6171,0.022398143686354153
6172,0.022398143686354153
6173,0.022398143686354153
6174,0.022398143686354153
6175,0.022398143686354153
6176,0.022398143686354153
6177,0.022479423686861986
6178,0.022479423686861986
6179,0.022479423686861986
6180,0.022479423686861986
6181,0.022479423686861986
6182,0.022479423686861986
6183,0.022479423686861986
6184,0.022479423686861986
6185,0.022679423682391637
6186,0.022679423682391637
6187,0.022679423682391637
6188,0.022679423682391637
6189,0.022679423682391637
6190,0.022679423682391637
6191,0.022679423682391637
6192,0.022679423682391637
6193,0.023360319666564457
6194,0.023360319666564457
6195,0.023360319666564457
6196,0.023360319666564457
6197,0.023360319666564457
6198,0.023360319666564457
6199,0.023360319666564457
6200,0.023360319666564457
6201,0.02531731176376342
6202,0.02531731176376342
6203,0.02531731176376342
6204,0.02531731176376342
6205,0.02531731176376342
6206,0.02531731176376342
6207,0.02531731176376342
6208,0.02531731176376342
6209,0.0294487680569291
6210,0.0294487680569291
6211,0.0294487680569291
6212,0.0294487680569291
6213,0.0294487680569291
6214,0.0294487680569291
6215,0.0294487680569291
6216,0.0294487680569291
6217,0.03115513614565133
6218,0.03115513614565133
6219,0.03115513614565133
6220,0.03115513614565133
6221,0.03115513614565133
6222,0.03115513614565133
6223,0.03115513614565133
6224,0.03115513614565133
6225,0.031812928177416315
6226,0.031812928177416315
6227,0.031812928177416315
6228,0.031812928177416315
6229,0.031812928177416315
6230,0.031812928177416315
6231,0.031812928177416315
6232,0.031812928177416315
6233,0.032128576226532445
6234,0.032128576226532445
6235,0.032128576226532445
6236,0.032128576226532445
6237,0.032128576226532445
6238,0.032128576226532445
6239,0.032128576226532445
6240,0.032128576226532445
6241,0.032166592232882964
6242,0.032166592232882964
6243,0.032166592232882964
6244,0.032166592232882964
6245,0.032166592232882964
6246,0.032166592232882964
6247,0.032166592232882964
6248,0.032166592232882964
6249,0.03220192023739217
6250,0.03220192023739217
6251,0.03220192023739217
6252,0.03220192023739217
6253,0.03220192023739217
6254,0.03220192023739217
6255,0.03220192023739217
6256,0.03220192023739217
6257,0.03220192023739217
6258,0.03220192023739217
6259,0.03220192023739217
6260,0.03220192023739217
6261,0.03220192023739217
6262,0.03220192023739217
6263,0.03220192023739217
6264,0.03220192023739217
6265,0.03220192023739217
6266,0.03220192023739217
6267,0.03220192023739217
6268,0.03220192023739217
6269,0.03220192023739217
6270,0.03220192023739217
6271,0.03220192023739217
6272,0.03220192023739217
6273,0.03220192023739217
6274,0.03220192023739217
6275,0.03220192023739217
6276,0.03220192023739217
6277,0.03220192023739217
6278,0.03220192023739217
6279,0.03220192023739217
6280,0.03220192023739217
6281,0.03220192023739217
6282,0.03220192023739217
6283,0.03220192023739217
6284,0.03220192023739217
6285,0.03220192023739217
6286,0.03220192023739217
6287,0.03220192023739217
6288,0.03220192023739217
6289,0.03220192023739217
6290,0.03220192023739217
6291,0.03220192023739217
6292,0.03220192023739217
6293,0.03220192023739217
6294,0.03220192023739217
6295,0.03220192023739217
6296,0.03220192023739217
6297,0.03220192023739217
6298,0.03220192023739217
6299,0.03220192023739217
6300,0.03220192023739217
6301,0.03220192023739217
6302,0.03220192023739217
6303,0.03220192023739217
6304,0.03220192023739217
6305,0.03220192023739217
6306,0.03220192023739217
6307,0.03220192023739217
6308,0.03220192023739217
6309,0.03220192023739217
6310,0.03220192023739217
6311,0.03220192023739217
6312,0.03220192023739217
6313,0.03220192023739217
6314,0.03220192023739217
6315,0.03220192023739217
6316,0.03220192023739217
6317,0.03220192023739217
6318,0.03220192023739217
6319,0.03220192023739217
6320,0.03220192023739217
6321,0.03220192023739217
6322,0.03220192023739217
6323,0.03220192023739217
6324,0.03220192023739217
6325,0.03220192023739217
6326,0.03220192023739217
6327,0.03220192023739217
6328,0.03220192023739217
6329,0.03220192023739217
6330,0.03220192023739217
6331,0.03220192023739217
6332,0.03220192023739217
6333,0.03220192023739217
6334,0.03220192023739217
6335,0.03220192023739217
6336,0.03220192023739217
6337,0.03220192023739217
6338,0.03220192023739217
6339,0.03220192023739217
6340,0.03220192023739217
6341,0.03220192023739217
6342,0.03220192023739217
6343,0.03220192023739217
6344,0.03220192023739217
6345,0.03220192023739217
6346,0.03220192023739217
6347,0.03220192023739217
6348,0.03220192023739217
6349,0.03220192023739217
6350,0.03220192023739217
6351,0.03220192023739217
6352,0.03220192023739217
6353,0.03220192023739217
6354,0.03220192023739217
6355,0.03220192023739217
6356,0.03220192023739217
6357,0.03220192023739217
6358,0.03220192023739217
6359,0.03220192023739217
6360,0.03220192023739217
6361,0.03220192023739217
6362,0.03220192023739217
6363,0.03220192023739217
6364,0.03220192023739217
6365,0.03220192023739217
6366,0.03220192023739217
6367,0.03220192023739217
6368,0.03220192023739217
6369,0.03220192023739217
6370,0.03220192023739217
6371,0.03220192023739217
6372,0.03220192023739217
6373,0.03220192023739217
6374,0.03220192023739217
6375,0.03220192023739217
6376,0.03220192023739217
6377,0.03220192023739217
6378,0.03220192023739217
6379,0.03220192023739217
6380,0.03220192023739217
6381,0.03220192023739217
6382,0.03220192023739217
6383,0.03220192023739217
6384,0.03220192023739217
6385,0.03220192023739217
6386,0.03220192023739217
6387,0.03220192023739217
6388,0.03220192023739217
6389,0.03220192023739217
6390,0.03220192023739217
6391,0.03220192023739217
6392,0.03220192023739217
6393,0.03220192023739217
6394,0.03220192023739217
6395,0.03220192023739217
6396,0.03220192023739217
6397,0.03220192023739217
6398,0.03220192023739217
6399,0.03220192023739217
6400,0.03220192023739217
6401,0.03220192023739217
6402,0.03220192023739217
6403,0.03220192023739217
6404,0.03220192023739217
6405,0.03220192023739217
6406,0.03220192023739217
6407,0.03220192023739217
6408,0.03220192023739217
6409,0.03220192023739217
6410,0.03220192023739217
6411,0.03220192023739217
6412,0.03220192023739217
6413,0.03220192023739217
6414,0.03220192023739217
6415,0.03220192023739217
6416,0.03220192023739217
6417,0.03220192023739217
6418,0.03220192023739217
6419,0.03220192023739217
6420,0.03220192023739217
6421,0.03220192023739217
6422,0.03220192023739217
6423,0.03220192023739217
6424,0.03220192023739217
6425,0.03220192023739217
6426,0.03220192023739217
6427,0.03220192023739217
6428,0.03220192023739217
6429,0.03220192023739217
6430,0.03220192023739217
6431,0.03220192023739217
6432,0.03220192023739217
6433,0.03220192023739217
6434,0.03220192023739217
6435,0.03220192023739217
6436,0.03220192023739217
6437,0.03220192023739217
6438,0.03220192023739217
6439,0.03220192023739217
6440,0.03220192023739217
6441,0.03220192023739217
6442,0.03220192023739217
6443,0.03220192023739217
6444,0.03220192023739217
6445,0.03220192023739217
6446,0.03220192023739217
6447,0.03220192023739217
6448,0.03220192023739217
6449,0.03220192023739217
6450,0.03220192023739217
6451,0.03220192023739217
6452,0.03220192023739217
6453,0.03220192023739217
6454,0.03220192023739217
6455,0.03220192023739217
6456,0.03220192023739217
6457,0.03220192023739217
6458,0.03220192023739217
6459,0.03220192023739217
6460,0.03220192023739217
6461,0.03220192023739217
6462,0.03220192023739217
6463,0.03220192023739217
6464,0.03220192023739217
6465,0.03220192023739217
6466,0.03220192023739217
6467,0.03220192023739217
6468,0.03220192023739217
6469,0.03220192023739217
6470,0.03220192023739217
6471,0.03220192023739217
6472,0.03220192023739217
6473,0.03220192023739217
6474,0.03220192023739217
6475,0.03220192023739217
6476,0.03220192023739217
6477,0.03220192023739217
6478,0.03220192023739217
6479,0.03220192023739217
6480,0.03220192023739217
6481,0.03220192023739217
6482,0.03220192023739217
6483,0.03220192023739217
6484,0.03220192023739217
6485,0.03220192023739217
6486,0.03220192023739217
6487,0.03220192023739217
6488,0.03220192023739217
6489,0.03220192023739217
6490,0.03220192023739217
6491,0.03220192023739217
6492,0.03220192023739217
6493,0.03220192023739217
6494,0.03220192023739217
6495,0.03220192023739217
6496,0.03220192023739217
6497,0.03220192023739217
6498,0.03220192023739217
6499,0.03220192023739217
6500,0.03220192023739217
6501,0.03220192023739217
6502,0.03220192023739217
6503,0.03220192023739217
6504,0.03220192023739217
6505,0.03220192023739217
6506,0.03220192023739217
6507,0.03220192023739217
6508,0.03220192023739217
6509,0.03220192023739217
6510,0.03220192023739217
6511,0.03220192023739217
6512,0.03220192023739217
6513,0.03220192023739217
6514,0.03220192023739217
6515,0.03220192023739217
6516,0.03220192023739217
6517,0.03220192023739217
6518,0.03220192023739217
6519,0.03220192023739217
6520,0.03220192023739217
6521,0.03220192023739217
6522,0.03220192023739217
6523,0.03220192023739217
6524,0.03220192023739217
6525,0.03220192023739217
6526,0.03220192023739217
6527,0.03220192023739217
6528,0.03220192023739217
6529,0.03220192023739217
6530,0.03220192023739217
6531,0.03220192023739217
6532,0.03220192023739217
6533,0.03220192023739217
6534,0.03220192023739217
6535,0.03220192023739217
6536,0.03220192023739217
6537,0.03220192023739217
6538,0.03220192023739217
6539,0.03220192023739217
6540,0.03220192023739217
6541,0.03220192023739217
6542,0.03220192023739217
6543,0.03220192023739217
6544,0.03220192023739217
6545,0.03220192023739217
6546,0.03220192023739217
6547,0.03220192023739217
6548,0.03220192023739217
6549,0.03220192023739217
6550,0.03220192023739217
6551,0.03220192023739217
6552,0.03220192023739217
6553,0.03220192023739217
6554,0.03220192023739217
6555,0.03220192023739217
6556,0.03220192023739217
6557,0.03220192023739217
6558,0.03220192023739217
6559,0.03220192023739217
6560,0.03220192023739217
6561,0.03220192023739217
6562,0.03220192023739217
6563,0.03220192023739217
6564,0.03220192023739217
6565,0.03220192023739217
6566,0.03220192023739217
6567,0.03220192023739217
6568,0.03220192023739217
6569,0.03220192023739217
6570,0.03220192023739217
6571,0.03220192023739217
6572,0.03220192023739217
6573,0.03220192023739217
6574,0.03220192023739217
6575,0.03220192023739217
6576,0.03220192023739217
6577,0.03220192023739217
6578,0.03220192023739217
6579,0.03220192023739217
6580,0.03220192023739217
6581,0.03220192023739217
6582,0.03220192023739217
6583,0.03220192023739217
6584,0.03220192023739217
6585,0.03220192023739217
6586,0.03220192023739217
6587,0.03220192023739217
6588,0.03220192023739217
6589,0.03220192023739217
6590,0.03220192023739217
6591,0.03220192023739217
6592,0.03220192023739217
6593,0.03220192023739217
6594,0.03220192023739217
6595,0.03220192023739217
6596,0.03220192023739217
6597,0.03220192023739217
6598,0.03220192023739217
6599,0.03220192023739217
6600,0.03220192023739217
6601,0.03220192023739217
6602,0.03220192023739217
6603,0.03220192023739217
6604,0.03220192023739217
6605,0.03220192023739217
6606,0.03220192023739217
6607,0.03220192023739217
6608,0.03220192023739217
6609,0.03220192023739217
6610,0.03220192023739217
6611,0.03220192023739217
6612,0.03220192023739217
6613,0.03220192023739217
6614,0.03220192023739217
6615,0.03220192023739217
6616,0.03220192023739217
6617,0.03220192023739217
6618,0.03220192023739217
6619,0.03220192023739217
6620,0.03220192023739217
6621,0.03220192023739217
6622,0.03220192023739217
6623,0.03220192023739217
6624,0.03220192023739217
6625,0.03220192023739217
6626,0.03220192023739217
6627,0.03220192023739217
6628,0.03220192023739217
6629,0.03220192023739217
6630,0.03220192023739217
6631,0.03220192023739217
6632,0.03220192023739217
6633,0.03220192023739217
6634,0.03220192023739217
6635,0.03220192023739217
6636,0.03220192023739217
6637,0.03220192023739217
6638,0.03220192023739217
6639,0.03220192023739217
6640,0.03220192023739217
6641,0.03220192023739217
6642,0.03220192023739217
6643,0.03220192023739217
6644,0.03220192023739217
6645,0.03220192023739217
6646,0.03220192023739217
6647,0.03220192023739217
6648,0.03220192023739217
6649,0.03220192023739217
6650,0.03220192023739217
6651,0.03220192023739217
6652,0.03220192023739217
6653,0.03220192023739217
6654,0.03220192023739217
6655,0.03220192023739217
6656,0.03220192023739217
6657,0.03220192023739217
6658,0.03220192023739217
6659,0.03220192023739217
6660,0.03220192023739217
6661,0.03220192023739217
6662,0.03220192023739217
6663,0.03220192023739217
6664,0.03220192023739217
6665,0.03220192023739217
6666,0.03220192023739217
6667,0.03220192023739217
6668,0.03220192023739217
6669,0.03220192023739217
6670,0.03220192023739217
6671,0.03220192023739217
6672,0.03220192023739217
6673,0.03220192023739217
6674,0.03220192023739217
6675,0.03220192023739217
6676,0.03220192023739217
6677,0.03220192023739217
6678,0.03220192023739217
6679,0.03220192023739217
6680,0.03220192023739217
6681,0.03220192023739217
6682,0.03220192023739217
6683,0.03220192023739217
6684,0.03220192023739217
6685,0.03220192023739217
6686,0.03220192023739217
6687,0.03220192023739217
6688,0.03220192023739217
6689,0.03220192023739217
6690,0.03220192023739217
6691,0.03220192023739217
6692,0.03220192023739217
6693,0.03220192023739217
6694,0.03220192023739217
6695,0.03220192023739217
6696,0.03220192023739217
6697,0.03220192023739217
6698,0.03220192023739217
6699,0.03220192023739217
6700,0.03220192023739217
6701,0.03220192023739217
6702,0.03220192023739217
6703,0.03220192023739217
6704,0.03220192023739217
6705,0.03220192023739217
6706,0.03220192023739217
6707,0.03220192023739217
6708,0.03220192023739217
6709,0.03220192023739217
6710,0.03220192023739217
6711,0.03220192023739217
6712,0.03220192023739217
6713,0.03220192023739217
6714,0.03220192023739217
6715,0.03220192023739217
6716,0.03220192023739217
6717,0.03220192023739217
6718,0.03220192023739217
6719,0.03220192023739217
6720,0.03220192023739217
6721,0.03220192023739217
6722,0.03220192023739217
6723,0.03220192023739217
6724,0.03220192023739217
6725,0.03220192023739217
6726,0.03220192023739217
6727,0.03220192023739217
6728,0.03220192023739217
6729,0.03220192023739217
6730,0.03220192023739217
6731,0.03220192023739217
6732,0.03220192023739217
6733,0.03220192023739217
6734,0.03220192023739217
6735,0.03220192023739217
6736,0.03220192023739217
6737,0.03220192023739217
6738,0.03220192023739217
6739,0.03220192023739217
6740,0.03220192023739217
6741,0.03220192023739217
6742,0.03220192023739217
6743,0.03220192023739217
6744,0.03220192023739217
6745,0.03220192023739217
6746,0.03220192023739217
6747,0.03220192023739217
6748,0.03220192023739217
6749,0.03220192023739217
6750,0.03220192023739217
6751,0.03220192023739217
6752,0.03220192023739217
6753,0.03220192023739217
6754,0.03220192023739217
6755,0.03220192023739217
6756,0.03220192023739217
6757,0.03220192023739217
6758,0.03220192023739217
6759,0.03220192023739217
6760,0.03220192023739217
6761,0.03220192023739217
6762,0.03220192023739217
6763,0.03220192023739217
6764,0.03220192023739217
6765,0.03220192023739217
6766,0.03220192023739217
6767,0.03220192023739217
6768,0.03220192023739217
6769,0.03220192023739217
6770,0.03220192023739217
6771,0.03220192023739217
6772,0.03220192023739217
6773,0.03220192023739217
6774,0.03220192023739217
6775,0.03220192023739217
6776,0.03220192023739217
6777,0.03220192023739217
6778,0.03220192023739217
6779,0.03220192023739217
6780,0.03220192023739217
6781,0.03220192023739217
6782,0.03220192023739217
6783,0.03220192023739217
6784,0.03220192023739217
6785,0.03220192023739217
6786,0.03220192023739217
6787,0.03220192023739217
6788,0.03220192023739217
6789,0.03220192023739217
6790,0.03220192023739217
6791,0.03220192023739217
6792,0.03220192023739217
6793,0.03220192023739217
6794,0.03220192023739217
6795,0.03220192023739217
6796,0.03220192023739217
6797,0.03220192023739217
6798,0.03220192023739217
6799,0.03220192023739217
6800,0.03220192023739217
6801,0.03220192023739217
6802,0.03220192023739217
6803,0.03220192023739217
6804,0.03220192023739217
6805,0.03220192023739217
6806,0.03220192023739217
6807,0.03220192023739217
6808,0.03220192023739217
6809,0.03220192023739217
6810,0.03220192023739217
6811,0.03220192023739217
6812,0.03220192023739217
6813,0.03220192023739217
6814,0.03220192023739217
6815,0.03220192023739217
6816,0.03220192023739217
6817,0.03220192023739217
6818,0.03220192023739217
6819,0.03220192023739217
6820,0.03220192023739217
6821,0.03220192023739217
6822,0.03220192023739217
6823,0.03220192023739217
6824,0.03220192023739217
6825,0.03220192023739217
6826,0.03220192023739217
6827,0.03220192023739217
6828,0.03220192023739217
6829,0.03220192023739217
6830,0.03220192023739217
6831,0.03220192023739217
6832,0.03220192023739217
6833,0.03220192023739217
6834,0.03220192023739217
6835,0.03220192023739217
6836,0.03220192023739217
6837,0.03220192023739217
6838,0.03220192023739217
6839,0.03220192023739217
6840,0.03220192023739217
6841,0.03220192023739217
6842,0.03220192023739217
6843,0.03220192023739217
6844,0.03220192023739217
6845,0.03220192023739217
6846,0.03220192023739217
6847,0.03220192023739217
6848,0.03220192023739217
6849,0.03220192023739217
6850,0.03220192023739217
6851,0.03220192023739217
6852,0.03220192023739217
6853,0.03220192023739217
6854,0.03220192023739217
6855,0.03220192023739217
6856,0.03220192023739217
6857,0.03220192023739217
6858,0.03220192023739217
6859,0.03220192023739217
6860,0.03220192023739217
6861,0.03220192023739217
6862,0.03220192023739217
6863,0.03220192023739217
6864,0.03220192023739217
6865,0.03220192023739217
6866,0.03220192023739217
6867,0.03220192023739217
6868,0.03220192023739217
6869,0.03220192023739217
6870,0.03220192023739217
6871,0.03220192023739217
6872,0.03220192023739217
6873,0.03220192023739217
6874,0.03220192023739217
6875,0.03220192023739217
6876,0.03220192023739217
6877,0.03220192023739217
6878,0.03220192023739217
6879,0.03220192023739217
6880,0.03220192023739217
6881,0.03220192023739217
6882,0.03220192023739217
6883,0.03220192023739217
6884,0.03220192023739217
6885,0.03220192023739217
6886,0.03220192023739217
6887,0.03220192023739217
6888,0.03220192023739217
6889,0.03220192023739217
6890,0.03220192023739217
6891,0.03220192023739217
6892,0.03220192023739217
6893,0.03220192023739217
6894,0.03220192023739217
6895,0.03220192023739217
6896,0.03220192023739217
6897,0.03220192023739217
6898,0.03220192023739217
6899,0.03220192023739217
6900,0.03220192023739217
6901,0.03220192023739217
6902,0.03220192023739217
6903,0.03220192023739217
6904,0.03220192023739217
6905,0.03220192023739217
6906,0.03220192023739217
6907,0.03220192023739217
6908,0.03220192023739217
6909,0.03220192023739217
6910,0.03220192023739217
6911,0.03220192023739217
6912,0.03220192023739217
6913,0.03220192023739217
6914,0.03220192023739217
6915,0.03220192023739217
6916,0.03220192023739217
6917,0.03220192023739217
6918,0.03220192023739217
6919,0.03220192023739217
6920,0.03220192023739217
6921,0.03220192023739217
6922,0.03220192023739217
6923,0.03220192023739217
6924,0.03220192023739217
6925,0.03220192023739217
6926,0.03220192023739217
6927,0.03220192023739217
6928,0.03220192023739217
6929,0.03220192023739217
6930,0.03220192023739217
6931,0.03220192023739217
6932,0.03220192023739217
6933,0.03220192023739217
6934,0.03220192023739217
6935,0.03220192023739217
6936,0.03220192023739217
6937,0.03220192023739217
6938,0.03220192023739217
6939,0.03220192023739217
6940,0.03220192023739217
6941,0.03220192023739217
6942,0.03220192023739217
6943,0.03220192023739217
6944,0.03220192023739217
6945,0.03220192023739217
6946,0.03220192023739217
6947,0.03220192023739217
6948,0.03220192023739217
6949,0.03220192023739217
6950,0.03220192023739217
6951,0.03220192023739217
6952,0.03220192023739217
6953,0.03220192023739217
6954,0.03220192023739217
6955,0.03220192023739217
6956,0.03220192023739217
6957,0.03220192023739217
6958,0.03220192023739217
6959,0.03220192023739217
6960,0.03220192023739217
6961,0.03220192023739217
6962,0.03220192023739217
6963,0.03220192023739217
6964,0.03220192023739217
6965,0.03220192023739217
6966,0.03220192023739217
6967,0.03220192023739217
6968,0.03220192023739217
6969,0.03220192023739217
6970,0.03220192023739217
6971,0.03220192023739217
6972,0.03220192023739217
6973,0.03220192023739217
6974,0.03220192023739217
6975,0.03220192023739217
6976,0.03220192023739217
6977,0.03220192023739217
6978,0.03220192023739217
6979,0.03220192023739217
6980,0.03220192023739217
6981,0.03220192023739217
6982,0.03220192023739217
6983,0.03220192023739217
6984,0.03220192023739217
6985,0.03220192023739217
6986,0.03220192023739217
6987,0.03220192023739217
6988,0.03220192023739217
6989,0.03220192023739217
6990,0.03220192023739217
6991,0.03220192023739217
6992,0.03220192023739217
6993,0.03220192023739217
6994,0.03220192023739217
6995,0.03220192023739217
6996,0.03220192023739217
6997,0.03220192023739217
6998,0.03220192023739217
6999,0.03220192023739217
7000,0.03220192023739217
7001,0.03220192023739217
7002,0.03220192023739217
7003,0.03220192023739217
7004,0.03220192023739217
7005,0.03220192023739217
7006,0.03220192023739217
7007,0.03220192023739217
7008,0.03220192023739217
7009,0.03220192023739217
7010,0.03220192023739217
7011,0.03220192023739217
7012,0.03220192023739217
7013,0.03220192023739217
7014,0.03220192023739217
7015,0.03220192023739217
7016,0.03220192023739217
7017,0.03220192023739217
7018,0.03220192023739217
7019,0.03220192023739217
7020,0.03220192023739217
7021,0.03220192023739217
7022,0.03220192023739217
7023,0.03220192023739217
7024,0.03220192023739217
7025,0.03220192023739217
7026,0.03220192023739217
7027,0.03220192023739217
7028,0.03220192023739217
7029,0.03220192023739217
7030,0.03220192023739217
7031,0.03220192023739217
7032,0.03220192023739217
7033,0.03220192023739217
7034,0.03220192023739217
7035,0.03220192023739217
7036,0.03220192023739217
7037,0.03220192023739217
7038,0.03220192023739217
7039,0.03220192023739217
7040,0.03220192023739217
7041,0.03220192023739217
7042,0.03220192023739217
7043,0.03220192023739217
7044,0.03220192023739217
7045,0.03220192023739217
7046,0.03220192023739217
7047,0.03220192023739217
7048,0.03220192023739217
7049,0.03220192023739217
7050,0.03220192023739217
7051,0.03220192023739217
7052,0.03220192023739217
7053,0.03220192023739217
7054,0.03220192023739217
7055,0.03220192023739217
7056,0.03220192023739217
7057,0.03220192023739217
7058,0.03220192023739217
7059,0.03220192023739217
7060,0.03220192023739217
7061,0.03220192023739217
7062,0.03220192023739217
7063,0.03220192023739217
7064,0.03220192023739217
7065,0.03220192023739217
7066,0.03220192023739217
7067,0.03220192023739217
7068,0.03220192023739217
7069,0.03220192023739217
7070,0.03220192023739217
7071,0.03220192023739217
7072,0.03220192023739217
7073,0.03220192023739217
7074,0.03220192023739217
7075,0.03220192023739217
7076,0.03220192023739217
7077,0.03220192023739217
7078,0.03220192023739217
7079,0.03220192023739217
7080,0.03220192023739217
7081,0.03220192023739217
7082,0.03220192023739217
7083,0.03220192023739217
7084,0.03220192023739217
7085,0.03220192023739217
7086,0.03220192023739217
7087,0.03220192023739217
7088,0.03220192023739217
7089,0.03220192023739217
7090,0.03220192023739217
7091,0.03220192023739217
7092,0.03220192023739217
7093,0.03220192023739217
7094,0.03220192023739217
7095,0.03220192023739217
7096,0.03220192023739217
7097,0.03220192023739217
7098,0.03220192023739217
7099,0.03220192023739217
7100,0.03220192023739217
7101,0.03220192023739217
7102,0.03220192023739217
7103,0.03220192023739217
7104,0.03220192023739217
7105,0.03220192023739217
7106,0.03220192023739217
7107,0.03220192023739217
7108,0.03220192023739217
7109,0.03220192023739217
7110,0.03220192023739217
7111,0.03220192023739217
7112,0.03220192023739217
7113,0.03220192023739217
7114,0.03220192023739217
7115,0.03220192023739217
7116,0.03220192023739217
7117,0.03220192023739217
7118,0.03220192023739217
7119,0.03220192023739217
7120,0.03220192023739217
7121,0.03220192023739217
7122,0.03220192023739217
7123,0.03220192023739217
7124,0.03220192023739217
7125,0.03220192023739217
7126,0.03220192023739217
7127,0.03220192023739217
7128,0.03220192023739217
7129,0.03220192023739217
7130,0.03220192023739217
7131,0.03220192023739217
7132,0.03220192023739217
7133,0.03220192023739217
7134,0.03220192023739217
7135,0.03220192023739217
7136,0.03220192023739217
7137,0.03220192023739217
7138,0.03220192023739217
7139,0.03220192023739217
7140,0.03220192023739217
7141,0.03220192023739217
7142,0.03220192023739217
7143,0.03220192023739217
7144,0.03220192023739217
7145,0.03220192023739217
7146,0.03220192023739217
7147,0.03220192023739217
7148,0.03220192023739217
7149,0.03220192023739217
7150,0.03220192023739217
7151,0.03220192023739217
7152,0.03220192023739217
7153,0.03220192023739217
7154,0.03220192023739217
7155,0.03220192023739217
7156,0.03220192023739217
7157,0.03220192023739217
7158,0.03220192023739217
7159,0.03220192023739217
7160,0.03220192023739217
7161,0.03220192023739217
7162,0.03220192023739217
7163,0.03220192023739217
7164,0.03220192023739217
7165,0.03220192023739217
7166,0.03220192023739217
7167,0.03220192023739217
7168,0.03220192023739217
7169,0.03220192023739217
7170,0.03220192023739217
7171,0.03220192023739217
7172,0.03220192023739217
7173,0.03220192023739217
7174,0.03220192023739217
7175,0.03220192023739217
7176,0.03220192023739217
7177,0.03220192023739217
7178,0.03220192023739217
7179,0.03220192023739217
7180,0.03220192023739217
7181,0.03220192023739217
7182,0.03220192023739217
7183,0.03220192023739217
7184,0.03220192023739217
7185,0.03220192023739217
7186,0.03220192023739217
7187,0.03220192023739217
7188,0.03220192023739217
7189,0.03220192023739217
7190,0.03220192023739217
7191,0.03220192023739217
7192,0.03220192023739217
7193,0.03220192023739217
7194,0.03220192023739217
7195,0.03220192023739217
7196,0.03220192023739217
7197,0.03220192023739217
7198,0.03220192023739217
7199,0.03220192023739217
7200,0.03220192023739217
7201,0.03220192023739217
7202,0.03220192023739217
7203,0.03220192023739217
7204,0.03220192023739217
7205,0.03220192023739217
7206,0.03220192023739217
7207,0.03220192023739217
7208,0.03220192023739217
7209,0.03220192023739217
7210,0.03220192023739217
7211,0.03220192023739217
7212,0.03220192023739217
7213,0.03220192023739217
7214,0.03220192023739217
7215,0.03220192023739217
7216,0.03220192023739217
7217,0.03220192023739217
7218,0.03220192023739217
7219,0.03220192023739217
7220,0.03220192023739217
7221,0.03220192023739217
7222,0.03220192023739217
7223,0.03220192023739217
7224,0.03220192023739217
7225,0.03220192023739217
7226,0.03220192023739217
7227,0.03220192023739217
7228,0.03220192023739217
7229,0.03220192023739217
7230,0.03220192023739217
7231,0.03220192023739217
7232,0.03220192023739217
7233,0.03220192023739217
7234,0.03220192023739217
7235,0.03220192023739217
7236,0.03220192023739217
7237,0.03220192023739217
7238,0.03220192023739217
7239,0.03220192023739217
7240,0.03220192023739217
7241,0.03220192023739217
7242,0.03220192023739217
7243,0.03220192023739217
7244,0.03220192023739217
7245,0.03220192023739217
7246,0.03220192023739217
7247,0.03220192023739217
7248,0.03220192023739217
7249,0.03220192023739217
7250,0.03220192023739217
7251,0.03220192023739217
7252,0.03220192023739217
7253,0.03220192023739217
7254,0.03220192023739217
7255,0.03220192023739217
7256,0.03220192023739217
7257,0.03220192023739217
7258,0.03220192023739217
7259,0.03220192023739217
7260,0.03220192023739217
7261,0.03220192023739217
7262,0.03220192023739217
7263,0.03220192023739217
7264,0.03220192023739217
7265,0.03220192023739217
7266,0.03220192023739217
7267,0.03220192023739217
7268,0.03220192023739217
7269,0.03220192023739217
7270,0.03220192023739217
7271,0.03220192023739217
7272,0.03220192023739217
7273,0.03220192023739217
7274,0.03220192023739217
7275,0.03220192023739217
7276,0.03220192023739217
7277,0.03220192023739217
7278,0.03220192023739217
7279,0.03220192023739217
7280,0.03220192023739217
7281,0.03220192023739217
7282,0.03220192023739217
7283,0.03220192023739217
7284,0.03220192023739217
7285,0.03220192023739217
7286,0.03220192023739217
7287,0.03220192023739217
7288,0.03220192023739217
7289,0.03220192023739217
7290,0.03220192023739217
7291,0.03220192023739217
7292,0.03220192023739217
7293,0.03220192023739217
7294,0.03220192023739217
7295,0.03220192023739217
7296,0.03220192023739217
7297,0.03220192023739217
7298,0.03220192023739217
7299,0.03220192023739217
7300,0.03220192023739217
7301,0.03220192023739217
7302,0.03220192023739217
7303,0.03220192023739217
7304,0.03220192023739217
7305,0.03220192023739217
7306,0.03220192023739217
7307,0.03220192023739217
7308,0.03220192023739217
7309,0.03220192023739217
7310,0.03220192023739217
7311,0.03220192023739217
7312,0.03220192023739217
7313,0.03220192023739217
7314,0.03220192023739217
7315,0.03220192023739217
7316,0.03220192023739217
7317,0.03220192023739217
7318,0.03220192023739217
7319,0.03220192023739217
7320,0.03220192023739217
7321,0.03220192023739217
7322,0.03220192023739217
7323,0.03220192023739217
7324,0.03220192023739217
7325,0.03220192023739217
7326,0.03220192023739217
7327,0.03220192023739217
7328,0.03220192023739217
7329,0.03220192023739217
7330,0.03220192023739217
7331,0.03220192023739217
7332,0.03220192023739217
7333,0.03220192023739217
7334,0.03220192023739217
7335,0.03220192023739217
7336,0.03220192023739217
7337,0.03220192023739217
7338,0.03220192023739217
7339,0.03220192023739217
7340,0.03220192023739217
7341,0.03220192023739217
7342,0.03220192023739217
7343,0.03220192023739217
7344,0.03220192023739217
7345,0.03220192023739217
7346,0.03220192023739217
7347,0.03220192023739217
7348,0.03220192023739217
7349,0.03220192023739217
7350,0.03220192023739217
7351,0.03220192023739217
7352,0.03220192023739217
7353,0.03220192023739217
7354,0.03220192023739217
7355,0.03220192023739217
7356,0.03220192023739217
7357,0.03220192023739217
7358,0.03220192023739217
7359,0.03220192023739217
7360,0.03220192023739217
7361,0.03220192023739217
7362,0.03220192023739217
7363,0.03220192023739217
7364,0.03220192023739217
7365,0.03220192023739217
7366,0.03220192023739217
7367,0.03220192023739217
7368,0.03220192023739217
7369,0.03220192023739217
7370,0.03220192023739217
7371,0.03220192023739217
7372,0.03220192023739217
7373,0.03220192023739217
7374,0.03220192023739217
7375,0.03220192023739217
7376,0.03220192023739217
7377,0.03220192023739217
7378,0.03220192023739217
7379,0.03220192023739217
7380,0.03220192023739217
7381,0.03220192023739217
7382,0.03220192023739217
7383,0.03220192023739217
7384,0.03220192023739217
7385,0.03220192023739217
7386,0.03220192023739217
7387,0.03220192023739217
7388,0.03220192023739217
7389,0.03220192023739217
7390,0.03220192023739217
7391,0.03220192023739217
7392,0.03220192023739217
7393,0.03220192023739217
7394,0.03220192023739217
7395,0.03220192023739217
7396,0.03220192023739217
7397,0.03220192023739217
7398,0.03220192023739217
7399,0.03220192023739217
7400,0.03220192023739217
7401,0.03220192023739217
7402,0.03220192023739217
7403,0.03220192023739217
7404,0.03220192023739217
7405,0.03220192023739217
7406,0.03220192023739217
7407,0.03220192023739217
7408,0.03220192023739217
7409,0.03220192023739217
7410,0.03220192023739217
7411,0.03220192023739217
7412,0.03220192023739217
7413,0.03220192023739217
7414,0.03220192023739217
7415,0.03220192023739217
7416,0.03220192023739217
7417,0.03220192023739217
7418,0.03220192023739217
7419,0.03220192023739217
7420,0.03220192023739217
7421,0.03220192023739217
7422,0.03220192023739217
7423,0.03220192023739217
7424,0.03220192023739217
7425,0.03220192023739217
7426,0.03220192023739217
7427,0.03220192023739217
7428,0.03220192023739217
7429,0.03220192023739217
7430,0.03220192023739217
7431,0.03220192023739217
7432,0.03220192023739217
7433,0.03220192023739217
7434,0.03220192023739217
7435,0.03220192023739217
7436,0.03220192023739217
7437,0.03220192023739217
7438,0.03220192023739217
7439,0.03220192023739217
7440,0.03220192023739217
7441,0.03220192023739217
7442,0.03220192023739217
7443,0.03220192023739217
7444,0.03220192023739217
7445,0.03220192023739217
7446,0.03220192023739217
7447,0.03220192023739217
7448,0.03220192023739217
7449,0.03220192023739217
7450,0.03220192023739217
7451,0.03220192023739217
7452,0.03220192023739217
7453,0.03220192023739217
7454,0.03220192023739217
7455,0.03220192023739217
7456,0.03220192023739217
7457,0.03220192023739217
7458,0.03220192023739217
7459,0.03220192023739217
7460,0.03220192023739217
7461,0.03220192023739217
7462,0.03220192023739217
7463,0.03220192023739217
7464,0.03220192023739217
7465,0.03220192023739217
7466,0.03220192023739217
7467,0.03220192023739217
7468,0.03220192023739217
7469,0.03220192023739217
7470,0.03220192023739217
7471,0.03220192023739217
7472,0.03220192023739217
7473,0.03220192023739217
7474,0.03220192023739217
7475,0.03220192023739217
7476,0.03220192023739217
7477,0.03220192023739217
7478,0.03220192023739217
7479,0.03220192023739217
7480,0.03220192023739217
7481,0.03220192023739217
7482,0.03220192023739217
7483,0.03220192023739217
7484,0.03220192023739217
7485,0.03220192023739217
7486,0.03220192023739217
7487,0.03220192023739217
7488,0.03220192023739217
7489,0.03220192023739217
7490,0.03220192023739217
7491,0.03220192023739217
7492,0.03220192023739217
7493,0.03220192023739217
7494,0.03220192023739217
7495,0.03220192023739217
7496,0.03220192023739217
7497,0.03220192023739217
7498,0.03220192023739217
7499,0.03220192023739217
7500,0.03220192023739217
7501,0.03220192023739217
7502,0.03220192023739217
7503,0.03220192023739217
7504,0.03220192023739217
7505,0.03220192023739217
7506,0.03220192023739217
7507,0.03220192023739217
7508,0.03220192023739217
7509,0.03220192023739217
7510,0.03220192023739217
7511,0.03220192023739217
7512,0.03220192023739217
7513,0.03220192023739217
7514,0.03220192023739217
7515,0.03220192023739217
7516,0.03220192023739217
7517,0.03220192023739217
7518,0.03220192023739217
7519,0.03220192023739217
7520,0.03220192023739217
7521,0.03220192023739217
7522,0.03220192023739217
7523,0.03220192023739217
7524,0.03220192023739217
7525,0.03220192023739217
7526,0.03220192023739217
7527,0.03220192023739217
7528,0.03220192023739217
7529,0.03220192023739217
7530,0.03220192023739217
7531,0.03220192023739217
7532,0.03220192023739217
7533,0.03220192023739217
7534,0.03220192023739217
7535,0.03220192023739217
7536,0.03220192023739217
7537,0.03220192023739217
7538,0.03220192023739217
7539,0.03220192023739217
7540,0.03220192023739217
7541,0.03220192023739217
7542,0.03220192023739217
7543,0.03220192023739217
7544,0.03220192023739217
7545,0.03220192023739217
7546,0.03220192023739217
7547,0.03220192023739217
7548,0.03220192023739217
7549,0.03220192023739217
7550,0.03220192023739217
7551,0.03220192023739217
7552,0.03220192023739217
7553,0.03220192023739217
7554,0.03220192023739217
7555,0.03220192023739217
7556,0.03220192023739217
7557,0.03220192023739217
7558,0.03220192023739217
7559,0.03220192023739217
7560,0.03220192023739217
7561,0.03220192023739217
7562,0.03220192023739217
7563,0.03220192023739217
7564,0.03220192023739217
7565,0.03220192023739217
7566,0.03220192023739217
7567,0.03220192023739217
7568,0.03220192023739217
7569,0.03220192023739217
7570,0.03220192023739217
7571,0.03220192023739217
7572,0.03220192023739217
7573,0.03220192023739217
7574,0.03220192023739217
7575,0.03220192023739217
7576,0.03220192023739217
7577,0.03220192023739217
7578,0.03220192023739217
7579,0.03220192023739217
7580,0.03220192023739217
7581,0.03220192023739217
7582,0.03220192023739217
7583,0.03220192023739217
7584,0.03220192023739217
7585,0.03220192023739217
7586,0.03220192023739217
7587,0.03220192023739217
7588,0.03220192023739217
7589,0.03220192023739217
7590,0.03220192023739217
7591,0.03220192023739217
7592,0.03220192023739217
7593,0.03220192023739217
7594,0.03220192023739217
7595,0.03220192023739217
7596,0.03220192023739217
7597,0.03220192023739217
7598,0.03220192023739217
7599,0.03220192023739217
7600,0.03220192023739217
7601,0.03220192023739217
7602,0.03220192023739217
7603,0.03220192023739217
7604,0.03220192023739217
7605,0.03220192023739217
7606,0.03220192023739217
7607,0.03220192023739217
7608,0.03220192023739217
7609,0.03220192023739217
7610,0.03220192023739217
7611,0.03220192023739217
7612,0.03220192023739217
7613,0.03220192023739217
7614,0.03220192023739217
7615,0.03220192023739217
7616,0.03220192023739217
7617,0.03220192023739217
7618,0.03220192023739217
7619,0.03220192023739217
7620,0.03220192023739217
7621,0.03220192023739217
7622,0.03220192023739217
7623,0.03220192023739217
7624,0.03220192023739217
7625,0.03220192023739217
7626,0.03220192023739217
7627,0.03220192023739217
7628,0.03220192023739217
7629,0.03220192023739217
7630,0.03220192023739217
7631,0.03220192023739217
7632,0.03220192023739217
7633,0.03220192023739217
7634,0.03220192023739217
7635,0.03220192023739217
7636,0.03220192023739217
7637,0.03220192023739217
7638,0.03220192023739217
7639,0.03220192023739217
7640,0.03220192023739217
7641,0.03220192023739217
7642,0.03220192023739217
7643,0.03220192023739217
7644,0.03220192023739217
7645,0.03220192023739217
7646,0.03220192023739217
7647,0.03220192023739217
7648,0.03220192023739217
7649,0.03220192023739217
7650,0.03220192023739217
7651,0.03220192023739217
7652,0.03220192023739217
7653,0.03220192023739217
7654,0.03220192023739217
7655,0.03220192023739217
7656,0.03220192023739217
7657,0.03220192023739217
7658,0.03220192023739217
7659,0.03220192023739217
7660,0.03220192023739217
7661,0.03220192023739217
7662,0.03220192023739217
7663,0.03220192023739217
7664,0.03220192023739217
7665,0.03220192023739217
7666,0.03220192023739217
7667,0.03220192023739217
7668,0.03220192023739217
7669,0.03220192023739217
7670,0.03220192023739217
7671,0.03220192023739217
7672,0.03220192023739217
7673,0.03220192023739217
7674,0.03220192023739217
7675,0.03220192023739217
7676,0.03220192023739217
7677,0.03220192023739217
7678,0.03220192023739217
7679,0.03220192023739217
7680,0.03220192023739217
7681,0.03220192023739217
7682,0.03220192023739217
7683,0.03220192023739217
7684,0.03220192023739217
7685,0.03220192023739217
7686,0.03220192023739217
7687,0.03220192023739217
7688,0.03220192023739217
7689,0.03220192023739217
7690,0.03220192023739217
7691,0.03220192023739217
7692,0.03220192023739217
7693,0.03220192023739217
7694,0.03220192023739217
7695,0.03220192023739217
7696,0.03220192023739217
7697,0.03220192023739217
7698,0.03220192023739217
7699,0.03220192023739217
7700,0.03220192023739217
7701,0.03220192023739217
7702,0.03220192023739217
7703,0.03220192023739217
7704,0.03220192023739217
7705,0.03220192023739217
7706,0.03220192023739217
7707,0.03220192023739217
7708,0.03220192023739217
7709,0.03220192023739217
7710,0.03220192023739217
7711,0.03220192023739217
7712,0.03220192023739217
7713,0.03220192023739217
7714,0.03220192023739217
7715,0.03220192023739217
7716,0.03220192023739217
7717,0.03220192023739217
7718,0.03220192023739217
7719,0.03220192023739217
7720,0.03220192023739217
7721,0.03220192023739217
7722,0.03220192023739217
7723,0.03220192023739217
7724,0.03220192023739217
7725,0.03220192023739217
7726,0.03220192023739217
7727,0.03220192023739217
7728,0.03220192023739217
7729,0.03220192023739217
7730,0.03220192023739217
7731,0.03220192023739217
7732,0.03220192023739217
7733,0.03220192023739217
7734,0.03220192023739217
7735,0.03220192023739217
7736,0.03220192023739217
7737,0.03220192023739217
7738,0.03220192023739217
7739,0.03220192023739217
7740,0.03220192023739217
7741,0.03220192023739217
7742,0.03220192023739217
7743,0.03220192023739217
7744,0.03220192023739217
7745,0.03220192023739217
7746,0.03220192023739217
7747,0.03220192023739217
7748,0.03220192023739217
7749,0.03220192023739217
7750,0.03220192023739217
7751,0.03220192023739217
7752,0.03220192023739217
7753,0.03220192023739217
7754,0.03220192023739217
7755,0.03220192023739217
7756,0.03220192023739217
7757,0.03220192023739217
7758,0.03220192023739217
7759,0.03220192023739217
7760,0.03220192023739217
7761,0.03220192023739217
7762,0.03220192023739217
7763,0.03220192023739217
7764,0.03220192023739217
7765,0.03220192023739217
7766,0.03220192023739217
7767,0.03220192023739217
7768,0.03220192023739217
7769,0.03220192023739217
7770,0.03220192023739217
7771,0.03220192023739217
7772,0.03220192023739217
7773,0.03220192023739217
7774,0.03220192023739217
7775,0.03220192023739217
7776,0.03220192023739217
7777,0.03220192023739217
7778,0.03220192023739217
7779,0.03220192023739217
7780,0.03220192023739217
7781,0.03220192023739217
7782,0.03220192023739217
7783,0.03220192023739217
7784,0.03220192023739217
7785,0.03220192023739217
7786,0.03220192023739217
7787,0.03220192023739217
7788,0.03220192023739217
7789,0.03220192023739217
7790,0.03220192023739217
7791,0.03220192023739217
7792,0.03220192023739217
7793,0.03220192023739217
7794,0.03220192023739217
7795,0.03220192023739217
7796,0.03220192023739217
7797,0.03220192023739217
7798,0.03220192023739217
7799,0.03220192023739217
7800,0.03220192023739217
7801,0.03220192023739217
7802,0.03220192023739217
7803,0.03220192023739217
7804,0.03220192023739217
7805,0.03220192023739217
7806,0.03220192023739217
7807,0.03220192023739217
7808,0.03220192023739217
7809,0.03220192023739217
7810,0.03220192023739217
7811,0.03220192023739217
7812,0.03220192023739217
7813,0.03220192023739217
7814,0.03220192023739217
7815,0.03220192023739217
7816,0.03220192023739217
7817,0.03220192023739217
7818,0.03220192023739217
7819,0.03220192023739217
7820,0.03220192023739217
7821,0.03220192023739217
7822,0.03220192023739217
7823,0.03220192023739217
7824,0.03220192023739217
7825,0.03220192023739217
7826,0.03220192023739217
7827,0.03220192023739217
7828,0.03220192023739217
7829,0.03220192023739217
7830,0.03220192023739217
7831,0.03220192023739217
7832,0.03220192023739217
7833,0.03220192023739217
7834,0.03220192023739217
7835,0.03220192023739217
7836,0.03220192023739217
7837,0.03220192023739217
7838,0.03220192023739217
7839,0.03220192023739217
7840,0.03220192023739217
7841,0.03220192023739217
7842,0.03220192023739217
7843,0.03220192023739217
7844,0.03220192023739217
7845,0.03220192023739217
7846,0.03220192023739217
7847,0.03220192023739217
7848,0.03220192023739217
7849,0.03220192023739217
7850,0.03220192023739217
7851,0.03220192023739217
7852,0.03220192023739217
7853,0.03220192023739217
7854,0.03220192023739217
7855,0.03220192023739217
7856,0.03220192023739217
7857,0.03220192023739217
7858,0.03220192023739217
7859,0.03220192023739217
7860,0.03220192023739217
7861,0.03220192023739217
7862,0.03220192023739217
7863,0.03220192023739217
7864,0.03220192023739217
7865,0.03220192023739217
7866,0.03220192023739217
7867,0.03220192023739217
7868,0.03220192023739217
7869,0.03220192023739217
7870,0.03220192023739217
7871,0.03220192023739217
7872,0.03220192023739217
7873,0.03220192023739217
7874,0.03220192023739217
7875,0.03220192023739217
7876,0.03220192023739217
7877,0.03220192023739217
7878,0.03220192023739217
7879,0.03220192023739217
7880,0.03220192023739217
7881,0.03220192023739217
7882,0.03220192023739217
7883,0.03220192023739217
7884,0.03220192023739217
7885,0.03220192023739217
7886,0.03220192023739217
7887,0.03220192023739217
7888,0.03220192023739217
7889,0.03220192023739217
7890,0.03220192023739217
7891,0.03220192023739217
7892,0.03220192023739217
7893,0.03220192023739217
7894,0.03220192023739217
7895,0.03220192023739217
7896,0.03220192023739217
7897,0.03220192023739217
7898,0.03220192023739217
7899,0.03220192023739217
7900,0.03220192023739217
7901,0.03220192023739217
7902,0.03220192023739217
7903,0.03220192023739217
7904,0.03220192023739217
7905,0.03220192023739217
7906,0.03220192023739217
7907,0.03220192023739217
7908,0.03220192023739217
7909,0.03220192023739217
7910,0.03220192023739217
7911,0.03220192023739217
7912,0.03220192023739217
7913,0.03220192023739217
7914,0.03220192023739217
7915,0.03220192023739217
7916,0.03220192023739217
7917,0.03220192023739217
7918,0.03220192023739217
7919,0.03220192023739217
7920,0.03220192023739217
7921,0.03220192023739217
7922,0.03220192023739217
7923,0.03220192023739217
7924,0.03220192023739217
7925,0.03220192023739217
7926,0.03220192023739217
7927,0.03220192023739217
7928,0.03220192023739217
7929,0.03220192023739217
7930,0.03220192023739217
7931,0.03220192023739217
7932,0.03220192023739217
7933,0.03220192023739217
7934,0.03220192023739217
7935,0.03220192023739217
7936,0.03220192023739217
7937,0.03220192023739217
7938,0.03220192023739217
7939,0.03220192023739217
7940,0.03220192023739217
7941,0.03220192023739217
7942,0.03220192023739217
7943,0.03220192023739217
7944,0.03220192023739217
7945,0.03220192023739217
7946,0.03220192023739217
7947,0.03220192023739217
7948,0.03220192023739217
7949,0.03220192023739217
7950,0.03220192023739217
7951,0.03220192023739217
7952,0.03220192023739217
7953,0.03220192023739217
7954,0.03220192023739217
7955,0.03220192023739217
7956,0.03220192023739217
7957,0.03220192023739217
7958,0.03220192023739217
7959,0.03220192023739217
7960,0.03220192023739217
7961,0.03220192023739217
7962,0.03220192023739217
7963,0.03220192023739217
7964,0.03220192023739217
7965,0.03220192023739217
7966,0.03220192023739217
7967,0.03220192023739217
7968,0.03220192023739217
7969,0.03220192023739217
7970,0.03220192023739217
7971,0.03220192023739217
7972,0.03220192023739217
7973,0.03220192023739217
7974,0.03220192023739217
7975,0.03220192023739217
7976,0.03220192023739217
7977,0.03220192023739217
7978,0.03220192023739217
7979,0.03220192023739217
7980,0.03220192023739217
7981,0.03220192023739217
7982,0.03220192023739217
7983,0.03220192023739217
7984,0.03220192023739217
7985,0.03220192023739217
7986,0.03220192023739217
7987,0.03220192023739217
7988,0.03220192023739217
7989,0.03220192023739217
7990,0.03220192023739217
7991,0.03220192023739217
7992,0.03220192023739217
7993,0.03220192023739217
7994,0.03220192023739217
7995,0.03220192023739217
7996,0.03220192023739217
7997,0.03220192023739217
7998,0.03220192023739217
7999,0.03220192023739217
8000,0.03220192023739217
8001,0.03220192023739217
8002,0.03220192023739217
8003,0.03220192023739217
8004,0.03220192023739217
8005,0.03220192023739217
8006,0.03220192023739217
8007,0.03220192023739217
8008,0.03220192023739217
8009,0.03220192023739217
8010,0.03220192023739217
8011,0.03220192023739217
8012,0.03220192023739217
8013,0.03220192023739217
8014,0.03220192023739217
8015,0.03220192023739217
8016,0.03220192023739217
8017,0.03220192023739217
8018,0.03220192023739217
8019,0.03220192023739217
8020,0.03220192023739217
8021,0.03220192023739217
8022,0.03220192023739217
8023,0.03220192023739217
8024,0.03220192023739217
8025,0.03220192023739217
8026,0.03220192023739217
8027,0.03220192023739217
8028,0.03220192023739217
8029,0.03220192023739217
8030,0.03220192023739217
8031,0.03220192023739217
8032,0.03220192023739217
8033,0.03220192023739217
8034,0.03220192023739217
8035,0.03220192023739217
8036,0.03220192023739217
8037,0.03220192023739217
8038,0.03220192023739217
8039,0.03220192023739217
8040,0.03220192023739217
8041,0.03220192023739217
8042,0.03220192023739217
8043,0.03220192023739217
8044,0.03220192023739217
8045,0.03220192023739217
8046,0.03220192023739217
8047,0.03220192023739217
8048,0.03220192023739217
8049,0.03220192023739217
8050,0.03220192023739217
8051,0.03220192023739217
8052,0.03220192023739217
8053,0.03220192023739217
8054,0.03220192023739217
8055,0.03220192023739217
8056,0.03220192023739217
8057,0.03220192023739217
8058,0.03220192023739217
8059,0.03220192023739217
8060,0.03220192023739217
8061,0.03220192023739217
8062,0.03220192023739217
8063,0.03220192023739217
8064,0.03220192023739217
8065,0.03220192023739217
8066,0.03220192023739217
8067,0.03220192023739217
8068,0.03220192023739217
8069,0.03220192023739217
8070,0.03220192023739217
8071,0.03220192023739217
8072,0.03220192023739217
8073,0.03220192023739217
8074,0.03220192023739217
8075,0.03220192023739217
8076,0.03220192023739217
8077,0.03220192023739217
8078,0.03220192023739217
8079,0.03220192023739217
8080,0.03220192023739217
8081,0.03220192023739217
8082,0.03220192023739217
8083,0.03220192023739217
8084,0.03220192023739217
8085,0.03220192023739217
8086,0.03220192023739217
8087,0.03220192023739217
8088,0.03220192023739217
8089,0.03220192023739217
8090,0.03220192023739217
8091,0.03220192023739217
8092,0.03220192023739217
8093,0.03220192023739217
8094,0.03220192023739217
8095,0.03220192023739217
8096,0.03220192023739217
8097,0.03220192023739217
8098,0.03220192023739217
8099,0.03220192023739217
8100,0.03220192023739217
8101,0.03220192023739217
8102,0.03220192023739217
8103,0.03220192023739217
8104,0.03220192023739217
8105,0.03220192023739217
8106,0.03220192023739217
8107,0.03220192023739217
8108,0.03220192023739217
8109,0.03220192023739217
8110,0.03220192023739217
8111,0.03220192023739217
8112,0.03220192023739217
8113,0.03220192023739217
8114,0.03220192023739217
8115,0.03220192023739217
8116,0.03220192023739217
8117,0.03220192023739217
8118,0.03220192023739217
8119,0.03220192023739217
8120,0.03220192023739217
8121,0.03220192023739217
8122,0.03220192023739217
8123,0.03220192023739217
8124,0.03220192023739217
8125,0.03220192023739217
8126,0.03220192023739217
8127,0.03220192023739217
8128,0.03220192023739217
8129,0.03220192023739217
8130,0.03220192023739217
8131,0.03220192023739217
8132,0.03220192023739217
8133,0.03220192023739217
8134,0.03220192023739217
8135,0.03220192023739217
8136,0.03220192023739217
8137,0.03220192023739217
8138,0.03220192023739217
8139,0.03220192023739217
8140,0.03220192023739217
8141,0.03220192023739217
8142,0.03220192023739217
8143,0.03220192023739217
8144,0.03220192023739217
8145,0.03220192023739217
8146,0.03220192023739217
8147,0.03220192023739217
8148,0.03220192023739217
8149,0.03220192023739217
8150,0.03220192023739217
8151,0.03220192023739217
8152,0.03220192023739217
8153,0.03220192023739217
8154,0.03220192023739217
8155,0.03220192023739217
8156,0.03220192023739217
8157,0.03220192023739217
8158,0.03220192023739217
8159,0.03220192023739217
8160,0.03220192023739217
8161,0.03220192023739217
8162,0.03220192023739217
8163,0.03220192023739217
8164,0.03220192023739217
8165,0.03220192023739217
8166,0.03220192023739217
8167,0.03220192023739217
8168,0.03220192023739217
8169,0.03220192023739217
8170,0.03220192023739217
8171,0.03220192023739217
8172,0.03220192023739217
8173,0.03220192023739217
8174,0.03220192023739217
8175,0.03220192023739217
8176,0.03220192023739217
8177,0.03220192023739217
8178,0.03220192023739217
8179,0.03220192023739217
8180,0.03220192023739217
8181,0.03220192023739217
8182,0.03220192023739217
8183,0.03220192023739217
8184,0.03220192023739217
8185,0.03220192023739217
8186,0.03220192023739217
8187,0.03220192023739217
8188,0.03220192023739217
8189,0.03220192023739217
8190,0.03220192023739217
8191,0.03220192023739217
8192,0.03220192023739217
8193,0.03220192023739217
8194,0.03220192023739217
8195,0.03220192023739217
8196,0.03220192023739217
8197,0.03220192023739217
8198,0.03220192023739217
8199,0.03220192023739217
8200,0.03220192023739217
8201,0.03229958416894078
8202,0.03229958416894078
8203,0.03229958416894078
8204,0.03229958416894078
8205,0.03229958416894078
8206,0.03229958416894078
8207,0.03229958416894078
8208,0.03229958416894078
8209,0.03239315212145447
8210,0.03239315212145447
8211,0.03239315212145447
8212,0.03239315212145447
8213,0.03239315212145447
8214,0.03239315212145447
8215,0.03239315212145447
8216,0.03239315212145447
8217,0.03258867208287119
8218,0.03258867208287119
8219,0.03258867208287119
8220,0.03258867208287119
8221,0.03258867208287119
8222,0.03258867208287119
8223,0.03258867208287119
8224,0.03258867208287119
8225,0.032608640279620876
8226,0.032608640279620876
8227,0.032608640279620876
8228,0.032608640279620876
8229,0.032608640279620876
8230,0.032608640279620876
8231,0.032608640279620876
8232,0.032608640279620876
8233,0.032437952853739245
8234,0.032437952853739245
8235,0.032437952853739245
8236,0.032437952853739245
8237,0.032437952853739245
8238,0.032437952853739245
8239,0.032437952853739245
8240,0.032437952853739245
8241,0.032331009004265054
8242,0.032331009004265054
8243,0.032331009004265054
8244,0.032331009004265054
8245,0.032331009004265054
8246,0.032331009004265054
8247,0.032331009004265054
8248,0.032331009004265054
8249,0.03206700905784963
8250,0.03206700905784963
8251,0.03206700905784963
8252,0.03206700905784963
8253,0.03206700905784963
8254,0.03206700905784963
8255,0.03206700905784963
8256,0.03206700905784963
8257,0.03182560098916291
8258,0.03182560098916291
8259,0.03182560098916291
8260,0.03182560098916291
8261,0.03182560098916291
8262,0.03182560098916291
8263,0.03182560098916291
8264,0.03182560098916291
8265,0.03147897671908139
8266,0.03147897671908139
8267,0.03147897671908139
8268,0.03147897671908139
8269,0.03147897671908139
8270,0.03147897671908139
8271,0.03147897671908139
8272,0.03147897671908139
8273,0.03142054453492163
8274,0.03142054453492163
8275,0.03142054453492163
8276,0.03142054453492163
8277,0.03142054453492163
8278,0.03142054453492163
8279,0.03142054453492163
8280,0.03142054453492163
8281,0.03153100816532968
8282,0.03153100816532968
8283,0.03153100816532968
8284,0.03153100816532968
8285,0.03153100816532968
8286,0.03153100816532968
8287,0.03153100816532968
8288,0.03153100816532968
8289,0.03167481588572262
8290,0.03167481588572262
8291,0.03167481588572262
8292,0.03167481588572262
8293,0.03167481588572262
8294,0.03167481588572262
8295,0.03167481588572262
8296,0.03167481588572262
8297,0.03196947152912615
8298,0.03196947152912615
8299,0.03196947152912615
8300,0.03196947152912615
8301,0.03196947152912615
8302,0.03196947152912615
8303,0.03196947152912615
8304,0.03196947152912615
8305,0.03201804765313862
8306,0.03201804765313862
8307,0.03201804765313862
8308,0.03201804765313862
8309,0.03201804765313862
8310,0.03201804765313862
8311,0.03201804765313862
8312,0.03201804765313862
8313,0.0319297283515334
8314,0.0319297283515334
8315,0.0319297283515334
8316,0.0319297283515334
8317,0.0319297283515334
8318,0.0319297283515334
8319,0.0319297283515334
8320,0.0319297283515334
8321,0.0319297283515334
8322,0.0319297283515334
8323,0.0319297283515334
8324,0.0319297283515334
8325,0.0319297283515334
8326,0.0319297283515334
8327,0.0319297283515334
8328,0.0319297283515334
8329,0.0319297283515334
8330,0.0319297283515334
8331,0.0319297283515334
8332,0.0319297283515334
8333,0.0319297283515334
8334,0.0319297283515334
8335,0.0319297283515334
8336,0.0319297283515334
8337,0.0319297283515334
8338,0.0319297283515334
8339,0.0319297283515334
8340,0.0319297283515334
8341,0.0319297283515334
8342,0.0319297283515334
8343,0.0319297283515334
8344,0.0319297283515334
8345,0.0319297283515334
8346,0.0319297283515334
8347,0.0319297283515334
8348,0.0319297283515334
8349,0.0319297283515334
8350,0.0319297283515334
8351,0.0319297283515334
8352,0.0319297283515334
8353,0.0319297283515334
8354,0.0319297283515334
8355,0.0319297283515334
8356,0.0319297283515334
8357,0.0319297283515334
8358,0.0319297283515334
8359,0.0319297283515334
8360,0.0319297283515334
8361,0.0319297283515334
8362,0.0319297283515334
8363,0.0319297283515334
8364,0.0319297283515334
8365,0.0319297283515334
8366,0.0319297283515334
8367,0.0319297283515334
8368,0.0319297283515334
8369,0.0319297283515334
8370,0.0319297283515334
8371,0.0319297283515334
8372,0.0319297283515334
8373,0.0319297283515334
8374,0.0319297283515334
8375,0.0319297283515334
8376,0.0319297283515334
8377,0.0319297283515334
8378,0.0319297283515334
8379,0.0319297283515334
8380,0.0319297283515334
8381,0.0319297283515334
8382,0.0319297283515334
8383,0.0319297283515334
8384,0.0319297283515334
8385,0.0319297283515334
8386,0.0319297283515334
8387,0.0319297283515334
8388,0.0319297283515334
8389,0.0319297283515334
8390,0.0319297283515334
8391,0.0319297283515334
8392,0.0319297283515334
8393,0.0319297283515334
8394,0.0319297283515334
8395,0.0319297283515334
8396,0.0319297283515334
8397,0.0319297283515334
8398,0.0319297283515334
8399,0.0319297283515334
8400,0.0319297283515334
8401,0.0319297283515334
8402,0.0319297283515334
8403,0.0319297283515334
8404,0.0319297283515334
8405,0.0319297283515334
8406,0.0319297283515334
8407,0.0319297283515334
8408,0.0319297283515334
8409,0.0319297283515334
8410,0.0319297283515334
8411,0.0319297283515334
8412,0.0319297283515334
8413,0.0319297283515334
8414,0.0319297283515334
8415,0.0319297283515334
8416,0.0319297283515334
8417,0.0319297283515334
8418,0.0319297283515334
8419,0.0319297283515334
8420,0.0319297283515334
8421,0.0319297283515334
8422,0.0319297283515334
8423,0.0319297283515334
8424,0.0319297283515334
8425,0.0319297283515334
8426,0.0319297283515334
8427,0.0319297283515334
8428,0.0319297283515334
8429,0.0319297283515334
8430,0.0319297283515334
8431,0.0319297283515334
8432,0.0319297283515334
8433,0.0319297283515334
8434,0.0319297283515334
8435,0.0319297283515334
8436,0.0319297283515334
8437,0.0319297283515334
8438,0.0319297283515334
8439,0.0319297283515334
8440,0.0319297283515334
8441,0.0319297283515334
8442,0.0319297283515334
8443,0.0319297283515334
8444,0.0319297283515334
8445,0.0319297283515334
8446,0.0319297283515334
8447,0.0319297283515334
8448,0.0319297283515334
8449,0.0319297283515334
8450,0.0319297283515334
8451,0.0319297283515334
8452,0.0319297283515334
8453,0.0319297283515334
8454,0.0319297283515334
8455,0.0319297283515334
8456,0.0319297283515334
8457,0.0319297283515334
8458,0.0319297283515334
8459,0.0319297283515334
8460,0.0319297283515334
8461,0.0319297283515334
8462,0.0319297283515334
8463,0.0319297283515334
8464,0.0319297283515334
8465,0.0319297283515334
8466,0.0319297283515334
8467,0.0319297283515334
8468,0.0319297283515334
8469,0.0319297283515334
8470,0.0319297283515334
8471,0.0319297283515334
8472,0.0319297283515334
8473,0.0319297283515334
8474,0.0319297283515334
8475,0.0319297283515334
8476,0.0319297283515334
8477,0.0319297283515334
8478,0.0319297283515334
8479,0.0319297283515334
8480,0.0319297283515334
8481,0.0319297283515334
8482,0.0319297283515334
8483,0.0319297283515334
8484,0.0319297283515334
8485,0.0319297283515334
8486,0.0319297283515334
8487,0.0319297283515334
8488,0.0319297283515334
8489,0.0319297283515334
8490,0.0319297283515334
8491,0.0319297283515334
8492,0.0319297283515334
8493,0.0319297283515334
8494,0.0319297283515334
8495,0.0319297283515334
8496,0.0319297283515334
8497,0.0319297283515334
8498,0.0319297283515334
8499,0.0319297283515334
8500,0.0319297283515334
8501,0.0319297283515334
8502,0.0319297283515334
8503,0.0319297283515334
8504,0.0319297283515334
8505,0.0319297283515334
8506,0.0319297283515334
8507,0.0319297283515334
8508,0.0319297283515334
8509,0.0319297283515334
8510,0.0319297283515334
8511,0.0319297283515334
8512,0.0319297283515334
8513,0.0319297283515334
8514,0.0319297283515334
8515,0.0319297283515334
8516,0.0319297283515334
8517,0.0319297283515334
8518,0.0319297283515334
8519,0.0319297283515334
8520,0.0319297283515334
8521,0.0319297283515334
8522,0.0319297283515334
8523,0.0319297283515334
8524,0.0319297283515334
8525,0.0319297283515334
8526,0.0319297283515334
8527,0.0319297283515334
8528,0.0319297283515334
8529,0.0319297283515334
8530,0.0319297283515334
8531,0.0319297283515334
8532,0.0319297283515334
8533,0.0319297283515334
8534,0.0319297283515334
8535,0.0319297283515334
8536,0.0319297283515334
8537,0.0319297283515334
8538,0.0319297283515334
8539,0.0319297283515334
8540,0.0319297283515334
8541,0.0319297283515334
8542,0.0319297283515334
8543,0.0319297283515334
8544,0.0319297283515334
8545,0.0319297283515334
8546,0.0319297283515334
8547,0.0319297283515334
8548,0.0319297283515334
8549,0.0319297283515334
8550,0.0319297283515334
8551,0.0319297283515334
8552,0.0319297283515334
8553,0.0319297283515334
8554,0.0319297283515334
8555,0.0319297283515334
8556,0.0319297283515334
8557,0.0319297283515334
8558,0.0319297283515334
8559,0.0319297283515334
8560,0.0319297283515334
8561,0.0319297283515334
8562,0.0319297283515334
8563,0.0319297283515334
8564,0.0319297283515334
8565,0.0319297283515334
8566,0.0319297283515334
8567,0.0319297283515334
8568,0.0319297283515334
8569,0.0319297283515334
8570,0.0319297283515334
8571,0.0319297283515334
8572,0.0319297283515334
8573,0.0319297283515334
8574,0.0319297283515334
8575,0.0319297283515334
8576,0.0319297283515334
8577,0.0319297283515334
8578,0.0319297283515334
8579,0.0319297283515334
8580,0.0319297283515334
8581,0.0319297283515334
8582,0.0319297283515334
8583,0.0319297283515334
8584,0.0319297283515334
8585,0.0319297283515334
8586,0.0319297283515334
8587,0.0319297283515334
8588,0.0319297283515334
8589,0.0319297283515334
8590,0.0319297283515334
8591,0.0319297283515334
8592,0.0319297283515334
8593,0.0319297283515334
8594,0.0319297283515334
8595,0.0319297283515334
8596,0.0319297283515334
8597,0.0319297283515334
8598,0.0319297283515334
8599,0.0319297283515334
8600,0.0319297283515334
8601,0.0319297283515334
8602,0.0319297283515334
8603,0.0319297283515334
8604,0.0319297283515334
8605,0.0319297283515334
8606,0.0319297283515334
8607,0.0319297283515334
8608,0.0319297283515334
8609,0.0319297283515334
8610,0.0319297283515334
8611,0.0319297283515334
8612,0.0319297283515334
8613,0.0319297283515334
8614,0.0319297283515334
8615,0.0319297283515334
8616,0.0319297283515334
8617,0.0319297283515334
8618,0.0319297283515334
8619,0.0319297283515334
8620,0.0319297283515334
8621,0.0319297283515334
8622,0.0319297283515334
8623,0.0319297283515334
8624,0.0319297283515334
8625,0.0319297283515334
8626,0.0319297283515334
8627,0.0319297283515334
8628,0.0319297283515334
8629,0.0319297283515334
8630,0.0319297283515334
8631,0.0319297283515334
8632,0.0319297283515334
8633,0.0319297283515334
8634,0.0319297283515334
8635,0.0319297283515334
8636,0.0319297283515334
8637,0.0319297283515334
8638,0.0319297283515334
8639,0.0319297283515334
8640,0.0319297283515334
8641,0.0319297283515334
8642,0.0319297283515334
8643,0.0319297283515334
8644,0.0319297283515334
8645,0.0319297283515334
8646,0.0319297283515334
8647,0.0319297283515334
8648,0.0319297283515334
8649,0.0319297283515334
8650,0.0319297283515334
8651,0.0319297283515334
8652,0.0319297283515334
8653,0.0319297283515334
8654,0.0319297283515334
8655,0.0319297283515334
8656,0.0319297283515334
8657,0.0319297283515334
8658,0.0319297283515334
8659,0.0319297283515334
8660,0.0319297283515334
8661,0.0319297283515334
8662,0.0319297283515334
8663,0.0319297283515334
8664,0.0319297283515334
8665,0.0319297283515334
8666,0.0319297283515334
8667,0.0319297283515334
8668,0.0319297283515334
8669,0.0319297283515334
8670,0.0319297283515334
8671,0.0319297283515334
8672,0.0319297283515334
8673,0.0319297283515334
8674,0.0319297283515334
8675,0.0319297283515334
8676,0.0319297283515334
8677,0.0319297283515334
8678,0.0319297283515334
8679,0.0319297283515334
8680,0.0319297283515334
8681,0.0319297283515334
8682,0.0319297283515334
8683,0.0319297283515334
8684,0.0319297283515334
8685,0.0319297283515334
8686,0.0319297283515334
8687,0.0319297283515334
8688,0.0319297283515334
8689,0.0319297283515334
8690,0.0319297283515334
8691,0.0319297283515334
8692,0.0319297283515334
8693,0.0319297283515334
8694,0.0319297283515334
8695,0.0319297283515334
8696,0.0319297283515334
8697,0.0319297283515334
8698,0.0319297283515334
8699,0.0319297283515334
8700,0.0319297283515334
8701,0.0319297283515334
8702,0.0319297283515334
8703,0.0319297283515334
8704,0.0319297283515334
8705,0.0319297283515334
8706,0.0319297283515334
8707,0.0319297283515334
8708,0.0319297283515334
8709,0.0319297283515334
8710,0.0319297283515334
8711,0.0319297283515334
8712,0.0319297283515334
8713,0.0319297283515334
8714,0.0319297283515334
8715,0.0319297283515334
8716,0.0319297283515334
8717,0.0319297283515334
8718,0.0319297283515334
8719,0.0319297283515334
8720,0.0319297283515334
8721,0.0319297283515334
8722,0.0319297283515334
8723,0.0319297283515334
8724,0.0319297283515334
8725,0.0319297283515334
8726,0.0319297283515334
8727,0.0319297283515334
8728,0.0319297283515334
8729,0.0319297283515334
8730,0.0319297283515334
8731,0.0319297283515334
8732,0.0319297283515334
8733,0.0319297283515334
8734,0.0319297283515334
8735,0.0319297283515334
8736,0.0319297283515334
8737,0.0319297283515334
8738,0.0319297283515334
8739,0.0319297283515334
8740,0.0319297283515334
8741,0.0319297283515334
8742,0.0319297283515334
8743,0.0319297283515334
8744,0.0319297283515334
8745,0.0319297283515334
8746,0.0319297283515334
8747,0.0319297283515334
8748,0.0319297283515334
8749,0.0319297283515334
8750,0.0319297283515334
8751,0.0319297283515334
8752,0.0319297283515334
8753,0.0319297283515334
8754,0.0319297283515334
8755,0.0319297283515334
8756,0.0319297283515334
8757,0.0319297283515334
8758,0.0319297283515334
8759,0.0319297283515334
8760,0.0319297283515334
8761,0.0319297283515334
8762,0.0319297283515334
8763,0.0319297283515334
8764,0.0319297283515334
8765,0.0319297283515334
8766,0.0319297283515334
8767,0.0319297283515334
8768,0.0319297283515334
8769,0.0319297283515334
8770,0.0319297283515334
8771,0.0319297283515334
8772,0.0319297283515334
8773,0.0319297283515334
8774,0.0319297283515334
8775,0.0319297283515334
8776,0.0319297283515334
8777,0.0319297283515334
8778,0.0319297283515334
8779,0.0319297283515334
8780,0.0319297283515334
8781,0.0319297283515334
8782,0.0319297283515334
8783,0.0319297283515334
8784,0.0319297283515334
8785,0.0319297283515334
8786,0.0319297283515334
8787,0.0319297283515334
8788,0.0319297283515334
8789,0.0319297283515334
8790,0.0319297283515334
8791,0.0319297283515334
8792,0.0319297283515334
8793,0.0319297283515334
8794,0.0319297283515334
8795,0.0319297283515334
8796,0.0319297283515334
8797,0.0319297283515334
8798,0.0319297283515334
8799,0.0319297283515334
8800,0.0319297283515334
8801,0.0319297283515334
8802,0.0319297283515334
8803,0.0319297283515334
8804,0.0319297283515334
8805,0.0319297283515334
8806,0.0319297283515334
8807,0.0319297283515334
8808,0.0319297283515334
8809,0.0319297283515334
8810,0.0319297283515334
8811,0.0319297283515334
8812,0.0319297283515334
8813,0.0319297283515334
8814,0.0319297283515334
8815,0.0319297283515334
8816,0.0319297283515334
8817,0.0319297283515334
8818,0.0319297283515334
8819,0.0319297283515334
8820,0.0319297283515334
8821,0.0319297283515334
8822,0.0319297283515334
8823,0.0319297283515334
8824,0.0319297283515334
8825,0.0319297283515334
8826,0.0319297283515334
8827,0.0319297283515334
8828,0.0319297283515334
8829,0.0319297283515334
8830,0.0319297283515334
8831,0.0319297283515334
8832,0.0319297283515334
8833,0.0319297283515334
8834,0.0319297283515334
8835,0.0319297283515334
8836,0.0319297283515334
8837,0.0319297283515334
8838,0.0319297283515334
8839,0.0319297283515334
8840,0.0319297283515334
8841,0.0319297283515334
8842,0.0319297283515334
8843,0.0319297283515334
8844,0.0319297283515334
8845,0.0319297283515334
8846,0.0319297283515334
8847,0.0319297283515334
8848,0.0319297283515334
8849,0.0319297283515334
8850,0.0319297283515334
8851,0.0319297283515334
8852,0.0319297283515334
8853,0.0319297283515334
8854,0.0319297283515334
8855,0.0319297283515334
8856,0.0319297283515334
8857,0.0319297283515334
8858,0.0319297283515334
8859,0.0319297283515334
8860,0.0319297283515334
8861,0.0319297283515334
8862,0.0319297283515334
8863,0.0319297283515334
8864,0.0319297283515334
8865,0.0319297283515334
8866,0.0319297283515334
8867,0.0319297283515334
8868,0.0319297283515334
8869,0.0319297283515334
8870,0.0319297283515334
8871,0.0319297283515334
8872,0.0319297283515334
8873,0.0319297283515334
8874,0.0319297283515334
8875,0.0319297283515334
8876,0.0319297283515334
8877,0.0319297283515334
8878,0.0319297283515334
8879,0.0319297283515334
8880,0.0319297283515334
8881,0.0319297283515334
8882,0.0319297283515334
8883,0.0319297283515334
8884,0.0319297283515334
8885,0.0319297283515334
8886,0.0319297283515334
8887,0.0319297283515334
8888,0.0319297283515334
8889,0.0319297283515334
8890,0.0319297283515334
8891,0.0319297283515334
8892,0.0319297283515334
8893,0.0319297283515334
8894,0.0319297283515334
8895,0.0319297283515334
8896,0.0319297283515334
8897,0.0319297283515334
8898,0.0319297283515334
8899,0.0319297283515334
8900,0.0319297283515334
8901,0.0319297283515334
8902,0.0319297283515334
8903,0.0319297283515334
8904,0.0319297283515334
8905,0.0319297283515334
8906,0.0319297283515334
8907,0.0319297283515334
8908,0.0319297283515334
8909,0.0319297283515334
8910,0.0319297283515334
8911,0.0319297283515334
8912,0.0319297283515334
8913,0.0319297283515334
8914,0.0319297283515334
8915,0.0319297283515334
8916,0.0319297283515334
8917,0.0319297283515334
8918,0.0319297283515334
8919,0.0319297283515334
8920,0.0319297283515334
8921,0.0319297283515334
8922,0.0319297283515334
8923,0.0319297283515334
8924,0.0319297283515334
8925,0.0319297283515334
8926,0.0319297283515334
8927,0.0319297283515334
8928,0.0319297283515334
8929,0.0319297283515334
8930,0.0319297283515334
8931,0.0319297283515334
8932,0.0319297283515334
8933,0.0319297283515334
8934,0.0319297283515334
8935,0.0319297283515334
8936,0.0319297283515334
8937,0.0319297283515334
8938,0.0319297283515334
8939,0.0319297283515334
8940,0.0319297283515334
8941,0.0319297283515334
8942,0.0319297283515334
8943,0.0319297283515334
8944,0.0319297283515334
8945,0.0319297283515334
8946,0.0319297283515334
8947,0.0319297283515334
8948,0.0319297283515334
8949,0.0319297283515334
8950,0.0319297283515334
8951,0.0319297283515334
8952,0.0319297283515334
8953,0.0319297283515334
8954,0.0319297283515334
8955,0.0319297283515334
8956,0.0319297283515334
8957,0.0319297283515334
8958,0.0319297283515334
8959,0.0319297283515334
8960,0.0319297283515334
8961,0.0319297283515334
8962,0.0319297283515334
8963,0.0319297283515334
8964,0.0319297283515334
8965,0.0319297283515334
8966,0.0319297283515334
8967,0.0319297283515334
8968,0.0319297283515334
8969,0.0319297283515334
8970,0.0319297283515334
8971,0.0319297283515334
8972,0.0319297283515334
8973,0.0319297283515334
8974,0.0319297283515334
8975,0.0319297283515334
8976,0.0319297283515334
8977,0.0319297283515334
8978,0.0319297283515334
8979,0.0319297283515334
8980,0.0319297283515334
8981,0.0319297283515334
8982,0.0319297283515334
8983,0.0319297283515334
8984,0.0319297283515334
8985,0.0319297283515334
8986,0.0319297283515334
8987,0.0319297283515334
8988,0.0319297283515334
8989,0.0319297283515334
8990,0.0319297283515334
8991,0.0319297283515334
8992,0.0319297283515334
8993,0.0319297283515334
8994,0.0319297283515334
8995,0.0319297283515334
8996,0.0319297283515334
8997,0.0319297283515334
8998,0.0319297283515334
8999,0.0319297283515334
9000,0.0319297283515334
9001,0.0319297283515334
9002,0.0319297283515334
9003,0.0319297283515334
9004,0.0319297283515334
9005,0.0319297283515334
9006,0.0319297283515334
9007,0.0319297283515334
9008,0.0319297283515334
9009,0.0319297283515334
9010,0.0319297283515334
9011,0.0319297283515334
9012,0.0319297283515334
9013,0.0319297283515334
9014,0.0319297283515334
9015,0.0319297283515334
9016,0.0319297283515334
9017,0.0319297283515334
9018,0.0319297283515334
9019,0.0319297283515334
9020,0.0319297283515334
9021,0.0319297283515334
9022,0.0319297283515334
9023,0.0319297283515334
9024,0.0319297283515334
9025,0.0319297283515334
9026,0.0319297283515334
9027,0.0319297283515334
9028,0.0319297283515334
9029,0.0319297283515334
9030,0.0319297283515334
9031,0.0319297283515334
9032,0.0319297283515334
9033,0.0319297283515334
9034,0.0319297283515334
9035,0.0319297283515334
9036,0.0319297283515334
9037,0.0319297283515334
9038,0.0319297283515334
9039,0.0319297283515334
9040,0.0319297283515334
9041,0.0319297283515334
9042,0.0319297283515334
9043,0.0319297283515334
9044,0.0319297283515334
9045,0.0319297283515334
9046,0.0319297283515334
9047,0.0319297283515334
9048,0.0319297283515334
9049,0.0319297283515334
9050,0.0319297283515334
9051,0.0319297283515334
9052,0.0319297283515334
9053,0.0319297283515334
9054,0.0319297283515334
9055,0.0319297283515334
9056,0.0319297283515334
9057,0.0319297283515334
9058,0.0319297283515334
9059,0.0319297283515334
9060,0.0319297283515334
9061,0.0319297283515334
9062,0.0319297283515334
9063,0.0319297283515334
9064,0.0319297283515334
9065,0.0319297283515334
9066,0.0319297283515334
9067,0.0319297283515334
9068,0.0319297283515334
9069,0.0319297283515334
9070,0.0319297283515334
9071,0.0319297283515334
9072,0.0319297283515334
9073,0.0319297283515334
9074,0.0319297283515334
9075,0.0319297283515334
9076,0.0319297283515334
9077,0.0319297283515334
9078,0.0319297283515334
9079,0.0319297283515334
9080,0.0319297283515334
9081,0.0319297283515334
9082,0.0319297283515334
9083,0.0319297283515334
9084,0.0319297283515334
9085,0.0319297283515334
9086,0.0319297283515334
9087,0.0319297283515334
9088,0.0319297283515334
9089,0.0319297283515334
9090,0.0319297283515334
9091,0.0319297283515334
9092,0.0319297283515334
9093,0.0319297283515334
9094,0.0319297283515334
9095,0.0319297283515334
9096,0.0319297283515334
9097,0.0319297283515334
9098,0.0319297283515334
9099,0.0319297283515334
9100,0.0319297283515334
9101,0.0319297283515334
9102,0.0319297283515334
9103,0.0319297283515334
9104,0.0319297283515334
9105,0.0319297283515334
9106,0.0319297283515334
9107,0.0319297283515334
9108,0.0319297283515334
9109,0.0319297283515334
9110,0.0319297283515334
9111,0.0319297283515334
9112,0.0319297283515334
9113,0.0319297283515334
9114,0.0319297283515334
9115,0.0319297283515334
9116,0.0319297283515334
9117,0.0319297283515334
9118,0.0319297283515334
9119,0.0319297283515334
9120,0.0319297283515334
9121,0.0319297283515334
9122,0.0319297283515334
9123,0.0319297283515334
9124,0.0319297283515334
9125,0.0319297283515334
9126,0.0319297283515334
9127,0.0319297283515334
9128,0.0319297283515334
9129,0.0319297283515334
9130,0.0319297283515334
9131,0.0319297283515334
9132,0.0319297283515334
9133,0.0319297283515334
9134,0.0319297283515334
9135,0.0319297283515334
9136,0.0319297283515334
9137,0.0319297283515334
9138,0.0319297283515334
9139,0.0319297283515334
9140,0.0319297283515334
9141,0.0319297283515334
9142,0.0319297283515334
9143,0.0319297283515334
9144,0.0319297283515334
9145,0.0319297283515334
9146,0.0319297283515334
9147,0.0319297283515334
9148,0.0319297283515334
9149,0.0319297283515334
9150,0.0319297283515334
9151,0.0319297283515334
9152,0.0319297283515334
9153,0.0319297283515334
9154,0.0319297283515334
9155,0.0319297283515334
9156,0.0319297283515334
9157,0.0319297283515334
9158,0.0319297283515334
9159,0.0319297283515334
9160,0.0319297283515334
9161,0.0319297283515334
9162,0.0319297283515334
9163,0.0319297283515334
9164,0.0319297283515334
9165,0.0319297283515334
9166,0.0319297283515334
9167,0.0319297283515334
9168,0.0319297283515334
9169,0.0319297283515334
9170,0.0319297283515334
9171,0.0319297283515334
9172,0.0319297283515334
9173,0.0319297283515334
9174,0.0319297283515334
9175,0.0319297283515334
9176,0.0319297283515334
9177,0.0319297283515334
9178,0.0319297283515334
9179,0.0319297283515334
9180,0.0319297283515334
9181,0.0319297283515334
9182,0.0319297283515334
9183,0.0319297283515334
9184,0.0319297283515334
9185,0.0319297283515334
9186,0.0319297283515334
9187,0.0319297283515334
9188,0.0319297283515334
9189,0.0319297283515334
9190,0.0319297283515334
9191,0.0319297283515334
9192,0.0319297283515334
9193,0.0319297283515334
9194,0.0319297283515334
9195,0.0319297283515334
9196,0.0319297283515334
9197,0.0319297283515334
9198,0.0319297283515334
9199,0.0319297283515334
9200,0.0319297283515334
9201,0.0319297283515334
9202,0.0319297283515334
9203,0.0319297283515334
9204,0.0319297283515334
9205,0.0319297283515334
9206,0.0319297283515334
9207,0.0319297283515334
9208,0.0319297283515334
9209,0.0319297283515334
9210,0.0319297283515334
9211,0.0319297283515334
9212,0.0319297283515334
9213,0.0319297283515334
9214,0.0319297283515334
9215,0.0319297283515334
9216,0.0319297283515334
9217,0.0319297283515334
9218,0.0319297283515334
9219,0.0319297283515334
9220,0.0319297283515334
9221,0.0319297283515334
9222,0.0319297283515334
9223,0.0319297283515334
9224,0.0319297283515334
9225,0.0319297283515334
9226,0.0319297283515334
9227,0.0319297283515334
9228,0.0319297283515334
9229,0.0319297283515334
9230,0.0319297283515334
9231,0.0319297283515334
9232,0.0319297283515334
9233,0.0319297283515334
9234,0.0319297283515334
9235,0.0319297283515334
9236,0.0319297283515334
9237,0.0319297283515334
9238,0.0319297283515334
9239,0.0319297283515334
9240,0.0319297283515334
9241,0.0319297283515334
9242,0.0319297283515334
9243,0.0319297283515334
9244,0.0319297283515334
9245,0.0319297283515334
9246,0.0319297283515334
9247,0.0319297283515334
9248,0.0319297283515334
9249,0.0319297283515334
9250,0.0319297283515334
9251,0.0319297283515334
9252,0.0319297283515334
9253,0.0319297283515334
9254,0.0319297283515334
9255,0.0319297283515334
9256,0.0319297283515334
9257,0.0319297283515334
9258,0.0319297283515334
9259,0.0319297283515334
9260,0.0319297283515334
9261,0.0319297283515334
9262,0.0319297283515334
9263,0.0319297283515334
9264,0.0319297283515334
9265,0.0319297283515334
9266,0.0319297283515334
9267,0.0319297283515334
9268,0.0319297283515334
9269,0.0319297283515334
9270,0.0319297283515334
9271,0.0319297283515334
9272,0.0319297283515334
9273,0.0319297283515334
9274,0.0319297283515334
9275,0.0319297283515334
9276,0.0319297283515334
9277,0.0319297283515334
9278,0.0319297283515334
9279,0.0319297283515334
9280,0.0319297283515334
9281,0.0319297283515334
9282,0.0319297283515334
9283,0.0319297283515334
9284,0.0319297283515334
9285,0.0319297283515334
9286,0.0319297283515334
9287,0.0319297283515334
9288,0.0319297283515334
9289,0.0319297283515334
9290,0.0319297283515334
9291,0.0319297283515334
9292,0.0319297283515334
9293,0.0319297283515334
9294,0.0319297283515334
9295,0.0319297283515334
9296,0.0319297283515334
9297,0.0319297283515334
9298,0.0319297283515334
9299,0.0319297283515334
9300,0.0319297283515334
9301,0.0319297283515334
9302,0.0319297283515334
9303,0.0319297283515334
9304,0.0319297283515334
9305,0.0319297283515334
9306,0.0319297283515334
9307,0.0319297283515334
9308,0.0319297283515334
9309,0.0319297283515334
9310,0.0319297283515334
9311,0.0319297283515334
9312,0.0319297283515334
9313,0.0319297283515334
9314,0.0319297283515334
9315,0.0319297283515334
9316,0.0319297283515334
9317,0.0319297283515334
9318,0.0319297283515334
9319,0.0319297283515334
9320,0.0319297283515334
9321,0.0319297283515334
9322,0.0319297283515334
9323,0.0319297283515334
9324,0.0319297283515334
9325,0.0319297283515334
9326,0.0319297283515334
9327,0.0319297283515334
9328,0.0319297283515334
9329,0.0319297283515334
9330,0.0319297283515334
9331,0.0319297283515334
9332,0.0319297283515334
9333,0.0319297283515334
9334,0.0319297283515334
9335,0.0319297283515334
9336,0.0319297283515334
9337,0.0319297283515334
9338,0.0319297283515334
9339,0.0319297283515334
9340,0.0319297283515334
9341,0.0319297283515334
9342,0.0319297283515334
9343,0.0319297283515334
9344,0.0319297283515334
9345,0.0319297283515334
9346,0.0319297283515334
9347,0.0319297283515334
9348,0.0319297283515334
9349,0.0319297283515334
9350,0.0319297283515334
9351,0.0319297283515334
9352,0.0319297283515334
9353,0.0319297283515334
9354,0.0319297283515334
9355,0.0319297283515334
9356,0.0319297283515334
9357,0.0319297283515334
9358,0.0319297283515334
9359,0.0319297283515334
9360,0.0319297283515334
9361,0.0319297283515334
9362,0.0319297283515334
9363,0.0319297283515334
9364,0.0319297283515334
9365,0.0319297283515334
9366,0.0319297283515334
9367,0.0319297283515334
9368,0.0319297283515334
9369,0.0319297283515334
9370,0.0319297283515334
9371,0.0319297283515334
9372,0.0319297283515334
9373,0.0319297283515334
9374,0.0319297283515334
9375,0.0319297283515334
9376,0.0319297283515334
9377,0.0319297283515334
9378,0.0319297283515334
9379,0.0319297283515334
9380,0.0319297283515334
9381,0.0319297283515334
9382,0.0319297283515334
9383,0.0319297283515334
9384,0.0319297283515334
9385,0.0319297283515334
9386,0.0319297283515334
9387,0.0319297283515334
9388,0.0319297283515334
9389,0.0319297283515334
9390,0.0319297283515334
9391,0.0319297283515334
9392,0.0319297283515334
9393,0.0319297283515334
9394,0.0319297283515334
9395,0.0319297283515334
9396,0.0319297283515334
9397,0.0319297283515334
9398,0.0319297283515334
9399,0.0319297283515334
9400,0.0319297283515334
9401,0.0319297283515334
9402,0.0319297283515334
9403,0.0319297283515334
9404,0.0319297283515334
9405,0.0319297283515334
9406,0.0319297283515334
9407,0.0319297283515334
9408,0.0319297283515334
9409,0.0319297283515334
9410,0.0319297283515334
9411,0.0319297283515334
9412,0.0319297283515334
9413,0.0319297283515334
9414,0.0319297283515334
9415,0.0319297283515334
9416,0.0319297283515334
9417,0.0319297283515334
9418,0.0319297283515334
9419,0.0319297283515334
9420,0.0319297283515334
9421,0.0319297283515334
9422,0.0319297283515334
9423,0.0319297283515334
9424,0.0319297283515334
9425,0.0319297283515334
9426,0.0319297283515334
9427,0.0319297283515334
9428,0.0319297283515334
9429,0.0319297283515334
9430,0.0319297283515334
9431,0.0319297283515334
9432,0.0319297283515334
9433,0.0319297283515334
9434,0.0319297283515334
9435,0.0319297283515334
9436,0.0319297283515334
9437,0.0319297283515334
9438,0.0319297283515334
9439,0.0319297283515334
9440,0.0319297283515334
9441,0.0319297283515334
9442,0.0319297283515334
9443,0.0319297283515334
9444,0.0319297283515334
9445,0.0319297283515334
9446,0.0319297283515334
9447,0.0319297283515334
9448,0.0319297283515334
9449,0.0319297283515334
9450,0.0319297283515334
9451,0.0319297283515334
9452,0.0319297283515334
9453,0.0319297283515334
9454,0.0319297283515334
9455,0.0319297283515334
9456,0.0319297283515334
9457,0.0319297283515334
9458,0.0319297283515334
9459,0.0319297283515334
9460,0.0319297283515334
9461,0.0319297283515334
9462,0.0319297283515334
9463,0.0319297283515334
9464,0.0319297283515334
9465,0.0319297283515334
9466,0.0319297283515334
9467,0.0319297283515334
9468,0.0319297283515334
9469,0.0319297283515334
9470,0.0319297283515334
9471,0.0319297283515334
9472,0.0319297283515334
9473,0.0319297283515334
9474,0.0319297283515334
9475,0.0319297283515334
9476,0.0319297283515334
9477,0.0319297283515334
9478,0.0319297283515334
9479,0.0319297283515334
9480,0.0319297283515334
9481,0.0319297283515334
9482,0.0319297283515334
9483,0.0319297283515334
9484,0.0319297283515334
9485,0.0319297283515334
9486,0.0319297283515334
9487,0.0319297283515334
9488,0.0319297283515334
9489,0.0319297283515334
9490,0.0319297283515334
9491,0.0319297283515334
9492,0.0319297283515334
9493,0.0319297283515334
9494,0.0319297283515334
9495,0.0319297283515334
9496,0.0319297283515334
9497,0.0319297283515334
9498,0.0319297283515334
9499,0.0319297283515334
9500,0.0319297283515334
9501,0.0319297283515334
9502,0.0319297283515334
9503,0.0319297283515334
9504,0.0319297283515334
9505,0.0319297283515334
9506,0.0319297283515334
9507,0.0319297283515334
9508,0.0319297283515334
9509,0.0319297283515334
9510,0.0319297283515334
9511,0.0319297283515334
9512,0.0319297283515334
9513,0.0319297283515334
9514,0.0319297283515334
9515,0.0319297283515334
9516,0.0319297283515334
9517,0.0319297283515334
9518,0.0319297283515334
9519,0.0319297283515334
9520,0.0319297283515334
9521,0.0319297283515334
9522,0.0319297283515334
9523,0.0319297283515334
9524,0.0319297283515334
9525,0.0319297283515334
9526,0.0319297283515334
9527,0.0319297283515334
9528,0.0319297283515334
9529,0.0319297283515334
9530,0.0319297283515334
9531,0.0319297283515334
9532,0.0319297283515334
9533,0.0319297283515334
9534,0.0319297283515334
9535,0.0319297283515334
9536,0.0319297283515334
9537,0.0319297283515334
9538,0.0319297283515334
9539,0.0319297283515334
9540,0.0319297283515334
9541,0.0319297283515334
9542,0.0319297283515334
9543,0.0319297283515334
9544,0.0319297283515334
9545,0.0319297283515334
9546,0.0319297283515334
9547,0.0319297283515334
9548,0.0319297283515334
9549,0.0319297283515334
9550,0.0319297283515334
9551,0.0319297283515334
9552,0.0319297283515334
9553,0.0319297283515334
9554,0.0319297283515334
9555,0.0319297283515334
9556,0.0319297283515334
9557,0.0319297283515334
9558,0.0319297283515334
9559,0.0319297283515334
9560,0.0319297283515334
9561,0.0319297283515334
9562,0.0319297283515334
9563,0.0319297283515334
9564,0.0319297283515334
9565,0.0319297283515334
9566,0.0319297283515334
9567,0.0319297283515334
9568,0.0319297283515334
9569,0.0319297283515334
9570,0.0319297283515334
9571,0.0319297283515334
9572,0.0319297283515334
9573,0.0319297283515334
9574,0.0319297283515334
9575,0.0319297283515334
9576,0.0319297283515334
9577,0.0319297283515334
9578,0.0319297283515334
9579,0.0319297283515334
9580,0.0319297283515334
9581,0.0319297283515334
9582,0.0319297283515334
9583,0.0319297283515334
9584,0.0319297283515334
9585,0.0319297283515334
9586,0.0319297283515334
9587,0.0319297283515334
9588,0.0319297283515334
9589,0.0319297283515334
9590,0.0319297283515334
9591,0.0319297283515334
9592,0.0319297283515334
9593,0.0319297283515334
9594,0.0319297283515334
9595,0.0319297283515334
9596,0.0319297283515334
9597,0.0319297283515334
9598,0.0319297283515334
9599,0.0319297283515334
9600,0.0319297283515334
9601,0.0319297283515334
9602,0.0319297283515334
9603,0.0319297283515334
9604,0.0319297283515334
9605,0.0319297283515334
9606,0.0319297283515334
9607,0.0319297283515334
9608,0.0319297283515334
9609,0.0319297283515334
9610,0.0319297283515334
9611,0.0319297283515334
9612,0.0319297283515334
9613,0.0319297283515334
9614,0.0319297283515334
9615,0.0319297283515334
9616,0.0319297283515334
9617,0.0319297283515334
9618,0.0319297283515334
9619,0.0319297283515334
9620,0.0319297283515334
9621,0.0319297283515334
9622,0.0319297283515334
9623,0.0319297283515334
9624,0.0319297283515334
9625,0.0319297283515334
9626,0.0319297283515334
9627,0.0319297283515334
9628,0.0319297283515334
9629,0.0319297283515334
9630,0.0319297283515334
9631,0.0319297283515334
9632,0.0319297283515334
9633,0.0319297283515334
9634,0.0319297283515334
9635,0.0319297283515334
9636,0.0319297283515334
9637,0.0319297283515334
9638,0.0319297283515334
9639,0.0319297283515334
9640,0.0319297283515334
9641,0.0319297283515334
9642,0.0319297283515334
9643,0.0319297283515334
9644,0.0319297283515334
9645,0.0319297283515334
9646,0.0319297283515334
9647,0.0319297283515334
9648,0.0319297283515334
9649,0.0319297283515334
9650,0.0319297283515334
9651,0.0319297283515334
9652,0.0319297283515334
9653,0.0319297283515334
9654,0.0319297283515334
9655,0.0319297283515334
9656,0.0319297283515334
9657,0.0319297283515334
9658,0.0319297283515334
9659,0.0319297283515334
9660,0.0319297283515334
9661,0.0319297283515334
9662,0.0319297283515334
9663,0.0319297283515334
9664,0.0319297283515334
9665,0.0319297283515334
9666,0.0319297283515334
9667,0.0319297283515334
9668,0.0319297283515334
9669,0.0319297283515334
9670,0.0319297283515334
9671,0.0319297283515334
9672,0.0319297283515334
9673,0.0319297283515334
9674,0.0319297283515334
9675,0.0319297283515334
9676,0.0319297283515334
9677,0.0319297283515334
9678,0.0319297283515334
9679,0.0319297283515334
9680,0.0319297283515334
9681,0.0319297283515334
9682,0.0319297283515334
9683,0.0319297283515334
9684,0.0319297283515334
9685,0.0319297283515334
9686,0.0319297283515334
9687,0.0319297283515334
9688,0.0319297283515334
9689,0.0319297283515334
9690,0.0319297283515334
9691,0.0319297283515334
9692,0.0319297283515334
9693,0.0319297283515334
9694,0.0319297283515334
9695,0.0319297283515334
9696,0.0319297283515334
9697,0.0319297283515334
9698,0.0319297283515334
9699,0.0319297283515334
9700,0.0319297283515334
9701,0.0319297283515334
9702,0.0319297283515334
9703,0.0319297283515334
9704,0.0319297283515334
9705,0.0319297283515334
9706,0.0319297283515334
9707,0.0319297283515334
9708,0.0319297283515334
9709,0.0319297283515334
9710,0.0319297283515334
9711,0.0319297283515334
9712,0.0319297283515334
9713,0.0319297283515334
9714,0.0319297283515334
9715,0.0319297283515334
9716,0.0319297283515334
9717,0.0319297283515334
9718,0.0319297283515334
9719,0.0319297283515334
9720,0.0319297283515334
9721,0.0319297283515334
9722,0.0319297283515334
9723,0.0319297283515334
9724,0.0319297283515334
9725,0.0319297283515334
9726,0.0319297283515334
9727,0.0319297283515334
9728,0.0319297283515334
9729,0.0319297283515334
9730,0.0319297283515334
9731,0.0319297283515334
9732,0.0319297283515334
9733,0.0319297283515334
9734,0.0319297283515334
9735,0.0319297283515334
9736,0.0319297283515334
9737,0.0319297283515334
9738,0.0319297283515334
9739,0.0319297283515334
9740,0.0319297283515334
9741,0.0319297283515334
9742,0.0319297283515334
9743,0.0319297283515334
9744,0.0319297283515334
9745,0.0319297283515334
9746,0.0319297283515334
9747,0.0319297283515334
9748,0.0319297283515334
9749,0.0319297283515334
9750,0.0319297283515334
9751,0.0319297283515334
9752,0.0319297283515334
9753,0.0319297283515334
9754,0.0319297283515334
9755,0.0319297283515334
9756,0.0319297283515334
9757,0.0319297283515334
9758,0.0319297283515334
9759,0.0319297283515334
9760,0.0319297283515334
9761,0.0319297283515334
9762,0.0319297283515334
9763,0.0319297283515334
9764,0.0319297283515334
9765,0.0319297283515334
9766,0.0319297283515334
9767,0.0319297283515334
9768,0.0319297283515334
9769,0.0319297283515334
9770,0.0319297283515334
9771,0.0319297283515334
9772,0.0319297283515334
9773,0.0319297283515334
9774,0.0319297283515334
9775,0.0319297283515334
9776,0.0319297283515334
9777,0.0319297283515334
9778,0.0319297283515334
9779,0.0319297283515334
9780,0.0319297283515334
9781,0.0319297283515334
9782,0.0319297283515334
9783,0.0319297283515334
9784,0.0319297283515334
9785,0.0319297283515334
9786,0.0319297283515334
9787,0.0319297283515334
9788,0.0319297283515334
9789,0.0319297283515334
9790,0.0319297283515334
9791,0.0319297283515334
9792,0.0319297283515334
9793,0.0319297283515334
9794,0.0319297283515334
9795,0.0319297283515334
9796,0.0319297283515334
9797,0.0319297283515334
9798,0.0319297283515334
9799,0.0319297283515334
9800,0.0319297283515334
9801,0.0319297283515334
9802,0.0319297283515334
9803,0.0319297283515334
9804,0.0319297283515334
9805,0.0319297283515334
9806,0.0319297283515334
9807,0.0319297283515334
9808,0.0319297283515334
9809,0.0319297283515334
9810,0.0319297283515334
9811,0.0319297283515334
9812,0.0319297283515334
9813,0.0319297283515334
9814,0.0319297283515334
9815,0.0319297283515334
9816,0.0319297283515334
9817,0.0319297283515334
9818,0.0319297283515334
9819,0.0319297283515334
9820,0.0319297283515334
9821,0.0319297283515334
9822,0.0319297283515334
9823,0.0319297283515334
9824,0.0319297283515334
9825,0.0319297283515334
9826,0.0319297283515334
9827,0.0319297283515334
9828,0.0319297283515334
9829,0.0319297283515334
9830,0.0319297283515334
9831,0.0319297283515334
9832,0.0319297283515334
9833,0.0319297283515334
9834,0.0319297283515334
9835,0.0319297283515334
9836,0.0319297283515334
9837,0.0319297283515334
9838,0.0319297283515334
9839,0.0319297283515334
9840,0.0319297283515334
9841,0.0319297283515334
9842,0.0319297283515334
9843,0.0319297283515334
9844,0.0319297283515334
9845,0.0319297283515334
9846,0.0319297283515334
9847,0.0319297283515334
9848,0.0319297283515334
9849,0.0319297283515334
9850,0.0319297283515334
9851,0.0319297283515334
9852,0.0319297283515334
9853,0.0319297283515334
9854,0.0319297283515334
9855,0.0319297283515334
9856,0.0319297283515334
9857,0.0319297283515334
9858,0.0319297283515334
9859,0.0319297283515334
9860,0.0319297283515334
9861,0.0319297283515334
9862,0.0319297283515334
9863,0.0319297283515334
9864,0.0319297283515334
9865,0.0319297283515334
9866,0.0319297283515334
9867,0.0319297283515334
9868,0.0319297283515334
9869,0.0319297283515334
9870,0.0319297283515334
9871,0.0319297283515334
9872,0.0319297283515334
9873,0.0319297283515334
9874,0.0319297283515334
9875,0.0319297283515334
9876,0.0319297283515334
9877,0.0319297283515334
9878,0.0319297283515334
9879,0.0319297283515334
9880,0.0319297283515334
9881,0.0319297283515334
9882,0.0319297283515334
9883,0.0319297283515334
9884,0.0319297283515334
9885,0.0319297283515334
9886,0.0319297283515334
9887,0.0319297283515334
9888,0.0319297283515334
9889,0.0319297283515334
9890,0.0319297283515334
9891,0.0319297283515334
9892,0.0319297283515334
9893,0.0319297283515334
9894,0.0319297283515334
9895,0.0319297283515334
9896,0.0319297283515334
9897,0.0319297283515334
9898,0.0319297283515334
9899,0.0319297283515334
9900,0.0319297283515334
9901,0.0319297283515334
9902,0.0319297283515334
9903,0.0319297283515334
9904,0.0319297283515334
9905,0.0319297283515334
9906,0.0319297283515334
9907,0.0319297283515334
9908,0.0319297283515334
9909,0.0319297283515334
9910,0.0319297283515334
9911,0.0319297283515334
9912,0.0319297283515334
9913,0.0319297283515334
9914,0.0319297283515334
9915,0.0319297283515334
9916,0.0319297283515334
9917,0.0319297283515334
9918,0.0319297283515334
9919,0.0319297283515334
9920,0.0319297283515334
9921,0.0319297283515334
9922,0.0319297283515334
9923,0.0319297283515334
9924,0.0319297283515334
9925,0.0319297283515334
9926,0.0319297283515334
9927,0.0319297283515334
9928,0.0319297283515334
9929,0.0319297283515334
9930,0.0319297283515334
9931,0.0319297283515334
9932,0.0319297283515334
9933,0.0319297283515334
9934,0.0319297283515334
9935,0.0319297283515334
9936,0.0319297283515334
9937,0.0319297283515334
9938,0.0319297283515334
9939,0.0319297283515334
9940,0.0319297283515334
9941,0.0319297283515334
9942,0.0319297283515334
9943,0.0319297283515334
9944,0.0319297283515334
9945,0.0319297283515334
9946,0.0319297283515334
9947,0.0319297283515334
9948,0.0319297283515334
9949,0.0319297283515334
9950,0.0319297283515334
9951,0.0319297283515334
9952,0.0319297283515334
9953,0.0319297283515334
9954,0.0319297283515334
9955,0.0319297283515334
9956,0.0319297283515334
9957,0.0319297283515334
9958,0.0319297283515334
9959,0.0319297283515334
9960,0.0319297283515334
9961,0.0319297283515334
9962,0.0319297283515334
9963,0.0319297283515334
9964,0.0319297283515334
9965,0.0319297283515334
9966,0.0319297283515334
9967,0.0319297283515334
9968,0.0319297283515334
9969,0.0319297283515334
9970,0.0319297283515334
9971,0.0319297283515334
9972,0.0319297283515334
9973,0.0319297283515334
9974,0.0319297283515334
9975,0.0319297283515334
9976,0.0319297283515334
9977,0.0319297283515334
9978,0.0319297283515334
9979,0.0319297283515334
9980,0.0319297283515334
9981,0.0319297283515334
9982,0.0319297283515334
9983,0.0319297283515334
9984,0.0319297283515334
9985,0.0319297283515334
9986,0.0319297283515334
9987,0.0319297283515334
9988,0.0319297283515334
9989,0.0319297283515334
9990,0.0319297283515334
9991,0.0319297283515334
9992,0.0319297283515334
9993,0.0319297283515334
9994,0.0319297283515334
9995,0.0319297283515334
9996,0.0319297283515334
9997,0.0319297283515334
9998,0.0319297283515334
9999,0.0319297283515334
10000,0.0319297283515334
10001,0.0319297283515334
10002,0.0319297283515334
10003,0.0319297283515334
10004,0.0319297283515334
10005,0.0319297283515334
10006,0.0319297283515334
10007,0.0319297283515334
10008,0.0319297283515334
10009,0.0319297283515334
10010,0.0319297283515334
10011,0.0319297283515334
10012,0.0319297283515334
10013,0.0319297283515334
10014,0.0319297283515334
10015,0.0319297283515334
10016,0.0319297283515334
10017,0.0319297283515334
10018,0.0319297283515334
10019,0.0319297283515334
10020,0.0319297283515334
10021,0.0319297283515334
10022,0.0319297283515334
10023,0.0319297283515334
10024,0.0319297283515334
10025,0.0319297283515334
10026,0.0319297283515334
10027,0.0319297283515334
10028,0.0319297283515334
10029,0.0319297283515334
10030,0.0319297283515334
10031,0.0319297283515334
10032,0.0319297283515334
10033,0.0319297283515334
10034,0.0319297283515334
10035,0.0319297283515334
10036,0.0319297283515334
10037,0.0319297283515334
10038,0.0319297283515334
10039,0.0319297283515334
10040,0.0319297283515334
10041,0.0319297283515334
10042,0.0319297283515334
10043,0.0319297283515334
10044,0.0319297283515334
10045,0.0319297283515334
10046,0.0319297283515334
10047,0.0319297283515334
10048,0.0319297283515334
10049,0.0319297283515334
10050,0.0319297283515334
10051,0.0319297283515334
10052,0.0319297283515334
10053,0.0319297283515334
10054,0.0319297283515334
10055,0.0319297283515334
10056,0.0319297283515334
10057,0.0319297283515334
10058,0.0319297283515334
10059,0.0319297283515334
10060,0.0319297283515334
10061,0.0319297283515334
10062,0.0319297283515334
10063,0.0319297283515334
10064,0.0319297283515334
10065,0.0319297283515334
10066,0.0319297283515334
10067,0.0319297283515334
10068,0.0319297283515334
10069,0.0319297283515334
10070,0.0319297283515334
10071,0.0319297283515334
10072,0.0319297283515334
10073,0.0319297283515334
10074,0.0319297283515334
10075,0.0319297283515334
10076,0.0319297283515334
10077,0.0319297283515334
10078,0.0319297283515334
10079,0.0319297283515334
10080,0.0319297283515334
10081,0.0319297283515334
10082,0.0319297283515334
10083,0.0319297283515334
10084,0.0319297283515334
10085,0.0319297283515334
10086,0.0319297283515334
10087,0.0319297283515334
10088,0.0319297283515334
10089,0.0319297283515334
10090,0.0319297283515334
10091,0.0319297283515334
10092,0.0319297283515334
10093,0.0319297283515334
10094,0.0319297283515334
10095,0.0319297283515334
10096,0.0319297283515334
10097,0.0319297283515334
10098,0.0319297283515334
10099,0.0319297283515334
10100,0.0319297283515334
10101,0.0319297283515334
10102,0.0319297283515334
10103,0.0319297283515334
10104,0.0319297283515334
10105,0.0319297283515334
10106,0.0319297283515334
10107,0.0319297283515334
10108,0.0319297283515334
10109,0.0319297283515334
10110,0.0319297283515334
10111,0.0319297283515334
10112,0.0319297283515334
10113,0.0319297283515334
10114,0.0319297283515334
10115,0.0319297283515334
10116,0.0319297283515334
10117,0.0319297283515334
10118,0.0319297283515334
10119,0.0319297283515334
10120,0.0319297283515334
10121,0.0319297283515334
10122,0.0319297283515334
10123,0.0319297283515334
10124,0.0319297283515334
10125,0.0319297283515334
10126,0.0319297283515334
10127,0.0319297283515334
10128,0.0319297283515334
10129,0.0319297283515334
10130,0.0319297283515334
10131,0.0319297283515334
10132,0.0319297283515334
10133,0.0319297283515334
10134,0.0319297283515334
10135,0.0319297283515334
10136,0.0319297283515334
10137,0.0319297283515334
10138,0.0319297283515334
10139,0.0319297283515334
10140,0.0319297283515334
10141,0.0319297283515334
10142,0.0319297283515334
10143,0.0319297283515334
10144,0.0319297283515334
10145,0.0319297283515334
10146,0.0319297283515334
10147,0.0319297283515334
10148,0.0319297283515334
10149,0.0319297283515334
10150,0.0319297283515334
10151,0.0319297283515334
10152,0.0319297283515334
10153,0.0319297283515334
10154,0.0319297283515334
10155,0.0319297283515334
10156,0.0319297283515334
10157,0.0319297283515334
10158,0.0319297283515334
10159,0.0319297283515334
10160,0.0319297283515334
10161,0.0319297283515334
10162,0.0319297283515334
10163,0.0319297283515334
10164,0.0319297283515334
10165,0.0319297283515334
10166,0.0319297283515334
10167,0.0319297283515334
10168,0.0319297283515334
10169,0.0319297283515334
10170,0.0319297283515334
10171,0.0319297283515334
10172,0.0319297283515334
10173,0.0319297283515334
10174,0.0319297283515334
10175,0.0319297283515334
10176,0.0319297283515334
10177,0.0319297283515334
10178,0.0319297283515334
10179,0.0319297283515334
10180,0.0319297283515334
10181,0.0319297283515334
10182,0.0319297283515334
10183,0.0319297283515334
10184,0.0319297283515334
10185,0.0319297283515334
10186,0.0319297283515334
10187,0.0319297283515334
10188,0.0319297283515334
10189,0.0319297283515334
10190,0.0319297283515334
10191,0.0319297283515334
10192,0.0319297283515334
10193,0.0319297283515334
10194,0.0319297283515334
10195,0.0319297283515334
10196,0.0319297283515334
10197,0.0319297283515334
10198,0.0319297283515334
10199,0.0319297283515334
10200,0.0319297283515334
10201,0.0319297283515334
10202,0.0319297283515334
10203,0.0319297283515334
10204,0.0319297283515334
10205,0.0319297283515334
10206,0.0319297283515334
10207,0.0319297283515334
10208,0.0319297283515334
10209,0.0319297283515334
10210,0.0319297283515334
10211,0.0319297283515334
10212,0.0319297283515334
10213,0.0319297283515334
10214,0.0319297283515334
10215,0.0319297283515334
10216,0.0319297283515334
10217,0.0319297283515334
10218,0.0319297283515334
10219,0.0319297283515334
10220,0.0319297283515334
10221,0.0319297283515334
10222,0.0319297283515334
10223,0.0319297283515334
10224,0.0319297283515334
10225,0.0319297283515334
10226,0.0319297283515334
10227,0.0319297283515334
10228,0.0319297283515334
10229,0.0319297283515334
10230,0.0319297283515334
10231,0.0319297283515334
10232,0.0319297283515334
10233,0.0319297283515334
10234,0.0319297283515334
10235,0.0319297283515334
10236,0.0319297283515334
10237,0.0319297283515334
10238,0.0319297283515334
10239,0.0319297283515334
10240,0.0319297283515334
10241,0.0319297283515334
10242,0.0319297283515334
10243,0.0319297283515334
10244,0.0319297283515334
10245,0.0319297283515334
10246,0.0319297283515334
10247,0.0319297283515334
10248,0.0319297283515334
10249,0.0319297283515334
10250,0.0319297283515334
10251,0.0319297283515334
10252,0.0319297283515334
10253,0.0319297283515334
10254,0.0319297283515334
10255,0.0319297283515334
10256,0.0319297283515334
10257,0.0319297283515334
10258,0.0319297283515334
10259,0.0319297283515334
10260,0.0319297283515334
10261,0.0319297283515334
10262,0.0319297283515334
10263,0.0319297283515334
10264,0.0319297283515334
10265,0.0319297283515334
10266,0.0319297283515334
10267,0.0319297283515334
10268,0.0319297283515334
10269,0.0319297283515334
10270,0.0319297283515334
10271,0.0319297283515334
10272,0.0319297283515334
10273,0.032131008319556696
10274,0.032131008319556696
10275,0.032131008319556696
10276,0.032131008319556696
10277,0.032131008319556696
10278,0.032131008319556696
10279,0.032131008319556696
10280,0.032131008319556696
10281,0.03247456028312443
10282,0.03247456028312443
10283,0.03247456028312443
10284,0.03247456028312443
10285,0.03247456028312443
10286,0.03247456028312443
10287,0.03247456028312443
10288,0.03247456028312443
10289,0.03293497626483439
10290,0.03293497626483439
10291,0.03293497626483439
10292,0.03293497626483439
10293,0.03293497626483439
10294,0.03293497626483439
10295,0.03293497626483439
10296,0.03293497626483439
10297,0.034800576329231246
10298,0.034800576329231246
10299,0.034800576329231246
10300,0.034800576329231246
10301,0.034800576329231246
10302,0.034800576329231246
10303,0.034800576329231246
10304,0.034800576329231246
10305,0.039303615853190414
10306,0.039303615853190414
10307,0.039303615853190414
10308,0.039303615853190414
10309,0.039303615853190414
10310,0.039303615853190414
10311,0.039303615853190414
10312,0.039303615853190414
10313,0.04125843155384063
10314,0.04125843155384063
10315,0.04125843155384063
10316,0.04125843155384063
10317,0.04125843155384063
10318,0.04125843155384063
10319,0.04125843155384063
10320,0.04125843155384063
10321,0.04161267156898975
10322,0.04161267156898975
10323,0.04161267156898975
10324,0.04161267156898975
10325,0.04161267156898975
10326,0.04161267156898975
10327,0.04161267156898975
10328,0.04161267156898975
10329,0.04188908753544091
10330,0.04188908753544091
10331,0.04188908753544091
10332,0.04188908753544091
10333,0.04188908753544091
10334,0.04188908753544091
10335,0.04188908753544091
10336,0.04188908753544091
10337,0.04192947153002023
10338,0.04192947153002023
10339,0.04192947153002023
10340,0.04192947153002023
10341,0.04192947153002023
10342,0.04192947153002023
10343,0.04192947153002023
10344,0.04192947153002023
10345,0.04192947153002023
10346,0.04192947153002023
10347,0.04192947153002023
10348,0.04192947153002023
10349,0.04192947153002023
10350,0.04192947153002023
10351,0.04192947153002023
10352,0.04192947153002023
10353,0.04197036752849816
10354,0.04197036752849816
10355,0.04197036752849816
10356,0.04197036752849816
10357,0.04197036752849816
10358,0.04197036752849816
10359,0.04197036752849816
10360,0.04197036752849816
10361,0.04197036752849816
10362,0.04197036752849816
10363,0.04197036752849816
10364,0.04197036752849816
10365,0.04197036752849816
10366,0.04197036752849816
10367,0.04197036752849816
10368,0.04197036752849816
10369,0.04197036752849816
10370,0.04197036752849816
10371,0.04197036752849816
10372,0.04197036752849816
10373,0.04197036752849816
10374,0.04197036752849816
10375,0.04197036752849816
10376,0.04197036752849816
10377,0.04197036752849816
10378,0.04197036752849816
10379,0.04197036752849816
10380,0.04197036752849816
10381,0.04197036752849816
10382,0.04197036752849816
10383,0.04197036752849816
10384,0.04197036752849816
10385,0.04197036752849816
10386,0.04197036752849816
10387,0.04197036752849816
10388,0.04197036752849816
10389,0.04197036752849816
10390,0.04197036752849816
10391,0.04197036752849816
10392,0.04197036752849816
10393,0.04197036752849816
10394,0.04197036752849816
10395,0.04197036752849816
10396,0.04197036752849816
10397,0.04197036752849816
10398,0.04197036752849816
10399,0.04197036752849816
10400,0.04197036752849816
10401,0.04197036752849816
10402,0.04197036752849816
10403,0.04197036752849816
10404,0.04197036752849816
10405,0.04197036752849816
10406,0.04197036752849816
10407,0.04197036752849816
10408,0.04197036752849816
10409,0.04197036752849816
10410,0.04197036752849816
10411,0.04197036752849816
10412,0.04197036752849816
10413,0.04197036752849816
10414,0.04197036752849816
10415,0.04197036752849816
10416,0.04197036752849816
10417,0.04197036752849816
10418,0.04197036752849816
10419,0.04197036752849816
10420,0.04197036752849816
10421,0.04197036752849816
10422,0.04197036752849816
10423,0.04197036752849816
10424,0.04197036752849816
10425,0.04197036752849816
10426,0.04197036752849816
10427,0.04197036752849816
10428,0.04197036752849816
10429,0.04197036752849816
10430,0.04197036752849816
10431,0.04197036752849816
10432,0.04197036752849816
10433,0.04197036752849816
10434,0.04197036752849816
10435,0.04197036752849816
10436,0.04197036752849816
10437,0.04197036752849816
10438,0.04197036752849816
10439,0.04197036752849816
10440,0.04197036752849816
10441,0.04197036752849816
10442,0.04197036752849816
10443,0.04197036752849816
10444,0.04197036752849816
10445,0.04197036752849816
10446,0.04197036752849816
10447,0.04197036752849816
10448,0.04197036752849816
10449,0.04197036752849816
10450,0.04197036752849816
10451,0.04197036752849816
10452,0.04197036752849816
10453,0.04197036752849816
10454,0.04197036752849816
10455,0.04197036752849816
10456,0.04197036752849816
10457,0.04197036752849816
10458,0.04197036752849816
10459,0.04197036752849816
10460,0.04197036752849816
10461,0.04197036752849816
10462,0.04197036752849816
10463,0.04197036752849816
10464,0.04197036752849816
10465,0.04197036752849816
10466,0.04197036752849816
10467,0.04197036752849816
10468,0.04197036752849816
10469,0.04197036752849816
10470,0.04197036752849816
10471,0.04197036752849816
10472,0.04197036752849816
10473,0.04197036752849816
10474,0.04197036752849816
10475,0.04197036752849816
10476,0.04197036752849816
10477,0.04197036752849816
10478,0.04197036752849816
10479,0.04197036752849816
10480,0.04197036752849816
10481,0.04197036752849816
10482,0.04197036752849816
10483,0.04197036752849816
10484,0.04197036752849816
10485,0.04197036752849816
10486,0.04197036752849816
10487,0.04197036752849816
10488,0.04197036752849816
10489,0.04197036752849816
10490,0.04197036752849816
10491,0.04197036752849816
10492,0.04197036752849816
10493,0.04197036752849816
10494,0.04197036752849816
10495,0.04197036752849816
10496,0.04197036752849816
10497,0.04197036752849816
10498,0.04197036752849816
10499,0.04197036752849816
10500,0.04197036752849816
10501,0.04197036752849816
10502,0.04197036752849816
10503,0.04197036752849816
10504,0.04197036752849816
10505,0.04197036752849816
10506,0.04197036752849816
10507,0.04197036752849816
10508,0.04197036752849816
10509,0.04197036752849816
10510,0.04197036752849816
10511,0.04197036752849816
10512,0.04197036752849816
10513,0.04197036752849816
10514,0.04197036752849816
10515,0.04197036752849816
10516,0.04197036752849816
10517,0.04197036752849816
10518,0.04197036752849816
10519,0.04197036752849816
10520,0.04197036752849816
10521,0.04197036752849816
10522,0.04197036752849816
10523,0.04197036752849816
10524,0.04197036752849816
10525,0.04197036752849816
10526,0.04197036752849816
10527,0.04197036752849816
10528,0.04197036752849816
10529,0.04197036752849816
10530,0.04197036752849816
10531,0.04197036752849816
10532,0.04197036752849816
10533,0.04197036752849816
10534,0.04197036752849816
10535,0.04197036752849816
10536,0.04197036752849816
10537,0.04197036752849816
10538,0.04197036752849816
10539,0.04197036752849816
10540,0.04197036752849816
10541,0.04197036752849816
10542,0.04197036752849816
10543,0.04197036752849816
10544,0.04197036752849816
10545,0.04197036752849816
10546,0.04197036752849816
10547,0.04197036752849816
10548,0.04197036752849816
10549,0.04197036752849816
10550,0.04197036752849816
10551,0.04197036752849816
10552,0.04197036752849816
10553,0.04197036752849816
10554,0.04197036752849816
10555,0.04197036752849816
10556,0.04197036752849816
10557,0.04197036752849816
10558,0.04197036752849816
10559,0.04197036752849816
10560,0.04197036752849816
10561,0.04197036752849816
10562,0.04197036752849816
10563,0.04197036752849816
10564,0.04197036752849816
10565,0.04197036752849816
10566,0.04197036752849816
10567,0.04197036752849816
10568,0.04197036752849816
10569,0.04197036752849816
10570,0.04197036752849816
10571,0.04197036752849816
10572,0.04197036752849816
10573,0.04197036752849816
10574,0.04197036752849816
10575,0.04197036752849816
10576,0.04197036752849816
10577,0.04197036752849816
10578,0.04197036752849816
10579,0.04197036752849816
10580,0.04197036752849816
10581,0.04197036752849816
10582,0.04197036752849816
10583,0.04197036752849816
10584,0.04197036752849816
10585,0.04197036752849816
10586,0.04197036752849816
10587,0.04197036752849816
10588,0.04197036752849816
10589,0.04197036752849816
10590,0.04197036752849816
10591,0.04197036752849816
10592,0.04197036752849816
10593,0.04197036752849816
10594,0.04197036752849816
10595,0.04197036752849816
10596,0.04197036752849816
10597,0.04197036752849816
10598,0.04197036752849816
10599,0.04197036752849816
10600,0.04197036752849816
10601,0.04197036752849816
10602,0.04197036752849816
10603,0.04197036752849816
10604,0.04197036752849816
10605,0.04197036752849816
10606,0.04197036752849816
10607,0.04197036752849816
10608,0.04197036752849816
10609,0.04197036752849816
10610,0.04197036752849816
10611,0.04197036752849816
10612,0.04197036752849816
10613,0.04197036752849816
10614,0.04197036752849816
10615,0.04197036752849816
10616,0.04197036752849816
10617,0.04197036752849816
10618,0.04197036752849816
10619,0.04197036752849816
10620,0.04197036752849816
10621,0.04197036752849816
10622,0.04197036752849816
10623,0.04197036752849816
10624,0.04197036752849816
10625,0.04197036752849816
10626,0.04197036752849816
10627,0.04197036752849816
10628,0.04197036752849816
10629,0.04197036752849816
10630,0.04197036752849816
10631,0.04197036752849816
10632,0.04197036752849816
10633,0.04197036752849816
10634,0.04197036752849816
10635,0.04197036752849816
10636,0.04197036752849816
10637,0.04197036752849816
10638,0.04197036752849816
10639,0.04197036752849816
10640,0.04197036752849816
10641,0.04197036752849816
10642,0.04197036752849816
10643,0.04197036752849816
10644,0.04197036752849816
10645,0.04197036752849816
10646,0.04197036752849816
10647,0.04197036752849816
10648,0.04197036752849816
10649,0.04197036752849816
10650,0.04197036752849816
10651,0.04197036752849816
10652,0.04197036752849816
10653,0.04197036752849816
10654,0.04197036752849816
10655,0.04197036752849816
10656,0.04197036752849816
10657,0.04197036752849816
10658,0.04197036752849816
10659,0.04197036752849816
10660,0.04197036752849816
10661,0.04197036752849816
10662,0.04197036752849816
10663,0.04197036752849816
10664,0.04197036752849816
10665,0.04197036752849816
10666,0.04197036752849816
10667,0.04197036752849816
10668,0.04197036752849816
10669,0.04197036752849816
10670,0.04197036752849816
10671,0.04197036752849816
10672,0.04197036752849816
10673,0.04197036752849816
10674,0.04197036752849816
10675,0.04197036752849816
10676,0.04197036752849816
10677,0.04197036752849816
10678,0.04197036752849816
10679,0.04197036752849816
10680,0.04197036752849816
10681,0.04197036752849816
10682,0.04197036752849816
10683,0.04197036752849816
10684,0.04197036752849816
10685,0.04197036752849816
10686,0.04197036752849816
10687,0.04197036752849816
10688,0.04197036752849816
10689,0.04197036752849816
10690,0.04197036752849816
10691,0.04197036752849816
10692,0.04197036752849816
10693,0.04197036752849816
10694,0.04197036752849816
10695,0.04197036752849816
10696,0.04197036752849816
10697,0.04197036752849816
10698,0.04197036752849816
10699,0.04197036752849816
10700,0.04197036752849816
10701,0.04197036752849816
10702,0.04197036752849816
10703,0.04197036752849816
10704,0.04197036752849816
10705,0.04197036752849816
10706,0.04197036752849816
10707,0.04197036752849816
10708,0.04197036752849816
10709,0.04197036752849816
10710,0.04197036752849816
10711,0.04197036752849816
10712,0.04197036752849816
10713,0.04197036752849816
10714,0.04197036752849816
10715,0.04197036752849816
10716,0.04197036752849816
10717,0.04197036752849816
10718,0.04197036752849816
10719,0.04197036752849816
10720,0.04197036752849816
10721,0.04197036752849816
10722,0.04197036752849816
10723,0.04197036752849816
10724,0.04197036752849816
10725,0.04197036752849816
10726,0.04197036752849816
10727,0.04197036752849816
10728,0.04197036752849816
10729,0.04197036752849816
10730,0.04197036752849816
10731,0.04197036752849816
10732,0.04197036752849816
10733,0.04197036752849816
10734,0.04197036752849816
10735,0.04197036752849816
10736,0.04197036752849816
10737,0.04197036752849816
10738,0.04197036752849816
10739,0.04197036752849816
10740,0.04197036752849816
10741,0.04197036752849816
10742,0.04197036752849816
10743,0.04197036752849816
10744,0.04197036752849816
10745,0.04197036752849816
10746,0.04197036752849816
10747,0.04197036752849816
10748,0.04197036752849816
10749,0.04197036752849816
10750,0.04197036752849816
10751,0.04197036752849816
10752,0.04197036752849816
10753,0.04197036752849816
10754,0.04197036752849816
10755,0.04197036752849816
10756,0.04197036752849816
10757,0.04197036752849816
10758,0.04197036752849816
10759,0.04197036752849816
10760,0.04197036752849816
10761,0.04197036752849816
10762,0.04197036752849816
10763,0.04197036752849816
10764,0.04197036752849816
10765,0.04197036752849816
10766,0.04197036752849816
10767,0.04197036752849816
10768,0.04197036752849816
10769,0.04197036752849816
10770,0.04197036752849816
10771,0.04197036752849816
10772,0.04197036752849816
10773,0.04197036752849816
10774,0.04197036752849816
10775,0.04197036752849816
10776,0.04197036752849816
10777,0.04197036752849816
10778,0.04197036752849816
10779,0.04197036752849816
10780,0.04197036752849816
10781,0.04197036752849816
10782,0.04197036752849816
10783,0.04197036752849816
10784,0.04197036752849816
10785,0.04197036752849816
10786,0.04197036752849816
10787,0.04197036752849816
10788,0.04197036752849816
10789,0.04197036752849816
10790,0.04197036752849816
10791,0.04197036752849816
10792,0.04197036752849816
10793,0.04197036752849816
10794,0.04197036752849816
10795,0.04197036752849816
10796,0.04197036752849816
10797,0.04197036752849816
10798,0.04197036752849816
10799,0.04197036752849816
10800,0.04197036752849816
10801,0.04197036752849816
10802,0.04197036752849816
10803,0.04197036752849816
10804,0.04197036752849816
10805,0.04197036752849816
10806,0.04197036752849816
10807,0.04197036752849816
10808,0.04197036752849816
10809,0.04197036752849816
10810,0.04197036752849816
10811,0.04197036752849816
10812,0.04197036752849816
10813,0.04197036752849816
10814,0.04197036752849816
10815,0.04197036752849816
10816,0.04197036752849816
10817,0.04197036752849816
10818,0.04197036752849816
10819,0.04197036752849816
10820,0.04197036752849816
10821,0.04197036752849816
10822,0.04197036752849816
10823,0.04197036752849816
10824,0.04197036752849816
10825,0.04197036752849816
10826,0.04197036752849816
10827,0.04197036752849816
10828,0.04197036752849816
10829,0.04197036752849816
10830,0.04197036752849816
10831,0.04197036752849816
10832,0.04197036752849816
10833,0.04197036752849816
10834,0.04197036752849816
10835,0.04197036752849816
10836,0.04197036752849816
10837,0.04197036752849816
10838,0.04197036752849816
10839,0.04197036752849816
10840,0.04197036752849816
10841,0.04197036752849816
10842,0.04197036752849816
10843,0.04197036752849816
10844,0.04197036752849816
10845,0.04197036752849816
10846,0.04197036752849816
10847,0.04197036752849816
10848,0.04197036752849816
10849,0.04197036752849816
10850,0.04197036752849816
10851,0.04197036752849816
10852,0.04197036752849816
10853,0.04197036752849816
10854,0.04197036752849816
10855,0.04197036752849816
10856,0.04197036752849816
10857,0.04197036752849816
10858,0.04197036752849816
10859,0.04197036752849816
10860,0.04197036752849816
10861,0.04197036752849816
10862,0.04197036752849816
10863,0.04197036752849816
10864,0.04197036752849816
10865,0.04197036752849816
10866,0.04197036752849816
10867,0.04197036752849816
10868,0.04197036752849816
10869,0.04197036752849816
10870,0.04197036752849816
10871,0.04197036752849816
10872,0.04197036752849816
10873,0.04197036752849816
10874,0.04197036752849816
10875,0.04197036752849816
10876,0.04197036752849816
10877,0.04197036752849816
10878,0.04197036752849816
10879,0.04197036752849816
10880,0.04197036752849816
10881,0.04197036752849816
10882,0.04197036752849816
10883,0.04197036752849816
10884,0.04197036752849816
10885,0.04197036752849816
10886,0.04197036752849816
10887,0.04197036752849816
10888,0.04197036752849816
10889,0.04197036752849816
10890,0.04197036752849816
10891,0.04197036752849816
10892,0.04197036752849816
10893,0.04197036752849816
10894,0.04197036752849816
10895,0.04197036752849816
10896,0.04197036752849816
10897,0.04197036752849816
10898,0.04197036752849816
10899,0.04197036752849816
10900,0.04197036752849816
10901,0.04197036752849816
10902,0.04197036752849816
10903,0.04197036752849816
10904,0.04197036752849816
10905,0.04197036752849816
10906,0.04197036752849816
10907,0.04197036752849816
10908,0.04197036752849816
10909,0.04197036752849816
10910,0.04197036752849816
10911,0.04197036752849816
10912,0.04197036752849816
10913,0.04197036752849816
10914,0.04197036752849816
10915,0.04197036752849816
10916,0.04197036752849816
10917,0.04197036752849816
10918,0.04197036752849816
10919,0.04197036752849816
10920,0.04197036752849816
10921,0.04197036752849816
10922,0.04197036752849816
10923,0.04197036752849816
10924,0.04197036752849816
10925,0.04197036752849816
10926,0.04197036752849816
10927,0.04197036752849816
10928,0.04197036752849816
10929,0.04197036752849816
10930,0.04197036752849816
10931,0.04197036752849816
10932,0.04197036752849816
10933,0.04197036752849816
10934,0.04197036752849816
10935,0.04197036752849816
10936,0.04197036752849816
10937,0.04197036752849816
10938,0.04197036752849816
10939,0.04197036752849816
10940,0.04197036752849816
10941,0.04197036752849816
10942,0.04197036752849816
10943,0.04197036752849816
10944,0.04197036752849816
10945,0.04197036752849816
10946,0.04197036752849816
10947,0.04197036752849816
10948,0.04197036752849816
10949,0.04197036752849816
10950,0.04197036752849816
10951,0.04197036752849816
10952,0.04197036752849816
10953,0.04197036752849816
10954,0.04197036752849816
10955,0.04197036752849816
10956,0.04197036752849816
10957,0.04197036752849816
10958,0.04197036752849816
10959,0.04197036752849816
10960,0.04197036752849816
10961,0.04197036752849816
10962,0.04197036752849816
10963,0.04197036752849816
10964,0.04197036752849816
10965,0.04197036752849816
10966,0.04197036752849816
10967,0.04197036752849816
10968,0.04197036752849816
10969,0.04197036752849816
10970,0.04197036752849816
10971,0.04197036752849816
10972,0.04197036752849816
10973,0.04197036752849816
10974,0.04197036752849816
10975,0.04197036752849816
10976,0.04197036752849816
10977,0.04197036752849816
10978,0.04197036752849816
10979,0.04197036752849816
10980,0.04197036752849816
10981,0.04197036752849816
10982,0.04197036752849816
10983,0.04197036752849816
10984,0.04197036752849816
10985,0.04197036752849816
10986,0.04197036752849816
10987,0.04197036752849816
10988,0.04197036752849816
10989,0.04197036752849816
10990,0.04197036752849816
10991,0.04197036752849816
10992,0.04197036752849816
10993,0.04197036752849816
10994,0.04197036752849816
10995,0.04197036752849816
10996,0.04197036752849816
10997,0.04197036752849816
10998,0.04197036752849816
10999,0.04197036752849816
11000,0.04197036752849816
11001,0.04197036752849816
11002,0.04197036752849816
11003,0.04197036752849816
11004,0.04197036752849816
11005,0.04197036752849816
11006,0.04197036752849816
11007,0.04197036752849816
11008,0.04197036752849816
11009,0.04197036752849816
11010,0.04197036752849816
11011,0.04197036752849816
11012,0.04197036752849816
11013,0.04197036752849816
11014,0.04197036752849816
11015,0.04197036752849816
11016,0.04197036752849816
11017,0.04197036752849816
11018,0.04197036752849816
11019,0.04197036752849816
11020,0.04197036752849816
11021,0.04197036752849816
11022,0.04197036752849816
11023,0.04197036752849816
11024,0.04197036752849816
11025,0.04197036752849816
11026,0.04197036752849816
11027,0.04197036752849816
11028,0.04197036752849816
11029,0.04197036752849816
11030,0.04197036752849816
11031,0.04197036752849816
11032,0.04197036752849816
11033,0.04197036752849816
11034,0.04197036752849816
11035,0.04197036752849816
11036,0.04197036752849816
11037,0.04197036752849816
11038,0.04197036752849816
11039,0.04197036752849816
11040,0.04197036752849816
11041,0.04197036752849816
11042,0.04197036752849816
11043,0.04197036752849816
11044,0.04197036752849816
11045,0.04197036752849816
11046,0.04197036752849816
11047,0.04197036752849816
11048,0.04197036752849816
11049,0.04197036752849816
11050,0.04197036752849816
11051,0.04197036752849816
11052,0.04197036752849816
11053,0.04197036752849816
11054,0.04197036752849816
11055,0.04197036752849816
11056,0.04197036752849816
11057,0.04197036752849816
11058,0.04197036752849816
11059,0.04197036752849816
11060,0.04197036752849816
11061,0.04197036752849816
11062,0.04197036752849816
11063,0.04197036752849816
11064,0.04197036752849816
11065,0.04197036752849816
11066,0.04197036752849816
11067,0.04197036752849816
11068,0.04197036752849816
11069,0.04197036752849816
11070,0.04197036752849816
11071,0.04197036752849816
11072,0.04197036752849816
11073,0.04197036752849816
11074,0.04197036752849816
11075,0.04197036752849816
11076,0.04197036752849816
11077,0.04197036752849816
11078,0.04197036752849816
11079,0.04197036752849816
11080,0.04197036752849816
11081,0.04197036752849816
11082,0.04197036752849816
11083,0.04197036752849816
11084,0.04197036752849816
11085,0.04197036752849816
11086,0.04197036752849816
11087,0.04197036752849816
11088,0.04197036752849816
11089,0.04197036752849816
11090,0.04197036752849816
11091,0.04197036752849816
11092,0.04197036752849816
11093,0.04197036752849816
11094,0.04197036752849816
11095,0.04197036752849816
11096,0.04197036752849816
11097,0.04197036752849816
11098,0.04197036752849816
11099,0.04197036752849816
11100,0.04197036752849816
11101,0.04197036752849816
11102,0.04197036752849816
11103,0.04197036752849816
11104,0.04197036752849816
11105,0.04197036752849816
11106,0.04197036752849816
11107,0.04197036752849816
11108,0.04197036752849816
11109,0.04197036752849816
11110,0.04197036752849816
11111,0.04197036752849816
11112,0.04197036752849816
11113,0.04197036752849816
11114,0.04197036752849816
11115,0.04197036752849816
11116,0.04197036752849816
11117,0.04197036752849816
11118,0.04197036752849816
11119,0.04197036752849816
11120,0.04197036752849816
11121,0.04197036752849816
11122,0.04197036752849816
11123,0.04197036752849816
11124,0.04197036752849816
11125,0.04197036752849816
11126,0.04197036752849816
11127,0.04197036752849816
11128,0.04197036752849816
11129,0.04197036752849816
11130,0.04197036752849816
11131,0.04197036752849816
11132,0.04197036752849816
11133,0.04197036752849816
11134,0.04197036752849816
11135,0.04197036752849816
11136,0.04197036752849816
11137,0.04197036752849816
11138,0.04197036752849816
11139,0.04197036752849816
11140,0.04197036752849816
11141,0.04197036752849816
11142,0.04197036752849816
11143,0.04197036752849816
11144,0.04197036752849816
11145,0.04197036752849816
11146,0.04197036752849816
11147,0.04197036752849816
11148,0.04197036752849816
11149,0.04197036752849816
11150,0.04197036752849816
11151,0.04197036752849816
11152,0.04197036752849816
11153,0.04197036752849816
11154,0.04197036752849816
11155,0.04197036752849816
11156,0.04197036752849816
11157,0.04197036752849816
11158,0.04197036752849816
11159,0.04197036752849816
11160,0.04197036752849816
11161,0.04197036752849816
11162,0.04197036752849816
11163,0.04197036752849816
11164,0.04197036752849816
11165,0.04197036752849816
11166,0.04197036752849816
11167,0.04197036752849816
11168,0.04197036752849816
11169,0.04197036752849816
11170,0.04197036752849816
11171,0.04197036752849816
11172,0.04197036752849816
11173,0.04197036752849816
11174,0.04197036752849816
11175,0.04197036752849816
11176,0.04197036752849816
11177,0.04197036752849816
11178,0.04197036752849816
11179,0.04197036752849816
11180,0.04197036752849816
11181,0.04197036752849816
11182,0.04197036752849816
11183,0.04197036752849816
11184,0.04197036752849816
11185,0.04197036752849816
11186,0.04197036752849816
11187,0.04197036752849816
11188,0.04197036752849816
11189,0.04197036752849816
11190,0.04197036752849816
11191,0.04197036752849816
11192,0.04197036752849816
11193,0.04197036752849816
11194,0.04197036752849816
11195,0.04197036752849816
11196,0.04197036752849816
11197,0.04197036752849816
11198,0.04197036752849816
11199,0.04197036752849816
11200,0.04197036752849816
11201,0.04197036752849816
11202,0.04197036752849816
11203,0.04197036752849816
11204,0.04197036752849816
11205,0.04197036752849816
11206,0.04197036752849816
11207,0.04197036752849816
11208,0.04197036752849816
11209,0.04197036752849816
11210,0.04197036752849816
11211,0.04197036752849816
11212,0.04197036752849816
11213,0.04197036752849816
11214,0.04197036752849816
11215,0.04197036752849816
11216,0.04197036752849816
11217,0.04197036752849816
11218,0.04197036752849816
11219,0.04197036752849816
11220,0.04197036752849816
11221,0.04197036752849816
11222,0.04197036752849816
11223,0.04197036752849816
11224,0.04197036752849816
11225,0.04197036752849816
11226,0.04197036752849816
11227,0.04197036752849816
11228,0.04197036752849816
11229,0.04197036752849816
11230,0.04197036752849816
11231,0.04197036752849816
11232,0.04197036752849816
11233,0.04197036752849816
11234,0.04197036752849816
11235,0.04197036752849816
11236,0.04197036752849816
11237,0.04197036752849816
11238,0.04197036752849816
11239,0.04197036752849816
11240,0.04197036752849816
11241,0.04197036752849816
11242,0.04197036752849816
11243,0.04197036752849816
11244,0.04197036752849816
11245,0.04197036752849816
11246,0.04197036752849816
11247,0.04197036752849816
11248,0.04197036752849816
11249,0.04197036752849816
11250,0.04197036752849816
11251,0.04197036752849816
11252,0.04197036752849816
11253,0.04197036752849816
11254,0.04197036752849816
11255,0.04197036752849816
11256,0.04197036752849816
11257,0.04197036752849816
11258,0.04197036752849816
11259,0.04197036752849816
11260,0.04197036752849816
11261,0.04197036752849816
11262,0.04197036752849816
11263,0.04197036752849816
11264,0.04197036752849816
11265,0.04197036752849816
11266,0.04197036752849816
11267,0.04197036752849816
11268,0.04197036752849816
11269,0.04197036752849816
11270,0.04197036752849816
11271,0.04197036752849816
11272,0.04197036752849816
11273,0.04197036752849816
11274,0.04197036752849816
11275,0.04197036752849816
11276,0.04197036752849816
11277,0.04197036752849816
11278,0.04197036752849816
11279,0.04197036752849816
11280,0.04197036752849816
11281,0.04197036752849816
11282,0.04197036752849816
11283,0.04197036752849816
11284,0.04197036752849816
11285,0.04197036752849816
11286,0.04197036752849816
11287,0.04197036752849816
11288,0.04197036752849816
11289,0.04197036752849816
11290,0.04197036752849816
11291,0.04197036752849816
11292,0.04197036752849816
11293,0.04197036752849816
11294,0.04197036752849816
11295,0.04197036752849816
11296,0.04197036752849816
11297,0.04197036752849816
11298,0.04197036752849816
11299,0.04197036752849816
11300,0.04197036752849816
11301,0.04197036752849816
11302,0.04197036752849816
11303,0.04197036752849816
11304,0.04197036752849816
11305,0.04197036752849816
11306,0.04197036752849816
11307,0.04197036752849816
11308,0.04197036752849816
11309,0.04197036752849816
11310,0.04197036752849816
11311,0.04197036752849816
11312,0.04197036752849816
11313,0.04197036752849816
11314,0.04197036752849816
11315,0.04197036752849816
11316,0.04197036752849816
11317,0.04197036752849816
11318,0.04197036752849816
11319,0.04197036752849816
11320,0.04197036752849816
11321,0.04197036752849816
11322,0.04197036752849816
11323,0.04197036752849816
11324,0.04197036752849816
11325,0.04197036752849816
11326,0.04197036752849816
11327,0.04197036752849816
11328,0.04197036752849816
11329,0.04197036752849816
11330,0.04197036752849816
11331,0.04197036752849816
11332,0.04197036752849816
11333,0.04197036752849816
11334,0.04197036752849816
11335,0.04197036752849816
11336,0.04197036752849816
11337,0.04197036752849816
11338,0.04197036752849816
11339,0.04197036752849816
11340,0.04197036752849816
11341,0.04197036752849816
11342,0.04197036752849816
11343,0.04197036752849816
11344,0.04197036752849816
11345,0.04197036752849816
11346,0.04197036752849816
11347,0.04197036752849816
11348,0.04197036752849816
11349,0.04197036752849816
11350,0.04197036752849816
11351,0.04197036752849816
11352,0.04197036752849816
11353,0.04197036752849816
11354,0.04197036752849816
11355,0.04197036752849816
11356,0.04197036752849816
11357,0.04197036752849816
11358,0.04197036752849816
11359,0.04197036752849816
11360,0.04197036752849816
11361,0.04197036752849816
11362,0.04197036752849816
11363,0.04197036752849816
11364,0.04197036752849816
11365,0.04197036752849816
11366,0.04197036752849816
11367,0.04197036752849816
11368,0.04197036752849816
11369,0.04197036752849816
11370,0.04197036752849816
11371,0.04197036752849816
11372,0.04197036752849816
11373,0.04197036752849816
11374,0.04197036752849816
11375,0.04197036752849816
11376,0.04197036752849816
11377,0.04197036752849816
11378,0.04197036752849816
11379,0.04197036752849816
11380,0.04197036752849816
11381,0.04197036752849816
11382,0.04197036752849816
11383,0.04197036752849816
11384,0.04197036752849816
11385,0.04197036752849816
11386,0.04197036752849816
11387,0.04197036752849816
11388,0.04197036752849816
11389,0.04197036752849816
11390,0.04197036752849816
11391,0.04197036752849816
11392,0.04197036752849816
11393,0.04197036752849816
11394,0.04197036752849816
11395,0.04197036752849816
11396,0.04197036752849816
11397,0.04197036752849816
11398,0.04197036752849816
11399,0.04197036752849816
11400,0.04197036752849816
11401,0.04197036752849816
11402,0.04197036752849816
11403,0.04197036752849816
11404,0.04197036752849816
11405,0.04197036752849816
11406,0.04197036752849816
11407,0.04197036752849816
11408,0.04197036752849816
11409,0.04197036752849816
11410,0.04197036752849816
11411,0.04197036752849816
11412,0.04197036752849816
11413,0.04197036752849816
11414,0.04197036752849816
11415,0.04197036752849816
11416,0.04197036752849816
11417,0.04197036752849816
11418,0.04197036752849816
11419,0.04197036752849816
11420,0.04197036752849816
11421,0.04197036752849816
11422,0.04197036752849816
11423,0.04197036752849816
11424,0.04197036752849816
11425,0.04197036752849816
11426,0.04197036752849816
11427,0.04197036752849816
11428,0.04197036752849816
11429,0.04197036752849816
11430,0.04197036752849816
11431,0.04197036752849816
11432,0.04197036752849816
11433,0.04197036752849816
11434,0.04197036752849816
11435,0.04197036752849816
11436,0.04197036752849816
11437,0.04197036752849816
11438,0.04197036752849816
11439,0.04197036752849816
11440,0.04197036752849816
11441,0.04197036752849816
11442,0.04197036752849816
11443,0.04197036752849816
11444,0.04197036752849816
11445,0.04197036752849816
11446,0.04197036752849816
11447,0.04197036752849816
11448,0.04197036752849816
11449,0.04197036752849816
11450,0.04197036752849816
11451,0.04197036752849816
11452,0.04197036752849816
11453,0.04197036752849816
11454,0.04197036752849816
11455,0.04197036752849816
11456,0.04197036752849816
11457,0.04197036752849816
11458,0.04197036752849816
11459,0.04197036752849816
11460,0.04197036752849816
11461,0.04197036752849816
11462,0.04197036752849816
11463,0.04197036752849816
11464,0.04197036752849816
11465,0.04197036752849816
11466,0.04197036752849816
11467,0.04197036752849816
11468,0.04197036752849816
11469,0.04197036752849816
11470,0.04197036752849816
11471,0.04197036752849816
11472,0.04197036752849816
11473,0.04197036752849816
11474,0.04197036752849816
11475,0.04197036752849816
11476,0.04197036752849816
11477,0.04197036752849816
11478,0.04197036752849816
11479,0.04197036752849816
11480,0.04197036752849816
11481,0.04197036752849816
11482,0.04197036752849816
11483,0.04197036752849816
11484,0.04197036752849816
11485,0.04197036752849816
11486,0.04197036752849816
11487,0.04197036752849816
11488,0.04197036752849816
11489,0.04197036752849816
11490,0.04197036752849816
11491,0.04197036752849816
11492,0.04197036752849816
11493,0.04197036752849816
11494,0.04197036752849816
11495,0.04197036752849816
11496,0.04197036752849816
11497,0.04197036752849816
11498,0.04197036752849816
11499,0.04197036752849816
11500,0.04197036752849816
11501,0.04197036752849816
11502,0.04197036752849816
11503,0.04197036752849816
11504,0.04197036752849816
11505,0.04197036752849816
11506,0.04197036752849816
11507,0.04197036752849816
11508,0.04197036752849816
11509,0.04197036752849816
11510,0.04197036752849816
11511,0.04197036752849816
11512,0.04197036752849816
11513,0.04197036752849816
11514,0.04197036752849816
11515,0.04197036752849816
11516,0.04197036752849816
11517,0.04197036752849816
11518,0.04197036752849816
11519,0.04197036752849816
11520,0.04197036752849816
11521,0.04197036752849816
11522,0.04197036752849816
11523,0.04197036752849816
11524,0.04197036752849816
11525,0.04197036752849816
11526,0.04197036752849816
11527,0.04197036752849816
11528,0.04197036752849816
11529,0.04197036752849816
11530,0.04197036752849816
11531,0.04197036752849816
11532,0.04197036752849816
11533,0.04197036752849816
11534,0.04197036752849816
11535,0.04197036752849816
11536,0.04197036752849816
11537,0.04197036752849816
11538,0.04197036752849816
11539,0.04197036752849816
11540,0.04197036752849816
11541,0.04197036752849816
11542,0.04197036752849816
11543,0.04197036752849816
11544,0.04197036752849816
11545,0.04197036752849816
11546,0.04197036752849816
11547,0.04197036752849816
11548,0.04197036752849816
11549,0.04197036752849816
11550,0.04197036752849816
11551,0.04197036752849816
11552,0.04197036752849816
11553,0.04197036752849816
11554,0.04197036752849816
11555,0.04197036752849816
11556,0.04197036752849816
11557,0.04197036752849816
11558,0.04197036752849816
11559,0.04197036752849816
11560,0.04197036752849816
11561,0.04197036752849816
11562,0.04197036752849816
11563,0.04197036752849816
11564,0.04197036752849816
11565,0.04197036752849816
11566,0.04197036752849816
11567,0.04197036752849816
11568,0.04197036752849816
11569,0.04197036752849816
11570,0.04197036752849816
11571,0.04197036752849816
11572,0.04197036752849816
11573,0.04197036752849816
11574,0.04197036752849816
11575,0.04197036752849816
11576,0.04197036752849816
11577,0.04197036752849816
11578,0.04197036752849816
11579,0.04197036752849816
11580,0.04197036752849816
11581,0.04197036752849816
11582,0.04197036752849816
11583,0.04197036752849816
11584,0.04197036752849816
11585,0.04197036752849816
11586,0.04197036752849816
11587,0.04197036752849816
11588,0.04197036752849816
11589,0.04197036752849816
11590,0.04197036752849816
11591,0.04197036752849816
11592,0.04197036752849816
11593,0.04197036752849816
11594,0.04197036752849816
11595,0.04197036752849816
11596,0.04197036752849816
11597,0.04197036752849816
11598,0.04197036752849816
11599,0.04197036752849816
11600,0.04197036752849816
11601,0.04197036752849816
11602,0.04197036752849816
11603,0.04197036752849816
11604,0.04197036752849816
11605,0.04197036752849816
11606,0.04197036752849816
11607,0.04197036752849816
11608,0.04197036752849816
11609,0.04197036752849816
11610,0.04197036752849816
11611,0.04197036752849816
11612,0.04197036752849816
11613,0.04197036752849816
11614,0.04197036752849816
11615,0.04197036752849816
11616,0.04197036752849816
11617,0.04197036752849816
11618,0.04197036752849816
11619,0.04197036752849816
11620,0.04197036752849816
11621,0.04197036752849816
11622,0.04197036752849816
11623,0.04197036752849816
11624,0.04197036752849816
11625,0.04197036752849816
11626,0.04197036752849816
11627,0.04197036752849816
11628,0.04197036752849816
11629,0.04197036752849816
11630,0.04197036752849816
11631,0.04197036752849816
11632,0.04197036752849816
11633,0.04197036752849816
11634,0.04197036752849816
11635,0.04197036752849816
11636,0.04197036752849816
11637,0.04197036752849816
11638,0.04197036752849816
11639,0.04197036752849816
11640,0.04197036752849816
11641,0.04197036752849816
11642,0.04197036752849816
11643,0.04197036752849816
11644,0.04197036752849816
11645,0.04197036752849816
11646,0.04197036752849816
11647,0.04197036752849816
11648,0.04197036752849816
11649,0.04197036752849816
11650,0.04197036752849816
11651,0.04197036752849816
11652,0.04197036752849816
11653,0.04197036752849816
11654,0.04197036752849816
11655,0.04197036752849816
11656,0.04197036752849816
11657,0.04197036752849816
11658,0.04197036752849816
11659,0.04197036752849816
11660,0.04197036752849816
11661,0.04197036752849816
11662,0.04197036752849816
11663,0.04197036752849816
11664,0.04197036752849816
11665,0.04197036752849816
11666,0.04197036752849816
11667,0.04197036752849816
11668,0.04197036752849816
11669,0.04197036752849816
11670,0.04197036752849816
11671,0.04197036752849816
11672,0.04197036752849816
11673,0.04197036752849816
11674,0.04197036752849816
11675,0.04197036752849816
11676,0.04197036752849816
11677,0.04197036752849816
11678,0.04197036752849816
11679,0.04197036752849816
11680,0.04197036752849816
11681,0.04197036752849816
11682,0.04197036752849816
11683,0.04197036752849816
11684,0.04197036752849816
11685,0.04197036752849816
11686,0.04197036752849816
11687,0.04197036752849816
11688,0.04197036752849816
11689,0.04197036752849816
11690,0.04197036752849816
11691,0.04197036752849816
11692,0.04197036752849816
11693,0.04197036752849816
11694,0.04197036752849816
11695,0.04197036752849816
11696,0.04197036752849816
11697,0.04197036752849816
11698,0.04197036752849816
11699,0.04197036752849816
11700,0.04197036752849816
11701,0.04197036752849816
11702,0.04197036752849816
11703,0.04197036752849816
11704,0.04197036752849816
11705,0.04197036752849816
11706,0.04197036752849816
11707,0.04197036752849816
11708,0.04197036752849816
11709,0.04197036752849816
11710,0.04197036752849816
11711,0.04197036752849816
11712,0.04197036752849816
11713,0.04197036752849816
11714,0.04197036752849816
11715,0.04197036752849816
11716,0.04197036752849816
11717,0.04197036752849816
11718,0.04197036752849816
11719,0.04197036752849816
11720,0.04197036752849816
11721,0.04197036752849816
11722,0.04197036752849816
11723,0.04197036752849816
11724,0.04197036752849816
11725,0.04197036752849816
11726,0.04197036752849816
11727,0.04197036752849816
11728,0.04197036752849816
11729,0.04197036752849816
11730,0.04197036752849816
11731,0.04197036752849816
11732,0.04197036752849816
11733,0.04197036752849816
11734,0.04197036752849816
11735,0.04197036752849816
11736,0.04197036752849816
11737,0.04197036752849816
11738,0.04197036752849816
11739,0.04197036752849816
11740,0.04197036752849816
11741,0.04197036752849816
11742,0.04197036752849816
11743,0.04197036752849816
11744,0.04197036752849816
11745,0.04197036752849816
11746,0.04197036752849816
11747,0.04197036752849816
11748,0.04197036752849816
11749,0.04197036752849816
11750,0.04197036752849816
11751,0.04197036752849816
11752,0.04197036752849816
11753,0.04197036752849816
11754,0.04197036752849816
11755,0.04197036752849816
11756,0.04197036752849816
11757,0.04197036752849816
11758,0.04197036752849816
11759,0.04197036752849816
11760,0.04197036752849816
11761,0.04197036752849816
11762,0.04197036752849816
11763,0.04197036752849816
11764,0.04197036752849816
11765,0.04197036752849816
11766,0.04197036752849816
11767,0.04197036752849816
11768,0.04197036752849816
11769,0.04197036752849816
11770,0.04197036752849816
11771,0.04197036752849816
11772,0.04197036752849816
11773,0.04197036752849816
11774,0.04197036752849816
11775,0.04197036752849816
11776,0.04197036752849816
11777,0.04197036752849816
11778,0.04197036752849816
11779,0.04197036752849816
11780,0.04197036752849816
11781,0.04197036752849816
11782,0.04197036752849816
11783,0.04197036752849816
11784,0.04197036752849816
11785,0.04197036752849816
11786,0.04197036752849816
11787,0.04197036752849816
11788,0.04197036752849816
11789,0.04197036752849816
11790,0.04197036752849816
11791,0.04197036752849816
11792,0.04197036752849816
11793,0.04197036752849816
11794,0.04197036752849816
11795,0.04197036752849816
11796,0.04197036752849816
11797,0.04197036752849816
11798,0.04197036752849816
11799,0.04197036752849816
11800,0.04197036752849816
11801,0.04197036752849816
11802,0.04197036752849816
11803,0.04197036752849816
11804,0.04197036752849816
11805,0.04197036752849816
11806,0.04197036752849816
11807,0.04197036752849816
11808,0.04197036752849816
11809,0.04197036752849816
11810,0.04197036752849816
11811,0.04197036752849816
11812,0.04197036752849816
11813,0.04197036752849816
11814,0.04197036752849816
11815,0.04197036752849816
11816,0.04197036752849816
11817,0.04197036752849816
11818,0.04197036752849816
11819,0.04197036752849816
11820,0.04197036752849816
11821,0.04197036752849816
11822,0.04197036752849816
11823,0.04197036752849816
11824,0.04197036752849816
11825,0.04197036752849816
11826,0.04197036752849816
11827,0.04197036752849816
11828,0.04197036752849816
11829,0.04197036752849816
11830,0.04197036752849816
11831,0.04197036752849816
11832,0.04197036752849816
11833,0.04197036752849816
11834,0.04197036752849816
11835,0.04197036752849816
11836,0.04197036752849816
11837,0.04197036752849816
11838,0.04197036752849816
11839,0.04197036752849816
11840,0.04197036752849816
11841,0.04197036752849816
11842,0.04197036752849816
11843,0.04197036752849816
11844,0.04197036752849816
11845,0.04197036752849816
11846,0.04197036752849816
11847,0.04197036752849816
11848,0.04197036752849816
11849,0.04197036752849816
11850,0.04197036752849816
11851,0.04197036752849816
11852,0.04197036752849816
11853,0.04197036752849816
11854,0.04197036752849816
11855,0.04197036752849816
11856,0.04197036752849816
11857,0.04197036752849816
11858,0.04197036752849816
11859,0.04197036752849816
11860,0.04197036752849816
11861,0.04197036752849816
11862,0.04197036752849816
11863,0.04197036752849816
11864,0.04197036752849816
11865,0.04197036752849816
11866,0.04197036752849816
11867,0.04197036752849816
11868,0.04197036752849816
11869,0.04197036752849816
11870,0.04197036752849816
11871,0.04197036752849816
11872,0.04197036752849816
11873,0.04197036752849816
11874,0.04197036752849816
11875,0.04197036752849816
11876,0.04197036752849816
11877,0.04197036752849816
11878,0.04197036752849816
11879,0.04197036752849816
11880,0.04197036752849816
11881,0.04197036752849816
11882,0.04197036752849816
11883,0.04197036752849816
11884,0.04197036752849816
11885,0.04197036752849816
11886,0.04197036752849816
11887,0.04197036752849816
11888,0.04197036752849816
11889,0.04197036752849816
11890,0.04197036752849816
11891,0.04197036752849816
11892,0.04197036752849816
11893,0.04197036752849816
11894,0.04197036752849816
11895,0.04197036752849816
11896,0.04197036752849816
11897,0.04197036752849816
11898,0.04197036752849816
11899,0.04197036752849816
11900,0.04197036752849816
11901,0.04197036752849816
11902,0.04197036752849816
11903,0.04197036752849816
11904,0.04197036752849816
11905,0.04197036752849816
11906,0.04197036752849816
11907,0.04197036752849816
11908,0.04197036752849816
11909,0.04197036752849816
11910,0.04197036752849816
11911,0.04197036752849816
11912,0.04197036752849816
11913,0.04197036752849816
11914,0.04197036752849816
11915,0.04197036752849816
11916,0.04197036752849816
11917,0.04197036752849816
11918,0.04197036752849816
11919,0.04197036752849816
11920,0.04197036752849816
11921,0.04197036752849816
11922,0.04197036752849816
11923,0.04197036752849816
11924,0.04197036752849816
11925,0.04197036752849816
11926,0.04197036752849816
11927,0.04197036752849816
11928,0.04197036752849816
11929,0.04197036752849816
11930,0.04197036752849816
11931,0.04197036752849816
11932,0.04197036752849816
11933,0.04197036752849816
11934,0.04197036752849816
11935,0.04197036752849816
11936,0.04197036752849816
11937,0.04197036752849816
11938,0.04197036752849816
11939,0.04197036752849816
11940,0.04197036752849816
11941,0.04197036752849816
11942,0.04197036752849816
11943,0.04197036752849816
11944,0.04197036752849816
11945,0.04197036752849816
11946,0.04197036752849816
11947,0.04197036752849816
11948,0.04197036752849816
11949,0.04197036752849816
11950,0.04197036752849816
11951,0.04197036752849816
11952,0.04197036752849816
11953,0.04197036752849816
11954,0.04197036752849816
11955,0.04197036752849816
11956,0.04197036752849816
11957,0.04197036752849816
11958,0.04197036752849816
11959,0.04197036752849816
11960,0.04197036752849816
11961,0.04197036752849816
11962,0.04197036752849816
11963,0.04197036752849816
11964,0.04197036752849816
11965,0.04197036752849816
11966,0.04197036752849816
11967,0.04197036752849816
11968,0.04197036752849816
11969,0.04197036752849816
11970,0.04197036752849816
11971,0.04197036752849816
11972,0.04197036752849816
11973,0.04197036752849816
11974,0.04197036752849816
11975,0.04197036752849816
11976,0.04197036752849816
11977,0.04197036752849816
11978,0.04197036752849816
11979,0.04197036752849816
11980,0.04197036752849816
11981,0.04197036752849816
11982,0.04197036752849816
11983,0.04197036752849816
11984,0.04197036752849816
11985,0.04197036752849816
11986,0.04197036752849816
11987,0.04197036752849816
11988,0.04197036752849816
11989,0.04197036752849816
11990,0.04197036752849816
11991,0.04197036752849816
11992,0.04197036752849816
11993,0.04197036752849816
11994,0.04197036752849816
11995,0.04197036752849816
11996,0.04197036752849816
11997,0.04197036752849816
11998,0.04197036752849816
11999,0.04197036752849816
12000,0.04197036752849816
12001,0.04197036752849816
12002,0.04197036752849816
12003,0.04197036752849816
12004,0.04197036752849816
12005,0.04197036752849816
12006,0.04197036752849816
12007,0.04197036752849816
12008,0.04197036752849816
12009,0.04197036752849816
12010,0.04197036752849816
12011,0.04197036752849816
12012,0.04197036752849816
12013,0.04197036752849816
12014,0.04197036752849816
12015,0.04197036752849816
12016,0.04197036752849816
12017,0.04197036752849816
12018,0.04197036752849816
12019,0.04197036752849816
12020,0.04197036752849816
12021,0.04197036752849816
12022,0.04197036752849816
12023,0.04197036752849816
12024,0.04197036752849816
12025,0.04197036752849816
12026,0.04197036752849816
12027,0.04197036752849816
12028,0.04197036752849816
12029,0.04197036752849816
12030,0.04197036752849816
12031,0.04197036752849816
12032,0.04197036752849816
12033,0.04197036752849816
12034,0.04197036752849816
12035,0.04197036752849816
12036,0.04197036752849816
12037,0.04197036752849816
12038,0.04197036752849816
12039,0.04197036752849816
12040,0.04197036752849816
12041,0.04197036752849816
12042,0.04197036752849816
12043,0.04197036752849816
12044,0.04197036752849816
12045,0.04197036752849816
12046,0.04197036752849816
12047,0.04197036752849816
12048,0.04197036752849816
12049,0.04197036752849816
12050,0.04197036752849816
12051,0.04197036752849816
12052,0.04197036752849816
12053,0.04197036752849816
12054,0.04197036752849816
12055,0.04197036752849816
12056,0.04197036752849816
12057,0.04197036752849816
12058,0.04197036752849816
12059,0.04197036752849816
12060,0.04197036752849816
12061,0.04197036752849816
12062,0.04197036752849816
12063,0.04197036752849816
12064,0.04197036752849816
12065,0.04197036752849816
12066,0.04197036752849816
12067,0.04197036752849816
12068,0.04197036752849816
12069,0.04197036752849816
12070,0.04197036752849816
12071,0.04197036752849816
12072,0.04197036752849816
12073,0.04197036752849816
12074,0.04197036752849816
12075,0.04197036752849816
12076,0.04197036752849816
12077,0.04197036752849816
12078,0.04197036752849816
12079,0.04197036752849816
12080,0.04197036752849816
12081,0.04197036752849816
12082,0.04197036752849816
12083,0.04197036752849816
12084,0.04197036752849816
12085,0.04197036752849816
12086,0.04197036752849816
12087,0.04197036752849816
12088,0.04197036752849816
12089,0.04197036752849816
12090,0.04197036752849816
12091,0.04197036752849816
12092,0.04197036752849816
12093,0.04197036752849816
12094,0.04197036752849816
12095,0.04197036752849816
12096,0.04197036752849816
12097,0.04197036752849816
12098,0.04197036752849816
12099,0.04197036752849816
12100,0.04197036752849816
12101,0.04197036752849816
12102,0.04197036752849816
12103,0.04197036752849816
12104,0.04197036752849816
12105,0.04197036752849816
12106,0.04197036752849816
12107,0.04197036752849816
12108,0.04197036752849816
12109,0.04197036752849816
12110,0.04197036752849816
12111,0.04197036752849816
12112,0.04197036752849816
12113,0.04197036752849816
12114,0.04197036752849816
12115,0.04197036752849816
12116,0.04197036752849816
12117,0.04197036752849816
12118,0.04197036752849816
12119,0.04197036752849816
12120,0.04197036752849816
12121,0.04197036752849816
12122,0.04197036752849816
12123,0.04197036752849816
12124,0.04197036752849816
12125,0.04197036752849816
12126,0.04197036752849816
12127,0.04197036752849816
12128,0.04197036752849816
12129,0.04197036752849816
12130,0.04197036752849816
12131,0.04197036752849816
12132,0.04197036752849816
12133,0.04197036752849816
12134,0.04197036752849816
12135,0.04197036752849816
12136,0.04197036752849816
12137,0.04197036752849816
12138,0.04197036752849816
12139,0.04197036752849816
12140,0.04197036752849816
12141,0.04197036752849816
12142,0.04197036752849816
12143,0.04197036752849816
12144,0.04197036752849816
12145,0.04197036752849816
12146,0.04197036752849816
12147,0.04197036752849816
12148,0.04197036752849816
12149,0.04197036752849816
12150,0.04197036752849816
12151,0.04197036752849816
12152,0.04197036752849816
12153,0.04197036752849816
12154,0.04197036752849816
12155,0.04197036752849816
12156,0.04197036752849816
12157,0.04197036752849816
12158,0.04197036752849816
12159,0.04197036752849816
12160,0.04197036752849816
12161,0.04197036752849816
12162,0.04197036752849816
12163,0.04197036752849816
12164,0.04197036752849816
12165,0.04197036752849816
12166,0.04197036752849816
12167,0.04197036752849816
12168,0.04197036752849816
12169,0.04197036752849816
12170,0.04197036752849816
12171,0.04197036752849816
12172,0.04197036752849816
12173,0.04197036752849816
12174,0.04197036752849816
12175,0.04197036752849816
12176,0.04197036752849816
12177,0.04197036752849816
12178,0.04197036752849816
12179,0.04197036752849816
12180,0.04197036752849816
12181,0.04197036752849816
12182,0.04197036752849816
12183,0.04197036752849816
12184,0.04197036752849816
12185,0.04197036752849816
12186,0.04197036752849816
12187,0.04197036752849816
12188,0.04197036752849816
12189,0.04197036752849816
12190,0.04197036752849816
12191,0.04197036752849816
12192,0.04197036752849816
12193,0.04197036752849816
12194,0.04197036752849816
12195,0.04197036752849816
12196,0.04197036752849816
12197,0.04197036752849816
12198,0.04197036752849816
12199,0.04197036752849816
12200,0.04197036752849816
12201,0.04197036752849816
12202,0.04197036752849816
12203,0.04197036752849816
12204,0.04197036752849816
12205,0.04197036752849816
12206,0.04197036752849816
12207,0.04197036752849816
12208,0.04197036752849816
12209,0.04197036752849816
12210,0.04197036752849816
12211,0.04197036752849816
12212,0.04197036752849816
12213,0.04197036752849816
12214,0.04197036752849816
12215,0.04197036752849816
12216,0.04197036752849816
12217,0.04197036752849816
12218,0.04197036752849816
12219,0.04197036752849816
12220,0.04197036752849816
12221,0.04197036752849816
12222,0.04197036752849816
12223,0.04197036752849816
12224,0.04197036752849816
12225,0.04197036752849816
12226,0.04197036752849816
12227,0.04197036752849816
12228,0.04197036752849816
12229,0.04197036752849816
12230,0.04197036752849816
12231,0.04197036752849816
12232,0.04197036752849816
12233,0.04197036752849816
12234,0.04197036752849816
12235,0.04197036752849816
12236,0.04197036752849816
12237,0.04197036752849816
12238,0.04197036752849816
12239,0.04197036752849816
12240,0.04197036752849816
12241,0.04197036752849816
12242,0.04197036752849816
12243,0.04197036752849816
12244,0.04197036752849816
12245,0.04197036752849816
12246,0.04197036752849816
12247,0.04197036752849816
12248,0.04197036752849816
12249,0.04197036752849816
12250,0.04197036752849816
12251,0.04197036752849816
12252,0.04197036752849816
12253,0.04197036752849816
12254,0.04197036752849816
12255,0.04197036752849816
12256,0.04197036752849816
12257,0.04197036752849816
12258,0.04197036752849816
12259,0.04197036752849816
12260,0.04197036752849816
12261,0.04197036752849816
12262,0.04197036752849816
12263,0.04197036752849816
12264,0.04197036752849816
12265,0.04197036752849816
12266,0.04197036752849816
12267,0.04197036752849816
12268,0.04197036752849816
12269,0.04197036752849816
12270,0.04197036752849816
12271,0.04197036752849816
12272,0.04197036752849816
12273,0.04197036752849816
12274,0.04197036752849816
12275,0.04197036752849816
12276,0.04197036752849816
12277,0.04197036752849816
12278,0.04197036752849816
12279,0.04197036752849816
12280,0.04197036752849816
12281,0.04197036752849816
12282,0.04197036752849816
12283,0.04197036752849816
12284,0.04197036752849816
12285,0.04197036752849816
12286,0.04197036752849816
12287,0.04197036752849816
12288,0.04197036752849816
12289,0.04197036752849816
12290,0.04197036752849816
12291,0.04197036752849816
12292,0.04197036752849816
12293,0.04197036752849816
12294,0.04197036752849816
12295,0.04197036752849816
12296,0.04197036752849816
12297,0.04194092730432749
12298,0.04194092730432749
12299,0.04194092730432749
12300,0.04194092730432749
12301,0.04194092730432749
12302,0.04194092730432749
12303,0.04194092730432749
12304,0.04194092730432749
12305,0.04189484762400389
12306,0.04189484762400389
12307,0.04189484762400389
12308,0.04189484762400389
12309,0.04189484762400389
12310,0.04189484762400389
12311,0.04189484762400389
12312,0.04189484762400389
12313,0.04181088062375783
12314,0.04181088062375783
12315,0.04181088062375783
12316,0.04181088062375783
12317,0.04181088062375783
12318,0.04181088062375783
12319,0.04181088062375783
12320,0.04181088062375783
12321,0.04178956873714923
12322,0.04178956873714923
12323,0.04178956873714923
12324,0.04178956873714923
12325,0.04178956873714923
12326,0.04178956873714923
12327,0.04178956873714923
12328,0.04178956873714923
12329,0.04180672008544207
12330,0.04180672008544207
12331,0.04180672008544207
12332,0.04180672008544207
12333,0.04180672008544207
12334,0.04180672008544207
12335,0.04180672008544207
12336,0.04180672008544207
12337,0.04185459176450968
12338,0.04185459176450968
12339,0.04185459176450968
12340,0.04185459176450968
12341,0.04185459176450968
12342,0.04185459176450968
12343,0.04185459176450968
12344,0.04185459176450968
12345,0.041959807634353634
12346,0.041959807634353634
12347,0.041959807634353634
12348,0.041959807634353634
12349,0.041959807634353634
12350,0.041959807634353634
12351,0.041959807634353634
12352,0.041959807634353634
12353,0.04198591957986354
12354,0.04198591957986354
12355,0.04198591957986354
12356,0.04198591957986354
12357,0.04198591957986354
12358,0.04198591957986354
12359,0.04198591957986354
12360,0.04198591957986354
12361,0.042003839544951904
12362,0.042003839544951904
12363,0.042003839544951904
12364,0.042003839544951904
12365,0.042003839544951904
12366,0.042003839544951904
12367,0.042003839544951904
12368,0.042003839544951904
12369,0.04203187172114849
12370,0.04203187172114849
12371,0.04203187172114849
12372,0.04203187172114849
12373,0.04203187172114849
12374,0.04203187172114849
12375,0.04203187172114849
12376,0.04203187172114849
12377,0.04209664019197225
12378,0.04209664019197225
12379,0.04209664019197225
12380,0.04209664019197225
12381,0.04209664019197225
12382,0.04209664019197225
12383,0.04209664019197225
12384,0.04209664019197225
12385,0.04212544035166501
12386,0.04212544035166501
12387,0.04212544035166501
12388,0.04212544035166501
12389,0.04212544035166501
12390,0.04212544035166501
12391,0.04212544035166501
12392,0.04212544035166501
12393,0.0421465602889657
12394,0.0421465602889657
12395,0.0421465602889657
12396,0.0421465602889657
12397,0.0421465602889657
12398,0.0421465602889657
12399,0.0421465602889657
12400,0.0421465602889657
12401,0.04217651193588971
12402,0.04217651193588971
12403,0.04217651193588971
12404,0.04217651193588971
12405,0.04217651193588971
12406,0.04217651193588971
12407,0.04217651193588971
12408,0.04217651193588971
12409,0.04225177504867315
12410,0.04225177504867315
12411,0.04225177504867315
12412,0.04225177504867315
12413,0.04225177504867315
12414,0.04225177504867315
12415,0.04225177504867315
12416,0.04225177504867315
12417,0.04225177504867315
12418,0.04225177504867315
12419,0.04225177504867315
12420,0.04225177504867315
12421,0.04225177504867315
12422,0.04225177504867315
12423,0.04225177504867315
12424,0.04225177504867315
12425,0.04225177504867315
12426,0.04225177504867315
12427,0.04225177504867315
12428,0.04225177504867315
12429,0.04225177504867315
12430,0.04225177504867315
12431,0.04225177504867315
12432,0.04225177504867315
12433,0.04225177504867315
12434,0.04225177504867315
12435,0.04225177504867315
12436,0.04225177504867315
12437,0.04225177504867315
12438,0.04225177504867315
12439,0.04225177504867315
12440,0.04225177504867315
12441,0.04225177504867315
12442,0.04225177504867315
12443,0.04225177504867315
12444,0.04225177504867315
12445,0.04225177504867315
12446,0.04225177504867315
12447,0.04225177504867315
12448,0.04225177504867315
12449,0.04225177504867315
12450,0.04225177504867315
12451,0.04225177504867315
12452,0.04225177504867315
12453,0.04225177504867315
12454,0.04225177504867315
12455,0.04225177504867315
12456,0.04225177504867315
12457,0.04225177504867315
12458,0.04225177504867315
12459,0.04225177504867315
12460,0.04225177504867315
12461,0.04225177504867315
12462,0.04225177504867315
12463,0.04225177504867315
12464,0.04225177504867315
12465,0.04225177504867315
12466,0.04225177504867315
12467,0.04225177504867315
12468,0.04225177504867315
12469,0.04225177504867315
12470,0.04225177504867315
12471,0.04225177504867315
12472,0.04225177504867315
12473,0.04225177504867315
12474,0.04225177504867315
12475,0.04225177504867315
12476,0.04225177504867315
12477,0.04225177504867315
12478,0.04225177504867315
12479,0.04225177504867315
12480,0.04225177504867315
12481,0.04225177504867315
12482,0.04225177504867315
12483,0.04225177504867315
12484,0.04225177504867315
12485,0.04225177504867315
12486,0.04225177504867315
12487,0.04225177504867315
12488,0.04225177504867315
12489,0.04225177504867315
12490,0.04225177504867315
12491,0.04225177504867315
12492,0.04225177504867315
12493,0.04225177504867315
12494,0.04225177504867315
12495,0.04225177504867315
12496,0.04225177504867315
12497,0.04225177504867315
12498,0.04225177504867315
12499,0.04225177504867315
12500,0.04225177504867315
12501,0.04225177504867315
12502,0.04225177504867315
12503,0.04225177504867315
12504,0.04225177504867315
12505,0.04225177504867315
12506,0.04225177504867315
12507,0.04225177504867315
12508,0.04225177504867315
12509,0.04225177504867315
12510,0.04225177504867315
12511,0.04225177504867315
12512,0.04225177504867315
12513,0.04225177504867315
12514,0.04225177504867315
12515,0.04225177504867315
12516,0.04225177504867315
12517,0.04225177504867315
12518,0.04225177504867315
12519,0.04225177504867315
12520,0.04225177504867315
12521,0.04225177504867315
12522,0.04225177504867315
12523,0.04225177504867315
12524,0.04225177504867315
12525,0.04225177504867315
12526,0.04225177504867315
12527,0.04225177504867315
12528,0.04225177504867315
12529,0.04225177504867315
12530,0.04225177504867315
12531,0.04225177504867315
12532,0.04225177504867315
12533,0.04225177504867315
12534,0.04225177504867315
12535,0.04225177504867315
12536,0.04225177504867315
12537,0.04225177504867315
12538,0.04225177504867315
12539,0.04225177504867315
12540,0.04225177504867315
12541,0.04225177504867315
12542,0.04225177504867315
12543,0.04225177504867315
12544,0.04225177504867315
12545,0.04225177504867315
12546,0.04225177504867315
12547,0.04225177504867315
12548,0.04225177504867315
12549,0.04225177504867315
12550,0.04225177504867315
12551,0.04225177504867315
12552,0.04225177504867315
12553,0.04225177504867315
12554,0.04225177504867315
12555,0.04225177504867315
12556,0.04225177504867315
12557,0.04225177504867315
12558,0.04225177504867315
12559,0.04225177504867315
12560,0.04225177504867315
12561,0.04225177504867315
12562,0.04225177504867315
12563,0.04225177504867315
12564,0.04225177504867315
12565,0.04225177504867315
12566,0.04225177504867315
12567,0.04225177504867315
12568,0.04225177504867315
12569,0.04225177504867315
12570,0.04225177504867315
12571,0.04225177504867315
12572,0.04225177504867315
12573,0.04225177504867315
12574,0.04225177504867315
12575,0.04225177504867315
12576,0.04225177504867315
12577,0.04225177504867315
12578,0.04225177504867315
12579,0.04225177504867315
12580,0.04225177504867315
12581,0.04225177504867315
12582,0.04225177504867315
12583,0.04225177504867315
12584,0.04225177504867315
12585,0.04225177504867315
12586,0.04225177504867315
12587,0.04225177504867315
12588,0.04225177504867315
12589,0.04225177504867315
12590,0.04225177504867315
12591,0.04225177504867315
12592,0.04225177504867315
12593,0.04225177504867315
12594,0.04225177504867315
12595,0.04225177504867315
12596,0.04225177504867315
12597,0.04225177504867315
12598,0.04225177504867315
12599,0.04225177504867315
12600,0.04225177504867315
12601,0.04225177504867315
12602,0.04225177504867315
12603,0.04225177504867315
12604,0.04225177504867315
12605,0.04225177504867315
12606,0.04225177504867315
12607,0.04225177504867315
12608,0.04225177504867315
12609,0.04225177504867315
12610,0.04225177504867315
12611,0.04225177504867315
12612,0.04225177504867315
12613,0.04225177504867315
12614,0.04225177504867315
12615,0.04225177504867315
12616,0.04225177504867315
12617,0.04225177504867315
12618,0.04225177504867315
12619,0.04225177504867315
12620,0.04225177504867315
12621,0.04225177504867315
12622,0.04225177504867315
12623,0.04225177504867315
12624,0.04225177504867315
12625,0.04225177504867315
12626,0.04225177504867315
12627,0.04225177504867315
12628,0.04225177504867315
12629,0.04225177504867315
12630,0.04225177504867315
12631,0.04225177504867315
12632,0.04225177504867315
12633,0.04225177504867315
12634,0.04225177504867315
12635,0.04225177504867315
12636,0.04225177504867315
12637,0.04225177504867315
12638,0.04225177504867315
12639,0.04225177504867315
12640,0.04225177504867315
12641,0.04225177504867315
12642,0.04225177504867315
12643,0.04225177504867315
12644,0.04225177504867315
12645,0.04225177504867315
12646,0.04225177504867315
12647,0.04225177504867315
12648,0.04225177504867315
12649,0.04225177504867315
12650,0.04225177504867315
12651,0.04225177504867315
12652,0.04225177504867315
12653,0.04225177504867315
12654,0.04225177504867315
12655,0.04225177504867315
12656,0.04225177504867315
12657,0.04225177504867315
12658,0.04225177504867315
12659,0.04225177504867315
12660,0.04225177504867315
12661,0.04225177504867315
12662,0.04225177504867315
12663,0.04225177504867315
12664,0.04225177504867315
12665,0.04225177504867315
12666,0.04225177504867315
12667,0.04225177504867315
12668,0.04225177504867315
12669,0.04225177504867315
12670,0.04225177504867315
12671,0.04225177504867315
12672,0.04225177504867315
12673,0.04225177504867315
12674,0.04225177504867315
12675,0.04225177504867315
12676,0.04225177504867315
12677,0.04225177504867315
12678,0.04225177504867315
12679,0.04225177504867315
12680,0.04225177504867315
12681,0.04225177504867315
12682,0.04225177504867315
12683,0.04225177504867315
12684,0.04225177504867315
12685,0.04225177504867315
12686,0.04225177504867315
12687,0.04225177504867315
12688,0.04225177504867315
12689,0.04225177504867315
12690,0.04225177504867315
12691,0.04225177504867315
12692,0.04225177504867315
12693,0.04225177504867315
12694,0.04225177504867315
12695,0.04225177504867315
12696,0.04225177504867315
12697,0.04225177504867315
12698,0.04225177504867315
12699,0.04225177504867315
12700,0.04225177504867315
12701,0.04225177504867315
12702,0.04225177504867315
12703,0.04225177504867315
12704,0.04225177504867315
12705,0.04225177504867315
12706,0.04225177504867315
12707,0.04225177504867315
12708,0.04225177504867315
12709,0.04225177504867315
12710,0.04225177504867315
12711,0.04225177504867315
12712,0.04225177504867315
12713,0.04225177504867315
12714,0.04225177504867315
12715,0.04225177504867315
12716,0.04225177504867315
12717,0.04225177504867315
12718,0.04225177504867315
12719,0.04225177504867315
12720,0.04225177504867315
12721,0.04225177504867315
12722,0.04225177504867315
12723,0.04225177504867315
12724,0.04225177504867315
12725,0.04225177504867315
12726,0.04225177504867315
12727,0.04225177504867315
12728,0.04225177504867315
12729,0.04225177504867315
12730,0.04225177504867315
12731,0.04225177504867315
12732,0.04225177504867315
12733,0.04225177504867315
12734,0.04225177504867315
12735,0.04225177504867315
12736,0.04225177504867315
12737,0.04225177504867315
12738,0.04225177504867315
12739,0.04225177504867315
12740,0.04225177504867315
12741,0.04225177504867315
12742,0.04225177504867315
12743,0.04225177504867315
12744,0.04225177504867315
12745,0.04225177504867315
12746,0.04225177504867315
12747,0.04225177504867315
12748,0.04225177504867315
12749,0.04225177504867315
12750,0.04225177504867315
12751,0.04225177504867315
12752,0.04225177504867315
12753,0.04225177504867315
12754,0.04225177504867315
12755,0.04225177504867315
12756,0.04225177504867315
12757,0.04225177504867315
12758,0.04225177504867315
12759,0.04225177504867315
12760,0.04225177504867315
12761,0.04225177504867315
12762,0.04225177504867315
12763,0.04225177504867315
12764,0.04225177504867315
12765,0.04225177504867315
12766,0.04225177504867315
12767,0.04225177504867315
12768,0.04225177504867315
12769,0.04225177504867315
12770,0.04225177504867315
12771,0.04225177504867315
12772,0.04225177504867315
12773,0.04225177504867315
12774,0.04225177504867315
12775,0.04225177504867315
12776,0.04225177504867315
12777,0.04225177504867315
12778,0.04225177504867315
12779,0.04225177504867315
12780,0.04225177504867315
12781,0.04225177504867315
12782,0.04225177504867315
12783,0.04225177504867315
12784,0.04225177504867315
12785,0.04225177504867315
12786,0.04225177504867315
12787,0.04225177504867315
12788,0.04225177504867315
12789,0.04225177504867315
12790,0.04225177504867315
12791,0.04225177504867315
12792,0.04225177504867315
12793,0.04225177504867315
12794,0.04225177504867315
12795,0.04225177504867315
12796,0.04225177504867315
12797,0.04225177504867315
12798,0.04225177504867315
12799,0.04225177504867315
12800,0.04225177504867315
12801,0.04225177504867315
12802,0.04225177504867315
12803,0.04225177504867315
12804,0.04225177504867315
12805,0.04225177504867315
12806,0.04225177504867315
12807,0.04225177504867315
12808,0.04225177504867315
12809,0.04225177504867315
12810,0.04225177504867315
12811,0.04225177504867315
12812,0.04225177504867315
12813,0.04225177504867315
12814,0.04225177504867315
12815,0.04225177504867315
12816,0.04225177504867315
12817,0.04225177504867315
12818,0.04225177504867315
12819,0.04225177504867315
12820,0.04225177504867315
12821,0.04225177504867315
12822,0.04225177504867315
12823,0.04225177504867315
12824,0.04225177504867315
12825,0.04225177504867315
12826,0.04225177504867315
12827,0.04225177504867315
12828,0.04225177504867315
12829,0.04225177504867315
12830,0.04225177504867315
12831,0.04225177504867315
12832,0.04225177504867315
12833,0.04225177504867315
12834,0.04225177504867315
12835,0.04225177504867315
12836,0.04225177504867315
12837,0.04225177504867315
12838,0.04225177504867315
12839,0.04225177504867315
12840,0.04225177504867315
12841,0.04225177504867315
12842,0.04225177504867315
12843,0.04225177504867315
12844,0.04225177504867315
12845,0.04225177504867315
12846,0.04225177504867315
12847,0.04225177504867315
12848,0.04225177504867315
12849,0.04225177504867315
12850,0.04225177504867315
12851,0.04225177504867315
12852,0.04225177504867315
12853,0.04225177504867315
12854,0.04225177504867315
12855,0.04225177504867315
12856,0.04225177504867315
12857,0.04225177504867315
12858,0.04225177504867315
12859,0.04225177504867315
12860,0.04225177504867315
12861,0.04225177504867315
12862,0.04225177504867315
12863,0.04225177504867315
12864,0.04225177504867315
12865,0.04225177504867315
12866,0.04225177504867315
12867,0.04225177504867315
12868,0.04225177504867315
12869,0.04225177504867315
12870,0.04225177504867315
12871,0.04225177504867315
12872,0.04225177504867315
12873,0.04225177504867315
12874,0.04225177504867315
12875,0.04225177504867315
12876,0.04225177504867315
12877,0.04225177504867315
12878,0.04225177504867315
12879,0.04225177504867315
12880,0.04225177504867315
12881,0.04225177504867315
12882,0.04225177504867315
12883,0.04225177504867315
12884,0.04225177504867315
12885,0.04225177504867315
12886,0.04225177504867315
12887,0.04225177504867315
12888,0.04225177504867315
12889,0.04225177504867315
12890,0.04225177504867315
12891,0.04225177504867315
12892,0.04225177504867315
12893,0.04225177504867315
12894,0.04225177504867315
12895,0.04225177504867315
12896,0.04225177504867315
12897,0.04225177504867315
12898,0.04225177504867315
12899,0.04225177504867315
12900,0.04225177504867315
12901,0.04225177504867315
12902,0.04225177504867315
12903,0.04225177504867315
12904,0.04225177504867315
12905,0.04225177504867315
12906,0.04225177504867315
12907,0.04225177504867315
12908,0.04225177504867315
12909,0.04225177504867315
12910,0.04225177504867315
12911,0.04225177504867315
12912,0.04225177504867315
12913,0.04225177504867315
12914,0.04225177504867315
12915,0.04225177504867315
12916,0.04225177504867315
12917,0.04225177504867315
12918,0.04225177504867315
12919,0.04225177504867315
12920,0.04225177504867315
12921,0.04225177504867315
12922,0.04225177504867315
12923,0.04225177504867315
12924,0.04225177504867315
12925,0.04225177504867315
12926,0.04225177504867315
12927,0.04225177504867315
12928,0.04225177504867315
12929,0.04225177504867315
12930,0.04225177504867315
12931,0.04225177504867315
12932,0.04225177504867315
12933,0.04225177504867315
12934,0.04225177504867315
12935,0.04225177504867315
12936,0.04225177504867315
12937,0.04225177504867315
12938,0.04225177504867315
12939,0.04225177504867315
12940,0.04225177504867315
12941,0.04225177504867315
12942,0.04225177504867315
12943,0.04225177504867315
12944,0.04225177504867315
12945,0.04225177504867315
12946,0.04225177504867315
12947,0.04225177504867315
12948,0.04225177504867315
12949,0.04225177504867315
12950,0.04225177504867315
12951,0.04225177504867315
12952,0.04225177504867315
12953,0.04225177504867315
12954,0.04225177504867315
12955,0.04225177504867315
12956,0.04225177504867315
12957,0.04225177504867315
12958,0.04225177504867315
12959,0.04225177504867315
12960,0.04225177504867315
12961,0.04225177504867315
12962,0.04225177504867315
12963,0.04225177504867315
12964,0.04225177504867315
12965,0.04225177504867315
12966,0.04225177504867315
12967,0.04225177504867315
12968,0.04225177504867315
12969,0.04225177504867315
12970,0.04225177504867315
12971,0.04225177504867315
12972,0.04225177504867315
12973,0.04225177504867315
12974,0.04225177504867315
12975,0.04225177504867315
12976,0.04225177504867315
12977,0.04225177504867315
12978,0.04225177504867315
12979,0.04225177504867315
12980,0.04225177504867315
12981,0.04225177504867315
12982,0.04225177504867315
12983,0.04225177504867315
12984,0.04225177504867315
12985,0.04225177504867315
12986,0.04225177504867315
12987,0.04225177504867315
12988,0.04225177504867315
12989,0.04225177504867315
12990,0.04225177504867315
12991,0.04225177504867315
12992,0.04225177504867315
12993,0.04225177504867315
12994,0.04225177504867315
12995,0.04225177504867315
12996,0.04225177504867315
12997,0.04225177504867315
12998,0.04225177504867315
12999,0.04225177504867315
13000,0.04225177504867315
13001,0.04225177504867315
13002,0.04225177504867315
13003,0.04225177504867315
13004,0.04225177504867315
13005,0.04225177504867315
13006,0.04225177504867315
13007,0.04225177504867315
13008,0.04225177504867315
13009,0.04225177504867315
13010,0.04225177504867315
13011,0.04225177504867315
13012,0.04225177504867315
13013,0.04225177504867315
13014,0.04225177504867315
13015,0.04225177504867315
13016,0.04225177504867315
13017,0.04225177504867315
13018,0.04225177504867315
13019,0.04225177504867315
13020,0.04225177504867315
13021,0.04225177504867315
13022,0.04225177504867315
13023,0.04225177504867315
13024,0.04225177504867315
13025,0.04225177504867315
13026,0.04225177504867315
13027,0.04225177504867315
13028,0.04225177504867315
13029,0.04225177504867315
13030,0.04225177504867315
13031,0.04225177504867315
13032,0.04225177504867315
13033,0.04225177504867315
13034,0.04225177504867315
13035,0.04225177504867315
13036,0.04225177504867315
13037,0.04225177504867315
13038,0.04225177504867315
13039,0.04225177504867315
13040,0.04225177504867315
13041,0.04225177504867315
13042,0.04225177504867315
13043,0.04225177504867315
13044,0.04225177504867315
13045,0.04225177504867315
13046,0.04225177504867315
13047,0.04225177504867315
13048,0.04225177504867315
13049,0.04225177504867315
13050,0.04225177504867315
13051,0.04225177504867315
13052,0.04225177504867315
13053,0.04225177504867315
13054,0.04225177504867315
13055,0.04225177504867315
13056,0.04225177504867315
13057,0.04225177504867315
13058,0.04225177504867315
13059,0.04225177504867315
13060,0.04225177504867315
13061,0.04225177504867315
13062,0.04225177504867315
13063,0.04225177504867315
13064,0.04225177504867315
13065,0.04225177504867315
13066,0.04225177504867315
13067,0.04225177504867315
13068,0.04225177504867315
13069,0.04225177504867315
13070,0.04225177504867315
13071,0.04225177504867315
13072,0.04225177504867315
13073,0.04225177504867315
13074,0.04225177504867315
13075,0.04225177504867315
13076,0.04225177504867315
13077,0.04225177504867315
13078,0.04225177504867315
13079,0.04225177504867315
13080,0.04225177504867315
13081,0.04225177504867315
13082,0.04225177504867315
13083,0.04225177504867315
13084,0.04225177504867315
13085,0.04225177504867315
13086,0.04225177504867315
13087,0.04225177504867315
13088,0.04225177504867315
13089,0.04225177504867315
13090,0.04225177504867315
13091,0.04225177504867315
13092,0.04225177504867315
13093,0.04225177504867315
13094,0.04225177504867315
13095,0.04225177504867315
13096,0.04225177504867315
13097,0.04225177504867315
13098,0.04225177504867315
13099,0.04225177504867315
13100,0.04225177504867315
13101,0.04225177504867315
13102,0.04225177504867315
13103,0.04225177504867315
13104,0.04225177504867315
13105,0.04225177504867315
13106,0.04225177504867315
13107,0.04225177504867315
13108,0.04225177504867315
13109,0.04225177504867315
13110,0.04225177504867315
13111,0.04225177504867315
13112,0.04225177504867315
13113,0.04225177504867315
13114,0.04225177504867315
13115,0.04225177504867315
13116,0.04225177504867315
13117,0.04225177504867315
13118,0.04225177504867315
13119,0.04225177504867315
13120,0.04225177504867315
13121,0.04225177504867315
13122,0.04225177504867315
13123,0.04225177504867315
13124,0.04225177504867315
13125,0.04225177504867315
13126,0.04225177504867315
13127,0.04225177504867315
13128,0.04225177504867315
13129,0.04225177504867315
13130,0.04225177504867315
13131,0.04225177504867315
13132,0.04225177504867315
13133,0.04225177504867315
13134,0.04225177504867315
13135,0.04225177504867315
13136,0.04225177504867315
13137,0.04225177504867315
13138,0.04225177504867315
13139,0.04225177504867315
13140,0.04225177504867315
13141,0.04225177504867315
13142,0.04225177504867315
13143,0.04225177504867315
13144,0.04225177504867315
13145,0.04225177504867315
13146,0.04225177504867315
13147,0.04225177504867315
13148,0.04225177504867315
13149,0.04225177504867315
13150,0.04225177504867315
13151,0.04225177504867315
13152,0.04225177504867315
13153,0.04225177504867315
13154,0.04225177504867315
13155,0.04225177504867315
13156,0.04225177504867315
13157,0.04225177504867315
13158,0.04225177504867315
13159,0.04225177504867315
13160,0.04225177504867315
13161,0.04225177504867315
13162,0.04225177504867315
13163,0.04225177504867315
13164,0.04225177504867315
13165,0.04225177504867315
13166,0.04225177504867315
13167,0.04225177504867315
13168,0.04225177504867315
13169,0.04225177504867315
13170,0.04225177504867315
13171,0.04225177504867315
13172,0.04225177504867315
13173,0.04225177504867315
13174,0.04225177504867315
13175,0.04225177504867315
13176,0.04225177504867315
13177,0.04225177504867315
13178,0.04225177504867315
13179,0.04225177504867315
13180,0.04225177504867315
13181,0.04225177504867315
13182,0.04225177504867315
13183,0.04225177504867315
13184,0.04225177504867315
13185,0.04225177504867315
13186,0.04225177504867315
13187,0.04225177504867315
13188,0.04225177504867315
13189,0.04225177504867315
13190,0.04225177504867315
13191,0.04225177504867315
13192,0.04225177504867315
13193,0.04225177504867315
13194,0.04225177504867315
13195,0.04225177504867315
13196,0.04225177504867315
13197,0.04225177504867315
13198,0.04225177504867315
13199,0.04225177504867315
13200,0.04225177504867315
13201,0.04225177504867315
13202,0.04225177504867315
13203,0.04225177504867315
13204,0.04225177504867315
13205,0.04225177504867315
13206,0.04225177504867315
13207,0.04225177504867315
13208,0.04225177504867315
13209,0.04225177504867315
13210,0.04225177504867315
13211,0.04225177504867315
13212,0.04225177504867315
13213,0.04225177504867315
13214,0.04225177504867315
13215,0.04225177504867315
13216,0.04225177504867315
13217,0.04225177504867315
13218,0.04225177504867315
13219,0.04225177504867315
13220,0.04225177504867315
13221,0.04225177504867315
13222,0.04225177504867315
13223,0.04225177504867315
13224,0.04225177504867315
13225,0.04225177504867315
13226,0.04225177504867315
13227,0.04225177504867315
13228,0.04225177504867315
13229,0.04225177504867315
13230,0.04225177504867315
13231,0.04225177504867315
13232,0.04225177504867315
13233,0.04225177504867315
13234,0.04225177504867315
13235,0.04225177504867315
13236,0.04225177504867315
13237,0.04225177504867315
13238,0.04225177504867315
13239,0.04225177504867315
13240,0.04225177504867315
13241,0.04225177504867315
13242,0.04225177504867315
13243,0.04225177504867315
13244,0.04225177504867315
13245,0.04225177504867315
13246,0.04225177504867315
13247,0.04225177504867315
13248,0.04225177504867315
13249,0.04225177504867315
13250,0.04225177504867315
13251,0.04225177504867315
13252,0.04225177504867315
13253,0.04225177504867315
13254,0.04225177504867315
13255,0.04225177504867315
13256,0.04225177504867315
13257,0.04225177504867315
13258,0.04225177504867315
13259,0.04225177504867315
13260,0.04225177504867315
13261,0.04225177504867315
13262,0.04225177504867315
13263,0.04225177504867315
13264,0.04225177504867315
13265,0.04225177504867315
13266,0.04225177504867315
13267,0.04225177504867315
13268,0.04225177504867315
13269,0.04225177504867315
13270,0.04225177504867315
13271,0.04225177504867315
13272,0.04225177504867315
13273,0.04225177504867315
13274,0.04225177504867315
13275,0.04225177504867315
13276,0.04225177504867315
13277,0.04225177504867315
13278,0.04225177504867315
13279,0.04225177504867315
13280,0.04225177504867315
13281,0.04225177504867315
13282,0.04225177504867315
13283,0.04225177504867315
13284,0.04225177504867315
13285,0.04225177504867315
13286,0.04225177504867315
13287,0.04225177504867315
13288,0.04225177504867315
13289,0.04225177504867315
13290,0.04225177504867315
13291,0.04225177504867315
13292,0.04225177504867315
13293,0.04225177504867315
13294,0.04225177504867315
13295,0.04225177504867315
13296,0.04225177504867315
13297,0.04225177504867315
13298,0.04225177504867315
13299,0.04225177504867315
13300,0.04225177504867315
13301,0.04225177504867315
13302,0.04225177504867315
13303,0.04225177504867315
13304,0.04225177504867315
13305,0.04225177504867315
13306,0.04225177504867315
13307,0.04225177504867315
13308,0.04225177504867315
13309,0.04225177504867315
13310,0.04225177504867315
13311,0.04225177504867315
13312,0.04225177504867315
13313,0.04225177504867315
13314,0.04225177504867315
13315,0.04225177504867315
13316,0.04225177504867315
13317,0.04225177504867315
13318,0.04225177504867315
13319,0.04225177504867315
13320,0.04225177504867315
13321,0.04225177504867315
13322,0.04225177504867315
13323,0.04225177504867315
13324,0.04225177504867315
13325,0.04225177504867315
13326,0.04225177504867315
13327,0.04225177504867315
13328,0.04225177504867315
13329,0.04225177504867315
13330,0.04225177504867315
13331,0.04225177504867315
13332,0.04225177504867315
13333,0.04225177504867315
13334,0.04225177504867315
13335,0.04225177504867315
13336,0.04225177504867315
13337,0.04225177504867315
13338,0.04225177504867315
13339,0.04225177504867315
13340,0.04225177504867315
13341,0.04225177504867315
13342,0.04225177504867315
13343,0.04225177504867315
13344,0.04225177504867315
13345,0.04225177504867315
13346,0.04225177504867315
13347,0.04225177504867315
13348,0.04225177504867315
13349,0.04225177504867315
13350,0.04225177504867315
13351,0.04225177504867315
13352,0.04225177504867315
13353,0.04225177504867315
13354,0.04225177504867315
13355,0.04225177504867315
13356,0.04225177504867315
13357,0.04225177504867315
13358,0.04225177504867315
13359,0.04225177504867315
13360,0.04225177504867315
13361,0.04225177504867315
13362,0.04225177504867315
13363,0.04225177504867315
13364,0.04225177504867315
13365,0.04225177504867315
13366,0.04225177504867315
13367,0.04225177504867315
13368,0.04225177504867315
13369,0.04225177504867315
13370,0.04225177504867315
13371,0.04225177504867315
13372,0.04225177504867315
13373,0.04225177504867315
13374,0.04225177504867315
13375,0.04225177504867315
13376,0.04225177504867315
13377,0.04225177504867315
13378,0.04225177504867315
13379,0.04225177504867315
13380,0.04225177504867315
13381,0.04225177504867315
13382,0.04225177504867315
13383,0.04225177504867315
13384,0.04225177504867315
13385,0.04225177504867315
13386,0.04225177504867315
13387,0.04225177504867315
13388,0.04225177504867315
13389,0.04225177504867315
13390,0.04225177504867315
13391,0.04225177504867315
13392,0.04225177504867315
13393,0.04225177504867315
13394,0.04225177504867315
13395,0.04225177504867315
13396,0.04225177504867315
13397,0.04225177504867315
13398,0.04225177504867315
13399,0.04225177504867315
13400,0.04225177504867315
13401,0.04225177504867315
13402,0.04225177504867315
13403,0.04225177504867315
13404,0.04225177504867315
13405,0.04225177504867315
13406,0.04225177504867315
13407,0.04225177504867315
13408,0.04225177504867315
13409,0.04225177504867315
13410,0.04225177504867315
13411,0.04225177504867315
13412,0.04225177504867315
13413,0.04225177504867315
13414,0.04225177504867315
13415,0.04225177504867315
13416,0.04225177504867315
13417,0.04225177504867315
13418,0.04225177504867315
13419,0.04225177504867315
13420,0.04225177504867315
13421,0.04225177504867315
13422,0.04225177504867315
13423,0.04225177504867315
13424,0.04225177504867315
13425,0.04225177504867315
13426,0.04225177504867315
13427,0.04225177504867315
13428,0.04225177504867315
13429,0.04225177504867315
13430,0.04225177504867315
13431,0.04225177504867315
13432,0.04225177504867315
13433,0.04225177504867315
13434,0.04225177504867315
13435,0.04225177504867315
13436,0.04225177504867315
13437,0.04225177504867315
13438,0.04225177504867315
13439,0.04225177504867315
13440,0.04225177504867315
13441,0.04225177504867315
13442,0.04225177504867315
13443,0.04225177504867315
13444,0.04225177504867315
13445,0.04225177504867315
13446,0.04225177504867315
13447,0.04225177504867315
13448,0.04225177504867315
13449,0.04225177504867315
13450,0.04225177504867315
13451,0.04225177504867315
13452,0.04225177504867315
13453,0.04225177504867315
13454,0.04225177504867315
13455,0.04225177504867315
13456,0.04225177504867315
13457,0.04225177504867315
13458,0.04225177504867315
13459,0.04225177504867315
13460,0.04225177504867315
13461,0.04225177504867315
13462,0.04225177504867315
13463,0.04225177504867315
13464,0.04225177504867315
13465,0.04225177504867315
13466,0.04225177504867315
13467,0.04225177504867315
13468,0.04225177504867315
13469,0.04225177504867315
13470,0.04225177504867315
13471,0.04225177504867315
13472,0.04225177504867315
13473,0.04225177504867315
13474,0.04225177504867315
13475,0.04225177504867315
13476,0.04225177504867315
13477,0.04225177504867315
13478,0.04225177504867315
13479,0.04225177504867315
13480,0.04225177504867315
13481,0.04225177504867315
13482,0.04225177504867315
13483,0.04225177504867315
13484,0.04225177504867315
13485,0.04225177504867315
13486,0.04225177504867315
13487,0.04225177504867315
13488,0.04225177504867315
13489,0.04225177504867315
13490,0.04225177504867315
13491,0.04225177504867315
13492,0.04225177504867315
13493,0.04225177504867315
13494,0.04225177504867315
13495,0.04225177504867315
13496,0.04225177504867315
13497,0.04225177504867315
13498,0.04225177504867315
13499,0.04225177504867315
13500,0.04225177504867315
13501,0.04225177504867315
13502,0.04225177504867315
13503,0.04225177504867315
13504,0.04225177504867315
13505,0.04225177504867315
13506,0.04225177504867315
13507,0.04225177504867315
13508,0.04225177504867315
13509,0.04225177504867315
13510,0.04225177504867315
13511,0.04225177504867315
13512,0.04225177504867315
13513,0.04225177504867315
13514,0.04225177504867315
13515,0.04225177504867315
13516,0.04225177504867315
13517,0.04225177504867315
13518,0.04225177504867315
13519,0.04225177504867315
13520,0.04225177504867315
13521,0.04225177504867315
13522,0.04225177504867315
13523,0.04225177504867315
13524,0.04225177504867315
13525,0.04225177504867315
13526,0.04225177504867315
13527,0.04225177504867315
13528,0.04225177504867315
13529,0.04225177504867315
13530,0.04225177504867315
13531,0.04225177504867315
13532,0.04225177504867315
13533,0.04225177504867315
13534,0.04225177504867315
13535,0.04225177504867315
13536,0.04225177504867315
13537,0.04225177504867315
13538,0.04225177504867315
13539,0.04225177504867315
13540,0.04225177504867315
13541,0.04225177504867315
13542,0.04225177504867315
13543,0.04225177504867315
13544,0.04225177504867315
13545,0.04225177504867315
13546,0.04225177504867315
13547,0.04225177504867315
13548,0.04225177504867315
13549,0.04225177504867315
13550,0.04225177504867315
13551,0.04225177504867315
13552,0.04225177504867315
13553,0.04225177504867315
13554,0.04225177504867315
13555,0.04225177504867315
13556,0.04225177504867315
13557,0.04225177504867315
13558,0.04225177504867315
13559,0.04225177504867315
13560,0.04225177504867315
13561,0.04225177504867315
13562,0.04225177504867315
13563,0.04225177504867315
13564,0.04225177504867315
13565,0.04225177504867315
13566,0.04225177504867315
13567,0.04225177504867315
13568,0.04225177504867315
13569,0.04225177504867315
13570,0.04225177504867315
13571,0.04225177504867315
13572,0.04225177504867315
13573,0.04225177504867315
13574,0.04225177504867315
13575,0.04225177504867315
13576,0.04225177504867315
13577,0.04225177504867315
13578,0.04225177504867315
13579,0.04225177504867315
13580,0.04225177504867315
13581,0.04225177504867315
13582,0.04225177504867315
13583,0.04225177504867315
13584,0.04225177504867315
13585,0.04225177504867315
13586,0.04225177504867315
13587,0.04225177504867315
13588,0.04225177504867315
13589,0.04225177504867315
13590,0.04225177504867315
13591,0.04225177504867315
13592,0.04225177504867315
13593,0.04225177504867315
13594,0.04225177504867315
13595,0.04225177504867315
13596,0.04225177504867315
13597,0.04225177504867315
13598,0.04225177504867315
13599,0.04225177504867315
13600,0.04225177504867315
13601,0.04225177504867315
13602,0.04225177504867315
13603,0.04225177504867315
13604,0.04225177504867315
13605,0.04225177504867315
13606,0.04225177504867315
13607,0.04225177504867315
13608,0.04225177504867315
13609,0.04225177504867315
13610,0.04225177504867315
13611,0.04225177504867315
13612,0.04225177504867315
13613,0.04225177504867315
13614,0.04225177504867315
13615,0.04225177504867315
13616,0.04225177504867315
13617,0.04225177504867315
13618,0.04225177504867315
13619,0.04225177504867315
13620,0.04225177504867315
13621,0.04225177504867315
13622,0.04225177504867315
13623,0.04225177504867315
13624,0.04225177504867315
13625,0.04225177504867315
13626,0.04225177504867315
13627,0.04225177504867315
13628,0.04225177504867315
13629,0.04225177504867315
13630,0.04225177504867315
13631,0.04225177504867315
13632,0.04225177504867315
13633,0.04225177504867315
13634,0.04225177504867315
13635,0.04225177504867315
13636,0.04225177504867315
13637,0.04225177504867315
13638,0.04225177504867315
13639,0.04225177504867315
13640,0.04225177504867315
13641,0.04225177504867315
13642,0.04225177504867315
13643,0.04225177504867315
13644,0.04225177504867315
13645,0.04225177504867315
13646,0.04225177504867315
13647,0.04225177504867315
13648,0.04225177504867315
13649,0.04225177504867315
13650,0.04225177504867315
13651,0.04225177504867315
13652,0.04225177504867315
13653,0.04225177504867315
13654,0.04225177504867315
13655,0.04225177504867315
13656,0.04225177504867315
13657,0.04225177504867315
13658,0.04225177504867315
13659,0.04225177504867315
13660,0.04225177504867315
13661,0.04225177504867315
13662,0.04225177504867315
13663,0.04225177504867315
13664,0.04225177504867315
13665,0.04225177504867315
13666,0.04225177504867315
13667,0.04225177504867315
13668,0.04225177504867315
13669,0.04225177504867315
13670,0.04225177504867315
13671,0.04225177504867315
13672,0.04225177504867315
13673,0.04225177504867315
13674,0.04225177504867315
13675,0.04225177504867315
13676,0.04225177504867315
13677,0.04225177504867315
13678,0.04225177504867315
13679,0.04225177504867315
13680,0.04225177504867315
13681,0.04225177504867315
13682,0.04225177504867315
13683,0.04225177504867315
13684,0.04225177504867315
13685,0.04225177504867315
13686,0.04225177504867315
13687,0.04225177504867315
13688,0.04225177504867315
13689,0.04225177504867315
13690,0.04225177504867315
13691,0.04225177504867315
13692,0.04225177504867315
13693,0.04225177504867315
13694,0.04225177504867315
13695,0.04225177504867315
13696,0.04225177504867315
13697,0.04225177504867315
13698,0.04225177504867315
13699,0.04225177504867315
13700,0.04225177504867315
13701,0.04225177504867315
13702,0.04225177504867315
13703,0.04225177504867315
13704,0.04225177504867315
13705,0.04225177504867315
13706,0.04225177504867315
13707,0.04225177504867315
13708,0.04225177504867315
13709,0.04225177504867315
13710,0.04225177504867315
13711,0.04225177504867315
13712,0.04225177504867315
13713,0.04225177504867315
13714,0.04225177504867315
13715,0.04225177504867315
13716,0.04225177504867315
13717,0.04225177504867315
13718,0.04225177504867315
13719,0.04225177504867315
13720,0.04225177504867315
13721,0.04225177504867315
13722,0.04225177504867315
13723,0.04225177504867315
13724,0.04225177504867315
13725,0.04225177504867315
13726,0.04225177504867315
13727,0.04225177504867315
13728,0.04225177504867315
13729,0.04225177504867315
13730,0.04225177504867315
13731,0.04225177504867315
13732,0.04225177504867315
13733,0.04225177504867315
13734,0.04225177504867315
13735,0.04225177504867315
13736,0.04225177504867315
13737,0.04225177504867315
13738,0.04225177504867315
13739,0.04225177504867315
13740,0.04225177504867315
13741,0.04225177504867315
13742,0.04225177504867315
13743,0.04225177504867315
13744,0.04225177504867315
13745,0.04225177504867315
13746,0.04225177504867315
13747,0.04225177504867315
13748,0.04225177504867315
13749,0.04225177504867315
13750,0.04225177504867315
13751,0.04225177504867315
13752,0.04225177504867315
13753,0.04225177504867315
13754,0.04225177504867315
13755,0.04225177504867315
13756,0.04225177504867315
13757,0.04225177504867315
13758,0.04225177504867315
13759,0.04225177504867315
13760,0.04225177504867315
13761,0.04225177504867315
13762,0.04225177504867315
13763,0.04225177504867315
13764,0.04225177504867315
13765,0.04225177504867315
13766,0.04225177504867315
13767,0.04225177504867315
13768,0.04225177504867315
13769,0.04225177504867315
13770,0.04225177504867315
13771,0.04225177504867315
13772,0.04225177504867315
13773,0.04225177504867315
13774,0.04225177504867315
13775,0.04225177504867315
13776,0.04225177504867315
13777,0.04225177504867315
13778,0.04225177504867315
13779,0.04225177504867315
13780,0.04225177504867315
13781,0.04225177504867315
13782,0.04225177504867315
13783,0.04225177504867315
13784,0.04225177504867315
13785,0.04225177504867315
13786,0.04225177504867315
13787,0.04225177504867315
13788,0.04225177504867315
13789,0.04225177504867315
13790,0.04225177504867315
13791,0.04225177504867315
13792,0.04225177504867315
13793,0.04225177504867315
13794,0.04225177504867315
13795,0.04225177504867315
13796,0.04225177504867315
13797,0.04225177504867315
13798,0.04225177504867315
13799,0.04225177504867315
13800,0.04225177504867315
13801,0.04225177504867315
13802,0.04225177504867315
13803,0.04225177504867315
13804,0.04225177504867315
13805,0.04225177504867315
13806,0.04225177504867315
13807,0.04225177504867315
13808,0.04225177504867315
13809,0.04225177504867315
13810,0.04225177504867315
13811,0.04225177504867315
13812,0.04225177504867315
13813,0.04225177504867315
13814,0.04225177504867315
13815,0.04225177504867315
13816,0.04225177504867315
13817,0.04225177504867315
13818,0.04225177504867315
13819,0.04225177504867315
13820,0.04225177504867315
13821,0.04225177504867315
13822,0.04225177504867315
13823,0.04225177504867315
13824,0.04225177504867315
13825,0.04225177504867315
13826,0.04225177504867315
13827,0.04225177504867315
13828,0.04225177504867315
13829,0.04225177504867315
13830,0.04225177504867315
13831,0.04225177504867315
13832,0.04225177504867315
13833,0.04225177504867315
13834,0.04225177504867315
13835,0.04225177504867315
13836,0.04225177504867315
13837,0.04225177504867315
13838,0.04225177504867315
13839,0.04225177504867315
13840,0.04225177504867315
13841,0.04225177504867315
13842,0.04225177504867315
13843,0.04225177504867315
13844,0.04225177504867315
13845,0.04225177504867315
13846,0.04225177504867315
13847,0.04225177504867315
13848,0.04225177504867315
13849,0.04225177504867315
13850,0.04225177504867315
13851,0.04225177504867315
13852,0.04225177504867315
13853,0.04225177504867315
13854,0.04225177504867315
13855,0.04225177504867315
13856,0.04225177504867315
13857,0.04225177504867315
13858,0.04225177504867315
13859,0.04225177504867315
13860,0.04225177504867315
13861,0.04225177504867315
13862,0.04225177504867315
13863,0.04225177504867315
13864,0.04225177504867315
13865,0.04225177504867315
13866,0.04225177504867315
13867,0.04225177504867315
13868,0.04225177504867315
13869,0.04225177504867315
13870,0.04225177504867315
13871,0.04225177504867315
13872,0.04225177504867315
13873,0.04225177504867315
13874,0.04225177504867315
13875,0.04225177504867315
13876,0.04225177504867315
13877,0.04225177504867315
13878,0.04225177504867315
13879,0.04225177504867315
13880,0.04225177504867315
13881,0.04225177504867315
13882,0.04225177504867315
13883,0.04225177504867315
13884,0.04225177504867315
13885,0.04225177504867315
13886,0.04225177504867315
13887,0.04225177504867315
13888,0.04225177504867315
13889,0.04225177504867315
13890,0.04225177504867315
13891,0.04225177504867315
13892,0.04225177504867315
13893,0.04225177504867315
13894,0.04225177504867315
13895,0.04225177504867315
13896,0.04225177504867315
13897,0.04225177504867315
13898,0.04225177504867315
13899,0.04225177504867315
13900,0.04225177504867315
13901,0.04225177504867315
13902,0.04225177504867315
13903,0.04225177504867315
13904,0.04225177504867315
13905,0.04225177504867315
13906,0.04225177504867315
13907,0.04225177504867315
13908,0.04225177504867315
13909,0.04225177504867315
13910,0.04225177504867315
13911,0.04225177504867315
13912,0.04225177504867315
13913,0.04225177504867315
13914,0.04225177504867315
13915,0.04225177504867315
13916,0.04225177504867315
13917,0.04225177504867315
13918,0.04225177504867315
13919,0.04225177504867315
13920,0.04225177504867315
13921,0.04225177504867315
13922,0.04225177504867315
13923,0.04225177504867315
13924,0.04225177504867315
13925,0.04225177504867315
13926,0.04225177504867315
13927,0.04225177504867315
13928,0.04225177504867315
13929,0.04225177504867315
13930,0.04225177504867315
13931,0.04225177504867315
13932,0.04225177504867315
13933,0.04225177504867315
13934,0.04225177504867315
13935,0.04225177504867315
13936,0.04225177504867315
13937,0.04225177504867315
13938,0.04225177504867315
13939,0.04225177504867315
13940,0.04225177504867315
13941,0.04225177504867315
13942,0.04225177504867315
13943,0.04225177504867315
13944,0.04225177504867315
13945,0.04225177504867315
13946,0.04225177504867315
13947,0.04225177504867315
13948,0.04225177504867315
13949,0.04225177504867315
13950,0.04225177504867315
13951,0.04225177504867315
13952,0.04225177504867315
13953,0.04225177504867315
13954,0.04225177504867315
13955,0.04225177504867315
13956,0.04225177504867315
13957,0.04225177504867315
13958,0.04225177504867315
13959,0.04225177504867315
13960,0.04225177504867315
13961,0.04225177504867315
13962,0.04225177504867315
13963,0.04225177504867315
13964,0.04225177504867315
13965,0.04225177504867315
13966,0.04225177504867315
13967,0.04225177504867315
13968,0.04225177504867315
13969,0.04225177504867315
13970,0.04225177504867315
13971,0.04225177504867315
13972,0.04225177504867315
13973,0.04225177504867315
13974,0.04225177504867315
13975,0.04225177504867315
13976,0.04225177504867315
13977,0.04225177504867315
13978,0.04225177504867315
13979,0.04225177504867315
13980,0.04225177504867315
13981,0.04225177504867315
13982,0.04225177504867315
13983,0.04225177504867315
13984,0.04225177504867315
13985,0.04225177504867315
13986,0.04225177504867315
13987,0.04225177504867315
13988,0.04225177504867315
13989,0.04225177504867315
13990,0.04225177504867315
13991,0.04225177504867315
13992,0.04225177504867315
13993,0.04225177504867315
13994,0.04225177504867315
13995,0.04225177504867315
13996,0.04225177504867315
13997,0.04225177504867315
13998,0.04225177504867315
13999,0.04225177504867315
14000,0.04225177504867315
14001,0.04225177504867315
14002,0.04225177504867315
14003,0.04225177504867315
14004,0.04225177504867315
14005,0.04225177504867315
14006,0.04225177504867315
14007,0.04225177504867315
14008,0.04225177504867315
14009,0.04225177504867315
14010,0.04225177504867315
14011,0.04225177504867315
14012,0.04225177504867315
14013,0.04225177504867315
14014,0.04225177504867315
14015,0.04225177504867315
14016,0.04225177504867315
14017,0.04225177504867315
14018,0.04225177504867315
14019,0.04225177504867315
14020,0.04225177504867315
14021,0.04225177504867315
14022,0.04225177504867315
14023,0.04225177504867315
14024,0.04225177504867315
14025,0.04225177504867315
14026,0.04225177504867315
14027,0.04225177504867315
14028,0.04225177504867315
14029,0.04225177504867315
14030,0.04225177504867315
14031,0.04225177504867315
14032,0.04225177504867315
14033,0.04225177504867315
14034,0.04225177504867315
14035,0.04225177504867315
14036,0.04225177504867315
14037,0.04225177504867315
14038,0.04225177504867315
14039,0.04225177504867315
14040,0.04225177504867315
14041,0.04225177504867315
14042,0.04225177504867315
14043,0.04225177504867315
14044,0.04225177504867315
14045,0.04225177504867315
14046,0.04225177504867315
14047,0.04225177504867315
14048,0.04225177504867315
14049,0.04225177504867315
14050,0.04225177504867315
14051,0.04225177504867315
14052,0.04225177504867315
14053,0.04225177504867315
14054,0.04225177504867315
14055,0.04225177504867315
14056,0.04225177504867315
14057,0.04225177504867315
14058,0.04225177504867315
14059,0.04225177504867315
14060,0.04225177504867315
14061,0.04225177504867315
14062,0.04225177504867315
14063,0.04225177504867315
14064,0.04225177504867315
14065,0.04225177504867315
14066,0.04225177504867315
14067,0.04225177504867315
14068,0.04225177504867315
14069,0.04225177504867315
14070,0.04225177504867315
14071,0.04225177504867315
14072,0.04225177504867315
14073,0.04225177504867315
14074,0.04225177504867315
14075,0.04225177504867315
14076,0.04225177504867315
14077,0.04225177504867315
14078,0.04225177504867315
14079,0.04225177504867315
14080,0.04225177504867315
14081,0.04225177504867315
14082,0.04225177504867315
14083,0.04225177504867315
14084,0.04225177504867315
14085,0.04225177504867315
14086,0.04225177504867315
14087,0.04225177504867315
14088,0.04225177504867315
14089,0.04225177504867315
14090,0.04225177504867315
14091,0.04225177504867315
14092,0.04225177504867315
14093,0.04225177504867315
14094,0.04225177504867315
14095,0.04225177504867315
14096,0.04225177504867315
14097,0.04225177504867315
14098,0.04225177504867315
14099,0.04225177504867315
14100,0.04225177504867315
14101,0.04225177504867315
14102,0.04225177504867315
14103,0.04225177504867315
14104,0.04225177504867315
14105,0.04225177504867315
14106,0.04225177504867315
14107,0.04225177504867315
14108,0.04225177504867315
14109,0.04225177504867315
14110,0.04225177504867315
14111,0.04225177504867315
14112,0.04225177504867315
14113,0.04225177504867315
14114,0.04225177504867315
14115,0.04225177504867315
14116,0.04225177504867315
14117,0.04225177504867315
14118,0.04225177504867315
14119,0.04225177504867315
14120,0.04225177504867315
14121,0.04225177504867315
14122,0.04225177504867315
14123,0.04225177504867315
14124,0.04225177504867315
14125,0.04225177504867315
14126,0.04225177504867315
14127,0.04225177504867315
14128,0.04225177504867315
14129,0.04225177504867315
14130,0.04225177504867315
14131,0.04225177504867315
14132,0.04225177504867315
14133,0.04225177504867315
14134,0.04225177504867315
14135,0.04225177504867315
14136,0.04225177504867315
14137,0.04225177504867315
14138,0.04225177504867315
14139,0.04225177504867315
14140,0.04225177504867315
14141,0.04225177504867315
14142,0.04225177504867315
14143,0.04225177504867315
14144,0.04225177504867315
14145,0.04225177504867315
14146,0.04225177504867315
14147,0.04225177504867315
14148,0.04225177504867315
14149,0.04225177504867315
14150,0.04225177504867315
14151,0.04225177504867315
14152,0.04225177504867315
14153,0.04225177504867315
14154,0.04225177504867315
14155,0.04225177504867315
14156,0.04225177504867315
14157,0.04225177504867315
14158,0.04225177504867315
14159,0.04225177504867315
14160,0.04225177504867315
14161,0.04225177504867315
14162,0.04225177504867315
14163,0.04225177504867315
14164,0.04225177504867315
14165,0.04225177504867315
14166,0.04225177504867315
14167,0.04225177504867315
14168,0.04225177504867315
14169,0.04225177504867315
14170,0.04225177504867315
14171,0.04225177504867315
14172,0.04225177504867315
14173,0.04225177504867315
14174,0.04225177504867315
14175,0.04225177504867315
14176,0.04225177504867315
14177,0.04225177504867315
14178,0.04225177504867315
14179,0.04225177504867315
14180,0.04225177504867315
14181,0.04225177504867315
14182,0.04225177504867315
14183,0.04225177504867315
14184,0.04225177504867315
14185,0.04225177504867315
14186,0.04225177504867315
14187,0.04225177504867315
14188,0.04225177504867315
14189,0.04225177504867315
14190,0.04225177504867315
14191,0.04225177504867315
14192,0.04225177504867315
14193,0.04225177504867315
14194,0.04225177504867315
14195,0.04225177504867315
14196,0.04225177504867315
14197,0.04225177504867315
14198,0.04225177504867315
14199,0.04225177504867315
14200,0.04225177504867315
14201,0.04225177504867315
14202,0.04225177504867315
14203,0.04225177504867315
14204,0.04225177504867315
14205,0.04225177504867315
14206,0.04225177504867315
14207,0.04225177504867315
14208,0.04225177504867315
14209,0.04225177504867315
14210,0.04225177504867315
14211,0.04225177504867315
14212,0.04225177504867315
14213,0.04225177504867315
14214,0.04225177504867315
14215,0.04225177504867315
14216,0.04225177504867315
14217,0.04225177504867315
14218,0.04225177504867315
14219,0.04225177504867315
14220,0.04225177504867315
14221,0.04225177504867315
14222,0.04225177504867315
14223,0.04225177504867315
14224,0.04225177504867315
14225,0.04225177504867315
14226,0.04225177504867315
14227,0.04225177504867315
14228,0.04225177504867315
14229,0.04225177504867315
14230,0.04225177504867315
14231,0.04225177504867315
14232,0.04225177504867315
14233,0.04225177504867315
14234,0.04225177504867315
14235,0.04225177504867315
14236,0.04225177504867315
14237,0.04225177504867315
14238,0.04225177504867315
14239,0.04225177504867315
14240,0.04225177504867315
14241,0.04225177504867315
14242,0.04225177504867315
14243,0.04225177504867315
14244,0.04225177504867315
14245,0.04225177504867315
14246,0.04225177504867315
14247,0.04225177504867315
14248,0.04225177504867315
14249,0.04225177504867315
14250,0.04225177504867315
14251,0.04225177504867315
14252,0.04225177504867315
14253,0.04225177504867315
14254,0.04225177504867315
14255,0.04225177504867315
14256,0.04225177504867315
14257,0.04225177504867315
14258,0.04225177504867315
14259,0.04225177504867315
14260,0.04225177504867315
14261,0.04225177504867315
14262,0.04225177504867315
14263,0.04225177504867315
14264,0.04225177504867315
14265,0.04225177504867315
14266,0.04225177504867315
14267,0.04225177504867315
14268,0.04225177504867315
14269,0.04225177504867315
14270,0.04225177504867315
14271,0.04225177504867315
14272,0.04225177504867315
14273,0.04225177504867315
14274,0.04225177504867315
14275,0.04225177504867315
14276,0.04225177504867315
14277,0.04225177504867315
14278,0.04225177504867315
14279,0.04225177504867315
14280,0.04225177504867315
14281,0.04225177504867315
14282,0.04225177504867315
14283,0.04225177504867315
14284,0.04225177504867315
14285,0.04225177504867315
14286,0.04225177504867315
14287,0.04225177504867315
14288,0.04225177504867315
14289,0.04225177504867315
14290,0.04225177504867315
14291,0.04225177504867315
14292,0.04225177504867315
14293,0.04225177504867315
14294,0.04225177504867315
14295,0.04225177504867315
14296,0.04225177504867315
14297,0.04225177504867315
14298,0.04225177504867315
14299,0.04225177504867315
14300,0.04225177504867315
14301,0.04225177504867315
14302,0.04225177504867315
14303,0.04225177504867315
14304,0.04225177504867315
14305,0.04225177504867315
14306,0.04225177504867315
14307,0.04225177504867315
14308,0.04225177504867315
14309,0.04225177504867315
14310,0.04225177504867315
14311,0.04225177504867315
14312,0.04225177504867315
14313,0.04225177504867315
14314,0.04225177504867315
14315,0.04225177504867315
14316,0.04225177504867315
14317,0.04225177504867315
14318,0.04225177504867315
14319,0.04225177504867315
14320,0.04225177504867315
14321,0.04225177504867315
14322,0.04225177504867315
14323,0.04225177504867315
14324,0.04225177504867315
14325,0.04225177504867315
14326,0.04225177504867315
14327,0.04225177504867315
14328,0.04225177504867315
14329,0.04225177504867315
14330,0.04225177504867315
14331,0.04225177504867315
14332,0.04225177504867315
14333,0.04225177504867315
14334,0.04225177504867315
14335,0.04225177504867315
14336,0.04225177504867315
14337,0.042297471053898326
14338,0.042297471053898326
14339,0.042297471053898326
14340,0.042297471053898326
14341,0.042297471053898326
14342,0.042297471053898326
14343,0.042297471053898326
14344,0.042297471053898326
14345,0.042297471053898326
14346,0.042297471053898326
14347,0.042297471053898326
14348,0.042297471053898326
14349,0.042297471053898326
14350,0.042297471053898326
14351,0.042297471053898326
14352,0.042297471053898326
14353,0.04239091105014085
14354,0.04239091105014085
14355,0.04239091105014085
14356,0.04239091105014085
14357,0.04239091105014085
14358,0.04239091105014085
14359,0.04239091105014085
14360,0.04239091105014085
14361,0.042437503054738035
14362,0.042437503054738035
14363,0.042437503054738035
14364,0.042437503054738035
14365,0.042437503054738035
14366,0.042437503054738035
14367,0.042437503054738035
14368,0.042437503054738035
14369,0.0425288950651884
14370,0.0425288950651884
14371,0.0425288950651884
14372,0.0425288950651884
14373,0.0425288950651884
14374,0.0425288950651884
14375,0.0425288950651884
14376,0.0425288950651884
14377,0.04280383910238742
14378,0.04280383910238742
14379,0.04280383910238742
14380,0.04280383910238742
14381,0.04280383910238742
14382,0.04280383910238742
14383,0.04280383910238742
14384,0.04280383910238742
14385,0.043074943110346785
14386,0.043074943110346785
14387,0.043074943110346785
14388,0.043074943110346785
14389,0.043074943110346785
14390,0.043074943110346785
14391,0.043074943110346785
14392,0.043074943110346785
14393,0.04474675115942954
14394,0.04474675115942954
14395,0.04474675115942954
14396,0.04474675115942954
14397,0.04474675115942954
14398,0.04474675115942954
14399,0.04474675115942954
14400,0.04474675115942954
14401,0.049010688155889506
14402,0.049010688155889506
14403,0.049010688155889506
14404,0.049010688155889506
14405,0.049010688155889506
14406,0.049010688155889506
14407,0.049010688155889506
14408,0.049010688155889506
14409,0.049010688155889506
14410,0.049010688155889506
14411,0.049010688155889506
14412,0.049010688155889506
14413,0.049010688155889506
14414,0.049010688155889506
14415,0.049010688155889506
14416,0.049010688155889506
14417,0.049010688155889506
14418,0.049010688155889506
14419,0.049010688155889506
14420,0.049010688155889506
14421,0.049010688155889506
14422,0.049010688155889506
14423,0.049010688155889506
14424,0.049010688155889506
14425,0.049010688155889506
14426,0.049010688155889506
14427,0.049010688155889506
14428,0.049010688155889506
14429,0.049010688155889506
14430,0.049010688155889506
14431,0.049010688155889506
14432,0.049010688155889506
14433,0.049010688155889506
14434,0.049010688155889506
14435,0.049010688155889506
14436,0.049010688155889506
14437,0.049010688155889506
14438,0.049010688155889506
14439,0.049010688155889506
14440,0.049010688155889506
14441,0.049010688155889506
14442,0.049010688155889506
14443,0.049010688155889506
14444,0.049010688155889506
14445,0.049010688155889506
14446,0.049010688155889506
14447,0.049010688155889506
14448,0.049010688155889506
14449,0.049010688155889506
14450,0.049010688155889506
14451,0.049010688155889506
14452,0.049010688155889506
14453,0.049010688155889506
14454,0.049010688155889506
14455,0.049010688155889506
14456,0.049010688155889506
14457,0.049010688155889506
14458,0.049010688155889506
14459,0.049010688155889506
14460,0.049010688155889506
14461,0.049010688155889506
14462,0.049010688155889506
14463,0.049010688155889506
14464,0.049010688155889506
14465,0.049010688155889506
14466,0.049010688155889506
14467,0.049010688155889506
14468,0.049010688155889506
14469,0.049010688155889506
14470,0.049010688155889506
14471,0.049010688155889506
14472,0.049010688155889506
14473,0.049010688155889506
14474,0.049010688155889506
14475,0.049010688155889506
14476,0.049010688155889506
14477,0.049010688155889506
14478,0.049010688155889506
14479,0.049010688155889506
14480,0.049010688155889506
14481,0.049010688155889506
14482,0.049010688155889506
14483,0.049010688155889506
14484,0.049010688155889506
14485,0.049010688155889506
14486,0.049010688155889506
14487,0.049010688155889506
14488,0.049010688155889506
14489,0.049010688155889506
14490,0.049010688155889506
14491,0.049010688155889506
14492,0.049010688155889506
14493,0.049010688155889506
14494,0.049010688155889506
14495,0.049010688155889506
14496,0.049010688155889506
14497,0.049010688155889506
14498,0.049010688155889506
14499,0.049010688155889506
14500,0.049010688155889506
14501,0.049010688155889506
14502,0.049010688155889506
14503,0.049010688155889506
14504,0.049010688155889506
14505,0.049010688155889506
14506,0.049010688155889506
14507,0.049010688155889506
14508,0.049010688155889506
14509,0.049010688155889506
14510,0.049010688155889506
14511,0.049010688155889506
14512,0.049010688155889506
14513,0.049010688155889506
14514,0.049010688155889506
14515,0.049010688155889506
14516,0.049010688155889506
14517,0.049010688155889506
14518,0.049010688155889506
14519,0.049010688155889506
14520,0.049010688155889506
14521,0.049010688155889506
14522,0.049010688155889506
14523,0.049010688155889506
14524,0.049010688155889506
14525,0.049010688155889506
14526,0.049010688155889506
14527,0.049010688155889506
14528,0.049010688155889506
14529,0.049010688155889506
14530,0.049010688155889506
14531,0.049010688155889506
14532,0.049010688155889506
14533,0.049010688155889506
14534,0.049010688155889506
14535,0.049010688155889506
14536,0.049010688155889506
14537,0.049010688155889506
14538,0.049010688155889506
14539,0.049010688155889506
14540,0.049010688155889506
14541,0.049010688155889506
14542,0.049010688155889506
14543,0.049010688155889506
14544,0.049010688155889506
14545,0.049010688155889506
14546,0.049010688155889506
14547,0.049010688155889506
14548,0.049010688155889506
14549,0.049010688155889506
14550,0.049010688155889506
14551,0.049010688155889506
14552,0.049010688155889506
14553,0.049010688155889506
14554,0.049010688155889506
14555,0.049010688155889506
14556,0.049010688155889506
14557,0.049010688155889506
14558,0.049010688155889506
14559,0.049010688155889506
14560,0.049010688155889506
14561,0.049010688155889506
14562,0.049010688155889506
14563,0.049010688155889506
14564,0.049010688155889506
14565,0.049010688155889506
14566,0.049010688155889506
14567,0.049010688155889506
14568,0.049010688155889506
14569,0.049010688155889506
14570,0.049010688155889506
14571,0.049010688155889506
14572,0.049010688155889506
14573,0.049010688155889506
14574,0.049010688155889506
14575,0.049010688155889506
14576,0.049010688155889506
14577,0.049010688155889506
14578,0.049010688155889506
14579,0.049010688155889506
14580,0.049010688155889506
14581,0.049010688155889506
14582,0.049010688155889506
14583,0.049010688155889506
14584,0.049010688155889506
14585,0.049010688155889506
14586,0.049010688155889506
14587,0.049010688155889506
14588,0.049010688155889506
14589,0.049010688155889506
14590,0.049010688155889506
14591,0.049010688155889506
14592,0.049010688155889506
14593,0.049010688155889506
14594,0.049010688155889506
14595,0.049010688155889506
14596,0.049010688155889506
14597,0.049010688155889506
14598,0.049010688155889506
14599,0.049010688155889506
14600,0.049010688155889506
14601,0.049010688155889506
14602,0.049010688155889506
14603,0.049010688155889506
14604,0.049010688155889506
14605,0.049010688155889506
14606,0.049010688155889506
14607,0.049010688155889506
14608,0.049010688155889506
14609,0.049010688155889506
14610,0.049010688155889506
14611,0.049010688155889506
14612,0.049010688155889506
14613,0.049010688155889506
14614,0.049010688155889506
14615,0.049010688155889506
14616,0.049010688155889506
14617,0.049010688155889506
14618,0.049010688155889506
14619,0.049010688155889506
14620,0.049010688155889506
14621,0.049010688155889506
14622,0.049010688155889506
14623,0.049010688155889506
14624,0.049010688155889506
14625,0.049010688155889506
14626,0.049010688155889506
14627,0.049010688155889506
14628,0.049010688155889506
14629,0.049010688155889506
14630,0.049010688155889506
14631,0.049010688155889506
14632,0.049010688155889506
14633,0.049010688155889506
14634,0.049010688155889506
14635,0.049010688155889506
14636,0.049010688155889506
14637,0.049010688155889506
14638,0.049010688155889506
14639,0.049010688155889506
14640,0.049010688155889506
14641,0.049010688155889506
14642,0.049010688155889506
14643,0.049010688155889506
14644,0.049010688155889506
14645,0.049010688155889506
14646,0.049010688155889506
14647,0.049010688155889506
14648,0.049010688155889506
14649,0.049010688155889506
14650,0.049010688155889506
14651,0.049010688155889506
14652,0.049010688155889506
14653,0.049010688155889506
14654,0.049010688155889506
14655,0.049010688155889506
14656,0.049010688155889506
14657,0.049010688155889506
14658,0.049010688155889506
14659,0.049010688155889506
14660,0.049010688155889506
14661,0.049010688155889506
14662,0.049010688155889506
14663,0.049010688155889506
14664,0.049010688155889506
14665,0.049010688155889506
14666,0.049010688155889506
14667,0.049010688155889506
14668,0.049010688155889506
14669,0.049010688155889506
14670,0.049010688155889506
14671,0.049010688155889506
14672,0.049010688155889506
14673,0.049010688155889506
14674,0.049010688155889506
14675,0.049010688155889506
14676,0.049010688155889506
14677,0.049010688155889506
14678,0.049010688155889506
14679,0.049010688155889506
14680,0.049010688155889506
14681,0.049010688155889506
14682,0.049010688155889506
14683,0.049010688155889506
14684,0.049010688155889506
14685,0.049010688155889506
14686,0.049010688155889506
14687,0.049010688155889506
14688,0.049010688155889506
14689,0.049010688155889506
14690,0.049010688155889506
14691,0.049010688155889506
14692,0.049010688155889506
14693,0.049010688155889506
14694,0.049010688155889506
14695,0.049010688155889506
14696,0.049010688155889506
14697,0.049010688155889506
14698,0.049010688155889506
14699,0.049010688155889506
14700,0.049010688155889506
14701,0.049010688155889506
14702,0.049010688155889506
14703,0.049010688155889506
14704,0.049010688155889506
14705,0.049010688155889506
14706,0.049010688155889506
14707,0.049010688155889506
14708,0.049010688155889506
14709,0.049010688155889506
14710,0.049010688155889506
14711,0.049010688155889506
14712,0.049010688155889506
14713,0.049010688155889506
14714,0.049010688155889506
14715,0.049010688155889506
14716,0.049010688155889506
14717,0.049010688155889506
14718,0.049010688155889506
14719,0.049010688155889506
14720,0.049010688155889506
14721,0.049010688155889506
14722,0.049010688155889506
14723,0.049010688155889506
14724,0.049010688155889506
14725,0.049010688155889506
14726,0.049010688155889506
14727,0.049010688155889506
14728,0.049010688155889506
14729,0.049010688155889506
14730,0.049010688155889506
14731,0.049010688155889506
14732,0.049010688155889506
14733,0.049010688155889506
14734,0.049010688155889506
14735,0.049010688155889506
14736,0.049010688155889506
14737,0.049010688155889506
14738,0.049010688155889506
14739,0.049010688155889506
14740,0.049010688155889506
14741,0.049010688155889506
14742,0.049010688155889506
14743,0.049010688155889506
14744,0.049010688155889506
14745,0.049010688155889506
14746,0.049010688155889506
14747,0.049010688155889506
14748,0.049010688155889506
14749,0.049010688155889506
14750,0.049010688155889506
14751,0.049010688155889506
14752,0.049010688155889506
14753,0.049010688155889506
14754,0.049010688155889506
14755,0.049010688155889506
14756,0.049010688155889506
14757,0.049010688155889506
14758,0.049010688155889506
14759,0.049010688155889506
14760,0.049010688155889506
14761,0.049010688155889506
14762,0.049010688155889506
14763,0.049010688155889506
14764,0.049010688155889506
14765,0.049010688155889506
14766,0.049010688155889506
14767,0.049010688155889506
14768,0.049010688155889506
14769,0.049010688155889506
14770,0.049010688155889506
14771,0.049010688155889506
14772,0.049010688155889506
14773,0.049010688155889506
14774,0.049010688155889506
14775,0.049010688155889506
14776,0.049010688155889506
14777,0.049010688155889506
14778,0.049010688155889506
14779,0.049010688155889506
14780,0.049010688155889506
14781,0.049010688155889506
14782,0.049010688155889506
14783,0.049010688155889506
14784,0.049010688155889506
14785,0.049010688155889506
14786,0.049010688155889506
14787,0.049010688155889506
14788,0.049010688155889506
14789,0.049010688155889506
14790,0.049010688155889506
14791,0.049010688155889506
14792,0.049010688155889506
14793,0.049010688155889506
14794,0.049010688155889506
14795,0.049010688155889506
14796,0.049010688155889506
14797,0.049010688155889506
14798,0.049010688155889506
14799,0.049010688155889506
14800,0.049010688155889506
14801,0.049010688155889506
14802,0.049010688155889506
14803,0.049010688155889506
14804,0.049010688155889506
14805,0.049010688155889506
14806,0.049010688155889506
14807,0.049010688155889506
14808,0.049010688155889506
14809,0.049010688155889506
14810,0.049010688155889506
14811,0.049010688155889506
14812,0.049010688155889506
14813,0.049010688155889506
14814,0.049010688155889506
14815,0.049010688155889506
14816,0.049010688155889506
14817,0.049010688155889506
14818,0.049010688155889506
14819,0.049010688155889506
14820,0.049010688155889506
14821,0.049010688155889506
14822,0.049010688155889506
14823,0.049010688155889506
14824,0.049010688155889506
14825,0.049010688155889506
14826,0.049010688155889506
14827,0.049010688155889506
14828,0.049010688155889506
14829,0.049010688155889506
14830,0.049010688155889506
14831,0.049010688155889506
14832,0.049010688155889506
14833,0.049010688155889506
14834,0.049010688155889506
14835,0.049010688155889506
14836,0.049010688155889506
14837,0.049010688155889506
14838,0.049010688155889506
14839,0.049010688155889506
14840,0.049010688155889506
14841,0.049010688155889506
14842,0.049010688155889506
14843,0.049010688155889506
14844,0.049010688155889506
14845,0.049010688155889506
14846,0.049010688155889506
14847,0.049010688155889506
14848,0.049010688155889506
14849,0.049010688155889506
14850,0.049010688155889506
14851,0.049010688155889506
14852,0.049010688155889506
14853,0.049010688155889506
14854,0.049010688155889506
14855,0.049010688155889506
14856,0.049010688155889506
14857,0.049010688155889506
14858,0.049010688155889506
14859,0.049010688155889506
14860,0.049010688155889506
14861,0.049010688155889506
14862,0.049010688155889506
14863,0.049010688155889506
14864,0.049010688155889506
14865,0.049010688155889506
14866,0.049010688155889506
14867,0.049010688155889506
14868,0.049010688155889506
14869,0.049010688155889506
14870,0.049010688155889506
14871,0.049010688155889506
14872,0.049010688155889506
14873,0.049010688155889506
14874,0.049010688155889506
14875,0.049010688155889506
14876,0.049010688155889506
14877,0.049010688155889506
14878,0.049010688155889506
14879,0.049010688155889506
14880,0.049010688155889506
14881,0.049010688155889506
14882,0.049010688155889506
14883,0.049010688155889506
14884,0.049010688155889506
14885,0.049010688155889506
14886,0.049010688155889506
14887,0.049010688155889506
14888,0.049010688155889506
14889,0.049010688155889506
14890,0.049010688155889506
14891,0.049010688155889506
14892,0.049010688155889506
14893,0.049010688155889506
14894,0.049010688155889506
14895,0.049010688155889506
14896,0.049010688155889506
14897,0.049010688155889506
14898,0.049010688155889506
14899,0.049010688155889506
14900,0.049010688155889506
14901,0.049010688155889506
14902,0.049010688155889506
14903,0.049010688155889506
14904,0.049010688155889506
14905,0.049010688155889506
14906,0.049010688155889506
14907,0.049010688155889506
14908,0.049010688155889506
14909,0.049010688155889506
14910,0.049010688155889506
14911,0.049010688155889506
14912,0.049010688155889506
14913,0.049010688155889506
14914,0.049010688155889506
14915,0.049010688155889506
14916,0.049010688155889506
14917,0.049010688155889506
14918,0.049010688155889506
14919,0.049010688155889506
14920,0.049010688155889506
14921,0.049010688155889506
14922,0.049010688155889506
14923,0.049010688155889506
14924,0.049010688155889506
14925,0.049010688155889506
14926,0.049010688155889506
14927,0.049010688155889506
14928,0.049010688155889506
14929,0.049010688155889506
14930,0.049010688155889506
14931,0.049010688155889506
14932,0.049010688155889506
14933,0.049010688155889506
14934,0.049010688155889506
14935,0.049010688155889506
14936,0.049010688155889506
14937,0.049010688155889506
14938,0.049010688155889506
14939,0.049010688155889506
14940,0.049010688155889506
14941,0.049010688155889506
14942,0.049010688155889506
14943,0.049010688155889506
14944,0.049010688155889506
14945,0.049010688155889506
14946,0.049010688155889506
14947,0.049010688155889506
14948,0.049010688155889506
14949,0.049010688155889506
14950,0.049010688155889506
14951,0.049010688155889506
14952,0.049010688155889506
14953,0.049010688155889506
14954,0.049010688155889506
14955,0.049010688155889506
14956,0.049010688155889506
14957,0.049010688155889506
14958,0.049010688155889506
14959,0.049010688155889506
14960,0.049010688155889506
14961,0.049010688155889506
14962,0.049010688155889506
14963,0.049010688155889506
14964,0.049010688155889506
14965,0.049010688155889506
14966,0.049010688155889506
14967,0.049010688155889506
14968,0.049010688155889506
14969,0.049010688155889506
14970,0.049010688155889506
14971,0.049010688155889506
14972,0.049010688155889506
14973,0.049010688155889506
14974,0.049010688155889506
14975,0.049010688155889506
14976,0.049010688155889506
14977,0.049010688155889506
14978,0.049010688155889506
14979,0.049010688155889506
14980,0.049010688155889506
14981,0.049010688155889506
14982,0.049010688155889506
14983,0.049010688155889506
14984,0.049010688155889506
14985,0.049010688155889506
14986,0.049010688155889506
14987,0.049010688155889506
14988,0.049010688155889506
14989,0.049010688155889506
14990,0.049010688155889506
14991,0.049010688155889506
14992,0.049010688155889506
14993,0.049010688155889506
14994,0.049010688155889506
14995,0.049010688155889506
14996,0.049010688155889506
14997,0.049010688155889506
14998,0.049010688155889506
14999,0.049010688155889506
15000,0.049010688155889506
15001,0.049010688155889506
15002,0.049010688155889506
15003,0.049010688155889506
15004,0.049010688155889506
15005,0.049010688155889506
15006,0.049010688155889506
15007,0.049010688155889506
15008,0.049010688155889506
15009,0.049010688155889506
15010,0.049010688155889506
15011,0.049010688155889506
15012,0.049010688155889506
15013,0.049010688155889506
15014,0.049010688155889506
15015,0.049010688155889506
15016,0.049010688155889506
15017,0.049010688155889506
15018,0.049010688155889506
15019,0.049010688155889506
15020,0.049010688155889506
15021,0.049010688155889506
15022,0.049010688155889506
15023,0.049010688155889506
15024,0.049010688155889506
15025,0.049010688155889506
15026,0.049010688155889506
15027,0.049010688155889506
15028,0.049010688155889506
15029,0.049010688155889506
15030,0.049010688155889506
15031,0.049010688155889506
15032,0.049010688155889506
15033,0.049010688155889506
15034,0.049010688155889506
15035,0.049010688155889506
15036,0.049010688155889506
15037,0.049010688155889506
15038,0.049010688155889506
15039,0.049010688155889506
15040,0.049010688155889506
15041,0.049010688155889506
15042,0.049010688155889506
15043,0.049010688155889506
15044,0.049010688155889506
15045,0.049010688155889506
15046,0.049010688155889506
15047,0.049010688155889506
15048,0.049010688155889506
15049,0.049010688155889506
15050,0.049010688155889506
15051,0.049010688155889506
15052,0.049010688155889506
15053,0.049010688155889506
15054,0.049010688155889506
15055,0.049010688155889506
15056,0.049010688155889506
15057,0.049010688155889506
15058,0.049010688155889506
15059,0.049010688155889506
15060,0.049010688155889506
15061,0.049010688155889506
15062,0.049010688155889506
15063,0.049010688155889506
15064,0.049010688155889506
15065,0.049010688155889506
15066,0.049010688155889506
15067,0.049010688155889506
15068,0.049010688155889506
15069,0.049010688155889506
15070,0.049010688155889506
15071,0.049010688155889506
15072,0.049010688155889506
15073,0.049010688155889506
15074,0.049010688155889506
15075,0.049010688155889506
15076,0.049010688155889506
15077,0.049010688155889506
15078,0.049010688155889506
15079,0.049010688155889506
15080,0.049010688155889506
15081,0.049010688155889506
15082,0.049010688155889506
15083,0.049010688155889506
15084,0.049010688155889506
15085,0.049010688155889506
15086,0.049010688155889506
15087,0.049010688155889506
15088,0.049010688155889506
15089,0.049010688155889506
15090,0.049010688155889506
15091,0.049010688155889506
15092,0.049010688155889506
15093,0.049010688155889506
15094,0.049010688155889506
15095,0.049010688155889506
15096,0.049010688155889506
15097,0.049010688155889506
15098,0.049010688155889506
15099,0.049010688155889506
15100,0.049010688155889506
15101,0.049010688155889506
15102,0.049010688155889506
15103,0.049010688155889506
15104,0.049010688155889506
15105,0.049010688155889506
15106,0.049010688155889506
15107,0.049010688155889506
15108,0.049010688155889506
15109,0.049010688155889506
15110,0.049010688155889506
15111,0.049010688155889506
15112,0.049010688155889506
15113,0.049010688155889506
15114,0.049010688155889506
15115,0.049010688155889506
15116,0.049010688155889506
15117,0.049010688155889506
15118,0.049010688155889506
15119,0.049010688155889506
15120,0.049010688155889506
15121,0.049010688155889506
15122,0.049010688155889506
15123,0.049010688155889506
15124,0.049010688155889506
15125,0.049010688155889506
15126,0.049010688155889506
15127,0.049010688155889506
15128,0.049010688155889506
15129,0.049010688155889506
15130,0.049010688155889506
15131,0.049010688155889506
15132,0.049010688155889506
15133,0.049010688155889506
15134,0.049010688155889506
15135,0.049010688155889506
15136,0.049010688155889506
15137,0.049010688155889506
15138,0.049010688155889506
15139,0.049010688155889506
15140,0.049010688155889506
15141,0.049010688155889506
15142,0.049010688155889506
15143,0.049010688155889506
15144,0.049010688155889506
15145,0.049010688155889506
15146,0.049010688155889506
15147,0.049010688155889506
15148,0.049010688155889506
15149,0.049010688155889506
15150,0.049010688155889506
15151,0.049010688155889506
15152,0.049010688155889506
15153,0.049010688155889506
15154,0.049010688155889506
15155,0.049010688155889506
15156,0.049010688155889506
15157,0.049010688155889506
15158,0.049010688155889506
15159,0.049010688155889506
15160,0.049010688155889506
15161,0.049010688155889506
15162,0.049010688155889506
15163,0.049010688155889506
15164,0.049010688155889506
15165,0.049010688155889506
15166,0.049010688155889506
15167,0.049010688155889506
15168,0.049010688155889506
15169,0.049010688155889506
15170,0.049010688155889506
15171,0.049010688155889506
15172,0.049010688155889506
15173,0.049010688155889506
15174,0.049010688155889506
15175,0.049010688155889506
15176,0.049010688155889506
15177,0.049010688155889506
15178,0.049010688155889506
15179,0.049010688155889506
15180,0.049010688155889506
15181,0.049010688155889506
15182,0.049010688155889506
15183,0.049010688155889506
15184,0.049010688155889506
15185,0.049010688155889506
15186,0.049010688155889506
15187,0.049010688155889506
15188,0.049010688155889506
15189,0.049010688155889506
15190,0.049010688155889506
15191,0.049010688155889506
15192,0.049010688155889506
15193,0.049010688155889506
15194,0.049010688155889506
15195,0.049010688155889506
15196,0.049010688155889506
15197,0.049010688155889506
15198,0.049010688155889506
15199,0.049010688155889506
15200,0.049010688155889506
15201,0.049010688155889506
15202,0.049010688155889506
15203,0.049010688155889506
15204,0.049010688155889506
15205,0.049010688155889506
15206,0.049010688155889506
15207,0.049010688155889506
15208,0.049010688155889506
15209,0.049010688155889506
15210,0.049010688155889506
15211,0.049010688155889506
15212,0.049010688155889506
15213,0.049010688155889506
15214,0.049010688155889506
15215,0.049010688155889506
15216,0.049010688155889506
15217,0.049010688155889506
15218,0.049010688155889506
15219,0.049010688155889506
15220,0.049010688155889506
15221,0.049010688155889506
15222,0.049010688155889506
15223,0.049010688155889506
15224,0.049010688155889506
15225,0.049010688155889506
15226,0.049010688155889506
15227,0.049010688155889506
15228,0.049010688155889506
15229,0.049010688155889506
15230,0.049010688155889506
15231,0.049010688155889506
15232,0.049010688155889506
15233,0.049010688155889506
15234,0.049010688155889506
15235,0.049010688155889506
15236,0.049010688155889506
15237,0.049010688155889506
15238,0.049010688155889506
15239,0.049010688155889506
15240,0.049010688155889506
15241,0.049010688155889506
15242,0.049010688155889506
15243,0.049010688155889506
15244,0.049010688155889506
15245,0.049010688155889506
15246,0.049010688155889506
15247,0.049010688155889506
15248,0.049010688155889506
15249,0.049010688155889506
15250,0.049010688155889506
15251,0.049010688155889506
15252,0.049010688155889506
15253,0.049010688155889506
15254,0.049010688155889506
15255,0.049010688155889506
15256,0.049010688155889506
15257,0.049010688155889506
15258,0.049010688155889506
15259,0.049010688155889506
15260,0.049010688155889506
15261,0.049010688155889506
15262,0.049010688155889506
15263,0.049010688155889506
15264,0.049010688155889506
15265,0.049010688155889506
15266,0.049010688155889506
15267,0.049010688155889506
15268,0.049010688155889506
15269,0.049010688155889506
15270,0.049010688155889506
15271,0.049010688155889506
15272,0.049010688155889506
15273,0.049010688155889506
15274,0.049010688155889506
15275,0.049010688155889506
15276,0.049010688155889506
15277,0.049010688155889506
15278,0.049010688155889506
15279,0.049010688155889506
15280,0.049010688155889506
15281,0.049010688155889506
15282,0.049010688155889506
15283,0.049010688155889506
15284,0.049010688155889506
15285,0.049010688155889506
15286,0.049010688155889506
15287,0.049010688155889506
15288,0.049010688155889506
15289,0.049010688155889506
15290,0.049010688155889506
15291,0.049010688155889506
15292,0.049010688155889506
15293,0.049010688155889506
15294,0.049010688155889506
15295,0.049010688155889506
15296,0.049010688155889506
15297,0.049010688155889506
15298,0.049010688155889506
15299,0.049010688155889506
15300,0.049010688155889506
15301,0.049010688155889506
15302,0.049010688155889506
15303,0.049010688155889506
15304,0.049010688155889506
15305,0.049010688155889506
15306,0.049010688155889506
15307,0.049010688155889506
15308,0.049010688155889506
15309,0.049010688155889506
15310,0.049010688155889506
15311,0.049010688155889506
15312,0.049010688155889506
15313,0.049010688155889506
15314,0.049010688155889506
15315,0.049010688155889506
15316,0.049010688155889506
15317,0.049010688155889506
15318,0.049010688155889506
15319,0.049010688155889506
15320,0.049010688155889506
15321,0.049010688155889506
15322,0.049010688155889506
15323,0.049010688155889506
15324,0.049010688155889506
15325,0.049010688155889506
15326,0.049010688155889506
15327,0.049010688155889506
15328,0.049010688155889506
15329,0.049010688155889506
15330,0.049010688155889506
15331,0.049010688155889506
15332,0.049010688155889506
15333,0.049010688155889506
15334,0.049010688155889506
15335,0.049010688155889506
15336,0.049010688155889506
15337,0.049010688155889506
15338,0.049010688155889506
15339,0.049010688155889506
15340,0.049010688155889506
15341,0.049010688155889506
15342,0.049010688155889506
15343,0.049010688155889506
15344,0.049010688155889506
15345,0.049010688155889506
15346,0.049010688155889506
15347,0.049010688155889506
15348,0.049010688155889506
15349,0.049010688155889506
15350,0.049010688155889506
15351,0.049010688155889506
15352,0.049010688155889506
15353,0.049010688155889506
15354,0.049010688155889506
15355,0.049010688155889506
15356,0.049010688155889506
15357,0.049010688155889506
15358,0.049010688155889506
15359,0.049010688155889506
15360,0.049010688155889506
15361,0.049010688155889506
15362,0.049010688155889506
15363,0.049010688155889506
15364,0.049010688155889506
15365,0.049010688155889506
15366,0.049010688155889506
15367,0.049010688155889506
15368,0.049010688155889506
15369,0.049010688155889506
15370,0.049010688155889506
15371,0.049010688155889506
15372,0.049010688155889506
15373,0.049010688155889506
15374,0.049010688155889506
15375,0.049010688155889506
15376,0.049010688155889506
15377,0.049010688155889506
15378,0.049010688155889506
15379,0.049010688155889506
15380,0.049010688155889506
15381,0.049010688155889506
15382,0.049010688155889506
15383,0.049010688155889506
15384,0.049010688155889506
15385,0.049010688155889506
15386,0.049010688155889506
15387,0.049010688155889506
15388,0.049010688155889506
15389,0.049010688155889506
15390,0.049010688155889506
15391,0.049010688155889506
15392,0.049010688155889506
15393,0.049010688155889506
15394,0.049010688155889506
15395,0.049010688155889506
15396,0.049010688155889506
15397,0.049010688155889506
15398,0.049010688155889506
15399,0.049010688155889506
15400,0.049010688155889506
15401,0.049010688155889506
15402,0.049010688155889506
15403,0.049010688155889506
15404,0.049010688155889506
15405,0.049010688155889506
15406,0.049010688155889506
15407,0.049010688155889506
15408,0.049010688155889506
15409,0.049010688155889506
15410,0.049010688155889506
15411,0.049010688155889506
15412,0.049010688155889506
15413,0.049010688155889506
15414,0.049010688155889506
15415,0.049010688155889506
15416,0.049010688155889506
15417,0.049010688155889506
15418,0.049010688155889506
15419,0.049010688155889506
15420,0.049010688155889506
15421,0.049010688155889506
15422,0.049010688155889506
15423,0.049010688155889506
15424,0.049010688155889506
15425,0.049010688155889506
15426,0.049010688155889506
15427,0.049010688155889506
15428,0.049010688155889506
15429,0.049010688155889506
15430,0.049010688155889506
15431,0.049010688155889506
15432,0.049010688155889506
15433,0.049010688155889506
15434,0.049010688155889506
15435,0.049010688155889506
15436,0.049010688155889506
15437,0.049010688155889506
15438,0.049010688155889506
15439,0.049010688155889506
15440,0.049010688155889506
15441,0.049010688155889506
15442,0.049010688155889506
15443,0.049010688155889506
15444,0.049010688155889506
15445,0.049010688155889506
15446,0.049010688155889506
15447,0.049010688155889506
15448,0.049010688155889506
15449,0.049010688155889506
15450,0.049010688155889506
15451,0.049010688155889506
15452,0.049010688155889506
15453,0.049010688155889506
15454,0.049010688155889506
15455,0.049010688155889506
15456,0.049010688155889506
15457,0.049010688155889506
15458,0.049010688155889506
15459,0.049010688155889506
15460,0.049010688155889506
15461,0.049010688155889506
15462,0.049010688155889506
15463,0.049010688155889506
15464,0.049010688155889506
15465,0.049010688155889506
15466,0.049010688155889506
15467,0.049010688155889506
15468,0.049010688155889506
15469,0.049010688155889506
15470,0.049010688155889506
15471,0.049010688155889506
15472,0.049010688155889506
15473,0.049010688155889506
15474,0.049010688155889506
15475,0.049010688155889506
15476,0.049010688155889506
15477,0.049010688155889506
15478,0.049010688155889506
15479,0.049010688155889506
15480,0.049010688155889506
15481,0.049010688155889506
15482,0.049010688155889506
15483,0.049010688155889506
15484,0.049010688155889506
15485,0.049010688155889506
15486,0.049010688155889506
15487,0.049010688155889506
15488,0.049010688155889506
15489,0.049010688155889506
15490,0.049010688155889506
15491,0.049010688155889506
15492,0.049010688155889506
15493,0.049010688155889506
15494,0.049010688155889506
15495,0.049010688155889506
15496,0.049010688155889506
15497,0.049010688155889506
15498,0.049010688155889506
15499,0.049010688155889506
15500,0.049010688155889506
15501,0.049010688155889506
15502,0.049010688155889506
15503,0.049010688155889506
15504,0.049010688155889506
15505,0.049010688155889506
15506,0.049010688155889506
15507,0.049010688155889506
15508,0.049010688155889506
15509,0.049010688155889506
15510,0.049010688155889506
15511,0.049010688155889506
15512,0.049010688155889506
15513,0.049010688155889506
15514,0.049010688155889506
15515,0.049010688155889506
15516,0.049010688155889506
15517,0.049010688155889506
15518,0.049010688155889506
15519,0.049010688155889506
15520,0.049010688155889506
15521,0.049010688155889506
15522,0.049010688155889506
15523,0.049010688155889506
15524,0.049010688155889506
15525,0.049010688155889506
15526,0.049010688155889506
15527,0.049010688155889506
15528,0.049010688155889506
15529,0.049010688155889506
15530,0.049010688155889506
15531,0.049010688155889506
15532,0.049010688155889506
15533,0.049010688155889506
15534,0.049010688155889506
15535,0.049010688155889506
15536,0.049010688155889506
15537,0.049010688155889506
15538,0.049010688155889506
15539,0.049010688155889506
15540,0.049010688155889506
15541,0.049010688155889506
15542,0.049010688155889506
15543,0.049010688155889506
15544,0.049010688155889506
15545,0.049010688155889506
15546,0.049010688155889506
15547,0.049010688155889506
15548,0.049010688155889506
15549,0.049010688155889506
15550,0.049010688155889506
15551,0.049010688155889506
15552,0.049010688155889506
15553,0.049010688155889506
15554,0.049010688155889506
15555,0.049010688155889506
15556,0.049010688155889506
15557,0.049010688155889506
15558,0.049010688155889506
15559,0.049010688155889506
15560,0.049010688155889506
15561,0.049010688155889506
15562,0.049010688155889506
15563,0.049010688155889506
15564,0.049010688155889506
15565,0.049010688155889506
15566,0.049010688155889506
15567,0.049010688155889506
15568,0.049010688155889506
15569,0.049010688155889506
15570,0.049010688155889506
15571,0.049010688155889506
15572,0.049010688155889506
15573,0.049010688155889506
15574,0.049010688155889506
15575,0.049010688155889506
15576,0.049010688155889506
15577,0.049010688155889506
15578,0.049010688155889506
15579,0.049010688155889506
15580,0.049010688155889506
15581,0.049010688155889506
15582,0.049010688155889506
15583,0.049010688155889506
15584,0.049010688155889506
15585,0.049010688155889506
15586,0.049010688155889506
15587,0.049010688155889506
15588,0.049010688155889506
15589,0.049010688155889506
15590,0.049010688155889506
15591,0.049010688155889506
15592,0.049010688155889506
15593,0.049010688155889506
15594,0.049010688155889506
15595,0.049010688155889506
15596,0.049010688155889506
15597,0.049010688155889506
15598,0.049010688155889506
15599,0.049010688155889506
15600,0.049010688155889506
15601,0.049010688155889506
15602,0.049010688155889506
15603,0.049010688155889506
15604,0.049010688155889506
15605,0.049010688155889506
15606,0.049010688155889506
15607,0.049010688155889506
15608,0.049010688155889506
15609,0.049010688155889506
15610,0.049010688155889506
15611,0.049010688155889506
15612,0.049010688155889506
15613,0.049010688155889506
15614,0.049010688155889506
15615,0.049010688155889506
15616,0.049010688155889506
15617,0.049010688155889506
15618,0.049010688155889506
15619,0.049010688155889506
15620,0.049010688155889506
15621,0.049010688155889506
15622,0.049010688155889506
15623,0.049010688155889506
15624,0.049010688155889506
15625,0.049010688155889506
15626,0.049010688155889506
15627,0.049010688155889506
15628,0.049010688155889506
15629,0.049010688155889506
15630,0.049010688155889506
15631,0.049010688155889506
15632,0.049010688155889506
15633,0.049010688155889506
15634,0.049010688155889506
15635,0.049010688155889506
15636,0.049010688155889506
15637,0.049010688155889506
15638,0.049010688155889506
15639,0.049010688155889506
15640,0.049010688155889506
15641,0.049010688155889506
15642,0.049010688155889506
15643,0.049010688155889506
15644,0.049010688155889506
15645,0.049010688155889506
15646,0.049010688155889506
15647,0.049010688155889506
15648,0.049010688155889506
15649,0.049010688155889506
15650,0.049010688155889506
15651,0.049010688155889506
15652,0.049010688155889506
15653,0.049010688155889506
15654,0.049010688155889506
15655,0.049010688155889506
15656,0.049010688155889506
15657,0.049010688155889506
15658,0.049010688155889506
15659,0.049010688155889506
15660,0.049010688155889506
15661,0.049010688155889506
15662,0.049010688155889506
15663,0.049010688155889506
15664,0.049010688155889506
15665,0.049010688155889506
15666,0.049010688155889506
15667,0.049010688155889506
15668,0.049010688155889506
15669,0.049010688155889506
15670,0.049010688155889506
15671,0.049010688155889506
15672,0.049010688155889506
15673,0.049010688155889506
15674,0.049010688155889506
15675,0.049010688155889506
15676,0.049010688155889506
15677,0.049010688155889506
15678,0.049010688155889506
15679,0.049010688155889506
15680,0.049010688155889506
15681,0.049010688155889506
15682,0.049010688155889506
15683,0.049010688155889506
15684,0.049010688155889506
15685,0.049010688155889506
15686,0.049010688155889506
15687,0.049010688155889506
15688,0.049010688155889506
15689,0.049010688155889506
15690,0.049010688155889506
15691,0.049010688155889506
15692,0.049010688155889506
15693,0.049010688155889506
15694,0.049010688155889506
15695,0.049010688155889506
15696,0.049010688155889506
15697,0.049010688155889506
15698,0.049010688155889506
15699,0.049010688155889506
15700,0.049010688155889506
15701,0.049010688155889506
15702,0.049010688155889506
15703,0.049010688155889506
15704,0.049010688155889506
15705,0.049010688155889506
15706,0.049010688155889506
15707,0.049010688155889506
15708,0.049010688155889506
15709,0.049010688155889506
15710,0.049010688155889506
15711,0.049010688155889506
15712,0.049010688155889506
15713,0.049010688155889506
15714,0.049010688155889506
15715,0.049010688155889506
15716,0.049010688155889506
15717,0.049010688155889506
15718,0.049010688155889506
15719,0.049010688155889506
15720,0.049010688155889506
15721,0.049010688155889506
15722,0.049010688155889506
15723,0.049010688155889506
15724,0.049010688155889506
15725,0.049010688155889506
15726,0.049010688155889506
15727,0.049010688155889506
15728,0.049010688155889506
15729,0.049010688155889506
15730,0.049010688155889506
15731,0.049010688155889506
15732,0.049010688155889506
15733,0.049010688155889506
15734,0.049010688155889506
15735,0.049010688155889506
15736,0.049010688155889506
15737,0.049010688155889506
15738,0.049010688155889506
15739,0.049010688155889506
15740,0.049010688155889506
15741,0.049010688155889506
15742,0.049010688155889506
15743,0.049010688155889506
15744,0.049010688155889506
15745,0.049010688155889506
15746,0.049010688155889506
15747,0.049010688155889506
15748,0.049010688155889506
15749,0.049010688155889506
15750,0.049010688155889506
15751,0.049010688155889506
15752,0.049010688155889506
15753,0.049010688155889506
15754,0.049010688155889506
15755,0.049010688155889506
15756,0.049010688155889506
15757,0.049010688155889506
15758,0.049010688155889506
15759,0.049010688155889506
15760,0.049010688155889506
15761,0.049010688155889506
15762,0.049010688155889506
15763,0.049010688155889506
15764,0.049010688155889506
15765,0.049010688155889506
15766,0.049010688155889506
15767,0.049010688155889506
15768,0.049010688155889506
15769,0.049010688155889506
15770,0.049010688155889506
15771,0.049010688155889506
15772,0.049010688155889506
15773,0.049010688155889506
15774,0.049010688155889506
15775,0.049010688155889506
15776,0.049010688155889506
15777,0.049010688155889506
15778,0.049010688155889506
15779,0.049010688155889506
15780,0.049010688155889506
15781,0.049010688155889506
15782,0.049010688155889506
15783,0.049010688155889506
15784,0.049010688155889506
15785,0.049010688155889506
15786,0.049010688155889506
15787,0.049010688155889506
15788,0.049010688155889506
15789,0.049010688155889506
15790,0.049010688155889506
15791,0.049010688155889506
15792,0.049010688155889506
15793,0.049010688155889506
15794,0.049010688155889506
15795,0.049010688155889506
15796,0.049010688155889506
15797,0.049010688155889506
15798,0.049010688155889506
15799,0.049010688155889506
15800,0.049010688155889506
15801,0.049010688155889506
15802,0.049010688155889506
15803,0.049010688155889506
15804,0.049010688155889506
15805,0.049010688155889506
15806,0.049010688155889506
15807,0.049010688155889506
15808,0.049010688155889506
15809,0.049010688155889506
15810,0.049010688155889506
15811,0.049010688155889506
15812,0.049010688155889506
15813,0.049010688155889506
15814,0.049010688155889506
15815,0.049010688155889506
15816,0.049010688155889506
15817,0.049010688155889506
15818,0.049010688155889506
15819,0.049010688155889506
15820,0.049010688155889506
15821,0.049010688155889506
15822,0.049010688155889506
15823,0.049010688155889506
15824,0.049010688155889506
15825,0.049010688155889506
15826,0.049010688155889506
15827,0.049010688155889506
15828,0.049010688155889506
15829,0.049010688155889506
15830,0.049010688155889506
15831,0.049010688155889506
15832,0.049010688155889506
15833,0.049010688155889506
15834,0.049010688155889506
15835,0.049010688155889506
15836,0.049010688155889506
15837,0.049010688155889506
15838,0.049010688155889506
15839,0.049010688155889506
15840,0.049010688155889506
15841,0.049010688155889506
15842,0.049010688155889506
15843,0.049010688155889506
15844,0.049010688155889506
15845,0.049010688155889506
15846,0.049010688155889506
15847,0.049010688155889506
15848,0.049010688155889506
15849,0.049010688155889506
15850,0.049010688155889506
15851,0.049010688155889506
15852,0.049010688155889506
15853,0.049010688155889506
15854,0.049010688155889506
15855,0.049010688155889506
15856,0.049010688155889506
15857,0.049010688155889506
15858,0.049010688155889506
15859,0.049010688155889506
15860,0.049010688155889506
15861,0.049010688155889506
15862,0.049010688155889506
15863,0.049010688155889506
15864,0.049010688155889506
15865,0.049010688155889506
15866,0.049010688155889506
15867,0.049010688155889506
15868,0.049010688155889506
15869,0.049010688155889506
15870,0.049010688155889506
15871,0.049010688155889506
15872,0.049010688155889506
15873,0.049010688155889506
15874,0.049010688155889506
15875,0.049010688155889506
15876,0.049010688155889506
15877,0.049010688155889506
15878,0.049010688155889506
15879,0.049010688155889506
15880,0.049010688155889506
15881,0.049010688155889506
15882,0.049010688155889506
15883,0.049010688155889506
15884,0.049010688155889506
15885,0.049010688155889506
15886,0.049010688155889506
15887,0.049010688155889506
15888,0.049010688155889506
15889,0.049010688155889506
15890,0.049010688155889506
15891,0.049010688155889506
15892,0.049010688155889506
15893,0.049010688155889506
15894,0.049010688155889506
15895,0.049010688155889506
15896,0.049010688155889506
15897,0.049010688155889506
15898,0.049010688155889506
15899,0.049010688155889506
15900,0.049010688155889506
15901,0.049010688155889506
15902,0.049010688155889506
15903,0.049010688155889506
15904,0.049010688155889506
15905,0.049010688155889506
15906,0.049010688155889506
15907,0.049010688155889506
15908,0.049010688155889506
15909,0.049010688155889506
15910,0.049010688155889506
15911,0.049010688155889506
15912,0.049010688155889506
15913,0.049010688155889506
15914,0.049010688155889506
15915,0.049010688155889506
15916,0.049010688155889506
15917,0.049010688155889506
15918,0.049010688155889506
15919,0.049010688155889506
15920,0.049010688155889506
15921,0.049010688155889506
15922,0.049010688155889506
15923,0.049010688155889506
15924,0.049010688155889506
15925,0.049010688155889506
15926,0.049010688155889506
15927,0.049010688155889506
15928,0.049010688155889506
15929,0.049010688155889506
15930,0.049010688155889506
15931,0.049010688155889506
15932,0.049010688155889506
15933,0.049010688155889506
15934,0.049010688155889506
15935,0.049010688155889506
15936,0.049010688155889506
15937,0.049010688155889506
15938,0.049010688155889506
15939,0.049010688155889506
15940,0.049010688155889506
15941,0.049010688155889506
15942,0.049010688155889506
15943,0.049010688155889506
15944,0.049010688155889506
15945,0.049010688155889506
15946,0.049010688155889506
15947,0.049010688155889506
15948,0.049010688155889506
15949,0.049010688155889506
15950,0.049010688155889506
15951,0.049010688155889506
15952,0.049010688155889506
15953,0.049010688155889506
15954,0.049010688155889506
15955,0.049010688155889506
15956,0.049010688155889506
15957,0.049010688155889506
15958,0.049010688155889506
15959,0.049010688155889506
15960,0.049010688155889506
15961,0.049010688155889506
15962,0.049010688155889506
15963,0.049010688155889506
15964,0.049010688155889506
15965,0.049010688155889506
15966,0.049010688155889506
15967,0.049010688155889506
15968,0.049010688155889506
15969,0.049010688155889506
15970,0.049010688155889506
15971,0.049010688155889506
15972,0.049010688155889506
15973,0.049010688155889506
15974,0.049010688155889506
15975,0.049010688155889506
15976,0.049010688155889506
15977,0.049010688155889506
15978,0.049010688155889506
15979,0.049010688155889506
15980,0.049010688155889506
15981,0.049010688155889506
15982,0.049010688155889506
15983,0.049010688155889506
15984,0.049010688155889506
15985,0.049010688155889506
15986,0.049010688155889506
15987,0.049010688155889506
15988,0.049010688155889506
15989,0.049010688155889506
15990,0.049010688155889506
15991,0.049010688155889506
15992,0.049010688155889506
15993,0.049010688155889506
15994,0.049010688155889506
15995,0.049010688155889506
15996,0.049010688155889506
15997,0.049010688155889506
15998,0.049010688155889506
15999,0.049010688155889506
16000,0.049010688155889506
16001,0.049010688155889506
16002,0.049010688155889506
16003,0.049010688155889506
16004,0.049010688155889506
16005,0.049010688155889506
16006,0.049010688155889506
16007,0.049010688155889506
16008,0.049010688155889506
16009,0.049010688155889506
16010,0.049010688155889506
16011,0.049010688155889506
16012,0.049010688155889506
16013,0.049010688155889506
16014,0.049010688155889506
16015,0.049010688155889506
16016,0.049010688155889506
16017,0.049010688155889506
16018,0.049010688155889506
16019,0.049010688155889506
16020,0.049010688155889506
16021,0.049010688155889506
16022,0.049010688155889506
16023,0.049010688155889506
16024,0.049010688155889506
16025,0.049010688155889506
16026,0.049010688155889506
16027,0.049010688155889506
16028,0.049010688155889506
16029,0.049010688155889506
16030,0.049010688155889506
16031,0.049010688155889506
16032,0.049010688155889506
16033,0.049010688155889506
16034,0.049010688155889506
16035,0.049010688155889506
16036,0.049010688155889506
16037,0.049010688155889506
16038,0.049010688155889506
16039,0.049010688155889506
16040,0.049010688155889506
16041,0.049010688155889506
16042,0.049010688155889506
16043,0.049010688155889506
16044,0.049010688155889506
16045,0.049010688155889506
16046,0.049010688155889506
16047,0.049010688155889506
16048,0.049010688155889506
16049,0.049010688155889506
16050,0.049010688155889506
16051,0.049010688155889506
16052,0.049010688155889506
16053,0.049010688155889506
16054,0.049010688155889506
16055,0.049010688155889506
16056,0.049010688155889506
16057,0.049010688155889506
16058,0.049010688155889506
16059,0.049010688155889506
16060,0.049010688155889506
16061,0.049010688155889506
16062,0.049010688155889506
16063,0.049010688155889506
16064,0.049010688155889506
16065,0.049010688155889506
16066,0.049010688155889506
16067,0.049010688155889506
16068,0.049010688155889506
16069,0.049010688155889506
16070,0.049010688155889506
16071,0.049010688155889506
16072,0.049010688155889506
16073,0.049010688155889506
16074,0.049010688155889506
16075,0.049010688155889506
16076,0.049010688155889506
16077,0.049010688155889506
16078,0.049010688155889506
16079,0.049010688155889506
16080,0.049010688155889506
16081,0.049010688155889506
16082,0.049010688155889506
16083,0.049010688155889506
16084,0.049010688155889506
16085,0.049010688155889506
16086,0.049010688155889506
16087,0.049010688155889506
16088,0.049010688155889506
16089,0.049010688155889506
16090,0.049010688155889506
16091,0.049010688155889506
16092,0.049010688155889506
16093,0.049010688155889506
16094,0.049010688155889506
16095,0.049010688155889506
16096,0.049010688155889506
16097,0.049010688155889506
16098,0.049010688155889506
16099,0.049010688155889506
16100,0.049010688155889506
16101,0.049010688155889506
16102,0.049010688155889506
16103,0.049010688155889506
16104,0.049010688155889506
16105,0.049010688155889506
16106,0.049010688155889506
16107,0.049010688155889506
16108,0.049010688155889506
16109,0.049010688155889506
16110,0.049010688155889506
16111,0.049010688155889506
16112,0.049010688155889506
16113,0.049010688155889506
16114,0.049010688155889506
16115,0.049010688155889506
16116,0.049010688155889506
16117,0.049010688155889506
16118,0.049010688155889506
16119,0.049010688155889506
16120,0.049010688155889506
16121,0.049010688155889506
16122,0.049010688155889506
16123,0.049010688155889506
16124,0.049010688155889506
16125,0.049010688155889506
16126,0.049010688155889506
16127,0.049010688155889506
16128,0.049010688155889506
16129,0.049010688155889506
16130,0.049010688155889506
16131,0.049010688155889506
16132,0.049010688155889506
16133,0.049010688155889506
16134,0.049010688155889506
16135,0.049010688155889506
16136,0.049010688155889506
16137,0.049010688155889506
16138,0.049010688155889506
16139,0.049010688155889506
16140,0.049010688155889506
16141,0.049010688155889506
16142,0.049010688155889506
16143,0.049010688155889506
16144,0.049010688155889506
16145,0.049010688155889506
16146,0.049010688155889506
16147,0.049010688155889506
16148,0.049010688155889506
16149,0.049010688155889506
16150,0.049010688155889506
16151,0.049010688155889506
16152,0.049010688155889506
16153,0.049010688155889506
16154,0.049010688155889506
16155,0.049010688155889506
16156,0.049010688155889506
16157,0.049010688155889506
16158,0.049010688155889506
16159,0.049010688155889506
16160,0.049010688155889506
16161,0.049010688155889506
16162,0.049010688155889506
16163,0.049010688155889506
16164,0.049010688155889506
16165,0.049010688155889506
16166,0.049010688155889506
16167,0.049010688155889506
16168,0.049010688155889506
16169,0.049010688155889506
16170,0.049010688155889506
16171,0.049010688155889506
16172,0.049010688155889506
16173,0.049010688155889506
16174,0.049010688155889506
16175,0.049010688155889506
16176,0.049010688155889506
16177,0.049010688155889506
16178,0.049010688155889506
16179,0.049010688155889506
16180,0.049010688155889506
16181,0.049010688155889506
16182,0.049010688155889506
16183,0.049010688155889506
16184,0.049010688155889506
16185,0.049010688155889506
16186,0.049010688155889506
16187,0.049010688155889506
16188,0.049010688155889506
16189,0.049010688155889506
16190,0.049010688155889506
16191,0.049010688155889506
16192,0.049010688155889506
16193,0.049010688155889506
16194,0.049010688155889506
16195,0.049010688155889506
16196,0.049010688155889506
16197,0.049010688155889506
16198,0.049010688155889506
16199,0.049010688155889506
16200,0.049010688155889506
16201,0.049010688155889506
16202,0.049010688155889506
16203,0.049010688155889506
16204,0.049010688155889506
16205,0.049010688155889506
16206,0.049010688155889506
16207,0.049010688155889506
16208,0.049010688155889506
16209,0.049010688155889506
16210,0.049010688155889506
16211,0.049010688155889506
16212,0.049010688155889506
16213,0.049010688155889506
16214,0.049010688155889506
16215,0.049010688155889506
16216,0.049010688155889506
16217,0.049010688155889506
16218,0.049010688155889506
16219,0.049010688155889506
16220,0.049010688155889506
16221,0.049010688155889506
16222,0.049010688155889506
16223,0.049010688155889506
16224,0.049010688155889506
16225,0.049010688155889506
16226,0.049010688155889506
16227,0.049010688155889506
16228,0.049010688155889506
16229,0.049010688155889506
16230,0.049010688155889506
16231,0.049010688155889506
16232,0.049010688155889506
16233,0.049010688155889506
16234,0.049010688155889506
16235,0.049010688155889506
16236,0.049010688155889506
16237,0.049010688155889506
16238,0.049010688155889506
16239,0.049010688155889506
16240,0.049010688155889506
16241,0.049010688155889506
16242,0.049010688155889506
16243,0.049010688155889506
16244,0.049010688155889506
16245,0.049010688155889506
16246,0.049010688155889506
16247,0.049010688155889506
16248,0.049010688155889506
16249,0.049010688155889506
16250,0.049010688155889506
16251,0.049010688155889506
16252,0.049010688155889506
16253,0.049010688155889506
16254,0.049010688155889506
16255,0.049010688155889506
16256,0.049010688155889506
16257,0.049010688155889506
16258,0.049010688155889506
16259,0.049010688155889506
16260,0.049010688155889506
16261,0.049010688155889506
16262,0.049010688155889506
16263,0.049010688155889506
16264,0.049010688155889506
16265,0.049010688155889506
16266,0.049010688155889506
16267,0.049010688155889506
16268,0.049010688155889506
16269,0.049010688155889506
16270,0.049010688155889506
16271,0.049010688155889506
16272,0.049010688155889506
16273,0.049010688155889506
16274,0.049010688155889506
16275,0.049010688155889506
16276,0.049010688155889506
16277,0.049010688155889506
16278,0.049010688155889506
16279,0.049010688155889506
16280,0.049010688155889506
16281,0.049010688155889506
16282,0.049010688155889506
16283,0.049010688155889506
16284,0.049010688155889506
16285,0.049010688155889506
16286,0.049010688155889506
16287,0.049010688155889506
16288,0.049010688155889506
16289,0.049010688155889506
16290,0.049010688155889506
16291,0.049010688155889506
16292,0.049010688155889506
16293,0.049010688155889506
16294,0.049010688155889506
16295,0.049010688155889506
16296,0.049010688155889506
16297,0.049010688155889506
16298,0.049010688155889506
16299,0.049010688155889506
16300,0.049010688155889506
16301,0.049010688155889506
16302,0.049010688155889506
16303,0.049010688155889506
16304,0.049010688155889506
16305,0.049010688155889506
16306,0.049010688155889506
16307,0.049010688155889506
16308,0.049010688155889506
16309,0.049010688155889506
16310,0.049010688155889506
16311,0.049010688155889506
16312,0.049010688155889506
16313,0.049010688155889506
16314,0.049010688155889506
16315,0.049010688155889506
16316,0.049010688155889506
16317,0.049010688155889506
16318,0.049010688155889506
16319,0.049010688155889506
16320,0.049010688155889506
16321,0.049010688155889506
16322,0.049010688155889506
16323,0.049010688155889506
16324,0.049010688155889506
16325,0.049010688155889506
16326,0.049010688155889506
16327,0.049010688155889506
16328,0.049010688155889506
16329,0.049010688155889506
16330,0.049010688155889506
16331,0.049010688155889506
16332,0.049010688155889506
16333,0.049010688155889506
16334,0.049010688155889506
16335,0.049010688155889506
16336,0.049010688155889506
16337,0.049010688155889506
16338,0.049010688155889506
16339,0.049010688155889506
16340,0.049010688155889506
16341,0.049010688155889506
16342,0.049010688155889506
16343,0.049010688155889506
16344,0.049010688155889506
16345,0.049010688155889506
16346,0.049010688155889506
16347,0.049010688155889506
16348,0.049010688155889506
16349,0.049010688155889506
16350,0.049010688155889506
16351,0.049010688155889506
16352,0.049010688155889506
16353,0.049010688155889506
16354,0.049010688155889506
16355,0.049010688155889506
16356,0.049010688155889506
16357,0.049010688155889506
16358,0.049010688155889506
16359,0.049010688155889506
16360,0.049010688155889506
16361,0.049010688155889506
16362,0.049010688155889506
16363,0.049010688155889506
16364,0.049010688155889506
16365,0.049010688155889506
16366,0.049010688155889506
16367,0.049010688155889506
16368,0.049010688155889506
16369,0.049010688155889506
16370,0.049010688155889506
16371,0.049010688155889506
16372,0.049010688155889506
16373,0.049010688155889506
16374,0.049010688155889506
16375,0.049010688155889506
16376,0.049010688155889506
16377,0.049010688155889506
16378,0.049010688155889506
16379,0.049010688155889506
16380,0.049010688155889506
16381,0.049010688155889506
16382,0.049010688155889506
16383,0.049010688155889506
16384,0.049010688155889506
