,time_stats.send_recv.min,time_stats.send_recv.max,time_stats.send_recv.mean,time_stats.send_recv.median,time_stats.send_recv.std,time_stats.send_recv.count,rank,num_workers,size,collective,devices_per_node,max_devices_per_node,profiling_precision
0,0.006119000000000028,0.006679000000003725,0.006319000000001438,0.006159000000000561,0.00025508168626441454,3,0,2,2048,send_recv,2,8,FP16
1,0.00731899999999996,0.007399000000000001,0.00735899999999999,0.007359000000000009,3.265986323712577e-05,3,0,2,10240,send_recv,2,8,FP16
2,0.007278999999999996,0.00763900000000001,0.007479000000000004,0.007519000000000006,0.00014966629547096346,3,0,2,18432,send_recv,2,8,FP16
3,0.007759000000000015,0.008239000000000033,0.007945666666666677,0.007838999999999985,0.000209973543306995,3,0,2,26624,send_recv,2,8,FP16
4,0.008718999999999994,0.008918999999999982,0.008825666666666659,0.008839,8.219218670624892e-05,3,0,2,34816,send_recv,2,8,FP16
5,0.00863900000000001,0.009039000000000044,0.008879000000000019,0.008959000000000003,0.0001728197519575525,3,0,2,43008,send_recv,2,8,FP16
6,0.009079000000000007,0.009158999999999992,0.009105666666666687,0.009079000000000064,3.7712361663261785e-05,3,0,2,51200,send_recv,2,8,FP16
7,0.009158999999999992,0.009318999999999961,0.009225666666666637,0.009198999999999955,6.798692684789445e-05,3,0,2,59392,send_recv,2,8,FP16
8,0.009278999999999997,0.009439000000000022,0.009372333333333342,0.009399000000000001,6.798692684791237e-05,3,0,2,67584,send_recv,2,8,FP16
9,0.009278999999999997,0.009319000000000017,0.009305666666666669,0.009318999999999989,1.885618083164377e-05,3,0,2,75776,send_recv,2,8,FP16
10,0.009918999999999983,0.009999000000000023,0.00994566666666668,0.00991900000000004,3.771236166328795e-05,3,0,2,83968,send_recv,2,8,FP16
11,0.009439000000000022,0.009558999999999969,0.009492333333333325,0.009478999999999986,4.988876515696531e-05,3,0,2,92160,send_recv,2,8,FP16
12,0.00995900000000006,0.010158999999999993,0.010092333333333349,0.010158999999999993,9.42809041581747e-05,3,0,2,100352,send_recv,2,8,FP16
13,0.009559000000000026,0.009678999999999974,0.00962566666666667,0.00963900000000001,4.988876515696608e-05,3,0,2,108544,send_recv,2,8,FP16
14,0.010198999999999956,0.010199000000000012,0.010198999999999974,0.010198999999999956,2.619375006920454e-17,3,0,2,116736,send_recv,2,8,FP16
15,0.010238999999999976,0.010438999999999964,0.0103323333333333,0.01031899999999996,8.219218670624882e-05,3,0,2,124928,send_recv,2,8,FP16
16,0.010199000000000069,0.010478999999999985,0.010345666666666687,0.010359000000000009,0.00011469767022720004,3,0,2,133120,send_recv,2,8,FP16
17,0.009838999999999999,0.009959000000000003,0.009905666666666662,0.009918999999999983,4.988876515698587e-05,3,0,2,141312,send_recv,2,8,FP16
18,0.010518999999999978,0.01059899999999999,0.01057233333333332,0.01059899999999999,3.7712361663288355e-05,3,0,2,149504,send_recv,2,8,FP16
19,0.010399000000000002,0.010519000000000006,0.010465666666666684,0.010479000000000042,4.988876515699081e-05,3,0,2,157696,send_recv,2,8,FP16
20,0.010118999999999972,0.010358999999999981,0.010252333333333316,0.010278999999999996,9.977753031397729e-05,3,0,2,165888,send_recv,2,8,FP16
21,0.010799000000000036,0.010839000000000055,0.010825666666666697,0.010839,1.885618083163723e-05,3,0,2,174080,send_recv,2,8,FP16
22,0.010918999999999983,0.011118999999999915,0.011025666666666628,0.011038999999999988,8.219218670622791e-05,3,0,2,182272,send_recv,2,8,FP16
23,0.011198999999999956,0.011239000000000004,0.011212333333333324,0.011199000000000013,1.885618083165072e-05,3,0,2,190464,send_recv,2,8,FP16
24,0.011079000000000007,0.011198999999999956,0.01111899999999999,0.011079000000000007,5.656854249489942e-05,3,0,2,198656,send_recv,2,8,FP16
25,0.011119,0.011278999999999997,0.011185666666666663,0.011158999999999992,6.798692684790352e-05,3,0,2,206848,send_recv,2,8,FP16
26,0.010678999999999973,0.010839,0.010772333333333328,0.010799000000000007,6.798692684791678e-05,3,0,2,215040,send_recv,2,8,FP16
27,0.010878999999999962,0.010959000000000003,0.01090566666666666,0.010879000000000019,3.771236166328876e-05,3,0,2,223232,send_recv,2,8,FP16
28,0.011519000000000005,0.011958999999999947,0.011718999999999974,0.011678999999999974,0.0001818424226264549,3,0,2,231424,send_recv,2,8,FP16
29,0.011599000000000019,0.01163900000000001,0.011625666666666661,0.011638999999999953,1.8856180831623733e-05,3,0,2,239616,send_recv,2,8,FP16
30,0.011079000000000064,0.011478999999999986,0.011265666666666682,0.011239000000000004,0.00016438437341247523,3,0,2,247808,send_recv,2,8,FP16
31,0.011798999999999978,0.011799000000000035,0.011798999999999997,0.011798999999999978,2.6985964133627383e-17,3,0,2,256000,send_recv,2,8,FP16
32,0.011718999999999995,0.011799000000000035,0.011759000000000014,0.011759000000000014,3.265986323712541e-05,3,0,2,264192,send_recv,2,8,FP16
33,0.011319000000000017,0.011478999999999986,0.011399000000000001,0.011399000000000001,6.53197264742055e-05,3,0,2,272384,send_recv,2,8,FP16
34,0.011399000000000001,0.011518999999999977,0.011452333333333314,0.011438999999999965,4.988876515697845e-05,3,0,2,280576,send_recv,2,8,FP16
35,0.012039000000000102,0.012119000000000029,0.012079333333333392,0.01208000000000004,3.2663265128993774e-05,3,0,2,288768,send_recv,2,8,FP16
36,0.012238999999999976,0.012278999999999997,0.012252333333333336,0.012239000000000033,1.885618083163764e-05,3,0,2,296960,send_recv,2,8,FP16
37,0.012239000000000005,0.012319000000000017,0.012279000000000007,0.012278999999999997,3.265986323711409e-05,3,0,2,305152,send_recv,2,8,FP16
38,0.011999000000000024,0.012238999999999976,0.01209233333333333,0.012038999999999987,0.00010498677165347464,3,0,2,313344,send_recv,2,8,FP16
39,0.012239000000000033,0.012518999999999949,0.012385666666666661,0.012399000000000002,0.00011469767022720117,3,0,2,321536,send_recv,2,8,FP16
40,0.012038999999999987,0.012199000000000012,0.01211900000000001,0.012119000000000029,6.531972647422818e-05,3,0,2,329728,send_recv,2,8,FP16
41,0.012158999999999993,0.012278999999999997,0.012212333333333334,0.012199000000000012,4.988876515698586e-05,3,0,2,337920,send_recv,2,8,FP16
42,0.012679000000000003,0.012839,0.012772333333333328,0.012798999999999979,6.798692684789967e-05,3,0,2,346112,send_recv,2,8,FP16
43,0.012839,0.012918999999999983,0.01289233333333332,0.012918999999999983,3.771236166327446e-05,3,0,2,354304,send_recv,2,8,FP16
44,0.012879000000000019,0.013119000000000028,0.012999000000000024,0.012999000000000024,9.797958971133092e-05,3,0,2,362496,send_recv,2,8,FP16
45,0.012559000000000027,0.013038999999999988,0.012798999999999998,0.012798999999999979,0.00019595917942263847,3,0,2,370688,send_recv,2,8,FP16
46,0.012718999999999994,0.012798999999999979,0.012772333333333316,0.012798999999999979,3.771236166327528e-05,3,0,2,378880,send_recv,2,8,FP16
47,0.013079000000000007,0.013119,0.013105666666666668,0.013119,1.885618083163805e-05,3,0,2,387072,send_recv,2,8,FP16
48,0.012798999999999979,0.013158999999999992,0.012958999999999984,0.012918999999999983,0.00014966629547096314,3,0,2,395264,send_recv,2,8,FP16
49,0.013678999999999974,0.013838999999999999,0.013785666666666656,0.013838999999999999,7.542472332657671e-05,3,0,2,403456,send_recv,2,8,FP16
50,0.013798999999999978,0.013959000000000003,0.01389233333333332,0.013918999999999983,6.79869268479126e-05,3,0,2,411648,send_recv,2,8,FP16
51,0.013878999999999963,0.014118999999999972,0.013972333333333304,0.013918999999999983,0.00010498677165349161,3,0,2,419840,send_recv,2,8,FP16
52,0.01395900000000006,0.014278999999999997,0.014105666666666678,0.01407899999999998,0.00013199326582146652,3,0,2,428032,send_recv,2,8,FP16
53,0.013799000000000035,0.013999000000000024,0.013905666666666682,0.013918999999999983,8.219218670624582e-05,3,0,2,436224,send_recv,2,8,FP16
54,0.013998999999999996,0.014119,0.014065666666666669,0.014079000000000008,4.9888765156988334e-05,3,0,2,444416,send_recv,2,8,FP16
55,0.013998999999999966,0.014238999999999976,0.014079333333333314,0.014,0.00011290212083432305,3,0,2,452608,send_recv,2,8,FP16
56,0.014439000000000021,0.014680000000000007,0.014532666666666671,0.014478999999999985,0.00010545246427761727,3,0,2,460800,send_recv,2,8,FP16
57,0.014360000000000013,0.014959000000000004,0.014692666666666666,0.014758999999999986,0.0002489984381923293,3,0,2,468992,send_recv,2,8,FP16
58,0.014599000000000046,0.014958999999999946,0.014799000000000015,0.014839000000000055,0.00014966629547092297,3,0,2,477184,send_recv,2,8,FP16
59,0.014839,0.014999000000000024,0.014892666666666686,0.014840000000000032,7.519012937584411e-05,3,0,2,485376,send_recv,2,8,FP16
60,0.014559000000000027,0.014878999999999991,0.014692333333333344,0.01463900000000001,0.00013597385369579353,3,0,2,493568,send_recv,2,8,FP16
61,0.014759000000000015,0.014918999999999983,0.014852333333333329,0.014878999999999991,6.798692684789003e-05,3,0,2,501760,send_recv,2,8,FP16
62,0.014958999999999946,0.015038999999999988,0.014998999999999986,0.014999000000000024,3.265986323712612e-05,3,0,2,509952,send_recv,2,8,FP16
63,0.014839000000000055,0.015158999999999992,0.015039000000000025,0.015119000000000028,0.00014236104336039462,3,0,2,518144,send_recv,2,8,FP16
64,0.015399000000000001,0.015558999999999969,0.015492333333333325,0.015519000000000005,6.798692684789365e-05,3,0,2,526336,send_recv,2,8,FP16
65,0.01559899999999999,0.01563900000000001,0.015612333333333334,0.015599000000000003,1.8856180831647857e-05,3,0,2,534528,send_recv,2,8,FP16
66,0.015519000000000005,0.015878999999999907,0.01569233333333331,0.01567900000000003,0.00014727148022912137,3,0,2,542720,send_recv,2,8,FP16
67,0.015719000000000007,0.016038999999999987,0.015905666666666665,0.015959000000000004,0.0001359738536958007,3,0,2,550912,send_recv,2,8,FP16
68,0.015759000000000016,0.015959000000000004,0.015852333333333357,0.015839000000000054,8.219218670624591e-05,3,0,2,559104,send_recv,2,8,FP16
69,0.01591900000000004,0.016079000000000006,0.015985666666666686,0.015959000000000004,6.798692684789286e-05,3,0,2,567296,send_recv,2,8,FP16
70,0.01587899999999999,0.016199000000000012,0.016079,0.016158999999999993,0.00014236104336042403,3,0,2,575488,send_recv,2,8,FP16
71,0.016039000000000043,0.016279,0.01615900000000001,0.016158999999999993,9.797958971130896e-05,3,0,2,583680,send_recv,2,8,FP16
72,0.01659899999999999,0.01687900000000002,0.01669233333333334,0.01659900000000002,0.00013199326582149576,3,0,2,591872,send_recv,2,8,FP16
73,0.016559000000000025,0.01695900000000006,0.016785666666666695,0.016839,0.00016759740119969677,3,0,2,600064,send_recv,2,8,FP16
74,0.017038999999999988,0.01711899999999997,0.01706566666666665,0.017038999999999988,3.771236166327446e-05,3,0,2,608256,send_recv,2,8,FP16
75,0.016959000000000002,0.017278999999999996,0.01717233333333333,0.017278999999999996,0.00015084944665312726,3,0,2,616448,send_recv,2,8,FP16
76,0.01659899999999999,0.016758999999999986,0.016692333333333323,0.016718999999999994,6.798692684790352e-05,3,0,2,624640,send_recv,2,8,FP16
77,0.01659899999999999,0.01691900000000001,0.016785666666666667,0.016839,0.0001359738536958161,3,0,2,632832,send_recv,2,8,FP16
78,0.01663900000000001,0.017038999999999988,0.01685233333333334,0.01687900000000002,0.00016438437341249765,3,0,2,641024,send_recv,2,8,FP16
79,0.016999000000000025,0.017079000000000007,0.017025666666666685,0.016999000000000025,3.771236166327446e-05,3,0,2,649216,send_recv,2,8,FP16
80,0.017278999999999996,0.017438999999999965,0.01737233333333332,0.017399,6.798692684789445e-05,3,0,2,657408,send_recv,2,8,FP16
81,0.01763900000000001,0.017759000000000014,0.01769266666666668,0.017680000000000008,4.980182950678089e-05,3,0,2,665600,send_recv,2,8,FP16
82,0.017679000000000004,0.01775899999999996,0.017705666666666665,0.01767900000000003,3.7712361663254826e-05,3,0,2,673792,send_recv,2,8,FP16
83,0.01767900000000003,0.017839,0.017745666666666673,0.017718999999999995,6.798692684789445e-05,3,0,2,681984,send_recv,2,8,FP16
84,0.017399,0.017479000000000043,0.017452333333333344,0.017478999999999984,3.7712361663288355e-05,3,0,2,690176,send_recv,2,8,FP16
85,0.017519000000000007,0.017679000000000087,0.017585666666666704,0.017559000000000026,6.7986926847938e-05,3,0,2,698368,send_recv,2,8,FP16
86,0.017679000000000004,0.017839,0.017745666666666663,0.017718999999999995,6.798692684790352e-05,3,0,2,706560,send_recv,2,8,FP16
87,0.01771900000000005,0.017839,0.017772333333333345,0.017758999999999987,4.988876515696932e-05,3,0,2,714752,send_recv,2,8,FP16
88,0.018399000000000002,0.018400000000000007,0.018399333333333337,0.018399000000000002,4.7140452079313866e-07,3,0,2,722944,send_recv,2,8,FP16
89,0.018478999999999985,0.018558999999999968,0.018518999999999983,0.018519000000000004,3.2659863237102046e-05,3,0,2,731136,send_recv,2,8,FP16
90,0.01835899999999998,0.018559000000000027,0.018492333333333336,0.018559,9.428090415822213e-05,3,0,2,739328,send_recv,2,8,FP16
91,0.01859899999999993,0.01879899999999998,0.018692333333333297,0.018678999999999973,8.219218670627125e-05,3,0,2,747520,send_recv,2,8,FP16
92,0.01843900000000002,0.018519000000000004,0.018479000000000023,0.01847900000000004,3.2659863237102046e-05,3,0,2,755712,send_recv,2,8,FP16
93,0.018399000000000002,0.01859900000000002,0.018479000000000006,0.018438999999999994,8.640987597878027e-05,3,0,2,763904,send_recv,2,8,FP16
94,0.018478999999999985,0.018638999999999996,0.01854566666666666,0.018519000000000004,6.798692684790624e-05,3,0,2,772096,send_recv,2,8,FP16
95,0.018679,0.01891900000000004,0.018785666666666683,0.018759000000000015,9.97775303139878e-05,3,0,2,780288,send_recv,2,8,FP16
96,0.018918999999999984,0.019519000000000005,0.019212333333333317,0.019198999999999956,0.0002451303508113456,3,0,2,788480,send_recv,2,8,FP16
97,0.019478999999999986,0.019519000000000005,0.019492333333333323,0.019478999999999986,1.8856180831650313e-05,3,0,2,796672,send_recv,2,8,FP16
98,0.01955899999999997,0.01963900000000001,0.01958566666666667,0.019559000000000028,3.7712361663288355e-05,3,0,2,804864,send_recv,2,8,FP16
99,0.019599000000000047,0.01963900000000001,0.01962566666666669,0.01963900000000001,1.8856180831624143e-05,3,0,2,813056,send_recv,2,8,FP16
100,0.01963900000000001,0.019959000000000005,0.019758999999999995,0.019678999999999974,0.00014236104336042143,3,0,2,821248,send_recv,2,8,FP16
101,0.01987899999999999,0.019959000000000005,0.019918999999999992,0.019918999999999982,3.265986323711479e-05,3,0,2,829440,send_recv,2,8,FP16
102,0.019638999999999997,0.020038999999999987,0.019892333333333335,0.019999000000000024,0.00017987650084309666,3,0,2,837632,send_recv,2,8,FP16
103,0.019879000000000018,0.020198999999999984,0.020079,0.020158999999999993,0.00014236104336040324,3,0,2,845824,send_recv,2,8,FP16
104,0.020439000000000023,0.020518999999999978,0.020479000000000008,0.020479000000000015,3.2659863237090716e-05,3,0,2,854016,send_recv,2,8,FP16
105,0.020400000000000036,0.02067900000000003,0.02055933333333337,0.020599000000000048,0.00011730397359945695,3,0,2,862208,send_recv,2,8,FP16
106,0.020718999999999994,0.020879999999999996,0.020785999999999992,0.020758999999999986,6.844462481938892e-05,3,0,2,870400,send_recv,2,8,FP16
107,0.02079900000000001,0.021198999999999957,0.020985666666666677,0.02095900000000006,0.00016438437341248114,3,0,2,878592,send_recv,2,8,FP16
108,0.020238999999999976,0.02051899999999995,0.020372333333333322,0.020359000000000037,0.00011469767022722188,3,0,2,886784,send_recv,2,8,FP16
109,0.020399,0.020559000000000025,0.020465666666666684,0.020439000000000023,6.798692684791214e-05,3,0,2,894976,send_recv,2,8,FP16
110,0.02059899999999999,0.020918999999999997,0.020718999999999998,0.02063900000000001,0.00014236104336041687,3,0,2,903168,send_recv,2,8,FP16
111,0.020399,0.020959000000000002,0.020705666666666674,0.020759000000000014,0.0002317086292931051,3,0,2,911360,send_recv,2,8,FP16
112,0.021199000000000013,0.021239000000000004,0.02121233333333336,0.02119900000000007,1.8856180831624143e-05,3,0,2,919552,send_recv,2,8,FP16
113,0.021358999999999982,0.021359000000000038,0.021359000000000017,0.021359000000000038,2.62702283343476e-17,3,0,2,927744,send_recv,2,8,FP16
114,0.021359000000000038,0.021599000000000017,0.02146566666666669,0.02143900000000002,9.977753031396431e-05,3,0,2,935936,send_recv,2,8,FP16
115,0.021478999999999984,0.02171900000000005,0.021612333333333348,0.02163900000000001,9.977753031399769e-05,3,0,2,944128,send_recv,2,8,FP16
116,0.020999000000000025,0.021158999999999994,0.021079000000000004,0.021079000000000007,6.531972647420552e-05,3,0,2,952320,send_recv,2,8,FP16
117,0.020959000000000002,0.021239000000000004,0.02113233333333334,0.021199000000000013,0.00012364824660661208,3,0,2,960512,send_recv,2,8,FP16
118,0.021198999999999985,0.021399,0.021279000000000006,0.021239000000000032,8.64098759787717e-05,3,0,2,968704,send_recv,2,8,FP16
119,0.021438999999999993,0.02175899999999996,0.021572333333333322,0.021519000000000007,0.00013597385369579026,3,0,2,976896,send_recv,2,8,FP16
120,0.021959000000000062,0.022039000000000045,0.021999000000000046,0.021999000000000025,3.2659863237102046e-05,3,0,2,985088,send_recv,2,8,FP16
121,0.022239000000000033,0.022438999999999994,0.022319000000000023,0.022279000000000052,8.640987597875029e-05,3,0,2,993280,send_recv,2,8,FP16
122,0.02231899999999996,0.02247900000000004,0.022372333333333327,0.022318999999999988,7.542472332659635e-05,3,0,2,1001472,send_recv,2,8,FP16
123,0.022319000000000016,0.02259899999999999,0.02247933333333334,0.022520000000000012,0.00011787092752478637,3,0,2,1009664,send_recv,2,8,FP16
124,0.02215899999999999,0.022238999999999978,0.022185666666666663,0.022159000000000022,3.771236166326873e-05,3,0,2,1017856,send_recv,2,8,FP16
125,0.022198999999999955,0.022319000000000075,0.02225233333333332,0.02223899999999992,4.988876515704258e-05,3,0,2,1026048,send_recv,2,8,FP16
126,0.022278999999999997,0.02259900000000002,0.022425666666666674,0.022399000000000002,0.000131993265821498,3,0,2,1034240,send_recv,2,8,FP16
127,0.022319000000000075,0.02263900000000001,0.022532333333333345,0.022638999999999954,0.0001508494466530864,3,0,2,1042432,send_recv,2,8,FP16
128,0.02247900000000004,0.022718999999999996,0.02258566666666667,0.022558999999999968,9.977753031395844e-05,3,0,2,1048576,send_recv,2,8,FP16
129,0.023559000000000028,0.023638999999999955,0.02359899999999999,0.02359899999999999,3.265986323707938e-05,3,0,2,1081344,send_recv,2,8,FP16
130,0.023599000000000047,0.02387900000000002,0.023772333333333336,0.023838999999999944,0.0001236482466065825,3,0,2,1114112,send_recv,2,8,FP16
131,0.02463900000000001,0.024798999999999977,0.024745666666666655,0.024798999999999977,7.542472332654891e-05,3,0,2,1146880,send_recv,2,8,FP16
132,0.024678999999999975,0.024798999999999977,0.024745666666666655,0.024759000000000014,4.9888765156990035e-05,3,0,2,1179648,send_recv,2,8,FP16
133,0.025478999999999984,0.02563900000000001,0.025572333333333325,0.02559899999999999,6.79869268479126e-05,3,0,2,1212416,send_recv,2,8,FP16
134,0.02499899999999991,0.025479000000000043,0.025225666666666657,0.025199000000000013,0.0001968643074698311,3,0,2,1245184,send_recv,2,8,FP16
135,0.026119,0.026198999999999955,0.02614566666666666,0.026119000000000028,3.7712361663254826e-05,3,0,2,1277952,send_recv,2,8,FP16
136,0.026278999999999997,0.026438999999999994,0.02637233333333333,0.026399000000000002,6.798692684790352e-05,3,0,2,1310720,send_recv,2,8,FP16
137,0.026998999999999912,0.027400000000000008,0.027145999999999965,0.027038999999999987,0.0001803459638214217,3,0,2,1343488,send_recv,2,8,FP16
138,0.027439000000000078,0.027759000000000016,0.02759900000000003,0.02759899999999999,0.00013063945294841103,3,0,2,1376256,send_recv,2,8,FP16
139,0.028438999999999964,0.02851899999999998,0.028478999999999994,0.028479000000000042,3.265986323711479e-05,3,0,2,1409024,send_recv,2,8,FP16
140,0.028399,0.028479000000000042,0.028425666666666682,0.028399,3.771236166330226e-05,3,0,2,1441792,send_recv,2,8,FP16
141,0.028918999999999983,0.02919900000000007,0.029065666666666684,0.029079000000000008,0.0001146976702272692,3,0,2,1474560,send_recv,2,8,FP16
142,0.02887900000000002,0.029199000000000013,0.029065666666666667,0.02911899999999997,0.00013597385369579934,3,0,2,1507328,send_recv,2,8,FP16
143,0.029918999999999984,0.03003899999999999,0.029972333333333306,0.029958999999999947,4.988876515699158e-05,3,0,2,1540096,send_recv,2,8,FP16
144,0.03003899999999999,0.030239000000000033,0.03014566666666668,0.030159000000000023,8.219218670627143e-05,3,0,2,1572864,send_recv,2,8,FP16
145,0.030718999999999937,0.030839,0.030785666666666645,0.030799000000000007,4.988876515701383e-05,3,0,2,1605632,send_recv,2,8,FP16
146,0.030999000000000023,0.031278999999999994,0.031105666666666667,0.031038999999999987,0.00012364824660660248,3,0,2,1638400,send_recv,2,8,FP16
147,0.03203899999999999,0.03219900000000001,0.03211900000000001,0.03211900000000003,6.531972647422675e-05,3,0,2,1671168,send_recv,2,8,FP16
148,0.031759000000000016,0.03215899999999999,0.0319856666666667,0.0320390000000001,0.0001675974011996882,3,0,2,1703936,send_recv,2,8,FP16
149,0.03227900000000005,0.032878999999999964,0.03257233333333335,0.032559000000000025,0.00024513035081130067,3,0,2,1736704,send_recv,2,8,FP16
150,0.03247900000000004,0.032959,0.03269233333333335,0.03263900000000001,0.00019955506062792862,3,0,2,1769472,send_recv,2,8,FP16
151,0.03359899999999999,0.03383900000000006,0.03371900000000002,0.03371899999999999,9.79795897113543e-05,3,0,2,1802240,send_recv,2,8,FP16
152,0.03379899999999998,0.034158999999999995,0.033945666666666666,0.03387900000000002,0.00015434449203720351,3,0,2,1835008,send_recv,2,8,FP16
153,0.034679,0.03483900000000006,0.03473233333333338,0.034679000000000085,7.54247233265718e-05,3,0,2,1867776,send_recv,2,8,FP16
154,0.03511900000000003,0.035279,0.035172333333333354,0.03511900000000003,7.542472332654891e-05,3,0,2,1900544,send_recv,2,8,FP16
155,0.0357589999999999,0.03599899999999997,0.03591899999999993,0.03599899999999991,0.00011313708498986589,3,0,2,1933312,send_recv,2,8,FP16
156,0.03587900000000002,0.03591900000000004,0.035892666666666684,0.035879999999999995,1.86249533929471e-05,3,0,2,1966080,send_recv,2,8,FP16
157,0.036399,0.03671900000000005,0.03654566666666669,0.03651900000000004,0.00013199326582150802,3,0,2,1998848,send_recv,2,8,FP16
158,0.03635900000000004,0.036559,0.03643900000000002,0.036399,8.640987597876045e-05,3,0,2,2031616,send_recv,2,8,FP16
159,0.037399,0.037439000000000076,0.0374256666666667,0.03743900000000002,1.8856180831663395e-05,3,0,2,2064384,send_recv,2,8,FP16
160,0.037558999999999995,0.037718999999999996,0.03762566666666664,0.03759899999999993,6.798692684791237e-05,3,0,2,2097152,send_recv,2,8,FP16
161,0.038238999999999974,0.03843900000000002,0.038319,0.038279,8.640987597878936e-05,3,0,2,2129920,send_recv,2,8,FP16
162,0.038519000000000005,0.038959,0.038799,0.038918999999999995,0.00019866219234334823,3,0,2,2162688,send_recv,2,8,FP16
163,0.03935900000000004,0.03975900000000002,0.03961233333333337,0.03971900000000005,0.00017987650084309016,3,0,2,2195456,send_recv,2,8,FP16
164,0.03931900000000002,0.039519000000000006,0.03941233333333335,0.039399,8.219218670624742e-05,3,0,2,2228224,send_recv,2,8,FP16
165,0.04035900000000004,0.04043899999999997,0.040399000000000004,0.040399000000000004,3.265986323707938e-05,3,0,2,2260992,send_recv,2,8,FP16
166,0.04019899999999996,0.04035899999999998,0.04030566666666662,0.04035899999999992,7.542472332656199e-05,3,0,2,2293760,send_recv,2,8,FP16
167,0.04091899999999998,0.04119899999999996,0.04107899999999995,0.04111899999999991,0.00011775681155102137,3,0,2,2326528,send_recv,2,8,FP16
168,0.041319000000000015,0.041559000000000026,0.04139900000000004,0.04131900000000008,0.00011313708498983808,3,0,2,2359296,send_recv,2,8,FP16
169,0.042039000000000014,0.042199000000000014,0.042092333333333364,0.04203900000000004,7.542472332655873e-05,3,0,2,2392064,send_recv,2,8,FP16
170,0.04251900000000001,0.04263900000000001,0.042559000000000013,0.042519000000000036,5.656854249491823e-05,3,0,2,2424832,send_recv,2,8,FP16
171,0.043000000000000003,0.04327999999999997,0.04318633333333333,0.043279,0.00013175819603432597,3,0,2,2457600,send_recv,2,8,FP16
172,0.04307899999999995,0.04351900000000001,0.043318999999999996,0.043359000000000036,0.00018184242262650577,3,0,2,2490368,send_recv,2,8,FP16
173,0.04383999999999992,0.044198999999999954,0.044025999999999954,0.04403899999999999,0.00014684912892717834,3,0,2,2523136,send_recv,2,8,FP16
174,0.04384000000000003,0.04431899999999996,0.04413266666666663,0.04423899999999992,0.0002095078890054951,3,0,2,2555904,send_recv,2,8,FP16
175,0.04467900000000009,0.04503899999999999,0.04489233333333334,0.04495899999999995,0.00015434449203715237,3,0,2,2588672,send_recv,2,8,FP16
176,0.04487900000000002,0.045399,0.04509233333333334,0.04499899999999997,0.00022231109334043864,3,0,2,2621440,send_recv,2,8,FP16
177,0.04591899999999998,0.04611900000000003,0.04605233333333333,0.04611899999999997,9.428090415821558e-05,3,0,2,2654208,send_recv,2,8,FP16
178,0.04619900000000001,0.046399,0.046305666666666696,0.046319000000000075,8.219218670625343e-05,3,0,2,2686976,send_recv,2,8,FP16
179,0.047,0.04724000000000001,0.047133333333333326,0.047159999999999966,9.977753031397264e-05,3,0,2,2719744,send_recv,2,8,FP16
180,0.046958999999999945,0.04695900000000006,0.046959,0.046959,4.82407022074504e-17,3,0,2,2752512,send_recv,2,8,FP16
181,0.047679000000000006,0.04787900000000002,0.04779900000000003,0.047839000000000055,8.640987597878294e-05,3,0,2,2785280,send_recv,2,8,FP16
182,0.04747900000000004,0.04788,0.04769266666666668,0.047719,0.00016476312964034987,3,0,2,2818048,send_recv,2,8,FP16
183,0.04835900000000001,0.04863900000000001,0.04853233333333335,0.048599000000000045,0.0001236482466066138,3,0,2,2850816,send_recv,2,8,FP16
184,0.04851900000000001,0.04879899999999998,0.04869233333333334,0.04875900000000002,0.0001236482466066041,3,0,2,2883584,send_recv,2,8,FP16
185,0.04963900000000001,0.04979900000000001,0.049732333333333344,0.04975900000000002,6.79869268479051e-05,3,0,2,2916352,send_recv,2,8,FP16
186,0.04995900000000006,0.050120000000000005,0.05003933333333335,0.050038999999999986,6.572839738057919e-05,3,0,2,2949120,send_recv,2,8,FP16
187,0.050918999999999985,0.051158999999999996,0.05102566666666667,0.050999000000000023,9.977753031397327e-05,3,0,2,2981888,send_recv,2,8,FP16
188,0.050359000000000036,0.05079900000000001,0.0506256666666667,0.05071900000000005,0.00019136933459209228,3,0,2,3014656,send_recv,2,8,FP16
189,0.051438999999999964,0.05163900000000001,0.051532333333333326,0.05151900000000001,8.219218670627106e-05,3,0,2,3047424,send_recv,2,8,FP16
190,0.051279,0.05135899999999998,0.05133233333333332,0.05135899999999998,3.771236166327446e-05,3,0,2,3080192,send_recv,2,8,FP16
191,0.052399,0.05256000000000006,0.05249266666666669,0.052519,6.831463158717523e-05,3,0,2,3112960,send_recv,2,8,FP16
192,0.05239999999999998,0.05255900000000003,0.05247933333333333,0.052478999999999984,6.491190611558178e-05,3,0,2,3145728,send_recv,2,8,FP16
193,0.05335900000000001,0.053598999999999994,0.05347900000000002,0.05347900000000004,9.797958971132031e-05,3,0,2,3178496,send_recv,2,8,FP16
194,0.05363900000000001,0.05379899999999998,0.0537056666666667,0.05367900000000009,6.798692684787835e-05,3,0,2,3211264,send_recv,2,8,FP16
195,0.05415900000000011,0.054478999999999986,0.05435900000000002,0.05443899999999997,0.00014236104336035578,3,0,2,3244032,send_recv,2,8,FP16
196,0.054078999999999953,0.054198999999999956,0.05414566666666665,0.05415900000000005,4.9888765156994975e-05,3,0,2,3276800,send_recv,2,8,FP16
197,0.055079000000000065,0.055358999999999985,0.055212333333333335,0.055198999999999956,0.0001146976702272048,3,0,2,3309568,send_recv,2,8,FP16
198,0.055078999999999954,0.055278999999999995,0.05515899999999998,0.055118999999999974,8.640987597878722e-05,3,0,2,3342336,send_recv,2,8,FP16
199,0.05599899999999999,0.056159000000000105,0.056092333333333355,0.056118999999999974,6.798692684793776e-05,3,0,2,3375104,send_recv,2,8,FP16
200,0.056238999999999977,0.05647900000000004,0.05633233333333334,0.056278999999999996,0.00010498677165351856,3,0,2,3407872,send_recv,2,8,FP16
201,0.056918999999999983,0.05707899999999995,0.05697233333333331,0.056918999999999983,7.542472332654891e-05,3,0,2,3440640,send_recv,2,8,FP16
202,0.057199000000000014,0.05751900000000001,0.05733233333333334,0.057279,0.00013597385369580703,3,0,2,3473408,send_recv,2,8,FP16
203,0.05831899999999996,0.05843899999999996,0.05835899999999996,0.05831899999999996,5.656854249492477e-05,3,0,2,3506176,send_recv,2,8,FP16
204,0.057959000000000004,0.05843899999999996,0.058185666666666656,0.058158999999999995,0.00019686430746976175,3,0,2,3538944,send_recv,2,8,FP16
205,0.05895899999999983,0.059158999999999996,0.05906566666666661,0.059079000000000007,8.219218670632508e-05,3,0,2,3571712,send_recv,2,8,FP16
206,0.058839,0.05907899999999995,0.05895899999999996,0.05895899999999995,9.797958971130613e-05,3,0,2,3604480,send_recv,2,8,FP16
207,0.059759000000000013,0.05979899999999998,0.05978566666666666,0.05979899999999998,1.8856180831624143e-05,3,0,2,3637248,send_recv,2,8,FP16
208,0.05991999999999996,0.06007899999999995,0.059999333333333314,0.059999000000000025,6.491190611555897e-05,3,0,2,3670016,send_recv,2,8,FP16
209,0.060678999999999976,0.06087900000000002,0.06077233333333334,0.060759000000000014,8.219218670627143e-05,3,0,2,3702784,send_recv,2,8,FP16
210,0.06115899999999999,0.061399,0.061238999999999995,0.06115899999999999,0.0001131370849898528,3,0,2,3735552,send_recv,2,8,FP16
211,0.061799000000000034,0.061958999999999945,0.06189233333333333,0.06191899999999998,6.798692684786747e-05,3,0,2,3768320,send_recv,2,8,FP16
212,0.06159899999999993,0.062079000000000065,0.06182566666666666,0.06179899999999998,0.00019686430746983363,3,0,2,3801088,send_recv,2,8,FP16
213,0.06235900000000004,0.06275900000000001,0.06257233333333337,0.06259900000000004,0.00016438437341249483,3,0,2,3833856,send_recv,2,8,FP16
214,0.06239900000000006,0.06279900000000009,0.0626256666666667,0.06267899999999997,0.00016759740119968894,3,0,2,3866624,send_recv,2,8,FP16
215,0.063399,0.06344000000000005,0.063426,0.06343899999999997,1.909624744987675e-05,3,0,2,3899392,send_recv,2,8,FP16
216,0.063399,0.06403899999999998,0.06371899999999997,0.06371899999999994,0.00026127890589686733,3,0,2,3932160,send_recv,2,8,FP16
217,0.06443900000000008,0.06455899999999996,0.06449233333333336,0.06447900000000004,4.988876515693811e-05,3,0,2,3964928,send_recv,2,8,FP16
218,0.06467900000000008,0.06479899999999998,0.06475900000000001,0.06479899999999998,5.65685424948757e-05,3,0,2,3997696,send_recv,2,8,FP16
219,0.06555899999999999,0.06584000000000004,0.06565266666666668,0.065559,0.0001324646703422979,3,0,2,4030464,send_recv,2,8,FP16
220,0.06563899999999996,0.06575900000000001,0.06570566666666668,0.06571900000000006,4.988876515701229e-05,3,0,2,4063232,send_recv,2,8,FP16
221,0.066279,0.06643900000000003,0.06635900000000002,0.06635900000000004,6.531972647422675e-05,3,0,2,4096000,send_recv,2,8,FP16
222,0.06635900000000002,0.066439,0.066399,0.066399,3.2659863237102046e-05,3,0,2,4128768,send_recv,2,8,FP16
223,0.06711900000000003,0.06727899999999999,0.06719900000000002,0.06719900000000006,6.531972647420409e-05,3,0,2,4161536,send_recv,2,8,FP16
224,0.06723900000000003,0.06751900000000001,0.0674123333333333,0.06747899999999982,0.00012364824660656294,3,0,2,4194304,send_recv,2,8,FP16
225,0.06875900000000001,0.06923899999999993,0.06902566666666664,0.06907899999999995,0.00019955506062790574,3,0,2,4227072,send_recv,2,8,FP16
226,0.06915899999999987,0.06943899999999996,0.06930566666666661,0.06931900000000002,0.0001146976702272739,3,0,2,4259840,send_recv,2,8,FP16
227,0.07003899999999999,0.07039899999999989,0.0702123333333333,0.07019900000000001,0.00014727148022912145,3,0,2,4292608,send_recv,2,8,FP16
228,0.06995900000000001,0.07015900000000003,0.07005233333333334,0.07003899999999999,8.219218670626243e-05,3,0,2,4325376,send_recv,2,8,FP16
229,0.07067900000000009,0.07083899999999994,0.07075899999999997,0.0707589999999999,6.531972647415876e-05,3,0,2,4358144,send_recv,2,8,FP16
230,0.07107900000000007,0.07143899999999996,0.07121233333333336,0.07111900000000003,0.00016110727964788356,3,0,2,4390912,send_recv,2,8,FP16
231,0.07179899999999997,0.07223900000000004,0.07202566666666667,0.07203899999999999,0.00017987650084312016,3,0,2,4423680,send_recv,2,8,FP16
232,0.0717990000000001,0.07215900000000006,0.07199900000000006,0.07203900000000002,0.00014966629547093547,3,0,2,4456448,send_recv,2,8,FP16
233,0.07247899999999999,0.07323900000000004,0.07289233333333335,0.07295900000000001,0.000313829394558416,3,0,2,4489216,send_recv,2,8,FP16
234,0.0732389999999998,0.07323900000000004,0.07323899999999994,0.07323899999999997,9.910722837601153e-17,3,0,2,4521984,send_recv,2,8,FP16
235,0.07399899999999997,0.074519,0.07425266666666668,0.07424000000000001,0.00021247797271457241,3,0,2,4554752,send_recv,2,8,FP16
236,0.07391899999999998,0.07415899999999999,0.07401233333333333,0.07395900000000001,0.0001049867716534883,3,0,2,4587520,send_recv,2,8,FP16
237,0.07455900000000003,0.07495900000000007,0.07471900000000004,0.07463900000000001,0.00017281975195756373,3,0,2,4620288,send_recv,2,8,FP16
238,0.07463900000000001,0.075039,0.07479899999999999,0.07471899999999997,0.00017281975195754232,3,0,2,4653056,send_recv,2,8,FP16
239,0.07555899999999997,0.07607899999999995,0.07582566666666667,0.07583900000000003,0.00021249836600678248,3,0,2,4685824,send_recv,2,8,FP16
240,0.07563999999999999,0.07623900000000003,0.07595933333333334,0.07599900000000001,0.0002461440409372077,3,0,2,4718592,send_recv,2,8,FP16
241,0.07663900000000001,0.07671900000000005,0.07667899999999998,0.07667899999999986,3.265986323712471e-05,3,0,2,4751360,send_recv,2,8,FP16
242,0.07671900000000005,0.07719899999999996,0.07689233333333334,0.07675900000000002,0.00021746008573729874,3,0,2,4784128,send_recv,2,8,FP16
243,0.07739900000000001,0.07823900000000003,0.07777233333333335,0.07767899999999997,0.0003492213560989142,3,0,2,4816896,send_recv,2,8,FP16
244,0.07791899999999988,0.07811900000000004,0.07798566666666663,0.07791899999999999,9.428090415825483e-05,3,0,2,4849664,send_recv,2,8,FP16
245,0.078399,0.07859900000000004,0.07849233333333334,0.07847900000000002,8.219218670627219e-05,3,0,2,4882432,send_recv,2,8,FP16
246,0.078519,0.0786389999999999,0.0785723333333333,0.07855899999999998,4.9888765156943055e-05,3,0,2,4915200,send_recv,2,8,FP16
247,0.079159,0.07959899999999993,0.07942566666666664,0.079519,0.0001913693345920818,3,0,2,4947968,send_recv,2,8,FP16
248,0.07936000000000012,0.07959899999999993,0.07945266666666669,0.079399,0.00010469107995530533,3,0,2,4980736,send_recv,2,8,FP16
249,0.08011900000000002,0.08051900000000001,0.08027900000000002,0.08019900000000002,0.0001728197519575359,3,0,2,5013504,send_recv,2,8,FP16
250,0.08063900000000002,0.080719,0.080679,0.08067899999999997,3.2659863237102046e-05,3,0,2,5046272,send_recv,2,8,FP16
251,0.081279,0.08147899999999998,0.081359,0.08131900000000002,8.640987597875938e-05,3,0,2,5079040,send_recv,2,8,FP16
252,0.08111900000000002,0.08147899999999998,0.08125233333333333,0.081159,0.0001611072796479134,3,0,2,5111808,send_recv,2,8,FP16
253,0.0817990000000002,0.08224000000000001,0.08195933333333343,0.08183900000000005,0.00019913200535205536,3,0,2,5144576,send_recv,2,8,FP16
254,0.08163900000000002,0.08215900000000002,0.08186566666666668,0.08179899999999998,0.000217460085737341,3,0,2,5177344,send_recv,2,8,FP16
255,0.08247899999999982,0.08327899999999999,0.0828389999999999,0.0827589999999999,0.00033146141052423225,3,0,2,5210112,send_recv,2,8,FP16
256,0.08267899999999986,0.08319900000000001,0.08293233333333329,0.08291899999999998,0.0002124983660068481,3,0,2,5242880,send_recv,2,8,FP16
257,0.08343900000000003,0.0839190000000001,0.08361233333333339,0.08347899999999998,0.00021746008573737986,3,0,2,5275648,send_recv,2,8,FP16
258,0.08379899999999998,0.08419900000000007,0.08397266666666665,0.08391999999999997,0.0001674919566891747,3,0,2,5308416,send_recv,2,8,FP16
259,0.084399,0.08483900000000016,0.08466566666666674,0.08475900000000001,0.00019136933459214882,3,0,2,5341184,send_recv,2,8,FP16
260,0.0847990000000001,0.08487900000000002,0.08485233333333336,0.08487899999999997,3.77123616632352e-05,3,0,2,5373952,send_recv,2,8,FP16
261,0.08531899999999999,0.085599,0.08546566666666666,0.08547899999999999,0.00011469767022723573,3,0,2,5406720,send_recv,2,8,FP16
262,0.08523899999999993,0.08599899999999996,0.0855723333333333,0.08547900000000004,0.0003172100600898811,3,0,2,5439488,send_recv,2,8,FP16
263,0.08611899999999992,0.08623900000000004,0.08619899999999996,0.08623899999999993,5.656854249495421e-05,3,0,2,5472256,send_recv,2,8,FP16
264,0.086279,0.08643899999999985,0.08637233333333327,0.086399,6.798692684785748e-05,3,0,2,5505024,send_recv,2,8,FP16
265,0.08695900000000006,0.087159,0.08703900000000003,0.08699900000000002,8.640987597874868e-05,3,0,2,5537792,send_recv,2,8,FP16
266,0.087399,0.08783900000000006,0.08759900000000002,0.087559,0.0001818424226265012,3,0,2,5570560,send_recv,2,8,FP16
267,0.087799,0.08835899999999998,0.08802566666666667,0.087919,0.00024073960113689405,3,0,2,5603328,send_recv,2,8,FP16
268,0.08779899999999997,0.08823900000000004,0.08802566666666667,0.08803899999999999,0.00017987650084312016,3,0,2,5636096,send_recv,2,8,FP16
269,0.08887900000000003,0.08919900000000007,0.08906566666666667,0.08911899999999992,0.0001359738536958075,3,0,2,5668864,send_recv,2,8,FP16
270,0.08863900000000001,0.08907899999999995,0.08891899999999998,0.08903900000000002,0.00019866219234333752,3,0,2,5701632,send_recv,2,8,FP16
271,0.08959900000000003,0.090039,0.08985233333333337,0.0899190000000001,0.000185711843695786,3,0,2,5734400,send_recv,2,8,FP16
272,0.08959900000000005,0.08979899999999998,0.08969233333333333,0.08967899999999998,8.219218670622341e-05,3,0,2,5767168,send_recv,2,8,FP16
273,0.09047900000000005,0.09059900000000005,0.09054566666666669,0.090559,4.988876515698509e-05,3,0,2,5799936,send_recv,2,8,FP16
274,0.09075900000000002,0.09095900000000007,0.09087900000000003,0.09091899999999999,8.64098759787808e-05,3,0,2,5832704,send_recv,2,8,FP16
275,0.09167899999999997,0.09183899999999995,0.09177266666666663,0.09179999999999998,6.811917661144696e-05,3,0,2,5865472,send_recv,2,8,FP16
276,0.09159899999999999,0.09219900000000002,0.09185233333333336,0.09175900000000002,0.0002536839678725492,3,0,2,5898240,send_recv,2,8,FP16
277,0.09239900000000004,0.09311900000000004,0.09265233333333338,0.09243900000000008,0.00033038697848969373,3,0,2,5931008,send_recv,2,8,FP16
278,0.09247899999999999,0.09259900000000004,0.09253233333333334,0.092519,4.988876515700735e-05,3,0,2,5963776,send_recv,2,8,FP16
279,0.09327900000000001,0.09347900000000005,0.09339900000000001,0.093439,8.640987597877867e-05,3,0,2,5996544,send_recv,2,8,FP16
280,0.09347900000000002,0.09363900000000001,0.09354566666666668,0.093519,6.798692684790284e-05,3,0,2,6029312,send_recv,2,8,FP16
281,0.09403899999999987,0.094399,0.09419899999999996,0.09415900000000002,0.00014966629547099976,3,0,2,6062080,send_recv,2,8,FP16
282,0.09431899999999996,0.0946389999999999,0.09445233333333329,0.094399,0.00013597385369577757,3,0,2,6094848,send_recv,2,8,FP16
283,0.09499900000000003,0.09543899999999997,0.09527900000000004,0.09539900000000012,0.00019866219234335427,3,0,2,6127616,send_recv,2,8,FP16
284,0.095319,0.09543899999999997,0.0953723333333333,0.09535899999999993,4.9888765156977675e-05,3,0,2,6160384,send_recv,2,8,FP16
285,0.09588000000000012,0.096399,0.09610600000000002,0.09603899999999999,0.00021711287386975143,3,0,2,6193152,send_recv,2,8,FP16
286,0.09583899999999994,0.096399,0.09611899999999997,0.09611899999999997,0.00022861904265978798,3,0,2,6225920,send_recv,2,8,FP16
287,0.09691899999999999,0.097159,0.09701233333333335,0.09695900000000006,0.00010498677165348125,3,0,2,6258688,send_recv,2,8,FP16
288,0.097159,0.097279,0.09721233333333336,0.09719900000000008,4.9888765156982615e-05,3,0,2,6291456,send_recv,2,8,FP16
289,0.09787899999999991,0.09803899999999999,0.09795899999999998,0.09795900000000006,6.531972647424943e-05,3,0,2,6324224,send_recv,2,8,FP16
290,0.09787900000000002,0.098159,0.09802599999999999,0.09803999999999996,0.00011473738129600072,3,0,2,6356992,send_recv,2,8,FP16
291,0.09907899999999996,0.09919899999999984,0.09914566666666659,0.099159,4.9888765156948e-05,3,0,2,6389760,send_recv,2,8,FP16
292,0.09911899999999997,0.09927899999999999,0.09918566666666666,0.099159,6.798692684791009e-05,3,0,2,6422528,send_recv,2,8,FP16
293,0.09995899999999984,0.100119,0.1000656666666666,0.10011899999999992,7.542472332662088e-05,3,0,2,6455296,send_recv,2,8,FP16
294,0.09987900000000002,0.099959,0.09990566666666667,0.09987900000000002,3.771236166327446e-05,3,0,2,6488064,send_recv,2,8,FP16
295,0.100639,0.101159,0.10086566666666667,0.10079899999999999,0.00021746008573733332,3,0,2,6520832,send_recv,2,8,FP16
296,0.1007589999999999,0.101119,0.10098566666666664,0.10107900000000002,0.0001611072796479758,3,0,2,6553600,send_recv,2,8,FP16
297,0.10171899999999993,0.101839,0.10178599999999997,0.10179999999999996,4.997999599842438e-05,3,0,2,6586368,send_recv,2,8,FP16
298,0.10203899999999999,0.10215900000000006,0.10209233333333334,0.10207899999999995,4.9888765157018475e-05,3,0,2,6619136,send_recv,2,8,FP16
299,0.10279899999999997,0.10323899999999993,0.10303899999999998,0.103079,0.00018184242262646354,3,0,2,6651904,send_recv,2,8,FP16
300,0.10271899999999994,0.10307899999999995,0.1028923333333333,0.10287899999999997,0.00014727148022916793,3,0,2,6684672,send_recv,2,8,FP16
301,0.10351900000000001,0.10443899999999999,0.103879,0.10367900000000001,0.0004013311184877877,3,0,2,6717440,send_recv,2,8,FP16
302,0.10351900000000001,0.10375900000000002,0.103639,0.10363900000000001,9.797958971132879e-05,3,0,2,6750208,send_recv,2,8,FP16
303,0.10459999999999992,0.10488,0.10470666666666663,0.10463999999999998,0.00012364824660663726,3,0,2,6782976,send_recv,2,8,FP16
304,0.10459899999999993,0.10467899999999998,0.10463899999999993,0.1046389999999999,3.265986323713037e-05,3,0,2,6815744,send_recv,2,8,FP16
305,0.10547899999999999,0.10575900000000002,0.10566566666666667,0.10575900000000002,0.0001319932658215031,3,0,2,6848512,send_recv,2,8,FP16
306,0.105439,0.1059190000000001,0.10561233333333336,0.10547899999999999,0.0002174600857373807,3,0,2,6881280,send_recv,2,8,FP16
307,0.106519,0.10683899999999995,0.10669233333333333,0.10671900000000005,0.0001319932658214718,3,0,2,6914048,send_recv,2,8,FP16
308,0.10671899999999994,0.10675900000000002,0.10673233333333333,0.10671900000000005,1.8856180831653583e-05,3,0,2,6946816,send_recv,2,8,FP16
309,0.10731900000000008,0.10859899999999993,0.10779899999999994,0.10747899999999981,0.0005694441734416507,3,0,2,6979584,send_recv,2,8,FP16
310,0.10748000000000002,0.10763900000000001,0.10757266666666666,0.10759899999999999,6.752941745803305e-05,3,0,2,7012352,send_recv,2,8,FP16
311,0.10831899999999996,0.10887899999999999,0.10857233333333333,0.108519,0.00023170862929311435,3,0,2,7045120,send_recv,2,8,FP16
312,0.10823899999999981,0.10867899999999997,0.10841233333333324,0.10831899999999996,0.00019136933459214882,3,0,2,7077888,send_recv,2,8,FP16
313,0.10892000000000007,0.10943899999999997,0.10917266666666668,0.10915899999999999,0.00021210112891936926,3,0,2,7110656,send_recv,2,8,FP16
314,0.10903899999999998,0.10963900000000001,0.10927933333333335,0.10916000000000009,0.00025907570751079913,3,0,2,7143424,send_recv,2,8,FP16
315,0.110239,0.11039899999999989,0.11029233333333331,0.11023900000000003,7.542472332650312e-05,3,0,2,7176192,send_recv,2,8,FP16
316,0.110279,0.11071900000000005,0.11053233333333333,0.11059899999999993,0.0001857118436957973,3,0,2,7208960,send_recv,2,8,FP16
317,0.11123900000000003,0.11127999999999998,0.11126600000000002,0.111279,1.9096247449849617e-05,3,0,2,7241728,send_recv,2,8,FP16
318,0.11083899999999994,0.11155900000000003,0.11119933333333336,0.11120000000000005,0.0002939391471414537,3,0,2,7274496,send_recv,2,8,FP16
319,0.11195900000000003,0.11207899999999996,0.11201233333333332,0.111999,4.9888765156955415e-05,3,0,2,7307264,send_recv,2,8,FP16
320,0.11207899999999996,0.11219899999999995,0.11211899999999997,0.11207900000000001,5.6568542494908416e-05,3,0,2,7340032,send_recv,2,8,FP16
321,0.112839,0.11299899999999997,0.11290566666666667,0.11287900000000002,6.798692684789105e-05,3,0,2,7372800,send_recv,2,8,FP16
322,0.11295900000000006,0.11319900000000008,0.11307900000000004,0.11307899999999996,9.797958971133446e-05,3,0,2,7405568,send_recv,2,8,FP16
323,0.11371899999999995,0.11412000000000001,0.11394633333333332,0.114,0.00016804827348780528,3,0,2,7438336,send_recv,2,8,FP16
324,0.11387900000000002,0.11431900000000007,0.11406566666666672,0.11399900000000003,0.00018571184369581056,3,0,2,7471104,send_recv,2,8,FP16
325,0.11483900000000018,0.11503899999999999,0.11494566666666674,0.11495900000000006,8.219218670617538e-05,3,0,2,7503872,send_recv,2,8,FP16
326,0.11471900000000017,0.11503899999999999,0.11483900000000007,0.11475900000000001,0.00014236104336036229,3,0,2,7536640,send_recv,2,8,FP16
327,0.11607899999999996,0.11644000000000006,0.11630600000000006,0.11639900000000011,0.00016138360098437785,3,0,2,7569408,send_recv,2,8,FP16
328,0.11575899999999979,0.11603899999999999,0.1159456666666666,0.11603899999999999,0.00013199326582158163,3,0,2,7602176,send_recv,2,8,FP16
329,0.11651900000000001,0.11679900000000021,0.11669266666666674,0.11675999999999999,0.0001238287347733493,3,0,2,7634944,send_recv,2,8,FP16
330,0.11675900000000002,0.11720000000000005,0.11705266666666668,0.11719899999999996,0.00020765409271724023,3,0,2,7667712,send_recv,2,8,FP16
331,0.11775900000000002,0.11787999999999989,0.11779933333333331,0.11775900000000002,5.703994701565412e-05,3,0,2,7700480,send_recv,2,8,FP16
332,0.11772000000000003,0.117759,0.11773300000000002,0.11772000000000003,1.8384776310835913e-05,3,0,2,7733248,send_recv,2,8,FP16
333,0.11847900000000004,0.11883899999999994,0.11861233333333333,0.11851900000000004,0.00016110727964788201,3,0,2,7766016,send_recv,2,8,FP16
334,0.11863900000000012,0.11880000000000018,0.11870600000000009,0.11867899999999998,6.844462481943485e-05,3,0,2,7798784,send_recv,2,8,FP16
335,0.11911899999999992,0.11975900000000002,0.11939899999999996,0.11931899999999997,0.0002673325020768853,3,0,2,7831552,send_recv,2,8,FP16
336,0.11915899999999988,0.11947899999999993,0.11933233333333328,0.11935900000000003,0.0001319932658215204,3,0,2,7864320,send_recv,2,8,FP16
337,0.12035899999999992,0.120599,0.12049266666666664,0.12051999999999999,9.986769024845788e-05,3,0,2,7897088,send_recv,2,8,FP16
338,0.120519,0.12083999999999992,0.12069266666666657,0.12071899999999983,0.00013236397630099798,3,0,2,7929856,send_recv,2,8,FP16
339,0.12143899999999985,0.12179900000000009,0.12159900000000001,0.12155900000000008,0.0001496662954710418,3,0,2,7962624,send_recv,2,8,FP16
340,0.12131900000000002,0.12192000000000007,0.12167933333333336,0.12179899999999998,0.00025953847927085073,3,0,2,7995392,send_recv,2,8,FP16
341,0.12235899999999993,0.12239899999999988,0.12237233333333326,0.12235899999999998,1.885618083160779e-05,3,0,2,8028160,send_recv,2,8,FP16
342,0.1222389999999998,0.12263999999999999,0.12247933333333327,0.12255900000000003,0.0001731287253912145,3,0,2,8060928,send_recv,2,8,FP16
343,0.12311900000000003,0.12324000000000002,0.12315933333333336,0.12311900000000003,5.7039947015706455e-05,3,0,2,8093696,send_recv,2,8,FP16
344,0.1231590000000001,0.12339900000000001,0.12326566666666672,0.12323900000000003,9.97775303139368e-05,3,0,2,8126464,send_recv,2,8,FP16
345,0.12395899999999994,0.12431899999999996,0.1241323333333333,0.12411900000000003,0.00014727148022916625,3,0,2,8159232,send_recv,2,8,FP16
346,0.124279,0.12435900000000001,0.12433233333333331,0.12435899999999993,3.771236166326791e-05,3,0,2,8192000,send_recv,2,8,FP16
347,0.12495899999999995,0.12559899999999993,0.12525233333333333,0.12519900000000006,0.00026398653164296464,3,0,2,8224768,send_recv,2,8,FP16
348,0.125279,0.12571900000000005,0.125439,0.12531899999999996,0.0001986621923433841,3,0,2,8257536,send_recv,2,8,FP16
349,0.125839,0.12627999999999998,0.12601299999999996,0.12591999999999995,0.00019167159413955448,3,0,2,8290304,send_recv,2,8,FP16
350,0.126199,0.12631899999999996,0.12626566666666666,0.126279,4.988876515696902e-05,3,0,2,8323072,send_recv,2,8,FP16
351,0.1267990000000001,0.12704000000000018,0.1269060000000001,0.12687900000000002,0.0001002230844999039,3,0,2,8355840,send_recv,2,8,FP16
352,0.12667900000000004,0.12691899999999987,0.12678566666666666,0.126759,9.977753031389599e-05,3,0,2,8388608,send_recv,2,8,FP16
353,0.12907899999999994,0.129279,0.12915933333333338,0.12912000000000012,8.625672276537287e-05,3,0,2,8421376,send_recv,2,8,FP16
354,0.12895999999999994,0.129639,0.129386,0.1295590000000001,0.0003029928492005976,3,0,2,8454144,send_recv,2,8,FP16
355,0.13035900000000003,0.130519,0.13043900000000005,0.13043900000000008,6.531972647420409e-05,3,0,2,8486912,send_recv,2,8,FP16
356,0.12979900000000003,0.13035900000000014,0.13011900000000007,0.13019900000000006,0.00023551362310211975,3,0,2,8519680,send_recv,2,8,FP16
357,0.13095899999999994,0.13135899999999992,0.13118566666666662,0.13123899999999997,0.0001675974011996847,3,0,2,8552448,send_recv,2,8,FP16
358,0.13071900000000006,0.1311589999999999,0.13086566666666666,0.13071900000000006,0.00020741798914797354,3,0,2,8585216,send_recv,2,8,FP16
359,0.13171899999999995,0.132039,0.1318923333333333,0.13191899999999998,0.00013199326582150685,3,0,2,8617984,send_recv,2,8,FP16
360,0.13179899999999997,0.13223900000000002,0.131999,0.13195900000000008,0.00018184242262649306,3,0,2,8650752,send_recv,2,8,FP16
361,0.13236,0.13271899999999984,0.13255933333333328,0.132599,0.00014922093984716316,3,0,2,8683520,send_recv,2,8,FP16
362,0.1329190000000001,0.13355899999999998,0.13325233333333336,0.133279,0.00026195843605846783,3,0,2,8716288,send_recv,2,8,FP16
363,0.13383899999999996,0.13419900000000007,0.13406566666666667,0.134159,0.00016110727964796623,3,0,2,8749056,send_recv,2,8,FP16
364,0.13344000000000006,0.13399900000000003,0.13378600000000004,0.1339190000000001,0.00024682922571418964,3,0,2,8781824,send_recv,2,8,FP16
365,0.13459900000000005,0.13471900000000006,0.13467900000000008,0.13471900000000006,5.6568542494928046e-05,3,0,2,8814592,send_recv,2,8,FP16
366,0.134519,0.13487900000000003,0.13466600000000004,0.13460000000000003,0.00015420116731076553,3,0,2,8847360,send_recv,2,8,FP16
367,0.135479,0.13583899999999993,0.13567899999999997,0.135719,0.00014966629547093918,3,0,2,8880128,send_recv,2,8,FP16
368,0.1353190000000002,0.13587899999999992,0.1355323333333334,0.13539900000000013,0.00024729649321310196,3,0,2,8912896,send_recv,2,8,FP16
369,0.13635899999999992,0.13675900000000002,0.13653233333333334,0.13647900000000004,0.0001675974011997171,3,0,2,8945664,send_recv,2,8,FP16
370,0.13623999999999994,0.13699999999999996,0.1367463333333333,0.13699900000000004,0.0003580319662947798,3,0,2,8978432,send_recv,2,8,FP16
371,0.13735999999999995,0.13783899999999996,0.13767933333333326,0.13783899999999993,0.00022580276545890103,3,0,2,9011200,send_recv,2,8,FP16
372,0.137559,0.13763900000000012,0.13761233333333334,0.1376389999999999,3.771236166329408e-05,3,0,2,9043968,send_recv,2,8,FP16
373,0.138279,0.13859899999999994,0.138479,0.13855899999999996,0.00014236104336038828,3,0,2,9076736,send_recv,2,8,FP16
374,0.138399,0.13843899999999984,0.13842566666666656,0.13843899999999984,1.8856180831568537e-05,3,0,2,9109504,send_recv,2,8,FP16
375,0.139159,0.13923900000000003,0.13921233333333335,0.13923900000000003,3.771236166329408e-05,3,0,2,9142272,send_recv,2,8,FP16
376,0.139039,0.13939899999999988,0.13926566666666665,0.13935900000000004,0.000161107279647905,3,0,2,9175040,send_recv,2,8,FP16
377,0.139919,0.1406389999999999,0.14037233333333332,0.14055900000000007,0.0003222145592958482,3,0,2,9207808,send_recv,2,8,FP16
378,0.14027899999999993,0.14083900000000016,0.1405456666666667,0.140519,0.00022939534045456395,3,0,2,9240576,send_recv,2,8,FP16
379,0.14119899999999996,0.14171900000000007,0.14153266666666667,0.14168,0.00023647456992716728,3,0,2,9273344,send_recv,2,8,FP16
380,0.141399,0.14155899999999996,0.14149266666666663,0.14151999999999998,6.811917661143873e-05,3,0,2,9306112,send_recv,2,8,FP16
381,0.14179900000000004,0.14243899999999995,0.14217233333333332,0.142279,0.00027194770739158235,3,0,2,9338880,send_recv,2,8,FP16
382,0.142039,0.14235900000000015,0.14222600000000005,0.14227999999999996,0.00013610535135210136,3,0,2,9371648,send_recv,2,8,FP16
383,0.14295900000000006,0.14315999999999998,0.143066,0.14307899999999996,8.257118141333767e-05,3,0,2,9404416,send_recv,2,8,FP16
384,0.14283899999999994,0.14331900000000009,0.14311900000000002,0.14319900000000008,0.00020396078054377747,3,0,2,9437184,send_recv,2,8,FP16
385,0.14383900000000005,0.144279,0.14407899999999998,0.1441189999999999,0.00018184242262644622,3,0,2,9469952,send_recv,2,8,FP16
386,0.14383999999999997,0.14415899999999987,0.14398599999999998,0.14395900000000006,0.000131623199576115,3,0,2,9502720,send_recv,2,8,FP16
387,0.14467900000000009,0.14523900000000003,0.14487933333333333,0.1447199999999999,0.00025487295310061705,3,0,2,9535488,send_recv,2,8,FP16
388,0.14475900000000003,0.14491899999999988,0.14482566666666663,0.14479899999999998,6.798692684784296e-05,3,0,2,9568256,send_recv,2,8,FP16
389,0.14547899999999994,0.14635900000000004,0.14589233333333332,0.14583900000000005,0.0003612324582438807,3,0,2,9601024,send_recv,2,8,FP16
390,0.14563900000000002,0.14595899999999995,0.1457456666666667,0.14563900000000013,0.00015084944665307164,3,0,2,9633792,send_recv,2,8,FP16
391,0.14620000000000005,0.14675900000000003,0.14654600000000004,0.1466790000000001,0.00024682922571418964,3,0,2,9666560,send_recv,2,8,FP16
392,0.14643999999999993,0.14679900000000004,0.14661266666666664,0.14659899999999992,0.00014687939118735886,3,0,2,9699328,send_recv,2,8,FP16
393,0.14743900000000007,0.14771900000000004,0.14759933333333342,0.1476400000000001,0.00011787092752479076,3,0,2,9732096,send_recv,2,8,FP16
394,0.14759900000000004,0.14795999999999998,0.14778633333333335,0.14780000000000001,0.00014769412837194635,3,0,2,9764864,send_recv,2,8,FP16
395,0.14848000000000014,0.148919,0.14873266666666674,0.14879900000000001,0.0001852571785982903,3,0,2,9797632,send_recv,2,8,FP16
396,0.148399,0.14859899999999993,0.14847899999999994,0.14843899999999996,8.640987597874225e-05,3,0,2,9830400,send_recv,2,8,FP16
397,0.14948000000000014,0.15,0.1497330000000001,0.14971900000000005,0.00021251980299878302,3,0,2,9863168,send_recv,2,8,FP16
398,0.14931899999999995,0.149519,0.14942566666666668,0.14943900000000007,8.219218670628268e-05,3,0,2,9895936,send_recv,2,8,FP16
399,0.15031899999999995,0.150799,0.15051899999999993,0.15043899999999985,0.00020396078054374118,3,0,2,9928704,send_recv,2,8,FP16
400,0.15019899999999983,0.15075899999999995,0.15054566666666655,0.15067899999999987,0.0002472964932132586,3,0,2,9961472,send_recv,2,8,FP16
401,0.15120000000000003,0.15136000000000002,0.15126633333333336,0.15123900000000004,6.811917661144776e-05,3,0,2,9994240,send_recv,2,8,FP16
402,0.15111899999999998,0.151799,0.15137233333333336,0.15119900000000008,0.00030346151137974713,3,0,2,10027008,send_recv,2,8,FP16
403,0.15243900000000002,0.15259900000000004,0.1525456666666667,0.15259900000000004,7.542472332657508e-05,3,0,2,10059776,send_recv,2,8,FP16
404,0.15188000000000013,0.15235899999999994,0.15213266666666672,0.1521590000000001,0.00019643545731069074,3,0,2,10092544,send_recv,2,8,FP16
405,0.15267899999999987,0.15315900000000002,0.15293233333333334,0.15295900000000007,0.00019686430746984398,3,0,2,10125312,send_recv,2,8,FP16
406,0.1526790000000001,0.15335900000000005,0.15298566666666666,0.15291899999999986,0.00028158282775923827,3,0,2,10158080,send_recv,2,8,FP16
407,0.15384000000000014,0.15403900000000023,0.15391933333333344,0.15387899999999996,8.610200668722824e-05,3,0,2,10190848,send_recv,2,8,FP16
408,0.15355899999999997,0.15391900000000006,0.15371900000000005,0.1536790000000001,0.00014966629547098369,3,0,2,10223616,send_recv,2,8,FP16
409,0.15443900000000002,0.15487900000000002,0.154639,0.15459900000000004,0.00018184242262647474,3,0,2,10256384,send_recv,2,8,FP16
410,0.15471900000000005,0.15507899999999997,0.15491899999999995,0.15495899999999985,0.00014966629547090953,3,0,2,10289152,send_recv,2,8,FP16
411,0.1555200000000001,0.15591899999999997,0.15577266666666675,0.15587900000000013,0.00017940704804683178,3,0,2,10321920,send_recv,2,8,FP16
412,0.15555899999999998,0.15620000000000006,0.1559593333333334,0.15611900000000015,0.00028500331382094653,3,0,2,10354688,send_recv,2,8,FP16
413,0.15635899999999997,0.15671900000000005,0.156519,0.15647899999999998,0.0001496662954709936,3,0,2,10387456,send_recv,2,8,FP16
414,0.15631900000000018,0.15699900000000003,0.15667900000000007,0.156719,0.00027904599381935093,3,0,2,10420224,send_recv,2,8,FP16
415,0.15727999999999998,0.15795900000000002,0.157546,0.15739899999999998,0.00029604841946323084,3,0,2,10452992,send_recv,2,8,FP16
416,0.15767899999999987,0.15851900000000002,0.15799899999999997,0.157799,0.00037094473981987485,3,0,2,10485760,send_recv,2,8,FP16
417,0.15807899999999994,0.15839999999999999,0.158226,0.15819900000000006,0.00013243111416884963,3,0,2,10518528,send_recv,2,8,FP16
418,0.15851900000000002,0.158839,0.15863900000000003,0.15855900000000003,0.00014236104336040907,3,0,2,10551296,send_recv,2,8,FP16
419,0.15943899999999986,0.15975999999999999,0.15963933333333324,0.15971899999999983,0.00014264252132130078,3,0,2,10584064,send_recv,2,8,FP16
420,0.1594000000000001,0.16015900000000005,0.15970600000000004,0.15955900000000003,0.00032683023115983673,3,0,2,10616832,send_recv,2,8,FP16
421,0.15999900000000003,0.160599,0.16021233333333335,0.160039,0.0002739018477889796,3,0,2,10649600,send_recv,2,8,FP16
422,0.16,0.16015899999999988,0.16007933333333327,0.16007899999999994,6.491190611551376e-05,3,0,2,10682368,send_recv,2,8,FP16
423,0.16067899999999985,0.16139900000000013,0.16098566666666667,0.16087900000000002,0.00030346151137986623,3,0,2,10715136,send_recv,2,8,FP16
424,0.16099899999999998,0.161279,0.16117266666666666,0.16124000000000002,0.0001238287347733142,3,0,2,10747904,send_recv,2,8,FP16
425,0.161999,0.162319,0.16210566666666668,0.16199900000000003,0.00015084944665311745,3,0,2,10780672,send_recv,2,8,FP16
426,0.16204000000000007,0.16299900000000003,0.16239933333333342,0.1621590000000001,0.0004268023221846391,3,0,2,10813440,send_recv,2,8,FP16
427,0.16263999999999987,0.16323900000000002,0.16297266666666663,0.163039,0.00024899843819240137,3,0,2,10846208,send_recv,2,8,FP16
428,0.16283900000000007,0.16307899999999995,0.16295900000000005,0.16295900000000008,9.797958971127781e-05,3,0,2,10878976,send_recv,2,8,FP16
429,0.16371900000000006,0.164599,0.1640656666666667,0.16387899999999997,0.0003827386691841803,3,0,2,10911744,send_recv,2,8,FP16
430,0.16355899999999998,0.16423900000000002,0.16393233333333332,0.16399899999999992,0.0002815828277592488,3,0,2,10944512,send_recv,2,8,FP16
431,0.16443899999999997,0.16468000000000008,0.16454599999999994,0.16451899999999978,0.00010022308449992624,3,0,2,10977280,send_recv,2,8,FP16
432,0.16455899999999998,0.1646790000000001,0.16462566666666667,0.1646389999999999,4.988876515702094e-05,3,0,2,11010048,send_recv,2,8,FP16
433,0.16520000000000004,0.16535899999999992,0.16529266666666673,0.1653190000000002,6.752941745802015e-05,3,0,2,11042816,send_recv,2,8,FP16
434,0.16559899999999994,0.16599899999999998,0.165799,0.16579900000000003,0.0001632993161855612,3,0,2,11075584,send_recv,2,8,FP16
435,0.16627999999999998,0.16667900000000008,0.16654599999999997,0.16667899999999986,0.00018809040379561348,3,0,2,11108352,send_recv,2,8,FP16
436,0.166279,0.16675900000000002,0.1665056666666667,0.16647900000000004,0.00019686430746978067,3,0,2,11141120,send_recv,2,8,FP16
437,0.16703999999999997,0.167639,0.16727933333333334,0.167159,0.0002589212664541673,3,0,2,11173888,send_recv,2,8,FP16
438,0.167081,0.16752199999999995,0.16729499999999997,0.16728199999999993,0.00018027201668587334,3,0,2,11206656,send_recv,2,8,FP16
439,0.16819900000000007,0.1686389999999999,0.1684256666666667,0.1684390000000001,0.0001798765008430269,3,0,2,11239424,send_recv,2,8,FP16
440,0.168279,0.16855899999999996,0.16838566666666666,0.16831899999999997,0.00012364824660659237,3,0,2,11272192,send_recv,2,8,FP16
441,0.16908000000000015,0.16948000000000002,0.16927966666666672,0.169279,0.00016329999659789324,3,0,2,11304960,send_recv,2,8,FP16
442,0.16919900000000007,0.16955900000000004,0.1693456666666667,0.169279,0.0001543444920371983,3,0,2,11337728,send_recv,2,8,FP16
443,0.17023900000000003,0.17091899999999988,0.17047899999999996,0.170279,0.0003115552385478761,3,0,2,11370496,send_recv,2,8,FP16
444,0.17024,0.17067900000000008,0.17042600000000008,0.17035900000000015,0.00018537709315520433,3,0,2,11403264,send_recv,2,8,FP16
445,0.17064,0.17131899999999997,0.17107933333333333,0.171279,0.0003110844829874246,3,0,2,11436032,send_recv,2,8,FP16
446,0.17096000000000003,0.171199,0.17105266666666666,0.17099900000000004,0.00010469107995535274,3,0,2,11468800,send_recv,2,8,FP16
447,0.171919,0.17227899999999977,0.17213233333333325,0.17219899999999996,0.00015434449203712879,3,0,2,11501568,send_recv,2,8,FP16
448,0.17207899999999995,0.1724390000000001,0.17230599999999996,0.17239999999999986,0.0001613009609395005,3,0,2,11534336,send_recv,2,8,FP16
449,0.172839,0.173039,0.17293233333333333,0.17291899999999988,8.219218670626169e-05,3,0,2,11567104,send_recv,2,8,FP16
450,0.17275900000000002,0.17323900000000003,0.17293233333333333,0.17279899999999998,0.00021746008573734723,3,0,2,11599872,send_recv,2,8,FP16
451,0.17347900000000005,0.173919,0.17366566666666672,0.17359900000000006,0.0001857118436957601,3,0,2,11632640,send_recv,2,8,FP16
452,0.173679,0.17407900000000018,0.17383900000000008,0.17375900000000002,0.00017281975195762155,3,0,2,11665408,send_recv,2,8,FP16
453,0.17447900000000027,0.1751990000000003,0.1748926666666669,0.17500000000000002,0.00030357902138028123,3,0,2,11698176,send_recv,2,8,FP16
454,0.17471899999999993,0.17500000000000004,0.1749060000000001,0.17499900000000027,0.00013222959830043593,3,0,2,11730944,send_recv,2,8,FP16
455,0.175279,0.17575900000000003,0.17555900000000005,0.17563900000000013,0.00020396078054374118,3,0,2,11763712,send_recv,2,8,FP16
456,0.17543899999999985,0.17595899999999984,0.17569233333333326,0.17567900000000009,0.00021249836600678162,3,0,2,11796480,send_recv,2,8,FP16
457,0.17635899999999993,0.17671900000000004,0.17649233333333333,0.176399,0.00016110727964796623,3,0,2,11829248,send_recv,2,8,FP16
458,0.17655900000000008,0.17691900000000005,0.17675900000000003,0.17679899999999998,0.00014966629547093918,3,0,2,11862016,send_recv,2,8,FP16
459,0.17751999999999998,0.1778790000000001,0.17771933333333337,0.17775900000000003,0.00014922093984726708,3,0,2,11894784,send_recv,2,8,FP16
460,0.17759899999999992,0.17815899999999998,0.17782566666666666,0.17771900000000004,0.00024073960113691402,3,0,2,11927552,send_recv,2,8,FP16
461,0.177999,0.17899999999999996,0.1784526666666667,0.17835900000000016,0.00041398899609635656,3,0,2,11960320,send_recv,2,8,FP16
462,0.17823900000000004,0.17920000000000005,0.17863966666666672,0.17848000000000003,0.0004082485626293084,3,0,2,11993088,send_recv,2,8,FP16
463,0.17931899999999995,0.17955900000000002,0.17941233333333337,0.17935900000000016,0.00010498677165349005,3,0,2,12025856,send_recv,2,8,FP16
464,0.17963900000000013,0.17975900000000003,0.17970566666666674,0.17971900000000005,4.9888765156941815e-05,3,0,2,12058624,send_recv,2,8,FP16
465,0.17999900000000013,0.18055900000000003,0.1802123333333334,0.18007899999999996,0.0002472964932131997,3,0,2,12091392,send_recv,2,8,FP16
466,0.1799989999999998,0.18055999999999994,0.1803726666666666,0.18055899999999997,0.00026422254929433055,3,0,2,12124160,send_recv,2,8,FP16
467,0.18103900000000023,0.18119899999999983,0.1811323333333333,0.18115899999999988,6.798692684772866e-05,3,0,2,12156928,send_recv,2,8,FP16
468,0.18127900000000002,0.182,0.18155933333333332,0.18139900000000003,0.00031542599061514616,3,0,2,12189696,send_recv,2,8,FP16
469,0.182,0.18219899999999983,0.18210633333333326,0.1821199999999999,8.181415253820471e-05,3,0,2,12222464,send_recv,2,8,FP16
470,0.18175900000000003,0.182399,0.1821323333333333,0.18223899999999993,0.00027194770739159325,3,0,2,12255232,send_recv,2,8,FP16
471,0.1829989999999998,0.18351900000000002,0.1832256666666666,0.183159,0.00021746008573741193,3,0,2,12288000,send_recv,2,8,FP16
472,0.18283899999999995,0.183719,0.1832123333333334,0.18307900000000019,0.00037142368739156935,3,0,2,12320768,send_recv,2,8,FP16
473,0.18376000000000012,0.18396000000000004,0.18383966666666673,0.183799,8.656532536502588e-05,3,0,2,12353536,send_recv,2,8,FP16
474,0.18399900000000002,0.1845189999999998,0.18422566666666662,0.1841590000000001,0.00021746008573722358,3,0,2,12386304,send_recv,2,8,FP16
475,0.18507899999999997,0.1857199999999998,0.1853859999999999,0.18535899999999994,0.0002623826721920307,3,0,2,12419072,send_recv,2,8,FP16
476,0.18503899999999998,0.18583899999999995,0.18531900000000004,0.1850790000000002,0.00036805796644906675,3,0,2,12451840,send_recv,2,8,FP16
477,0.18595900000000007,0.18603999999999996,0.18601266666666674,0.18603900000000023,3.795025984394605e-05,3,0,2,12484608,send_recv,2,8,FP16
478,0.186,0.1861990000000001,0.18610633333333335,0.1861199999999999,8.181415253829904e-05,3,0,2,12517376,send_recv,2,8,FP16
479,0.18671900000000005,0.187159,0.1869323333333334,0.1869190000000001,0.00017987650084306736,3,0,2,12550144,send_recv,2,8,FP16
480,0.18655899999999997,0.18732,0.18687933333333331,0.186759,0.0003221183357435943,3,0,2,12582912,send_recv,2,8,FP16
481,0.1884000000000001,0.18883999999999992,0.18865333333333334,0.18872000000000003,0.0001857118436957229,3,0,2,12615680,send_recv,2,8,FP16
482,0.18907899999999994,0.18951900000000002,0.189279,0.18923900000000005,0.00018184242262650526,3,0,2,12648448,send_recv,2,8,FP16
483,0.190279,0.1905999999999999,0.19043933333333327,0.19043899999999986,0.00013104791320561111,3,0,2,12681216,send_recv,2,8,FP16
484,0.19043900000000008,0.19055899999999998,0.19050566666666668,0.190519,4.9888765156941815e-05,3,0,2,12713984,send_recv,2,8,FP16
485,0.19091899999999987,0.1912800000000002,0.19114600000000004,0.191239,0.0001613836009844378,3,0,2,12746752,send_recv,2,8,FP16
486,0.19059900000000005,0.1912389999999998,0.19087899999999988,0.19079899999999975,0.0002673325020767641,3,0,2,12779520,send_recv,2,8,FP16
487,0.19084000000000015,0.192279,0.1917993333333334,0.192279,0.0006783511054182272,3,0,2,12812288,send_recv,2,8,FP16
488,0.1914000000000001,0.19171899999999983,0.19159933333333326,0.19167899999999988,0.00014189276075798508,3,0,2,12845056,send_recv,2,8,FP16
489,0.19231899999999996,0.19252,0.19242633333333334,0.19244000000000006,8.262498949405012e-05,3,0,2,12877824,send_recv,2,8,FP16
490,0.19291900000000003,0.19339900000000013,0.19311900000000004,0.193039,0.00020396078054375934,3,0,2,12910592,send_recv,2,8,FP16
491,0.19319900000000007,0.19399900000000003,0.19355900000000006,0.19347900000000015,0.0003314614105241401,3,0,2,12943360,send_recv,2,8,FP16
492,0.19392000000000006,0.19443899999999986,0.1942526666666667,0.19439900000000013,0.00023579699366659272,3,0,2,12976128,send_recv,2,8,FP16
493,0.19436000000000014,0.19452,0.1944396666666667,0.19443899999999997,6.53214274865544e-05,3,0,2,13008896,send_recv,2,8,FP16
494,0.19431899999999996,0.1947199999999998,0.19450599999999985,0.19447899999999982,0.00016481707031326367,3,0,2,13041664,send_recv,2,8,FP16
495,0.19495999999999994,0.19591899999999998,0.19541266666666654,0.1953589999999997,0.0003933449150837536,3,0,2,13074432,send_recv,2,8,FP16
496,0.19524000000000002,0.19588,0.19562633333333332,0.19575899999999996,0.00027760923775854224,3,0,2,13107200,send_recv,2,8,FP16
497,0.19631899999999997,0.19671899999999995,0.19655899999999993,0.1966389999999999,0.00017281975195752733,3,0,2,13139968,send_recv,2,8,FP16
498,0.19635899999999992,0.19647900000000004,0.1963993333333333,0.19635999999999995,5.633431951804491e-05,3,0,2,13172736,send_recv,2,8,FP16
499,0.197,0.19735899999999992,0.19718633333333338,0.19720000000000026,0.00014687939118728703,3,0,2,13205504,send_recv,2,8,FP16
500,0.19747900000000002,0.19771900000000006,0.197586,0.19755999999999996,9.968951800467819e-05,3,0,2,13238272,send_recv,2,8,FP16
501,0.1978800000000001,0.19803900000000021,0.1979730000000001,0.198,6.766091929616918e-05,3,0,2,13271040,send_recv,2,8,FP16
502,0.19763999999999987,0.19823900000000003,0.19798599999999997,0.19807899999999998,0.0002532284870758015,3,0,2,13303808,send_recv,2,8,FP16
503,0.198519,0.19911899999999996,0.19877233333333333,0.19867900000000008,0.00025368396787251243,3,0,2,13336576,send_recv,2,8,FP16
504,0.1991589999999999,0.19959899999999994,0.1993189999999998,0.19919899999999963,0.00019866219234342879,3,0,2,13369344,send_recv,2,8,FP16
505,0.1994390000000001,0.20023899999999997,0.1998656666666667,0.19991899999999999,0.00032876874682496266,3,0,2,13402112,send_recv,2,8,FP16
506,0.20011900000000016,0.20071900000000004,0.2003723333333334,0.200279,0.00025368396787250175,3,0,2,13434880,send_recv,2,8,FP16
507,0.20063900000000012,0.20191899999999988,0.2013856666666667,0.20159900000000017,0.0005438954147831556,3,0,2,13467648,send_recv,2,8,FP16
508,0.20111900000000016,0.20163899999999996,0.20134566666666673,0.201279,0.00021746008573725876,3,0,2,13500416,send_recv,2,8,FP16
509,0.20191899999999988,0.20235899999999993,0.20207900000000004,0.2019590000000003,0.00019866219234328909,3,0,2,13533184,send_recv,2,8,FP16
510,0.2014390000000001,0.20208000000000004,0.20175933333333348,0.20175900000000024,0.0002616872603360945,3,0,2,13565952,send_recv,2,8,FP16
511,0.20267899999999997,0.20283899999999996,0.202759,0.20275900000000002,6.531972647421542e-05,3,0,2,13598720,send_recv,2,8,FP16
512,0.202719,0.20335899999999993,0.20305233333333336,0.20307900000000007,0.00026195843605848334,3,0,2,13631488,send_recv,2,8,FP16
513,0.20379999999999995,0.20387999999999964,0.2038266666666666,0.20380000000000018,3.7712361663084735e-05,3,0,2,13664256,send_recv,2,8,FP16
514,0.20367899999999997,0.20423900000000003,0.20389233333333343,0.20375900000000025,0.00024729649321319775,3,0,2,13697024,send_recv,2,8,FP16
515,0.20467899999999986,0.20487899999999992,0.20477233333333325,0.20475900000000002,8.219218670627069e-05,3,0,2,13729792,send_recv,2,8,FP16
516,0.20400000000000001,0.20519900000000008,0.20457266666666676,0.20451900000000023,0.0004909584730119648,3,0,2,13762560,send_recv,2,8,FP16
517,0.205679,0.20583899999999997,0.20575933333333332,0.20576,6.532142748659943e-05,3,0,2,13795328,send_recv,2,8,FP16
518,0.20495900000000028,0.20583899999999994,0.20546566666666674,0.20559899999999995,0.00037142368739142255,3,0,2,13828096,send_recv,2,8,FP16
519,0.20587900000000037,0.20651999999999998,0.2062130000000002,0.20624000000000023,0.0002623826721919441,3,0,2,13860864,send_recv,2,8,FP16
520,0.20663900000000013,0.20679899999999998,0.20673233333333338,0.20675900000000003,6.798692684784296e-05,3,0,2,13893632,send_recv,2,8,FP16
521,0.20679899999999998,0.20724,0.207066,0.20715900000000004,0.00019167159413957578,3,0,2,13926400,send_recv,2,8,FP16
522,0.20723900000000003,0.20747900000000005,0.207359,0.20735899999999993,9.797958971133446e-05,3,0,2,13959168,send_recv,2,8,FP16
523,0.20791899999999988,0.20855999999999994,0.2083193333333333,0.20847900000000005,0.0002850033138209387,3,0,2,13991936,send_recv,2,8,FP16
524,0.20799900000000027,0.20891999999999986,0.20831933333333338,0.208039,0.00042504927818874585,3,0,2,14024704,send_recv,2,8,FP16
525,0.20855999999999994,0.209279,0.20894599999999997,0.20899899999999996,0.0002959132755837075,3,0,2,14057472,send_recv,2,8,FP16
526,0.20908,0.20943900000000007,0.20925266666666673,0.20923900000000004,0.00014687939118734542,3,0,2,14090240,send_recv,2,8,FP16
527,0.2099989999999998,0.210639,0.2102126666666666,0.21,0.00030146346747533147,3,0,2,14123008,send_recv,2,8,FP16
528,0.21007900000000002,0.21059900000000017,0.21027900000000008,0.21015900000000004,0.0002286190426598333,3,0,2,14155776,send_recv,2,8,FP16
529,0.21067899999999987,0.21095900000000029,0.21086566666666673,0.21095900000000006,0.00013199326582163395,3,0,2,14188544,send_recv,2,8,FP16
530,0.21075900000000003,0.21096000000000004,0.2108926666666667,0.21095900000000006,9.451748809377733e-05,3,0,2,14221312,send_recv,2,8,FP16
531,0.21195900000000006,0.21227900000000002,0.21215900000000007,0.21223900000000004,0.0001423610433604013,3,0,2,14254080,send_recv,2,8,FP16
532,0.21215899999999988,0.21267899999999998,0.21249266666666666,0.2126400000000001,0.00023647456992720764,3,0,2,14286848,send_recv,2,8,FP16
533,0.212439,0.212799,0.21267899999999998,0.212799,0.00016970562748477104,3,0,2,14319616,send_recv,2,8,FP16
534,0.21279900000000043,0.21312000000000011,0.2129063333333335,0.21279999999999996,0.00015108570047783166,3,0,2,14352384,send_recv,2,8,FP16
535,0.2134000000000001,0.21420000000000006,0.21376000000000006,0.21368000000000006,0.00033146141052414903,3,0,2,14385152,send_recv,2,8,FP16
536,0.213279,0.2139190000000001,0.21361233333333327,0.21363899999999966,0.000261958436058546,3,0,2,14417920,send_recv,2,8,FP16
537,0.2145189999999998,0.21567899999999998,0.21490566666666663,0.21451900000000007,0.0005468292441176203,3,0,2,14450688,send_recv,2,8,FP16
538,0.2146400000000001,0.21488000000000013,0.21473333333333336,0.21467999999999995,0.00010498677165352531,3,0,2,14483456,send_recv,2,8,FP16
539,0.2154000000000001,0.216,0.21574633333333337,0.21583899999999995,0.00025356173913966356,3,0,2,14516224,send_recv,2,8,FP16
540,0.2155590000000002,0.21607899999999997,0.21577233333333343,0.2156790000000001,0.0002223110933403497,3,0,2,14548992,send_recv,2,8,FP16
541,0.21644000000000005,0.21684000000000014,0.21658666666666673,0.21648000000000003,0.00017987650084314144,3,0,2,14581760,send_recv,2,8,FP16
542,0.21591899999999986,0.21648000000000003,0.21613266666666664,0.21599900000000002,0.00024776377638572244,3,0,2,14614528,send_recv,2,8,FP16
543,0.21711899999999992,0.2175200000000001,0.2173193333333333,0.21731899999999996,0.00016370773415525048,3,0,2,14647296,send_recv,2,8,FP16
544,0.21691900000000033,0.217799,0.21723933333333345,0.217,0.0003971232666173251,3,0,2,14680064,send_recv,2,8,FP16
545,0.21799900000000025,0.21831899999999996,0.2181323333333334,0.21807899999999997,0.00013597385369571133,3,0,2,14712832,send_recv,2,8,FP16
546,0.21811900000000004,0.21855900000000003,0.21830600000000003,0.21824000000000002,0.00018559274411104212,3,0,2,14745600,send_recv,2,8,FP16
547,0.21912,0.219799,0.2193726666666667,0.21919900000000006,0.00030318347946781674,3,0,2,14778368,send_recv,2,8,FP16
548,0.21911899999999992,0.21931899999999996,0.21921233333333323,0.21919899999999984,8.219218670627218e-05,3,0,2,14811136,send_recv,2,8,FP16
549,0.22011899999999993,0.220279,0.22021233333333332,0.22023900000000005,6.798692684794458e-05,3,0,2,14843904,send_recv,2,8,FP16
550,0.21987900000000035,0.22019900000000006,0.22001266666666683,0.21996000000000004,0.00013584386462233124,3,0,2,14876672,send_recv,2,8,FP16
551,0.22107999999999994,0.22183999999999993,0.22135966666666662,0.221159,0.00034117476785690043,3,0,2,14909440,send_recv,2,8,FP16
552,0.22059900000000005,0.22095899999999985,0.22079899999999997,0.22083899999999995,0.00014966629547087985,3,0,2,14942208,send_recv,2,8,FP16
553,0.2216389999999999,0.22195899999999985,0.2218389999999999,0.22191899999999998,0.00014236104336042208,3,0,2,14974976,send_recv,2,8,FP16
554,0.22172000000000003,0.2221199999999999,0.22187966666666661,0.221799,0.0001729746288396178,3,0,2,15007744,send_recv,2,8,FP16
555,0.22283899999999995,0.22311900000000015,0.22294566666666668,0.2228789999999999,0.00012364824660670909,3,0,2,15040512,send_recv,2,8,FP16
556,0.22215899999999966,0.223159,0.22275899999999985,0.22295899999999996,0.00043204937989400677,3,0,2,15073280,send_recv,2,8,FP16
557,0.22335900000000017,0.223759,0.22357233333333346,0.22359900000000016,0.00016438437341244683,3,0,2,15106048,send_recv,2,8,FP16
558,0.22327999999999976,0.22403899999999993,0.22375933333333317,0.22395899999999982,0.000340509748596029,3,0,2,15138816,send_recv,2,8,FP16
559,0.22395900000000007,0.2247199999999998,0.22431933333333332,0.224279,0.00031198326165915755,3,0,2,15171584,send_recv,2,8,FP16
560,0.224279,0.2248789999999999,0.22465233333333332,0.22479899999999997,0.0002659991645767669,3,0,2,15204352,send_recv,2,8,FP16
561,0.22548,0.22563900000000012,0.22555966666666669,0.22555999999999995,6.491190611560422e-05,3,0,2,15237120,send_recv,2,8,FP16
562,0.22551900000000025,0.22587900000000002,0.22573233333333342,0.22579899999999997,0.00015434449203709282,3,0,2,15269888,send_recv,2,8,FP16
563,0.22631899999999996,0.2266790000000001,0.22646566666666668,0.22639900000000002,0.00015434449203725905,3,0,2,15302656,send_recv,2,8,FP16
564,0.22639900000000002,0.22699900000000026,0.22669233333333347,0.2266790000000001,0.0002451303508114347,3,0,2,15335424,send_recv,2,8,FP16
565,0.22695899999999983,0.2278799999999999,0.22726633333333324,0.22696000000000005,0.00043392805343228825,3,0,2,15368192,send_recv,2,8,FP16
566,0.22747900000000001,0.22796000000000005,0.22763933333333344,0.22747900000000026,0.0002267455745004448,3,0,2,15400960,send_recv,2,8,FP16
567,0.2278800000000001,0.22835899999999992,0.2281726666666667,0.228279,0.00020950788900546248,3,0,2,15433728,send_recv,2,8,FP16
568,0.22812000000000002,0.22859899999999994,0.228306,0.22819900000000007,0.00020967753019016645,3,0,2,15466496,send_recv,2,8,FP16
569,0.22884000000000015,0.23035900000000004,0.2294660000000001,0.22919900000000007,0.0006482319543702017,3,0,2,15499264,send_recv,2,8,FP16
570,0.22903999999999997,0.22975900000000002,0.22935933333333333,0.229279,0.0002989764018930267,3,0,2,15532032,send_recv,2,8,FP16
571,0.23015899999999967,0.23068,0.23035933333333322,0.23023900000000003,0.0002290856220330368,3,0,2,15564800,send_recv,2,8,FP16
572,0.2301590000000001,0.23039899999999994,0.230279,0.230279,9.797958971125515e-05,3,0,2,15597568,send_recv,2,8,FP16
573,0.23079899999999998,0.23103900000000022,0.230959,0.23103899999999977,0.00011313708498985607,3,0,2,15630336,send_recv,2,8,FP16
574,0.230639,0.23127999999999976,0.2310129999999999,0.2311199999999999,0.0002724053352388962,3,0,2,15663104,send_recv,2,8,FP16
575,0.23144000000000006,0.23211899999999996,0.231706,0.231559,0.0002960484194631801,3,0,2,15695872,send_recv,2,8,FP16
576,0.23167899999999986,0.23251999999999998,0.2321863333333333,0.23236000000000012,0.0003646371103196703,3,0,2,15728640,send_recv,2,8,FP16
577,0.232399,0.2331189999999999,0.232839,0.23299900000000004,0.00031496031496045494,3,0,2,15761408,send_recv,2,8,FP16
578,0.23279899999999998,0.23379899999999998,0.23321233333333324,0.23303899999999977,0.00042624979635058223,3,0,2,15794176,send_recv,2,8,FP16
579,0.23360000000000003,0.23439999999999986,0.23393333333333335,0.23380000000000017,0.0003399346342394217,3,0,2,15826944,send_recv,2,8,FP16
580,0.23387899999999992,0.23467900000000008,0.23426566666666668,0.234239,0.00032714251057034045,3,0,2,15859712,send_recv,2,8,FP16
581,0.234439,0.23499900000000004,0.234666,0.23455999999999996,0.00024059232462129198,3,0,2,15892480,send_recv,2,8,FP16
582,0.23431899999999997,0.23519900000000002,0.2348523333333334,0.23503900000000022,0.00038273866918425,3,0,2,15925248,send_recv,2,8,FP16
583,0.23539899999999989,0.23551999999999998,0.23546599999999998,0.23547900000000005,5.0246061205545636e-05,3,0,2,15958016,send_recv,2,8,FP16
584,0.235279,0.23596000000000003,0.235586,0.235519,0.00028202482160265583,3,0,2,15990784,send_recv,2,8,FP16
585,0.23655899999999996,0.23675900000000002,0.23667933333333332,0.23671999999999993,8.656532536505541e-05,3,0,2,16023552,send_recv,2,8,FP16
586,0.23639999999999997,0.23719999999999994,0.23675966666666667,0.23667900000000008,0.000331542187695935,3,0,2,16056320,send_recv,2,8,FP16
587,0.23755899999999996,0.2381199999999999,0.23779966666666663,0.23772,0.00023585353270381854,3,0,2,16089088,send_recv,2,8,FP16
588,0.23795899999999984,0.23831900000000042,0.2381860000000001,0.23827999999999996,0.0001613009609396657,3,0,2,16121856,send_recv,2,8,FP16
589,0.23836000000000002,0.2387589999999998,0.23859933333333316,0.23867899999999964,0.0001723568649310101,3,0,2,16154624,send_recv,2,8,FP16
590,0.2383190000000002,0.239079,0.23862566666666665,0.23847899999999983,0.00032714251057024466,3,0,2,16187392,send_recv,2,8,FP16
591,0.23939900000000033,0.23983899999999994,0.23958600000000008,0.23951999999999998,0.00018559274411090505,3,0,2,16220160,send_recv,2,8,FP16
592,0.23920000000000005,0.24015899999999998,0.23982599999999998,0.24011899999999992,0.0004429499595514431,3,0,2,16252928,send_recv,2,8,FP16
593,0.23995899999999984,0.24092000000000008,0.2405193333333333,0.2406790000000001,0.00040824856262940997,3,0,2,16285696,send_recv,2,8,FP16
594,0.24043899999999985,0.241039,0.24081233333333338,0.24095900000000028,0.0002659991645769246,3,0,2,16318464,send_recv,2,8,FP16
595,0.24083899999999994,0.241799,0.24133233333333334,0.24135900000000005,0.0003923717058550108,3,0,2,16351232,send_recv,2,8,FP16
596,0.24111900000000003,0.242039,0.24166600000000002,0.24183999999999992,0.0003952273607262633,3,0,2,16384000,send_recv,2,8,FP16
597,0.2414000000000001,0.24196000000000004,0.24172000000000007,0.24180000000000018,0.00023551362310206945,3,0,2,16416768,send_recv,2,8,FP16
598,0.24172000000000005,0.24251999999999999,0.2419996666666667,0.24175900000000003,0.000368275561080111,3,0,2,16449536,send_recv,2,8,FP16
599,0.24219900000000008,0.2433989999999999,0.24297266666666664,0.24331999999999995,0.0005480148010976886,3,0,2,16482304,send_recv,2,8,FP16
600,0.24315900000000004,0.2439989999999998,0.24349233333333328,0.24331899999999995,0.0003641733408998395,3,0,2,16515072,send_recv,2,8,FP16
601,0.243799,0.24495900000000007,0.2442656666666667,0.244039,0.0004999555535801045,3,0,2,16547840,send_recv,2,8,FP16
602,0.24359899999999993,0.24451900000000001,0.24399933333333326,0.24387999999999987,0.0003849505018686471,3,0,2,16580608,send_recv,2,8,FP16
603,0.24475900000000003,0.24523999999999999,0.24506600000000003,0.24519900000000008,0.00021772612766194567,3,0,2,16613376,send_recv,2,8,FP16
604,0.24451900000000001,0.2459189999999999,0.24534599999999995,0.2455999999999999,0.0005991032187082618,3,0,2,16646144,send_recv,2,8,FP16
605,0.24544000000000005,0.246279,0.2458126666666667,0.24571900000000005,0.00034886514427336177,3,0,2,16678912,send_recv,2,8,FP16
606,0.24599899999999997,0.24631899999999984,0.2461189999999999,0.24603899999999987,0.0001423610433603779,3,0,2,16711680,send_recv,2,8,FP16
607,0.24675999999999976,0.24719899999999997,0.24703933333333328,0.2471590000000001,0.00019819238689281867,3,0,2,16744448,send_recv,2,8,FP16
608,0.24651900000000002,0.24731900000000007,0.24687933333333342,0.24680000000000019,0.0003313812842566119,3,0,2,16777216,send_recv,2,8,FP16
609,0.2465999999999999,0.24772000000000002,0.24701299999999995,0.246719,0.0005022794706801242,3,0,2,16777216,send_recv,2,8,FP16
610,0.2498789999999999,0.25035899999999994,0.25018566666666664,0.25031899999999996,0.0002174600857373546,3,0,2,16908288,send_recv,2,8,FP16
611,0.251799,0.25236000000000003,0.25213266666666667,0.25223900000000005,0.000241053705403791,3,0,2,17039360,send_recv,2,8,FP16
612,0.253799,0.25455999999999995,0.25429299999999994,0.25451999999999997,0.0003496922456484481,3,0,2,17170432,send_recv,2,8,FP16
613,0.25472000000000006,0.25567999999999985,0.25530633333333336,0.255519,0.00041977798364789884,3,0,2,17301504,send_recv,2,8,FP16
614,0.2570399999999999,0.25743900000000003,0.25717299999999993,0.25704,0.00018809040379566582,3,0,2,17432576,send_recv,2,8,FP16
615,0.2586390000000001,0.2598000000000002,0.2593060000000001,0.25947900000000007,0.000489507916177073,3,0,2,17563648,send_recv,2,8,FP16
616,0.261639,0.26199900000000004,0.26179900000000006,0.261759,0.00014966629547096886,3,0,2,17694720,send_recv,2,8,FP16
617,0.2626790000000001,0.2628789999999999,0.262799,0.26283899999999993,8.640987597868658e-05,3,0,2,17825792,send_recv,2,8,FP16
618,0.2645999999999999,0.26523900000000006,0.2649596666666667,0.2650400000000002,0.00026698356170796545,3,0,2,17956864,send_recv,2,8,FP16
619,0.2660389999999999,0.2673989999999999,0.2667193333333332,0.2667199999999998,0.0005552178751525173,3,0,2,18087936,send_recv,2,8,FP16
620,0.26848,0.26896,0.26879966666666666,0.26895900000000006,0.00022603883638782103,3,0,2,18219008,send_recv,2,8,FP16
621,0.2696400000000001,0.2703989999999999,0.27010599999999996,0.270279,0.0003331336068305715,3,0,2,18350080,send_recv,2,8,FP16
622,0.27215999999999985,0.2729190000000001,0.27250599999999997,0.2724389999999999,0.000313461321378033,3,0,2,18481152,send_recv,2,8,FP16
623,0.27387900000000015,0.2744389999999999,0.27407899999999996,0.27391899999999986,0.0002550816862627196,3,0,2,18612224,send_recv,2,8,FP16
624,0.2755989999999997,0.27659899999999993,0.2761593333333332,0.27627999999999997,0.00041706940536195597,3,0,2,18743296,send_recv,2,8,FP16
625,0.277279,0.278,0.2777326666666666,0.27791899999999986,0.0003224906544726684,3,0,2,18874368,send_recv,2,8,FP16
626,0.2796389999999997,0.27991899999999986,0.27977233333333323,0.27975900000000004,0.0001146976702272938,3,0,2,19005440,send_recv,2,8,FP16
627,0.28107999999999994,0.2812,0.2811596666666667,0.28119900000000003,5.633431951803166e-05,3,0,2,19136512,send_recv,2,8,FP16
628,0.283319,0.2837199999999998,0.2834526666666666,0.283319,0.00018903321283711798,3,0,2,19267584,send_recv,2,8,FP16
629,0.284279,0.28471899999999983,0.284519,0.28455900000000023,0.000181842422626432,3,0,2,19398656,send_recv,2,8,FP16
630,0.28659900000000016,0.28728,0.2868796666666667,0.28676,0.00029060893922162683,3,0,2,19529728,send_recv,2,8,FP16
631,0.2884400000000001,0.28867899999999996,0.2885326666666666,0.2884789999999998,0.00010469107995536137,3,0,2,19660800,send_recv,2,8,FP16
632,0.2901589999999999,0.2906790000000001,0.29046566666666673,0.2905590000000002,0.00022231109334054115,3,0,2,19791872,send_recv,2,8,FP16
633,0.29163900000000015,0.29259899999999994,0.292119,0.292119,0.00039191835884522453,3,0,2,19922944,send_recv,2,8,FP16
634,0.29408000000000006,0.294759,0.2945326666666666,0.29475899999999977,0.000320083669617025,3,0,2,20054016,send_recv,2,8,FP16
635,0.2958789999999999,0.296919,0.2963989999999999,0.2963989999999999,0.00042457822208245686,3,0,2,20185088,send_recv,2,8,FP16
636,0.298,0.2983599999999999,0.2981333333333333,0.29803999999999997,0.00016110727964789123,3,0,2,20316160,send_recv,2,8,FP16
637,0.29979999999999973,0.3000790000000001,0.29993266666666657,0.299919,0.00011431049334563246,3,0,2,20447232,send_recv,2,8,FP16
638,0.30171900000000007,0.30239900000000003,0.3020123333333334,0.301919,0.00028534579412042567,3,0,2,20578304,send_recv,2,8,FP16
639,0.3030389999999998,0.3033990000000001,0.30323933333333325,0.30328,0.00014975609800247562,3,0,2,20709376,send_recv,2,8,FP16
640,0.3046390000000001,0.30548000000000003,0.30518599999999996,0.30543899999999985,0.0003871494112957025,3,0,2,20840448,send_recv,2,8,FP16
641,0.306279,0.3068390000000004,0.3065860000000001,0.30663999999999986,0.0002317858206766045,3,0,2,20971520,send_recv,2,8,FP16
642,0.30968000000000007,0.310519,0.31006599999999995,0.3099989999999998,0.0003457812410566184,3,0,2,21102592,send_recv,2,8,FP16
643,0.31115899999999963,0.3125990000000002,0.3119326666666666,0.31204000000000004,0.000592756461139393,3,0,2,21233664,send_recv,2,8,FP16
644,0.3138400000000002,0.314759,0.31421266666666664,0.3140389999999998,0.0003947660347879579,3,0,2,21364736,send_recv,2,8,FP16
645,0.31419900000000006,0.31640000000000007,0.31529266666666667,0.315279,0.0008986064519886125,3,0,2,21495808,send_recv,2,8,FP16
646,0.3168800000000001,0.3177190000000001,0.31734633333333345,0.31744000000000006,0.0003488651442733717,3,0,2,21626880,send_recv,2,8,FP16
647,0.31895900000000005,0.3193989999999999,0.3191859999999999,0.3191999999999998,0.00017990182507868086,3,0,2,21757952,send_recv,2,8,FP16
648,0.32119899999999985,0.32156,0.3214396666666666,0.32155999999999996,0.00017017703200562795,3,0,2,21889024,send_recv,2,8,FP16
649,0.3221199999999999,0.32248000000000004,0.32226666666666665,0.32220000000000004,0.00015434449203724707,3,0,2,22020096,send_recv,2,8,FP16
650,0.3248800000000001,0.325759,0.32545299999999994,0.3257199999999998,0.00040548489490969107,3,0,2,22151168,send_recv,2,8,FP16
651,0.32571900000000004,0.326719,0.3263323333333334,0.326559,0.0004385835787572697,3,0,2,22282240,send_recv,2,8,FP16
652,0.328159,0.32888000000000006,0.3285996666666666,0.3287599999999998,0.0003154259906151508,3,0,2,22413312,send_recv,2,8,FP16
653,0.32983900000000005,0.3327199999999998,0.3309326666666666,0.33023899999999995,0.0012743417472909813,3,0,2,22544384,send_recv,2,8,FP16
654,0.3314389999999999,0.3321990000000001,0.33187933333333336,0.332,0.00032178702411524336,3,0,2,22675456,send_recv,2,8,FP16
655,0.33323900000000006,0.334,0.33366633333333323,0.3337599999999998,0.0003176584469030556,3,0,2,22806528,send_recv,2,8,FP16
656,0.33539899999999995,0.3364390000000001,0.3359189999999999,0.33591899999999986,0.0004245782220824795,3,0,2,22937600,send_recv,2,8,FP16
657,0.3368800000000001,0.33779900000000024,0.3373593333333334,0.337399,0.0003762271772332765,3,0,2,23068672,send_recv,2,8,FP16
658,0.3384789999999998,0.33987900000000015,0.339319,0.339599,0.0006048691318515341,3,0,2,23199744,send_recv,2,8,FP16
659,0.34044,0.34107999999999994,0.3407596666666666,0.3407589999999999,0.0002612793311551289,3,0,2,23330816,send_recv,2,8,FP16
660,0.34204,0.34323899999999957,0.3425596666666666,0.3424000000000001,0.0005023414067033312,3,0,2,23461888,send_recv,2,8,FP16
661,0.3440390000000002,0.34484000000000015,0.3445193333333334,0.34467899999999985,0.0003459482941454854,3,0,2,23592960,send_recv,2,8,FP16
662,0.34575900000000004,0.34643999999999997,0.34618633333333343,0.3463600000000001,0.00030393018204112685,3,0,2,23724032,send_recv,2,8,FP16
663,0.3479190000000001,0.348279,0.348106,0.3481199999999999,0.00014730241002776668,3,0,2,23855104,send_recv,2,8,FP16
664,0.34976000000000024,0.3505999999999999,0.35006633333333337,0.34983899999999996,0.0003787350290402897,3,0,2,23986176,send_recv,2,8,FP16
665,0.3514390000000001,0.35228000000000004,0.35177266666666673,0.35159900000000005,0.000364637110319567,3,0,2,24117248,send_recv,2,8,FP16
666,0.35359899999999994,0.35367899999999997,0.3536256666666666,0.35359900000000005,3.771236166326791e-05,3,0,2,24248320,send_recv,2,8,FP16
667,0.35572000000000026,0.35672000000000026,0.35629300000000014,0.35643899999999984,0.00042109935486370215,3,0,2,24379392,send_recv,2,8,FP16
668,0.357959,0.35844000000000004,0.3581993333333333,0.3581989999999998,0.00019636756917124513,3,0,2,24510464,send_recv,2,8,FP16
669,0.35923900000000003,0.36015999999999987,0.3596929999999999,0.35967999999999983,0.00037610902674617034,3,0,2,24641536,send_recv,2,8,FP16
670,0.36084000000000016,0.36243899999999984,0.361706,0.36183899999999997,0.0006595286195456785,3,0,2,24772608,send_recv,2,8,FP16
671,0.36311900000000014,0.36355999999999994,0.3633193333333334,0.363279,0.00018228244262369426,3,0,2,24903680,send_recv,2,8,FP16
672,0.36472000000000027,0.365279,0.3650130000000001,0.36504,0.0002290080056823731,3,0,2,25034752,send_recv,2,8,FP16
673,0.3665990000000002,0.367039,0.3668660000000001,0.36696000000000006,0.0001915324167514211,3,0,2,25165824,send_recv,2,8,FP16
674,0.37055899999999975,0.370759,0.3706526666666665,0.37063999999999986,8.21394478244533e-05,3,0,2,25296896,send_recv,2,8,FP16
675,0.3716000000000004,0.372279,0.37198600000000015,0.37207900000000016,0.000284894132383567,3,0,2,25427968,send_recv,2,8,FP16
676,0.3735990000000002,0.374679,0.37409233333333347,0.37399900000000025,0.0004458200932612554,3,0,2,25559040,send_recv,2,8,FP16
677,0.3749590000000003,0.3757190000000001,0.3754526666666668,0.37568000000000007,0.00034943796143065007,3,0,2,25690112,send_recv,2,8,FP16
678,0.37744000000000005,0.378639,0.37802600000000014,0.37799900000000025,0.0004898618852969096,3,0,2,25821184,send_recv,2,8,FP16
679,0.37904,0.38031899999999996,0.3797996666666667,0.3800400000000001,0.0005491085705233814,3,0,2,25952256,send_recv,2,8,FP16
680,0.3814390000000001,0.38255899999999976,0.3820793333333332,0.3822399999999998,0.00047114069613590174,3,0,2,26083328,send_recv,2,8,FP16
681,0.38211999999999996,0.38331899999999997,0.3826526666666667,0.3825190000000001,0.0004985313987659601,3,0,2,26214400,send_recv,2,8,FP16
682,0.3843199999999997,0.38492,0.38454633333333327,0.3843990000000001,0.0002661833119404451,3,0,2,26345472,send_recv,2,8,FP16
683,0.386039,0.386279,0.38614600000000004,0.38612,9.968951800463632e-05,3,0,2,26476544,send_recv,2,8,FP16
684,0.387439,0.38796,0.38773266666666667,0.387799,0.00021780776437544844,3,0,2,26607616,send_recv,2,8,FP16
685,0.3886790000000001,0.38983899999999994,0.38923933333333327,0.3891999999999998,0.000474384045075465,3,0,2,26738688,send_recv,2,8,FP16
686,0.391319,0.39196000000000003,0.3916393333333333,0.3916389999999999,0.00026168726033613994,3,0,2,26869760,send_recv,2,8,FP16
687,0.39299900000000026,0.39372000000000024,0.3933060000000002,0.3931990000000001,0.0003039155584478562,3,0,2,27000832,send_recv,2,8,FP16
688,0.3950790000000002,0.39595899999999984,0.3954126666666668,0.3952000000000003,0.0003894614515225926,3,0,2,27131904,send_recv,2,8,FP16
689,0.396479,0.39783900000000005,0.3969590000000001,0.3965590000000002,0.0006231104770958614,3,0,2,27262976,send_recv,2,8,FP16
690,0.39896000000000004,0.4003589999999999,0.39946600000000004,0.3990790000000002,0.000633312455796152,3,0,2,27394048,send_recv,2,8,FP16
691,0.40031999999999973,0.40152000000000043,0.4010800000000001,0.4014000000000001,0.000539629502529543,3,0,2,27525120,send_recv,2,8,FP16
692,0.40283899999999995,0.40339999999999965,0.4031326666666664,0.40315899999999966,0.00022978298940992946,3,0,2,27656192,send_recv,2,8,FP16
693,0.40352000000000043,0.4043600000000001,0.40406633333333347,0.404319,0.00038667844809619616,3,0,2,27787264,send_recv,2,8,FP16
694,0.40591999999999984,0.4077199999999998,0.4070533333333332,0.40752,0.0008055363982396597,3,0,2,27918336,send_recv,2,8,FP16
695,0.40712000000000037,0.40847900000000026,0.40777300000000016,0.4077199999999999,0.0005560737361177592,3,0,2,28049408,send_recv,2,8,FP16
696,0.4094000000000001,0.41052000000000044,0.4100930000000001,0.4103589999999999,0.0004944134572063473,3,0,2,28180480,send_recv,2,8,FP16
697,0.412279,0.413239,0.4127056666666668,0.41259900000000016,0.0003991101212558807,3,0,2,28311552,send_recv,2,8,FP16
698,0.4141199999999999,0.4144000000000001,0.4143063333333334,0.41439900000000013,0.000131758196034447,3,0,2,28442624,send_recv,2,8,FP16
699,0.41503999999999996,0.41696000000000005,0.4162266666666666,0.41667999999999983,0.0008468503737706902,3,0,2,28573696,send_recv,2,8,FP16
700,0.41731999999999997,0.41783899999999996,0.41757299999999997,0.41755999999999993,0.00021208017351935295,3,0,2,28704768,send_recv,2,8,FP16
701,0.41871999999999937,0.41915999999999987,0.4189066666666665,0.41884000000000016,0.00018571184369591952,3,0,2,28835840,send_recv,2,8,FP16
702,0.42079999999999995,0.4222800000000002,0.4215066666666667,0.42144000000000004,0.000606043636126161,3,0,2,28966912,send_recv,2,8,FP16
703,0.4229189999999999,0.42363900000000004,0.4232656666666666,0.4232389999999999,0.0002945429604583954,3,0,2,29097984,send_recv,2,8,FP16
704,0.4254000000000001,0.426439,0.4258126666666667,0.42559899999999995,0.00045027423742522804,3,0,2,29229056,send_recv,2,8,FP16
705,0.42652,0.42731899999999995,0.42689266666666664,0.426839,0.0003283903503792465,3,0,2,29360128,send_recv,2,8,FP16
706,0.42963900000000016,0.43031899999999995,0.43002566666666664,0.4301189999999999,0.0002853457941203383,3,0,2,29491200,send_recv,2,8,FP16
707,0.43148000000000003,0.432759,0.4322263333333334,0.43244000000000005,0.0005435686606941962,3,0,2,29622272,send_recv,2,8,FP16
708,0.4336800000000003,0.43432000000000065,0.4339463333333337,0.433839,0.00027207882844683374,3,0,2,29753344,send_recv,2,8,FP16
709,0.43428,0.435279,0.434653,0.4344000000000001,0.00044535154653373697,3,0,2,29884416,send_recv,2,8,FP16
710,0.4375590000000002,0.43832000000000065,0.4379193333333336,0.437879,0.00031198326165947127,3,0,2,30015488,send_recv,2,8,FP16
711,0.43876,0.44019900000000006,0.43958600000000003,0.439799,0.000606469015421811,3,0,2,30146560,send_recv,2,8,FP16
712,0.4409599999999998,0.4414390000000003,0.4412526666666665,0.4413589999999995,0.0002095078890056353,3,0,2,30277632,send_recv,2,8,FP16
713,0.44263999999999987,0.443799,0.4430926666666666,0.4428389999999999,0.0005060173470896107,3,0,2,30408704,send_recv,2,8,FP16
714,0.4438800000000001,0.44536000000000014,0.44466666666666677,0.44476,0.0006078011370688869,3,0,2,30539776,send_recv,2,8,FP16
715,0.44511900000000015,0.4469989999999998,0.4462926666666667,0.4467600000000002,0.0008356236526623377,3,0,2,30670848,send_recv,2,8,FP16
716,0.44827999999999973,0.4489590000000003,0.4485329999999999,0.4483599999999997,0.00030299284920080817,3,0,2,30801920,send_recv,2,8,FP16
717,0.44983899999999993,0.4503989999999999,0.450146,0.45020000000000004,0.00023178582067646445,3,0,2,30932992,send_recv,2,8,FP16
718,0.45224,0.45319899999999985,0.45273299999999983,0.4527599999999998,0.000391975339360303,3,0,2,31064064,send_recv,2,8,FP16
719,0.45304,0.4543600000000006,0.4537200000000001,0.4537599999999998,0.0005396295025295127,3,0,2,31195136,send_recv,2,8,FP16
720,0.4550399999999995,0.45647999999999955,0.4556266666666664,0.45536000000000015,0.0006173779681487422,3,0,2,31326208,send_recv,2,8,FP16
721,0.4569590000000003,0.45819899999999963,0.45777266666666666,0.45816000000000007,0.0005755694764509172,3,0,2,31457280,send_recv,2,8,FP16
722,0.4586790000000001,0.45955999999999997,0.4589863333333333,0.4587199999999998,0.0004059887792647598,3,0,2,31588352,send_recv,2,8,FP16
723,0.4601189999999997,0.461,0.4606529999999999,0.4608399999999999,0.0003832031663057598,3,0,2,31719424,send_recv,2,8,FP16
724,0.46164000000000033,0.46204000000000006,0.46185333333333345,0.4618799999999999,0.00016438437341238226,3,0,2,31850496,send_recv,2,8,FP16
725,0.46423899999999957,0.46579899999999996,0.4647856666666665,0.46431900000000004,0.0007172788083367649,3,0,2,31981568,send_recv,2,8,FP16
726,0.46703899999999976,0.4676799999999999,0.46727966666666654,0.4671199999999999,0.00028500331382091287,3,0,2,32112640,send_recv,2,8,FP16
727,0.4674400000000005,0.46943900000000033,0.468399666666667,0.4683200000000002,0.0008180302901209952,3,0,2,32243712,send_recv,2,8,FP16
728,0.4699990000000003,0.4712399999999999,0.47078633333333336,0.4711199999999999,0.0005588800308551837,3,0,2,32374784,send_recv,2,8,FP16
729,0.47160000000000035,0.47251900000000024,0.4720926666666667,0.47215899999999966,0.00037810080960262575,3,0,2,32505856,send_recv,2,8,FP16
730,0.4726799999999998,0.47480000000000006,0.4739196666666666,0.474279,0.0009020126877650167,3,0,2,32636928,send_recv,2,8,FP16
731,0.47479999999999994,0.4763200000000002,0.47553333333333336,0.47548,0.0006216823054334215,3,0,2,32768000,send_recv,2,8,FP16
732,0.47671999999999937,0.47755999999999993,0.4771999999999998,0.47731999999999997,0.00035327043465337285,3,0,2,32899072,send_recv,2,8,FP16
733,0.4784789999999994,0.47943899999999984,0.4788126666666663,0.47851999999999956,0.00044320073204931205,3,0,2,33030144,send_recv,2,8,FP16
734,0.4812000000000003,0.48172000000000026,0.4814130000000003,0.4813190000000002,0.00022245149283981939,3,0,2,33161216,send_recv,2,8,FP16
735,0.48292000000000007,0.4841199999999999,0.4835463333333332,0.4835989999999997,0.000491311397067893,3,0,2,33292288,send_recv,2,8,FP16
736,0.48555899999999996,0.48603999999999997,0.48571933333333334,0.48555899999999996,0.00022674557450049057,3,0,2,33423360,send_recv,2,8,FP16
737,0.486759,0.48783899999999997,0.4871193333333333,0.48676,0.0005088813439518105,3,0,2,33554432,send_recv,2,8,FP16
738,0.48927999999999977,0.49023900000000004,0.4899193333333333,0.49023900000000004,0.0004520769354387244,3,0,2,33685504,send_recv,2,8,FP16
739,0.491,0.4921599999999999,0.4916133333333333,0.49167999999999995,0.00047590848793528,3,0,2,33816576,send_recv,2,8,FP16
740,0.49351900000000004,0.49455999999999994,0.4940796666666665,0.49415999999999943,0.0004287659294092275,3,0,2,33947648,send_recv,2,8,FP16
741,0.49536000000000013,0.495799,0.49559966666666666,0.49563999999999997,0.00018147604678175032,3,0,2,34078720,send_recv,2,8,FP16
742,0.497,0.498039,0.49758600000000003,0.4977190000000001,0.0004344705590332646,3,0,2,34209792,send_recv,2,8,FP16
743,0.4984400000000005,0.50056,0.49966666666666687,0.5,0.0008970073702159985,3,0,2,34340864,send_recv,2,8,FP16
744,0.5008400000000001,0.5021990000000001,0.5017063333333334,0.50208,0.0006145135384097454,3,0,2,34471936,send_recv,2,8,FP16
745,0.501559,0.50332,0.5026263333333333,0.503,0.000765941831269778,3,0,2,34603008,send_recv,2,8,FP16
746,0.504239,0.5057590000000001,0.5050526666666667,0.5051599999999999,0.000625161490247857,3,0,2,34734080,send_recv,2,8,FP16
747,0.5058400000000002,0.5075189999999994,0.5068796666666665,0.5072800000000002,0.0007416020196542196,3,0,2,34865152,send_recv,2,8,FP16
748,0.50888,0.5092399999999998,0.5090666666666667,0.5090800000000002,0.000147271480229093,3,0,2,34996224,send_recv,2,8,FP16
749,0.5094400000000001,0.5105999999999995,0.5102129999999999,0.5105989999999999,0.0005465936943164054,3,0,2,35127296,send_recv,2,8,FP16
750,0.51152,0.5127999999999999,0.5123066666666667,0.5126000000000002,0.0005622178304615652,3,0,2,35258368,send_recv,2,8,FP16
751,0.5132800000000002,0.5153589999999999,0.5144263333333333,0.51464,0.0008620906113756375,3,0,2,35389440,send_recv,2,8,FP16
752,0.5153999999999999,0.516119,0.515853,0.5160399999999999,0.00032193891760192865,3,0,2,35520512,send_recv,2,8,FP16
753,0.5168789999999999,0.5170790000000002,0.5169726666666667,0.5169600000000001,8.213944782447155e-05,3,0,2,35651584,send_recv,2,8,FP16
754,0.5186,0.5193600000000002,0.5188666666666668,0.5186400000000003,0.000349221356098917,3,0,2,35782656,send_recv,2,8,FP16
755,0.5209600000000001,0.5211990000000001,0.5210793333333333,0.5210789999999997,9.757162611241775e-05,3,0,2,35913728,send_recv,2,8,FP16
756,0.52316,0.5233600000000002,0.5232933333333333,0.52336,9.428090415827445e-05,3,0,2,36044800,send_recv,2,8,FP16
757,0.5242389999999996,0.5247999999999999,0.5245726666666665,0.5246790000000001,0.00024105370540396915,3,0,2,36175872,send_recv,2,8,FP16
758,0.526,0.5275200000000004,0.5269600000000002,0.52736,0.0006819579654691535,3,0,2,36306944,send_recv,2,8,FP16
759,0.52812,0.5287999999999997,0.5284133333333333,0.5283199999999999,0.0002853457941203063,3,0,2,36438016,send_recv,2,8,FP16
760,0.5294800000000001,0.5309189999999999,0.5302796666666665,0.5304399999999996,0.0005983089131505922,3,0,2,36569088,send_recv,2,8,FP16
761,0.5314800000000001,0.53204,0.5317466666666668,0.5317200000000003,0.00022939534045441555,3,0,2,36700160,send_recv,2,8,FP16
762,0.5342399999999998,0.5346400000000003,0.5344000000000001,0.53432,0.00017281975195775005,3,0,2,36831232,send_recv,2,8,FP16
763,0.536,0.5363600000000006,0.5361596666666668,0.5361189999999997,0.00014975609800263958,3,0,2,36962304,send_recv,2,8,FP16
764,0.5376800000000003,0.5388800000000001,0.5383733333333335,0.5385599999999999,0.0005073679357449928,3,0,2,37093376,send_recv,2,8,FP16
765,0.5386000000000001,0.5401599999999999,0.5393063333333333,0.539159,0.0006453321280979545,3,0,2,37224448,send_recv,2,8,FP16
766,0.5415199999999996,0.5422399999999998,0.5417599999999998,0.54152,0.00033941125496956827,3,0,2,37355520,send_recv,2,8,FP16
767,0.5422,0.5436400000000003,0.5431196666666668,0.5435189999999998,0.0006521760157776427,3,0,2,37486592,send_recv,2,8,FP16
768,0.54464,0.5451599999999999,0.5448666666666667,0.5448000000000002,0.0002174600857372525,3,0,2,37617664,send_recv,2,8,FP16
769,0.54552,0.5474400000000005,0.5463066666666668,0.54596,0.0008212727250367261,3,0,2,37748736,send_recv,2,8,FP16
770,0.54904,0.550679,0.5496930000000001,0.5493600000000002,0.0007093410087303975,3,0,2,37879808,send_recv,2,8,FP16
771,0.55152,0.55196,0.5517196666666667,0.551679,0.0001819163421893546,3,0,2,38010880,send_recv,2,8,FP16
772,0.5534800000000001,0.555799,0.5546530000000001,0.5546800000000003,0.0009469202711949792,3,0,2,38141952,send_recv,2,8,FP16
773,0.555,0.556799,0.5558926666666668,0.5558790000000003,0.0007345022502045517,3,0,2,38273024,send_recv,2,8,FP16
774,0.5580799999999999,0.55848,0.5583066666666665,0.5583599999999996,0.00016759740119968102,3,0,2,38404096,send_recv,2,8,FP16
775,0.5587600000000003,0.5602800000000002,0.5596800000000001,0.5599999999999996,0.000660504857413263,3,0,2,38535168,send_recv,2,8,FP16
776,0.5616790000000002,0.5626389999999999,0.5620926666666667,0.56196,0.000402989109309593,3,0,2,38666240,send_recv,2,8,FP16
777,0.5626000000000001,0.5631600000000003,0.5629200000000002,0.5630000000000001,0.00023551362310214802,3,0,2,38797312,send_recv,2,8,FP16
778,0.5645600000000002,0.5656399999999999,0.5651863333333335,0.5653590000000001,0.00045750069823859195,3,0,2,38928384,send_recv,2,8,FP16
779,0.566319,0.5672800000000007,0.5669196666666669,0.5671600000000001,0.00042755142640668906,3,0,2,39059456,send_recv,2,8,FP16
780,0.5682399999999997,0.5687600000000003,0.5685596666666667,0.568679,0.00022844449848701158,3,0,2,39190528,send_recv,2,8,FP16
781,0.57016,0.5708000000000002,0.5705596666666667,0.5707190000000001,0.0002845350984013446,3,0,2,39321600,send_recv,2,8,FP16
782,0.5718800000000002,0.5727199999999993,0.5723729999999997,0.5725189999999993,0.00035813126085239766,3,0,2,39452672,send_recv,2,8,FP16
783,0.5731990000000001,0.5745990000000002,0.5740523333333335,0.5743590000000004,0.0006113009806052737,3,0,2,39583744,send_recv,2,8,FP16
784,0.5744790000000001,0.5763989999999999,0.575546,0.57576,0.0007983094638045379,3,0,2,39714816,send_recv,2,8,FP16
785,0.5770389999999997,0.5775600000000004,0.5773330000000003,0.5774000000000006,0.00021790976725884437,3,0,2,39845888,send_recv,2,8,FP16
786,0.57852,0.5801600000000008,0.5792800000000004,0.5791600000000001,0.0006748827058586558,3,0,2,39976960,send_recv,2,8,FP16
787,0.5812400000000002,0.5816800000000001,0.5815066666666665,0.5815999999999995,0.00019136933459194095,3,0,2,40108032,send_recv,2,8,FP16
788,0.5834790000000003,0.5837600000000002,0.5835730000000002,0.5834800000000001,0.00013222959830031165,3,0,2,40239104,send_recv,2,8,FP16
789,0.5844789999999994,0.5859200000000001,0.585013,0.5846400000000004,0.0006447051005435313,3,0,2,40370176,send_recv,2,8,FP16
790,0.5858799999999996,0.5877199999999999,0.5865599999999999,0.5860799999999999,0.0008242976808573394,3,0,2,40501248,send_recv,2,8,FP16
791,0.5885999999999995,0.58904,0.5888,0.5887600000000003,0.00018184242262665994,3,0,2,40632320,send_recv,2,8,FP16
792,0.5907200000000002,0.5922000000000001,0.5912933333333334,0.59096,0.0006485539470407651,3,0,2,40763392,send_recv,2,8,FP16
793,0.59176,0.59272,0.5923196666666667,0.5924790000000003,0.00040779106850887843,3,0,2,40894464,send_recv,2,8,FP16
794,0.59288,0.594079,0.593506,0.593559,0.0004909222613272793,3,0,2,41025536,send_recv,2,8,FP16
795,0.595,0.59604,0.5956133333333334,0.5958000000000002,0.0004446221866809291,3,0,2,41156608,send_recv,2,8,FP16
796,0.5967999999999998,0.5986,0.5975466666666668,0.5972400000000007,0.000766173754589789,3,0,2,41287680,send_recv,2,8,FP16
797,0.5987600000000002,0.5998800000000001,0.5993333333333335,0.5993600000000001,0.00045762672804610554,3,0,2,41418752,send_recv,2,8,FP16
798,0.6008389999999999,0.6021200000000001,0.6013863333333334,0.6012000000000001,0.0005393084048627761,3,0,2,41549824,send_recv,2,8,FP16
799,0.6028000000000002,0.6034800000000005,0.6031466666666672,0.6031600000000008,0.0002777688887467658,3,0,2,41680896,send_recv,2,8,FP16
800,0.6042000000000003,0.6057200000000003,0.6049600000000003,0.6049600000000002,0.0006205374015050578,3,0,2,41811968,send_recv,2,8,FP16
801,0.605799,0.60696,0.6063863333333334,0.6063999999999999,0.0004740747714115555,3,0,2,41943040,send_recv,2,8,FP16
802,0.60948,0.6111199999999999,0.6105066666666666,0.6109200000000001,0.0007305401350294609,3,0,2,42074112,send_recv,2,8,FP16
803,0.6111199999999999,0.6128,0.6122266666666667,0.6127600000000002,0.0007827018731435232,3,0,2,42205184,send_recv,2,8,FP16
804,0.6139200000000001,0.6155200000000004,0.6145333333333335,0.6141599999999998,0.0007045250567267357,3,0,2,42336256,send_recv,2,8,FP16
805,0.6155199999999995,0.6163199999999998,0.6157866666666666,0.6155200000000004,0.0003771236166327315,3,0,2,42467328,send_recv,2,8,FP16
806,0.6177199999999994,0.61852,0.6180799999999999,0.618,0.0003314614105243679,3,0,2,42598400,send_recv,2,8,FP16
807,0.6185590000000002,0.6206400000000003,0.6196663333333335,0.6198,0.0008548061508644002,3,0,2,42729472,send_recv,2,8,FP16
808,0.6218800000000001,0.6235600000000004,0.6225866666666667,0.6223199999999998,0.0007113055289788216,3,0,2,42860544,send_recv,2,8,FP16
809,0.6225199999999995,0.6238800000000001,0.6232129999999999,0.6232390000000001,0.0005555219767632383,3,0,2,42991616,send_recv,2,8,FP16
810,0.62452,0.6258790000000001,0.6250396666666668,0.62472,0.0005990883815339198,3,0,2,43122688,send_recv,2,8,FP16
811,0.6257599999999998,0.6273599999999997,0.626733333333333,0.6270799999999997,0.0006976786907707054,3,0,2,43253760,send_recv,2,8,FP16
812,0.6281599999999998,0.6288400000000002,0.6284000000000001,0.6282000000000001,0.0003115552385480519,3,0,2,43384832,send_recv,2,8,FP16
813,0.6302399999999998,0.6311599999999998,0.6307599999999997,0.6308799999999992,0.00038505410875178136,3,0,2,43515904,send_recv,2,8,FP16
814,0.6311199999999999,0.6335600000000005,0.63216,0.6317999999999997,0.0010281374745953152,3,0,2,43646976,send_recv,2,8,FP16
815,0.6331189999999999,0.63452,0.6335863333333333,0.63312,0.0006602021575918285,3,0,2,43778048,send_recv,2,8,FP16
816,0.6361199999999999,0.6365989999999997,0.6363463333333332,0.6363200000000001,0.0001964354573106627,3,0,2,43909120,send_recv,2,8,FP16
817,0.6374790000000002,0.637679,0.6375860000000001,0.6376,8.224759368302989e-05,3,0,2,44040192,send_recv,2,8,FP16
818,0.63836,0.6403989999999995,0.6392926666666664,0.6391189999999997,0.0008414274907690302,3,0,2,44171264,send_recv,2,8,FP16
819,0.64092,0.641919,0.6415463333333333,0.6417999999999999,0.00044554111918975765,3,0,2,44302336,send_recv,2,8,FP16
820,0.6431999999999999,0.6437599999999993,0.6435729999999998,0.6437590000000001,0.0002637511453370822,3,0,2,44433408,send_recv,2,8,FP16
821,0.6448789999999999,0.6467199999999994,0.6456529999999997,0.6453599999999997,0.0007796182826655417,3,0,2,44564480,send_recv,2,8,FP16
822,0.6469600000000001,0.64784,0.6474799999999998,0.6476399999999994,0.00037665191711521725,3,0,2,44695552,send_recv,2,8,FP16
823,0.6480800000000002,0.6495599999999999,0.6487600000000001,0.6486400000000003,0.0006101365967277323,3,0,2,44826624,send_recv,2,8,FP16
824,0.6504399999999998,0.65156,0.6510266666666666,0.65108,0.0004587906809090376,3,0,2,44957696,send_recv,2,8,FP16
825,0.6514789999999994,0.6529200000000003,0.6520526666666666,0.651759,0.000623859136522525,3,0,2,45088768,send_recv,2,8,FP16
826,0.65344,0.6545999999999995,0.6538799999999997,0.6535999999999995,0.0005132900414643933,3,0,2,45219840,send_recv,2,8,FP16
827,0.6549600000000001,0.6560799999999999,0.6553466666666666,0.655,0.0005188020388890817,3,0,2,45350912,send_recv,2,8,FP16
828,0.6578800000000001,0.6593190000000004,0.6584930000000003,0.6582800000000002,0.0006064690154219117,3,0,2,45481984,send_recv,2,8,FP16
829,0.65904,0.6607189999999998,0.6596263333333332,0.6591199999999999,0.0007733219826752685,3,0,2,45613056,send_recv,2,8,FP16
830,0.6608000000000002,0.6629199999999996,0.6615199999999999,0.66084,0.0009900841715057569,3,0,2,45744128,send_recv,2,8,FP16
831,0.66168,0.6635599999999999,0.6628263333333334,0.6632390000000005,0.0008211050819204651,3,0,2,45875200,send_recv,2,8,FP16
832,0.66448,0.6647199999999999,0.6646133333333334,0.6646400000000003,9.977753031397266e-05,3,0,2,46006272,send_recv,2,8,FP16
833,0.666,0.66736,0.6665863333333335,0.6663990000000004,0.0005708008019926622,3,0,2,46137344,send_recv,2,8,FP16
834,0.6691190000000006,0.670559,0.6696526666666669,0.66928,0.0006442361540786353,3,0,2,46268416,send_recv,2,8,FP16
835,0.6704800000000005,0.6721199999999999,0.6714930000000002,0.671879,0.0007230246653235913,3,0,2,46399488,send_recv,2,8,FP16
836,0.6740389999999997,0.6747600000000002,0.6743060000000002,0.6741190000000006,0.00032268353950382913,3,0,2,46530560,send_recv,2,8,FP16
837,0.67452,0.6761999999999999,0.6751066666666669,0.6746000000000004,0.0007737929668556997,3,0,2,46661632,send_recv,2,8,FP16
838,0.6776389999999999,0.6786400000000001,0.6780530000000001,0.6778800000000001,0.00042657316683862595,3,0,2,46792704,send_recv,2,8,FP16
839,0.6782800000000001,0.67996,0.67916,0.6792400000000001,0.0006881860213633714,3,0,2,46923776,send_recv,2,8,FP16
840,0.6797190000000001,0.6820799999999999,0.6811996666666665,0.6817999999999993,0.0010532110688533177,3,0,2,47054848,send_recv,2,8,FP16
841,0.6821200000000004,0.6838800000000002,0.6828800000000003,0.6826399999999999,0.0007382863039949912,3,0,2,47185920,send_recv,2,8,FP16
842,0.6849590000000003,0.6856399999999999,0.6852396666666668,0.68512,0.0002906089392215553,3,0,2,47316992,send_recv,2,8,FP16
843,0.6873600000000002,0.6884000000000001,0.6877599999999999,0.6875199999999996,0.0004572380853196018,3,0,2,47448064,send_recv,2,8,FP16
844,0.688919,0.6902799999999998,0.689546333333333,0.6894399999999996,0.0005606902492067243,3,0,2,47579136,send_recv,2,8,FP16
845,0.6904400000000005,0.6924390000000004,0.6913196666666669,0.6910800000000001,0.000833498783575703,3,0,2,47710208,send_recv,2,8,FP16
846,0.6928000000000002,0.6943600000000001,0.6935866666666669,0.6936000000000003,0.0006369371153330883,3,0,2,47841280,send_recv,2,8,FP16
847,0.6936389999999997,0.6960799999999999,0.6949463333333333,0.6951200000000004,0.0010040718212471131,3,0,2,47972352,send_recv,2,8,FP16
848,0.6960390000000001,0.6977199999999998,0.696946,0.6970789999999998,0.0006926793389920703,3,0,2,48103424,send_recv,2,8,FP16
849,0.6970000000000001,0.6978400000000001,0.69748,0.6975999999999994,0.00035327043465306493,3,0,2,48234496,send_recv,2,8,FP16
850,0.6983999999999997,0.7005600000000002,0.6993866666666667,0.6992,0.000891640186522885,3,0,2,48365568,send_recv,2,8,FP16
851,0.7004400000000001,0.7017200000000002,0.70104,0.70096,0.0005256107558514623,3,0,2,48496640,send_recv,2,8,FP16
852,0.7024389999999999,0.70384,0.7031863333333334,0.7032800000000002,0.0005757779278700113,3,0,2,48627712,send_recv,2,8,FP16
853,0.7044399999999996,0.7051199999999999,0.7048666666666664,0.70504,0.00030346151137989875,3,0,2,48758784,send_recv,2,8,FP16
854,0.7061199999999999,0.70848,0.7070266666666667,0.70648,0.0010381179551905333,3,0,2,48889856,send_recv,2,8,FP16
855,0.707,0.7092799999999998,0.7084266666666665,0.709,0.0010152613237760335,3,0,2,49020928,send_recv,2,8,FP16
856,0.7096000000000003,0.7106400000000004,0.7102266666666669,0.7104400000000001,0.0004505798732990579,3,0,2,49152000,send_recv,2,8,FP16
857,0.7107200000000002,0.7117600000000001,0.7112533333333335,0.7112800000000002,0.0004249967320135075,3,0,2,49283072,send_recv,2,8,FP16
858,0.71324,0.7142000000000001,0.7138400000000001,0.7140800000000002,0.0004270831300813052,3,0,2,49414144,send_recv,2,8,FP16
859,0.715,0.7162390000000001,0.7158126666666665,0.7161989999999996,0.0005748740924951762,3,0,2,49545216,send_recv,2,8,FP16
860,0.7187600000000003,0.7193999999999997,0.7191733333333331,0.7193599999999997,0.0002927266453343866,3,0,2,49676288,send_recv,2,8,FP16
861,0.7191599999999999,0.7216,0.7199866666666667,0.7191999999999998,0.0011409158114817426,3,0,2,49807360,send_recv,2,8,FP16
862,0.7212399999999998,0.7234799999999996,0.7220933333333331,0.72156,0.0009891859728527429,3,0,2,49938432,send_recv,2,8,FP16
863,0.7235600000000004,0.72528,0.7245200000000002,0.7247200000000003,0.0007162867209898886,3,0,2,50069504,send_recv,2,8,FP16
864,0.7258000000000011,0.7274000000000006,0.726573333333334,0.7265199999999999,0.0006542850211403664,3,0,2,50200576,send_recv,2,8,FP16
865,0.7263599999999997,0.7276799999999999,0.727173333333333,0.7274799999999996,0.0005808805576211623,3,0,2,50331648,send_recv,2,8,FP16
866,0.7292400000000002,0.7312399999999998,0.73016,0.73,0.0008242976808570879,3,0,2,50462720,send_recv,2,8,FP16
867,0.7301600000000004,0.7327599999999997,0.7317866666666669,0.7324400000000005,0.001157622083794431,3,0,2,50593792,send_recv,2,8,FP16
868,0.7330000000000004,0.7341200000000008,0.733506666666667,0.7333999999999996,0.0004634172585864214,3,0,2,50724864,send_recv,2,8,FP16
869,0.7346000000000004,0.7348000000000002,0.7347066666666668,0.73472,8.219218670618514e-05,3,0,2,50855936,send_recv,2,8,FP16
870,0.7361999999999999,0.7373200000000002,0.7367733333333334,0.7368000000000002,0.000457626728046291,3,0,2,50987008,send_recv,2,8,FP16
871,0.7376800000000001,0.740439,0.7394263333333333,0.7401599999999998,0.0012400861081212492,3,0,2,51118080,send_recv,2,8,FP16
872,0.7401599999999998,0.7419200000000001,0.7411333333333333,0.74132,0.0007305401350296061,3,0,2,51249152,send_recv,2,8,FP16
873,0.7424400000000001,0.7425190000000003,0.7424793333333336,0.7424790000000001,3.225247621852485e-05,3,0,2,51380224,send_recv,2,8,FP16
874,0.7444400000000005,0.7458400000000002,0.7449200000000004,0.7444800000000005,0.000650743164901835,3,0,2,51511296,send_recv,2,8,FP16
875,0.74588,0.7482000000000003,0.7471333333333335,0.7473200000000002,0.000956289124108993,3,0,2,51642368,send_recv,2,8,FP16
876,0.7482800000000002,0.74928,0.7486799999999999,0.7484799999999996,0.0004320493798938441,3,0,2,51773440,send_recv,2,8,FP16
877,0.7492000000000001,0.7511200000000001,0.7504533333333337,0.7510400000000009,0.0008868420879103745,3,0,2,51904512,send_recv,2,8,FP16
878,0.75208,0.7535590000000001,0.7526796666666669,0.7524000000000005,0.0006353583415854324,3,0,2,52035584,send_recv,2,8,FP16
879,0.7542390000000001,0.7556000000000004,0.7546930000000002,0.75424,0.00064134598047143,3,0,2,52166656,send_recv,2,8,FP16
880,0.7555189999999994,0.7569999999999999,0.7563863333333333,0.7566400000000003,0.0006306612050506363,3,0,2,52297728,send_recv,2,8,FP16
881,0.7566790000000001,0.7575199999999995,0.7572263333333332,0.75748,0.00038736746837522777,3,0,2,52428800,send_recv,2,8,FP16
882,0.7592799999999997,0.7606399999999994,0.7598133333333331,0.75952,0.0005926962872236283,3,0,2,52559872,send_recv,2,8,FP16
883,0.7603600000000001,0.76252,0.7615196666666666,0.7616789999999999,0.0008889845642953613,3,0,2,52690944,send_recv,2,8,FP16
884,0.76292,0.7634400000000001,0.7632666666666669,0.7634400000000001,0.0002451303508113723,3,0,2,52822016,send_recv,2,8,FP16
885,0.7639999999999991,0.7643199999999998,0.7641733333333329,0.7641999999999999,0.00013199326582178161,3,0,2,52953088,send_recv,2,8,FP16
886,0.76596,0.767,0.7664666666666667,0.7664400000000001,0.0004249967320135934,3,0,2,53084160,send_recv,2,8,FP16
887,0.7678399999999993,0.7681199999999999,0.7680133333333331,0.76808,0.00012364824660690863,3,0,2,53215232,send_recv,2,8,FP16
888,0.7691599999999998,0.77208,0.7706799999999999,0.7707999999999999,0.0011951011114825427,3,0,2,53346304,send_recv,2,8,FP16
889,0.77008,0.7718800000000001,0.7712533333333335,0.7718000000000002,0.0008303145321035511,3,0,2,53477376,send_recv,2,8,FP16
890,0.7728799999999997,0.7733599999999997,0.773133333333333,0.7731599999999998,0.0001968643074698001,3,0,2,53608448,send_recv,2,8,FP16
891,0.7739600000000001,0.7766,0.77556,0.77612,0.0011482160075525353,3,0,2,53739520,send_recv,2,8,FP16
892,0.7771200000000008,0.7789600000000001,0.7782666666666668,0.7787199999999994,0.0008167142843255958,3,0,2,53870592,send_recv,2,8,FP16
893,0.7788799999999999,0.7805600000000001,0.7794533333333332,0.7789200000000001,0.0007827018731434998,3,0,2,54001664,send_recv,2,8,FP16
894,0.7812399999999998,0.7824,0.78188,0.782,0.00048110982807124077,3,0,2,54132736,send_recv,2,8,FP16
895,0.78308,0.7843199999999997,0.7838800000000002,0.7842400000000007,0.0005666274496234244,3,0,2,54263808,send_recv,2,8,FP16
896,0.78536,0.7869600000000001,0.7862133333333333,0.7863199999999999,0.0006575374936500815,3,0,2,54394880,send_recv,2,8,FP16
897,0.78652,0.7874000000000001,0.7869599999999997,0.7869599999999991,0.00035925849560824145,3,0,2,54525952,send_recv,2,8,FP16
898,0.7898000000000011,0.7912400000000007,0.7906666666666672,0.7909599999999999,0.0006233957188029644,3,0,2,54657024,send_recv,2,8,FP16
899,0.7920000000000005,0.7937599999999998,0.7931066666666666,0.7935599999999995,0.0007867796529026567,3,0,2,54788096,send_recv,2,8,FP16
900,0.794,0.7950000000000003,0.7946400000000001,0.7949200000000001,0.00045372532072469364,3,0,2,54919168,send_recv,2,8,FP16
901,0.7955599999999999,0.7964399999999987,0.795853333333333,0.7955600000000004,0.0004148359782954237,3,0,2,55050240,send_recv,2,8,FP16
902,0.7971199999999999,0.7983199999999997,0.7976399999999998,0.7974799999999996,0.0005027922035989842,3,0,2,55181312,send_recv,2,8,FP16
903,0.7984000000000006,0.8006000000000001,0.7997333333333335,0.8002,0.0009568466729602616,3,0,2,55312384,send_recv,2,8,FP16
904,0.8012799999999989,0.8028000000000002,0.8021733333333332,0.8024400000000005,0.0006485539470414544,3,0,2,55443456,send_recv,2,8,FP16
905,0.8032799999999998,0.8039200000000001,0.8035200000000002,0.8033600000000006,0.0002847220867208182,3,0,2,55574528,send_recv,2,8,FP16
906,0.80448,0.8054399999999996,0.8050933333333331,0.8053599999999997,0.0004349201714745232,3,0,2,55705600,send_recv,2,8,FP16
907,0.805,0.80796,0.8063466666666667,0.8060799999999999,0.0012230381115166473,3,0,2,55836672,send_recv,2,8,FP16
908,0.80812,0.8095599999999995,0.8088003333333331,0.808721,0.000590547956468108,3,0,2,55967744,send_recv,2,8,FP16
909,0.80956,0.8108809999999999,0.8104403333333337,0.810880000000001,0.0006224898035758092,3,0,2,56098816,send_recv,2,8,FP16
910,0.81196,0.8137200000000012,0.8126000000000003,0.81212,0.0007946487693739834,3,0,2,56229888,send_recv,2,8,FP16
911,0.8141600000000008,0.8153999999999997,0.8149733333333334,0.8153599999999996,0.000575345306943248,3,0,2,56360960,send_recv,2,8,FP16
912,0.8167199999999998,0.8169200000000001,0.81684,0.8168800000000002,8.64098759789264e-05,3,0,2,56492032,send_recv,2,8,FP16
913,0.8173999999999997,0.8182400000000007,0.8176800000000002,0.8174000000000001,0.0003959797974648626,3,0,2,56623104,send_recv,2,8,FP16
914,0.8191600000000001,0.8218400000000001,0.8201333333333333,0.8193999999999997,0.0012107665157063856,3,0,2,56754176,send_recv,2,8,FP16
915,0.82116,0.8224000000000006,0.8219466666666668,0.8222799999999998,0.0005584104424366978,3,0,2,56885248,send_recv,2,8,FP16
916,0.8233999999999997,0.8258000000000002,0.8244133333333332,0.82404,0.001014735871490353,3,0,2,57016320,send_recv,2,8,FP16
917,0.8246000000000003,0.8268399999999999,0.8254666666666668,0.82496,0.000982151832570676,3,0,2,57147392,send_recv,2,8,FP16
918,0.8266799999999994,0.8292399999999998,0.8276533333333331,0.82704,0.001131527973828167,3,0,2,57278464,send_recv,2,8,FP16
919,0.8288,0.82952,0.8292666666666665,0.8294799999999996,0.00033038697848962435,3,0,2,57409536,send_recv,2,8,FP16
920,0.8310800000000002,0.8326400000000004,0.8318133333333334,0.83172,0.0006402777175223964,3,0,2,57540608,send_recv,2,8,FP16
921,0.8320799999999999,0.8334000000000001,0.8325600000000003,0.8322000000000007,0.0005959865770299939,3,0,2,57671680,send_recv,2,8,FP16
922,0.83304,0.8349600000000005,0.8343200000000003,0.83496,0.0009050966799189009,3,0,2,57802752,send_recv,2,8,FP16
923,0.8346000000000003,0.8378400000000001,0.8363733333333335,0.8366800000000001,0.0013403813719318745,3,0,2,57933824,send_recv,2,8,FP16
924,0.8373599999999997,0.8393200000000006,0.8382533333333334,0.8380799999999999,0.0008094991592889645,3,0,2,58064896,send_recv,2,8,FP16
925,0.83904,0.8394400000000001,0.8392933333333334,0.8394000000000001,0.00017987650084313938,3,0,2,58195968,send_recv,2,8,FP16
926,0.8402400000000008,0.8415200000000005,0.8408266666666672,0.8407200000000002,0.0005279730632858704,3,0,2,58327040,send_recv,2,8,FP16
927,0.8430799999999999,0.8439599999999999,0.8436399999999998,0.8438799999999996,0.0003973243846866378,3,0,2,58458112,send_recv,2,8,FP16
928,0.8449200000000001,0.8469199999999992,0.8457466666666663,0.8453999999999997,0.0008524995927007569,3,0,2,58589184,send_recv,2,8,FP16
929,0.8454399999999996,0.84804,0.8465466666666664,0.8461599999999999,0.0010960940754435858,3,0,2,58720256,send_recv,2,8,FP16
930,0.8503599999999999,0.851,0.8505866666666665,0.8503999999999996,0.0002927266453347709,3,0,2,58851328,send_recv,2,8,FP16
931,0.85236,0.8536400000000004,0.8531333333333335,0.8534,0.0005555377774934499,3,0,2,58982400,send_recv,2,8,FP16
932,0.8536799999999994,0.856,0.8551733333333331,0.8558400000000002,0.0010579645026604187,3,0,2,59113472,send_recv,2,8,FP16
933,0.85508,0.8568399999999993,0.8559066666666665,0.8558000000000002,0.0007224649164873761,3,0,2,59244544,send_recv,2,8,FP16
934,0.8584009999999999,0.86004,0.8589603333333332,0.8584400000000001,0.0007636056282896267,3,0,2,59375616,send_recv,2,8,FP16
935,0.859,0.8613199999999998,0.8601733333333329,0.860199999999999,0.000947323715644249,3,0,2,59506688,send_recv,2,8,FP16
936,0.8615999999999999,0.8632800000000007,0.8626533333333333,0.8630799999999991,0.0007492811369721721,3,0,2,59637760,send_recv,2,8,FP16
937,0.8630000000000009,0.8648400000000002,0.8637866666666673,0.8635200000000005,0.0007744819056774579,3,0,2,59768832,send_recv,2,8,FP16
938,0.86504,0.8663200000000006,0.865706666666667,0.8657600000000001,0.0005239168721172681,3,0,2,59899904,send_recv,2,8,FP16
939,0.86648,0.8674400000000001,0.8670800000000002,0.8673200000000006,0.0004270831300813884,3,0,2,60030976,send_recv,2,8,FP16
940,0.8674000000000015,0.87032,0.8688666666666672,0.8688800000000001,0.0011921222905197561,3,0,2,60162048,send_recv,2,8,FP16
941,0.86904,0.87072,0.8700533333333333,0.8704000000000001,0.0007283466817998843,3,0,2,60293120,send_recv,2,8,FP16
942,0.87,0.8731999999999999,0.8719066666666667,0.8725200000000001,0.0013765012007097832,3,0,2,60424192,send_recv,2,8,FP16
943,0.8731999999999999,0.8748400000000002,0.8737599999999999,0.8732399999999998,0.0007638498979949614,3,0,2,60555264,send_recv,2,8,FP16
944,0.8753199999999998,0.8765999999999995,0.8761066666666663,0.8763999999999996,0.0005622178304614424,3,0,2,60686336,send_recv,2,8,FP16
945,0.8774400000000006,0.8794400000000001,0.87824,0.8778399999999993,0.0008640987597877052,3,0,2,60817408,send_recv,2,8,FP16
946,0.8786800000000003,0.8813599999999997,0.8796533333333333,0.8789200000000001,0.0012107665157060279,3,0,2,60948480,send_recv,2,8,FP16
947,0.8809600000000001,0.8831200000000001,0.8819600000000002,0.8818000000000003,0.0008890444308357264,3,0,2,61079552,send_recv,2,8,FP16
948,0.8826800000000004,0.8837600000000002,0.8833466666666667,0.8835999999999995,0.0004759084879351338,3,0,2,61210624,send_recv,2,8,FP16
949,0.8831199999999999,0.8845999999999999,0.8838133333333333,0.8837200000000003,0.0006078011370688755,3,0,2,61341696,send_recv,2,8,FP16
950,0.8847600000000002,0.8866800000000004,0.8858800000000002,0.8862000000000003,0.0008158431221749066,3,0,2,61472768,send_recv,2,8,FP16
951,0.88792,0.8903999999999999,0.8890266666666665,0.8887599999999998,0.0010298651475907424,3,0,2,61603840,send_recv,2,8,FP16
952,0.8900399999999999,0.89108,0.8906933333333334,0.8909600000000001,0.00046456670373828794,3,0,2,61734912,send_recv,2,8,FP16
953,0.8906400000000003,0.892241,0.8915203333333336,0.8916800000000004,0.0006632849228564718,3,0,2,61865984,send_recv,2,8,FP16
954,0.8933199999999998,0.896,0.8943333333333333,0.8936799999999999,0.0011876400502210647,3,0,2,61997056,send_recv,2,8,FP16
955,0.8965600000000005,0.8974799999999996,0.8971603333333333,0.8974409999999998,0.0004247982527685964,3,0,2,62128128,send_recv,2,8,FP16
956,0.8974400000000006,0.8986800000000003,0.8978799999999998,0.8975199999999987,0.0005666274496236124,3,0,2,62259200,send_recv,2,8,FP16
957,0.8974799999999999,0.9005600000000005,0.8988799999999997,0.8985999999999985,0.0012728969583856835,3,0,2,62390272,send_recv,2,8,FP16
958,0.9006009999999997,0.90208,0.9014136666666666,0.9015599999999999,0.000612601193454926,3,0,2,62521344,send_recv,2,8,FP16
959,0.9034399999999998,0.905,0.9043066666666665,0.9044799999999996,0.0006485539470408815,3,0,2,62652416,send_recv,2,8,FP16
960,0.90604,0.9076000000000002,0.9066133333333334,0.9061999999999998,0.0007007297783185897,3,0,2,62783488,send_recv,2,8,FP16
961,0.9055609999999997,0.9083199999999997,0.9070273333333331,0.9072009999999996,0.001133031430377008,3,0,2,62914560,send_recv,2,8,FP16
962,0.9109600000000005,0.91224,0.9114000000000001,0.9109999999999996,0.0005941941321375065,3,0,2,63045632,send_recv,2,8,FP16
963,0.9117199999999993,0.9139200000000001,0.9129066666666664,0.9130799999999999,0.0009064705670287743,3,0,2,63176704,send_recv,2,8,FP16
964,0.916,0.9171599999999999,0.916453333333333,0.9161999999999989,0.0005063156678947094,3,0,2,63307776,send_recv,2,8,FP16
965,0.9142399999999998,0.9167609999999995,0.9154269999999999,0.9152800000000006,0.0010344296335016154,3,0,2,63438848,send_recv,2,8,FP16
966,0.91804,0.9204000000000006,0.9188270000000003,0.9180410000000002,0.0011122790417279055,3,0,2,63569920,send_recv,2,8,FP16
967,0.9198400000000002,0.9219200000000001,0.9210133333333334,0.92128,0.0008698403429492664,3,0,2,63700992,send_recv,2,8,FP16
968,0.9220799999999999,0.9241200000000002,0.9231199999999999,0.9231599999999999,0.0008333066662400913,3,0,2,63832064,send_recv,2,8,FP16
969,0.9221599999999999,0.92452,0.92348,0.92376,0.0009835988342138237,3,0,2,63963136,send_recv,2,8,FP16
970,0.9242800000000007,0.92696,0.9255733333333334,0.9254799999999996,0.0010960940754432004,3,0,2,64094208,send_recv,2,8,FP16
971,0.9262000000000002,0.9282,0.92728,0.9274399999999996,0.0008242976808571418,3,0,2,64225280,send_recv,2,8,FP16
972,0.9282400000000003,0.9293199999999997,0.9289333333333332,0.9292399999999998,0.0004913473539381084,3,0,2,64356352,send_recv,2,8,FP16
973,0.92932,0.9304010000000004,0.9298670000000002,0.9298800000000002,0.0004414121279108513,3,0,2,64487424,send_recv,2,8,FP16
974,0.9298400000000011,0.9318800000000002,0.9309200000000004,0.93104,0.000837137981457834,3,0,2,64618496,send_recv,2,8,FP16
975,0.933321,0.9343599999999997,0.9336673333333332,0.933321,0.000489789297101783,3,0,2,64749568,send_recv,2,8,FP16
976,0.9358810000000003,0.9371599999999999,0.9363206666666669,0.9359210000000003,0.0005937229058143593,3,0,2,64880640,send_recv,2,8,FP16
977,0.93656,0.9382000000000007,0.9371736666666669,0.9367610000000004,0.0007303516656761631,3,0,2,65011712,send_recv,2,8,FP16
978,0.9396400000000013,0.9408800000000002,0.9401066666666669,0.9397999999999993,0.0005507167047482078,3,0,2,65142784,send_recv,2,8,FP16
979,0.9421599999999999,0.9443600000000006,0.9432666666666668,0.9432799999999998,0.0008981957222989355,3,0,2,65273856,send_recv,2,8,FP16
980,0.943241,0.9454399999999996,0.944147,0.94376,0.0009385190461571137,3,0,2,65404928,send_recv,2,8,FP16
981,0.9456399999999995,0.9462010000000001,0.9459473333333331,0.9460009999999998,0.0002321498558165933,3,0,2,65536000,send_recv,2,8,FP16
982,0.9467199999999993,0.9486400000000004,0.9475866666666666,0.9474,0.0007948724565758096,3,0,2,65667072,send_recv,2,8,FP16
983,0.9491210000000001,0.9516009999999997,0.9507206666666667,0.95144,0.0011330431981564418,3,0,2,65798144,send_recv,2,8,FP16
984,0.95304,0.9539599999999991,0.9535599999999999,0.9536800000000003,0.0003850541087515661,3,0,2,65929216,send_recv,2,8,FP16
985,0.9516799999999999,0.9540000000000001,0.9529599999999999,0.9531999999999998,0.0009622196561424047,3,0,2,66060288,send_recv,2,8,FP16
986,0.954241,0.9549610000000003,0.954614,0.9546399999999995,0.00029451315760090394,3,0,2,66191360,send_recv,2,8,FP16
987,0.9544400000000001,0.9571599999999999,0.9560666666666666,0.9566000000000001,0.0011727271161224104,3,0,2,66322432,send_recv,2,8,FP16
988,0.9572800000000007,0.9581210000000001,0.9578136666666673,0.9580400000000009,0.0003788054323204312,3,0,2,66453504,send_recv,2,8,FP16
989,0.9570000000000001,0.9591599999999999,0.9582533333333333,0.9585999999999999,0.0009152534560922153,3,0,2,66584576,send_recv,2,8,FP16
990,0.95996,0.962,0.961053666666667,0.961201000000001,0.0008393173151768072,3,0,2,66715648,send_recv,2,8,FP16
991,0.9615609999999997,0.964,0.9628670000000001,0.9630400000000009,0.0010032038676163334,3,0,2,66846720,send_recv,2,8,FP16
992,0.9649609999999998,0.967001,0.9662273333333333,0.9667200000000002,0.0009027514731211642,3,0,2,66977792,send_recv,2,8,FP16
993,0.9647600000000003,0.9667600000000003,0.9655466666666669,0.9651199999999999,0.0008704532663440404,3,0,2,67108864,send_recv,2,8,FP16
