time_stats.moe_gating_linear.min,time_stats.moe_gating_linear.max,time_stats.moe_gating_linear.mean,time_stats.moe_gating_linear.median,time_stats.moe_gating_linear.std,time_stats.moe_gating_linear.count,time_stats.moe_gating_routing_topk.min,time_stats.moe_gating_routing_topk.max,time_stats.moe_gating_routing_topk.mean,time_stats.moe_gating_routing_topk.median,time_stats.moe_gating_routing_topk.std,time_stats.moe_gating_routing_topk.count,time_stats.moe_shuffling.min,time_stats.moe_shuffling.max,time_stats.moe_shuffling.mean,time_stats.moe_shuffling.median,time_stats.moe_shuffling.std,time_stats.moe_shuffling.count,time_stats.moe_grouped_gemm.min,time_stats.moe_grouped_gemm.max,time_stats.moe_grouped_gemm.mean,time_stats.moe_grouped_gemm.median,time_stats.moe_grouped_gemm.std,num_tokens,num_experts,num_experts_per_device,expert_parallel_size,routing_runtime_path,routing_assignment_policy,routing_weight_policy,routing_uses_router_logits,gating_runtime_context,gating_runtime_context_impl,router_topk,hidden_dim,expert_hidden_dim,use_gated,num_tensor_parallel_workers,typed_operator_contracts,total_routed_tokens,model_expansion_ratio,tokens_per_expert_avg,tokens_to_experts_ratio,expert_utilization,min_load_ratio,load_imbalance_cv,max_load_ratio,load_entropy,load_gini_coefficient,load_distribution,seed,moe_grouped_gemm_backend,measurement_type,profiling_precision,model_arch,model_architecture_profile,quant_signature
0.04630399867892265,0.04851200059056282,0.04733760003000498,0.047200001776218414,0.0005033368621351432,20,0.06511999666690826,0.06841599941253662,0.06681759878993035,0.06681599840521812,0.0010249233271634598,20,0.18783999979496002,0.20476800203323364,0.18982239812612534,0.18907199800014496,0.0034730767226444983,20,2.019968032836914,2.049567937850952,2.0269598960876465,2.0242879390716553,0.006581484340131283,32768,128,16,8,standard_fused_topk,logit_topk,softmax_renorm,True,prefill_hot,ffn_like_prefix_20x,8,2048,768,True,1,"{""moe_gating_linear"":{""dimension_source"":""routed_mlp_hidden_dim"",""effective_ffn_width"":768,""expert_parallel_mode"":""on"",""layer_kind"":""routed"",""operator_family_id"":""moe"",""operator_family_ids"":[""moe""],""profile_id"":""generic"",""selected_expert_parallel_size"":null,""selected_padded_ffn_width"":768,""selected_tensor_parallel_size"":1,""tensor_parallel_mode"":""moe_tp"",""tensor_parallel_sizes"":[1]},""moe_gating_routing_topk"":{""dimension_source"":""routed_mlp_hidden_dim"",""effective_ffn_width"":768,""expert_parallel_mode"":""on"",""layer_kind"":""routed"",""operator_family_id"":""moe"",""operator_family_ids"":[""moe""],""profile_id"":""generic"",""selected_expert_parallel_size"":null,""selected_padded_ffn_width"":768,""selected_tensor_parallel_size"":1,""tensor_parallel_mode"":""moe_tp"",""tensor_parallel_sizes"":[1]},""moe_grouped_gemm"":{""dimension_source"":""routed_mlp_hidden_dim"",""effective_ffn_width"":768,""expert_parallel_mode"":""on"",""layer_kind"":""routed"",""operator_family_id"":""moe"",""operator_family_ids"":[""moe""],""profile_id"":""generic"",""selected_expert_parallel_size"":8,""selected_padded_ffn_width"":768,""selected_tensor_parallel_size"":1,""tensor_parallel_mode"":""moe_tp"",""tensor_parallel_sizes"":[1]},""moe_shuffling"":{""dimension_source"":""routed_mlp_hidden_dim"",""effective_ffn_width"":768,""expert_parallel_mode"":""on"",""layer_kind"":""routed"",""operator_family_id"":""moe"",""operator_family_ids"":[""moe""],""profile_id"":""generic"",""selected_expert_parallel_size"":null,""selected_padded_ffn_width"":768,""selected_tensor_parallel_size"":1,""tensor_parallel_mode"":""moe_tp"",""tensor_parallel_sizes"":[1]}}",32547,0.375,2034.1875,2034.1875,1.0,0.9669708421667128,0.020999741986815233,1.0426767444004055,3.999682527517213,0.011577487940516829,uniform,0,vllm_fused,CUDA_EVENT,BF16,generic,generic,none
0.04646399989724159,0.0488319993019104,0.04756639990955591,0.04774399846792221,0.0006758346205860941,20,0.0650240033864975,0.0684799998998642,0.06672800071537495,0.06681600213050842,0.0009294264163872717,20,0.1937599927186966,0.2115200012922287,0.196086398512125,0.1953279972076416,0.0036161579462592177,20,1.421280026435852,1.4385279417037964,1.4256465435028076,1.4248640537261963,0.003945196978747845,32768,128,16,8,standard_fused_topk,logit_topk,softmax_renorm,True,prefill_hot,ffn_like_prefix_20x,8,2048,768,True,1,"{""moe_gating_linear"":{""dimension_source"":""routed_mlp_hidden_dim"",""effective_ffn_width"":768,""expert_parallel_mode"":""on"",""layer_kind"":""routed"",""operator_family_id"":""moe"",""operator_family_ids"":[""moe""],""profile_id"":""generic"",""selected_expert_parallel_size"":null,""selected_padded_ffn_width"":768,""selected_tensor_parallel_size"":1,""tensor_parallel_mode"":""moe_tp"",""tensor_parallel_sizes"":[1]},""moe_gating_routing_topk"":{""dimension_source"":""routed_mlp_hidden_dim"",""effective_ffn_width"":768,""expert_parallel_mode"":""on"",""layer_kind"":""routed"",""operator_family_id"":""moe"",""operator_family_ids"":[""moe""],""profile_id"":""generic"",""selected_expert_parallel_size"":null,""selected_padded_ffn_width"":768,""selected_tensor_parallel_size"":1,""tensor_parallel_mode"":""moe_tp"",""tensor_parallel_sizes"":[1]},""moe_grouped_gemm"":{""dimension_source"":""routed_mlp_hidden_dim"",""effective_ffn_width"":768,""expert_parallel_mode"":""on"",""layer_kind"":""routed"",""operator_family_id"":""moe"",""operator_family_ids"":[""moe""],""profile_id"":""generic"",""selected_expert_parallel_size"":8,""selected_padded_ffn_width"":768,""selected_tensor_parallel_size"":1,""tensor_parallel_mode"":""moe_tp"",""tensor_parallel_sizes"":[1]},""moe_shuffling"":{""dimension_source"":""routed_mlp_hidden_dim"",""effective_ffn_width"":768,""expert_parallel_mode"":""on"",""layer_kind"":""routed"",""operator_family_id"":""moe"",""operator_family_ids"":[""moe""],""profile_id"":""generic"",""selected_expert_parallel_size"":null,""selected_padded_ffn_width"":768,""selected_tensor_parallel_size"":1,""tensor_parallel_mode"":""moe_tp"",""tensor_parallel_sizes"":[1]}}",12163,0.375,760.1875,760.1875,1.0,0.34859820767902655,0.3139755424647562,1.436487708624517,3.9217520078791894,0.17787038559565893,skewed,0,vllm_fused,CUDA_EVENT,BF16,generic,generic,none
0.04646399989724159,0.048767998814582825,0.047673600167036055,0.04769599996507168,0.0007310160151556202,20,0.06515199691057205,0.06841599941253662,0.06719679981470109,0.06732799857854843,0.0010312688277946804,20,0.1900160014629364,0.20735999941825867,0.1919087991118431,0.19123199582099915,0.003590497942618211,20,2.02838397026062,2.0479679107666016,2.0328128337860107,2.0314559936523438,0.0045670410618186,32768,128,16,8,standard_fused_topk,logit_topk,softmax_renorm,True,prefill_hot,ffn_like_prefix_20x,8,2048,768,True,1,"{""moe_gating_linear"":{""dimension_source"":""routed_mlp_hidden_dim"",""effective_ffn_width"":768,""expert_parallel_mode"":""on"",""layer_kind"":""routed"",""operator_family_id"":""moe"",""operator_family_ids"":[""moe""],""profile_id"":""generic"",""selected_expert_parallel_size"":null,""selected_padded_ffn_width"":768,""selected_tensor_parallel_size"":1,""tensor_parallel_mode"":""moe_tp"",""tensor_parallel_sizes"":[1]},""moe_gating_routing_topk"":{""dimension_source"":""routed_mlp_hidden_dim"",""effective_ffn_width"":768,""expert_parallel_mode"":""on"",""layer_kind"":""routed"",""operator_family_id"":""moe"",""operator_family_ids"":[""moe""],""profile_id"":""generic"",""selected_expert_parallel_size"":null,""selected_padded_ffn_width"":768,""selected_tensor_parallel_size"":1,""tensor_parallel_mode"":""moe_tp"",""tensor_parallel_sizes"":[1]},""moe_grouped_gemm"":{""dimension_source"":""routed_mlp_hidden_dim"",""effective_ffn_width"":768,""expert_parallel_mode"":""on"",""layer_kind"":""routed"",""operator_family_id"":""moe"",""operator_family_ids"":[""moe""],""profile_id"":""generic"",""selected_expert_parallel_size"":8,""selected_padded_ffn_width"":768,""selected_tensor_parallel_size"":1,""tensor_parallel_mode"":""moe_tp"",""tensor_parallel_sizes"":[1]},""moe_shuffling"":{""dimension_source"":""routed_mlp_hidden_dim"",""effective_ffn_width"":768,""expert_parallel_mode"":""on"",""layer_kind"":""routed"",""operator_family_id"":""moe"",""operator_family_ids"":[""moe""],""profile_id"":""generic"",""selected_expert_parallel_size"":null,""selected_padded_ffn_width"":768,""selected_tensor_parallel_size"":1,""tensor_parallel_mode"":""moe_tp"",""tensor_parallel_sizes"":[1]}}",32980,0.375,2061.25,2061.25,1.0,0.9664038811400849,0.020490811057471022,1.055184960582171,3.9996987326458195,0.011036992116434163,uniform,2,vllm_fused,CUDA_EVENT,BF16,generic,generic,none
0.04604800045490265,0.04851200059056282,0.04708960019052029,0.046911999583244324,0.0006564659101166475,20,0.06515199691057205,0.06806399673223495,0.06685760021209716,0.06700799986720085,0.000878346538027093,20,0.1942719966173172,0.2112639993429184,0.19627039954066278,0.19542399793863297,0.0034860981099362077,20,1.4294079542160034,1.4787839651107788,1.436616063117981,1.4327679872512817,0.011226272210478783,32768,128,16,8,standard_fused_topk,logit_topk,softmax_renorm,True,prefill_hot,ffn_like_prefix_20x,8,2048,768,True,1,"{""moe_gating_linear"":{""dimension_source"":""routed_mlp_hidden_dim"",""effective_ffn_width"":768,""expert_parallel_mode"":""on"",""layer_kind"":""routed"",""operator_family_id"":""moe"",""operator_family_ids"":[""moe""],""profile_id"":""generic"",""selected_expert_parallel_size"":null,""selected_padded_ffn_width"":768,""selected_tensor_parallel_size"":1,""tensor_parallel_mode"":""moe_tp"",""tensor_parallel_sizes"":[1]},""moe_gating_routing_topk"":{""dimension_source"":""routed_mlp_hidden_dim"",""effective_ffn_width"":768,""expert_parallel_mode"":""on"",""layer_kind"":""routed"",""operator_family_id"":""moe"",""operator_family_ids"":[""moe""],""profile_id"":""generic"",""selected_expert_parallel_size"":null,""selected_padded_ffn_width"":768,""selected_tensor_parallel_size"":1,""tensor_parallel_mode"":""moe_tp"",""tensor_parallel_sizes"":[1]},""moe_grouped_gemm"":{""dimension_source"":""routed_mlp_hidden_dim"",""effective_ffn_width"":768,""expert_parallel_mode"":""on"",""layer_kind"":""routed"",""operator_family_id"":""moe"",""operator_family_ids"":[""moe""],""profile_id"":""generic"",""selected_expert_parallel_size"":8,""selected_padded_ffn_width"":768,""selected_tensor_parallel_size"":1,""tensor_parallel_mode"":""moe_tp"",""tensor_parallel_sizes"":[1]},""moe_shuffling"":{""dimension_source"":""routed_mlp_hidden_dim"",""effective_ffn_width"":768,""expert_parallel_mode"":""on"",""layer_kind"":""routed"",""operator_family_id"":""moe"",""operator_family_ids"":[""moe""],""profile_id"":""generic"",""selected_expert_parallel_size"":null,""selected_padded_ffn_width"":768,""selected_tensor_parallel_size"":1,""tensor_parallel_mode"":""moe_tp"",""tensor_parallel_sizes"":[1]}}",12277,0.375,767.3125,767.3125,1.0,0.35318074448155085,0.31802828455856214,1.447910727376395,3.9191144506449396,0.17923250794167966,skewed,2,vllm_fused,CUDA_EVENT,BF16,generic,generic,none
0.04652800038456917,0.048895999789237976,0.04738560002297163,0.04716799966990948,0.000688453865251367,20,0.06483200192451477,0.06828799843788147,0.06675680056214332,0.06696000322699547,0.0010479332804598247,20,0.18742400407791138,0.20470400154590607,0.1896832011640072,0.18860800564289093,0.0035437080262029734,20,2.0227839946746826,2.201375961303711,2.035182476043701,2.0251519680023193,0.03935377672314644,32768,128,16,8,standard_fused_topk,logit_topk,softmax_renorm,True,prefill_hot,ffn_like_prefix_20x,8,2048,768,True,1,"{""moe_gating_linear"":{""dimension_source"":""routed_mlp_hidden_dim"",""effective_ffn_width"":768,""expert_parallel_mode"":""on"",""layer_kind"":""routed"",""operator_family_id"":""moe"",""operator_family_ids"":[""moe""],""profile_id"":""generic"",""selected_expert_parallel_size"":null,""selected_padded_ffn_width"":768,""selected_tensor_parallel_size"":1,""tensor_parallel_mode"":""moe_tp"",""tensor_parallel_sizes"":[1]},""moe_gating_routing_topk"":{""dimension_source"":""routed_mlp_hidden_dim"",""effective_ffn_width"":768,""expert_parallel_mode"":""on"",""layer_kind"":""routed"",""operator_family_id"":""moe"",""operator_family_ids"":[""moe""],""profile_id"":""generic"",""selected_expert_parallel_size"":null,""selected_padded_ffn_width"":768,""selected_tensor_parallel_size"":1,""tensor_parallel_mode"":""moe_tp"",""tensor_parallel_sizes"":[1]},""moe_grouped_gemm"":{""dimension_source"":""routed_mlp_hidden_dim"",""effective_ffn_width"":768,""expert_parallel_mode"":""on"",""layer_kind"":""routed"",""operator_family_id"":""moe"",""operator_family_ids"":[""moe""],""profile_id"":""generic"",""selected_expert_parallel_size"":8,""selected_padded_ffn_width"":768,""selected_tensor_parallel_size"":1,""tensor_parallel_mode"":""moe_tp"",""tensor_parallel_sizes"":[1]},""moe_shuffling"":{""dimension_source"":""routed_mlp_hidden_dim"",""effective_ffn_width"":768,""expert_parallel_mode"":""on"",""layer_kind"":""routed"",""operator_family_id"":""moe"",""operator_family_ids"":[""moe""],""profile_id"":""generic"",""selected_expert_parallel_size"":null,""selected_padded_ffn_width"":768,""selected_tensor_parallel_size"":1,""tensor_parallel_mode"":""moe_tp"",""tensor_parallel_sizes"":[1]}}",32604,0.375,2037.75,2037.75,1.0,0.9633173843700159,0.016332690245048374,1.021715126978285,3.9998068679644287,0.009036467918046798,uniform,1,vllm_fused,CUDA_EVENT,BF16,generic,generic,none
0.0461760014295578,0.048128001391887665,0.04693600013852119,0.046799998730421066,0.0005860350272875675,20,0.06508799642324448,0.06809599697589874,0.06675680056214332,0.06678400188684464,0.0008154843901810571,20,0.19356800615787506,0.21142399311065674,0.19588959962129593,0.1950719952583313,0.003713824836141958,20,1.4555840492248535,1.4850560426712036,1.4636335372924805,1.4588160514831543,0.008842935785651207,32768,128,16,8,standard_fused_topk,logit_topk,softmax_renorm,True,prefill_hot,ffn_like_prefix_20x,8,2048,768,True,1,"{""moe_gating_linear"":{""dimension_source"":""routed_mlp_hidden_dim"",""effective_ffn_width"":768,""expert_parallel_mode"":""on"",""layer_kind"":""routed"",""operator_family_id"":""moe"",""operator_family_ids"":[""moe""],""profile_id"":""generic"",""selected_expert_parallel_size"":null,""selected_padded_ffn_width"":768,""selected_tensor_parallel_size"":1,""tensor_parallel_mode"":""moe_tp"",""tensor_parallel_sizes"":[1]},""moe_gating_routing_topk"":{""dimension_source"":""routed_mlp_hidden_dim"",""effective_ffn_width"":768,""expert_parallel_mode"":""on"",""layer_kind"":""routed"",""operator_family_id"":""moe"",""operator_family_ids"":[""moe""],""profile_id"":""generic"",""selected_expert_parallel_size"":null,""selected_padded_ffn_width"":768,""selected_tensor_parallel_size"":1,""tensor_parallel_mode"":""moe_tp"",""tensor_parallel_sizes"":[1]},""moe_grouped_gemm"":{""dimension_source"":""routed_mlp_hidden_dim"",""effective_ffn_width"":768,""expert_parallel_mode"":""on"",""layer_kind"":""routed"",""operator_family_id"":""moe"",""operator_family_ids"":[""moe""],""profile_id"":""generic"",""selected_expert_parallel_size"":8,""selected_padded_ffn_width"":768,""selected_tensor_parallel_size"":1,""tensor_parallel_mode"":""moe_tp"",""tensor_parallel_sizes"":[1]},""moe_shuffling"":{""dimension_source"":""routed_mlp_hidden_dim"",""effective_ffn_width"":768,""expert_parallel_mode"":""on"",""layer_kind"":""routed"",""operator_family_id"":""moe"",""operator_family_ids"":[""moe""],""profile_id"":""generic"",""selected_expert_parallel_size"":null,""selected_padded_ffn_width"":768,""selected_tensor_parallel_size"":1,""tensor_parallel_mode"":""moe_tp"",""tensor_parallel_sizes"":[1]}}",12128,0.375,758.0,758.0,1.0,0.36807387862796836,0.3119902850799689,1.4353562005277045,3.9226526638618666,0.1759873845646438,skewed,1,vllm_fused,CUDA_EVENT,BF16,generic,generic,none
0.04668800160288811,0.04854400083422661,0.04774400014430284,0.04785599932074547,0.000517173751299991,20,0.06531199812889099,0.06800000369548798,0.06679040044546128,0.06696000322699547,0.0008248063159568033,20,0.1745920032262802,0.19327999651432037,0.17716960087418557,0.17630399763584137,0.0038168688784060265,20,7.422016143798828,7.629119873046875,7.508594512939453,7.4442877769470215,0.08326102048158646,32768,128,16,8,standard_fused_topk,logit_topk,softmax_renorm,True,prefill_hot,ffn_like_prefix_20x,8,2048,768,True,1,"{""moe_gating_linear"":{""dimension_source"":""routed_mlp_hidden_dim"",""effective_ffn_width"":768,""expert_parallel_mode"":""on"",""layer_kind"":""routed"",""operator_family_id"":""moe"",""operator_family_ids"":[""moe""],""profile_id"":""generic"",""selected_expert_parallel_size"":null,""selected_padded_ffn_width"":768,""selected_tensor_parallel_size"":1,""tensor_parallel_mode"":""moe_tp"",""tensor_parallel_sizes"":[1]},""moe_gating_routing_topk"":{""dimension_source"":""routed_mlp_hidden_dim"",""effective_ffn_width"":768,""expert_parallel_mode"":""on"",""layer_kind"":""routed"",""operator_family_id"":""moe"",""operator_family_ids"":[""moe""],""profile_id"":""generic"",""selected_expert_parallel_size"":null,""selected_padded_ffn_width"":768,""selected_tensor_parallel_size"":1,""tensor_parallel_mode"":""moe_tp"",""tensor_parallel_sizes"":[1]},""moe_grouped_gemm"":{""dimension_source"":""routed_mlp_hidden_dim"",""effective_ffn_width"":768,""expert_parallel_mode"":""on"",""layer_kind"":""routed"",""operator_family_id"":""moe"",""operator_family_ids"":[""moe""],""profile_id"":""generic"",""selected_expert_parallel_size"":8,""selected_padded_ffn_width"":768,""selected_tensor_parallel_size"":1,""tensor_parallel_mode"":""moe_tp"",""tensor_parallel_sizes"":[1]},""moe_shuffling"":{""dimension_source"":""routed_mlp_hidden_dim"",""effective_ffn_width"":768,""expert_parallel_mode"":""on"",""layer_kind"":""routed"",""operator_family_id"":""moe"",""operator_family_ids"":[""moe""],""profile_id"":""generic"",""selected_expert_parallel_size"":null,""selected_padded_ffn_width"":768,""selected_tensor_parallel_size"":1,""tensor_parallel_mode"":""moe_tp"",""tensor_parallel_sizes"":[1]}}",216258,0.375,13516.125,13516.125,1.0,0.02767065264637609,0.9696482204577954,1.9726067937371103,3.1134084787564396,0.48515430643028234,extremely_skewed,0,vllm_fused,CUDA_EVENT,BF16,generic,generic,none
0.04652800038456917,0.04912000149488449,0.04765280019491911,0.047520000487565994,0.0006808767452867942,20,0.0655359998345375,0.06828799843788147,0.06675520054996013,0.06691200286149979,0.000697269592711137,20,0.17638400197029114,0.19705599546432495,0.1784063994884491,0.17744000256061554,0.004333720608807941,20,7.520287990570068,7.734911918640137,7.638016700744629,7.677279949188232,0.07336456328630447,32768,128,16,8,standard_fused_topk,logit_topk,softmax_renorm,True,prefill_hot,ffn_like_prefix_20x,8,2048,768,True,1,"{""moe_gating_linear"":{""dimension_source"":""routed_mlp_hidden_dim"",""effective_ffn_width"":768,""expert_parallel_mode"":""on"",""layer_kind"":""routed"",""operator_family_id"":""moe"",""operator_family_ids"":[""moe""],""profile_id"":""generic"",""selected_expert_parallel_size"":null,""selected_padded_ffn_width"":768,""selected_tensor_parallel_size"":1,""tensor_parallel_mode"":""moe_tp"",""tensor_parallel_sizes"":[1]},""moe_gating_routing_topk"":{""dimension_source"":""routed_mlp_hidden_dim"",""effective_ffn_width"":768,""expert_parallel_mode"":""on"",""layer_kind"":""routed"",""operator_family_id"":""moe"",""operator_family_ids"":[""moe""],""profile_id"":""generic"",""selected_expert_parallel_size"":null,""selected_padded_ffn_width"":768,""selected_tensor_parallel_size"":1,""tensor_parallel_mode"":""moe_tp"",""tensor_parallel_sizes"":[1]},""moe_grouped_gemm"":{""dimension_source"":""routed_mlp_hidden_dim"",""effective_ffn_width"":768,""expert_parallel_mode"":""on"",""layer_kind"":""routed"",""operator_family_id"":""moe"",""operator_family_ids"":[""moe""],""profile_id"":""generic"",""selected_expert_parallel_size"":8,""selected_padded_ffn_width"":768,""selected_tensor_parallel_size"":1,""tensor_parallel_mode"":""moe_tp"",""tensor_parallel_sizes"":[1]},""moe_shuffling"":{""dimension_source"":""routed_mlp_hidden_dim"",""effective_ffn_width"":768,""expert_parallel_mode"":""on"",""layer_kind"":""routed"",""operator_family_id"":""moe"",""operator_family_ids"":[""moe""],""profile_id"":""generic"",""selected_expert_parallel_size"":null,""selected_padded_ffn_width"":768,""selected_tensor_parallel_size"":1,""tensor_parallel_mode"":""moe_tp"",""tensor_parallel_sizes"":[1]}}",216506,0.375,13531.625,13531.625,1.0,0.028821372155967966,0.9690270719657444,1.9711601526054705,3.115264845819154,0.4848543458379906,extremely_skewed,1,vllm_fused,CUDA_EVENT,BF16,generic,generic,none
0.03766399994492531,0.039583999663591385,0.038595199771225455,0.03852799907326698,0.0005455883807645337,20,0.052639998495578766,0.055135998874902725,0.0537967998534441,0.05392000079154968,0.0007030738896127056,20,0.1427839994430542,0.1605439931154251,0.14498079791665078,0.14419199526309967,0.003650920906551059,20,1.5312639474868774,1.5482879877090454,1.5372142791748047,1.5350719690322876,0.00527389720082283,24576,128,16,8,standard_fused_topk,logit_topk,softmax_renorm,True,prefill_hot,ffn_like_prefix_20x,8,2048,768,True,1,"{""moe_gating_linear"":{""dimension_source"":""routed_mlp_hidden_dim"",""effective_ffn_width"":768,""expert_parallel_mode"":""on"",""layer_kind"":""routed"",""operator_family_id"":""moe"",""operator_family_ids"":[""moe""],""profile_id"":""generic"",""selected_expert_parallel_size"":null,""selected_padded_ffn_width"":768,""selected_tensor_parallel_size"":1,""tensor_parallel_mode"":""moe_tp"",""tensor_parallel_sizes"":[1]},""moe_gating_routing_topk"":{""dimension_source"":""routed_mlp_hidden_dim"",""effective_ffn_width"":768,""expert_parallel_mode"":""on"",""layer_kind"":""routed"",""operator_family_id"":""moe"",""operator_family_ids"":[""moe""],""profile_id"":""generic"",""selected_expert_parallel_size"":null,""selected_padded_ffn_width"":768,""selected_tensor_parallel_size"":1,""tensor_parallel_mode"":""moe_tp"",""tensor_parallel_sizes"":[1]},""moe_grouped_gemm"":{""dimension_source"":""routed_mlp_hidden_dim"",""effective_ffn_width"":768,""expert_parallel_mode"":""on"",""layer_kind"":""routed"",""operator_family_id"":""moe"",""operator_family_ids"":[""moe""],""profile_id"":""generic"",""selected_expert_parallel_size"":8,""selected_padded_ffn_width"":768,""selected_tensor_parallel_size"":1,""tensor_parallel_mode"":""moe_tp"",""tensor_parallel_sizes"":[1]},""moe_shuffling"":{""dimension_source"":""routed_mlp_hidden_dim"",""effective_ffn_width"":768,""expert_parallel_mode"":""on"",""layer_kind"":""routed"",""operator_family_id"":""moe"",""operator_family_ids"":[""moe""],""profile_id"":""generic"",""selected_expert_parallel_size"":null,""selected_padded_ffn_width"":768,""selected_tensor_parallel_size"":1,""tensor_parallel_mode"":""moe_tp"",""tensor_parallel_sizes"":[1]}}",24664,0.375,1541.5,1541.5,1.0,0.9542653259811872,0.02343370326356234,1.0671423937722997,3.9996067598619205,0.012026638014920543,uniform,2,vllm_fused,CUDA_EVENT,BF16,generic,generic,none
0.0379519984126091,0.03984000161290169,0.038772800378501414,0.03876800090074539,0.0004767115920491862,20,0.052960000932216644,0.056063998490571976,0.054710399731993674,0.05475199967622757,0.000926735174441798,20,0.14448000490665436,0.16230399906635284,0.14691359922289848,0.14606399834156036,0.003600170112496297,20,1.5287679433822632,1.5421760082244873,1.5333919525146484,1.532639980316162,0.0036084335297346115,24576,128,16,8,standard_fused_topk,logit_topk,softmax_renorm,True,prefill_hot,ffn_like_prefix_20x,8,2048,768,True,1,"{""moe_gating_linear"":{""dimension_source"":""routed_mlp_hidden_dim"",""effective_ffn_width"":768,""expert_parallel_mode"":""on"",""layer_kind"":""routed"",""operator_family_id"":""moe"",""operator_family_ids"":[""moe""],""profile_id"":""generic"",""selected_expert_parallel_size"":null,""selected_padded_ffn_width"":768,""selected_tensor_parallel_size"":1,""tensor_parallel_mode"":""moe_tp"",""tensor_parallel_sizes"":[1]},""moe_gating_routing_topk"":{""dimension_source"":""routed_mlp_hidden_dim"",""effective_ffn_width"":768,""expert_parallel_mode"":""on"",""layer_kind"":""routed"",""operator_family_id"":""moe"",""operator_family_ids"":[""moe""],""profile_id"":""generic"",""selected_expert_parallel_size"":null,""selected_padded_ffn_width"":768,""selected_tensor_parallel_size"":1,""tensor_parallel_mode"":""moe_tp"",""tensor_parallel_sizes"":[1]},""moe_grouped_gemm"":{""dimension_source"":""routed_mlp_hidden_dim"",""effective_ffn_width"":768,""expert_parallel_mode"":""on"",""layer_kind"":""routed"",""operator_family_id"":""moe"",""operator_family_ids"":[""moe""],""profile_id"":""generic"",""selected_expert_parallel_size"":8,""selected_padded_ffn_width"":768,""selected_tensor_parallel_size"":1,""tensor_parallel_mode"":""moe_tp"",""tensor_parallel_sizes"":[1]},""moe_shuffling"":{""dimension_source"":""routed_mlp_hidden_dim"",""effective_ffn_width"":768,""expert_parallel_mode"":""on"",""layer_kind"":""routed"",""operator_family_id"":""moe"",""operator_family_ids"":[""moe""],""profile_id"":""generic"",""selected_expert_parallel_size"":null,""selected_padded_ffn_width"":768,""selected_tensor_parallel_size"":1,""tensor_parallel_mode"":""moe_tp"",""tensor_parallel_sizes"":[1]}}",24406,0.375,1525.375,1525.375,1.0,0.925674014586577,0.02359378169203771,1.0318774071949521,3.9995928987878475,0.011759403425387172,uniform,1,vllm_fused,CUDA_EVENT,BF16,generic,generic,none
0.03743999823927879,0.03961599990725517,0.038419199921190736,0.038095999509096146,0.0007239646192865364,20,0.0522879995405674,0.05660799890756607,0.054497599974274634,0.054496001452207565,0.0009439445610598659,20,0.14847999811172485,0.16937600076198578,0.15085759833455087,0.1499199941754341,0.004303270174146906,20,1.076640009880066,1.1009279489517212,1.0849007368087769,1.0808000564575195,0.007610452827066183,24576,128,16,8,standard_fused_topk,logit_topk,softmax_renorm,True,prefill_hot,ffn_like_prefix_20x,8,2048,768,True,1,"{""moe_gating_linear"":{""dimension_source"":""routed_mlp_hidden_dim"",""effective_ffn_width"":768,""expert_parallel_mode"":""on"",""layer_kind"":""routed"",""operator_family_id"":""moe"",""operator_family_ids"":[""moe""],""profile_id"":""generic"",""selected_expert_parallel_size"":null,""selected_padded_ffn_width"":768,""selected_tensor_parallel_size"":1,""tensor_parallel_mode"":""moe_tp"",""tensor_parallel_sizes"":[1]},""moe_gating_routing_topk"":{""dimension_source"":""routed_mlp_hidden_dim"",""effective_ffn_width"":768,""expert_parallel_mode"":""on"",""layer_kind"":""routed"",""operator_family_id"":""moe"",""operator_family_ids"":[""moe""],""profile_id"":""generic"",""selected_expert_parallel_size"":null,""selected_padded_ffn_width"":768,""selected_tensor_parallel_size"":1,""tensor_parallel_mode"":""moe_tp"",""tensor_parallel_sizes"":[1]},""moe_grouped_gemm"":{""dimension_source"":""routed_mlp_hidden_dim"",""effective_ffn_width"":768,""expert_parallel_mode"":""on"",""layer_kind"":""routed"",""operator_family_id"":""moe"",""operator_family_ids"":[""moe""],""profile_id"":""generic"",""selected_expert_parallel_size"":8,""selected_padded_ffn_width"":768,""selected_tensor_parallel_size"":1,""tensor_parallel_mode"":""moe_tp"",""tensor_parallel_sizes"":[1]},""moe_shuffling"":{""dimension_source"":""routed_mlp_hidden_dim"",""effective_ffn_width"":768,""expert_parallel_mode"":""on"",""layer_kind"":""routed"",""operator_family_id"":""moe"",""operator_family_ids"":[""moe""],""profile_id"":""generic"",""selected_expert_parallel_size"":null,""selected_padded_ffn_width"":768,""selected_tensor_parallel_size"":1,""tensor_parallel_mode"":""moe_tp"",""tensor_parallel_sizes"":[1]}}",9008,0.375,563.0,563.0,1.0,0.3836589698046181,0.3035650773152759,1.4156305506216695,3.9267251039758495,0.1705150976909413,skewed,1,vllm_fused,CUDA_EVENT,BF16,generic,generic,none
0.03766399994492531,0.039712000638246536,0.03866719994693994,0.038495998829603195,0.0006259478140820168,20,0.052639998495578766,0.05558399856090546,0.05409120004624128,0.05406400002539158,0.0008180540152204969,20,0.14291200041770935,0.1595200002193451,0.14481439888477327,0.14395199716091156,0.0034532207559882107,20,1.5319360494613647,1.6350079774856567,1.541684865951538,1.5363199710845947,0.022296937182545662,24576,128,16,8,standard_fused_topk,logit_topk,softmax_renorm,True,prefill_hot,ffn_like_prefix_20x,8,2048,768,True,1,"{""moe_gating_linear"":{""dimension_source"":""routed_mlp_hidden_dim"",""effective_ffn_width"":768,""expert_parallel_mode"":""on"",""layer_kind"":""routed"",""operator_family_id"":""moe"",""operator_family_ids"":[""moe""],""profile_id"":""generic"",""selected_expert_parallel_size"":null,""selected_padded_ffn_width"":768,""selected_tensor_parallel_size"":1,""tensor_parallel_mode"":""moe_tp"",""tensor_parallel_sizes"":[1]},""moe_gating_routing_topk"":{""dimension_source"":""routed_mlp_hidden_dim"",""effective_ffn_width"":768,""expert_parallel_mode"":""on"",""layer_kind"":""routed"",""operator_family_id"":""moe"",""operator_family_ids"":[""moe""],""profile_id"":""generic"",""selected_expert_parallel_size"":null,""selected_padded_ffn_width"":768,""selected_tensor_parallel_size"":1,""tensor_parallel_mode"":""moe_tp"",""tensor_parallel_sizes"":[1]},""moe_grouped_gemm"":{""dimension_source"":""routed_mlp_hidden_dim"",""effective_ffn_width"":768,""expert_parallel_mode"":""on"",""layer_kind"":""routed"",""operator_family_id"":""moe"",""operator_family_ids"":[""moe""],""profile_id"":""generic"",""selected_expert_parallel_size"":8,""selected_padded_ffn_width"":768,""selected_tensor_parallel_size"":1,""tensor_parallel_mode"":""moe_tp"",""tensor_parallel_sizes"":[1]},""moe_shuffling"":{""dimension_source"":""routed_mlp_hidden_dim"",""effective_ffn_width"":768,""expert_parallel_mode"":""on"",""layer_kind"":""routed"",""operator_family_id"":""moe"",""operator_family_ids"":[""moe""],""profile_id"":""generic"",""selected_expert_parallel_size"":null,""selected_padded_ffn_width"":768,""selected_tensor_parallel_size"":1,""tensor_parallel_mode"":""moe_tp"",""tensor_parallel_sizes"":[1]}}",24481,0.375,1530.0625,1530.0625,1.0,0.958130795310649,0.018843950893029846,1.031330419509007,3.9997434184185194,0.010571974184061084,uniform,0,vllm_fused,CUDA_EVENT,BF16,generic,generic,none
0.03753599897027016,0.03996799886226654,0.038707200065255166,0.0386080015450716,0.0008189376687553234,20,0.05244800075888634,0.054655998945236206,0.05363840013742447,0.053807999938726425,0.000663843409490105,20,0.14847999811172485,0.1658560037612915,0.15074399933218957,0.1499200016260147,0.0035828848624301964,20,1.08406400680542,1.1041920185089111,1.0911743640899658,1.0892479419708252,0.00541139580309391,24576,128,16,8,standard_fused_topk,logit_topk,softmax_renorm,True,prefill_hot,ffn_like_prefix_20x,8,2048,768,True,1,"{""moe_gating_linear"":{""dimension_source"":""routed_mlp_hidden_dim"",""effective_ffn_width"":768,""expert_parallel_mode"":""on"",""layer_kind"":""routed"",""operator_family_id"":""moe"",""operator_family_ids"":[""moe""],""profile_id"":""generic"",""selected_expert_parallel_size"":null,""selected_padded_ffn_width"":768,""selected_tensor_parallel_size"":1,""tensor_parallel_mode"":""moe_tp"",""tensor_parallel_sizes"":[1]},""moe_gating_routing_topk"":{""dimension_source"":""routed_mlp_hidden_dim"",""effective_ffn_width"":768,""expert_parallel_mode"":""on"",""layer_kind"":""routed"",""operator_family_id"":""moe"",""operator_family_ids"":[""moe""],""profile_id"":""generic"",""selected_expert_parallel_size"":null,""selected_padded_ffn_width"":768,""selected_tensor_parallel_size"":1,""tensor_parallel_mode"":""moe_tp"",""tensor_parallel_sizes"":[1]},""moe_grouped_gemm"":{""dimension_source"":""routed_mlp_hidden_dim"",""effective_ffn_width"":768,""expert_parallel_mode"":""on"",""layer_kind"":""routed"",""operator_family_id"":""moe"",""operator_family_ids"":[""moe""],""profile_id"":""generic"",""selected_expert_parallel_size"":8,""selected_padded_ffn_width"":768,""selected_tensor_parallel_size"":1,""tensor_parallel_mode"":""moe_tp"",""tensor_parallel_sizes"":[1]},""moe_shuffling"":{""dimension_source"":""routed_mlp_hidden_dim"",""effective_ffn_width"":768,""expert_parallel_mode"":""on"",""layer_kind"":""routed"",""operator_family_id"":""moe"",""operator_family_ids"":[""moe""],""profile_id"":""generic"",""selected_expert_parallel_size"":null,""selected_padded_ffn_width"":768,""selected_tensor_parallel_size"":1,""tensor_parallel_mode"":""moe_tp"",""tensor_parallel_sizes"":[1]}}",9146,0.375,571.625,571.625,1.0,0.3621255193527225,0.3154500208401885,1.445003280122458,3.921639700993623,0.17872567242510384,skewed,0,vllm_fused,CUDA_EVENT,BF16,generic,generic,none
0.04646399989724159,0.048928000032901764,0.0476367998868227,0.047488000243902206,0.0006950170424794482,20,0.0650240033864975,0.06803199648857117,0.06648479998111725,0.06646399945020676,0.0009374569075528663,20,0.17504000663757324,0.19103999435901642,0.1770255982875824,0.1762559935450554,0.0032711043922517753,20,7.393695831298828,7.771552085876465,7.559262752532959,7.5764479637146,0.09517337381839752,32768,128,16,8,standard_fused_topk,logit_topk,softmax_renorm,True,prefill_hot,ffn_like_prefix_20x,8,2048,768,True,1,"{""moe_gating_linear"":{""dimension_source"":""routed_mlp_hidden_dim"",""effective_ffn_width"":768,""expert_parallel_mode"":""on"",""layer_kind"":""routed"",""operator_family_id"":""moe"",""operator_family_ids"":[""moe""],""profile_id"":""generic"",""selected_expert_parallel_size"":null,""selected_padded_ffn_width"":768,""selected_tensor_parallel_size"":1,""tensor_parallel_mode"":""moe_tp"",""tensor_parallel_sizes"":[1]},""moe_gating_routing_topk"":{""dimension_source"":""routed_mlp_hidden_dim"",""effective_ffn_width"":768,""expert_parallel_mode"":""on"",""layer_kind"":""routed"",""operator_family_id"":""moe"",""operator_family_ids"":[""moe""],""profile_id"":""generic"",""selected_expert_parallel_size"":null,""selected_padded_ffn_width"":768,""selected_tensor_parallel_size"":1,""tensor_parallel_mode"":""moe_tp"",""tensor_parallel_sizes"":[1]},""moe_grouped_gemm"":{""dimension_source"":""routed_mlp_hidden_dim"",""effective_ffn_width"":768,""expert_parallel_mode"":""on"",""layer_kind"":""routed"",""operator_family_id"":""moe"",""operator_family_ids"":[""moe""],""profile_id"":""generic"",""selected_expert_parallel_size"":8,""selected_padded_ffn_width"":768,""selected_tensor_parallel_size"":1,""tensor_parallel_mode"":""moe_tp"",""tensor_parallel_sizes"":[1]},""moe_shuffling"":{""dimension_source"":""routed_mlp_hidden_dim"",""effective_ffn_width"":768,""expert_parallel_mode"":""on"",""layer_kind"":""routed"",""operator_family_id"":""moe"",""operator_family_ids"":[""moe""],""profile_id"":""generic"",""selected_expert_parallel_size"":null,""selected_padded_ffn_width"":768,""selected_tensor_parallel_size"":1,""tensor_parallel_mode"":""moe_tp"",""tensor_parallel_sizes"":[1]}}",216382,0.375,13523.875,13523.875,1.0,0.027728738989379893,0.9695832939275387,1.9728812932683866,3.11357510439037,0.4852818164172621,extremely_skewed,2,vllm_fused,CUDA_EVENT,BF16,generic,generic,none
0.02908799983561039,0.030271999537944794,0.02952960003167391,0.029440000653266907,0.000380598197804195,20,0.040383998304605484,0.044064000248909,0.041872000135481355,0.04211200028657913,0.0008345502188834731,20,0.10044799745082855,0.11740799993276596,0.1024559997022152,0.10164799913764,0.003501564668018145,20,1.0425599813461304,1.051743984222412,1.0450639724731445,1.044543981552124,0.0022917110472917557,16384,128,16,8,standard_fused_topk,logit_topk,softmax_renorm,True,prefill_hot,ffn_like_prefix_20x,8,2048,768,True,1,"{""moe_gating_linear"":{""dimension_source"":""routed_mlp_hidden_dim"",""effective_ffn_width"":768,""expert_parallel_mode"":""on"",""layer_kind"":""routed"",""operator_family_id"":""moe"",""operator_family_ids"":[""moe""],""profile_id"":""generic"",""selected_expert_parallel_size"":null,""selected_padded_ffn_width"":768,""selected_tensor_parallel_size"":1,""tensor_parallel_mode"":""moe_tp"",""tensor_parallel_sizes"":[1]},""moe_gating_routing_topk"":{""dimension_source"":""routed_mlp_hidden_dim"",""effective_ffn_width"":768,""expert_parallel_mode"":""on"",""layer_kind"":""routed"",""operator_family_id"":""moe"",""operator_family_ids"":[""moe""],""profile_id"":""generic"",""selected_expert_parallel_size"":null,""selected_padded_ffn_width"":768,""selected_tensor_parallel_size"":1,""tensor_parallel_mode"":""moe_tp"",""tensor_parallel_sizes"":[1]},""moe_grouped_gemm"":{""dimension_source"":""routed_mlp_hidden_dim"",""effective_ffn_width"":768,""expert_parallel_mode"":""on"",""layer_kind"":""routed"",""operator_family_id"":""moe"",""operator_family_ids"":[""moe""],""profile_id"":""generic"",""selected_expert_parallel_size"":8,""selected_padded_ffn_width"":768,""selected_tensor_parallel_size"":1,""tensor_parallel_mode"":""moe_tp"",""tensor_parallel_sizes"":[1]},""moe_shuffling"":{""dimension_source"":""routed_mlp_hidden_dim"",""effective_ffn_width"":768,""expert_parallel_mode"":""on"",""layer_kind"":""routed"",""operator_family_id"":""moe"",""operator_family_ids"":[""moe""],""profile_id"":""generic"",""selected_expert_parallel_size"":null,""selected_padded_ffn_width"":768,""selected_tensor_parallel_size"":1,""tensor_parallel_mode"":""moe_tp"",""tensor_parallel_sizes"":[1]}}",16254,0.375,1015.875,1015.875,1.0,0.9095607235142119,0.030986015846417886,1.0365448504983388,3.999296744402276,0.016026824166359033,uniform,1,vllm_fused,CUDA_EVENT,BF16,generic,generic,none
0.028672000393271446,0.031072000041604042,0.029561599995940924,0.02940800040960312,0.0005774735652739793,20,0.04076800122857094,0.04371200129389763,0.04244640003889799,0.04251199960708618,0.0008788343770682813,20,0.10214400291442871,0.11897599697113037,0.10398399941623211,0.10340799763798714,0.0035280412773351496,20,1.0486079454421997,1.0588159561157227,1.0528656244277954,1.052191972732544,0.003225581720471382,16384,128,16,8,standard_fused_topk,logit_topk,softmax_renorm,True,prefill_hot,ffn_like_prefix_20x,8,2048,768,True,1,"{""moe_gating_linear"":{""dimension_source"":""routed_mlp_hidden_dim"",""effective_ffn_width"":768,""expert_parallel_mode"":""on"",""layer_kind"":""routed"",""operator_family_id"":""moe"",""operator_family_ids"":[""moe""],""profile_id"":""generic"",""selected_expert_parallel_size"":null,""selected_padded_ffn_width"":768,""selected_tensor_parallel_size"":1,""tensor_parallel_mode"":""moe_tp"",""tensor_parallel_sizes"":[1]},""moe_gating_routing_topk"":{""dimension_source"":""routed_mlp_hidden_dim"",""effective_ffn_width"":768,""expert_parallel_mode"":""on"",""layer_kind"":""routed"",""operator_family_id"":""moe"",""operator_family_ids"":[""moe""],""profile_id"":""generic"",""selected_expert_parallel_size"":null,""selected_padded_ffn_width"":768,""selected_tensor_parallel_size"":1,""tensor_parallel_mode"":""moe_tp"",""tensor_parallel_sizes"":[1]},""moe_grouped_gemm"":{""dimension_source"":""routed_mlp_hidden_dim"",""effective_ffn_width"":768,""expert_parallel_mode"":""on"",""layer_kind"":""routed"",""operator_family_id"":""moe"",""operator_family_ids"":[""moe""],""profile_id"":""generic"",""selected_expert_parallel_size"":8,""selected_padded_ffn_width"":768,""selected_tensor_parallel_size"":1,""tensor_parallel_mode"":""moe_tp"",""tensor_parallel_sizes"":[1]},""moe_shuffling"":{""dimension_source"":""routed_mlp_hidden_dim"",""effective_ffn_width"":768,""expert_parallel_mode"":""on"",""layer_kind"":""routed"",""operator_family_id"":""moe"",""operator_family_ids"":[""moe""],""profile_id"":""generic"",""selected_expert_parallel_size"":null,""selected_padded_ffn_width"":768,""selected_tensor_parallel_size"":1,""tensor_parallel_mode"":""moe_tp"",""tensor_parallel_sizes"":[1]}}",16309,0.375,1019.3125,1019.3125,1.0,0.9447544300692869,0.02689571544728805,1.0389355570543872,3.9994763174677135,0.015225488993807046,uniform,0,vllm_fused,CUDA_EVENT,BF16,generic,generic,none
0.028575999662280083,0.03062400035560131,0.029273600224405526,0.029103999957442284,0.0005441506240022731,20,0.04047999903559685,0.04320000112056732,0.04188959989696741,0.041919998824596405,0.0007724192225724266,20,0.10540799796581268,0.1263359934091568,0.10755519978702069,0.10639999806880951,0.0044573803772744135,20,0.7493759989738464,0.7695680260658264,0.7597712278366089,0.7618560194969177,0.007265938911587,16384,128,16,8,standard_fused_topk,logit_topk,softmax_renorm,True,prefill_hot,ffn_like_prefix_20x,8,2048,768,True,1,"{""moe_gating_linear"":{""dimension_source"":""routed_mlp_hidden_dim"",""effective_ffn_width"":768,""expert_parallel_mode"":""on"",""layer_kind"":""routed"",""operator_family_id"":""moe"",""operator_family_ids"":[""moe""],""profile_id"":""generic"",""selected_expert_parallel_size"":null,""selected_padded_ffn_width"":768,""selected_tensor_parallel_size"":1,""tensor_parallel_mode"":""moe_tp"",""tensor_parallel_sizes"":[1]},""moe_gating_routing_topk"":{""dimension_source"":""routed_mlp_hidden_dim"",""effective_ffn_width"":768,""expert_parallel_mode"":""on"",""layer_kind"":""routed"",""operator_family_id"":""moe"",""operator_family_ids"":[""moe""],""profile_id"":""generic"",""selected_expert_parallel_size"":null,""selected_padded_ffn_width"":768,""selected_tensor_parallel_size"":1,""tensor_parallel_mode"":""moe_tp"",""tensor_parallel_sizes"":[1]},""moe_grouped_gemm"":{""dimension_source"":""routed_mlp_hidden_dim"",""effective_ffn_width"":768,""expert_parallel_mode"":""on"",""layer_kind"":""routed"",""operator_family_id"":""moe"",""operator_family_ids"":[""moe""],""profile_id"":""generic"",""selected_expert_parallel_size"":8,""selected_padded_ffn_width"":768,""selected_tensor_parallel_size"":1,""tensor_parallel_mode"":""moe_tp"",""tensor_parallel_sizes"":[1]},""moe_shuffling"":{""dimension_source"":""routed_mlp_hidden_dim"",""effective_ffn_width"":768,""expert_parallel_mode"":""on"",""layer_kind"":""routed"",""operator_family_id"":""moe"",""operator_family_ids"":[""moe""],""profile_id"":""generic"",""selected_expert_parallel_size"":null,""selected_padded_ffn_width"":768,""selected_tensor_parallel_size"":1,""tensor_parallel_mode"":""moe_tp"",""tensor_parallel_sizes"":[1]}}",6015,0.375,375.9375,375.9375,1.0,0.35910224438902744,0.3154412272066675,1.4310889443059018,3.921622616520765,0.1785016625103908,skewed,0,vllm_fused,CUDA_EVENT,BF16,generic,generic,none
0.03759999945759773,0.039135999977588654,0.038425599597394465,0.03839999996125698,0.00044600696236146204,20,0.05318399891257286,0.055904000997543335,0.05447359997779131,0.054575998336076736,0.0006726931726385066,20,0.15001599490642548,0.1719679981470108,0.1526416003704071,0.15168000012636185,0.004488203020618503,20,1.0872639417648315,1.1125760078430176,1.0993744134902954,1.100383996963501,0.0075134593062102795,24576,128,16,8,standard_fused_topk,logit_topk,softmax_renorm,True,prefill_hot,ffn_like_prefix_20x,8,2048,768,True,1,"{""moe_gating_linear"":{""dimension_source"":""routed_mlp_hidden_dim"",""effective_ffn_width"":768,""expert_parallel_mode"":""on"",""layer_kind"":""routed"",""operator_family_id"":""moe"",""operator_family_ids"":[""moe""],""profile_id"":""generic"",""selected_expert_parallel_size"":null,""selected_padded_ffn_width"":768,""selected_tensor_parallel_size"":1,""tensor_parallel_mode"":""moe_tp"",""tensor_parallel_sizes"":[1]},""moe_gating_routing_topk"":{""dimension_source"":""routed_mlp_hidden_dim"",""effective_ffn_width"":768,""expert_parallel_mode"":""on"",""layer_kind"":""routed"",""operator_family_id"":""moe"",""operator_family_ids"":[""moe""],""profile_id"":""generic"",""selected_expert_parallel_size"":null,""selected_padded_ffn_width"":768,""selected_tensor_parallel_size"":1,""tensor_parallel_mode"":""moe_tp"",""tensor_parallel_sizes"":[1]},""moe_grouped_gemm"":{""dimension_source"":""routed_mlp_hidden_dim"",""effective_ffn_width"":768,""expert_parallel_mode"":""on"",""layer_kind"":""routed"",""operator_family_id"":""moe"",""operator_family_ids"":[""moe""],""profile_id"":""generic"",""selected_expert_parallel_size"":8,""selected_padded_ffn_width"":768,""selected_tensor_parallel_size"":1,""tensor_parallel_mode"":""moe_tp"",""tensor_parallel_sizes"":[1]},""moe_shuffling"":{""dimension_source"":""routed_mlp_hidden_dim"",""effective_ffn_width"":768,""expert_parallel_mode"":""on"",""layer_kind"":""routed"",""operator_family_id"":""moe"",""operator_family_ids"":[""moe""],""profile_id"":""generic"",""selected_expert_parallel_size"":null,""selected_padded_ffn_width"":768,""selected_tensor_parallel_size"":1,""tensor_parallel_mode"":""moe_tp"",""tensor_parallel_sizes"":[1]}}",9128,0.375,570.5,570.5,1.0,0.3470639789658195,0.32434622752894743,1.4864154250657318,3.9161684283287945,0.1837067265556529,skewed,2,vllm_fused,CUDA_EVENT,BF16,generic,generic,none
0.028831999748945236,0.030592000111937523,0.02944000018760562,0.029071999713778496,0.0005811329376678847,20,0.04044799879193306,0.04291199892759323,0.041782400012016295,0.04196799919009209,0.0007680067761705585,20,0.10028800368309021,0.11721599847078323,0.10294240079820156,0.10151999816298485,0.004677842284055739,20,1.0533759593963623,1.0621119737625122,1.056105613708496,1.0554239749908447,0.0020697033032774925,16384,128,16,8,standard_fused_topk,logit_topk,softmax_renorm,True,prefill_hot,ffn_like_prefix_20x,8,2048,768,True,1,"{""moe_gating_linear"":{""dimension_source"":""routed_mlp_hidden_dim"",""effective_ffn_width"":768,""expert_parallel_mode"":""on"",""layer_kind"":""routed"",""operator_family_id"":""moe"",""operator_family_ids"":[""moe""],""profile_id"":""generic"",""selected_expert_parallel_size"":null,""selected_padded_ffn_width"":768,""selected_tensor_parallel_size"":1,""tensor_parallel_mode"":""moe_tp"",""tensor_parallel_sizes"":[1]},""moe_gating_routing_topk"":{""dimension_source"":""routed_mlp_hidden_dim"",""effective_ffn_width"":768,""expert_parallel_mode"":""on"",""layer_kind"":""routed"",""operator_family_id"":""moe"",""operator_family_ids"":[""moe""],""profile_id"":""generic"",""selected_expert_parallel_size"":null,""selected_padded_ffn_width"":768,""selected_tensor_parallel_size"":1,""tensor_parallel_mode"":""moe_tp"",""tensor_parallel_sizes"":[1]},""moe_grouped_gemm"":{""dimension_source"":""routed_mlp_hidden_dim"",""effective_ffn_width"":768,""expert_parallel_mode"":""on"",""layer_kind"":""routed"",""operator_family_id"":""moe"",""operator_family_ids"":[""moe""],""profile_id"":""generic"",""selected_expert_parallel_size"":8,""selected_padded_ffn_width"":768,""selected_tensor_parallel_size"":1,""tensor_parallel_mode"":""moe_tp"",""tensor_parallel_sizes"":[1]},""moe_shuffling"":{""dimension_source"":""routed_mlp_hidden_dim"",""effective_ffn_width"":768,""expert_parallel_mode"":""on"",""layer_kind"":""routed"",""operator_family_id"":""moe"",""operator_family_ids"":[""moe""],""profile_id"":""generic"",""selected_expert_parallel_size"":null,""selected_padded_ffn_width"":768,""selected_tensor_parallel_size"":1,""tensor_parallel_mode"":""moe_tp"",""tensor_parallel_sizes"":[1]}}",16451,0.375,1028.1875,1028.1875,1.0,0.9443802808339918,0.03219319397240843,1.0766518752659413,3.9992551467979482,0.017882651510546577,uniform,2,vllm_fused,CUDA_EVENT,BF16,generic,generic,none
0.02364799939095974,0.026208000257611275,0.024689599964767696,0.0244159996509552,0.0006617484552473872,20,0.03468799963593483,0.03711999952793121,0.035894399881362914,0.0360959991812706,0.0006833403536622152,20,0.08105599880218506,0.09625600278377533,0.08424640037119388,0.08315199986100197,0.003843746882396283,20,0.8093439936637878,0.8342400193214417,0.8183456659317017,0.8208320140838623,0.0074674030765891075,12416,128,16,8,standard_fused_topk,logit_topk,softmax_renorm,True,prefill_hot,ffn_like_prefix_20x,8,2048,768,True,1,"{""moe_gating_linear"":{""dimension_source"":""routed_mlp_hidden_dim"",""effective_ffn_width"":768,""expert_parallel_mode"":""on"",""layer_kind"":""routed"",""operator_family_id"":""moe"",""operator_family_ids"":[""moe""],""profile_id"":""generic"",""selected_expert_parallel_size"":null,""selected_padded_ffn_width"":768,""selected_tensor_parallel_size"":1,""tensor_parallel_mode"":""moe_tp"",""tensor_parallel_sizes"":[1]},""moe_gating_routing_topk"":{""dimension_source"":""routed_mlp_hidden_dim"",""effective_ffn_width"":768,""expert_parallel_mode"":""on"",""layer_kind"":""routed"",""operator_family_id"":""moe"",""operator_family_ids"":[""moe""],""profile_id"":""generic"",""selected_expert_parallel_size"":null,""selected_padded_ffn_width"":768,""selected_tensor_parallel_size"":1,""tensor_parallel_mode"":""moe_tp"",""tensor_parallel_sizes"":[1]},""moe_grouped_gemm"":{""dimension_source"":""routed_mlp_hidden_dim"",""effective_ffn_width"":768,""expert_parallel_mode"":""on"",""layer_kind"":""routed"",""operator_family_id"":""moe"",""operator_family_ids"":[""moe""],""profile_id"":""generic"",""selected_expert_parallel_size"":8,""selected_padded_ffn_width"":768,""selected_tensor_parallel_size"":1,""tensor_parallel_mode"":""moe_tp"",""tensor_parallel_sizes"":[1]},""moe_shuffling"":{""dimension_source"":""routed_mlp_hidden_dim"",""effective_ffn_width"":768,""expert_parallel_mode"":""on"",""layer_kind"":""routed"",""operator_family_id"":""moe"",""operator_family_ids"":[""moe""],""profile_id"":""generic"",""selected_expert_parallel_size"":null,""selected_padded_ffn_width"":768,""selected_tensor_parallel_size"":1,""tensor_parallel_mode"":""moe_tp"",""tensor_parallel_sizes"":[1]}}",12301,0.375,768.8125,768.8125,1.0,0.9261035688155435,0.03328330049863548,1.0483700512153484,3.999195788165785,0.018621453540362598,uniform,0,vllm_fused,CUDA_EVENT,BF16,generic,generic,none
0.037696000188589096,0.03977600112557411,0.03850399982184172,0.03843199834227562,0.0004998432699066459,20,0.053279999643564224,0.05673599988222122,0.05492639988660812,0.05495999939739704,0.0009747386278610517,20,0.13689599931240082,0.155008003115654,0.1392592005431652,0.13864000141620636,0.0036737661477941395,20,5.553311824798584,5.630144119262695,5.592332363128662,5.585472106933594,0.02665824629366398,24576,128,16,8,standard_fused_topk,logit_topk,softmax_renorm,True,prefill_hot,ffn_like_prefix_20x,8,2048,768,True,1,"{""moe_gating_linear"":{""dimension_source"":""routed_mlp_hidden_dim"",""effective_ffn_width"":768,""expert_parallel_mode"":""on"",""layer_kind"":""routed"",""operator_family_id"":""moe"",""operator_family_ids"":[""moe""],""profile_id"":""generic"",""selected_expert_parallel_size"":null,""selected_padded_ffn_width"":768,""selected_tensor_parallel_size"":1,""tensor_parallel_mode"":""moe_tp"",""tensor_parallel_sizes"":[1]},""moe_gating_routing_topk"":{""dimension_source"":""routed_mlp_hidden_dim"",""effective_ffn_width"":768,""expert_parallel_mode"":""on"",""layer_kind"":""routed"",""operator_family_id"":""moe"",""operator_family_ids"":[""moe""],""profile_id"":""generic"",""selected_expert_parallel_size"":null,""selected_padded_ffn_width"":768,""selected_tensor_parallel_size"":1,""tensor_parallel_mode"":""moe_tp"",""tensor_parallel_sizes"":[1]},""moe_grouped_gemm"":{""dimension_source"":""routed_mlp_hidden_dim"",""effective_ffn_width"":768,""expert_parallel_mode"":""on"",""layer_kind"":""routed"",""operator_family_id"":""moe"",""operator_family_ids"":[""moe""],""profile_id"":""generic"",""selected_expert_parallel_size"":8,""selected_padded_ffn_width"":768,""selected_tensor_parallel_size"":1,""tensor_parallel_mode"":""moe_tp"",""tensor_parallel_sizes"":[1]},""moe_shuffling"":{""dimension_source"":""routed_mlp_hidden_dim"",""effective_ffn_width"":768,""expert_parallel_mode"":""on"",""layer_kind"":""routed"",""operator_family_id"":""moe"",""operator_family_ids"":[""moe""],""profile_id"":""generic"",""selected_expert_parallel_size"":null,""selected_padded_ffn_width"":768,""selected_tensor_parallel_size"":1,""tensor_parallel_mode"":""moe_tp"",""tensor_parallel_sizes"":[1]}}",162112,0.375,10132.0,10132.0,1.0,0.027339123568890643,0.9699356103723257,1.9729569680221082,3.1125421357986442,0.4853665984011053,extremely_skewed,0,vllm_fused,CUDA_EVENT,BF16,generic,generic,none
0.023679999634623528,0.025631999596953392,0.024390400014817716,0.024191999807953835,0.0005780054205885038,20,0.034623999148607254,0.03743999823927879,0.036022399365901944,0.03601599857211113,0.0007391997439655787,20,0.08390399813652039,0.09616000205278397,0.0900576002895832,0.09001599997282028,0.0025227918957834165,20,0.8114240169525146,0.8327360153198242,0.8179839849472046,0.8144959807395935,0.006714027840644121,12416,128,16,8,standard_fused_topk,logit_topk,softmax_renorm,True,prefill_hot,ffn_like_prefix_20x,8,2048,768,True,1,"{""moe_gating_linear"":{""dimension_source"":""routed_mlp_hidden_dim"",""effective_ffn_width"":768,""expert_parallel_mode"":""on"",""layer_kind"":""routed"",""operator_family_id"":""moe"",""operator_family_ids"":[""moe""],""profile_id"":""generic"",""selected_expert_parallel_size"":null,""selected_padded_ffn_width"":768,""selected_tensor_parallel_size"":1,""tensor_parallel_mode"":""moe_tp"",""tensor_parallel_sizes"":[1]},""moe_gating_routing_topk"":{""dimension_source"":""routed_mlp_hidden_dim"",""effective_ffn_width"":768,""expert_parallel_mode"":""on"",""layer_kind"":""routed"",""operator_family_id"":""moe"",""operator_family_ids"":[""moe""],""profile_id"":""generic"",""selected_expert_parallel_size"":null,""selected_padded_ffn_width"":768,""selected_tensor_parallel_size"":1,""tensor_parallel_mode"":""moe_tp"",""tensor_parallel_sizes"":[1]},""moe_grouped_gemm"":{""dimension_source"":""routed_mlp_hidden_dim"",""effective_ffn_width"":768,""expert_parallel_mode"":""on"",""layer_kind"":""routed"",""operator_family_id"":""moe"",""operator_family_ids"":[""moe""],""profile_id"":""generic"",""selected_expert_parallel_size"":8,""selected_padded_ffn_width"":768,""selected_tensor_parallel_size"":1,""tensor_parallel_mode"":""moe_tp"",""tensor_parallel_sizes"":[1]},""moe_shuffling"":{""dimension_source"":""routed_mlp_hidden_dim"",""effective_ffn_width"":768,""expert_parallel_mode"":""on"",""layer_kind"":""routed"",""operator_family_id"":""moe"",""operator_family_ids"":[""moe""],""profile_id"":""generic"",""selected_expert_parallel_size"":null,""selected_padded_ffn_width"":768,""selected_tensor_parallel_size"":1,""tensor_parallel_mode"":""moe_tp"",""tensor_parallel_sizes"":[1]}}",12465,0.375,779.0625,779.0625,1.0,0.9485760128359406,0.03770105203681613,1.0910549538708383,3.9989819640042485,0.020893501805054226,uniform,2,vllm_fused,CUDA_EVENT,BF16,generic,generic,none
0.028704000636935234,0.030432000756263733,0.029151999857276678,0.028991999104619026,0.00044328972381759503,20,0.04089599847793579,0.04355200007557869,0.04226719979196787,0.04230399988591671,0.0007722071777582003,20,0.10502400249242783,0.12256000190973282,0.10730240009725094,0.1066880002617836,0.003588334931164153,20,0.7505919933319092,0.7610880136489868,0.7533087730407715,0.7526080012321472,0.002457988914102316,16384,128,16,8,standard_fused_topk,logit_topk,softmax_renorm,True,prefill_hot,ffn_like_prefix_20x,8,2048,768,True,1,"{""moe_gating_linear"":{""dimension_source"":""routed_mlp_hidden_dim"",""effective_ffn_width"":768,""expert_parallel_mode"":""on"",""layer_kind"":""routed"",""operator_family_id"":""moe"",""operator_family_ids"":[""moe""],""profile_id"":""generic"",""selected_expert_parallel_size"":null,""selected_padded_ffn_width"":768,""selected_tensor_parallel_size"":1,""tensor_parallel_mode"":""moe_tp"",""tensor_parallel_sizes"":[1]},""moe_gating_routing_topk"":{""dimension_source"":""routed_mlp_hidden_dim"",""effective_ffn_width"":768,""expert_parallel_mode"":""on"",""layer_kind"":""routed"",""operator_family_id"":""moe"",""operator_family_ids"":[""moe""],""profile_id"":""generic"",""selected_expert_parallel_size"":null,""selected_padded_ffn_width"":768,""selected_tensor_parallel_size"":1,""tensor_parallel_mode"":""moe_tp"",""tensor_parallel_sizes"":[1]},""moe_grouped_gemm"":{""dimension_source"":""routed_mlp_hidden_dim"",""effective_ffn_width"":768,""expert_parallel_mode"":""on"",""layer_kind"":""routed"",""operator_family_id"":""moe"",""operator_family_ids"":[""moe""],""profile_id"":""generic"",""selected_expert_parallel_size"":8,""selected_padded_ffn_width"":768,""selected_tensor_parallel_size"":1,""tensor_parallel_mode"":""moe_tp"",""tensor_parallel_sizes"":[1]},""moe_shuffling"":{""dimension_source"":""routed_mlp_hidden_dim"",""effective_ffn_width"":768,""expert_parallel_mode"":""on"",""layer_kind"":""routed"",""operator_family_id"":""moe"",""operator_family_ids"":[""moe""],""profile_id"":""generic"",""selected_expert_parallel_size"":null,""selected_padded_ffn_width"":768,""selected_tensor_parallel_size"":1,""tensor_parallel_mode"":""moe_tp"",""tensor_parallel_sizes"":[1]}}",5986,0.375,374.125,374.125,1.0,0.3581690611426662,0.30839311220154086,1.4219846308052122,3.9241000428131807,0.17323755429335108,skewed,1,vllm_fused,CUDA_EVENT,BF16,generic,generic,none
0.02364799939095974,0.025631999596953392,0.024299200158566236,0.024191999807953835,0.0005447783326395545,20,0.03481600061058998,0.036320000886917114,0.035534399934113024,0.035552000626921654,0.00046256029623312374,20,0.0806720033288002,0.09721600264310837,0.08416640050709248,0.08337600156664848,0.0035604172738072353,20,0.802079975605011,0.8099520206451416,0.8056048154830933,0.8054400086402893,0.002383533399552107,12416,128,16,8,standard_fused_topk,logit_topk,softmax_renorm,True,prefill_hot,ffn_like_prefix_20x,8,2048,768,True,1,"{""moe_gating_linear"":{""dimension_source"":""routed_mlp_hidden_dim"",""effective_ffn_width"":768,""expert_parallel_mode"":""on"",""layer_kind"":""routed"",""operator_family_id"":""moe"",""operator_family_ids"":[""moe""],""profile_id"":""generic"",""selected_expert_parallel_size"":null,""selected_padded_ffn_width"":768,""selected_tensor_parallel_size"":1,""tensor_parallel_mode"":""moe_tp"",""tensor_parallel_sizes"":[1]},""moe_gating_routing_topk"":{""dimension_source"":""routed_mlp_hidden_dim"",""effective_ffn_width"":768,""expert_parallel_mode"":""on"",""layer_kind"":""routed"",""operator_family_id"":""moe"",""operator_family_ids"":[""moe""],""profile_id"":""generic"",""selected_expert_parallel_size"":null,""selected_padded_ffn_width"":768,""selected_tensor_parallel_size"":1,""tensor_parallel_mode"":""moe_tp"",""tensor_parallel_sizes"":[1]},""moe_grouped_gemm"":{""dimension_source"":""routed_mlp_hidden_dim"",""effective_ffn_width"":768,""expert_parallel_mode"":""on"",""layer_kind"":""routed"",""operator_family_id"":""moe"",""operator_family_ids"":[""moe""],""profile_id"":""generic"",""selected_expert_parallel_size"":8,""selected_padded_ffn_width"":768,""selected_tensor_parallel_size"":1,""tensor_parallel_mode"":""moe_tp"",""tensor_parallel_sizes"":[1]},""moe_shuffling"":{""dimension_source"":""routed_mlp_hidden_dim"",""effective_ffn_width"":768,""expert_parallel_mode"":""on"",""layer_kind"":""routed"",""operator_family_id"":""moe"",""operator_family_ids"":[""moe""],""profile_id"":""generic"",""selected_expert_parallel_size"":null,""selected_padded_ffn_width"":768,""selected_tensor_parallel_size"":1,""tensor_parallel_mode"":""moe_tp"",""tensor_parallel_sizes"":[1]}}",12255,0.375,765.9375,765.9375,1.0,0.8969400244798041,0.03624471790816842,1.0549163606691145,3.9990383971861405,0.019109547123623116,uniform,1,vllm_fused,CUDA_EVENT,BF16,generic,generic,none
0.028672000393271446,0.03110400028526783,0.02969440007582307,0.0294560007750988,0.0007158619859560871,20,0.04089599847793579,0.043807998299598694,0.042446399480104445,0.042479999363422394,0.0008582014275393899,20,0.0979200005531311,0.11846400052309036,0.10069600008428096,0.09998400136828423,0.004145622975294852,20,3.7434239387512207,3.772128105163574,3.757357120513916,3.759392023086548,0.008235559798777103,16384,128,16,8,standard_fused_topk,logit_topk,softmax_renorm,True,prefill_hot,ffn_like_prefix_20x,8,2048,768,True,1,"{""moe_gating_linear"":{""dimension_source"":""routed_mlp_hidden_dim"",""effective_ffn_width"":768,""expert_parallel_mode"":""on"",""layer_kind"":""routed"",""operator_family_id"":""moe"",""operator_family_ids"":[""moe""],""profile_id"":""generic"",""selected_expert_parallel_size"":null,""selected_padded_ffn_width"":768,""selected_tensor_parallel_size"":1,""tensor_parallel_mode"":""moe_tp"",""tensor_parallel_sizes"":[1]},""moe_gating_routing_topk"":{""dimension_source"":""routed_mlp_hidden_dim"",""effective_ffn_width"":768,""expert_parallel_mode"":""on"",""layer_kind"":""routed"",""operator_family_id"":""moe"",""operator_family_ids"":[""moe""],""profile_id"":""generic"",""selected_expert_parallel_size"":null,""selected_padded_ffn_width"":768,""selected_tensor_parallel_size"":1,""tensor_parallel_mode"":""moe_tp"",""tensor_parallel_sizes"":[1]},""moe_grouped_gemm"":{""dimension_source"":""routed_mlp_hidden_dim"",""effective_ffn_width"":768,""expert_parallel_mode"":""on"",""layer_kind"":""routed"",""operator_family_id"":""moe"",""operator_family_ids"":[""moe""],""profile_id"":""generic"",""selected_expert_parallel_size"":8,""selected_padded_ffn_width"":768,""selected_tensor_parallel_size"":1,""tensor_parallel_mode"":""moe_tp"",""tensor_parallel_sizes"":[1]},""moe_shuffling"":{""dimension_source"":""routed_mlp_hidden_dim"",""effective_ffn_width"":768,""expert_parallel_mode"":""on"",""layer_kind"":""routed"",""operator_family_id"":""moe"",""operator_family_ids"":[""moe""],""profile_id"":""generic"",""selected_expert_parallel_size"":null,""selected_padded_ffn_width"":768,""selected_tensor_parallel_size"":1,""tensor_parallel_mode"":""moe_tp"",""tensor_parallel_sizes"":[1]}}",108389,0.375,6774.3125,6774.3125,1.0,0.025980496175811198,0.9697244446585345,1.9723034625284854,3.1130718228291725,0.4856091254647612,extremely_skewed,2,vllm_fused,CUDA_EVENT,BF16,generic,generic,none
0.03731200098991394,0.03951999917626381,0.03847840018570423,0.0384799987077713,0.0005267349444303098,20,0.0525440014898777,0.054976001381874084,0.054073600471019743,0.05411200039088726,0.0007270834261310209,20,0.1353600025177002,0.15532800555229187,0.13784800171852113,0.13689600676298141,0.0040784992219003065,20,5.543456077575684,5.5992960929870605,5.5785040855407715,5.586944103240967,0.018607355654239655,24576,128,16,8,standard_fused_topk,logit_topk,softmax_renorm,True,prefill_hot,ffn_like_prefix_20x,8,2048,768,True,1,"{""moe_gating_linear"":{""dimension_source"":""routed_mlp_hidden_dim"",""effective_ffn_width"":768,""expert_parallel_mode"":""on"",""layer_kind"":""routed"",""operator_family_id"":""moe"",""operator_family_ids"":[""moe""],""profile_id"":""generic"",""selected_expert_parallel_size"":null,""selected_padded_ffn_width"":768,""selected_tensor_parallel_size"":1,""tensor_parallel_mode"":""moe_tp"",""tensor_parallel_sizes"":[1]},""moe_gating_routing_topk"":{""dimension_source"":""routed_mlp_hidden_dim"",""effective_ffn_width"":768,""expert_parallel_mode"":""on"",""layer_kind"":""routed"",""operator_family_id"":""moe"",""operator_family_ids"":[""moe""],""profile_id"":""generic"",""selected_expert_parallel_size"":null,""selected_padded_ffn_width"":768,""selected_tensor_parallel_size"":1,""tensor_parallel_mode"":""moe_tp"",""tensor_parallel_sizes"":[1]},""moe_grouped_gemm"":{""dimension_source"":""routed_mlp_hidden_dim"",""effective_ffn_width"":768,""expert_parallel_mode"":""on"",""layer_kind"":""routed"",""operator_family_id"":""moe"",""operator_family_ids"":[""moe""],""profile_id"":""generic"",""selected_expert_parallel_size"":8,""selected_padded_ffn_width"":768,""selected_tensor_parallel_size"":1,""tensor_parallel_mode"":""moe_tp"",""tensor_parallel_sizes"":[1]},""moe_shuffling"":{""dimension_source"":""routed_mlp_hidden_dim"",""effective_ffn_width"":768,""expert_parallel_mode"":""on"",""layer_kind"":""routed"",""operator_family_id"":""moe"",""operator_family_ids"":[""moe""],""profile_id"":""generic"",""selected_expert_parallel_size"":null,""selected_padded_ffn_width"":768,""selected_tensor_parallel_size"":1,""tensor_parallel_mode"":""moe_tp"",""tensor_parallel_sizes"":[1]}}",162259,0.375,10141.1875,10141.1875,1.0,0.027511571006847077,0.9691874946081686,1.9725500588565195,3.1147419536827576,0.4851791734202726,extremely_skewed,2,vllm_fused,CUDA_EVENT,BF16,generic,generic,none
0.03763199970126152,0.03996799886226654,0.03891519997268915,0.03892800025641918,0.0006547812051729991,20,0.052928000688552856,0.05619199946522713,0.05439520012587309,0.05443200096487999,0.0008816142923094695,20,0.13715200126171112,0.15324799716472626,0.1391056001186371,0.1385280042886734,0.003317466931736086,20,5.553247928619385,5.67033576965332,5.612102508544922,5.6113600730896,0.04152128845453262,24576,128,16,8,standard_fused_topk,logit_topk,softmax_renorm,True,prefill_hot,ffn_like_prefix_20x,8,2048,768,True,1,"{""moe_gating_linear"":{""dimension_source"":""routed_mlp_hidden_dim"",""effective_ffn_width"":768,""expert_parallel_mode"":""on"",""layer_kind"":""routed"",""operator_family_id"":""moe"",""operator_family_ids"":[""moe""],""profile_id"":""generic"",""selected_expert_parallel_size"":null,""selected_padded_ffn_width"":768,""selected_tensor_parallel_size"":1,""tensor_parallel_mode"":""moe_tp"",""tensor_parallel_sizes"":[1]},""moe_gating_routing_topk"":{""dimension_source"":""routed_mlp_hidden_dim"",""effective_ffn_width"":768,""expert_parallel_mode"":""on"",""layer_kind"":""routed"",""operator_family_id"":""moe"",""operator_family_ids"":[""moe""],""profile_id"":""generic"",""selected_expert_parallel_size"":null,""selected_padded_ffn_width"":768,""selected_tensor_parallel_size"":1,""tensor_parallel_mode"":""moe_tp"",""tensor_parallel_sizes"":[1]},""moe_grouped_gemm"":{""dimension_source"":""routed_mlp_hidden_dim"",""effective_ffn_width"":768,""expert_parallel_mode"":""on"",""layer_kind"":""routed"",""operator_family_id"":""moe"",""operator_family_ids"":[""moe""],""profile_id"":""generic"",""selected_expert_parallel_size"":8,""selected_padded_ffn_width"":768,""selected_tensor_parallel_size"":1,""tensor_parallel_mode"":""moe_tp"",""tensor_parallel_sizes"":[1]},""moe_shuffling"":{""dimension_source"":""routed_mlp_hidden_dim"",""effective_ffn_width"":768,""expert_parallel_mode"":""on"",""layer_kind"":""routed"",""operator_family_id"":""moe"",""operator_family_ids"":[""moe""],""profile_id"":""generic"",""selected_expert_parallel_size"":null,""selected_padded_ffn_width"":768,""selected_tensor_parallel_size"":1,""tensor_parallel_mode"":""moe_tp"",""tensor_parallel_sizes"":[1]}}",162378,0.375,10148.625,10148.625,1.0,0.028969441673133058,0.9690976415856238,1.9705132468684181,3.115056009558419,0.48490328123267923,extremely_skewed,1,vllm_fused,CUDA_EVENT,BF16,generic,generic,none
0.02377600036561489,0.025119999423623085,0.024159999657422306,0.02412799932062626,0.000284602230331982,20,0.034752000123262405,0.03721600025892258,0.036064000241458415,0.03619199991226196,0.000821035074745082,20,0.08134400099515915,0.09590400010347366,0.08426080010831356,0.08353599905967712,0.0033949157018388623,20,0.8021119832992554,0.819487988948822,0.8103551864624023,0.8069760203361511,0.005934460554271936,12400,128,16,8,standard_fused_topk,logit_topk,softmax_renorm,True,prefill_hot,ffn_like_prefix_20x,8,2048,768,True,1,"{""moe_gating_linear"":{""dimension_source"":""routed_mlp_hidden_dim"",""effective_ffn_width"":768,""expert_parallel_mode"":""on"",""layer_kind"":""routed"",""operator_family_id"":""moe"",""operator_family_ids"":[""moe""],""profile_id"":""generic"",""selected_expert_parallel_size"":null,""selected_padded_ffn_width"":768,""selected_tensor_parallel_size"":1,""tensor_parallel_mode"":""moe_tp"",""tensor_parallel_sizes"":[1]},""moe_gating_routing_topk"":{""dimension_source"":""routed_mlp_hidden_dim"",""effective_ffn_width"":768,""expert_parallel_mode"":""on"",""layer_kind"":""routed"",""operator_family_id"":""moe"",""operator_family_ids"":[""moe""],""profile_id"":""generic"",""selected_expert_parallel_size"":null,""selected_padded_ffn_width"":768,""selected_tensor_parallel_size"":1,""tensor_parallel_mode"":""moe_tp"",""tensor_parallel_sizes"":[1]},""moe_grouped_gemm"":{""dimension_source"":""routed_mlp_hidden_dim"",""effective_ffn_width"":768,""expert_parallel_mode"":""on"",""layer_kind"":""routed"",""operator_family_id"":""moe"",""operator_family_ids"":[""moe""],""profile_id"":""generic"",""selected_expert_parallel_size"":8,""selected_padded_ffn_width"":768,""selected_tensor_parallel_size"":1,""tensor_parallel_mode"":""moe_tp"",""tensor_parallel_sizes"":[1]},""moe_shuffling"":{""dimension_source"":""routed_mlp_hidden_dim"",""effective_ffn_width"":768,""expert_parallel_mode"":""on"",""layer_kind"":""routed"",""operator_family_id"":""moe"",""operator_family_ids"":[""moe""],""profile_id"":""generic"",""selected_expert_parallel_size"":null,""selected_padded_ffn_width"":768,""selected_tensor_parallel_size"":1,""tensor_parallel_mode"":""moe_tp"",""tensor_parallel_sizes"":[1]}}",12244,0.375,765.25,765.25,1.0,0.8977458346945443,0.03627148766333444,1.0558640967004247,3.9990375141331143,0.01916244691277358,uniform,1,vllm_fused,CUDA_EVENT,BF16,generic,generic,none
0.02412799932062626,0.025919999927282333,0.024655999988317488,0.024528000503778458,0.00040458178306182805,20,0.03484800085425377,0.03667199984192848,0.035963199660182,0.036079999059438705,0.000516903962814555,20,0.07715199887752533,0.09251199662685394,0.07998399995267391,0.07919999957084656,0.003252662067027772,20,2.851840019226074,2.8859200477600098,2.8618927001953125,2.8568639755249023,0.009773865342140198,12416,128,16,8,standard_fused_topk,logit_topk,softmax_renorm,True,prefill_hot,ffn_like_prefix_20x,8,2048,768,True,1,"{""moe_gating_linear"":{""dimension_source"":""routed_mlp_hidden_dim"",""effective_ffn_width"":768,""expert_parallel_mode"":""on"",""layer_kind"":""routed"",""operator_family_id"":""moe"",""operator_family_ids"":[""moe""],""profile_id"":""generic"",""selected_expert_parallel_size"":null,""selected_padded_ffn_width"":768,""selected_tensor_parallel_size"":1,""tensor_parallel_mode"":""moe_tp"",""tensor_parallel_sizes"":[1]},""moe_gating_routing_topk"":{""dimension_source"":""routed_mlp_hidden_dim"",""effective_ffn_width"":768,""expert_parallel_mode"":""on"",""layer_kind"":""routed"",""operator_family_id"":""moe"",""operator_family_ids"":[""moe""],""profile_id"":""generic"",""selected_expert_parallel_size"":null,""selected_padded_ffn_width"":768,""selected_tensor_parallel_size"":1,""tensor_parallel_mode"":""moe_tp"",""tensor_parallel_sizes"":[1]},""moe_grouped_gemm"":{""dimension_source"":""routed_mlp_hidden_dim"",""effective_ffn_width"":768,""expert_parallel_mode"":""on"",""layer_kind"":""routed"",""operator_family_id"":""moe"",""operator_family_ids"":[""moe""],""profile_id"":""generic"",""selected_expert_parallel_size"":8,""selected_padded_ffn_width"":768,""selected_tensor_parallel_size"":1,""tensor_parallel_mode"":""moe_tp"",""tensor_parallel_sizes"":[1]},""moe_shuffling"":{""dimension_source"":""routed_mlp_hidden_dim"",""effective_ffn_width"":768,""expert_parallel_mode"":""on"",""layer_kind"":""routed"",""operator_family_id"":""moe"",""operator_family_ids"":[""moe""],""profile_id"":""generic"",""selected_expert_parallel_size"":null,""selected_padded_ffn_width"":768,""selected_tensor_parallel_size"":1,""tensor_parallel_mode"":""moe_tp"",""tensor_parallel_sizes"":[1]}}",82137,0.375,5133.5625,5133.5625,1.0,0.025323544809282054,0.9698359424440741,1.9732885301386707,3.1127149092645987,0.485773007292694,extremely_skewed,2,vllm_fused,CUDA_EVENT,BF16,generic,generic,none
0.023903999477624893,0.02595200017094612,0.024374399892985822,0.02425600029528141,0.000526504679440127,20,0.03497600182890892,0.03705599904060364,0.03616959992796183,0.036448001861572266,0.0006549533723000164,20,0.08531200140714645,0.10198400169610977,0.08875519931316375,0.08790399879217148,0.003326005949231086,20,0.5846400260925293,0.6064640283584595,0.5890223979949951,0.5883200168609619,0.0044985320419073105,12416,128,16,8,standard_fused_topk,logit_topk,softmax_renorm,True,prefill_hot,ffn_like_prefix_20x,8,2048,768,True,1,"{""moe_gating_linear"":{""dimension_source"":""routed_mlp_hidden_dim"",""effective_ffn_width"":768,""expert_parallel_mode"":""on"",""layer_kind"":""routed"",""operator_family_id"":""moe"",""operator_family_ids"":[""moe""],""profile_id"":""generic"",""selected_expert_parallel_size"":null,""selected_padded_ffn_width"":768,""selected_tensor_parallel_size"":1,""tensor_parallel_mode"":""moe_tp"",""tensor_parallel_sizes"":[1]},""moe_gating_routing_topk"":{""dimension_source"":""routed_mlp_hidden_dim"",""effective_ffn_width"":768,""expert_parallel_mode"":""on"",""layer_kind"":""routed"",""operator_family_id"":""moe"",""operator_family_ids"":[""moe""],""profile_id"":""generic"",""selected_expert_parallel_size"":null,""selected_padded_ffn_width"":768,""selected_tensor_parallel_size"":1,""tensor_parallel_mode"":""moe_tp"",""tensor_parallel_sizes"":[1]},""moe_grouped_gemm"":{""dimension_source"":""routed_mlp_hidden_dim"",""effective_ffn_width"":768,""expert_parallel_mode"":""on"",""layer_kind"":""routed"",""operator_family_id"":""moe"",""operator_family_ids"":[""moe""],""profile_id"":""generic"",""selected_expert_parallel_size"":8,""selected_padded_ffn_width"":768,""selected_tensor_parallel_size"":1,""tensor_parallel_mode"":""moe_tp"",""tensor_parallel_sizes"":[1]},""moe_shuffling"":{""dimension_source"":""routed_mlp_hidden_dim"",""effective_ffn_width"":768,""expert_parallel_mode"":""on"",""layer_kind"":""routed"",""operator_family_id"":""moe"",""operator_family_ids"":[""moe""],""profile_id"":""generic"",""selected_expert_parallel_size"":null,""selected_padded_ffn_width"":768,""selected_tensor_parallel_size"":1,""tensor_parallel_mode"":""moe_tp"",""tensor_parallel_sizes"":[1]}}",4547,0.375,284.1875,284.1875,1.0,0.36947437871123817,0.3127932859489123,1.4251154607433472,3.9230022285656387,0.17625632285023096,skewed,0,vllm_fused,CUDA_EVENT,BF16,generic,generic,none
0.023679999634623528,0.025760000571608543,0.024348799791187047,0.024159999564290047,0.0005542470184280052,20,0.03484800085425377,0.03654399886727333,0.035644800029695035,0.03577600046992302,0.0005026034602500657,20,0.08198399841785431,0.09536000341176987,0.08449920117855073,0.08356800302863121,0.0028188789303435703,20,0.8073599934577942,0.8147199749946594,0.8105823397636414,0.8105599880218506,0.0018053939566016197,12400,128,16,8,standard_fused_topk,logit_topk,softmax_renorm,True,prefill_hot,ffn_like_prefix_20x,8,2048,768,True,1,"{""moe_gating_linear"":{""dimension_source"":""routed_mlp_hidden_dim"",""effective_ffn_width"":768,""expert_parallel_mode"":""on"",""layer_kind"":""routed"",""operator_family_id"":""moe"",""operator_family_ids"":[""moe""],""profile_id"":""generic"",""selected_expert_parallel_size"":null,""selected_padded_ffn_width"":768,""selected_tensor_parallel_size"":1,""tensor_parallel_mode"":""moe_tp"",""tensor_parallel_sizes"":[1]},""moe_gating_routing_topk"":{""dimension_source"":""routed_mlp_hidden_dim"",""effective_ffn_width"":768,""expert_parallel_mode"":""on"",""layer_kind"":""routed"",""operator_family_id"":""moe"",""operator_family_ids"":[""moe""],""profile_id"":""generic"",""selected_expert_parallel_size"":null,""selected_padded_ffn_width"":768,""selected_tensor_parallel_size"":1,""tensor_parallel_mode"":""moe_tp"",""tensor_parallel_sizes"":[1]},""moe_grouped_gemm"":{""dimension_source"":""routed_mlp_hidden_dim"",""effective_ffn_width"":768,""expert_parallel_mode"":""on"",""layer_kind"":""routed"",""operator_family_id"":""moe"",""operator_family_ids"":[""moe""],""profile_id"":""generic"",""selected_expert_parallel_size"":8,""selected_padded_ffn_width"":768,""selected_tensor_parallel_size"":1,""tensor_parallel_mode"":""moe_tp"",""tensor_parallel_sizes"":[1]},""moe_shuffling"":{""dimension_source"":""routed_mlp_hidden_dim"",""effective_ffn_width"":768,""expert_parallel_mode"":""on"",""layer_kind"":""routed"",""operator_family_id"":""moe"",""operator_family_ids"":[""moe""],""profile_id"":""generic"",""selected_expert_parallel_size"":null,""selected_padded_ffn_width"":768,""selected_tensor_parallel_size"":1,""tensor_parallel_mode"":""moe_tp"",""tensor_parallel_sizes"":[1]}}",12291,0.375,768.1875,768.1875,1.0,0.9268570498738915,0.033160604230145406,1.049223008705557,3.9992021366589943,0.01858575380359606,uniform,0,vllm_fused,CUDA_EVENT,BF16,generic,generic,none
0.02864000014960766,0.03030399978160858,0.029273599851876497,0.02916800044476986,0.0004088742270536454,20,0.04134399816393852,0.04451199993491173,0.04274080004543066,0.04294399917125702,0.0007533455799443455,20,0.10611200332641602,0.12185599654912949,0.10829440020024776,0.10729599744081497,0.003421555245626843,20,0.7530879974365234,0.7617279887199402,0.755840003490448,0.7556160092353821,0.0019626913126558065,16384,128,16,8,standard_fused_topk,logit_topk,softmax_renorm,True,prefill_hot,ffn_like_prefix_20x,8,2048,768,True,1,"{""moe_gating_linear"":{""dimension_source"":""routed_mlp_hidden_dim"",""effective_ffn_width"":768,""expert_parallel_mode"":""on"",""layer_kind"":""routed"",""operator_family_id"":""moe"",""operator_family_ids"":[""moe""],""profile_id"":""generic"",""selected_expert_parallel_size"":null,""selected_padded_ffn_width"":768,""selected_tensor_parallel_size"":1,""tensor_parallel_mode"":""moe_tp"",""tensor_parallel_sizes"":[1]},""moe_gating_routing_topk"":{""dimension_source"":""routed_mlp_hidden_dim"",""effective_ffn_width"":768,""expert_parallel_mode"":""on"",""layer_kind"":""routed"",""operator_family_id"":""moe"",""operator_family_ids"":[""moe""],""profile_id"":""generic"",""selected_expert_parallel_size"":null,""selected_padded_ffn_width"":768,""selected_tensor_parallel_size"":1,""tensor_parallel_mode"":""moe_tp"",""tensor_parallel_sizes"":[1]},""moe_grouped_gemm"":{""dimension_source"":""routed_mlp_hidden_dim"",""effective_ffn_width"":768,""expert_parallel_mode"":""on"",""layer_kind"":""routed"",""operator_family_id"":""moe"",""operator_family_ids"":[""moe""],""profile_id"":""generic"",""selected_expert_parallel_size"":8,""selected_padded_ffn_width"":768,""selected_tensor_parallel_size"":1,""tensor_parallel_mode"":""moe_tp"",""tensor_parallel_sizes"":[1]},""moe_shuffling"":{""dimension_source"":""routed_mlp_hidden_dim"",""effective_ffn_width"":768,""expert_parallel_mode"":""on"",""layer_kind"":""routed"",""operator_family_id"":""moe"",""operator_family_ids"":[""moe""],""profile_id"":""generic"",""selected_expert_parallel_size"":null,""selected_padded_ffn_width"":768,""selected_tensor_parallel_size"":1,""tensor_parallel_mode"":""moe_tp"",""tensor_parallel_sizes"":[1]}}",6075,0.375,379.6875,379.6875,1.0,0.3634567901234568,0.32101681834379153,1.5275720164609055,3.918963282179293,0.1818209876543211,skewed,2,vllm_fused,CUDA_EVENT,BF16,generic,generic,none
0.02364799939095974,0.025855999439954758,0.024372799973934888,0.024191999807953835,0.0006219269260122949,20,0.03484800085425377,0.03759999945759773,0.03629440013319254,0.036288000643253326,0.0007500980153480149,20,0.08012799918651581,0.09574399888515472,0.08263200037181377,0.08160000294446945,0.003306280239706876,20,0.805728018283844,0.8161919713020325,0.8092687726020813,0.8087999820709229,0.0027317337226122618,12384,128,16,8,standard_fused_topk,logit_topk,softmax_renorm,True,prefill_hot,ffn_like_prefix_20x,8,2048,768,True,1,"{""moe_gating_linear"":{""dimension_source"":""routed_mlp_hidden_dim"",""effective_ffn_width"":768,""expert_parallel_mode"":""on"",""layer_kind"":""routed"",""operator_family_id"":""moe"",""operator_family_ids"":[""moe""],""profile_id"":""generic"",""selected_expert_parallel_size"":null,""selected_padded_ffn_width"":768,""selected_tensor_parallel_size"":1,""tensor_parallel_mode"":""moe_tp"",""tensor_parallel_sizes"":[1]},""moe_gating_routing_topk"":{""dimension_source"":""routed_mlp_hidden_dim"",""effective_ffn_width"":768,""expert_parallel_mode"":""on"",""layer_kind"":""routed"",""operator_family_id"":""moe"",""operator_family_ids"":[""moe""],""profile_id"":""generic"",""selected_expert_parallel_size"":null,""selected_padded_ffn_width"":768,""selected_tensor_parallel_size"":1,""tensor_parallel_mode"":""moe_tp"",""tensor_parallel_sizes"":[1]},""moe_grouped_gemm"":{""dimension_source"":""routed_mlp_hidden_dim"",""effective_ffn_width"":768,""expert_parallel_mode"":""on"",""layer_kind"":""routed"",""operator_family_id"":""moe"",""operator_family_ids"":[""moe""],""profile_id"":""generic"",""selected_expert_parallel_size"":8,""selected_padded_ffn_width"":768,""selected_tensor_parallel_size"":1,""tensor_parallel_mode"":""moe_tp"",""tensor_parallel_sizes"":[1]},""moe_shuffling"":{""dimension_source"":""routed_mlp_hidden_dim"",""effective_ffn_width"":768,""expert_parallel_mode"":""on"",""layer_kind"":""routed"",""operator_family_id"":""moe"",""operator_family_ids"":[""moe""],""profile_id"":""generic"",""selected_expert_parallel_size"":null,""selected_padded_ffn_width"":768,""selected_tensor_parallel_size"":1,""tensor_parallel_mode"":""moe_tp"",""tensor_parallel_sizes"":[1]}}",12266,0.375,766.625,766.625,1.0,0.9274417087885212,0.03375104663716825,1.0500570683189303,3.9991740919975225,0.01900578835806299,uniform,0,vllm_fused,CUDA_EVENT,BF16,generic,generic,none
0.024191999807953835,0.025472000241279602,0.024673599936068057,0.024608000181615353,0.00035294059676966303,20,0.03564799949526787,0.038943998515605927,0.03745119962841272,0.037776000797748566,0.0011350882711699834,20,0.08022399991750717,0.09567999839782715,0.08356640003621578,0.08300799876451492,0.003343830994394017,20,2.855743885040283,2.873152017593384,2.8645949363708496,2.8658559322357178,0.00507321348413825,12416,128,16,8,standard_fused_topk,logit_topk,softmax_renorm,True,prefill_hot,ffn_like_prefix_20x,8,2048,768,True,1,"{""moe_gating_linear"":{""dimension_source"":""routed_mlp_hidden_dim"",""effective_ffn_width"":768,""expert_parallel_mode"":""on"",""layer_kind"":""routed"",""operator_family_id"":""moe"",""operator_family_ids"":[""moe""],""profile_id"":""generic"",""selected_expert_parallel_size"":null,""selected_padded_ffn_width"":768,""selected_tensor_parallel_size"":1,""tensor_parallel_mode"":""moe_tp"",""tensor_parallel_sizes"":[1]},""moe_gating_routing_topk"":{""dimension_source"":""routed_mlp_hidden_dim"",""effective_ffn_width"":768,""expert_parallel_mode"":""on"",""layer_kind"":""routed"",""operator_family_id"":""moe"",""operator_family_ids"":[""moe""],""profile_id"":""generic"",""selected_expert_parallel_size"":null,""selected_padded_ffn_width"":768,""selected_tensor_parallel_size"":1,""tensor_parallel_mode"":""moe_tp"",""tensor_parallel_sizes"":[1]},""moe_grouped_gemm"":{""dimension_source"":""routed_mlp_hidden_dim"",""effective_ffn_width"":768,""expert_parallel_mode"":""on"",""layer_kind"":""routed"",""operator_family_id"":""moe"",""operator_family_ids"":[""moe""],""profile_id"":""generic"",""selected_expert_parallel_size"":8,""selected_padded_ffn_width"":768,""selected_tensor_parallel_size"":1,""tensor_parallel_mode"":""moe_tp"",""tensor_parallel_sizes"":[1]},""moe_shuffling"":{""dimension_source"":""routed_mlp_hidden_dim"",""effective_ffn_width"":768,""expert_parallel_mode"":""on"",""layer_kind"":""routed"",""operator_family_id"":""moe"",""operator_family_ids"":[""moe""],""profile_id"":""generic"",""selected_expert_parallel_size"":null,""selected_padded_ffn_width"":768,""selected_tensor_parallel_size"":1,""tensor_parallel_mode"":""moe_tp"",""tensor_parallel_sizes"":[1]}}",82012,0.375,5125.75,5125.75,1.0,0.027117982734234016,0.969446517641454,1.971613910159489,3.1139449886012596,0.48537104326196157,extremely_skewed,1,vllm_fused,CUDA_EVENT,BF16,generic,generic,none
0.02380800060927868,0.025312000885605812,0.024192000087350608,0.02412799932062626,0.000313861350223525,20,0.035071998834609985,0.03711999952793121,0.03622559998184442,0.03641600161790848,0.0005904391685681127,20,0.08883199840784073,0.1005759984254837,0.09112959988415241,0.09046400338411331,0.0025394495084551895,20,0.8121600151062012,0.8444479703903198,0.8244336247444153,0.8235520124435425,0.006324340123683214,12400,128,16,8,standard_fused_topk,logit_topk,softmax_renorm,True,prefill_hot,ffn_like_prefix_20x,8,2048,768,True,1,"{""moe_gating_linear"":{""dimension_source"":""routed_mlp_hidden_dim"",""effective_ffn_width"":768,""expert_parallel_mode"":""on"",""layer_kind"":""routed"",""operator_family_id"":""moe"",""operator_family_ids"":[""moe""],""profile_id"":""generic"",""selected_expert_parallel_size"":null,""selected_padded_ffn_width"":768,""selected_tensor_parallel_size"":1,""tensor_parallel_mode"":""moe_tp"",""tensor_parallel_sizes"":[1]},""moe_gating_routing_topk"":{""dimension_source"":""routed_mlp_hidden_dim"",""effective_ffn_width"":768,""expert_parallel_mode"":""on"",""layer_kind"":""routed"",""operator_family_id"":""moe"",""operator_family_ids"":[""moe""],""profile_id"":""generic"",""selected_expert_parallel_size"":null,""selected_padded_ffn_width"":768,""selected_tensor_parallel_size"":1,""tensor_parallel_mode"":""moe_tp"",""tensor_parallel_sizes"":[1]},""moe_grouped_gemm"":{""dimension_source"":""routed_mlp_hidden_dim"",""effective_ffn_width"":768,""expert_parallel_mode"":""on"",""layer_kind"":""routed"",""operator_family_id"":""moe"",""operator_family_ids"":[""moe""],""profile_id"":""generic"",""selected_expert_parallel_size"":8,""selected_padded_ffn_width"":768,""selected_tensor_parallel_size"":1,""tensor_parallel_mode"":""moe_tp"",""tensor_parallel_sizes"":[1]},""moe_shuffling"":{""dimension_source"":""routed_mlp_hidden_dim"",""effective_ffn_width"":768,""expert_parallel_mode"":""on"",""layer_kind"":""routed"",""operator_family_id"":""moe"",""operator_family_ids"":[""moe""],""profile_id"":""generic"",""selected_expert_parallel_size"":null,""selected_padded_ffn_width"":768,""selected_tensor_parallel_size"":1,""tensor_parallel_mode"":""moe_tp"",""tensor_parallel_sizes"":[1]}}",12449,0.375,778.0625,778.0625,1.0,0.9497951642702225,0.03789962749967132,1.0911719816852758,3.9989713007664838,0.021000682785765834,uniform,2,vllm_fused,CUDA_EVENT,BF16,generic,generic,none
0.02396799996495247,0.025919999927282333,0.024703999795019627,0.024528000503778458,0.0006063132352859088,20,0.035071998834609985,0.037856001406908035,0.0363712003454566,0.036400001496076584,0.0006544296044620538,20,0.078015998005867,0.0936959981918335,0.08087679967284203,0.07995200157165527,0.0035437075727378464,20,2.838304042816162,2.8546879291534424,2.8479230403900146,2.8465280532836914,0.005033071618527174,12400,128,16,8,standard_fused_topk,logit_topk,softmax_renorm,True,prefill_hot,ffn_like_prefix_20x,8,2048,768,True,1,"{""moe_gating_linear"":{""dimension_source"":""routed_mlp_hidden_dim"",""effective_ffn_width"":768,""expert_parallel_mode"":""on"",""layer_kind"":""routed"",""operator_family_id"":""moe"",""operator_family_ids"":[""moe""],""profile_id"":""generic"",""selected_expert_parallel_size"":null,""selected_padded_ffn_width"":768,""selected_tensor_parallel_size"":1,""tensor_parallel_mode"":""moe_tp"",""tensor_parallel_sizes"":[1]},""moe_gating_routing_topk"":{""dimension_source"":""routed_mlp_hidden_dim"",""effective_ffn_width"":768,""expert_parallel_mode"":""on"",""layer_kind"":""routed"",""operator_family_id"":""moe"",""operator_family_ids"":[""moe""],""profile_id"":""generic"",""selected_expert_parallel_size"":null,""selected_padded_ffn_width"":768,""selected_tensor_parallel_size"":1,""tensor_parallel_mode"":""moe_tp"",""tensor_parallel_sizes"":[1]},""moe_grouped_gemm"":{""dimension_source"":""routed_mlp_hidden_dim"",""effective_ffn_width"":768,""expert_parallel_mode"":""on"",""layer_kind"":""routed"",""operator_family_id"":""moe"",""operator_family_ids"":[""moe""],""profile_id"":""generic"",""selected_expert_parallel_size"":8,""selected_padded_ffn_width"":768,""selected_tensor_parallel_size"":1,""tensor_parallel_mode"":""moe_tp"",""tensor_parallel_sizes"":[1]},""moe_shuffling"":{""dimension_source"":""routed_mlp_hidden_dim"",""effective_ffn_width"":768,""expert_parallel_mode"":""on"",""layer_kind"":""routed"",""operator_family_id"":""moe"",""operator_family_ids"":[""moe""],""profile_id"":""generic"",""selected_expert_parallel_size"":null,""selected_padded_ffn_width"":768,""selected_tensor_parallel_size"":1,""tensor_parallel_mode"":""moe_tp"",""tensor_parallel_sizes"":[1]}}",81896,0.375,5118.5,5118.5,1.0,0.026961023737423075,0.9694765138268703,1.971671388101983,3.113854277499354,0.48538848051186867,extremely_skewed,1,vllm_fused,CUDA_EVENT,BF16,generic,generic,none
0.028575999662280083,0.030880000442266464,0.02949440013617277,0.029279999434947968,0.0006568268426948146,20,0.04121600091457367,0.04444799944758415,0.04254719987511635,0.042479999363422394,0.0008995583210771154,20,0.09654399752616882,0.11212799698114395,0.09827999994158745,0.09753599762916565,0.003245703115672978,20,3.7262721061706543,3.7794559001922607,3.747140884399414,3.741919994354248,0.01562761887907982,16384,128,16,8,standard_fused_topk,logit_topk,softmax_renorm,True,prefill_hot,ffn_like_prefix_20x,8,2048,768,True,1,"{""moe_gating_linear"":{""dimension_source"":""routed_mlp_hidden_dim"",""effective_ffn_width"":768,""expert_parallel_mode"":""on"",""layer_kind"":""routed"",""operator_family_id"":""moe"",""operator_family_ids"":[""moe""],""profile_id"":""generic"",""selected_expert_parallel_size"":null,""selected_padded_ffn_width"":768,""selected_tensor_parallel_size"":1,""tensor_parallel_mode"":""moe_tp"",""tensor_parallel_sizes"":[1]},""moe_gating_routing_topk"":{""dimension_source"":""routed_mlp_hidden_dim"",""effective_ffn_width"":768,""expert_parallel_mode"":""on"",""layer_kind"":""routed"",""operator_family_id"":""moe"",""operator_family_ids"":[""moe""],""profile_id"":""generic"",""selected_expert_parallel_size"":null,""selected_padded_ffn_width"":768,""selected_tensor_parallel_size"":1,""tensor_parallel_mode"":""moe_tp"",""tensor_parallel_sizes"":[1]},""moe_grouped_gemm"":{""dimension_source"":""routed_mlp_hidden_dim"",""effective_ffn_width"":768,""expert_parallel_mode"":""on"",""layer_kind"":""routed"",""operator_family_id"":""moe"",""operator_family_ids"":[""moe""],""profile_id"":""generic"",""selected_expert_parallel_size"":8,""selected_padded_ffn_width"":768,""selected_tensor_parallel_size"":1,""tensor_parallel_mode"":""moe_tp"",""tensor_parallel_sizes"":[1]},""moe_shuffling"":{""dimension_source"":""routed_mlp_hidden_dim"",""effective_ffn_width"":768,""expert_parallel_mode"":""on"",""layer_kind"":""routed"",""operator_family_id"":""moe"",""operator_family_ids"":[""moe""],""profile_id"":""generic"",""selected_expert_parallel_size"":null,""selected_padded_ffn_width"":768,""selected_tensor_parallel_size"":1,""tensor_parallel_mode"":""moe_tp"",""tensor_parallel_sizes"":[1]}}",108275,0.375,6767.1875,6767.1875,1.0,0.02807665666127915,0.9699298208585133,1.971867928884784,3.112537336267586,0.48541156776725924,extremely_skewed,1,vllm_fused,CUDA_EVENT,BF16,generic,generic,none
0.028736000880599022,0.029920000582933426,0.02927840016782284,0.029279999434947968,0.000295628042510292,20,0.04102399945259094,0.04508800059556961,0.04277919996529818,0.04270399920642376,0.0010690240378787622,20,0.09670399874448776,0.1136000007390976,0.09839199967682362,0.0976479984819889,0.003528221529156223,20,3.732736110687256,3.7572479248046875,3.7438864707946777,3.7435519695281982,0.007319134194403887,16384,128,16,8,standard_fused_topk,logit_topk,softmax_renorm,True,prefill_hot,ffn_like_prefix_20x,8,2048,768,True,1,"{""moe_gating_linear"":{""dimension_source"":""routed_mlp_hidden_dim"",""effective_ffn_width"":768,""expert_parallel_mode"":""on"",""layer_kind"":""routed"",""operator_family_id"":""moe"",""operator_family_ids"":[""moe""],""profile_id"":""generic"",""selected_expert_parallel_size"":null,""selected_padded_ffn_width"":768,""selected_tensor_parallel_size"":1,""tensor_parallel_mode"":""moe_tp"",""tensor_parallel_sizes"":[1]},""moe_gating_routing_topk"":{""dimension_source"":""routed_mlp_hidden_dim"",""effective_ffn_width"":768,""expert_parallel_mode"":""on"",""layer_kind"":""routed"",""operator_family_id"":""moe"",""operator_family_ids"":[""moe""],""profile_id"":""generic"",""selected_expert_parallel_size"":null,""selected_padded_ffn_width"":768,""selected_tensor_parallel_size"":1,""tensor_parallel_mode"":""moe_tp"",""tensor_parallel_sizes"":[1]},""moe_grouped_gemm"":{""dimension_source"":""routed_mlp_hidden_dim"",""effective_ffn_width"":768,""expert_parallel_mode"":""on"",""layer_kind"":""routed"",""operator_family_id"":""moe"",""operator_family_ids"":[""moe""],""profile_id"":""generic"",""selected_expert_parallel_size"":8,""selected_padded_ffn_width"":768,""selected_tensor_parallel_size"":1,""tensor_parallel_mode"":""moe_tp"",""tensor_parallel_sizes"":[1]},""moe_shuffling"":{""dimension_source"":""routed_mlp_hidden_dim"",""effective_ffn_width"":768,""expert_parallel_mode"":""on"",""layer_kind"":""routed"",""operator_family_id"":""moe"",""operator_family_ids"":[""moe""],""profile_id"":""generic"",""selected_expert_parallel_size"":null,""selected_padded_ffn_width"":768,""selected_tensor_parallel_size"":1,""tensor_parallel_mode"":""moe_tp"",""tensor_parallel_sizes"":[1]}}",108016,0.375,6751.0,6751.0,1.0,0.026958969041623464,0.9708588878116386,1.975411050214783,3.1097377542431315,0.4860402625536957,extremely_skewed,0,vllm_fused,CUDA_EVENT,BF16,generic,generic,none
0.023840000852942467,0.02579200081527233,0.02436319999396801,0.024240000173449516,0.0004310241165434847,20,0.03545600175857544,0.037856001406908035,0.03672640025615692,0.03680000081658363,0.0006955198256954443,20,0.0854400023818016,0.100832000374794,0.08906560093164444,0.08849600329995155,0.003164702858071974,20,0.5807039737701416,0.6468480229377747,0.5905247926712036,0.5853440165519714,0.014641362242400646,12416,128,16,8,standard_fused_topk,logit_topk,softmax_renorm,True,prefill_hot,ffn_like_prefix_20x,8,2048,768,True,1,"{""moe_gating_linear"":{""dimension_source"":""routed_mlp_hidden_dim"",""effective_ffn_width"":768,""expert_parallel_mode"":""on"",""layer_kind"":""routed"",""operator_family_id"":""moe"",""operator_family_ids"":[""moe""],""profile_id"":""generic"",""selected_expert_parallel_size"":null,""selected_padded_ffn_width"":768,""selected_tensor_parallel_size"":1,""tensor_parallel_mode"":""moe_tp"",""tensor_parallel_sizes"":[1]},""moe_gating_routing_topk"":{""dimension_source"":""routed_mlp_hidden_dim"",""effective_ffn_width"":768,""expert_parallel_mode"":""on"",""layer_kind"":""routed"",""operator_family_id"":""moe"",""operator_family_ids"":[""moe""],""profile_id"":""generic"",""selected_expert_parallel_size"":null,""selected_padded_ffn_width"":768,""selected_tensor_parallel_size"":1,""tensor_parallel_mode"":""moe_tp"",""tensor_parallel_sizes"":[1]},""moe_grouped_gemm"":{""dimension_source"":""routed_mlp_hidden_dim"",""effective_ffn_width"":768,""expert_parallel_mode"":""on"",""layer_kind"":""routed"",""operator_family_id"":""moe"",""operator_family_ids"":[""moe""],""profile_id"":""generic"",""selected_expert_parallel_size"":8,""selected_padded_ffn_width"":768,""selected_tensor_parallel_size"":1,""tensor_parallel_mode"":""moe_tp"",""tensor_parallel_sizes"":[1]},""moe_shuffling"":{""dimension_source"":""routed_mlp_hidden_dim"",""effective_ffn_width"":768,""expert_parallel_mode"":""on"",""layer_kind"":""routed"",""operator_family_id"":""moe"",""operator_family_ids"":[""moe""],""profile_id"":""generic"",""selected_expert_parallel_size"":null,""selected_padded_ffn_width"":768,""selected_tensor_parallel_size"":1,""tensor_parallel_mode"":""moe_tp"",""tensor_parallel_sizes"":[1]}}",4525,0.375,282.8125,282.8125,1.0,0.38541436464088397,0.3153069216971298,1.410828729281768,3.921371403880119,0.17799723756906083,skewed,1,vllm_fused,CUDA_EVENT,BF16,generic,generic,none
0.023903999477624893,0.02518399991095066,0.024335999973118305,0.02417599968612194,0.00041235316307365415,20,0.034912001341581345,0.03622400015592575,0.03553759977221489,0.0355679988861084,0.00041383763585688073,20,0.07788799703121185,0.09359999746084213,0.08026079982519149,0.07928000018000603,0.003241842617438372,20,2.842751979827881,2.868000030517578,2.858579158782959,2.861151933670044,0.008392324671149254,12400,128,16,8,standard_fused_topk,logit_topk,softmax_renorm,True,prefill_hot,ffn_like_prefix_20x,8,2048,768,True,1,"{""moe_gating_linear"":{""dimension_source"":""routed_mlp_hidden_dim"",""effective_ffn_width"":768,""expert_parallel_mode"":""on"",""layer_kind"":""routed"",""operator_family_id"":""moe"",""operator_family_ids"":[""moe""],""profile_id"":""generic"",""selected_expert_parallel_size"":null,""selected_padded_ffn_width"":768,""selected_tensor_parallel_size"":1,""tensor_parallel_mode"":""moe_tp"",""tensor_parallel_sizes"":[1]},""moe_gating_routing_topk"":{""dimension_source"":""routed_mlp_hidden_dim"",""effective_ffn_width"":768,""expert_parallel_mode"":""on"",""layer_kind"":""routed"",""operator_family_id"":""moe"",""operator_family_ids"":[""moe""],""profile_id"":""generic"",""selected_expert_parallel_size"":null,""selected_padded_ffn_width"":768,""selected_tensor_parallel_size"":1,""tensor_parallel_mode"":""moe_tp"",""tensor_parallel_sizes"":[1]},""moe_grouped_gemm"":{""dimension_source"":""routed_mlp_hidden_dim"",""effective_ffn_width"":768,""expert_parallel_mode"":""on"",""layer_kind"":""routed"",""operator_family_id"":""moe"",""operator_family_ids"":[""moe""],""profile_id"":""generic"",""selected_expert_parallel_size"":8,""selected_padded_ffn_width"":768,""selected_tensor_parallel_size"":1,""tensor_parallel_mode"":""moe_tp"",""tensor_parallel_sizes"":[1]},""moe_shuffling"":{""dimension_source"":""routed_mlp_hidden_dim"",""effective_ffn_width"":768,""expert_parallel_mode"":""on"",""layer_kind"":""routed"",""operator_family_id"":""moe"",""operator_family_ids"":[""moe""],""profile_id"":""generic"",""selected_expert_parallel_size"":null,""selected_padded_ffn_width"":768,""selected_tensor_parallel_size"":1,""tensor_parallel_mode"":""moe_tp"",""tensor_parallel_sizes"":[1]}}",82038,0.375,5127.375,5127.375,1.0,0.025354104195616664,0.9697994957779877,1.9733294327019186,3.1128244863753496,0.485752029547283,extremely_skewed,2,vllm_fused,CUDA_EVENT,BF16,generic,generic,none
0.023584000766277313,0.025439999997615814,0.024451200012117626,0.024320000782608986,0.0005541545521441618,20,0.03510399907827377,0.03728000074625015,0.03622720018029213,0.03638400137424469,0.0006325891322632554,20,0.08057600259780884,0.0960640013217926,0.08322720006108283,0.08260799944400787,0.003127994551597152,20,0.8031359910964966,0.8115839958190918,0.8065536618232727,0.8061119914054871,0.002165608573704958,12384,128,16,8,standard_fused_topk,logit_topk,softmax_renorm,True,prefill_hot,ffn_like_prefix_20x,8,2048,768,True,1,"{""moe_gating_linear"":{""dimension_source"":""routed_mlp_hidden_dim"",""effective_ffn_width"":768,""expert_parallel_mode"":""on"",""layer_kind"":""routed"",""operator_family_id"":""moe"",""operator_family_ids"":[""moe""],""profile_id"":""generic"",""selected_expert_parallel_size"":null,""selected_padded_ffn_width"":768,""selected_tensor_parallel_size"":1,""tensor_parallel_mode"":""moe_tp"",""tensor_parallel_sizes"":[1]},""moe_gating_routing_topk"":{""dimension_source"":""routed_mlp_hidden_dim"",""effective_ffn_width"":768,""expert_parallel_mode"":""on"",""layer_kind"":""routed"",""operator_family_id"":""moe"",""operator_family_ids"":[""moe""],""profile_id"":""generic"",""selected_expert_parallel_size"":null,""selected_padded_ffn_width"":768,""selected_tensor_parallel_size"":1,""tensor_parallel_mode"":""moe_tp"",""tensor_parallel_sizes"":[1]},""moe_grouped_gemm"":{""dimension_source"":""routed_mlp_hidden_dim"",""effective_ffn_width"":768,""expert_parallel_mode"":""on"",""layer_kind"":""routed"",""operator_family_id"":""moe"",""operator_family_ids"":[""moe""],""profile_id"":""generic"",""selected_expert_parallel_size"":8,""selected_padded_ffn_width"":768,""selected_tensor_parallel_size"":1,""tensor_parallel_mode"":""moe_tp"",""tensor_parallel_sizes"":[1]},""moe_shuffling"":{""dimension_source"":""routed_mlp_hidden_dim"",""effective_ffn_width"":768,""expert_parallel_mode"":""on"",""layer_kind"":""routed"",""operator_family_id"":""moe"",""operator_family_ids"":[""moe""],""profile_id"":""generic"",""selected_expert_parallel_size"":null,""selected_padded_ffn_width"":768,""selected_tensor_parallel_size"":1,""tensor_parallel_mode"":""moe_tp"",""tensor_parallel_sizes"":[1]}}",12228,0.375,764.25,764.25,1.0,0.8989205103042198,0.03591899623738228,1.0533202486097482,3.999056314743391,0.019003516519463526,uniform,1,vllm_fused,CUDA_EVENT,BF16,generic,generic,none
0.023744000121951103,0.02579200081527233,0.024555199965834617,0.024288000538945198,0.0006022698129990478,20,0.03471999987959862,0.037376001477241516,0.036057600565254685,0.036079999059438705,0.0007080318726675493,20,0.07744000107049942,0.09433600306510925,0.08004800006747245,0.07921599969267845,0.003488653618113666,20,2.852224111557007,2.8654398918151855,2.8571937084198,2.8572800159454346,0.0036060286220163107,12384,128,16,8,standard_fused_topk,logit_topk,softmax_renorm,True,prefill_hot,ffn_like_prefix_20x,8,2048,768,True,1,"{""moe_gating_linear"":{""dimension_source"":""routed_mlp_hidden_dim"",""effective_ffn_width"":768,""expert_parallel_mode"":""on"",""layer_kind"":""routed"",""operator_family_id"":""moe"",""operator_family_ids"":[""moe""],""profile_id"":""generic"",""selected_expert_parallel_size"":null,""selected_padded_ffn_width"":768,""selected_tensor_parallel_size"":1,""tensor_parallel_mode"":""moe_tp"",""tensor_parallel_sizes"":[1]},""moe_gating_routing_topk"":{""dimension_source"":""routed_mlp_hidden_dim"",""effective_ffn_width"":768,""expert_parallel_mode"":""on"",""layer_kind"":""routed"",""operator_family_id"":""moe"",""operator_family_ids"":[""moe""],""profile_id"":""generic"",""selected_expert_parallel_size"":null,""selected_padded_ffn_width"":768,""selected_tensor_parallel_size"":1,""tensor_parallel_mode"":""moe_tp"",""tensor_parallel_sizes"":[1]},""moe_grouped_gemm"":{""dimension_source"":""routed_mlp_hidden_dim"",""effective_ffn_width"":768,""expert_parallel_mode"":""on"",""layer_kind"":""routed"",""operator_family_id"":""moe"",""operator_family_ids"":[""moe""],""profile_id"":""generic"",""selected_expert_parallel_size"":8,""selected_padded_ffn_width"":768,""selected_tensor_parallel_size"":1,""tensor_parallel_mode"":""moe_tp"",""tensor_parallel_sizes"":[1]},""moe_shuffling"":{""dimension_source"":""routed_mlp_hidden_dim"",""effective_ffn_width"":768,""expert_parallel_mode"":""on"",""layer_kind"":""routed"",""operator_family_id"":""moe"",""operator_family_ids"":[""moe""],""profile_id"":""generic"",""selected_expert_parallel_size"":null,""selected_padded_ffn_width"":768,""selected_tensor_parallel_size"":1,""tensor_parallel_mode"":""moe_tp"",""tensor_parallel_sizes"":[1]}}",81945,0.375,5121.5625,5121.5625,1.0,0.025382878760143997,0.9697895346164408,1.973030691317347,3.1128549719617657,0.48573509671120885,extremely_skewed,2,vllm_fused,CUDA_EVENT,BF16,generic,generic,none
0.02380800060927868,0.02566399984061718,0.02463040016591549,0.02454400062561035,0.0004890977060687037,20,0.03542400151491165,0.03891199827194214,0.03720959946513176,0.037087999284267426,0.000994710883612062,20,0.08720000088214874,0.10076799988746643,0.09063520058989524,0.09009600058197975,0.0026453619276625494,20,2.8493759632110596,2.88044810295105,2.858553647994995,2.8544960021972656,0.008946435526013374,12400,128,16,8,standard_fused_topk,logit_topk,softmax_renorm,True,prefill_hot,ffn_like_prefix_20x,8,2048,768,True,1,"{""moe_gating_linear"":{""dimension_source"":""routed_mlp_hidden_dim"",""effective_ffn_width"":768,""expert_parallel_mode"":""on"",""layer_kind"":""routed"",""operator_family_id"":""moe"",""operator_family_ids"":[""moe""],""profile_id"":""generic"",""selected_expert_parallel_size"":null,""selected_padded_ffn_width"":768,""selected_tensor_parallel_size"":1,""tensor_parallel_mode"":""moe_tp"",""tensor_parallel_sizes"":[1]},""moe_gating_routing_topk"":{""dimension_source"":""routed_mlp_hidden_dim"",""effective_ffn_width"":768,""expert_parallel_mode"":""on"",""layer_kind"":""routed"",""operator_family_id"":""moe"",""operator_family_ids"":[""moe""],""profile_id"":""generic"",""selected_expert_parallel_size"":null,""selected_padded_ffn_width"":768,""selected_tensor_parallel_size"":1,""tensor_parallel_mode"":""moe_tp"",""tensor_parallel_sizes"":[1]},""moe_grouped_gemm"":{""dimension_source"":""routed_mlp_hidden_dim"",""effective_ffn_width"":768,""expert_parallel_mode"":""on"",""layer_kind"":""routed"",""operator_family_id"":""moe"",""operator_family_ids"":[""moe""],""profile_id"":""generic"",""selected_expert_parallel_size"":8,""selected_padded_ffn_width"":768,""selected_tensor_parallel_size"":1,""tensor_parallel_mode"":""moe_tp"",""tensor_parallel_sizes"":[1]},""moe_shuffling"":{""dimension_source"":""routed_mlp_hidden_dim"",""effective_ffn_width"":768,""expert_parallel_mode"":""on"",""layer_kind"":""routed"",""operator_family_id"":""moe"",""operator_family_ids"":[""moe""],""profile_id"":""generic"",""selected_expert_parallel_size"":null,""selected_padded_ffn_width"":768,""selected_tensor_parallel_size"":1,""tensor_parallel_mode"":""moe_tp"",""tensor_parallel_sizes"":[1]}}",81437,0.375,5089.8125,5089.8125,1.0,0.026523570367277774,0.9701651491053536,1.9757112860247799,3.1118141582987464,0.48586867762810515,extremely_skewed,0,vllm_fused,CUDA_EVENT,BF16,generic,generic,none
0.02393599972128868,0.025855999439954758,0.024496000073850156,0.024288000538945198,0.0004896626413319081,20,0.03481600061058998,0.038495998829603195,0.036449600197374823,0.036687999963760376,0.0009404664261438928,20,0.08627200126647949,0.10143999755382538,0.08942079953849316,0.08851199969649315,0.0032963626804585894,20,0.5831680297851562,0.5942720174789429,0.5869984030723572,0.5859519839286804,0.0031952885910868645,12400,128,16,8,standard_fused_topk,logit_topk,softmax_renorm,True,prefill_hot,ffn_like_prefix_20x,8,2048,768,True,1,"{""moe_gating_linear"":{""dimension_source"":""routed_mlp_hidden_dim"",""effective_ffn_width"":768,""expert_parallel_mode"":""on"",""layer_kind"":""routed"",""operator_family_id"":""moe"",""operator_family_ids"":[""moe""],""profile_id"":""generic"",""selected_expert_parallel_size"":null,""selected_padded_ffn_width"":768,""selected_tensor_parallel_size"":1,""tensor_parallel_mode"":""moe_tp"",""tensor_parallel_sizes"":[1]},""moe_gating_routing_topk"":{""dimension_source"":""routed_mlp_hidden_dim"",""effective_ffn_width"":768,""expert_parallel_mode"":""on"",""layer_kind"":""routed"",""operator_family_id"":""moe"",""operator_family_ids"":[""moe""],""profile_id"":""generic"",""selected_expert_parallel_size"":null,""selected_padded_ffn_width"":768,""selected_tensor_parallel_size"":1,""tensor_parallel_mode"":""moe_tp"",""tensor_parallel_sizes"":[1]},""moe_grouped_gemm"":{""dimension_source"":""routed_mlp_hidden_dim"",""effective_ffn_width"":768,""expert_parallel_mode"":""on"",""layer_kind"":""routed"",""operator_family_id"":""moe"",""operator_family_ids"":[""moe""],""profile_id"":""generic"",""selected_expert_parallel_size"":8,""selected_padded_ffn_width"":768,""selected_tensor_parallel_size"":1,""tensor_parallel_mode"":""moe_tp"",""tensor_parallel_sizes"":[1]},""moe_shuffling"":{""dimension_source"":""routed_mlp_hidden_dim"",""effective_ffn_width"":768,""expert_parallel_mode"":""on"",""layer_kind"":""routed"",""operator_family_id"":""moe"",""operator_family_ids"":[""moe""],""profile_id"":""generic"",""selected_expert_parallel_size"":null,""selected_padded_ffn_width"":768,""selected_tensor_parallel_size"":1,""tensor_parallel_mode"":""moe_tp"",""tensor_parallel_sizes"":[1]}}",4545,0.375,284.0625,284.0625,1.0,0.3696369636963696,0.3126814566951089,1.4257425742574257,3.923064794907489,0.17619636963696372,skewed,0,vllm_fused,CUDA_EVENT,BF16,generic,generic,none
0.023871999233961105,0.025887999683618546,0.024492799863219263,0.02449600026011467,0.0005014310076516006,20,0.0350399985909462,0.03721600025892258,0.036355200223624706,0.036480000242590904,0.0006543901977469461,20,0.08435200154781342,0.09676799923181534,0.08745119944214821,0.0870559997856617,0.002541659743157866,20,2.818336009979248,2.848992109298706,2.8287901878356934,2.825984001159668,0.007869193330407143,12384,128,16,8,standard_fused_topk,logit_topk,softmax_renorm,True,prefill_hot,ffn_like_prefix_20x,8,2048,768,True,1,"{""moe_gating_linear"":{""dimension_source"":""routed_mlp_hidden_dim"",""effective_ffn_width"":768,""expert_parallel_mode"":""on"",""layer_kind"":""routed"",""operator_family_id"":""moe"",""operator_family_ids"":[""moe""],""profile_id"":""generic"",""selected_expert_parallel_size"":null,""selected_padded_ffn_width"":768,""selected_tensor_parallel_size"":1,""tensor_parallel_mode"":""moe_tp"",""tensor_parallel_sizes"":[1]},""moe_gating_routing_topk"":{""dimension_source"":""routed_mlp_hidden_dim"",""effective_ffn_width"":768,""expert_parallel_mode"":""on"",""layer_kind"":""routed"",""operator_family_id"":""moe"",""operator_family_ids"":[""moe""],""profile_id"":""generic"",""selected_expert_parallel_size"":null,""selected_padded_ffn_width"":768,""selected_tensor_parallel_size"":1,""tensor_parallel_mode"":""moe_tp"",""tensor_parallel_sizes"":[1]},""moe_grouped_gemm"":{""dimension_source"":""routed_mlp_hidden_dim"",""effective_ffn_width"":768,""expert_parallel_mode"":""on"",""layer_kind"":""routed"",""operator_family_id"":""moe"",""operator_family_ids"":[""moe""],""profile_id"":""generic"",""selected_expert_parallel_size"":8,""selected_padded_ffn_width"":768,""selected_tensor_parallel_size"":1,""tensor_parallel_mode"":""moe_tp"",""tensor_parallel_sizes"":[1]},""moe_shuffling"":{""dimension_source"":""routed_mlp_hidden_dim"",""effective_ffn_width"":768,""expert_parallel_mode"":""on"",""layer_kind"":""routed"",""operator_family_id"":""moe"",""operator_family_ids"":[""moe""],""profile_id"":""generic"",""selected_expert_parallel_size"":null,""selected_padded_ffn_width"":768,""selected_tensor_parallel_size"":1,""tensor_parallel_mode"":""moe_tp"",""tensor_parallel_sizes"":[1]}}",81346,0.375,5084.125,5084.125,1.0,0.02655324170825855,0.9701317089961745,1.9753644924151157,3.111915015261739,0.48584749096452184,extremely_skewed,0,vllm_fused,CUDA_EVENT,BF16,generic,generic,none
0.023871999233961105,0.02582399919629097,0.024735999945551156,0.02465599961578846,0.0006273144104723147,20,0.0350399985909462,0.03782400116324425,0.03645600005984306,0.03652799874544144,0.0007341107236615018,20,0.07868800312280655,0.09331200271844864,0.08217120133340358,0.08158400282263756,0.0029607058202231924,20,2.8377280235290527,2.864896059036255,2.8479552268981934,2.843967914581299,0.008704631589353085,12416,128,16,8,standard_fused_topk,logit_topk,softmax_renorm,True,prefill_hot,ffn_like_prefix_20x,8,2048,768,True,1,"{""moe_gating_linear"":{""dimension_source"":""routed_mlp_hidden_dim"",""effective_ffn_width"":768,""expert_parallel_mode"":""on"",""layer_kind"":""routed"",""operator_family_id"":""moe"",""operator_family_ids"":[""moe""],""profile_id"":""generic"",""selected_expert_parallel_size"":null,""selected_padded_ffn_width"":768,""selected_tensor_parallel_size"":1,""tensor_parallel_mode"":""moe_tp"",""tensor_parallel_sizes"":[1]},""moe_gating_routing_topk"":{""dimension_source"":""routed_mlp_hidden_dim"",""effective_ffn_width"":768,""expert_parallel_mode"":""on"",""layer_kind"":""routed"",""operator_family_id"":""moe"",""operator_family_ids"":[""moe""],""profile_id"":""generic"",""selected_expert_parallel_size"":null,""selected_padded_ffn_width"":768,""selected_tensor_parallel_size"":1,""tensor_parallel_mode"":""moe_tp"",""tensor_parallel_sizes"":[1]},""moe_grouped_gemm"":{""dimension_source"":""routed_mlp_hidden_dim"",""effective_ffn_width"":768,""expert_parallel_mode"":""on"",""layer_kind"":""routed"",""operator_family_id"":""moe"",""operator_family_ids"":[""moe""],""profile_id"":""generic"",""selected_expert_parallel_size"":8,""selected_padded_ffn_width"":768,""selected_tensor_parallel_size"":1,""tensor_parallel_mode"":""moe_tp"",""tensor_parallel_sizes"":[1]},""moe_shuffling"":{""dimension_source"":""routed_mlp_hidden_dim"",""effective_ffn_width"":768,""expert_parallel_mode"":""on"",""layer_kind"":""routed"",""operator_family_id"":""moe"",""operator_family_ids"":[""moe""],""profile_id"":""generic"",""selected_expert_parallel_size"":null,""selected_padded_ffn_width"":768,""selected_tensor_parallel_size"":1,""tensor_parallel_mode"":""moe_tp"",""tensor_parallel_sizes"":[1]}}",81542,0.375,5096.375,5096.375,1.0,0.02648941649701994,0.9702034960619964,1.9757180348777317,3.1116981336878284,0.48588150891565074,extremely_skewed,0,vllm_fused,CUDA_EVENT,BF16,generic,generic,none
0.023584000766277313,0.02566399984061718,0.024336000066250564,0.02425600029528141,0.0004779154990795234,20,0.035071998834609985,0.03782400116324425,0.0364544004201889,0.03651200048625469,0.0007905747893325259,20,0.08054400235414505,0.09705600142478943,0.08340640068054199,0.08240000158548355,0.003417047024729469,20,0.8039680123329163,0.81523197889328,0.8073791265487671,0.8070719838142395,0.002595215570181608,12368,128,16,8,standard_fused_topk,logit_topk,softmax_renorm,True,prefill_hot,ffn_like_prefix_20x,8,2048,768,True,1,"{""moe_gating_linear"":{""dimension_source"":""routed_mlp_hidden_dim"",""effective_ffn_width"":768,""expert_parallel_mode"":""on"",""layer_kind"":""routed"",""operator_family_id"":""moe"",""operator_family_ids"":[""moe""],""profile_id"":""generic"",""selected_expert_parallel_size"":null,""selected_padded_ffn_width"":768,""selected_tensor_parallel_size"":1,""tensor_parallel_mode"":""moe_tp"",""tensor_parallel_sizes"":[1]},""moe_gating_routing_topk"":{""dimension_source"":""routed_mlp_hidden_dim"",""effective_ffn_width"":768,""expert_parallel_mode"":""on"",""layer_kind"":""routed"",""operator_family_id"":""moe"",""operator_family_ids"":[""moe""],""profile_id"":""generic"",""selected_expert_parallel_size"":null,""selected_padded_ffn_width"":768,""selected_tensor_parallel_size"":1,""tensor_parallel_mode"":""moe_tp"",""tensor_parallel_sizes"":[1]},""moe_grouped_gemm"":{""dimension_source"":""routed_mlp_hidden_dim"",""effective_ffn_width"":768,""expert_parallel_mode"":""on"",""layer_kind"":""routed"",""operator_family_id"":""moe"",""operator_family_ids"":[""moe""],""profile_id"":""generic"",""selected_expert_parallel_size"":8,""selected_padded_ffn_width"":768,""selected_tensor_parallel_size"":1,""tensor_parallel_mode"":""moe_tp"",""tensor_parallel_sizes"":[1]},""moe_shuffling"":{""dimension_source"":""routed_mlp_hidden_dim"",""effective_ffn_width"":768,""expert_parallel_mode"":""on"",""layer_kind"":""routed"",""operator_family_id"":""moe"",""operator_family_ids"":[""moe""],""profile_id"":""generic"",""selected_expert_parallel_size"":null,""selected_padded_ffn_width"":768,""selected_tensor_parallel_size"":1,""tensor_parallel_mode"":""moe_tp"",""tensor_parallel_sizes"":[1]}}",12250,0.375,765.625,765.625,1.0,0.9273469387755102,0.03384557133327001,1.0514285714285714,3.9991695183687317,0.01905102040816331,uniform,0,vllm_fused,CUDA_EVENT,BF16,generic,generic,none
0.023840000852942467,0.0261439997702837,0.024817600008100273,0.024687999859452248,0.0006458511493295867,20,0.035392001271247864,0.03862399980425835,0.03717920035123825,0.037296000868082047,0.0009742556361384181,20,0.0846719965338707,0.10134399682283401,0.08785759881138802,0.08668799698352814,0.0038701940583916014,20,0.5792319774627686,0.5908160209655762,0.5828960537910461,0.5825920104980469,0.002808499615639448,12416,128,16,8,standard_fused_topk,logit_topk,softmax_renorm,True,prefill_hot,ffn_like_prefix_20x,8,2048,768,True,1,"{""moe_gating_linear"":{""dimension_source"":""routed_mlp_hidden_dim"",""effective_ffn_width"":768,""expert_parallel_mode"":""on"",""layer_kind"":""routed"",""operator_family_id"":""moe"",""operator_family_ids"":[""moe""],""profile_id"":""generic"",""selected_expert_parallel_size"":null,""selected_padded_ffn_width"":768,""selected_tensor_parallel_size"":1,""tensor_parallel_mode"":""moe_tp"",""tensor_parallel_sizes"":[1]},""moe_gating_routing_topk"":{""dimension_source"":""routed_mlp_hidden_dim"",""effective_ffn_width"":768,""expert_parallel_mode"":""on"",""layer_kind"":""routed"",""operator_family_id"":""moe"",""operator_family_ids"":[""moe""],""profile_id"":""generic"",""selected_expert_parallel_size"":null,""selected_padded_ffn_width"":768,""selected_tensor_parallel_size"":1,""tensor_parallel_mode"":""moe_tp"",""tensor_parallel_sizes"":[1]},""moe_grouped_gemm"":{""dimension_source"":""routed_mlp_hidden_dim"",""effective_ffn_width"":768,""expert_parallel_mode"":""on"",""layer_kind"":""routed"",""operator_family_id"":""moe"",""operator_family_ids"":[""moe""],""profile_id"":""generic"",""selected_expert_parallel_size"":8,""selected_padded_ffn_width"":768,""selected_tensor_parallel_size"":1,""tensor_parallel_mode"":""moe_tp"",""tensor_parallel_sizes"":[1]},""moe_shuffling"":{""dimension_source"":""routed_mlp_hidden_dim"",""effective_ffn_width"":768,""expert_parallel_mode"":""on"",""layer_kind"":""routed"",""operator_family_id"":""moe"",""operator_family_ids"":[""moe""],""profile_id"":""generic"",""selected_expert_parallel_size"":null,""selected_padded_ffn_width"":768,""selected_tensor_parallel_size"":1,""tensor_parallel_mode"":""moe_tp"",""tensor_parallel_sizes"":[1]}}",4543,0.375,283.9375,283.9375,1.0,0.3697996918335901,0.31891075983988587,1.549636803874092,3.9204017577498087,0.1797683248954436,skewed,2,vllm_fused,CUDA_EVENT,BF16,generic,generic,none
0.023711999878287315,0.02550400048494339,0.02448799991980195,0.0244159996509552,0.0005534127403179469,20,0.035392001271247864,0.03734400123357773,0.036275200359523294,0.036320000886917114,0.0005996396957209505,20,0.07798399776220322,0.09366399794816971,0.08332799933850765,0.0819999985396862,0.00396140095139802,20,2.8335680961608887,2.86246395111084,2.8421967029571533,2.8390719890594482,0.007573737762868404,12384,128,16,8,standard_fused_topk,logit_topk,softmax_renorm,True,prefill_hot,ffn_like_prefix_20x,8,2048,768,True,1,"{""moe_gating_linear"":{""dimension_source"":""routed_mlp_hidden_dim"",""effective_ffn_width"":768,""expert_parallel_mode"":""on"",""layer_kind"":""routed"",""operator_family_id"":""moe"",""operator_family_ids"":[""moe""],""profile_id"":""generic"",""selected_expert_parallel_size"":null,""selected_padded_ffn_width"":768,""selected_tensor_parallel_size"":1,""tensor_parallel_mode"":""moe_tp"",""tensor_parallel_sizes"":[1]},""moe_gating_routing_topk"":{""dimension_source"":""routed_mlp_hidden_dim"",""effective_ffn_width"":768,""expert_parallel_mode"":""on"",""layer_kind"":""routed"",""operator_family_id"":""moe"",""operator_family_ids"":[""moe""],""profile_id"":""generic"",""selected_expert_parallel_size"":null,""selected_padded_ffn_width"":768,""selected_tensor_parallel_size"":1,""tensor_parallel_mode"":""moe_tp"",""tensor_parallel_sizes"":[1]},""moe_grouped_gemm"":{""dimension_source"":""routed_mlp_hidden_dim"",""effective_ffn_width"":768,""expert_parallel_mode"":""on"",""layer_kind"":""routed"",""operator_family_id"":""moe"",""operator_family_ids"":[""moe""],""profile_id"":""generic"",""selected_expert_parallel_size"":8,""selected_padded_ffn_width"":768,""selected_tensor_parallel_size"":1,""tensor_parallel_mode"":""moe_tp"",""tensor_parallel_sizes"":[1]},""moe_shuffling"":{""dimension_source"":""routed_mlp_hidden_dim"",""effective_ffn_width"":768,""expert_parallel_mode"":""on"",""layer_kind"":""routed"",""operator_family_id"":""moe"",""operator_family_ids"":[""moe""],""profile_id"":""generic"",""selected_expert_parallel_size"":null,""selected_padded_ffn_width"":768,""selected_tensor_parallel_size"":1,""tensor_parallel_mode"":""moe_tp"",""tensor_parallel_sizes"":[1]}}",81803,0.375,5112.6875,5112.6875,1.0,0.02699167512193929,0.9695395602132373,1.9717614268425363,3.1136666432113795,0.48541541874992356,extremely_skewed,1,vllm_fused,CUDA_EVENT,BF16,generic,generic,none
0.02380800060927868,0.02566399984061718,0.02443839991465211,0.02436799928545952,0.0004587399039599564,20,0.03516799956560135,0.037696000188589096,0.036604799889028074,0.036848001182079315,0.0007356458014969204,20,0.08406399935483932,0.09878399968147278,0.0866127997636795,0.08616000041365623,0.0030878802035176987,20,0.8106240034103394,0.8211519718170166,0.8135088086128235,0.8129280209541321,0.0024376895744353533,12384,128,16,8,standard_fused_topk,logit_topk,softmax_renorm,True,prefill_hot,ffn_like_prefix_20x,8,2048,768,True,1,"{""moe_gating_linear"":{""dimension_source"":""routed_mlp_hidden_dim"",""effective_ffn_width"":768,""expert_parallel_mode"":""on"",""layer_kind"":""routed"",""operator_family_id"":""moe"",""operator_family_ids"":[""moe""],""profile_id"":""generic"",""selected_expert_parallel_size"":null,""selected_padded_ffn_width"":768,""selected_tensor_parallel_size"":1,""tensor_parallel_mode"":""moe_tp"",""tensor_parallel_sizes"":[1]},""moe_gating_routing_topk"":{""dimension_source"":""routed_mlp_hidden_dim"",""effective_ffn_width"":768,""expert_parallel_mode"":""on"",""layer_kind"":""routed"",""operator_family_id"":""moe"",""operator_family_ids"":[""moe""],""profile_id"":""generic"",""selected_expert_parallel_size"":null,""selected_padded_ffn_width"":768,""selected_tensor_parallel_size"":1,""tensor_parallel_mode"":""moe_tp"",""tensor_parallel_sizes"":[1]},""moe_grouped_gemm"":{""dimension_source"":""routed_mlp_hidden_dim"",""effective_ffn_width"":768,""expert_parallel_mode"":""on"",""layer_kind"":""routed"",""operator_family_id"":""moe"",""operator_family_ids"":[""moe""],""profile_id"":""generic"",""selected_expert_parallel_size"":8,""selected_padded_ffn_width"":768,""selected_tensor_parallel_size"":1,""tensor_parallel_mode"":""moe_tp"",""tensor_parallel_sizes"":[1]},""moe_shuffling"":{""dimension_source"":""routed_mlp_hidden_dim"",""effective_ffn_width"":768,""expert_parallel_mode"":""on"",""layer_kind"":""routed"",""operator_family_id"":""moe"",""operator_family_ids"":[""moe""],""profile_id"":""generic"",""selected_expert_parallel_size"":null,""selected_padded_ffn_width"":768,""selected_tensor_parallel_size"":1,""tensor_parallel_mode"":""moe_tp"",""tensor_parallel_sizes"":[1]}}",12428,0.375,776.75,776.75,1.0,0.9501126488574188,0.03818142126892655,1.0904409398133248,3.998955611770495,0.021171950434502707,uniform,2,vllm_fused,CUDA_EVENT,BF16,generic,generic,none
0.023584000766277313,0.02550400048494339,0.024324800074100494,0.024272000417113304,0.0005190784110680916,20,0.0350399985909462,0.038015998899936676,0.036631999909877776,0.036720000207424164,0.0008338363327545311,20,0.07686399668455124,0.09462399780750275,0.0797680001705885,0.07879999652504921,0.0035893081885751306,20,2.8319039344787598,2.860960006713867,2.8436927795410156,2.8425920009613037,0.0065681347623467445,12368,128,16,8,standard_fused_topk,logit_topk,softmax_renorm,True,prefill_hot,ffn_like_prefix_20x,8,2048,768,True,1,"{""moe_gating_linear"":{""dimension_source"":""routed_mlp_hidden_dim"",""effective_ffn_width"":768,""expert_parallel_mode"":""on"",""layer_kind"":""routed"",""operator_family_id"":""moe"",""operator_family_ids"":[""moe""],""profile_id"":""generic"",""selected_expert_parallel_size"":null,""selected_padded_ffn_width"":768,""selected_tensor_parallel_size"":1,""tensor_parallel_mode"":""moe_tp"",""tensor_parallel_sizes"":[1]},""moe_gating_routing_topk"":{""dimension_source"":""routed_mlp_hidden_dim"",""effective_ffn_width"":768,""expert_parallel_mode"":""on"",""layer_kind"":""routed"",""operator_family_id"":""moe"",""operator_family_ids"":[""moe""],""profile_id"":""generic"",""selected_expert_parallel_size"":null,""selected_padded_ffn_width"":768,""selected_tensor_parallel_size"":1,""tensor_parallel_mode"":""moe_tp"",""tensor_parallel_sizes"":[1]},""moe_grouped_gemm"":{""dimension_source"":""routed_mlp_hidden_dim"",""effective_ffn_width"":768,""expert_parallel_mode"":""on"",""layer_kind"":""routed"",""operator_family_id"":""moe"",""operator_family_ids"":[""moe""],""profile_id"":""generic"",""selected_expert_parallel_size"":8,""selected_padded_ffn_width"":768,""selected_tensor_parallel_size"":1,""tensor_parallel_mode"":""moe_tp"",""tensor_parallel_sizes"":[1]},""moe_shuffling"":{""dimension_source"":""routed_mlp_hidden_dim"",""effective_ffn_width"":768,""expert_parallel_mode"":""on"",""layer_kind"":""routed"",""operator_family_id"":""moe"",""operator_family_ids"":[""moe""],""profile_id"":""generic"",""selected_expert_parallel_size"":null,""selected_padded_ffn_width"":768,""selected_tensor_parallel_size"":1,""tensor_parallel_mode"":""moe_tp"",""tensor_parallel_sizes"":[1]}}",81706,0.375,5106.625,5106.625,1.0,0.027023719188309304,0.9695278999242878,1.9717523804861332,3.1137007280570526,0.48541110811935484,extremely_skewed,1,vllm_fused,CUDA_EVENT,BF16,generic,generic,none
0.02364799939095974,0.026048000901937485,0.02449600016698241,0.02425600029528141,0.0006796895593915854,20,0.034912001341581345,0.037408001720905304,0.03628320023417473,0.03641600161790848,0.0007018350473699707,20,0.10255999863147736,0.11264000087976456,0.10658719949424267,0.10463999956846237,0.0036699723973757595,20,0.6136959791183472,0.6720960140228271,0.6327551603317261,0.6321600079536438,0.015922214835882187,12368,128,16,8,standard_fused_topk,logit_topk,softmax_renorm,True,prefill_hot,ffn_like_prefix_20x,8,2048,768,True,1,"{""moe_gating_linear"":{""dimension_source"":""routed_mlp_hidden_dim"",""effective_ffn_width"":768,""expert_parallel_mode"":""on"",""layer_kind"":""routed"",""operator_family_id"":""moe"",""operator_family_ids"":[""moe""],""profile_id"":""generic"",""selected_expert_parallel_size"":null,""selected_padded_ffn_width"":768,""selected_tensor_parallel_size"":1,""tensor_parallel_mode"":""moe_tp"",""tensor_parallel_sizes"":[1]},""moe_gating_routing_topk"":{""dimension_source"":""routed_mlp_hidden_dim"",""effective_ffn_width"":768,""expert_parallel_mode"":""on"",""layer_kind"":""routed"",""operator_family_id"":""moe"",""operator_family_ids"":[""moe""],""profile_id"":""generic"",""selected_expert_parallel_size"":null,""selected_padded_ffn_width"":768,""selected_tensor_parallel_size"":1,""tensor_parallel_mode"":""moe_tp"",""tensor_parallel_sizes"":[1]},""moe_grouped_gemm"":{""dimension_source"":""routed_mlp_hidden_dim"",""effective_ffn_width"":768,""expert_parallel_mode"":""on"",""layer_kind"":""routed"",""operator_family_id"":""moe"",""operator_family_ids"":[""moe""],""profile_id"":""generic"",""selected_expert_parallel_size"":8,""selected_padded_ffn_width"":768,""selected_tensor_parallel_size"":1,""tensor_parallel_mode"":""moe_tp"",""tensor_parallel_sizes"":[1]},""moe_shuffling"":{""dimension_source"":""routed_mlp_hidden_dim"",""effective_ffn_width"":768,""expert_parallel_mode"":""on"",""layer_kind"":""routed"",""operator_family_id"":""moe"",""operator_family_ids"":[""moe""],""profile_id"":""generic"",""selected_expert_parallel_size"":null,""selected_padded_ffn_width"":768,""selected_tensor_parallel_size"":1,""tensor_parallel_mode"":""moe_tp"",""tensor_parallel_sizes"":[1]}}",4528,0.375,283.0,283.0,1.0,0.3710247349823322,0.31786166002077276,1.5512367491166077,3.9209553459412363,0.17910777385159005,skewed,2,vllm_fused,CUDA_EVENT,BF16,generic,generic,none
0.024000000208616257,0.026048000901937485,0.02486239988356829,0.02473600022494793,0.0005714912932201191,20,0.03564799949526787,0.039712000638246536,0.037460800260305405,0.037808001041412354,0.0011152026285077314,20,0.08444800227880478,0.10115200281143188,0.08761759996414184,0.08673600107431412,0.0036074871096886513,20,0.5786880254745483,0.5904319882392883,0.5821616053581238,0.5810880064964294,0.003000685479491949,12384,128,16,8,standard_fused_topk,logit_topk,softmax_renorm,True,prefill_hot,ffn_like_prefix_20x,8,2048,768,True,1,"{""moe_gating_linear"":{""dimension_source"":""routed_mlp_hidden_dim"",""effective_ffn_width"":768,""expert_parallel_mode"":""on"",""layer_kind"":""routed"",""operator_family_id"":""moe"",""operator_family_ids"":[""moe""],""profile_id"":""generic"",""selected_expert_parallel_size"":null,""selected_padded_ffn_width"":768,""selected_tensor_parallel_size"":1,""tensor_parallel_mode"":""moe_tp"",""tensor_parallel_sizes"":[1]},""moe_gating_routing_topk"":{""dimension_source"":""routed_mlp_hidden_dim"",""effective_ffn_width"":768,""expert_parallel_mode"":""on"",""layer_kind"":""routed"",""operator_family_id"":""moe"",""operator_family_ids"":[""moe""],""profile_id"":""generic"",""selected_expert_parallel_size"":null,""selected_padded_ffn_width"":768,""selected_tensor_parallel_size"":1,""tensor_parallel_mode"":""moe_tp"",""tensor_parallel_sizes"":[1]},""moe_grouped_gemm"":{""dimension_source"":""routed_mlp_hidden_dim"",""effective_ffn_width"":768,""expert_parallel_mode"":""on"",""layer_kind"":""routed"",""operator_family_id"":""moe"",""operator_family_ids"":[""moe""],""profile_id"":""generic"",""selected_expert_parallel_size"":8,""selected_padded_ffn_width"":768,""selected_tensor_parallel_size"":1,""tensor_parallel_mode"":""moe_tp"",""tensor_parallel_sizes"":[1]},""moe_shuffling"":{""dimension_source"":""routed_mlp_hidden_dim"",""effective_ffn_width"":768,""expert_parallel_mode"":""on"",""layer_kind"":""routed"",""operator_family_id"":""moe"",""operator_family_ids"":[""moe""],""profile_id"":""generic"",""selected_expert_parallel_size"":null,""selected_padded_ffn_width"":768,""selected_tensor_parallel_size"":1,""tensor_parallel_mode"":""moe_tp"",""tensor_parallel_sizes"":[1]}}",4530,0.375,283.125,283.125,1.0,0.3708609271523179,0.31805949110239917,1.550551876379691,3.920858576820957,0.17922185430463577,skewed,2,vllm_fused,CUDA_EVENT,BF16,generic,generic,none
0.02377600036561489,0.025696000084280968,0.024486400093883275,0.024447999894618988,0.0004450877527758341,20,0.03500799834728241,0.03753599897027016,0.03626879993826151,0.03643200173974037,0.0006782488629741228,20,0.0843840017914772,0.09987200051546097,0.09105440080165864,0.09139200299978256,0.004235904364443813,20,0.5776960253715515,0.5958080291748047,0.5824095606803894,0.5805119872093201,0.00461531663313508,12400,128,16,8,standard_fused_topk,logit_topk,softmax_renorm,True,prefill_hot,ffn_like_prefix_20x,8,2048,768,True,1,"{""moe_gating_linear"":{""dimension_source"":""routed_mlp_hidden_dim"",""effective_ffn_width"":768,""expert_parallel_mode"":""on"",""layer_kind"":""routed"",""operator_family_id"":""moe"",""operator_family_ids"":[""moe""],""profile_id"":""generic"",""selected_expert_parallel_size"":null,""selected_padded_ffn_width"":768,""selected_tensor_parallel_size"":1,""tensor_parallel_mode"":""moe_tp"",""tensor_parallel_sizes"":[1]},""moe_gating_routing_topk"":{""dimension_source"":""routed_mlp_hidden_dim"",""effective_ffn_width"":768,""expert_parallel_mode"":""on"",""layer_kind"":""routed"",""operator_family_id"":""moe"",""operator_family_ids"":[""moe""],""profile_id"":""generic"",""selected_expert_parallel_size"":null,""selected_padded_ffn_width"":768,""selected_tensor_parallel_size"":1,""tensor_parallel_mode"":""moe_tp"",""tensor_parallel_sizes"":[1]},""moe_grouped_gemm"":{""dimension_source"":""routed_mlp_hidden_dim"",""effective_ffn_width"":768,""expert_parallel_mode"":""on"",""layer_kind"":""routed"",""operator_family_id"":""moe"",""operator_family_ids"":[""moe""],""profile_id"":""generic"",""selected_expert_parallel_size"":8,""selected_padded_ffn_width"":768,""selected_tensor_parallel_size"":1,""tensor_parallel_mode"":""moe_tp"",""tensor_parallel_sizes"":[1]},""moe_shuffling"":{""dimension_source"":""routed_mlp_hidden_dim"",""effective_ffn_width"":768,""expert_parallel_mode"":""on"",""layer_kind"":""routed"",""operator_family_id"":""moe"",""operator_family_ids"":[""moe""],""profile_id"":""generic"",""selected_expert_parallel_size"":null,""selected_padded_ffn_width"":768,""selected_tensor_parallel_size"":1,""tensor_parallel_mode"":""moe_tp"",""tensor_parallel_sizes"":[1]}}",4523,0.375,282.6875,282.6875,1.0,0.38558478885695335,0.31497615449593264,1.407915100596949,3.921520015361911,0.1777443068759672,skewed,1,vllm_fused,CUDA_EVENT,BF16,generic,generic,none
0.023903999477624893,0.02550400048494339,0.024524799827486277,0.0244159996509552,0.0004815336569292979,20,0.03471999987959862,0.0379519984126091,0.03623679950833321,0.03630400076508522,0.0008131650254641771,20,0.08364800363779068,0.09923200309276581,0.08713600039482117,0.08664000034332275,0.0032948192716844636,20,0.5797759890556335,0.5904319882392883,0.5844464302062988,0.5835199952125549,0.00281420792452991,12400,128,16,8,standard_fused_topk,logit_topk,softmax_renorm,True,prefill_hot,ffn_like_prefix_20x,8,2048,768,True,1,"{""moe_gating_linear"":{""dimension_source"":""routed_mlp_hidden_dim"",""effective_ffn_width"":768,""expert_parallel_mode"":""on"",""layer_kind"":""routed"",""operator_family_id"":""moe"",""operator_family_ids"":[""moe""],""profile_id"":""generic"",""selected_expert_parallel_size"":null,""selected_padded_ffn_width"":768,""selected_tensor_parallel_size"":1,""tensor_parallel_mode"":""moe_tp"",""tensor_parallel_sizes"":[1]},""moe_gating_routing_topk"":{""dimension_source"":""routed_mlp_hidden_dim"",""effective_ffn_width"":768,""expert_parallel_mode"":""on"",""layer_kind"":""routed"",""operator_family_id"":""moe"",""operator_family_ids"":[""moe""],""profile_id"":""generic"",""selected_expert_parallel_size"":null,""selected_padded_ffn_width"":768,""selected_tensor_parallel_size"":1,""tensor_parallel_mode"":""moe_tp"",""tensor_parallel_sizes"":[1]},""moe_grouped_gemm"":{""dimension_source"":""routed_mlp_hidden_dim"",""effective_ffn_width"":768,""expert_parallel_mode"":""on"",""layer_kind"":""routed"",""operator_family_id"":""moe"",""operator_family_ids"":[""moe""],""profile_id"":""generic"",""selected_expert_parallel_size"":8,""selected_padded_ffn_width"":768,""selected_tensor_parallel_size"":1,""tensor_parallel_mode"":""moe_tp"",""tensor_parallel_sizes"":[1]},""moe_shuffling"":{""dimension_source"":""routed_mlp_hidden_dim"",""effective_ffn_width"":768,""expert_parallel_mode"":""on"",""layer_kind"":""routed"",""operator_family_id"":""moe"",""operator_family_ids"":[""moe""],""profile_id"":""generic"",""selected_expert_parallel_size"":null,""selected_padded_ffn_width"":768,""selected_tensor_parallel_size"":1,""tensor_parallel_mode"":""moe_tp"",""tensor_parallel_sizes"":[1]}}",4536,0.375,283.5,283.5,1.0,0.37037037037037035,0.3185973172112925,1.5520282186948853,3.9205938533619644,0.179535934744268,skewed,2,vllm_fused,CUDA_EVENT,BF16,generic,generic,none
0.023744000121951103,0.02537599951028824,0.024332799855619668,0.024143999442458153,0.0004205779472692312,20,0.03516799956560135,0.03776000067591667,0.03644319996237755,0.03643200173974037,0.0007718751197831572,20,0.07779199630022049,0.09375999867916107,0.08020480014383793,0.07953600212931633,0.0034682064943012763,20,2.844575881958008,2.874239921569824,2.855484962463379,2.8551039695739746,0.0073866089805960655,12368,128,16,8,standard_fused_topk,logit_topk,softmax_renorm,True,prefill_hot,ffn_like_prefix_20x,8,2048,768,True,1,"{""moe_gating_linear"":{""dimension_source"":""routed_mlp_hidden_dim"",""effective_ffn_width"":768,""expert_parallel_mode"":""on"",""layer_kind"":""routed"",""operator_family_id"":""moe"",""operator_family_ids"":[""moe""],""profile_id"":""generic"",""selected_expert_parallel_size"":null,""selected_padded_ffn_width"":768,""selected_tensor_parallel_size"":1,""tensor_parallel_mode"":""moe_tp"",""tensor_parallel_sizes"":[1]},""moe_gating_routing_topk"":{""dimension_source"":""routed_mlp_hidden_dim"",""effective_ffn_width"":768,""expert_parallel_mode"":""on"",""layer_kind"":""routed"",""operator_family_id"":""moe"",""operator_family_ids"":[""moe""],""profile_id"":""generic"",""selected_expert_parallel_size"":null,""selected_padded_ffn_width"":768,""selected_tensor_parallel_size"":1,""tensor_parallel_mode"":""moe_tp"",""tensor_parallel_sizes"":[1]},""moe_grouped_gemm"":{""dimension_source"":""routed_mlp_hidden_dim"",""effective_ffn_width"":768,""expert_parallel_mode"":""on"",""layer_kind"":""routed"",""operator_family_id"":""moe"",""operator_family_ids"":[""moe""],""profile_id"":""generic"",""selected_expert_parallel_size"":8,""selected_padded_ffn_width"":768,""selected_tensor_parallel_size"":1,""tensor_parallel_mode"":""moe_tp"",""tensor_parallel_sizes"":[1]},""moe_shuffling"":{""dimension_source"":""routed_mlp_hidden_dim"",""effective_ffn_width"":768,""expert_parallel_mode"":""on"",""layer_kind"":""routed"",""operator_family_id"":""moe"",""operator_family_ids"":[""moe""],""profile_id"":""generic"",""selected_expert_parallel_size"":null,""selected_padded_ffn_width"":768,""selected_tensor_parallel_size"":1,""tensor_parallel_mode"":""moe_tp"",""tensor_parallel_sizes"":[1]}}",81852,0.375,5115.75,5115.75,1.0,0.025411718711821338,0.9698530527280005,1.973122220593266,3.1126608816535812,0.4857761569662318,extremely_skewed,2,vllm_fused,CUDA_EVENT,BF16,generic,generic,none
0.023584000766277313,0.025119999423623085,0.024139199778437613,0.024063999764621258,0.0004045533121986729,20,0.03478400036692619,0.03798399865627289,0.03637279998511076,0.03604800067842007,0.0010438213150378382,20,0.077504001557827,0.09391999989748001,0.08099519945681095,0.08028800040483475,0.0034113546736717327,20,2.8209280967712402,2.852288007736206,2.8310718536376953,2.827552080154419,0.009530831128358841,12368,128,16,8,standard_fused_topk,logit_topk,softmax_renorm,True,prefill_hot,ffn_like_prefix_20x,8,2048,768,True,1,"{""moe_gating_linear"":{""dimension_source"":""routed_mlp_hidden_dim"",""effective_ffn_width"":768,""expert_parallel_mode"":""on"",""layer_kind"":""routed"",""operator_family_id"":""moe"",""operator_family_ids"":[""moe""],""profile_id"":""generic"",""selected_expert_parallel_size"":null,""selected_padded_ffn_width"":768,""selected_tensor_parallel_size"":1,""tensor_parallel_mode"":""moe_tp"",""tensor_parallel_sizes"":[1]},""moe_gating_routing_topk"":{""dimension_source"":""routed_mlp_hidden_dim"",""effective_ffn_width"":768,""expert_parallel_mode"":""on"",""layer_kind"":""routed"",""operator_family_id"":""moe"",""operator_family_ids"":[""moe""],""profile_id"":""generic"",""selected_expert_parallel_size"":null,""selected_padded_ffn_width"":768,""selected_tensor_parallel_size"":1,""tensor_parallel_mode"":""moe_tp"",""tensor_parallel_sizes"":[1]},""moe_grouped_gemm"":{""dimension_source"":""routed_mlp_hidden_dim"",""effective_ffn_width"":768,""expert_parallel_mode"":""on"",""layer_kind"":""routed"",""operator_family_id"":""moe"",""operator_family_ids"":[""moe""],""profile_id"":""generic"",""selected_expert_parallel_size"":8,""selected_padded_ffn_width"":768,""selected_tensor_parallel_size"":1,""tensor_parallel_mode"":""moe_tp"",""tensor_parallel_sizes"":[1]},""moe_shuffling"":{""dimension_source"":""routed_mlp_hidden_dim"",""effective_ffn_width"":768,""expert_parallel_mode"":""on"",""layer_kind"":""routed"",""operator_family_id"":""moe"",""operator_family_ids"":[""moe""],""profile_id"":""generic"",""selected_expert_parallel_size"":null,""selected_padded_ffn_width"":768,""selected_tensor_parallel_size"":1,""tensor_parallel_mode"":""moe_tp"",""tensor_parallel_sizes"":[1]}}",81243,0.375,5077.6875,5077.6875,1.0,0.02638996590475487,0.9701921833910745,1.9755055820193739,3.111732599997577,0.48586724394717073,extremely_skewed,0,vllm_fused,CUDA_EVENT,BF16,generic,generic,none
0.02380800060927868,0.025567999109625816,0.02438239986076951,0.02417599968612194,0.0005178145205682066,20,0.03532800078392029,0.03763199970126152,0.03658239990472793,0.0366239994764328,0.0006570993376795494,20,0.08345600217580795,0.09839999675750732,0.0864512000232935,0.0859999991953373,0.003151332018343368,20,0.8021119832992554,0.8186879754066467,0.8109742999076843,0.8124799728393555,0.00474530877545476,12368,128,16,8,standard_fused_topk,logit_topk,softmax_renorm,True,prefill_hot,ffn_like_prefix_20x,8,2048,768,True,1,"{""moe_gating_linear"":{""dimension_source"":""routed_mlp_hidden_dim"",""effective_ffn_width"":768,""expert_parallel_mode"":""on"",""layer_kind"":""routed"",""operator_family_id"":""moe"",""operator_family_ids"":[""moe""],""profile_id"":""generic"",""selected_expert_parallel_size"":null,""selected_padded_ffn_width"":768,""selected_tensor_parallel_size"":1,""tensor_parallel_mode"":""moe_tp"",""tensor_parallel_sizes"":[1]},""moe_gating_routing_topk"":{""dimension_source"":""routed_mlp_hidden_dim"",""effective_ffn_width"":768,""expert_parallel_mode"":""on"",""layer_kind"":""routed"",""operator_family_id"":""moe"",""operator_family_ids"":[""moe""],""profile_id"":""generic"",""selected_expert_parallel_size"":null,""selected_padded_ffn_width"":768,""selected_tensor_parallel_size"":1,""tensor_parallel_mode"":""moe_tp"",""tensor_parallel_sizes"":[1]},""moe_grouped_gemm"":{""dimension_source"":""routed_mlp_hidden_dim"",""effective_ffn_width"":768,""expert_parallel_mode"":""on"",""layer_kind"":""routed"",""operator_family_id"":""moe"",""operator_family_ids"":[""moe""],""profile_id"":""generic"",""selected_expert_parallel_size"":8,""selected_padded_ffn_width"":768,""selected_tensor_parallel_size"":1,""tensor_parallel_mode"":""moe_tp"",""tensor_parallel_sizes"":[1]},""moe_shuffling"":{""dimension_source"":""routed_mlp_hidden_dim"",""effective_ffn_width"":768,""expert_parallel_mode"":""on"",""layer_kind"":""routed"",""operator_family_id"":""moe"",""operator_family_ids"":[""moe""],""profile_id"":""generic"",""selected_expert_parallel_size"":null,""selected_padded_ffn_width"":768,""selected_tensor_parallel_size"":1,""tensor_parallel_mode"":""moe_tp"",""tensor_parallel_sizes"":[1]}}",12214,0.375,763.375,763.375,1.0,0.8986409038807925,0.035901587967451805,1.0545275912886851,3.9990571752812976,0.01894342557720652,uniform,1,vllm_fused,CUDA_EVENT,BF16,generic,generic,none
0.023744000121951103,0.025855999439954758,0.02460799999535084,0.02436799928545952,0.000662716833068786,20,0.034591998904943466,0.037087999284267426,0.03607680015265942,0.03630400076508522,0.0006618974144222591,20,0.09123200178146362,0.10400000214576721,0.09384640008211136,0.09340800344944,0.0027286102341693838,20,0.5779200196266174,0.6014080047607422,0.5900431871414185,0.5915840268135071,0.005506888497620821,12352,128,16,8,standard_fused_topk,logit_topk,softmax_renorm,True,prefill_hot,ffn_like_prefix_20x,8,2048,768,True,1,"{""moe_gating_linear"":{""dimension_source"":""routed_mlp_hidden_dim"",""effective_ffn_width"":768,""expert_parallel_mode"":""on"",""layer_kind"":""routed"",""operator_family_id"":""moe"",""operator_family_ids"":[""moe""],""profile_id"":""generic"",""selected_expert_parallel_size"":null,""selected_padded_ffn_width"":768,""selected_tensor_parallel_size"":1,""tensor_parallel_mode"":""moe_tp"",""tensor_parallel_sizes"":[1]},""moe_gating_routing_topk"":{""dimension_source"":""routed_mlp_hidden_dim"",""effective_ffn_width"":768,""expert_parallel_mode"":""on"",""layer_kind"":""routed"",""operator_family_id"":""moe"",""operator_family_ids"":[""moe""],""profile_id"":""generic"",""selected_expert_parallel_size"":null,""selected_padded_ffn_width"":768,""selected_tensor_parallel_size"":1,""tensor_parallel_mode"":""moe_tp"",""tensor_parallel_sizes"":[1]},""moe_grouped_gemm"":{""dimension_source"":""routed_mlp_hidden_dim"",""effective_ffn_width"":768,""expert_parallel_mode"":""on"",""layer_kind"":""routed"",""operator_family_id"":""moe"",""operator_family_ids"":[""moe""],""profile_id"":""generic"",""selected_expert_parallel_size"":8,""selected_padded_ffn_width"":768,""selected_tensor_parallel_size"":1,""tensor_parallel_mode"":""moe_tp"",""tensor_parallel_sizes"":[1]},""moe_shuffling"":{""dimension_source"":""routed_mlp_hidden_dim"",""effective_ffn_width"":768,""expert_parallel_mode"":""on"",""layer_kind"":""routed"",""operator_family_id"":""moe"",""operator_family_ids"":[""moe""],""profile_id"":""generic"",""selected_expert_parallel_size"":null,""selected_padded_ffn_width"":768,""selected_tensor_parallel_size"":1,""tensor_parallel_mode"":""moe_tp"",""tensor_parallel_sizes"":[1]}}",4508,0.375,281.75,281.75,1.0,0.3762200532386868,0.31695902548213845,1.4125998225377108,3.920405446769403,0.17895962732919246,skewed,1,vllm_fused,CUDA_EVENT,BF16,generic,generic,none
0.02393599972128868,0.02627200074493885,0.024712000135332347,0.024560000747442245,0.0006205752108669909,20,0.03519999980926514,0.03843199834227562,0.03699520006775856,0.03731199912726879,0.0010834681697697384,20,0.08451200276613235,0.09987200051546097,0.08745439946651459,0.08683199808001518,0.003175755596015647,20,0.5794559717178345,0.5869439840316772,0.5827520489692688,0.5824959874153137,0.002174319699406624,12368,128,16,8,standard_fused_topk,logit_topk,softmax_renorm,True,prefill_hot,ffn_like_prefix_20x,8,2048,768,True,1,"{""moe_gating_linear"":{""dimension_source"":""routed_mlp_hidden_dim"",""effective_ffn_width"":768,""expert_parallel_mode"":""on"",""layer_kind"":""routed"",""operator_family_id"":""moe"",""operator_family_ids"":[""moe""],""profile_id"":""generic"",""selected_expert_parallel_size"":null,""selected_padded_ffn_width"":768,""selected_tensor_parallel_size"":1,""tensor_parallel_mode"":""moe_tp"",""tensor_parallel_sizes"":[1]},""moe_gating_routing_topk"":{""dimension_source"":""routed_mlp_hidden_dim"",""effective_ffn_width"":768,""expert_parallel_mode"":""on"",""layer_kind"":""routed"",""operator_family_id"":""moe"",""operator_family_ids"":[""moe""],""profile_id"":""generic"",""selected_expert_parallel_size"":null,""selected_padded_ffn_width"":768,""selected_tensor_parallel_size"":1,""tensor_parallel_mode"":""moe_tp"",""tensor_parallel_sizes"":[1]},""moe_grouped_gemm"":{""dimension_source"":""routed_mlp_hidden_dim"",""effective_ffn_width"":768,""expert_parallel_mode"":""on"",""layer_kind"":""routed"",""operator_family_id"":""moe"",""operator_family_ids"":[""moe""],""profile_id"":""generic"",""selected_expert_parallel_size"":8,""selected_padded_ffn_width"":768,""selected_tensor_parallel_size"":1,""tensor_parallel_mode"":""moe_tp"",""tensor_parallel_sizes"":[1]},""moe_shuffling"":{""dimension_source"":""routed_mlp_hidden_dim"",""effective_ffn_width"":768,""expert_parallel_mode"":""on"",""layer_kind"":""routed"",""operator_family_id"":""moe"",""operator_family_ids"":[""moe""],""profile_id"":""generic"",""selected_expert_parallel_size"":null,""selected_padded_ffn_width"":768,""selected_tensor_parallel_size"":1,""tensor_parallel_mode"":""moe_tp"",""tensor_parallel_sizes"":[1]}}",4513,0.375,282.0625,282.0625,1.0,0.37934854863727013,0.3165060387738874,1.4110347883890981,3.9206830355229836,0.1786644139153557,skewed,1,vllm_fused,CUDA_EVENT,BF16,generic,generic,none
0.023711999878287315,0.025439999997615814,0.024372800067067147,0.02425600029528141,0.000504472343085771,20,0.03484800085425377,0.03747199848294258,0.03628320004791021,0.036288000643253326,0.0007504850373818564,20,0.08694399893283844,0.09836799651384354,0.09052799940109253,0.09016000106930733,0.0025944474983651622,20,2.8256640434265137,2.8538880348205566,2.8369569778442383,2.835968017578125,0.007413487881422043,12352,128,16,8,standard_fused_topk,logit_topk,softmax_renorm,True,prefill_hot,ffn_like_prefix_20x,8,2048,768,True,1,"{""moe_gating_linear"":{""dimension_source"":""routed_mlp_hidden_dim"",""effective_ffn_width"":768,""expert_parallel_mode"":""on"",""layer_kind"":""routed"",""operator_family_id"":""moe"",""operator_family_ids"":[""moe""],""profile_id"":""generic"",""selected_expert_parallel_size"":null,""selected_padded_ffn_width"":768,""selected_tensor_parallel_size"":1,""tensor_parallel_mode"":""moe_tp"",""tensor_parallel_sizes"":[1]},""moe_gating_routing_topk"":{""dimension_source"":""routed_mlp_hidden_dim"",""effective_ffn_width"":768,""expert_parallel_mode"":""on"",""layer_kind"":""routed"",""operator_family_id"":""moe"",""operator_family_ids"":[""moe""],""profile_id"":""generic"",""selected_expert_parallel_size"":null,""selected_padded_ffn_width"":768,""selected_tensor_parallel_size"":1,""tensor_parallel_mode"":""moe_tp"",""tensor_parallel_sizes"":[1]},""moe_grouped_gemm"":{""dimension_source"":""routed_mlp_hidden_dim"",""effective_ffn_width"":768,""expert_parallel_mode"":""on"",""layer_kind"":""routed"",""operator_family_id"":""moe"",""operator_family_ids"":[""moe""],""profile_id"":""generic"",""selected_expert_parallel_size"":8,""selected_padded_ffn_width"":768,""selected_tensor_parallel_size"":1,""tensor_parallel_mode"":""moe_tp"",""tensor_parallel_sizes"":[1]},""moe_shuffling"":{""dimension_source"":""routed_mlp_hidden_dim"",""effective_ffn_width"":768,""expert_parallel_mode"":""on"",""layer_kind"":""routed"",""operator_family_id"":""moe"",""operator_family_ids"":[""moe""],""profile_id"":""generic"",""selected_expert_parallel_size"":null,""selected_padded_ffn_width"":768,""selected_tensor_parallel_size"":1,""tensor_parallel_mode"":""moe_tp"",""tensor_parallel_sizes"":[1]}}",81152,0.375,5072.0,5072.0,1.0,0.026222397476340694,0.9703066879119718,1.975749211356467,3.111383214629198,0.4859307225946372,extremely_skewed,0,vllm_fused,CUDA_EVENT,BF16,generic,generic,none
0.024064000695943832,0.025855999439954758,0.024604799784719945,0.0244159996509552,0.0004976897692860893,20,0.03494400158524513,0.03776000067591667,0.036353600025177,0.0363520011305809,0.000861476088587754,20,0.08313599973917007,0.10393600165843964,0.08961920030415058,0.0894399993121624,0.005487066481870555,20,0.5812479853630066,0.5927680134773254,0.5844160318374634,0.5837439894676208,0.002745076548308134,12384,128,16,8,standard_fused_topk,logit_topk,softmax_renorm,True,prefill_hot,ffn_like_prefix_20x,8,2048,768,True,1,"{""moe_gating_linear"":{""dimension_source"":""routed_mlp_hidden_dim"",""effective_ffn_width"":768,""expert_parallel_mode"":""on"",""layer_kind"":""routed"",""operator_family_id"":""moe"",""operator_family_ids"":[""moe""],""profile_id"":""generic"",""selected_expert_parallel_size"":null,""selected_padded_ffn_width"":768,""selected_tensor_parallel_size"":1,""tensor_parallel_mode"":""moe_tp"",""tensor_parallel_sizes"":[1]},""moe_gating_routing_topk"":{""dimension_source"":""routed_mlp_hidden_dim"",""effective_ffn_width"":768,""expert_parallel_mode"":""on"",""layer_kind"":""routed"",""operator_family_id"":""moe"",""operator_family_ids"":[""moe""],""profile_id"":""generic"",""selected_expert_parallel_size"":null,""selected_padded_ffn_width"":768,""selected_tensor_parallel_size"":1,""tensor_parallel_mode"":""moe_tp"",""tensor_parallel_sizes"":[1]},""moe_grouped_gemm"":{""dimension_source"":""routed_mlp_hidden_dim"",""effective_ffn_width"":768,""expert_parallel_mode"":""on"",""layer_kind"":""routed"",""operator_family_id"":""moe"",""operator_family_ids"":[""moe""],""profile_id"":""generic"",""selected_expert_parallel_size"":8,""selected_padded_ffn_width"":768,""selected_tensor_parallel_size"":1,""tensor_parallel_mode"":""moe_tp"",""tensor_parallel_sizes"":[1]},""moe_shuffling"":{""dimension_source"":""routed_mlp_hidden_dim"",""effective_ffn_width"":768,""expert_parallel_mode"":""on"",""layer_kind"":""routed"",""operator_family_id"":""moe"",""operator_family_ids"":[""moe""],""profile_id"":""generic"",""selected_expert_parallel_size"":null,""selected_padded_ffn_width"":768,""selected_tensor_parallel_size"":1,""tensor_parallel_mode"":""moe_tp"",""tensor_parallel_sizes"":[1]}}",4534,0.375,283.375,283.375,1.0,0.3670048522276136,0.3124686504628606,1.4221438023820026,3.9229998612427837,0.175865681517424,skewed,0,vllm_fused,CUDA_EVENT,BF16,generic,generic,none
0.023584000766277313,0.02550400048494339,0.024316800106316806,0.024224000051617622,0.0004175847014049631,20,0.03478400036692619,0.03776000067591667,0.036295999959111216,0.036447999998927116,0.0008398935336073249,20,0.08479999750852585,0.09955199807882309,0.0868528001010418,0.08609599992632866,0.003212858638377881,20,0.5778560042381287,0.5891839861869812,0.5819311141967773,0.5814080238342285,0.002685458632186055,12384,128,16,8,standard_fused_topk,logit_topk,softmax_renorm,True,prefill_hot,ffn_like_prefix_20x,8,2048,768,True,1,"{""moe_gating_linear"":{""dimension_source"":""routed_mlp_hidden_dim"",""effective_ffn_width"":768,""expert_parallel_mode"":""on"",""layer_kind"":""routed"",""operator_family_id"":""moe"",""operator_family_ids"":[""moe""],""profile_id"":""generic"",""selected_expert_parallel_size"":null,""selected_padded_ffn_width"":768,""selected_tensor_parallel_size"":1,""tensor_parallel_mode"":""moe_tp"",""tensor_parallel_sizes"":[1]},""moe_gating_routing_topk"":{""dimension_source"":""routed_mlp_hidden_dim"",""effective_ffn_width"":768,""expert_parallel_mode"":""on"",""layer_kind"":""routed"",""operator_family_id"":""moe"",""operator_family_ids"":[""moe""],""profile_id"":""generic"",""selected_expert_parallel_size"":null,""selected_padded_ffn_width"":768,""selected_tensor_parallel_size"":1,""tensor_parallel_mode"":""moe_tp"",""tensor_parallel_sizes"":[1]},""moe_grouped_gemm"":{""dimension_source"":""routed_mlp_hidden_dim"",""effective_ffn_width"":768,""expert_parallel_mode"":""on"",""layer_kind"":""routed"",""operator_family_id"":""moe"",""operator_family_ids"":[""moe""],""profile_id"":""generic"",""selected_expert_parallel_size"":8,""selected_padded_ffn_width"":768,""selected_tensor_parallel_size"":1,""tensor_parallel_mode"":""moe_tp"",""tensor_parallel_sizes"":[1]},""moe_shuffling"":{""dimension_source"":""routed_mlp_hidden_dim"",""effective_ffn_width"":768,""expert_parallel_mode"":""on"",""layer_kind"":""routed"",""operator_family_id"":""moe"",""operator_family_ids"":[""moe""],""profile_id"":""generic"",""selected_expert_parallel_size"":null,""selected_padded_ffn_width"":768,""selected_tensor_parallel_size"":1,""tensor_parallel_mode"":""moe_tp"",""tensor_parallel_sizes"":[1]}}",4519,0.375,282.4375,282.4375,1.0,0.38238548351405177,0.31546675416099756,1.4091613188758574,3.921235428120934,0.17801228147820325,skewed,1,vllm_fused,CUDA_EVENT,BF16,generic,generic,none
0.023552000522613525,0.02598400041460991,0.024401600006967783,0.024272000417113304,0.0006008398294776078,20,0.03488000109791756,0.037567999213933945,0.035972800105810165,0.03604799881577492,0.0005806279934746246,20,0.08345600217580795,0.09971199929714203,0.08573119975626468,0.0851840004324913,0.003321360911160544,20,0.5777919888496399,0.601535975933075,0.5821599960327148,0.5802879929542542,0.005091194529086351,12352,128,16,8,standard_fused_topk,logit_topk,softmax_renorm,True,prefill_hot,ffn_like_prefix_20x,8,2048,768,True,1,"{""moe_gating_linear"":{""dimension_source"":""routed_mlp_hidden_dim"",""effective_ffn_width"":768,""expert_parallel_mode"":""on"",""layer_kind"":""routed"",""operator_family_id"":""moe"",""operator_family_ids"":[""moe""],""profile_id"":""generic"",""selected_expert_parallel_size"":null,""selected_padded_ffn_width"":768,""selected_tensor_parallel_size"":1,""tensor_parallel_mode"":""moe_tp"",""tensor_parallel_sizes"":[1]},""moe_gating_routing_topk"":{""dimension_source"":""routed_mlp_hidden_dim"",""effective_ffn_width"":768,""expert_parallel_mode"":""on"",""layer_kind"":""routed"",""operator_family_id"":""moe"",""operator_family_ids"":[""moe""],""profile_id"":""generic"",""selected_expert_parallel_size"":null,""selected_padded_ffn_width"":768,""selected_tensor_parallel_size"":1,""tensor_parallel_mode"":""moe_tp"",""tensor_parallel_sizes"":[1]},""moe_grouped_gemm"":{""dimension_source"":""routed_mlp_hidden_dim"",""effective_ffn_width"":768,""expert_parallel_mode"":""on"",""layer_kind"":""routed"",""operator_family_id"":""moe"",""operator_family_ids"":[""moe""],""profile_id"":""generic"",""selected_expert_parallel_size"":8,""selected_padded_ffn_width"":768,""selected_tensor_parallel_size"":1,""tensor_parallel_mode"":""moe_tp"",""tensor_parallel_sizes"":[1]},""moe_shuffling"":{""dimension_source"":""routed_mlp_hidden_dim"",""effective_ffn_width"":768,""expert_parallel_mode"":""on"",""layer_kind"":""routed"",""operator_family_id"":""moe"",""operator_family_ids"":[""moe""],""profile_id"":""generic"",""selected_expert_parallel_size"":null,""selected_padded_ffn_width"":768,""selected_tensor_parallel_size"":1,""tensor_parallel_mode"":""moe_tp"",""tensor_parallel_sizes"":[1]}}",4524,0.375,282.75,282.75,1.0,0.3713527851458886,0.31797433728853597,1.5526083112290008,3.920935561109063,0.17918324491600357,skewed,2,vllm_fused,CUDA_EVENT,BF16,generic,generic,none
0.023679999634623528,0.025567999109625816,0.024758399836719035,0.02473600022494793,0.0006010638200344109,20,0.03561599925160408,0.03884800150990486,0.03699360005557537,0.03696000017225742,0.00085832102161568,20,0.08329600095748901,0.0989760011434555,0.08634720034897328,0.08563200011849403,0.0032146908878654215,20,0.8015040159225464,0.8202239871025085,0.8100032806396484,0.807744026184082,0.005901419557631016,12352,128,16,8,standard_fused_topk,logit_topk,softmax_renorm,True,prefill_hot,ffn_like_prefix_20x,8,2048,768,True,1,"{""moe_gating_linear"":{""dimension_source"":""routed_mlp_hidden_dim"",""effective_ffn_width"":768,""expert_parallel_mode"":""on"",""layer_kind"":""routed"",""operator_family_id"":""moe"",""operator_family_ids"":[""moe""],""profile_id"":""generic"",""selected_expert_parallel_size"":null,""selected_padded_ffn_width"":768,""selected_tensor_parallel_size"":1,""tensor_parallel_mode"":""moe_tp"",""tensor_parallel_sizes"":[1]},""moe_gating_routing_topk"":{""dimension_source"":""routed_mlp_hidden_dim"",""effective_ffn_width"":768,""expert_parallel_mode"":""on"",""layer_kind"":""routed"",""operator_family_id"":""moe"",""operator_family_ids"":[""moe""],""profile_id"":""generic"",""selected_expert_parallel_size"":null,""selected_padded_ffn_width"":768,""selected_tensor_parallel_size"":1,""tensor_parallel_mode"":""moe_tp"",""tensor_parallel_sizes"":[1]},""moe_grouped_gemm"":{""dimension_source"":""routed_mlp_hidden_dim"",""effective_ffn_width"":768,""expert_parallel_mode"":""on"",""layer_kind"":""routed"",""operator_family_id"":""moe"",""operator_family_ids"":[""moe""],""profile_id"":""generic"",""selected_expert_parallel_size"":8,""selected_padded_ffn_width"":768,""selected_tensor_parallel_size"":1,""tensor_parallel_mode"":""moe_tp"",""tensor_parallel_sizes"":[1]},""moe_shuffling"":{""dimension_source"":""routed_mlp_hidden_dim"",""effective_ffn_width"":768,""expert_parallel_mode"":""on"",""layer_kind"":""routed"",""operator_family_id"":""moe"",""operator_family_ids"":[""moe""],""profile_id"":""generic"",""selected_expert_parallel_size"":null,""selected_padded_ffn_width"":768,""selected_tensor_parallel_size"":1,""tensor_parallel_mode"":""moe_tp"",""tensor_parallel_sizes"":[1]}}",12233,0.375,764.5625,764.5625,1.0,0.9273277201013651,0.033990553858946324,1.0515817869696722,3.9991627151935067,0.01912347747895038,uniform,0,vllm_fused,CUDA_EVENT,BF16,generic,generic,none
0.02377600036561489,0.025439999997615814,0.024451200012117626,0.0244159996509552,0.00045580616822794314,20,0.034912001341581345,0.03734400123357773,0.03606560043990612,0.03617599979043007,0.0006400376443032819,20,0.08313599973917007,0.10355199873447418,0.09082559943199157,0.091839998960495,0.0045523092050220055,20,0.5781760215759277,0.5970240235328674,0.588924765586853,0.5919679999351501,0.006671776529401541,12336,128,16,8,standard_fused_topk,logit_topk,softmax_renorm,True,prefill_hot,ffn_like_prefix_20x,8,2048,768,True,1,"{""moe_gating_linear"":{""dimension_source"":""routed_mlp_hidden_dim"",""effective_ffn_width"":768,""expert_parallel_mode"":""on"",""layer_kind"":""routed"",""operator_family_id"":""moe"",""operator_family_ids"":[""moe""],""profile_id"":""generic"",""selected_expert_parallel_size"":null,""selected_padded_ffn_width"":768,""selected_tensor_parallel_size"":1,""tensor_parallel_mode"":""moe_tp"",""tensor_parallel_sizes"":[1]},""moe_gating_routing_topk"":{""dimension_source"":""routed_mlp_hidden_dim"",""effective_ffn_width"":768,""expert_parallel_mode"":""on"",""layer_kind"":""routed"",""operator_family_id"":""moe"",""operator_family_ids"":[""moe""],""profile_id"":""generic"",""selected_expert_parallel_size"":null,""selected_padded_ffn_width"":768,""selected_tensor_parallel_size"":1,""tensor_parallel_mode"":""moe_tp"",""tensor_parallel_sizes"":[1]},""moe_grouped_gemm"":{""dimension_source"":""routed_mlp_hidden_dim"",""effective_ffn_width"":768,""expert_parallel_mode"":""on"",""layer_kind"":""routed"",""operator_family_id"":""moe"",""operator_family_ids"":[""moe""],""profile_id"":""generic"",""selected_expert_parallel_size"":8,""selected_padded_ffn_width"":768,""selected_tensor_parallel_size"":1,""tensor_parallel_mode"":""moe_tp"",""tensor_parallel_sizes"":[1]},""moe_shuffling"":{""dimension_source"":""routed_mlp_hidden_dim"",""effective_ffn_width"":768,""expert_parallel_mode"":""on"",""layer_kind"":""routed"",""operator_family_id"":""moe"",""operator_family_ids"":[""moe""],""profile_id"":""generic"",""selected_expert_parallel_size"":null,""selected_padded_ffn_width"":768,""selected_tensor_parallel_size"":1,""tensor_parallel_mode"":""moe_tp"",""tensor_parallel_sizes"":[1]}}",4513,0.375,282.0625,282.0625,1.0,0.36871260802127187,0.31275580930163227,1.4252160425437626,3.922955498833115,0.17617161533348114,skewed,0,vllm_fused,CUDA_EVENT,BF16,generic,generic,none
0.023615999147295952,0.025599999353289604,0.024396800063550474,0.024288000538945198,0.0005444138444618413,20,0.035360001027584076,0.03824000060558319,0.03670560028403998,0.03683200106024742,0.0008329514934674141,20,0.07827199995517731,0.09462399780750275,0.08078239969909191,0.07940800115466118,0.00348362919769816,20,2.8323519229888916,2.872704029083252,2.845614194869995,2.8426239490509033,0.012671281583607197,12352,128,16,8,standard_fused_topk,logit_topk,softmax_renorm,True,prefill_hot,ffn_like_prefix_20x,8,2048,768,True,1,"{""moe_gating_linear"":{""dimension_source"":""routed_mlp_hidden_dim"",""effective_ffn_width"":768,""expert_parallel_mode"":""on"",""layer_kind"":""routed"",""operator_family_id"":""moe"",""operator_family_ids"":[""moe""],""profile_id"":""generic"",""selected_expert_parallel_size"":null,""selected_padded_ffn_width"":768,""selected_tensor_parallel_size"":1,""tensor_parallel_mode"":""moe_tp"",""tensor_parallel_sizes"":[1]},""moe_gating_routing_topk"":{""dimension_source"":""routed_mlp_hidden_dim"",""effective_ffn_width"":768,""expert_parallel_mode"":""on"",""layer_kind"":""routed"",""operator_family_id"":""moe"",""operator_family_ids"":[""moe""],""profile_id"":""generic"",""selected_expert_parallel_size"":null,""selected_padded_ffn_width"":768,""selected_tensor_parallel_size"":1,""tensor_parallel_mode"":""moe_tp"",""tensor_parallel_sizes"":[1]},""moe_grouped_gemm"":{""dimension_source"":""routed_mlp_hidden_dim"",""effective_ffn_width"":768,""expert_parallel_mode"":""on"",""layer_kind"":""routed"",""operator_family_id"":""moe"",""operator_family_ids"":[""moe""],""profile_id"":""generic"",""selected_expert_parallel_size"":8,""selected_padded_ffn_width"":768,""selected_tensor_parallel_size"":1,""tensor_parallel_mode"":""moe_tp"",""tensor_parallel_sizes"":[1]},""moe_shuffling"":{""dimension_source"":""routed_mlp_hidden_dim"",""effective_ffn_width"":768,""expert_parallel_mode"":""on"",""layer_kind"":""routed"",""operator_family_id"":""moe"",""operator_family_ids"":[""moe""],""profile_id"":""generic"",""selected_expert_parallel_size"":null,""selected_padded_ffn_width"":768,""selected_tensor_parallel_size"":1,""tensor_parallel_mode"":""moe_tp"",""tensor_parallel_sizes"":[1]}}",81582,0.375,5098.875,5098.875,1.0,0.026868672010982815,0.969530678583163,1.9718075065578191,3.1136889747573573,0.4854211100487853,extremely_skewed,1,vllm_fused,CUDA_EVENT,BF16,generic,generic,none
0.02377600036561489,0.02598400041460991,0.024628799967467786,0.024608000181615353,0.0005525239663866086,20,0.03519999980926514,0.038176000118255615,0.03688640017062426,0.03712000139057636,0.0010413083436789103,20,0.08448000252246857,0.10150399804115295,0.08797440007328987,0.0870399996638298,0.0037914199623683845,20,0.5789440274238586,0.5863360166549683,0.5831712484359741,0.5825920104980469,0.0019567261915653944,12352,128,16,8,standard_fused_topk,logit_topk,softmax_renorm,True,prefill_hot,ffn_like_prefix_20x,8,2048,768,True,1,"{""moe_gating_linear"":{""dimension_source"":""routed_mlp_hidden_dim"",""effective_ffn_width"":768,""expert_parallel_mode"":""on"",""layer_kind"":""routed"",""operator_family_id"":""moe"",""operator_family_ids"":[""moe""],""profile_id"":""generic"",""selected_expert_parallel_size"":null,""selected_padded_ffn_width"":768,""selected_tensor_parallel_size"":1,""tensor_parallel_mode"":""moe_tp"",""tensor_parallel_sizes"":[1]},""moe_gating_routing_topk"":{""dimension_source"":""routed_mlp_hidden_dim"",""effective_ffn_width"":768,""expert_parallel_mode"":""on"",""layer_kind"":""routed"",""operator_family_id"":""moe"",""operator_family_ids"":[""moe""],""profile_id"":""generic"",""selected_expert_parallel_size"":null,""selected_padded_ffn_width"":768,""selected_tensor_parallel_size"":1,""tensor_parallel_mode"":""moe_tp"",""tensor_parallel_sizes"":[1]},""moe_grouped_gemm"":{""dimension_source"":""routed_mlp_hidden_dim"",""effective_ffn_width"":768,""expert_parallel_mode"":""on"",""layer_kind"":""routed"",""operator_family_id"":""moe"",""operator_family_ids"":[""moe""],""profile_id"":""generic"",""selected_expert_parallel_size"":8,""selected_padded_ffn_width"":768,""selected_tensor_parallel_size"":1,""tensor_parallel_mode"":""moe_tp"",""tensor_parallel_sizes"":[1]},""moe_shuffling"":{""dimension_source"":""routed_mlp_hidden_dim"",""effective_ffn_width"":768,""expert_parallel_mode"":""on"",""layer_kind"":""routed"",""operator_family_id"":""moe"",""operator_family_ids"":[""moe""],""profile_id"":""generic"",""selected_expert_parallel_size"":null,""selected_padded_ffn_width"":768,""selected_tensor_parallel_size"":1,""tensor_parallel_mode"":""moe_tp"",""tensor_parallel_sizes"":[1]}}",4519,0.375,282.4375,282.4375,1.0,0.36822305819871654,0.3132510524351306,1.4268643505200265,3.9227116825548007,0.1764632662093384,skewed,0,vllm_fused,CUDA_EVENT,BF16,generic,generic,none
0.023552000522613525,0.025439999997615814,0.024299200065433978,0.024159999564290047,0.000559430518190743,20,0.03516799956560135,0.038784001022577286,0.03659200016409159,0.03651200048625469,0.0009213833403984824,20,0.0920960009098053,0.10400000214576721,0.09553919993340969,0.0952640026807785,0.00293170280534267,20,0.5895040035247803,0.599295973777771,0.5932880640029907,0.5927039980888367,0.002172698499634862,12336,128,16,8,standard_fused_topk,logit_topk,softmax_renorm,True,prefill_hot,ffn_like_prefix_20x,8,2048,768,True,1,"{""moe_gating_linear"":{""dimension_source"":""routed_mlp_hidden_dim"",""effective_ffn_width"":768,""expert_parallel_mode"":""on"",""layer_kind"":""routed"",""operator_family_id"":""moe"",""operator_family_ids"":[""moe""],""profile_id"":""generic"",""selected_expert_parallel_size"":null,""selected_padded_ffn_width"":768,""selected_tensor_parallel_size"":1,""tensor_parallel_mode"":""moe_tp"",""tensor_parallel_sizes"":[1]},""moe_gating_routing_topk"":{""dimension_source"":""routed_mlp_hidden_dim"",""effective_ffn_width"":768,""expert_parallel_mode"":""on"",""layer_kind"":""routed"",""operator_family_id"":""moe"",""operator_family_ids"":[""moe""],""profile_id"":""generic"",""selected_expert_parallel_size"":null,""selected_padded_ffn_width"":768,""selected_tensor_parallel_size"":1,""tensor_parallel_mode"":""moe_tp"",""tensor_parallel_sizes"":[1]},""moe_grouped_gemm"":{""dimension_source"":""routed_mlp_hidden_dim"",""effective_ffn_width"":768,""expert_parallel_mode"":""on"",""layer_kind"":""routed"",""operator_family_id"":""moe"",""operator_family_ids"":[""moe""],""profile_id"":""generic"",""selected_expert_parallel_size"":8,""selected_padded_ffn_width"":768,""selected_tensor_parallel_size"":1,""tensor_parallel_mode"":""moe_tp"",""tensor_parallel_sizes"":[1]},""moe_shuffling"":{""dimension_source"":""routed_mlp_hidden_dim"",""effective_ffn_width"":768,""expert_parallel_mode"":""on"",""layer_kind"":""routed"",""operator_family_id"":""moe"",""operator_family_ids"":[""moe""],""profile_id"":""generic"",""selected_expert_parallel_size"":null,""selected_padded_ffn_width"":768,""selected_tensor_parallel_size"":1,""tensor_parallel_mode"":""moe_tp"",""tensor_parallel_sizes"":[1]}}",4522,0.375,282.625,282.625,1.0,0.3715170278637771,0.31815770536097165,1.553295002211411,3.920878113977424,0.1793177797434764,skewed,2,vllm_fused,CUDA_EVENT,BF16,generic,generic,none
0.023903999477624893,0.025472000241279602,0.024556800071150065,0.024399999529123306,0.00044460450711701844,20,0.0350399985909462,0.038176000118255615,0.03682879973202944,0.037007998675107956,0.0009108422979081857,20,0.08044800162315369,0.10025600343942642,0.08792480081319809,0.0899679996073246,0.005154546168235605,20,0.8065599799156189,0.8176320195198059,0.8101391792297363,0.8094080090522766,0.0026116142980754375,12368,128,16,8,standard_fused_topk,logit_topk,softmax_renorm,True,prefill_hot,ffn_like_prefix_20x,8,2048,768,True,1,"{""moe_gating_linear"":{""dimension_source"":""routed_mlp_hidden_dim"",""effective_ffn_width"":768,""expert_parallel_mode"":""on"",""layer_kind"":""routed"",""operator_family_id"":""moe"",""operator_family_ids"":[""moe""],""profile_id"":""generic"",""selected_expert_parallel_size"":null,""selected_padded_ffn_width"":768,""selected_tensor_parallel_size"":1,""tensor_parallel_mode"":""moe_tp"",""tensor_parallel_sizes"":[1]},""moe_gating_routing_topk"":{""dimension_source"":""routed_mlp_hidden_dim"",""effective_ffn_width"":768,""expert_parallel_mode"":""on"",""layer_kind"":""routed"",""operator_family_id"":""moe"",""operator_family_ids"":[""moe""],""profile_id"":""generic"",""selected_expert_parallel_size"":null,""selected_padded_ffn_width"":768,""selected_tensor_parallel_size"":1,""tensor_parallel_mode"":""moe_tp"",""tensor_parallel_sizes"":[1]},""moe_grouped_gemm"":{""dimension_source"":""routed_mlp_hidden_dim"",""effective_ffn_width"":768,""expert_parallel_mode"":""on"",""layer_kind"":""routed"",""operator_family_id"":""moe"",""operator_family_ids"":[""moe""],""profile_id"":""generic"",""selected_expert_parallel_size"":8,""selected_padded_ffn_width"":768,""selected_tensor_parallel_size"":1,""tensor_parallel_mode"":""moe_tp"",""tensor_parallel_sizes"":[1]},""moe_shuffling"":{""dimension_source"":""routed_mlp_hidden_dim"",""effective_ffn_width"":768,""expert_parallel_mode"":""on"",""layer_kind"":""routed"",""operator_family_id"":""moe"",""operator_family_ids"":[""moe""],""profile_id"":""generic"",""selected_expert_parallel_size"":null,""selected_padded_ffn_width"":768,""selected_tensor_parallel_size"":1,""tensor_parallel_mode"":""moe_tp"",""tensor_parallel_sizes"":[1]}}",12418,0.375,776.125,776.125,1.0,0.9508777580930907,0.03806083084448649,1.0913190529875987,3.9989627745746876,0.021068207440811726,uniform,2,vllm_fused,CUDA_EVENT,BF16,generic,generic,none
0.023552000522613525,0.025760000571608543,0.024599999841302633,0.024431999772787094,0.00065634138550294,20,0.034752000123262405,0.03759999945759773,0.03632319997996092,0.036400001496076584,0.0007721151457042934,20,0.08336000144481659,0.09920000284910202,0.0875296000391245,0.08617600053548813,0.0036788885741659326,20,0.580672025680542,0.5902400016784668,0.584225594997406,0.5835840106010437,0.002496004570275545,12368,128,16,8,standard_fused_topk,logit_topk,softmax_renorm,True,prefill_hot,ffn_like_prefix_20x,8,2048,768,True,1,"{""moe_gating_linear"":{""dimension_source"":""routed_mlp_hidden_dim"",""effective_ffn_width"":768,""expert_parallel_mode"":""on"",""layer_kind"":""routed"",""operator_family_id"":""moe"",""operator_family_ids"":[""moe""],""profile_id"":""generic"",""selected_expert_parallel_size"":null,""selected_padded_ffn_width"":768,""selected_tensor_parallel_size"":1,""tensor_parallel_mode"":""moe_tp"",""tensor_parallel_sizes"":[1]},""moe_gating_routing_topk"":{""dimension_source"":""routed_mlp_hidden_dim"",""effective_ffn_width"":768,""expert_parallel_mode"":""on"",""layer_kind"":""routed"",""operator_family_id"":""moe"",""operator_family_ids"":[""moe""],""profile_id"":""generic"",""selected_expert_parallel_size"":null,""selected_padded_ffn_width"":768,""selected_tensor_parallel_size"":1,""tensor_parallel_mode"":""moe_tp"",""tensor_parallel_sizes"":[1]},""moe_grouped_gemm"":{""dimension_source"":""routed_mlp_hidden_dim"",""effective_ffn_width"":768,""expert_parallel_mode"":""on"",""layer_kind"":""routed"",""operator_family_id"":""moe"",""operator_family_ids"":[""moe""],""profile_id"":""generic"",""selected_expert_parallel_size"":8,""selected_padded_ffn_width"":768,""selected_tensor_parallel_size"":1,""tensor_parallel_mode"":""moe_tp"",""tensor_parallel_sizes"":[1]},""moe_shuffling"":{""dimension_source"":""routed_mlp_hidden_dim"",""effective_ffn_width"":768,""expert_parallel_mode"":""on"",""layer_kind"":""routed"",""operator_family_id"":""moe"",""operator_family_ids"":[""moe""],""profile_id"":""generic"",""selected_expert_parallel_size"":null,""selected_padded_ffn_width"":768,""selected_tensor_parallel_size"":1,""tensor_parallel_mode"":""moe_tp"",""tensor_parallel_sizes"":[1]}}",4527,0.375,282.9375,282.9375,1.0,0.36757234371548486,0.3131503148628685,1.4243428318975038,3.9226925594161095,0.17626187320521325,skewed,0,vllm_fused,CUDA_EVENT,BF16,generic,generic,none
0.023455999791622162,0.02502400055527687,0.024118400085717438,0.024111999198794365,0.00041081085500253227,20,0.03494400158524513,0.03638400137424469,0.03572479989379644,0.035791998729109764,0.0004825956723632024,20,0.08345600217580795,0.0992640033364296,0.08596639968454838,0.08505599945783615,0.0032541894954753337,20,0.5743359923362732,0.5814399719238281,0.5776432156562805,0.5775039792060852,0.0018822983838617802,12336,128,16,8,standard_fused_topk,logit_topk,softmax_renorm,True,prefill_hot,ffn_like_prefix_20x,8,2048,768,True,1,"{""moe_gating_linear"":{""dimension_source"":""routed_mlp_hidden_dim"",""effective_ffn_width"":768,""expert_parallel_mode"":""on"",""layer_kind"":""routed"",""operator_family_id"":""moe"",""operator_family_ids"":[""moe""],""profile_id"":""generic"",""selected_expert_parallel_size"":null,""selected_padded_ffn_width"":768,""selected_tensor_parallel_size"":1,""tensor_parallel_mode"":""moe_tp"",""tensor_parallel_sizes"":[1]},""moe_gating_routing_topk"":{""dimension_source"":""routed_mlp_hidden_dim"",""effective_ffn_width"":768,""expert_parallel_mode"":""on"",""layer_kind"":""routed"",""operator_family_id"":""moe"",""operator_family_ids"":[""moe""],""profile_id"":""generic"",""selected_expert_parallel_size"":null,""selected_padded_ffn_width"":768,""selected_tensor_parallel_size"":1,""tensor_parallel_mode"":""moe_tp"",""tensor_parallel_sizes"":[1]},""moe_grouped_gemm"":{""dimension_source"":""routed_mlp_hidden_dim"",""effective_ffn_width"":768,""expert_parallel_mode"":""on"",""layer_kind"":""routed"",""operator_family_id"":""moe"",""operator_family_ids"":[""moe""],""profile_id"":""generic"",""selected_expert_parallel_size"":8,""selected_padded_ffn_width"":768,""selected_tensor_parallel_size"":1,""tensor_parallel_mode"":""moe_tp"",""tensor_parallel_sizes"":[1]},""moe_shuffling"":{""dimension_source"":""routed_mlp_hidden_dim"",""effective_ffn_width"":768,""expert_parallel_mode"":""on"",""layer_kind"":""routed"",""operator_family_id"":""moe"",""operator_family_ids"":[""moe""],""profile_id"":""generic"",""selected_expert_parallel_size"":null,""selected_padded_ffn_width"":768,""selected_tensor_parallel_size"":1,""tensor_parallel_mode"":""moe_tp"",""tensor_parallel_sizes"":[1]}}",4499,0.375,281.1875,281.1875,1.0,0.3769726605912425,0.31638043743539146,1.4154256501444766,3.9206851248533585,0.17860913536341405,skewed,1,vllm_fused,CUDA_EVENT,BF16,generic,generic,none
0.023711999878287315,0.025728000327944756,0.024921600148081778,0.024992000311613083,0.0005654681430110574,20,0.03468799963593483,0.036768000572919846,0.035899199359118936,0.03614399954676628,0.0006298619467293488,20,0.08092799782752991,0.09657599776983261,0.08344480022788048,0.08286399766802788,0.003263376484350199,20,0.8054400086402893,0.8139200210571289,0.8086447715759277,0.8085759878158569,0.002280969638377428,12320,128,16,8,standard_fused_topk,logit_topk,softmax_renorm,True,prefill_hot,ffn_like_prefix_20x,8,2048,768,True,1,"{""moe_gating_linear"":{""dimension_source"":""routed_mlp_hidden_dim"",""effective_ffn_width"":768,""expert_parallel_mode"":""on"",""layer_kind"":""routed"",""operator_family_id"":""moe"",""operator_family_ids"":[""moe""],""profile_id"":""generic"",""selected_expert_parallel_size"":null,""selected_padded_ffn_width"":768,""selected_tensor_parallel_size"":1,""tensor_parallel_mode"":""moe_tp"",""tensor_parallel_sizes"":[1]},""moe_gating_routing_topk"":{""dimension_source"":""routed_mlp_hidden_dim"",""effective_ffn_width"":768,""expert_parallel_mode"":""on"",""layer_kind"":""routed"",""operator_family_id"":""moe"",""operator_family_ids"":[""moe""],""profile_id"":""generic"",""selected_expert_parallel_size"":null,""selected_padded_ffn_width"":768,""selected_tensor_parallel_size"":1,""tensor_parallel_mode"":""moe_tp"",""tensor_parallel_sizes"":[1]},""moe_grouped_gemm"":{""dimension_source"":""routed_mlp_hidden_dim"",""effective_ffn_width"":768,""expert_parallel_mode"":""on"",""layer_kind"":""routed"",""operator_family_id"":""moe"",""operator_family_ids"":[""moe""],""profile_id"":""generic"",""selected_expert_parallel_size"":8,""selected_padded_ffn_width"":768,""selected_tensor_parallel_size"":1,""tensor_parallel_mode"":""moe_tp"",""tensor_parallel_sizes"":[1]},""moe_shuffling"":{""dimension_source"":""routed_mlp_hidden_dim"",""effective_ffn_width"":768,""expert_parallel_mode"":""on"",""layer_kind"":""routed"",""operator_family_id"":""moe"",""operator_family_ids"":[""moe""],""profile_id"":""generic"",""selected_expert_parallel_size"":null,""selected_padded_ffn_width"":768,""selected_tensor_parallel_size"":1,""tensor_parallel_mode"":""moe_tp"",""tensor_parallel_sizes"":[1]}}",12368,0.375,773.0,773.0,1.0,0.9482535575679172,0.03939033298241933,1.094437257438551,3.998889110462349,0.0218002102199224,uniform,2,vllm_fused,CUDA_EVENT,BF16,generic,generic,none
0.02396799996495247,0.02566399984061718,0.024615999776870012,0.024447999894618988,0.0004332279966585144,20,0.03526400029659271,0.03824000060558319,0.03692960012704134,0.03702399879693985,0.00101574038344135,20,0.0817599967122078,0.09679999947547913,0.08423359952867031,0.08368000015616417,0.0031118763821908362,20,0.8060479760169983,0.8182719945907593,0.8098800778388977,0.8094080090522766,0.003132924670353532,12336,128,16,8,standard_fused_topk,logit_topk,softmax_renorm,True,prefill_hot,ffn_like_prefix_20x,8,2048,768,True,1,"{""moe_gating_linear"":{""dimension_source"":""routed_mlp_hidden_dim"",""effective_ffn_width"":768,""expert_parallel_mode"":""on"",""layer_kind"":""routed"",""operator_family_id"":""moe"",""operator_family_ids"":[""moe""],""profile_id"":""generic"",""selected_expert_parallel_size"":null,""selected_padded_ffn_width"":768,""selected_tensor_parallel_size"":1,""tensor_parallel_mode"":""moe_tp"",""tensor_parallel_sizes"":[1]},""moe_gating_routing_topk"":{""dimension_source"":""routed_mlp_hidden_dim"",""effective_ffn_width"":768,""expert_parallel_mode"":""on"",""layer_kind"":""routed"",""operator_family_id"":""moe"",""operator_family_ids"":[""moe""],""profile_id"":""generic"",""selected_expert_parallel_size"":null,""selected_padded_ffn_width"":768,""selected_tensor_parallel_size"":1,""tensor_parallel_mode"":""moe_tp"",""tensor_parallel_sizes"":[1]},""moe_grouped_gemm"":{""dimension_source"":""routed_mlp_hidden_dim"",""effective_ffn_width"":768,""expert_parallel_mode"":""on"",""layer_kind"":""routed"",""operator_family_id"":""moe"",""operator_family_ids"":[""moe""],""profile_id"":""generic"",""selected_expert_parallel_size"":8,""selected_padded_ffn_width"":768,""selected_tensor_parallel_size"":1,""tensor_parallel_mode"":""moe_tp"",""tensor_parallel_sizes"":[1]},""moe_shuffling"":{""dimension_source"":""routed_mlp_hidden_dim"",""effective_ffn_width"":768,""expert_parallel_mode"":""on"",""layer_kind"":""routed"",""operator_family_id"":""moe"",""operator_family_ids"":[""moe""],""profile_id"":""generic"",""selected_expert_parallel_size"":null,""selected_padded_ffn_width"":768,""selected_tensor_parallel_size"":1,""tensor_parallel_mode"":""moe_tp"",""tensor_parallel_sizes"":[1]}}",12387,0.375,774.1875,774.1875,1.0,0.9480907402922418,0.03905645522008218,1.0927585371760717,3.998907465081035,0.02170117865504162,uniform,2,vllm_fused,CUDA_EVENT,BF16,generic,generic,none
0.02377600036561489,0.02566399984061718,0.024339200183749198,0.02425600029528141,0.0005170153990278145,20,0.035232000052928925,0.038015998899936676,0.03649599961936474,0.03651199862360954,0.0007858261320943964,20,0.08032000064849854,0.09612800180912018,0.0836975995451212,0.08287999778985977,0.003287514936216311,20,2.8505280017852783,2.873408079147339,2.8609344959259033,2.8608639240264893,0.006831940729171038,12352,128,16,8,standard_fused_topk,logit_topk,softmax_renorm,True,prefill_hot,ffn_like_prefix_20x,8,2048,768,True,1,"{""moe_gating_linear"":{""dimension_source"":""routed_mlp_hidden_dim"",""effective_ffn_width"":768,""expert_parallel_mode"":""on"",""layer_kind"":""routed"",""operator_family_id"":""moe"",""operator_family_ids"":[""moe""],""profile_id"":""generic"",""selected_expert_parallel_size"":null,""selected_padded_ffn_width"":768,""selected_tensor_parallel_size"":1,""tensor_parallel_mode"":""moe_tp"",""tensor_parallel_sizes"":[1]},""moe_gating_routing_topk"":{""dimension_source"":""routed_mlp_hidden_dim"",""effective_ffn_width"":768,""expert_parallel_mode"":""on"",""layer_kind"":""routed"",""operator_family_id"":""moe"",""operator_family_ids"":[""moe""],""profile_id"":""generic"",""selected_expert_parallel_size"":null,""selected_padded_ffn_width"":768,""selected_tensor_parallel_size"":1,""tensor_parallel_mode"":""moe_tp"",""tensor_parallel_sizes"":[1]},""moe_grouped_gemm"":{""dimension_source"":""routed_mlp_hidden_dim"",""effective_ffn_width"":768,""expert_parallel_mode"":""on"",""layer_kind"":""routed"",""operator_family_id"":""moe"",""operator_family_ids"":[""moe""],""profile_id"":""generic"",""selected_expert_parallel_size"":8,""selected_padded_ffn_width"":768,""selected_tensor_parallel_size"":1,""tensor_parallel_mode"":""moe_tp"",""tensor_parallel_sizes"":[1]},""moe_shuffling"":{""dimension_source"":""routed_mlp_hidden_dim"",""effective_ffn_width"":768,""expert_parallel_mode"":""on"",""layer_kind"":""routed"",""operator_family_id"":""moe"",""operator_family_ids"":[""moe""],""profile_id"":""generic"",""selected_expert_parallel_size"":null,""selected_padded_ffn_width"":768,""selected_tensor_parallel_size"":1,""tensor_parallel_mode"":""moe_tp"",""tensor_parallel_sizes"":[1]}}",81730,0.375,5108.125,5108.125,1.0,0.02544965129083568,0.9698569768417559,1.9731310412333292,3.1126498343543614,0.4857763367184633,extremely_skewed,2,vllm_fused,CUDA_EVENT,BF16,generic,generic,none
0.023552000522613525,0.025536000728607178,0.024352000374346972,0.024191999807953835,0.0005811327940749937,20,0.03484800085425377,0.037728000432252884,0.036390400305390355,0.03646400012075901,0.0007761299353823605,20,0.08396799862384796,0.09961599856615067,0.08685600049793721,0.08590399846434593,0.003181817955353563,20,0.5779520273208618,0.599232017993927,0.5868720412254333,0.5889919996261597,0.0059595960192382336,12320,128,16,8,standard_fused_topk,logit_topk,softmax_renorm,True,prefill_hot,ffn_like_prefix_20x,8,2048,768,True,1,"{""moe_gating_linear"":{""dimension_source"":""routed_mlp_hidden_dim"",""effective_ffn_width"":768,""expert_parallel_mode"":""on"",""layer_kind"":""routed"",""operator_family_id"":""moe"",""operator_family_ids"":[""moe""],""profile_id"":""generic"",""selected_expert_parallel_size"":null,""selected_padded_ffn_width"":768,""selected_tensor_parallel_size"":1,""tensor_parallel_mode"":""moe_tp"",""tensor_parallel_sizes"":[1]},""moe_gating_routing_topk"":{""dimension_source"":""routed_mlp_hidden_dim"",""effective_ffn_width"":768,""expert_parallel_mode"":""on"",""layer_kind"":""routed"",""operator_family_id"":""moe"",""operator_family_ids"":[""moe""],""profile_id"":""generic"",""selected_expert_parallel_size"":null,""selected_padded_ffn_width"":768,""selected_tensor_parallel_size"":1,""tensor_parallel_mode"":""moe_tp"",""tensor_parallel_sizes"":[1]},""moe_grouped_gemm"":{""dimension_source"":""routed_mlp_hidden_dim"",""effective_ffn_width"":768,""expert_parallel_mode"":""on"",""layer_kind"":""routed"",""operator_family_id"":""moe"",""operator_family_ids"":[""moe""],""profile_id"":""generic"",""selected_expert_parallel_size"":8,""selected_padded_ffn_width"":768,""selected_tensor_parallel_size"":1,""tensor_parallel_mode"":""moe_tp"",""tensor_parallel_sizes"":[1]},""moe_shuffling"":{""dimension_source"":""routed_mlp_hidden_dim"",""effective_ffn_width"":768,""expert_parallel_mode"":""on"",""layer_kind"":""routed"",""operator_family_id"":""moe"",""operator_family_ids"":[""moe""],""profile_id"":""generic"",""selected_expert_parallel_size"":null,""selected_padded_ffn_width"":768,""selected_tensor_parallel_size"":1,""tensor_parallel_mode"":""moe_tp"",""tensor_parallel_sizes"":[1]}}",4498,0.375,281.125,281.125,1.0,0.37705646954201866,0.31631743868035683,1.4157403290351267,3.920723212599826,0.1785793686082704,skewed,1,vllm_fused,CUDA_EVENT,BF16,generic,generic,none
0.023679999634623528,0.025631999596953392,0.02446880005300045,0.024320000782608986,0.0005063968416009524,20,0.0350399985909462,0.03811199963092804,0.036302400007843974,0.036288000643253326,0.0008452167715374345,20,0.08048000186681747,0.10121600329875946,0.08803360015153885,0.08913600072264671,0.005038211983646999,20,0.7974399924278259,0.8071680068969727,0.8011471629142761,0.8008959889411926,0.002166079357266426,12352,128,16,8,standard_fused_topk,logit_topk,softmax_renorm,True,prefill_hot,ffn_like_prefix_20x,8,2048,768,True,1,"{""moe_gating_linear"":{""dimension_source"":""routed_mlp_hidden_dim"",""effective_ffn_width"":768,""expert_parallel_mode"":""on"",""layer_kind"":""routed"",""operator_family_id"":""moe"",""operator_family_ids"":[""moe""],""profile_id"":""generic"",""selected_expert_parallel_size"":null,""selected_padded_ffn_width"":768,""selected_tensor_parallel_size"":1,""tensor_parallel_mode"":""moe_tp"",""tensor_parallel_sizes"":[1]},""moe_gating_routing_topk"":{""dimension_source"":""routed_mlp_hidden_dim"",""effective_ffn_width"":768,""expert_parallel_mode"":""on"",""layer_kind"":""routed"",""operator_family_id"":""moe"",""operator_family_ids"":[""moe""],""profile_id"":""generic"",""selected_expert_parallel_size"":null,""selected_padded_ffn_width"":768,""selected_tensor_parallel_size"":1,""tensor_parallel_mode"":""moe_tp"",""tensor_parallel_sizes"":[1]},""moe_grouped_gemm"":{""dimension_source"":""routed_mlp_hidden_dim"",""effective_ffn_width"":768,""expert_parallel_mode"":""on"",""layer_kind"":""routed"",""operator_family_id"":""moe"",""operator_family_ids"":[""moe""],""profile_id"":""generic"",""selected_expert_parallel_size"":8,""selected_padded_ffn_width"":768,""selected_tensor_parallel_size"":1,""tensor_parallel_mode"":""moe_tp"",""tensor_parallel_sizes"":[1]},""moe_shuffling"":{""dimension_source"":""routed_mlp_hidden_dim"",""effective_ffn_width"":768,""expert_parallel_mode"":""on"",""layer_kind"":""routed"",""operator_family_id"":""moe"",""operator_family_ids"":[""moe""],""profile_id"":""generic"",""selected_expert_parallel_size"":null,""selected_padded_ffn_width"":768,""selected_tensor_parallel_size"":1,""tensor_parallel_mode"":""moe_tp"",""tensor_parallel_sizes"":[1]}}",12195,0.375,762.1875,762.1875,1.0,0.8987289872898729,0.035646030924400954,1.056170561705617,3.999070397966332,0.018752562525625294,uniform,1,vllm_fused,CUDA_EVENT,BF16,generic,generic,none
0.023711999878287315,0.025599999353289604,0.024372800067067147,0.024320000782608986,0.0004704406388156152,20,0.03532800078392029,0.038176000118255615,0.03684320021420717,0.036848001182079315,0.0007578173672717897,20,0.07740800082683563,0.09484799951314926,0.08129439949989319,0.0798720009624958,0.0046851590859546596,20,2.8226559162139893,2.847775936126709,2.8348846435546875,2.832576036453247,0.007261935621500015,12336,128,16,8,standard_fused_topk,logit_topk,softmax_renorm,True,prefill_hot,ffn_like_prefix_20x,8,2048,768,True,1,"{""moe_gating_linear"":{""dimension_source"":""routed_mlp_hidden_dim"",""effective_ffn_width"":768,""expert_parallel_mode"":""on"",""layer_kind"":""routed"",""operator_family_id"":""moe"",""operator_family_ids"":[""moe""],""profile_id"":""generic"",""selected_expert_parallel_size"":null,""selected_padded_ffn_width"":768,""selected_tensor_parallel_size"":1,""tensor_parallel_mode"":""moe_tp"",""tensor_parallel_sizes"":[1]},""moe_gating_routing_topk"":{""dimension_source"":""routed_mlp_hidden_dim"",""effective_ffn_width"":768,""expert_parallel_mode"":""on"",""layer_kind"":""routed"",""operator_family_id"":""moe"",""operator_family_ids"":[""moe""],""profile_id"":""generic"",""selected_expert_parallel_size"":null,""selected_padded_ffn_width"":768,""selected_tensor_parallel_size"":1,""tensor_parallel_mode"":""moe_tp"",""tensor_parallel_sizes"":[1]},""moe_grouped_gemm"":{""dimension_source"":""routed_mlp_hidden_dim"",""effective_ffn_width"":768,""expert_parallel_mode"":""on"",""layer_kind"":""routed"",""operator_family_id"":""moe"",""operator_family_ids"":[""moe""],""profile_id"":""generic"",""selected_expert_parallel_size"":8,""selected_padded_ffn_width"":768,""selected_tensor_parallel_size"":1,""tensor_parallel_mode"":""moe_tp"",""tensor_parallel_sizes"":[1]},""moe_shuffling"":{""dimension_source"":""routed_mlp_hidden_dim"",""effective_ffn_width"":768,""expert_parallel_mode"":""on"",""layer_kind"":""routed"",""operator_family_id"":""moe"",""operator_family_ids"":[""moe""],""profile_id"":""generic"",""selected_expert_parallel_size"":null,""selected_padded_ffn_width"":768,""selected_tensor_parallel_size"":1,""tensor_parallel_mode"":""moe_tp"",""tensor_parallel_sizes"":[1]}}",81052,0.375,5065.75,5065.75,1.0,0.026254750037013275,0.9703194981052257,1.9758179933869615,3.111342892786649,0.4859457508759808,extremely_skewed,0,vllm_fused,CUDA_EVENT,BF16,generic,generic,none
0.023871999233961105,0.025599999353289604,0.02440159982070327,0.024143999442458153,0.0005316696246776186,20,0.034752000123262405,0.03721600025892258,0.0360800001770258,0.03627200052142143,0.0006760640248297434,20,0.08105599880218506,0.09785600006580353,0.08408000059425831,0.08326400071382523,0.0034774664918843534,20,0.8089600205421448,0.8245440125465393,0.811235249042511,0.8100159764289856,0.0033895992673933506,12352,128,16,8,standard_fused_topk,logit_topk,softmax_renorm,True,prefill_hot,ffn_like_prefix_20x,8,2048,768,True,1,"{""moe_gating_linear"":{""dimension_source"":""routed_mlp_hidden_dim"",""effective_ffn_width"":768,""expert_parallel_mode"":""on"",""layer_kind"":""routed"",""operator_family_id"":""moe"",""operator_family_ids"":[""moe""],""profile_id"":""generic"",""selected_expert_parallel_size"":null,""selected_padded_ffn_width"":768,""selected_tensor_parallel_size"":1,""tensor_parallel_mode"":""moe_tp"",""tensor_parallel_sizes"":[1]},""moe_gating_routing_topk"":{""dimension_source"":""routed_mlp_hidden_dim"",""effective_ffn_width"":768,""expert_parallel_mode"":""on"",""layer_kind"":""routed"",""operator_family_id"":""moe"",""operator_family_ids"":[""moe""],""profile_id"":""generic"",""selected_expert_parallel_size"":null,""selected_padded_ffn_width"":768,""selected_tensor_parallel_size"":1,""tensor_parallel_mode"":""moe_tp"",""tensor_parallel_sizes"":[1]},""moe_grouped_gemm"":{""dimension_source"":""routed_mlp_hidden_dim"",""effective_ffn_width"":768,""expert_parallel_mode"":""on"",""layer_kind"":""routed"",""operator_family_id"":""moe"",""operator_family_ids"":[""moe""],""profile_id"":""generic"",""selected_expert_parallel_size"":8,""selected_padded_ffn_width"":768,""selected_tensor_parallel_size"":1,""tensor_parallel_mode"":""moe_tp"",""tensor_parallel_sizes"":[1]},""moe_shuffling"":{""dimension_source"":""routed_mlp_hidden_dim"",""effective_ffn_width"":768,""expert_parallel_mode"":""on"",""layer_kind"":""routed"",""operator_family_id"":""moe"",""operator_family_ids"":[""moe""],""profile_id"":""generic"",""selected_expert_parallel_size"":null,""selected_padded_ffn_width"":768,""selected_tensor_parallel_size"":1,""tensor_parallel_mode"":""moe_tp"",""tensor_parallel_sizes"":[1]}}",12405,0.375,775.3125,775.3125,1.0,0.9505844417573559,0.038577599112681,1.0924627166465135,3.9989345842480537,0.021367392180572375,uniform,2,vllm_fused,CUDA_EVENT,BF16,generic,generic,none
0.023615999147295952,0.02505600079894066,0.023987200018018483,0.02393599972128868,0.0002983733695613153,20,0.035071998834609985,0.03683200106024742,0.0358048003166914,0.035711999982595444,0.0005197314725825404,20,0.08793599903583527,0.09881599992513657,0.09209280014038086,0.09214400127530098,0.0021379474857756665,20,0.5783039927482605,0.5970879793167114,0.5829263925552368,0.5815039873123169,0.0040148417465388775,12320,128,16,8,standard_fused_topk,logit_topk,softmax_renorm,True,prefill_hot,ffn_like_prefix_20x,8,2048,768,True,1,"{""moe_gating_linear"":{""dimension_source"":""routed_mlp_hidden_dim"",""effective_ffn_width"":768,""expert_parallel_mode"":""on"",""layer_kind"":""routed"",""operator_family_id"":""moe"",""operator_family_ids"":[""moe""],""profile_id"":""generic"",""selected_expert_parallel_size"":null,""selected_padded_ffn_width"":768,""selected_tensor_parallel_size"":1,""tensor_parallel_mode"":""moe_tp"",""tensor_parallel_sizes"":[1]},""moe_gating_routing_topk"":{""dimension_source"":""routed_mlp_hidden_dim"",""effective_ffn_width"":768,""expert_parallel_mode"":""on"",""layer_kind"":""routed"",""operator_family_id"":""moe"",""operator_family_ids"":[""moe""],""profile_id"":""generic"",""selected_expert_parallel_size"":null,""selected_padded_ffn_width"":768,""selected_tensor_parallel_size"":1,""tensor_parallel_mode"":""moe_tp"",""tensor_parallel_sizes"":[1]},""moe_grouped_gemm"":{""dimension_source"":""routed_mlp_hidden_dim"",""effective_ffn_width"":768,""expert_parallel_mode"":""on"",""layer_kind"":""routed"",""operator_family_id"":""moe"",""operator_family_ids"":[""moe""],""profile_id"":""generic"",""selected_expert_parallel_size"":8,""selected_padded_ffn_width"":768,""selected_tensor_parallel_size"":1,""tensor_parallel_mode"":""moe_tp"",""tensor_parallel_sizes"":[1]},""moe_shuffling"":{""dimension_source"":""routed_mlp_hidden_dim"",""effective_ffn_width"":768,""expert_parallel_mode"":""on"",""layer_kind"":""routed"",""operator_family_id"":""moe"",""operator_family_ids"":[""moe""],""profile_id"":""generic"",""selected_expert_parallel_size"":null,""selected_padded_ffn_width"":768,""selected_tensor_parallel_size"":1,""tensor_parallel_mode"":""moe_tp"",""tensor_parallel_sizes"":[1]}}",4508,0.375,281.75,281.75,1.0,0.3691215616681455,0.31230715988510677,1.4232475598935226,3.9231675896557756,0.1758540372670807,skewed,0,vllm_fused,CUDA_EVENT,BF16,generic,generic,none
0.023711999878287315,0.025631999596953392,0.024556799978017806,0.024335999973118305,0.0005535539443070166,20,0.03484800085425377,0.03657599911093712,0.03594239987432957,0.03612799942493439,0.0005175300095702038,20,0.08019199967384338,0.09545599669218063,0.0826799999922514,0.08211199939250946,0.0031708404909639933,20,0.7949119806289673,0.8032320141792297,0.7983455657958984,0.7976319789886475,0.0026332074776291847,12304,128,16,8,standard_fused_topk,logit_topk,softmax_renorm,True,prefill_hot,ffn_like_prefix_20x,8,2048,768,True,1,"{""moe_gating_linear"":{""dimension_source"":""routed_mlp_hidden_dim"",""effective_ffn_width"":768,""expert_parallel_mode"":""on"",""layer_kind"":""routed"",""operator_family_id"":""moe"",""operator_family_ids"":[""moe""],""profile_id"":""generic"",""selected_expert_parallel_size"":null,""selected_padded_ffn_width"":768,""selected_tensor_parallel_size"":1,""tensor_parallel_mode"":""moe_tp"",""tensor_parallel_sizes"":[1]},""moe_gating_routing_topk"":{""dimension_source"":""routed_mlp_hidden_dim"",""effective_ffn_width"":768,""expert_parallel_mode"":""on"",""layer_kind"":""routed"",""operator_family_id"":""moe"",""operator_family_ids"":[""moe""],""profile_id"":""generic"",""selected_expert_parallel_size"":null,""selected_padded_ffn_width"":768,""selected_tensor_parallel_size"":1,""tensor_parallel_mode"":""moe_tp"",""tensor_parallel_sizes"":[1]},""moe_grouped_gemm"":{""dimension_source"":""routed_mlp_hidden_dim"",""effective_ffn_width"":768,""expert_parallel_mode"":""on"",""layer_kind"":""routed"",""operator_family_id"":""moe"",""operator_family_ids"":[""moe""],""profile_id"":""generic"",""selected_expert_parallel_size"":8,""selected_padded_ffn_width"":768,""selected_tensor_parallel_size"":1,""tensor_parallel_mode"":""moe_tp"",""tensor_parallel_sizes"":[1]},""moe_shuffling"":{""dimension_source"":""routed_mlp_hidden_dim"",""effective_ffn_width"":768,""expert_parallel_mode"":""on"",""layer_kind"":""routed"",""operator_family_id"":""moe"",""operator_family_ids"":[""moe""],""profile_id"":""generic"",""selected_expert_parallel_size"":null,""selected_padded_ffn_width"":768,""selected_tensor_parallel_size"":1,""tensor_parallel_mode"":""moe_tp"",""tensor_parallel_sizes"":[1]}}",12143,0.375,758.9375,758.9375,1.0,0.894671827390266,0.03659088204330938,1.0593757720497405,3.9990195393483994,0.019131392571852146,uniform,1,vllm_fused,CUDA_EVENT,BF16,generic,generic,none
0.02377600036561489,0.026176000013947487,0.024596800189465286,0.02454400062561035,0.0005615316541968198,20,0.03510399907827377,0.038176000118255615,0.0365520004183054,0.036448001861572266,0.0008552368229488059,20,0.08185599744319916,0.09628800302743912,0.08423039950430393,0.08315199986100197,0.0030581461942231288,20,0.7981119751930237,0.8099520206451416,0.801307201385498,0.8006079792976379,0.0030691607389599085,12320,128,16,8,standard_fused_topk,logit_topk,softmax_renorm,True,prefill_hot,ffn_like_prefix_20x,8,2048,768,True,1,"{""moe_gating_linear"":{""dimension_source"":""routed_mlp_hidden_dim"",""effective_ffn_width"":768,""expert_parallel_mode"":""on"",""layer_kind"":""routed"",""operator_family_id"":""moe"",""operator_family_ids"":[""moe""],""profile_id"":""generic"",""selected_expert_parallel_size"":null,""selected_padded_ffn_width"":768,""selected_tensor_parallel_size"":1,""tensor_parallel_mode"":""moe_tp"",""tensor_parallel_sizes"":[1]},""moe_gating_routing_topk"":{""dimension_source"":""routed_mlp_hidden_dim"",""effective_ffn_width"":768,""expert_parallel_mode"":""on"",""layer_kind"":""routed"",""operator_family_id"":""moe"",""operator_family_ids"":[""moe""],""profile_id"":""generic"",""selected_expert_parallel_size"":null,""selected_padded_ffn_width"":768,""selected_tensor_parallel_size"":1,""tensor_parallel_mode"":""moe_tp"",""tensor_parallel_sizes"":[1]},""moe_grouped_gemm"":{""dimension_source"":""routed_mlp_hidden_dim"",""effective_ffn_width"":768,""expert_parallel_mode"":""on"",""layer_kind"":""routed"",""operator_family_id"":""moe"",""operator_family_ids"":[""moe""],""profile_id"":""generic"",""selected_expert_parallel_size"":8,""selected_padded_ffn_width"":768,""selected_tensor_parallel_size"":1,""tensor_parallel_mode"":""moe_tp"",""tensor_parallel_sizes"":[1]},""moe_shuffling"":{""dimension_source"":""routed_mlp_hidden_dim"",""effective_ffn_width"":768,""expert_parallel_mode"":""on"",""layer_kind"":""routed"",""operator_family_id"":""moe"",""operator_family_ids"":[""moe""],""profile_id"":""generic"",""selected_expert_parallel_size"":null,""selected_padded_ffn_width"":768,""selected_tensor_parallel_size"":1,""tensor_parallel_mode"":""moe_tp"",""tensor_parallel_sizes"":[1]}}",12158,0.375,759.875,759.875,1.0,0.8948840269781214,0.036362850493811515,1.058068761309426,3.9990315053764434,0.019010116795525667,uniform,1,vllm_fused,CUDA_EVENT,BF16,generic,generic,none
0.023679999634623528,0.025248000398278236,0.024320000037550926,0.02407999988645315,0.0005205290835570072,20,0.03481600061058998,0.037408001720905304,0.03615840040147304,0.036240000277757645,0.0008152454646284246,20,0.08409599959850311,0.09935999661684036,0.08709920011460781,0.08633600175380707,0.003260346917632238,20,0.5794240236282349,0.5919039845466614,0.583694338798523,0.5828160047531128,0.00316658616065979,12304,128,16,8,standard_fused_topk,logit_topk,softmax_renorm,True,prefill_hot,ffn_like_prefix_20x,8,2048,768,True,1,"{""moe_gating_linear"":{""dimension_source"":""routed_mlp_hidden_dim"",""effective_ffn_width"":768,""expert_parallel_mode"":""on"",""layer_kind"":""routed"",""operator_family_id"":""moe"",""operator_family_ids"":[""moe""],""profile_id"":""generic"",""selected_expert_parallel_size"":null,""selected_padded_ffn_width"":768,""selected_tensor_parallel_size"":1,""tensor_parallel_mode"":""moe_tp"",""tensor_parallel_sizes"":[1]},""moe_gating_routing_topk"":{""dimension_source"":""routed_mlp_hidden_dim"",""effective_ffn_width"":768,""expert_parallel_mode"":""on"",""layer_kind"":""routed"",""operator_family_id"":""moe"",""operator_family_ids"":[""moe""],""profile_id"":""generic"",""selected_expert_parallel_size"":null,""selected_padded_ffn_width"":768,""selected_tensor_parallel_size"":1,""tensor_parallel_mode"":""moe_tp"",""tensor_parallel_sizes"":[1]},""moe_grouped_gemm"":{""dimension_source"":""routed_mlp_hidden_dim"",""effective_ffn_width"":768,""expert_parallel_mode"":""on"",""layer_kind"":""routed"",""operator_family_id"":""moe"",""operator_family_ids"":[""moe""],""profile_id"":""generic"",""selected_expert_parallel_size"":8,""selected_padded_ffn_width"":768,""selected_tensor_parallel_size"":1,""tensor_parallel_mode"":""moe_tp"",""tensor_parallel_sizes"":[1]},""moe_shuffling"":{""dimension_source"":""routed_mlp_hidden_dim"",""effective_ffn_width"":768,""expert_parallel_mode"":""on"",""layer_kind"":""routed"",""operator_family_id"":""moe"",""operator_family_ids"":[""moe""],""profile_id"":""generic"",""selected_expert_parallel_size"":null,""selected_padded_ffn_width"":768,""selected_tensor_parallel_size"":1,""tensor_parallel_mode"":""moe_tp"",""tensor_parallel_sizes"":[1]}}",4504,0.375,281.5,281.5,1.0,0.369449378330373,0.3119113557519706,1.4209591474245116,3.9233565711134095,0.17562166962699832,skewed,0,vllm_fused,CUDA_EVENT,BF16,generic,generic,none
0.02380800060927868,0.025855999439954758,0.024639999866485594,0.0244159996509552,0.0006455755682223281,20,0.03471999987959862,0.03753599897027016,0.036183999851346016,0.036288000643253326,0.0006914426083403252,20,0.08057600259780884,0.10060799866914749,0.08879040069878101,0.08940800279378891,0.0050229403127503205,20,0.8013120293617249,0.8090239763259888,0.803774356842041,0.8029760122299194,0.0023572156205773354,12336,128,16,8,standard_fused_topk,logit_topk,softmax_renorm,True,prefill_hot,ffn_like_prefix_20x,8,2048,768,True,1,"{""moe_gating_linear"":{""dimension_source"":""routed_mlp_hidden_dim"",""effective_ffn_width"":768,""expert_parallel_mode"":""on"",""layer_kind"":""routed"",""operator_family_id"":""moe"",""operator_family_ids"":[""moe""],""profile_id"":""generic"",""selected_expert_parallel_size"":null,""selected_padded_ffn_width"":768,""selected_tensor_parallel_size"":1,""tensor_parallel_mode"":""moe_tp"",""tensor_parallel_sizes"":[1]},""moe_gating_routing_topk"":{""dimension_source"":""routed_mlp_hidden_dim"",""effective_ffn_width"":768,""expert_parallel_mode"":""on"",""layer_kind"":""routed"",""operator_family_id"":""moe"",""operator_family_ids"":[""moe""],""profile_id"":""generic"",""selected_expert_parallel_size"":null,""selected_padded_ffn_width"":768,""selected_tensor_parallel_size"":1,""tensor_parallel_mode"":""moe_tp"",""tensor_parallel_sizes"":[1]},""moe_grouped_gemm"":{""dimension_source"":""routed_mlp_hidden_dim"",""effective_ffn_width"":768,""expert_parallel_mode"":""on"",""layer_kind"":""routed"",""operator_family_id"":""moe"",""operator_family_ids"":[""moe""],""profile_id"":""generic"",""selected_expert_parallel_size"":8,""selected_padded_ffn_width"":768,""selected_tensor_parallel_size"":1,""tensor_parallel_mode"":""moe_tp"",""tensor_parallel_sizes"":[1]},""moe_shuffling"":{""dimension_source"":""routed_mlp_hidden_dim"",""effective_ffn_width"":768,""expert_parallel_mode"":""on"",""layer_kind"":""routed"",""operator_family_id"":""moe"",""operator_family_ids"":[""moe""],""profile_id"":""generic"",""selected_expert_parallel_size"":null,""selected_padded_ffn_width"":768,""selected_tensor_parallel_size"":1,""tensor_parallel_mode"":""moe_tp"",""tensor_parallel_sizes"":[1]}}",12215,0.375,763.4375,763.4375,1.0,0.9273843634875153,0.03389226044278479,1.0518215309046255,3.999167666577791,0.019049324600900475,uniform,0,vllm_fused,CUDA_EVENT,BF16,generic,generic,none
0.023679999634623528,0.025248000398278236,0.024391999933868647,0.024335999973118305,0.00044580883104958886,20,0.035392001271247864,0.037376001477241516,0.036416000500321385,0.03646400012075901,0.0006079998749660653,20,0.08320000022649765,0.09782399982213974,0.08638719990849494,0.08534400165081024,0.003399710850995144,20,0.5767359733581543,0.5863360166549683,0.5797296166419983,0.5792639851570129,0.002599452855065465,12320,128,16,8,standard_fused_topk,logit_topk,softmax_renorm,True,prefill_hot,ffn_like_prefix_20x,8,2048,768,True,1,"{""moe_gating_linear"":{""dimension_source"":""routed_mlp_hidden_dim"",""effective_ffn_width"":768,""expert_parallel_mode"":""on"",""layer_kind"":""routed"",""operator_family_id"":""moe"",""operator_family_ids"":[""moe""],""profile_id"":""generic"",""selected_expert_parallel_size"":null,""selected_padded_ffn_width"":768,""selected_tensor_parallel_size"":1,""tensor_parallel_mode"":""moe_tp"",""tensor_parallel_sizes"":[1]},""moe_gating_routing_topk"":{""dimension_source"":""routed_mlp_hidden_dim"",""effective_ffn_width"":768,""expert_parallel_mode"":""on"",""layer_kind"":""routed"",""operator_family_id"":""moe"",""operator_family_ids"":[""moe""],""profile_id"":""generic"",""selected_expert_parallel_size"":null,""selected_padded_ffn_width"":768,""selected_tensor_parallel_size"":1,""tensor_parallel_mode"":""moe_tp"",""tensor_parallel_sizes"":[1]},""moe_grouped_gemm"":{""dimension_source"":""routed_mlp_hidden_dim"",""effective_ffn_width"":768,""expert_parallel_mode"":""on"",""layer_kind"":""routed"",""operator_family_id"":""moe"",""operator_family_ids"":[""moe""],""profile_id"":""generic"",""selected_expert_parallel_size"":8,""selected_padded_ffn_width"":768,""selected_tensor_parallel_size"":1,""tensor_parallel_mode"":""moe_tp"",""tensor_parallel_sizes"":[1]},""moe_shuffling"":{""dimension_source"":""routed_mlp_hidden_dim"",""effective_ffn_width"":768,""expert_parallel_mode"":""on"",""layer_kind"":""routed"",""operator_family_id"":""moe"",""operator_family_ids"":[""moe""],""profile_id"":""generic"",""selected_expert_parallel_size"":null,""selected_padded_ffn_width"":768,""selected_tensor_parallel_size"":1,""tensor_parallel_mode"":""moe_tp"",""tensor_parallel_sizes"":[1]}}",4519,0.375,282.4375,282.4375,1.0,0.37176366452755033,0.31822145764483317,1.5543261783580438,3.920880429810773,0.17936766983845986,skewed,2,vllm_fused,CUDA_EVENT,BF16,generic,generic,none
0.023679999634623528,0.025631999596953392,0.024361599888652562,0.024240000173449516,0.0004646175037380454,20,0.03542400151491165,0.04073600098490715,0.03749440014362335,0.03735999949276447,0.0013028796190226596,20,0.08012799918651581,0.09494400024414062,0.08370879963040352,0.08323200047016144,0.0028418613644284967,20,2.825984001159668,2.8530240058898926,2.83693265914917,2.8367040157318115,0.008126008324325085,12336,128,16,8,standard_fused_topk,logit_topk,softmax_renorm,True,prefill_hot,ffn_like_prefix_20x,8,2048,768,True,1,"{""moe_gating_linear"":{""dimension_source"":""routed_mlp_hidden_dim"",""effective_ffn_width"":768,""expert_parallel_mode"":""on"",""layer_kind"":""routed"",""operator_family_id"":""moe"",""operator_family_ids"":[""moe""],""profile_id"":""generic"",""selected_expert_parallel_size"":null,""selected_padded_ffn_width"":768,""selected_tensor_parallel_size"":1,""tensor_parallel_mode"":""moe_tp"",""tensor_parallel_sizes"":[1]},""moe_gating_routing_topk"":{""dimension_source"":""routed_mlp_hidden_dim"",""effective_ffn_width"":768,""expert_parallel_mode"":""on"",""layer_kind"":""routed"",""operator_family_id"":""moe"",""operator_family_ids"":[""moe""],""profile_id"":""generic"",""selected_expert_parallel_size"":null,""selected_padded_ffn_width"":768,""selected_tensor_parallel_size"":1,""tensor_parallel_mode"":""moe_tp"",""tensor_parallel_sizes"":[1]},""moe_grouped_gemm"":{""dimension_source"":""routed_mlp_hidden_dim"",""effective_ffn_width"":768,""expert_parallel_mode"":""on"",""layer_kind"":""routed"",""operator_family_id"":""moe"",""operator_family_ids"":[""moe""],""profile_id"":""generic"",""selected_expert_parallel_size"":8,""selected_padded_ffn_width"":768,""selected_tensor_parallel_size"":1,""tensor_parallel_mode"":""moe_tp"",""tensor_parallel_sizes"":[1]},""moe_shuffling"":{""dimension_source"":""routed_mlp_hidden_dim"",""effective_ffn_width"":768,""expert_parallel_mode"":""on"",""layer_kind"":""routed"",""operator_family_id"":""moe"",""operator_family_ids"":[""moe""],""profile_id"":""generic"",""selected_expert_parallel_size"":null,""selected_padded_ffn_width"":768,""selected_tensor_parallel_size"":1,""tensor_parallel_mode"":""moe_tp"",""tensor_parallel_sizes"":[1]}}",81466,0.375,5091.625,5091.625,1.0,0.026906930498612917,0.969487264075374,1.9718655635479831,3.113819317409538,0.4853988166842609,extremely_skewed,1,vllm_fused,CUDA_EVENT,BF16,generic,generic,none
0.023615999147295952,0.025887999683618546,0.02440640013664961,0.024288000538945198,0.0005751193987650877,20,0.034591998904943466,0.03753599897027016,0.03615999985486269,0.03638400137424469,0.0008262570895010084,20,0.08150400221347809,0.09708800166845322,0.08416320011019707,0.08347200229763985,0.0031811271330370807,20,0.7989760041236877,0.8064640164375305,0.8028944134712219,0.802944004535675,0.0018073193496093154,12336,128,16,8,standard_fused_topk,logit_topk,softmax_renorm,True,prefill_hot,ffn_like_prefix_20x,8,2048,768,True,1,"{""moe_gating_linear"":{""dimension_source"":""routed_mlp_hidden_dim"",""effective_ffn_width"":768,""expert_parallel_mode"":""on"",""layer_kind"":""routed"",""operator_family_id"":""moe"",""operator_family_ids"":[""moe""],""profile_id"":""generic"",""selected_expert_parallel_size"":null,""selected_padded_ffn_width"":768,""selected_tensor_parallel_size"":1,""tensor_parallel_mode"":""moe_tp"",""tensor_parallel_sizes"":[1]},""moe_gating_routing_topk"":{""dimension_source"":""routed_mlp_hidden_dim"",""effective_ffn_width"":768,""expert_parallel_mode"":""on"",""layer_kind"":""routed"",""operator_family_id"":""moe"",""operator_family_ids"":[""moe""],""profile_id"":""generic"",""selected_expert_parallel_size"":null,""selected_padded_ffn_width"":768,""selected_tensor_parallel_size"":1,""tensor_parallel_mode"":""moe_tp"",""tensor_parallel_sizes"":[1]},""moe_grouped_gemm"":{""dimension_source"":""routed_mlp_hidden_dim"",""effective_ffn_width"":768,""expert_parallel_mode"":""on"",""layer_kind"":""routed"",""operator_family_id"":""moe"",""operator_family_ids"":[""moe""],""profile_id"":""generic"",""selected_expert_parallel_size"":8,""selected_padded_ffn_width"":768,""selected_tensor_parallel_size"":1,""tensor_parallel_mode"":""moe_tp"",""tensor_parallel_sizes"":[1]},""moe_shuffling"":{""dimension_source"":""routed_mlp_hidden_dim"",""effective_ffn_width"":768,""expert_parallel_mode"":""on"",""layer_kind"":""routed"",""operator_family_id"":""moe"",""operator_family_ids"":[""moe""],""profile_id"":""generic"",""selected_expert_parallel_size"":null,""selected_padded_ffn_width"":768,""selected_tensor_parallel_size"":1,""tensor_parallel_mode"":""moe_tp"",""tensor_parallel_sizes"":[1]}}",12177,0.375,761.0625,761.0625,1.0,0.8974295803564096,0.035991474315304674,1.0577317894391065,3.9990521365761458,0.01893426131231002,uniform,1,vllm_fused,CUDA_EVENT,BF16,generic,generic,none
0.02332800067961216,0.02521600015461445,0.024129599891602994,0.023984000086784363,0.0004782340291586681,20,0.03481600061058998,0.03651199862360954,0.035616000182926655,0.035599999129772186,0.0004915933366644422,20,0.08089599758386612,0.0963520035147667,0.08656480014324189,0.08692799881100655,0.004209737374983671,20,0.8070080280303955,0.8248000144958496,0.8177488446235657,0.8194559812545776,0.00535779120400548,12304,128,16,8,standard_fused_topk,logit_topk,softmax_renorm,True,prefill_hot,ffn_like_prefix_20x,8,2048,768,True,1,"{""moe_gating_linear"":{""dimension_source"":""routed_mlp_hidden_dim"",""effective_ffn_width"":768,""expert_parallel_mode"":""on"",""layer_kind"":""routed"",""operator_family_id"":""moe"",""operator_family_ids"":[""moe""],""profile_id"":""generic"",""selected_expert_parallel_size"":null,""selected_padded_ffn_width"":768,""selected_tensor_parallel_size"":1,""tensor_parallel_mode"":""moe_tp"",""tensor_parallel_sizes"":[1]},""moe_gating_routing_topk"":{""dimension_source"":""routed_mlp_hidden_dim"",""effective_ffn_width"":768,""expert_parallel_mode"":""on"",""layer_kind"":""routed"",""operator_family_id"":""moe"",""operator_family_ids"":[""moe""],""profile_id"":""generic"",""selected_expert_parallel_size"":null,""selected_padded_ffn_width"":768,""selected_tensor_parallel_size"":1,""tensor_parallel_mode"":""moe_tp"",""tensor_parallel_sizes"":[1]},""moe_grouped_gemm"":{""dimension_source"":""routed_mlp_hidden_dim"",""effective_ffn_width"":768,""expert_parallel_mode"":""on"",""layer_kind"":""routed"",""operator_family_id"":""moe"",""operator_family_ids"":[""moe""],""profile_id"":""generic"",""selected_expert_parallel_size"":8,""selected_padded_ffn_width"":768,""selected_tensor_parallel_size"":1,""tensor_parallel_mode"":""moe_tp"",""tensor_parallel_sizes"":[1]},""moe_shuffling"":{""dimension_source"":""routed_mlp_hidden_dim"",""effective_ffn_width"":768,""expert_parallel_mode"":""on"",""layer_kind"":""routed"",""operator_family_id"":""moe"",""operator_family_ids"":[""moe""],""profile_id"":""generic"",""selected_expert_parallel_size"":null,""selected_padded_ffn_width"":768,""selected_tensor_parallel_size"":1,""tensor_parallel_mode"":""moe_tp"",""tensor_parallel_sizes"":[1]}}",12349,0.375,771.8125,771.8125,1.0,0.947121224390639,0.03977728813458305,1.0948254919426674,3.9988669901257317,0.022000769293060163,uniform,2,vllm_fused,CUDA_EVENT,BF16,generic,generic,none
0.023711999878287315,0.025472000241279602,0.02426239978522062,0.024143999442458153,0.0004305874576418329,20,0.0342399999499321,0.037248000502586365,0.035972800105810165,0.03619199991226196,0.0007216175872780413,20,0.07999999821186066,0.09571199864149094,0.08347360044717789,0.08259200304746628,0.0032720910748439387,20,0.7967680096626282,0.8055359721183777,0.8011487722396851,0.800927996635437,0.0021842257119715214,12288,128,16,8,standard_fused_topk,logit_topk,softmax_renorm,True,prefill_hot,ffn_like_prefix_20x,8,2048,768,True,1,"{""moe_gating_linear"":{""dimension_source"":""routed_mlp_hidden_dim"",""effective_ffn_width"":768,""expert_parallel_mode"":""on"",""layer_kind"":""routed"",""operator_family_id"":""moe"",""operator_family_ids"":[""moe""],""profile_id"":""generic"",""selected_expert_parallel_size"":null,""selected_padded_ffn_width"":768,""selected_tensor_parallel_size"":1,""tensor_parallel_mode"":""moe_tp"",""tensor_parallel_sizes"":[1]},""moe_gating_routing_topk"":{""dimension_source"":""routed_mlp_hidden_dim"",""effective_ffn_width"":768,""expert_parallel_mode"":""on"",""layer_kind"":""routed"",""operator_family_id"":""moe"",""operator_family_ids"":[""moe""],""profile_id"":""generic"",""selected_expert_parallel_size"":null,""selected_padded_ffn_width"":768,""selected_tensor_parallel_size"":1,""tensor_parallel_mode"":""moe_tp"",""tensor_parallel_sizes"":[1]},""moe_grouped_gemm"":{""dimension_source"":""routed_mlp_hidden_dim"",""effective_ffn_width"":768,""expert_parallel_mode"":""on"",""layer_kind"":""routed"",""operator_family_id"":""moe"",""operator_family_ids"":[""moe""],""profile_id"":""generic"",""selected_expert_parallel_size"":8,""selected_padded_ffn_width"":768,""selected_tensor_parallel_size"":1,""tensor_parallel_mode"":""moe_tp"",""tensor_parallel_sizes"":[1]},""moe_shuffling"":{""dimension_source"":""routed_mlp_hidden_dim"",""effective_ffn_width"":768,""expert_parallel_mode"":""on"",""layer_kind"":""routed"",""operator_family_id"":""moe"",""operator_family_ids"":[""moe""],""profile_id"":""generic"",""selected_expert_parallel_size"":null,""selected_padded_ffn_width"":768,""selected_tensor_parallel_size"":1,""tensor_parallel_mode"":""moe_tp"",""tensor_parallel_sizes"":[1]}}",12172,0.375,760.75,760.75,1.0,0.9293460400920145,0.033860935797923784,1.0542228064410122,3.9991698386121186,0.019111485376273496,uniform,0,vllm_fused,CUDA_EVENT,BF16,generic,generic,none
0.02364799939095974,0.025536000728607178,0.02450079992413521,0.024512000381946564,0.0004415856947592814,20,0.03488000109791756,0.03852799907326698,0.03663200009614229,0.036607999354600906,0.0010157603836376049,20,0.08105599880218506,0.09759999811649323,0.08417439982295036,0.0835840031504631,0.003653629977880697,20,0.7995839715003967,0.8114240169525146,0.8043760061264038,0.8033279776573181,0.00304598081856966,12304,128,16,8,standard_fused_topk,logit_topk,softmax_renorm,True,prefill_hot,ffn_like_prefix_20x,8,2048,768,True,1,"{""moe_gating_linear"":{""dimension_source"":""routed_mlp_hidden_dim"",""effective_ffn_width"":768,""expert_parallel_mode"":""on"",""layer_kind"":""routed"",""operator_family_id"":""moe"",""operator_family_ids"":[""moe""],""profile_id"":""generic"",""selected_expert_parallel_size"":null,""selected_padded_ffn_width"":768,""selected_tensor_parallel_size"":1,""tensor_parallel_mode"":""moe_tp"",""tensor_parallel_sizes"":[1]},""moe_gating_routing_topk"":{""dimension_source"":""routed_mlp_hidden_dim"",""effective_ffn_width"":768,""expert_parallel_mode"":""on"",""layer_kind"":""routed"",""operator_family_id"":""moe"",""operator_family_ids"":[""moe""],""profile_id"":""generic"",""selected_expert_parallel_size"":null,""selected_padded_ffn_width"":768,""selected_tensor_parallel_size"":1,""tensor_parallel_mode"":""moe_tp"",""tensor_parallel_sizes"":[1]},""moe_grouped_gemm"":{""dimension_source"":""routed_mlp_hidden_dim"",""effective_ffn_width"":768,""expert_parallel_mode"":""on"",""layer_kind"":""routed"",""operator_family_id"":""moe"",""operator_family_ids"":[""moe""],""profile_id"":""generic"",""selected_expert_parallel_size"":8,""selected_padded_ffn_width"":768,""selected_tensor_parallel_size"":1,""tensor_parallel_mode"":""moe_tp"",""tensor_parallel_sizes"":[1]},""moe_shuffling"":{""dimension_source"":""routed_mlp_hidden_dim"",""effective_ffn_width"":768,""expert_parallel_mode"":""on"",""layer_kind"":""routed"",""operator_family_id"":""moe"",""operator_family_ids"":[""moe""],""profile_id"":""generic"",""selected_expert_parallel_size"":null,""selected_padded_ffn_width"":768,""selected_tensor_parallel_size"":1,""tensor_parallel_mode"":""moe_tp"",""tensor_parallel_sizes"":[1]}}",12188,0.375,761.75,761.75,1.0,0.9281260255989497,0.03416820420105421,1.0528388578930095,3.9991546180688684,0.019291516245487417,uniform,0,vllm_fused,CUDA_EVENT,BF16,generic,generic,none
0.023552000522613525,0.025855999439954758,0.024155199993401766,0.02401600033044815,0.0005285595204017836,20,0.03478400036692619,0.037151999771595,0.0359680000692606,0.03606399893760681,0.0006969832699376394,20,0.0822720006108284,0.09932799637317657,0.08797439970076085,0.08707199990749359,0.004562537585458202,20,0.8019199967384338,0.8510400056838989,0.8116863965988159,0.8090879917144775,0.010760307312011719,12288,128,16,8,standard_fused_topk,logit_topk,softmax_renorm,True,prefill_hot,ffn_like_prefix_20x,8,2048,768,True,1,"{""moe_gating_linear"":{""dimension_source"":""routed_mlp_hidden_dim"",""effective_ffn_width"":768,""expert_parallel_mode"":""on"",""layer_kind"":""routed"",""operator_family_id"":""moe"",""operator_family_ids"":[""moe""],""profile_id"":""generic"",""selected_expert_parallel_size"":null,""selected_padded_ffn_width"":768,""selected_tensor_parallel_size"":1,""tensor_parallel_mode"":""moe_tp"",""tensor_parallel_sizes"":[1]},""moe_gating_routing_topk"":{""dimension_source"":""routed_mlp_hidden_dim"",""effective_ffn_width"":768,""expert_parallel_mode"":""on"",""layer_kind"":""routed"",""operator_family_id"":""moe"",""operator_family_ids"":[""moe""],""profile_id"":""generic"",""selected_expert_parallel_size"":null,""selected_padded_ffn_width"":768,""selected_tensor_parallel_size"":1,""tensor_parallel_mode"":""moe_tp"",""tensor_parallel_sizes"":[1]},""moe_grouped_gemm"":{""dimension_source"":""routed_mlp_hidden_dim"",""effective_ffn_width"":768,""expert_parallel_mode"":""on"",""layer_kind"":""routed"",""operator_family_id"":""moe"",""operator_family_ids"":[""moe""],""profile_id"":""generic"",""selected_expert_parallel_size"":8,""selected_padded_ffn_width"":768,""selected_tensor_parallel_size"":1,""tensor_parallel_mode"":""moe_tp"",""tensor_parallel_sizes"":[1]},""moe_shuffling"":{""dimension_source"":""routed_mlp_hidden_dim"",""effective_ffn_width"":768,""expert_parallel_mode"":""on"",""layer_kind"":""routed"",""operator_family_id"":""moe"",""operator_family_ids"":[""moe""],""profile_id"":""generic"",""selected_expert_parallel_size"":null,""selected_padded_ffn_width"":768,""selected_tensor_parallel_size"":1,""tensor_parallel_mode"":""moe_tp"",""tensor_parallel_sizes"":[1]}}",12334,0.375,770.875,770.875,1.0,0.9469758391438301,0.039445292865802305,1.0948597373114968,3.998885972253666,0.021789362737149265,uniform,2,vllm_fused,CUDA_EVENT,BF16,generic,generic,none
0.023584000766277313,0.02505600079894066,0.024100800137966873,0.02404800057411194,0.0003556572755319228,20,0.03516799956560135,0.03759999945759773,0.03643999993801117,0.036559998989105225,0.000634607035774309,20,0.08323200047016144,0.09923200309276581,0.0856528002768755,0.08462399989366531,0.0033565436876772277,20,0.5732160210609436,0.5863360166549683,0.5771936178207397,0.5767040252685547,0.002895511221140623,12304,128,16,8,standard_fused_topk,logit_topk,softmax_renorm,True,prefill_hot,ffn_like_prefix_20x,8,2048,768,True,1,"{""moe_gating_linear"":{""dimension_source"":""routed_mlp_hidden_dim"",""effective_ffn_width"":768,""expert_parallel_mode"":""on"",""layer_kind"":""routed"",""operator_family_id"":""moe"",""operator_family_ids"":[""moe""],""profile_id"":""generic"",""selected_expert_parallel_size"":null,""selected_padded_ffn_width"":768,""selected_tensor_parallel_size"":1,""tensor_parallel_mode"":""moe_tp"",""tensor_parallel_sizes"":[1]},""moe_gating_routing_topk"":{""dimension_source"":""routed_mlp_hidden_dim"",""effective_ffn_width"":768,""expert_parallel_mode"":""on"",""layer_kind"":""routed"",""operator_family_id"":""moe"",""operator_family_ids"":[""moe""],""profile_id"":""generic"",""selected_expert_parallel_size"":null,""selected_padded_ffn_width"":768,""selected_tensor_parallel_size"":1,""tensor_parallel_mode"":""moe_tp"",""tensor_parallel_sizes"":[1]},""moe_grouped_gemm"":{""dimension_source"":""routed_mlp_hidden_dim"",""effective_ffn_width"":768,""expert_parallel_mode"":""on"",""layer_kind"":""routed"",""operator_family_id"":""moe"",""operator_family_ids"":[""moe""],""profile_id"":""generic"",""selected_expert_parallel_size"":8,""selected_padded_ffn_width"":768,""selected_tensor_parallel_size"":1,""tensor_parallel_mode"":""moe_tp"",""tensor_parallel_sizes"":[1]},""moe_shuffling"":{""dimension_source"":""routed_mlp_hidden_dim"",""effective_ffn_width"":768,""expert_parallel_mode"":""on"",""layer_kind"":""routed"",""operator_family_id"":""moe"",""operator_family_ids"":[""moe""],""profile_id"":""generic"",""selected_expert_parallel_size"":null,""selected_padded_ffn_width"":768,""selected_tensor_parallel_size"":1,""tensor_parallel_mode"":""moe_tp"",""tensor_parallel_sizes"":[1]}}",4494,0.375,280.875,280.875,1.0,0.3773920783266578,0.31647885056988895,1.4170004450378282,3.920686908055059,0.17873831775700944,skewed,1,vllm_fused,CUDA_EVENT,BF16,generic,generic,none
0.02348800003528595,0.025312000885605812,0.0242960000410676,0.02420799992978573,0.0004402619687034345,20,0.034623999148607254,0.03753599897027016,0.03616479989141226,0.03612799942493439,0.0007993129924395631,20,0.08076799660921097,0.09759999811649323,0.08398079983890057,0.08329600095748901,0.0033601884498346743,20,0.8033599853515625,0.8158400058746338,0.8071344494819641,0.8064640164375305,0.003005719743669033,12320,128,16,8,standard_fused_topk,logit_topk,softmax_renorm,True,prefill_hot,ffn_like_prefix_20x,8,2048,768,True,1,"{""moe_gating_linear"":{""dimension_source"":""routed_mlp_hidden_dim"",""effective_ffn_width"":768,""expert_parallel_mode"":""on"",""layer_kind"":""routed"",""operator_family_id"":""moe"",""operator_family_ids"":[""moe""],""profile_id"":""generic"",""selected_expert_parallel_size"":null,""selected_padded_ffn_width"":768,""selected_tensor_parallel_size"":1,""tensor_parallel_mode"":""moe_tp"",""tensor_parallel_sizes"":[1]},""moe_gating_routing_topk"":{""dimension_source"":""routed_mlp_hidden_dim"",""effective_ffn_width"":768,""expert_parallel_mode"":""on"",""layer_kind"":""routed"",""operator_family_id"":""moe"",""operator_family_ids"":[""moe""],""profile_id"":""generic"",""selected_expert_parallel_size"":null,""selected_padded_ffn_width"":768,""selected_tensor_parallel_size"":1,""tensor_parallel_mode"":""moe_tp"",""tensor_parallel_sizes"":[1]},""moe_grouped_gemm"":{""dimension_source"":""routed_mlp_hidden_dim"",""effective_ffn_width"":768,""expert_parallel_mode"":""on"",""layer_kind"":""routed"",""operator_family_id"":""moe"",""operator_family_ids"":[""moe""],""profile_id"":""generic"",""selected_expert_parallel_size"":8,""selected_padded_ffn_width"":768,""selected_tensor_parallel_size"":1,""tensor_parallel_mode"":""moe_tp"",""tensor_parallel_sizes"":[1]},""moe_shuffling"":{""dimension_source"":""routed_mlp_hidden_dim"",""effective_ffn_width"":768,""expert_parallel_mode"":""on"",""layer_kind"":""routed"",""operator_family_id"":""moe"",""operator_family_ids"":[""moe""],""profile_id"":""generic"",""selected_expert_parallel_size"":null,""selected_padded_ffn_width"":768,""selected_tensor_parallel_size"":1,""tensor_parallel_mode"":""moe_tp"",""tensor_parallel_sizes"":[1]}}",12197,0.375,762.3125,762.3125,1.0,0.9274411740591949,0.03401428789865564,1.052061982454702,3.9991620791156963,0.019169672870377852,uniform,0,vllm_fused,CUDA_EVENT,BF16,generic,generic,none
0.02377600036561489,0.025536000728607178,0.024353599920868874,0.024240000173449516,0.00042446479102742037,20,0.03488000109791756,0.037408001720905304,0.03624000009149313,0.036447999998927116,0.0007932187998700686,20,0.08553600311279297,0.09734400361776352,0.08866560086607933,0.08822400122880936,0.00241540931882475,20,2.8387200832366943,2.8720641136169434,2.8465328216552734,2.8442559242248535,0.007710125297307968,12336,128,16,8,standard_fused_topk,logit_topk,softmax_renorm,True,prefill_hot,ffn_like_prefix_20x,8,2048,768,True,1,"{""moe_gating_linear"":{""dimension_source"":""routed_mlp_hidden_dim"",""effective_ffn_width"":768,""expert_parallel_mode"":""on"",""layer_kind"":""routed"",""operator_family_id"":""moe"",""operator_family_ids"":[""moe""],""profile_id"":""generic"",""selected_expert_parallel_size"":null,""selected_padded_ffn_width"":768,""selected_tensor_parallel_size"":1,""tensor_parallel_mode"":""moe_tp"",""tensor_parallel_sizes"":[1]},""moe_gating_routing_topk"":{""dimension_source"":""routed_mlp_hidden_dim"",""effective_ffn_width"":768,""expert_parallel_mode"":""on"",""layer_kind"":""routed"",""operator_family_id"":""moe"",""operator_family_ids"":[""moe""],""profile_id"":""generic"",""selected_expert_parallel_size"":null,""selected_padded_ffn_width"":768,""selected_tensor_parallel_size"":1,""tensor_parallel_mode"":""moe_tp"",""tensor_parallel_sizes"":[1]},""moe_grouped_gemm"":{""dimension_source"":""routed_mlp_hidden_dim"",""effective_ffn_width"":768,""expert_parallel_mode"":""on"",""layer_kind"":""routed"",""operator_family_id"":""moe"",""operator_family_ids"":[""moe""],""profile_id"":""generic"",""selected_expert_parallel_size"":8,""selected_padded_ffn_width"":768,""selected_tensor_parallel_size"":1,""tensor_parallel_mode"":""moe_tp"",""tensor_parallel_sizes"":[1]},""moe_shuffling"":{""dimension_source"":""routed_mlp_hidden_dim"",""effective_ffn_width"":768,""expert_parallel_mode"":""on"",""layer_kind"":""routed"",""operator_family_id"":""moe"",""operator_family_ids"":[""moe""],""profile_id"":""generic"",""selected_expert_parallel_size"":null,""selected_padded_ffn_width"":768,""selected_tensor_parallel_size"":1,""tensor_parallel_mode"":""moe_tp"",""tensor_parallel_sizes"":[1]}}",81627,0.375,5101.6875,5101.6875,1.0,0.025481764612199396,0.9698677898432325,1.973268648853933,3.1126207025488912,0.48577140529481677,extremely_skewed,2,vllm_fused,CUDA_EVENT,BF16,generic,generic,none
0.023552000522613525,0.025536000728607178,0.024248000141233204,0.024096000008285046,0.0005365966962842592,20,0.034623999148607254,0.03673600032925606,0.03571839965879917,0.0358240008354187,0.0006166625704638355,20,0.0799039974808693,0.09583999961614609,0.08302879966795444,0.08235199749469757,0.0034336656661404052,20,0.7952960133552551,0.8045120239257812,0.7998576164245605,0.7996479868888855,0.002515967935323715,12288,128,16,8,standard_fused_topk,logit_topk,softmax_renorm,True,prefill_hot,ffn_like_prefix_20x,8,2048,768,True,1,"{""moe_gating_linear"":{""dimension_source"":""routed_mlp_hidden_dim"",""effective_ffn_width"":768,""expert_parallel_mode"":""on"",""layer_kind"":""routed"",""operator_family_id"":""moe"",""operator_family_ids"":[""moe""],""profile_id"":""generic"",""selected_expert_parallel_size"":null,""selected_padded_ffn_width"":768,""selected_tensor_parallel_size"":1,""tensor_parallel_mode"":""moe_tp"",""tensor_parallel_sizes"":[1]},""moe_gating_routing_topk"":{""dimension_source"":""routed_mlp_hidden_dim"",""effective_ffn_width"":768,""expert_parallel_mode"":""on"",""layer_kind"":""routed"",""operator_family_id"":""moe"",""operator_family_ids"":[""moe""],""profile_id"":""generic"",""selected_expert_parallel_size"":null,""selected_padded_ffn_width"":768,""selected_tensor_parallel_size"":1,""tensor_parallel_mode"":""moe_tp"",""tensor_parallel_sizes"":[1]},""moe_grouped_gemm"":{""dimension_source"":""routed_mlp_hidden_dim"",""effective_ffn_width"":768,""expert_parallel_mode"":""on"",""layer_kind"":""routed"",""operator_family_id"":""moe"",""operator_family_ids"":[""moe""],""profile_id"":""generic"",""selected_expert_parallel_size"":8,""selected_padded_ffn_width"":768,""selected_tensor_parallel_size"":1,""tensor_parallel_mode"":""moe_tp"",""tensor_parallel_sizes"":[1]},""moe_shuffling"":{""dimension_source"":""routed_mlp_hidden_dim"",""effective_ffn_width"":768,""expert_parallel_mode"":""on"",""layer_kind"":""routed"",""operator_family_id"":""moe"",""operator_family_ids"":[""moe""],""profile_id"":""generic"",""selected_expert_parallel_size"":null,""selected_padded_ffn_width"":768,""selected_tensor_parallel_size"":1,""tensor_parallel_mode"":""moe_tp"",""tensor_parallel_sizes"":[1]}}",12128,0.375,758.0,758.0,1.0,0.895778364116095,0.03628867722532787,1.0593667546174141,3.999036044391774,0.01897468667546165,uniform,1,vllm_fused,CUDA_EVENT,BF16,generic,generic,none
0.02364799939095974,0.025631999596953392,0.024297599960118533,0.024288000538945198,0.0004444543732283587,20,0.03526400029659271,0.03830400109291077,0.036931199580430986,0.03691199980676174,0.0008381250077121048,20,0.07977599650621414,0.09558399766683578,0.08433119989931584,0.08390399813652039,0.0029135512760297315,20,2.826688051223755,2.855583906173706,2.838113307952881,2.833791971206665,0.009546532295644283,12320,128,16,8,standard_fused_topk,logit_topk,softmax_renorm,True,prefill_hot,ffn_like_prefix_20x,8,2048,768,True,1,"{""moe_gating_linear"":{""dimension_source"":""routed_mlp_hidden_dim"",""effective_ffn_width"":768,""expert_parallel_mode"":""on"",""layer_kind"":""routed"",""operator_family_id"":""moe"",""operator_family_ids"":[""moe""],""profile_id"":""generic"",""selected_expert_parallel_size"":null,""selected_padded_ffn_width"":768,""selected_tensor_parallel_size"":1,""tensor_parallel_mode"":""moe_tp"",""tensor_parallel_sizes"":[1]},""moe_gating_routing_topk"":{""dimension_source"":""routed_mlp_hidden_dim"",""effective_ffn_width"":768,""expert_parallel_mode"":""on"",""layer_kind"":""routed"",""operator_family_id"":""moe"",""operator_family_ids"":[""moe""],""profile_id"":""generic"",""selected_expert_parallel_size"":null,""selected_padded_ffn_width"":768,""selected_tensor_parallel_size"":1,""tensor_parallel_mode"":""moe_tp"",""tensor_parallel_sizes"":[1]},""moe_grouped_gemm"":{""dimension_source"":""routed_mlp_hidden_dim"",""effective_ffn_width"":768,""expert_parallel_mode"":""on"",""layer_kind"":""routed"",""operator_family_id"":""moe"",""operator_family_ids"":[""moe""],""profile_id"":""generic"",""selected_expert_parallel_size"":8,""selected_padded_ffn_width"":768,""selected_tensor_parallel_size"":1,""tensor_parallel_mode"":""moe_tp"",""tensor_parallel_sizes"":[1]},""moe_shuffling"":{""dimension_source"":""routed_mlp_hidden_dim"",""effective_ffn_width"":768,""expert_parallel_mode"":""on"",""layer_kind"":""routed"",""operator_family_id"":""moe"",""operator_family_ids"":[""moe""],""profile_id"":""generic"",""selected_expert_parallel_size"":null,""selected_padded_ffn_width"":768,""selected_tensor_parallel_size"":1,""tensor_parallel_mode"":""moe_tp"",""tensor_parallel_sizes"":[1]}}",80956,0.375,5059.75,5059.75,1.0,0.02628588368990563,0.9702843071670726,1.9757893176540342,3.11144932633814,0.4859290849350264,extremely_skewed,0,vllm_fused,CUDA_EVENT,BF16,generic,generic,none
0.018688000738620758,0.02022399939596653,0.0192480000667274,0.019152000546455383,0.0003947171031198248,20,0.028063999488949776,0.031488001346588135,0.029625600203871727,0.029680000618100166,0.0007066570406066387,20,0.07676800340414047,0.08371199667453766,0.07819679975509644,0.07771199941635132,0.0014801598958863592,20,0.5723839998245239,0.5942400097846985,0.5792592167854309,0.5770879983901978,0.005438339430838823,8320,128,16,8,standard_fused_topk,logit_topk,softmax_renorm,True,prefill_hot,ffn_like_prefix_20x,8,2048,768,True,1,"{""moe_gating_linear"":{""dimension_source"":""routed_mlp_hidden_dim"",""effective_ffn_width"":768,""expert_parallel_mode"":""on"",""layer_kind"":""routed"",""operator_family_id"":""moe"",""operator_family_ids"":[""moe""],""profile_id"":""generic"",""selected_expert_parallel_size"":null,""selected_padded_ffn_width"":768,""selected_tensor_parallel_size"":1,""tensor_parallel_mode"":""moe_tp"",""tensor_parallel_sizes"":[1]},""moe_gating_routing_topk"":{""dimension_source"":""routed_mlp_hidden_dim"",""effective_ffn_width"":768,""expert_parallel_mode"":""on"",""layer_kind"":""routed"",""operator_family_id"":""moe"",""operator_family_ids"":[""moe""],""profile_id"":""generic"",""selected_expert_parallel_size"":null,""selected_padded_ffn_width"":768,""selected_tensor_parallel_size"":1,""tensor_parallel_mode"":""moe_tp"",""tensor_parallel_sizes"":[1]},""moe_grouped_gemm"":{""dimension_source"":""routed_mlp_hidden_dim"",""effective_ffn_width"":768,""expert_parallel_mode"":""on"",""layer_kind"":""routed"",""operator_family_id"":""moe"",""operator_family_ids"":[""moe""],""profile_id"":""generic"",""selected_expert_parallel_size"":8,""selected_padded_ffn_width"":768,""selected_tensor_parallel_size"":1,""tensor_parallel_mode"":""moe_tp"",""tensor_parallel_sizes"":[1]},""moe_shuffling"":{""dimension_source"":""routed_mlp_hidden_dim"",""effective_ffn_width"":768,""expert_parallel_mode"":""on"",""layer_kind"":""routed"",""operator_family_id"":""moe"",""operator_family_ids"":[""moe""],""profile_id"":""generic"",""selected_expert_parallel_size"":null,""selected_padded_ffn_width"":768,""selected_tensor_parallel_size"":1,""tensor_parallel_mode"":""moe_tp"",""tensor_parallel_sizes"":[1]}}",8290,0.375,518.125,518.125,1.0,0.883956574185766,0.04590624140091526,1.0788902291917974,3.998467676152532,0.024623039806996427,uniform,1,vllm_fused,CUDA_EVENT,BF16,generic,generic,none
0.023584000766277313,0.025631999596953392,0.024254400003701448,0.024159999564290047,0.0005705048962691007,20,0.034591998904943466,0.03759999945759773,0.03605759982019663,0.035999998450279236,0.000789797370367699,20,0.07648000121116638,0.09286399930715561,0.07956000007688999,0.07911999896168709,0.0032338347736633275,20,2.826240062713623,2.84550404548645,2.8358051776885986,2.8326079845428467,0.006511229556053877,12288,128,16,8,standard_fused_topk,logit_topk,softmax_renorm,True,prefill_hot,ffn_like_prefix_20x,8,2048,768,True,1,"{""moe_gating_linear"":{""dimension_source"":""routed_mlp_hidden_dim"",""effective_ffn_width"":768,""expert_parallel_mode"":""on"",""layer_kind"":""routed"",""operator_family_id"":""moe"",""operator_family_ids"":[""moe""],""profile_id"":""generic"",""selected_expert_parallel_size"":null,""selected_padded_ffn_width"":768,""selected_tensor_parallel_size"":1,""tensor_parallel_mode"":""moe_tp"",""tensor_parallel_sizes"":[1]},""moe_gating_routing_topk"":{""dimension_source"":""routed_mlp_hidden_dim"",""effective_ffn_width"":768,""expert_parallel_mode"":""on"",""layer_kind"":""routed"",""operator_family_id"":""moe"",""operator_family_ids"":[""moe""],""profile_id"":""generic"",""selected_expert_parallel_size"":null,""selected_padded_ffn_width"":768,""selected_tensor_parallel_size"":1,""tensor_parallel_mode"":""moe_tp"",""tensor_parallel_sizes"":[1]},""moe_grouped_gemm"":{""dimension_source"":""routed_mlp_hidden_dim"",""effective_ffn_width"":768,""expert_parallel_mode"":""on"",""layer_kind"":""routed"",""operator_family_id"":""moe"",""operator_family_ids"":[""moe""],""profile_id"":""generic"",""selected_expert_parallel_size"":8,""selected_padded_ffn_width"":768,""selected_tensor_parallel_size"":1,""tensor_parallel_mode"":""moe_tp"",""tensor_parallel_sizes"":[1]},""moe_shuffling"":{""dimension_source"":""routed_mlp_hidden_dim"",""effective_ffn_width"":768,""expert_parallel_mode"":""on"",""layer_kind"":""routed"",""operator_family_id"":""moe"",""operator_family_ids"":[""moe""],""profile_id"":""generic"",""selected_expert_parallel_size"":null,""selected_padded_ffn_width"":768,""selected_tensor_parallel_size"":1,""tensor_parallel_mode"":""moe_tp"",""tensor_parallel_sizes"":[1]}}",81314,0.375,5082.125,5082.125,1.0,0.025383082863959464,0.9698255216406475,1.9731903485254692,3.112748901414644,0.4857481491502078,extremely_skewed,2,vllm_fused,CUDA_EVENT,BF16,generic,generic,none
0.023423999547958374,0.025248000398278236,0.02415679981932044,0.024111999198794365,0.0004022212312408631,20,0.0350399985909462,0.037696000188589096,0.03649760000407696,0.03657599911093712,0.0007740740349871892,20,0.08348800241947174,0.1042879968881607,0.08891520015895367,0.08648000285029411,0.0051701974744644726,20,0.5791680216789246,0.5867519974708557,0.582904040813446,0.5826560258865356,0.0018507017521187663,12288,128,16,8,standard_fused_topk,logit_topk,softmax_renorm,True,prefill_hot,ffn_like_prefix_20x,8,2048,768,True,1,"{""moe_gating_linear"":{""dimension_source"":""routed_mlp_hidden_dim"",""effective_ffn_width"":768,""expert_parallel_mode"":""on"",""layer_kind"":""routed"",""operator_family_id"":""moe"",""operator_family_ids"":[""moe""],""profile_id"":""generic"",""selected_expert_parallel_size"":null,""selected_padded_ffn_width"":768,""selected_tensor_parallel_size"":1,""tensor_parallel_mode"":""moe_tp"",""tensor_parallel_sizes"":[1]},""moe_gating_routing_topk"":{""dimension_source"":""routed_mlp_hidden_dim"",""effective_ffn_width"":768,""expert_parallel_mode"":""on"",""layer_kind"":""routed"",""operator_family_id"":""moe"",""operator_family_ids"":[""moe""],""profile_id"":""generic"",""selected_expert_parallel_size"":null,""selected_padded_ffn_width"":768,""selected_tensor_parallel_size"":1,""tensor_parallel_mode"":""moe_tp"",""tensor_parallel_sizes"":[1]},""moe_grouped_gemm"":{""dimension_source"":""routed_mlp_hidden_dim"",""effective_ffn_width"":768,""expert_parallel_mode"":""on"",""layer_kind"":""routed"",""operator_family_id"":""moe"",""operator_family_ids"":[""moe""],""profile_id"":""generic"",""selected_expert_parallel_size"":8,""selected_padded_ffn_width"":768,""selected_tensor_parallel_size"":1,""tensor_parallel_mode"":""moe_tp"",""tensor_parallel_sizes"":[1]},""moe_shuffling"":{""dimension_source"":""routed_mlp_hidden_dim"",""effective_ffn_width"":768,""expert_parallel_mode"":""on"",""layer_kind"":""routed"",""operator_family_id"":""moe"",""operator_family_ids"":[""moe""],""profile_id"":""generic"",""selected_expert_parallel_size"":null,""selected_padded_ffn_width"":768,""selected_tensor_parallel_size"":1,""tensor_parallel_mode"":""moe_tp"",""tensor_parallel_sizes"":[1]}}",4498,0.375,281.125,281.125,1.0,0.3699421965317919,0.3112796148751364,1.4157403290351267,3.9236384209141706,0.1751889728768341,skewed,0,vllm_fused,CUDA_EVENT,BF16,generic,generic,none
0.023903999477624893,0.02582399919629097,0.024518399871885775,0.0244159996509552,0.0004512566183240399,20,0.03526400029659271,0.03811199963092804,0.0366415997967124,0.036607999354600906,0.0008731057857858637,20,0.0791039988398552,0.09347199648618698,0.08172960057854653,0.08113599941134453,0.00305125350132141,20,2.837023973464966,2.8639039993286133,2.844646453857422,2.8426880836486816,0.0066408682614564896,12304,128,16,8,standard_fused_topk,logit_topk,softmax_renorm,True,prefill_hot,ffn_like_prefix_20x,8,2048,768,True,1,"{""moe_gating_linear"":{""dimension_source"":""routed_mlp_hidden_dim"",""effective_ffn_width"":768,""expert_parallel_mode"":""on"",""layer_kind"":""routed"",""operator_family_id"":""moe"",""operator_family_ids"":[""moe""],""profile_id"":""generic"",""selected_expert_parallel_size"":null,""selected_padded_ffn_width"":768,""selected_tensor_parallel_size"":1,""tensor_parallel_mode"":""moe_tp"",""tensor_parallel_sizes"":[1]},""moe_gating_routing_topk"":{""dimension_source"":""routed_mlp_hidden_dim"",""effective_ffn_width"":768,""expert_parallel_mode"":""on"",""layer_kind"":""routed"",""operator_family_id"":""moe"",""operator_family_ids"":[""moe""],""profile_id"":""generic"",""selected_expert_parallel_size"":null,""selected_padded_ffn_width"":768,""selected_tensor_parallel_size"":1,""tensor_parallel_mode"":""moe_tp"",""tensor_parallel_sizes"":[1]},""moe_grouped_gemm"":{""dimension_source"":""routed_mlp_hidden_dim"",""effective_ffn_width"":768,""expert_parallel_mode"":""on"",""layer_kind"":""routed"",""operator_family_id"":""moe"",""operator_family_ids"":[""moe""],""profile_id"":""generic"",""selected_expert_parallel_size"":8,""selected_padded_ffn_width"":768,""selected_tensor_parallel_size"":1,""tensor_parallel_mode"":""moe_tp"",""tensor_parallel_sizes"":[1]},""moe_shuffling"":{""dimension_source"":""routed_mlp_hidden_dim"",""effective_ffn_width"":768,""expert_parallel_mode"":""on"",""layer_kind"":""routed"",""operator_family_id"":""moe"",""operator_family_ids"":[""moe""],""profile_id"":""generic"",""selected_expert_parallel_size"":null,""selected_padded_ffn_width"":768,""selected_tensor_parallel_size"":1,""tensor_parallel_mode"":""moe_tp"",""tensor_parallel_sizes"":[1]}}",81420,0.375,5088.75,5088.75,1.0,0.02535003684598379,0.9698648538130071,1.9731761238025056,3.1126306162566957,0.4857728445099485,extremely_skewed,2,vllm_fused,CUDA_EVENT,BF16,generic,generic,none
0.01852799952030182,0.020927999168634415,0.01908319992944598,0.018991999328136444,0.00046342290997564405,20,0.02831999957561493,0.03001599945127964,0.029387199971824884,0.029632000252604485,0.0005485246514275338,20,0.06931199878454208,0.07689599692821503,0.07145599946379662,0.07094400003552437,0.001863515421491212,20,0.572704017162323,0.5890560150146484,0.5813584327697754,0.5834239721298218,0.00542798824608326,8320,128,16,8,standard_fused_topk,logit_topk,softmax_renorm,True,prefill_hot,ffn_like_prefix_20x,8,2048,768,True,1,"{""moe_gating_linear"":{""dimension_source"":""routed_mlp_hidden_dim"",""effective_ffn_width"":768,""expert_parallel_mode"":""on"",""layer_kind"":""routed"",""operator_family_id"":""moe"",""operator_family_ids"":[""moe""],""profile_id"":""generic"",""selected_expert_parallel_size"":null,""selected_padded_ffn_width"":768,""selected_tensor_parallel_size"":1,""tensor_parallel_mode"":""moe_tp"",""tensor_parallel_sizes"":[1]},""moe_gating_routing_topk"":{""dimension_source"":""routed_mlp_hidden_dim"",""effective_ffn_width"":768,""expert_parallel_mode"":""on"",""layer_kind"":""routed"",""operator_family_id"":""moe"",""operator_family_ids"":[""moe""],""profile_id"":""generic"",""selected_expert_parallel_size"":null,""selected_padded_ffn_width"":768,""selected_tensor_parallel_size"":1,""tensor_parallel_mode"":""moe_tp"",""tensor_parallel_sizes"":[1]},""moe_grouped_gemm"":{""dimension_source"":""routed_mlp_hidden_dim"",""effective_ffn_width"":768,""expert_parallel_mode"":""on"",""layer_kind"":""routed"",""operator_family_id"":""moe"",""operator_family_ids"":[""moe""],""profile_id"":""generic"",""selected_expert_parallel_size"":8,""selected_padded_ffn_width"":768,""selected_tensor_parallel_size"":1,""tensor_parallel_mode"":""moe_tp"",""tensor_parallel_sizes"":[1]},""moe_shuffling"":{""dimension_source"":""routed_mlp_hidden_dim"",""effective_ffn_width"":768,""expert_parallel_mode"":""on"",""layer_kind"":""routed"",""operator_family_id"":""moe"",""operator_family_ids"":[""moe""],""profile_id"":""generic"",""selected_expert_parallel_size"":null,""selected_padded_ffn_width"":768,""selected_tensor_parallel_size"":1,""tensor_parallel_mode"":""moe_tp"",""tensor_parallel_sizes"":[1]}}",8220,0.375,513.75,513.75,1.0,0.9265206812652068,0.039804638926608404,1.0705596107055961,3.998854818832216,0.02270377128953771,uniform,0,vllm_fused,CUDA_EVENT,BF16,generic,generic,none
0.018624000251293182,0.020287999883294106,0.019223999977111817,0.019152000546455383,0.0004526473207454061,20,0.028575999662280083,0.03046399913728237,0.029488000087440014,0.029583999887108803,0.0005280000411654175,20,0.07699199765920639,0.08054400235414505,0.07816479913890362,0.07799999788403511,0.0008520231624512144,20,0.5734080076217651,0.5914880037307739,0.5831664204597473,0.5862079858779907,0.006318975705653429,8304,128,16,8,standard_fused_topk,logit_topk,softmax_renorm,True,prefill_hot,ffn_like_prefix_20x,8,2048,768,True,1,"{""moe_gating_linear"":{""dimension_source"":""routed_mlp_hidden_dim"",""effective_ffn_width"":768,""expert_parallel_mode"":""on"",""layer_kind"":""routed"",""operator_family_id"":""moe"",""operator_family_ids"":[""moe""],""profile_id"":""generic"",""selected_expert_parallel_size"":null,""selected_padded_ffn_width"":768,""selected_tensor_parallel_size"":1,""tensor_parallel_mode"":""moe_tp"",""tensor_parallel_sizes"":[1]},""moe_gating_routing_topk"":{""dimension_source"":""routed_mlp_hidden_dim"",""effective_ffn_width"":768,""expert_parallel_mode"":""on"",""layer_kind"":""routed"",""operator_family_id"":""moe"",""operator_family_ids"":[""moe""],""profile_id"":""generic"",""selected_expert_parallel_size"":null,""selected_padded_ffn_width"":768,""selected_tensor_parallel_size"":1,""tensor_parallel_mode"":""moe_tp"",""tensor_parallel_sizes"":[1]},""moe_grouped_gemm"":{""dimension_source"":""routed_mlp_hidden_dim"",""effective_ffn_width"":768,""expert_parallel_mode"":""on"",""layer_kind"":""routed"",""operator_family_id"":""moe"",""operator_family_ids"":[""moe""],""profile_id"":""generic"",""selected_expert_parallel_size"":8,""selected_padded_ffn_width"":768,""selected_tensor_parallel_size"":1,""tensor_parallel_mode"":""moe_tp"",""tensor_parallel_sizes"":[1]},""moe_shuffling"":{""dimension_source"":""routed_mlp_hidden_dim"",""effective_ffn_width"":768,""expert_parallel_mode"":""on"",""layer_kind"":""routed"",""operator_family_id"":""moe"",""operator_family_ids"":[""moe""],""profile_id"":""generic"",""selected_expert_parallel_size"":null,""selected_padded_ffn_width"":768,""selected_tensor_parallel_size"":1,""tensor_parallel_mode"":""moe_tp"",""tensor_parallel_sizes"":[1]}}",8203,0.375,512.6875,512.6875,1.0,0.9264903084237474,0.03939659073239098,1.070827745946605,3.998878460419412,0.022468913812019986,uniform,0,vllm_fused,CUDA_EVENT,BF16,generic,generic,none
0.023711999878287315,0.025599999353289604,0.02430400000885129,0.02425600029528141,0.0004541857571481805,20,0.03561599925160408,0.03782400116324425,0.03661280032247305,0.036639999598264694,0.0006326196742446933,20,0.08691199868917465,0.09990400075912476,0.08933439999818801,0.08883199840784073,0.002664162729782022,20,0.5774719715118408,0.5829439759254456,0.5797951817512512,0.5797439813613892,0.0013970230938866735,12304,128,16,8,standard_fused_topk,logit_topk,softmax_renorm,True,prefill_hot,ffn_like_prefix_20x,8,2048,768,True,1,"{""moe_gating_linear"":{""dimension_source"":""routed_mlp_hidden_dim"",""effective_ffn_width"":768,""expert_parallel_mode"":""on"",""layer_kind"":""routed"",""operator_family_id"":""moe"",""operator_family_ids"":[""moe""],""profile_id"":""generic"",""selected_expert_parallel_size"":null,""selected_padded_ffn_width"":768,""selected_tensor_parallel_size"":1,""tensor_parallel_mode"":""moe_tp"",""tensor_parallel_sizes"":[1]},""moe_gating_routing_topk"":{""dimension_source"":""routed_mlp_hidden_dim"",""effective_ffn_width"":768,""expert_parallel_mode"":""on"",""layer_kind"":""routed"",""operator_family_id"":""moe"",""operator_family_ids"":[""moe""],""profile_id"":""generic"",""selected_expert_parallel_size"":null,""selected_padded_ffn_width"":768,""selected_tensor_parallel_size"":1,""tensor_parallel_mode"":""moe_tp"",""tensor_parallel_sizes"":[1]},""moe_grouped_gemm"":{""dimension_source"":""routed_mlp_hidden_dim"",""effective_ffn_width"":768,""expert_parallel_mode"":""on"",""layer_kind"":""routed"",""operator_family_id"":""moe"",""operator_family_ids"":[""moe""],""profile_id"":""generic"",""selected_expert_parallel_size"":8,""selected_padded_ffn_width"":768,""selected_tensor_parallel_size"":1,""tensor_parallel_mode"":""moe_tp"",""tensor_parallel_sizes"":[1]},""moe_shuffling"":{""dimension_source"":""routed_mlp_hidden_dim"",""effective_ffn_width"":768,""expert_parallel_mode"":""on"",""layer_kind"":""routed"",""operator_family_id"":""moe"",""operator_family_ids"":[""moe""],""profile_id"":""generic"",""selected_expert_parallel_size"":null,""selected_padded_ffn_width"":768,""selected_tensor_parallel_size"":1,""tensor_parallel_mode"":""moe_tp"",""tensor_parallel_sizes"":[1]}}",4513,0.375,282.0625,282.0625,1.0,0.372257921559938,0.3190793725512773,1.5563926434744073,3.9204942031977543,0.1798277199202305,skewed,2,vllm_fused,CUDA_EVENT,BF16,generic,generic,none
0.02377600036561489,0.02537599951028824,0.024406399857252837,0.024383999407291412,0.0004513134299561862,20,0.03471999987959862,0.03702399879693985,0.036004799604415896,0.03604799881577492,0.0007588300119574086,20,0.07836800068616867,0.09600000083446503,0.0815776001662016,0.07993599772453308,0.004613231686469625,20,2.8399040699005127,2.8607358932495117,2.848996639251709,2.8468799591064453,0.006947369314730167,12320,128,16,8,standard_fused_topk,logit_topk,softmax_renorm,True,prefill_hot,ffn_like_prefix_20x,8,2048,768,True,1,"{""moe_gating_linear"":{""dimension_source"":""routed_mlp_hidden_dim"",""effective_ffn_width"":768,""expert_parallel_mode"":""on"",""layer_kind"":""routed"",""operator_family_id"":""moe"",""operator_family_ids"":[""moe""],""profile_id"":""generic"",""selected_expert_parallel_size"":null,""selected_padded_ffn_width"":768,""selected_tensor_parallel_size"":1,""tensor_parallel_mode"":""moe_tp"",""tensor_parallel_sizes"":[1]},""moe_gating_routing_topk"":{""dimension_source"":""routed_mlp_hidden_dim"",""effective_ffn_width"":768,""expert_parallel_mode"":""on"",""layer_kind"":""routed"",""operator_family_id"":""moe"",""operator_family_ids"":[""moe""],""profile_id"":""generic"",""selected_expert_parallel_size"":null,""selected_padded_ffn_width"":768,""selected_tensor_parallel_size"":1,""tensor_parallel_mode"":""moe_tp"",""tensor_parallel_sizes"":[1]},""moe_grouped_gemm"":{""dimension_source"":""routed_mlp_hidden_dim"",""effective_ffn_width"":768,""expert_parallel_mode"":""on"",""layer_kind"":""routed"",""operator_family_id"":""moe"",""operator_family_ids"":[""moe""],""profile_id"":""generic"",""selected_expert_parallel_size"":8,""selected_padded_ffn_width"":768,""selected_tensor_parallel_size"":1,""tensor_parallel_mode"":""moe_tp"",""tensor_parallel_sizes"":[1]},""moe_shuffling"":{""dimension_source"":""routed_mlp_hidden_dim"",""effective_ffn_width"":768,""expert_parallel_mode"":""on"",""layer_kind"":""routed"",""operator_family_id"":""moe"",""operator_family_ids"":[""moe""],""profile_id"":""generic"",""selected_expert_parallel_size"":null,""selected_padded_ffn_width"":768,""selected_tensor_parallel_size"":1,""tensor_parallel_mode"":""moe_tp"",""tensor_parallel_sizes"":[1]}}",81542,0.375,5096.375,5096.375,1.0,0.025312109097152386,0.9698855386709513,1.9733634200779966,3.112565063072717,0.48579259767972327,extremely_skewed,2,vllm_fused,CUDA_EVENT,BF16,generic,generic,none
0.02364799939095974,0.025439999997615814,0.024347199872136117,0.024335999973118305,0.0004580893098139295,20,0.03497600182890892,0.0379519984126091,0.036633599735796454,0.03670400008559227,0.0007528909301491484,20,0.07715199887752533,0.09238400310277939,0.08011680133640767,0.07937600091099739,0.0030440443167632845,20,2.8262081146240234,2.856031894683838,2.8380000591278076,2.8313279151916504,0.011381133459508419,12320,128,16,8,standard_fused_topk,logit_topk,softmax_renorm,True,prefill_hot,ffn_like_prefix_20x,8,2048,768,True,1,"{""moe_gating_linear"":{""dimension_source"":""routed_mlp_hidden_dim"",""effective_ffn_width"":768,""expert_parallel_mode"":""on"",""layer_kind"":""routed"",""operator_family_id"":""moe"",""operator_family_ids"":[""moe""],""profile_id"":""generic"",""selected_expert_parallel_size"":null,""selected_padded_ffn_width"":768,""selected_tensor_parallel_size"":1,""tensor_parallel_mode"":""moe_tp"",""tensor_parallel_sizes"":[1]},""moe_gating_routing_topk"":{""dimension_source"":""routed_mlp_hidden_dim"",""effective_ffn_width"":768,""expert_parallel_mode"":""on"",""layer_kind"":""routed"",""operator_family_id"":""moe"",""operator_family_ids"":[""moe""],""profile_id"":""generic"",""selected_expert_parallel_size"":null,""selected_padded_ffn_width"":768,""selected_tensor_parallel_size"":1,""tensor_parallel_mode"":""moe_tp"",""tensor_parallel_sizes"":[1]},""moe_grouped_gemm"":{""dimension_source"":""routed_mlp_hidden_dim"",""effective_ffn_width"":768,""expert_parallel_mode"":""on"",""layer_kind"":""routed"",""operator_family_id"":""moe"",""operator_family_ids"":[""moe""],""profile_id"":""generic"",""selected_expert_parallel_size"":8,""selected_padded_ffn_width"":768,""selected_tensor_parallel_size"":1,""tensor_parallel_mode"":""moe_tp"",""tensor_parallel_sizes"":[1]},""moe_shuffling"":{""dimension_source"":""routed_mlp_hidden_dim"",""effective_ffn_width"":768,""expert_parallel_mode"":""on"",""layer_kind"":""routed"",""operator_family_id"":""moe"",""operator_family_ids"":[""moe""],""profile_id"":""generic"",""selected_expert_parallel_size"":null,""selected_padded_ffn_width"":768,""selected_tensor_parallel_size"":1,""tensor_parallel_mode"":""moe_tp"",""tensor_parallel_sizes"":[1]}}",81367,0.375,5085.4375,5085.4375,1.0,0.026939668415942582,0.9694747259715487,1.971905072080819,3.1138563696575297,0.48539257315619344,extremely_skewed,1,vllm_fused,CUDA_EVENT,BF16,generic,generic,none
0.018688000738620758,0.020800000056624413,0.01935359975323081,0.019279999658465385,0.0004079968869038374,20,0.028575999662280083,0.031488001346588135,0.02989119989797473,0.029983999207615852,0.0006787398474733449,20,0.06588800251483917,0.07353600114583969,0.06847519911825657,0.0682239979505539,0.0016055032995308915,20,1.9305919408798218,1.9465919733047485,1.9362653493881226,1.9346239566802979,0.004837222397327423,8320,128,16,8,standard_fused_topk,logit_topk,softmax_renorm,True,prefill_hot,ffn_like_prefix_20x,8,2048,768,True,1,"{""moe_gating_linear"":{""dimension_source"":""routed_mlp_hidden_dim"",""effective_ffn_width"":768,""expert_parallel_mode"":""on"",""layer_kind"":""routed"",""operator_family_id"":""moe"",""operator_family_ids"":[""moe""],""profile_id"":""generic"",""selected_expert_parallel_size"":null,""selected_padded_ffn_width"":768,""selected_tensor_parallel_size"":1,""tensor_parallel_mode"":""moe_tp"",""tensor_parallel_sizes"":[1]},""moe_gating_routing_topk"":{""dimension_source"":""routed_mlp_hidden_dim"",""effective_ffn_width"":768,""expert_parallel_mode"":""on"",""layer_kind"":""routed"",""operator_family_id"":""moe"",""operator_family_ids"":[""moe""],""profile_id"":""generic"",""selected_expert_parallel_size"":null,""selected_padded_ffn_width"":768,""selected_tensor_parallel_size"":1,""tensor_parallel_mode"":""moe_tp"",""tensor_parallel_sizes"":[1]},""moe_grouped_gemm"":{""dimension_source"":""routed_mlp_hidden_dim"",""effective_ffn_width"":768,""expert_parallel_mode"":""on"",""layer_kind"":""routed"",""operator_family_id"":""moe"",""operator_family_ids"":[""moe""],""profile_id"":""generic"",""selected_expert_parallel_size"":8,""selected_padded_ffn_width"":768,""selected_tensor_parallel_size"":1,""tensor_parallel_mode"":""moe_tp"",""tensor_parallel_sizes"":[1]},""moe_shuffling"":{""dimension_source"":""routed_mlp_hidden_dim"",""effective_ffn_width"":768,""expert_parallel_mode"":""on"",""layer_kind"":""routed"",""operator_family_id"":""moe"",""operator_family_ids"":[""moe""],""profile_id"":""generic"",""selected_expert_parallel_size"":null,""selected_padded_ffn_width"":768,""selected_tensor_parallel_size"":1,""tensor_parallel_mode"":""moe_tp"",""tensor_parallel_sizes"":[1]}}",54870,0.375,3429.375,3429.375,1.0,0.025952250774558046,0.9689142270652833,1.9741206488062695,3.1155063169211292,0.4854018589393112,extremely_skewed,1,vllm_fused,CUDA_EVENT,BF16,generic,generic,none
0.018751999363303185,0.019840000197291374,0.019137599878013133,0.019152000546455383,0.0003012890951536887,20,0.028543999418616295,0.03161599859595299,0.030201600026339294,0.030352000147104263,0.0007964465300322885,20,0.07622399926185608,0.08211199939250946,0.0779119998216629,0.07782400026917458,0.0012089423266201434,20,0.5739520192146301,0.6024640202522278,0.5850048661231995,0.5798720121383667,0.008662180043756962,8320,128,16,8,standard_fused_topk,logit_topk,softmax_renorm,True,prefill_hot,ffn_like_prefix_20x,8,2048,768,True,1,"{""moe_gating_linear"":{""dimension_source"":""routed_mlp_hidden_dim"",""effective_ffn_width"":768,""expert_parallel_mode"":""on"",""layer_kind"":""routed"",""operator_family_id"":""moe"",""operator_family_ids"":[""moe""],""profile_id"":""generic"",""selected_expert_parallel_size"":null,""selected_padded_ffn_width"":768,""selected_tensor_parallel_size"":1,""tensor_parallel_mode"":""moe_tp"",""tensor_parallel_sizes"":[1]},""moe_gating_routing_topk"":{""dimension_source"":""routed_mlp_hidden_dim"",""effective_ffn_width"":768,""expert_parallel_mode"":""on"",""layer_kind"":""routed"",""operator_family_id"":""moe"",""operator_family_ids"":[""moe""],""profile_id"":""generic"",""selected_expert_parallel_size"":null,""selected_padded_ffn_width"":768,""selected_tensor_parallel_size"":1,""tensor_parallel_mode"":""moe_tp"",""tensor_parallel_sizes"":[1]},""moe_grouped_gemm"":{""dimension_source"":""routed_mlp_hidden_dim"",""effective_ffn_width"":768,""expert_parallel_mode"":""on"",""layer_kind"":""routed"",""operator_family_id"":""moe"",""operator_family_ids"":[""moe""],""profile_id"":""generic"",""selected_expert_parallel_size"":8,""selected_padded_ffn_width"":768,""selected_tensor_parallel_size"":1,""tensor_parallel_mode"":""moe_tp"",""tensor_parallel_sizes"":[1]},""moe_shuffling"":{""dimension_source"":""routed_mlp_hidden_dim"",""effective_ffn_width"":768,""expert_parallel_mode"":""on"",""layer_kind"":""routed"",""operator_family_id"":""moe"",""operator_family_ids"":[""moe""],""profile_id"":""generic"",""selected_expert_parallel_size"":null,""selected_padded_ffn_width"":768,""selected_tensor_parallel_size"":1,""tensor_parallel_mode"":""moe_tp"",""tensor_parallel_sizes"":[1]}}",8261,0.375,516.3125,516.3125,1.0,0.9335431545817697,0.03784669691874253,1.0749303958358551,3.998970854213794,0.02111578501392075,uniform,2,vllm_fused,CUDA_EVENT,BF16,generic,generic,none
0.01881599985063076,0.02054399996995926,0.019222400058060883,0.019039999693632126,0.0004607443834583047,20,0.028255999088287354,0.030400000512599945,0.029428800009191035,0.029600000008940697,0.0006048995010670259,20,0.06646399945020676,0.07337599992752075,0.06874080002307892,0.06843199953436852,0.0013408068699004442,20,1.948256015777588,1.975167989730835,1.9599088430404663,1.9598079919815063,0.008332600817084312,8320,128,16,8,standard_fused_topk,logit_topk,softmax_renorm,True,prefill_hot,ffn_like_prefix_20x,8,2048,768,True,1,"{""moe_gating_linear"":{""dimension_source"":""routed_mlp_hidden_dim"",""effective_ffn_width"":768,""expert_parallel_mode"":""on"",""layer_kind"":""routed"",""operator_family_id"":""moe"",""operator_family_ids"":[""moe""],""profile_id"":""generic"",""selected_expert_parallel_size"":null,""selected_padded_ffn_width"":768,""selected_tensor_parallel_size"":1,""tensor_parallel_mode"":""moe_tp"",""tensor_parallel_sizes"":[1]},""moe_gating_routing_topk"":{""dimension_source"":""routed_mlp_hidden_dim"",""effective_ffn_width"":768,""expert_parallel_mode"":""on"",""layer_kind"":""routed"",""operator_family_id"":""moe"",""operator_family_ids"":[""moe""],""profile_id"":""generic"",""selected_expert_parallel_size"":null,""selected_padded_ffn_width"":768,""selected_tensor_parallel_size"":1,""tensor_parallel_mode"":""moe_tp"",""tensor_parallel_sizes"":[1]},""moe_grouped_gemm"":{""dimension_source"":""routed_mlp_hidden_dim"",""effective_ffn_width"":768,""expert_parallel_mode"":""on"",""layer_kind"":""routed"",""operator_family_id"":""moe"",""operator_family_ids"":[""moe""],""profile_id"":""generic"",""selected_expert_parallel_size"":8,""selected_padded_ffn_width"":768,""selected_tensor_parallel_size"":1,""tensor_parallel_mode"":""moe_tp"",""tensor_parallel_sizes"":[1]},""moe_shuffling"":{""dimension_source"":""routed_mlp_hidden_dim"",""effective_ffn_width"":768,""expert_parallel_mode"":""on"",""layer_kind"":""routed"",""operator_family_id"":""moe"",""operator_family_ids"":[""moe""],""profile_id"":""generic"",""selected_expert_parallel_size"":null,""selected_padded_ffn_width"":768,""selected_tensor_parallel_size"":1,""tensor_parallel_mode"":""moe_tp"",""tensor_parallel_sizes"":[1]}}",55145,0.375,3446.5625,3446.5625,1.0,0.024662254057484814,0.9704859021067609,1.976462054583371,3.1107215042605003,0.4862895548100463,extremely_skewed,2,vllm_fused,CUDA_EVENT,BF16,generic,generic,none
0.018688000738620758,0.02035200037062168,0.019329599943011998,0.019279999658465385,0.00042009974067500934,20,0.028192000463604927,0.03030399978160858,0.029303999803960323,0.029503999277949333,0.0006116835221582019,20,0.0740479975938797,0.07862400263547897,0.07530079931020736,0.07499199733138084,0.0009910336845566966,20,1.947167992591858,1.959488034248352,1.9506880044937134,1.9500160217285156,0.0028348155319690704,8304,128,16,8,standard_fused_topk,logit_topk,softmax_renorm,True,prefill_hot,ffn_like_prefix_20x,8,2048,768,True,1,"{""moe_gating_linear"":{""dimension_source"":""routed_mlp_hidden_dim"",""effective_ffn_width"":768,""expert_parallel_mode"":""on"",""layer_kind"":""routed"",""operator_family_id"":""moe"",""operator_family_ids"":[""moe""],""profile_id"":""generic"",""selected_expert_parallel_size"":null,""selected_padded_ffn_width"":768,""selected_tensor_parallel_size"":1,""tensor_parallel_mode"":""moe_tp"",""tensor_parallel_sizes"":[1]},""moe_gating_routing_topk"":{""dimension_source"":""routed_mlp_hidden_dim"",""effective_ffn_width"":768,""expert_parallel_mode"":""on"",""layer_kind"":""routed"",""operator_family_id"":""moe"",""operator_family_ids"":[""moe""],""profile_id"":""generic"",""selected_expert_parallel_size"":null,""selected_padded_ffn_width"":768,""selected_tensor_parallel_size"":1,""tensor_parallel_mode"":""moe_tp"",""tensor_parallel_sizes"":[1]},""moe_grouped_gemm"":{""dimension_source"":""routed_mlp_hidden_dim"",""effective_ffn_width"":768,""expert_parallel_mode"":""on"",""layer_kind"":""routed"",""operator_family_id"":""moe"",""operator_family_ids"":[""moe""],""profile_id"":""generic"",""selected_expert_parallel_size"":8,""selected_padded_ffn_width"":768,""selected_tensor_parallel_size"":1,""tensor_parallel_mode"":""moe_tp"",""tensor_parallel_sizes"":[1]},""moe_shuffling"":{""dimension_source"":""routed_mlp_hidden_dim"",""effective_ffn_width"":768,""expert_parallel_mode"":""on"",""layer_kind"":""routed"",""operator_family_id"":""moe"",""operator_family_ids"":[""moe""],""profile_id"":""generic"",""selected_expert_parallel_size"":null,""selected_padded_ffn_width"":768,""selected_tensor_parallel_size"":1,""tensor_parallel_mode"":""moe_tp"",""tensor_parallel_sizes"":[1]}}",55045,0.375,3440.3125,3440.3125,1.0,0.02470705786174948,0.9705412672872948,1.9765646289399583,3.110551935502615,0.4863100644926879,extremely_skewed,2,vllm_fused,CUDA_EVENT,BF16,generic,generic,none
0.02364799939095974,0.025472000241279602,0.024433599784970284,0.024447999894618988,0.0004678434577793058,20,0.03510399907827377,0.039264000952243805,0.03706879988312721,0.037151999771595,0.0010423557975182164,20,0.08614400029182434,0.0976639986038208,0.0892767995595932,0.08897599950432777,0.002415329842227879,20,2.8235199451446533,2.844127893447876,2.8342559337615967,2.8338561058044434,0.005305249243974686,12288,128,16,8,standard_fused_topk,logit_topk,softmax_renorm,True,prefill_hot,ffn_like_prefix_20x,8,2048,768,True,1,"{""moe_gating_linear"":{""dimension_source"":""routed_mlp_hidden_dim"",""effective_ffn_width"":768,""expert_parallel_mode"":""on"",""layer_kind"":""routed"",""operator_family_id"":""moe"",""operator_family_ids"":[""moe""],""profile_id"":""generic"",""selected_expert_parallel_size"":null,""selected_padded_ffn_width"":768,""selected_tensor_parallel_size"":1,""tensor_parallel_mode"":""moe_tp"",""tensor_parallel_sizes"":[1]},""moe_gating_routing_topk"":{""dimension_source"":""routed_mlp_hidden_dim"",""effective_ffn_width"":768,""expert_parallel_mode"":""on"",""layer_kind"":""routed"",""operator_family_id"":""moe"",""operator_family_ids"":[""moe""],""profile_id"":""generic"",""selected_expert_parallel_size"":null,""selected_padded_ffn_width"":768,""selected_tensor_parallel_size"":1,""tensor_parallel_mode"":""moe_tp"",""tensor_parallel_sizes"":[1]},""moe_grouped_gemm"":{""dimension_source"":""routed_mlp_hidden_dim"",""effective_ffn_width"":768,""expert_parallel_mode"":""on"",""layer_kind"":""routed"",""operator_family_id"":""moe"",""operator_family_ids"":[""moe""],""profile_id"":""generic"",""selected_expert_parallel_size"":8,""selected_padded_ffn_width"":768,""selected_tensor_parallel_size"":1,""tensor_parallel_mode"":""moe_tp"",""tensor_parallel_sizes"":[1]},""moe_shuffling"":{""dimension_source"":""routed_mlp_hidden_dim"",""effective_ffn_width"":768,""expert_parallel_mode"":""on"",""layer_kind"":""routed"",""operator_family_id"":""moe"",""operator_family_ids"":[""moe""],""profile_id"":""generic"",""selected_expert_parallel_size"":null,""selected_padded_ffn_width"":768,""selected_tensor_parallel_size"":1,""tensor_parallel_mode"":""moe_tp"",""tensor_parallel_sizes"":[1]}}",81140,0.375,5071.25,5071.25,1.0,0.027015035740695095,0.9693893659423528,1.971900419028839,3.1141127043722343,0.48535709884150857,extremely_skewed,1,vllm_fused,CUDA_EVENT,BF16,generic,generic,none
0.023520000278949738,0.025439999997615814,0.024374399986118078,0.024272000417113304,0.0005967893114104766,20,0.03542400151491165,0.03718400001525879,0.03641280047595501,0.036559998989105225,0.0005206173038775354,20,0.08742400258779526,0.10118400305509567,0.08945280015468597,0.08878399804234505,0.002971600015435336,20,0.5749760270118713,0.5826240181922913,0.5777055621147156,0.577888011932373,0.001732298405840993,12288,128,16,8,standard_fused_topk,logit_topk,softmax_renorm,True,prefill_hot,ffn_like_prefix_20x,8,2048,768,True,1,"{""moe_gating_linear"":{""dimension_source"":""routed_mlp_hidden_dim"",""effective_ffn_width"":768,""expert_parallel_mode"":""on"",""layer_kind"":""routed"",""operator_family_id"":""moe"",""operator_family_ids"":[""moe""],""profile_id"":""generic"",""selected_expert_parallel_size"":null,""selected_padded_ffn_width"":768,""selected_tensor_parallel_size"":1,""tensor_parallel_mode"":""moe_tp"",""tensor_parallel_sizes"":[1]},""moe_gating_routing_topk"":{""dimension_source"":""routed_mlp_hidden_dim"",""effective_ffn_width"":768,""expert_parallel_mode"":""on"",""layer_kind"":""routed"",""operator_family_id"":""moe"",""operator_family_ids"":[""moe""],""profile_id"":""generic"",""selected_expert_parallel_size"":null,""selected_padded_ffn_width"":768,""selected_tensor_parallel_size"":1,""tensor_parallel_mode"":""moe_tp"",""tensor_parallel_sizes"":[1]},""moe_grouped_gemm"":{""dimension_source"":""routed_mlp_hidden_dim"",""effective_ffn_width"":768,""expert_parallel_mode"":""on"",""layer_kind"":""routed"",""operator_family_id"":""moe"",""operator_family_ids"":[""moe""],""profile_id"":""generic"",""selected_expert_parallel_size"":8,""selected_padded_ffn_width"":768,""selected_tensor_parallel_size"":1,""tensor_parallel_mode"":""moe_tp"",""tensor_parallel_sizes"":[1]},""moe_shuffling"":{""dimension_source"":""routed_mlp_hidden_dim"",""effective_ffn_width"":768,""expert_parallel_mode"":""on"",""layer_kind"":""routed"",""operator_family_id"":""moe"",""operator_family_ids"":[""moe""],""profile_id"":""generic"",""selected_expert_parallel_size"":null,""selected_padded_ffn_width"":768,""selected_tensor_parallel_size"":1,""tensor_parallel_mode"":""moe_tp"",""tensor_parallel_sizes"":[1]}}",4488,0.375,280.5,280.5,1.0,0.3778966131907308,0.31705763647586016,1.4188948306595366,3.9204619131629257,0.17917223707664887,skewed,1,vllm_fused,CUDA_EVENT,BF16,generic,generic,none
0.018464000895619392,0.02038400061428547,0.019219200126826763,0.019120000302791595,0.0004313952045694539,20,0.02860799990594387,0.031168000772595406,0.02989119999110699,0.030079999938607216,0.0006088333115803748,20,0.0692799985408783,0.07740800082683563,0.07409119941294193,0.07587200030684471,0.0029199592093635926,20,0.5708799958229065,0.590175986289978,0.5805471539497375,0.5839359760284424,0.006877138279378414,8304,128,16,8,standard_fused_topk,logit_topk,softmax_renorm,True,prefill_hot,ffn_like_prefix_20x,8,2048,768,True,1,"{""moe_gating_linear"":{""dimension_source"":""routed_mlp_hidden_dim"",""effective_ffn_width"":768,""expert_parallel_mode"":""on"",""layer_kind"":""routed"",""operator_family_id"":""moe"",""operator_family_ids"":[""moe""],""profile_id"":""generic"",""selected_expert_parallel_size"":null,""selected_padded_ffn_width"":768,""selected_tensor_parallel_size"":1,""tensor_parallel_mode"":""moe_tp"",""tensor_parallel_sizes"":[1]},""moe_gating_routing_topk"":{""dimension_source"":""routed_mlp_hidden_dim"",""effective_ffn_width"":768,""expert_parallel_mode"":""on"",""layer_kind"":""routed"",""operator_family_id"":""moe"",""operator_family_ids"":[""moe""],""profile_id"":""generic"",""selected_expert_parallel_size"":null,""selected_padded_ffn_width"":768,""selected_tensor_parallel_size"":1,""tensor_parallel_mode"":""moe_tp"",""tensor_parallel_sizes"":[1]},""moe_grouped_gemm"":{""dimension_source"":""routed_mlp_hidden_dim"",""effective_ffn_width"":768,""expert_parallel_mode"":""on"",""layer_kind"":""routed"",""operator_family_id"":""moe"",""operator_family_ids"":[""moe""],""profile_id"":""generic"",""selected_expert_parallel_size"":8,""selected_padded_ffn_width"":768,""selected_tensor_parallel_size"":1,""tensor_parallel_mode"":""moe_tp"",""tensor_parallel_sizes"":[1]},""moe_shuffling"":{""dimension_source"":""routed_mlp_hidden_dim"",""effective_ffn_width"":768,""expert_parallel_mode"":""on"",""layer_kind"":""routed"",""operator_family_id"":""moe"",""operator_family_ids"":[""moe""],""profile_id"":""generic"",""selected_expert_parallel_size"":null,""selected_padded_ffn_width"":768,""selected_tensor_parallel_size"":1,""tensor_parallel_mode"":""moe_tp"",""tensor_parallel_sizes"":[1]}}",8276,0.375,517.25,517.25,1.0,0.8835186080231996,0.04584971444943188,1.0807153214113099,3.998471263832616,0.02460427742870963,uniform,1,vllm_fused,CUDA_EVENT,BF16,generic,generic,none
0.018559999763965607,0.0208320003002882,0.019427200127393008,0.019216000102460384,0.0005979720808106636,20,0.028511999174952507,0.03046399913728237,0.029740799870342016,0.029888000339269638,0.0006302781900138914,20,0.07423999905586243,0.081727996468544,0.07601280026137829,0.07568000257015228,0.0015774209284709494,20,1.9236160516738892,1.9434560537338257,1.9296127557754517,1.9264639616012573,0.0063142674043774605,8304,128,16,8,standard_fused_topk,logit_topk,softmax_renorm,True,prefill_hot,ffn_like_prefix_20x,8,2048,768,True,1,"{""moe_gating_linear"":{""dimension_source"":""routed_mlp_hidden_dim"",""effective_ffn_width"":768,""expert_parallel_mode"":""on"",""layer_kind"":""routed"",""operator_family_id"":""moe"",""operator_family_ids"":[""moe""],""profile_id"":""generic"",""selected_expert_parallel_size"":null,""selected_padded_ffn_width"":768,""selected_tensor_parallel_size"":1,""tensor_parallel_mode"":""moe_tp"",""tensor_parallel_sizes"":[1]},""moe_gating_routing_topk"":{""dimension_source"":""routed_mlp_hidden_dim"",""effective_ffn_width"":768,""expert_parallel_mode"":""on"",""layer_kind"":""routed"",""operator_family_id"":""moe"",""operator_family_ids"":[""moe""],""profile_id"":""generic"",""selected_expert_parallel_size"":null,""selected_padded_ffn_width"":768,""selected_tensor_parallel_size"":1,""tensor_parallel_mode"":""moe_tp"",""tensor_parallel_sizes"":[1]},""moe_grouped_gemm"":{""dimension_source"":""routed_mlp_hidden_dim"",""effective_ffn_width"":768,""expert_parallel_mode"":""on"",""layer_kind"":""routed"",""operator_family_id"":""moe"",""operator_family_ids"":[""moe""],""profile_id"":""generic"",""selected_expert_parallel_size"":8,""selected_padded_ffn_width"":768,""selected_tensor_parallel_size"":1,""tensor_parallel_mode"":""moe_tp"",""tensor_parallel_sizes"":[1]},""moe_shuffling"":{""dimension_source"":""routed_mlp_hidden_dim"",""effective_ffn_width"":768,""expert_parallel_mode"":""on"",""layer_kind"":""routed"",""operator_family_id"":""moe"",""operator_family_ids"":[""moe""],""profile_id"":""generic"",""selected_expert_parallel_size"":null,""selected_padded_ffn_width"":768,""selected_tensor_parallel_size"":1,""tensor_parallel_mode"":""moe_tp"",""tensor_parallel_sizes"":[1]}}",54589,0.375,3411.8125,3411.8125,1.0,0.026085841469893203,0.9703661136055939,1.976368865522358,3.1111694445999922,0.48609266518895744,extremely_skewed,0,vllm_fused,CUDA_EVENT,BF16,generic,generic,none
0.023871999233961105,0.025599999353289604,0.02454399988055229,0.0243520000949502,0.0005625085258976907,20,0.03488000109791756,0.03807999938726425,0.03648160044103861,0.0366239994764328,0.0008684606362568028,20,0.07980799674987793,0.09424000233411789,0.08519199974834919,0.08521599695086479,0.0035766475749066462,20,2.8261120319366455,2.858207941055298,2.8354897499084473,2.833888053894043,0.009666039608418941,12304,128,16,8,standard_fused_topk,logit_topk,softmax_renorm,True,prefill_hot,ffn_like_prefix_20x,8,2048,768,True,1,"{""moe_gating_linear"":{""dimension_source"":""routed_mlp_hidden_dim"",""effective_ffn_width"":768,""expert_parallel_mode"":""on"",""layer_kind"":""routed"",""operator_family_id"":""moe"",""operator_family_ids"":[""moe""],""profile_id"":""generic"",""selected_expert_parallel_size"":null,""selected_padded_ffn_width"":768,""selected_tensor_parallel_size"":1,""tensor_parallel_mode"":""moe_tp"",""tensor_parallel_sizes"":[1]},""moe_gating_routing_topk"":{""dimension_source"":""routed_mlp_hidden_dim"",""effective_ffn_width"":768,""expert_parallel_mode"":""on"",""layer_kind"":""routed"",""operator_family_id"":""moe"",""operator_family_ids"":[""moe""],""profile_id"":""generic"",""selected_expert_parallel_size"":null,""selected_padded_ffn_width"":768,""selected_tensor_parallel_size"":1,""tensor_parallel_mode"":""moe_tp"",""tensor_parallel_sizes"":[1]},""moe_grouped_gemm"":{""dimension_source"":""routed_mlp_hidden_dim"",""effective_ffn_width"":768,""expert_parallel_mode"":""on"",""layer_kind"":""routed"",""operator_family_id"":""moe"",""operator_family_ids"":[""moe""],""profile_id"":""generic"",""selected_expert_parallel_size"":8,""selected_padded_ffn_width"":768,""selected_tensor_parallel_size"":1,""tensor_parallel_mode"":""moe_tp"",""tensor_parallel_sizes"":[1]},""moe_shuffling"":{""dimension_source"":""routed_mlp_hidden_dim"",""effective_ffn_width"":768,""expert_parallel_mode"":""on"",""layer_kind"":""routed"",""operator_family_id"":""moe"",""operator_family_ids"":[""moe""],""profile_id"":""generic"",""selected_expert_parallel_size"":null,""selected_padded_ffn_width"":768,""selected_tensor_parallel_size"":1,""tensor_parallel_mode"":""moe_tp"",""tensor_parallel_sizes"":[1]}}",81253,0.375,5078.3125,5078.3125,1.0,0.026977465447429634,0.969431947697107,1.9719148831427762,3.1139849230340415,0.4853797705930858,extremely_skewed,1,vllm_fused,CUDA_EVENT,BF16,generic,generic,none
0.018432000651955605,0.020160000771284103,0.019174400065094233,0.019071999937295914,0.00037408544896403107,20,0.028896000236272812,0.03126399964094162,0.029899200052022935,0.030047999694943428,0.0005132260749852456,20,0.0676800012588501,0.07407999783754349,0.06911840029060841,0.06867200136184692,0.0015818643265863303,20,1.9224319458007812,1.9395840167999268,1.9277245998382568,1.9260480403900146,0.004925094079226255,8304,128,16,8,standard_fused_topk,logit_topk,softmax_renorm,True,prefill_hot,ffn_like_prefix_20x,8,2048,768,True,1,"{""moe_gating_linear"":{""dimension_source"":""routed_mlp_hidden_dim"",""effective_ffn_width"":768,""expert_parallel_mode"":""on"",""layer_kind"":""routed"",""operator_family_id"":""moe"",""operator_family_ids"":[""moe""],""profile_id"":""generic"",""selected_expert_parallel_size"":null,""selected_padded_ffn_width"":768,""selected_tensor_parallel_size"":1,""tensor_parallel_mode"":""moe_tp"",""tensor_parallel_sizes"":[1]},""moe_gating_routing_topk"":{""dimension_source"":""routed_mlp_hidden_dim"",""effective_ffn_width"":768,""expert_parallel_mode"":""on"",""layer_kind"":""routed"",""operator_family_id"":""moe"",""operator_family_ids"":[""moe""],""profile_id"":""generic"",""selected_expert_parallel_size"":null,""selected_padded_ffn_width"":768,""selected_tensor_parallel_size"":1,""tensor_parallel_mode"":""moe_tp"",""tensor_parallel_sizes"":[1]},""moe_grouped_gemm"":{""dimension_source"":""routed_mlp_hidden_dim"",""effective_ffn_width"":768,""expert_parallel_mode"":""on"",""layer_kind"":""routed"",""operator_family_id"":""moe"",""operator_family_ids"":[""moe""],""profile_id"":""generic"",""selected_expert_parallel_size"":8,""selected_padded_ffn_width"":768,""selected_tensor_parallel_size"":1,""tensor_parallel_mode"":""moe_tp"",""tensor_parallel_sizes"":[1]},""moe_shuffling"":{""dimension_source"":""routed_mlp_hidden_dim"",""effective_ffn_width"":768,""expert_parallel_mode"":""on"",""layer_kind"":""routed"",""operator_family_id"":""moe"",""operator_family_ids"":[""moe""],""profile_id"":""generic"",""selected_expert_parallel_size"":null,""selected_padded_ffn_width"":768,""selected_tensor_parallel_size"":1,""tensor_parallel_mode"":""moe_tp"",""tensor_parallel_sizes"":[1]}}",54756,0.375,3422.25,3422.25,1.0,0.026006282416538826,0.9688860877699347,1.9741398202936664,3.1155886152360113,0.4853942946891665,extremely_skewed,1,vllm_fused,CUDA_EVENT,BF16,generic,generic,none
0.023520000278949738,0.025696000084280968,0.0245023999363184,0.024335999973118305,0.0005764529783802586,20,0.035071998834609985,0.03830400109291077,0.03671840000897646,0.03675200045108795,0.000912840431906939,20,0.07740800082683563,0.09433600306510925,0.080443200096488,0.07977600023150444,0.0034262173022774076,20,2.8049919605255127,2.8382720947265625,2.818800210952759,2.817631959915161,0.010299568995833397,12304,128,16,8,standard_fused_topk,logit_topk,softmax_renorm,True,prefill_hot,ffn_like_prefix_20x,8,2048,768,True,1,"{""moe_gating_linear"":{""dimension_source"":""routed_mlp_hidden_dim"",""effective_ffn_width"":768,""expert_parallel_mode"":""on"",""layer_kind"":""routed"",""operator_family_id"":""moe"",""operator_family_ids"":[""moe""],""profile_id"":""generic"",""selected_expert_parallel_size"":null,""selected_padded_ffn_width"":768,""selected_tensor_parallel_size"":1,""tensor_parallel_mode"":""moe_tp"",""tensor_parallel_sizes"":[1]},""moe_gating_routing_topk"":{""dimension_source"":""routed_mlp_hidden_dim"",""effective_ffn_width"":768,""expert_parallel_mode"":""on"",""layer_kind"":""routed"",""operator_family_id"":""moe"",""operator_family_ids"":[""moe""],""profile_id"":""generic"",""selected_expert_parallel_size"":null,""selected_padded_ffn_width"":768,""selected_tensor_parallel_size"":1,""tensor_parallel_mode"":""moe_tp"",""tensor_parallel_sizes"":[1]},""moe_grouped_gemm"":{""dimension_source"":""routed_mlp_hidden_dim"",""effective_ffn_width"":768,""expert_parallel_mode"":""on"",""layer_kind"":""routed"",""operator_family_id"":""moe"",""operator_family_ids"":[""moe""],""profile_id"":""generic"",""selected_expert_parallel_size"":8,""selected_padded_ffn_width"":768,""selected_tensor_parallel_size"":1,""tensor_parallel_mode"":""moe_tp"",""tensor_parallel_sizes"":[1]},""moe_shuffling"":{""dimension_source"":""routed_mlp_hidden_dim"",""effective_ffn_width"":768,""expert_parallel_mode"":""on"",""layer_kind"":""routed"",""operator_family_id"":""moe"",""operator_family_ids"":[""moe""],""profile_id"":""generic"",""selected_expert_parallel_size"":null,""selected_padded_ffn_width"":768,""selected_tensor_parallel_size"":1,""tensor_parallel_mode"":""moe_tp"",""tensor_parallel_sizes"":[1]}}",80840,0.375,5052.5,5052.5,1.0,0.026125680356259277,0.970291225442804,1.9758535378525481,3.1114244723286912,0.485941365660564,extremely_skewed,0,vllm_fused,CUDA_EVENT,BF16,generic,generic,none
0.018592000007629395,0.02035200037062168,0.01919360002502799,0.01918400079011917,0.000408874425311005,20,0.028543999418616295,0.031039999797940254,0.02980319978669286,0.029903999529778957,0.0006391416496519017,20,0.06630399823188782,0.07491199672222137,0.0685871995985508,0.06814399734139442,0.0019671871285356383,20,1.9264639616012573,1.9507839679718018,1.932628870010376,1.9294079542160034,0.006484339013695717,8288,128,16,8,standard_fused_topk,logit_topk,softmax_renorm,True,prefill_hot,ffn_like_prefix_20x,8,2048,768,True,1,"{""moe_gating_linear"":{""dimension_source"":""routed_mlp_hidden_dim"",""effective_ffn_width"":768,""expert_parallel_mode"":""on"",""layer_kind"":""routed"",""operator_family_id"":""moe"",""operator_family_ids"":[""moe""],""profile_id"":""generic"",""selected_expert_parallel_size"":null,""selected_padded_ffn_width"":768,""selected_tensor_parallel_size"":1,""tensor_parallel_mode"":""moe_tp"",""tensor_parallel_sizes"":[1]},""moe_gating_routing_topk"":{""dimension_source"":""routed_mlp_hidden_dim"",""effective_ffn_width"":768,""expert_parallel_mode"":""on"",""layer_kind"":""routed"",""operator_family_id"":""moe"",""operator_family_ids"":[""moe""],""profile_id"":""generic"",""selected_expert_parallel_size"":null,""selected_padded_ffn_width"":768,""selected_tensor_parallel_size"":1,""tensor_parallel_mode"":""moe_tp"",""tensor_parallel_sizes"":[1]},""moe_grouped_gemm"":{""dimension_source"":""routed_mlp_hidden_dim"",""effective_ffn_width"":768,""expert_parallel_mode"":""on"",""layer_kind"":""routed"",""operator_family_id"":""moe"",""operator_family_ids"":[""moe""],""profile_id"":""generic"",""selected_expert_parallel_size"":8,""selected_padded_ffn_width"":768,""selected_tensor_parallel_size"":1,""tensor_parallel_mode"":""moe_tp"",""tensor_parallel_sizes"":[1]},""moe_shuffling"":{""dimension_source"":""routed_mlp_hidden_dim"",""effective_ffn_width"":768,""expert_parallel_mode"":""on"",""layer_kind"":""routed"",""operator_family_id"":""moe"",""operator_family_ids"":[""moe""],""profile_id"":""generic"",""selected_expert_parallel_size"":null,""selected_padded_ffn_width"":768,""selected_tensor_parallel_size"":1,""tensor_parallel_mode"":""moe_tp"",""tensor_parallel_sizes"":[1]}}",54647,0.375,3415.4375,3415.4375,1.0,0.026058155067981773,0.9689338245393229,1.974271231723608,3.115441928803531,0.48541205372664553,extremely_skewed,1,vllm_fused,CUDA_EVENT,BF16,generic,generic,none
0.018559999763965607,0.020287999883294106,0.019214400090277195,0.019168000668287277,0.0003987147252302061,20,0.028672000393271446,0.030719999223947525,0.029977600183337928,0.030208000913262367,0.0006031468468350131,20,0.07366400212049484,0.08124800026416779,0.07668479941785336,0.07553600147366524,0.0025103253533713937,20,0.426144003868103,0.4476799964904785,0.43826398253440857,0.4421440064907074,0.0071116178296506405,8320,128,16,8,standard_fused_topk,logit_topk,softmax_renorm,True,prefill_hot,ffn_like_prefix_20x,8,2048,768,True,1,"{""moe_gating_linear"":{""dimension_source"":""routed_mlp_hidden_dim"",""effective_ffn_width"":768,""expert_parallel_mode"":""on"",""layer_kind"":""routed"",""operator_family_id"":""moe"",""operator_family_ids"":[""moe""],""profile_id"":""generic"",""selected_expert_parallel_size"":null,""selected_padded_ffn_width"":768,""selected_tensor_parallel_size"":1,""tensor_parallel_mode"":""moe_tp"",""tensor_parallel_sizes"":[1]},""moe_gating_routing_topk"":{""dimension_source"":""routed_mlp_hidden_dim"",""effective_ffn_width"":768,""expert_parallel_mode"":""on"",""layer_kind"":""routed"",""operator_family_id"":""moe"",""operator_family_ids"":[""moe""],""profile_id"":""generic"",""selected_expert_parallel_size"":null,""selected_padded_ffn_width"":768,""selected_tensor_parallel_size"":1,""tensor_parallel_mode"":""moe_tp"",""tensor_parallel_sizes"":[1]},""moe_grouped_gemm"":{""dimension_source"":""routed_mlp_hidden_dim"",""effective_ffn_width"":768,""expert_parallel_mode"":""on"",""layer_kind"":""routed"",""operator_family_id"":""moe"",""operator_family_ids"":[""moe""],""profile_id"":""generic"",""selected_expert_parallel_size"":8,""selected_padded_ffn_width"":768,""selected_tensor_parallel_size"":1,""tensor_parallel_mode"":""moe_tp"",""tensor_parallel_sizes"":[1]},""moe_shuffling"":{""dimension_source"":""routed_mlp_hidden_dim"",""effective_ffn_width"":768,""expert_parallel_mode"":""on"",""layer_kind"":""routed"",""operator_family_id"":""moe"",""operator_family_ids"":[""moe""],""profile_id"":""generic"",""selected_expert_parallel_size"":null,""selected_padded_ffn_width"":768,""selected_tensor_parallel_size"":1,""tensor_parallel_mode"":""moe_tp"",""tensor_parallel_sizes"":[1]}}",3000,0.375,187.5,187.5,1.0,0.4053333333333333,0.30164585563574753,1.376,3.9273174311532943,0.16862500000000002,skewed,0,vllm_fused,CUDA_EVENT,BF16,generic,generic,none
0.018688000738620758,0.020735999569296837,0.019225600082427262,0.019152000546455383,0.0004964230780761113,20,0.02879999950528145,0.030559999868273735,0.02982719987630844,0.030031999573111534,0.0006121041568160611,20,0.06915199756622314,0.08038400113582611,0.0760096002370119,0.0764320008456707,0.0028636712633599366,20,0.5734720230102539,0.6058239936828613,0.5830751657485962,0.5800639986991882,0.007580492179840803,8288,128,16,8,standard_fused_topk,logit_topk,softmax_renorm,True,prefill_hot,ffn_like_prefix_20x,8,2048,768,True,1,"{""moe_gating_linear"":{""dimension_source"":""routed_mlp_hidden_dim"",""effective_ffn_width"":768,""expert_parallel_mode"":""on"",""layer_kind"":""routed"",""operator_family_id"":""moe"",""operator_family_ids"":[""moe""],""profile_id"":""generic"",""selected_expert_parallel_size"":null,""selected_padded_ffn_width"":768,""selected_tensor_parallel_size"":1,""tensor_parallel_mode"":""moe_tp"",""tensor_parallel_sizes"":[1]},""moe_gating_routing_topk"":{""dimension_source"":""routed_mlp_hidden_dim"",""effective_ffn_width"":768,""expert_parallel_mode"":""on"",""layer_kind"":""routed"",""operator_family_id"":""moe"",""operator_family_ids"":[""moe""],""profile_id"":""generic"",""selected_expert_parallel_size"":null,""selected_padded_ffn_width"":768,""selected_tensor_parallel_size"":1,""tensor_parallel_mode"":""moe_tp"",""tensor_parallel_sizes"":[1]},""moe_grouped_gemm"":{""dimension_source"":""routed_mlp_hidden_dim"",""effective_ffn_width"":768,""expert_parallel_mode"":""on"",""layer_kind"":""routed"",""operator_family_id"":""moe"",""operator_family_ids"":[""moe""],""profile_id"":""generic"",""selected_expert_parallel_size"":8,""selected_padded_ffn_width"":768,""selected_tensor_parallel_size"":1,""tensor_parallel_mode"":""moe_tp"",""tensor_parallel_sizes"":[1]},""moe_shuffling"":{""dimension_source"":""routed_mlp_hidden_dim"",""effective_ffn_width"":768,""expert_parallel_mode"":""on"",""layer_kind"":""routed"",""operator_family_id"":""moe"",""operator_family_ids"":[""moe""],""profile_id"":""generic"",""selected_expert_parallel_size"":null,""selected_padded_ffn_width"":768,""selected_tensor_parallel_size"":1,""tensor_parallel_mode"":""moe_tp"",""tensor_parallel_sizes"":[1]}}",8187,0.375,511.6875,511.6875,1.0,0.9243923293025528,0.040049920682635236,1.0729204836936608,3.998841469887126,0.02284872358617318,uniform,0,vllm_fused,CUDA_EVENT,BF16,generic,generic,none
0.018912000581622124,0.019840000197291374,0.019398400187492372,0.01937600038945675,0.0002494356853558296,20,0.02908799983561039,0.03219199925661087,0.03063359996303916,0.03062400035560131,0.0008801513402217485,20,0.06803199648857117,0.07929600030183792,0.07403199933469296,0.0756320022046566,0.0034555486833173265,20,1.9384959936141968,1.9570239782333374,1.9484431743621826,1.9486720561981201,0.0057140858843922615,8320,128,16,8,standard_fused_topk,logit_topk,softmax_renorm,True,prefill_hot,ffn_like_prefix_20x,8,2048,768,True,1,"{""moe_gating_linear"":{""dimension_source"":""routed_mlp_hidden_dim"",""effective_ffn_width"":768,""expert_parallel_mode"":""on"",""layer_kind"":""routed"",""operator_family_id"":""moe"",""operator_family_ids"":[""moe""],""profile_id"":""generic"",""selected_expert_parallel_size"":null,""selected_padded_ffn_width"":768,""selected_tensor_parallel_size"":1,""tensor_parallel_mode"":""moe_tp"",""tensor_parallel_sizes"":[1]},""moe_gating_routing_topk"":{""dimension_source"":""routed_mlp_hidden_dim"",""effective_ffn_width"":768,""expert_parallel_mode"":""on"",""layer_kind"":""routed"",""operator_family_id"":""moe"",""operator_family_ids"":[""moe""],""profile_id"":""generic"",""selected_expert_parallel_size"":null,""selected_padded_ffn_width"":768,""selected_tensor_parallel_size"":1,""tensor_parallel_mode"":""moe_tp"",""tensor_parallel_sizes"":[1]},""moe_grouped_gemm"":{""dimension_source"":""routed_mlp_hidden_dim"",""effective_ffn_width"":768,""expert_parallel_mode"":""on"",""layer_kind"":""routed"",""operator_family_id"":""moe"",""operator_family_ids"":[""moe""],""profile_id"":""generic"",""selected_expert_parallel_size"":8,""selected_padded_ffn_width"":768,""selected_tensor_parallel_size"":1,""tensor_parallel_mode"":""moe_tp"",""tensor_parallel_sizes"":[1]},""moe_shuffling"":{""dimension_source"":""routed_mlp_hidden_dim"",""effective_ffn_width"":768,""expert_parallel_mode"":""on"",""layer_kind"":""routed"",""operator_family_id"":""moe"",""operator_family_ids"":[""moe""],""profile_id"":""generic"",""selected_expert_parallel_size"":null,""selected_padded_ffn_width"":768,""selected_tensor_parallel_size"":1,""tensor_parallel_mode"":""moe_tp"",""tensor_parallel_sizes"":[1]}}",54695,0.375,3418.4375,3418.4375,1.0,0.026035286589267757,0.9703503097995202,1.9763415303044154,3.1112216304487053,0.4860761952646495,extremely_skewed,0,vllm_fused,CUDA_EVENT,BF16,generic,generic,none
0.01865600049495697,0.02051199972629547,0.019340800121426582,0.019216000102460384,0.0004352940261626817,20,0.02828799933195114,0.030719999223947525,0.02975680008530617,0.029920000582933426,0.0006350932573150034,20,0.07107199728488922,0.07785599678754807,0.07276959866285324,0.07257600128650665,0.001616252706173426,20,0.4301759898662567,0.438975989818573,0.4344448149204254,0.43356800079345703,0.0025088859256356955,8288,128,16,8,standard_fused_topk,logit_topk,softmax_renorm,True,prefill_hot,ffn_like_prefix_20x,8,2048,768,True,1,"{""moe_gating_linear"":{""dimension_source"":""routed_mlp_hidden_dim"",""effective_ffn_width"":768,""expert_parallel_mode"":""on"",""layer_kind"":""routed"",""operator_family_id"":""moe"",""operator_family_ids"":[""moe""],""profile_id"":""generic"",""selected_expert_parallel_size"":null,""selected_padded_ffn_width"":768,""selected_tensor_parallel_size"":1,""tensor_parallel_mode"":""moe_tp"",""tensor_parallel_sizes"":[1]},""moe_gating_routing_topk"":{""dimension_source"":""routed_mlp_hidden_dim"",""effective_ffn_width"":768,""expert_parallel_mode"":""on"",""layer_kind"":""routed"",""operator_family_id"":""moe"",""operator_family_ids"":[""moe""],""profile_id"":""generic"",""selected_expert_parallel_size"":null,""selected_padded_ffn_width"":768,""selected_tensor_parallel_size"":1,""tensor_parallel_mode"":""moe_tp"",""tensor_parallel_sizes"":[1]},""moe_grouped_gemm"":{""dimension_source"":""routed_mlp_hidden_dim"",""effective_ffn_width"":768,""expert_parallel_mode"":""on"",""layer_kind"":""routed"",""operator_family_id"":""moe"",""operator_family_ids"":[""moe""],""profile_id"":""generic"",""selected_expert_parallel_size"":8,""selected_padded_ffn_width"":768,""selected_tensor_parallel_size"":1,""tensor_parallel_mode"":""moe_tp"",""tensor_parallel_sizes"":[1]},""moe_shuffling"":{""dimension_source"":""routed_mlp_hidden_dim"",""effective_ffn_width"":768,""expert_parallel_mode"":""on"",""layer_kind"":""routed"",""operator_family_id"":""moe"",""operator_family_ids"":[""moe""],""profile_id"":""generic"",""selected_expert_parallel_size"":null,""selected_padded_ffn_width"":768,""selected_tensor_parallel_size"":1,""tensor_parallel_mode"":""moe_tp"",""tensor_parallel_sizes"":[1]}}",3050,0.375,190.625,190.625,1.0,0.39344262295081966,0.32840284383966284,1.5160655737704918,3.9158594808251026,0.18680327868852453,skewed,2,vllm_fused,CUDA_EVENT,BF16,generic,generic,none
0.01865600049495697,0.019936000928282738,0.019211200159043075,0.019168000668287277,0.00032543779514184373,20,0.0289280004799366,0.03139200061559677,0.030382400285452603,0.03057599999010563,0.0006975319640336799,20,0.07135999947786331,0.0769599974155426,0.07376479953527451,0.07392000034451485,0.0012920734051399133,20,0.5729920268058777,0.5812159776687622,0.5764032006263733,0.5758079886436462,0.002240222878754139,8304,128,16,8,standard_fused_topk,logit_topk,softmax_renorm,True,prefill_hot,ffn_like_prefix_20x,8,2048,768,True,1,"{""moe_gating_linear"":{""dimension_source"":""routed_mlp_hidden_dim"",""effective_ffn_width"":768,""expert_parallel_mode"":""on"",""layer_kind"":""routed"",""operator_family_id"":""moe"",""operator_family_ids"":[""moe""],""profile_id"":""generic"",""selected_expert_parallel_size"":null,""selected_padded_ffn_width"":768,""selected_tensor_parallel_size"":1,""tensor_parallel_mode"":""moe_tp"",""tensor_parallel_sizes"":[1]},""moe_gating_routing_topk"":{""dimension_source"":""routed_mlp_hidden_dim"",""effective_ffn_width"":768,""expert_parallel_mode"":""on"",""layer_kind"":""routed"",""operator_family_id"":""moe"",""operator_family_ids"":[""moe""],""profile_id"":""generic"",""selected_expert_parallel_size"":null,""selected_padded_ffn_width"":768,""selected_tensor_parallel_size"":1,""tensor_parallel_mode"":""moe_tp"",""tensor_parallel_sizes"":[1]},""moe_grouped_gemm"":{""dimension_source"":""routed_mlp_hidden_dim"",""effective_ffn_width"":768,""expert_parallel_mode"":""on"",""layer_kind"":""routed"",""operator_family_id"":""moe"",""operator_family_ids"":[""moe""],""profile_id"":""generic"",""selected_expert_parallel_size"":8,""selected_padded_ffn_width"":768,""selected_tensor_parallel_size"":1,""tensor_parallel_mode"":""moe_tp"",""tensor_parallel_sizes"":[1]},""moe_shuffling"":{""dimension_source"":""routed_mlp_hidden_dim"",""effective_ffn_width"":768,""expert_parallel_mode"":""on"",""layer_kind"":""routed"",""operator_family_id"":""moe"",""operator_family_ids"":[""moe""],""profile_id"":""generic"",""selected_expert_parallel_size"":null,""selected_padded_ffn_width"":768,""selected_tensor_parallel_size"":1,""tensor_parallel_mode"":""moe_tp"",""tensor_parallel_sizes"":[1]}}",8248,0.375,515.5,515.5,1.0,0.933074684772066,0.03787084967091103,1.0746847720659554,3.998968855967684,0.021202109602327823,uniform,2,vllm_fused,CUDA_EVENT,BF16,generic,generic,none
0.01849599927663803,0.02022399939596653,0.019068800006061794,0.01905599981546402,0.0003985123581412675,20,0.028063999488949776,0.030208000913262367,0.029422399867326022,0.029743999242782593,0.000675607452795915,20,0.06656000018119812,0.07388799637556076,0.06882879957556724,0.06849600002169609,0.0016209794622855862,20,1.918336033821106,1.9305280447006226,1.9219471216201782,1.921023964881897,0.0032521167304366827,8288,128,16,8,standard_fused_topk,logit_topk,softmax_renorm,True,prefill_hot,ffn_like_prefix_20x,8,2048,768,True,1,"{""moe_gating_linear"":{""dimension_source"":""routed_mlp_hidden_dim"",""effective_ffn_width"":768,""expert_parallel_mode"":""on"",""layer_kind"":""routed"",""operator_family_id"":""moe"",""operator_family_ids"":[""moe""],""profile_id"":""generic"",""selected_expert_parallel_size"":null,""selected_padded_ffn_width"":768,""selected_tensor_parallel_size"":1,""tensor_parallel_mode"":""moe_tp"",""tensor_parallel_sizes"":[1]},""moe_gating_routing_topk"":{""dimension_source"":""routed_mlp_hidden_dim"",""effective_ffn_width"":768,""expert_parallel_mode"":""on"",""layer_kind"":""routed"",""operator_family_id"":""moe"",""operator_family_ids"":[""moe""],""profile_id"":""generic"",""selected_expert_parallel_size"":null,""selected_padded_ffn_width"":768,""selected_tensor_parallel_size"":1,""tensor_parallel_mode"":""moe_tp"",""tensor_parallel_sizes"":[1]},""moe_grouped_gemm"":{""dimension_source"":""routed_mlp_hidden_dim"",""effective_ffn_width"":768,""expert_parallel_mode"":""on"",""layer_kind"":""routed"",""operator_family_id"":""moe"",""operator_family_ids"":[""moe""],""profile_id"":""generic"",""selected_expert_parallel_size"":8,""selected_padded_ffn_width"":768,""selected_tensor_parallel_size"":1,""tensor_parallel_mode"":""moe_tp"",""tensor_parallel_sizes"":[1]},""moe_shuffling"":{""dimension_source"":""routed_mlp_hidden_dim"",""effective_ffn_width"":768,""expert_parallel_mode"":""on"",""layer_kind"":""routed"",""operator_family_id"":""moe"",""operator_family_ids"":[""moe""],""profile_id"":""generic"",""selected_expert_parallel_size"":null,""selected_padded_ffn_width"":768,""selected_tensor_parallel_size"":1,""tensor_parallel_mode"":""moe_tp"",""tensor_parallel_sizes"":[1]}}",54480,0.375,3405.0,3405.0,1.0,0.026138032305433188,0.9703804927772803,1.9765051395007343,3.1111243766378847,0.4861187591776799,extremely_skewed,0,vllm_fused,CUDA_EVENT,BF16,generic,generic,none
0.02364799939095974,0.025119999423623085,0.024297599960118533,0.024224000051617622,0.00034747636701981275,20,0.03468799963593483,0.03907199949026108,0.03668959978967905,0.03675200045108795,0.0010131665418895333,20,0.08323200047016144,0.10108800232410431,0.08595040068030357,0.08537600189447403,0.0036744096954898185,20,0.57532799243927,0.5941439867019653,0.582916796207428,0.5792959928512573,0.006654949393123388,12288,128,16,8,standard_fused_topk,logit_topk,softmax_renorm,True,prefill_hot,ffn_like_prefix_20x,8,2048,768,True,1,"{""moe_gating_linear"":{""dimension_source"":""routed_mlp_hidden_dim"",""effective_ffn_width"":768,""expert_parallel_mode"":""on"",""layer_kind"":""routed"",""operator_family_id"":""moe"",""operator_family_ids"":[""moe""],""profile_id"":""generic"",""selected_expert_parallel_size"":null,""selected_padded_ffn_width"":768,""selected_tensor_parallel_size"":1,""tensor_parallel_mode"":""moe_tp"",""tensor_parallel_sizes"":[1]},""moe_gating_routing_topk"":{""dimension_source"":""routed_mlp_hidden_dim"",""effective_ffn_width"":768,""expert_parallel_mode"":""on"",""layer_kind"":""routed"",""operator_family_id"":""moe"",""operator_family_ids"":[""moe""],""profile_id"":""generic"",""selected_expert_parallel_size"":null,""selected_padded_ffn_width"":768,""selected_tensor_parallel_size"":1,""tensor_parallel_mode"":""moe_tp"",""tensor_parallel_sizes"":[1]},""moe_grouped_gemm"":{""dimension_source"":""routed_mlp_hidden_dim"",""effective_ffn_width"":768,""expert_parallel_mode"":""on"",""layer_kind"":""routed"",""operator_family_id"":""moe"",""operator_family_ids"":[""moe""],""profile_id"":""generic"",""selected_expert_parallel_size"":8,""selected_padded_ffn_width"":768,""selected_tensor_parallel_size"":1,""tensor_parallel_mode"":""moe_tp"",""tensor_parallel_sizes"":[1]},""moe_shuffling"":{""dimension_source"":""routed_mlp_hidden_dim"",""effective_ffn_width"":768,""expert_parallel_mode"":""on"",""layer_kind"":""routed"",""operator_family_id"":""moe"",""operator_family_ids"":[""moe""],""profile_id"":""generic"",""selected_expert_parallel_size"":null,""selected_padded_ffn_width"":768,""selected_tensor_parallel_size"":1,""tensor_parallel_mode"":""moe_tp"",""tensor_parallel_sizes"":[1]}}",4509,0.375,281.8125,281.8125,1.0,0.37258815701929476,0.3186389869337096,1.550676424927922,3.920681085265621,0.17962685739631845,skewed,2,vllm_fused,CUDA_EVENT,BF16,generic,generic,none
0.01897599920630455,0.020800000056624413,0.01960160005837679,0.019487999379634857,0.00043412532604136404,20,0.028960000723600388,0.03187200054526329,0.030456000007689,0.03049599938094616,0.0007597474413011927,20,0.07248000055551529,0.08419200032949448,0.08011839985847473,0.0806719996035099,0.0026094639737673036,20,0.4313279986381531,0.44364801049232483,0.4338304102420807,0.4336319863796234,0.0027099999133497477,8304,128,16,8,standard_fused_topk,logit_topk,softmax_renorm,True,prefill_hot,ffn_like_prefix_20x,8,2048,768,True,1,"{""moe_gating_linear"":{""dimension_source"":""routed_mlp_hidden_dim"",""effective_ffn_width"":768,""expert_parallel_mode"":""on"",""layer_kind"":""routed"",""operator_family_id"":""moe"",""operator_family_ids"":[""moe""],""profile_id"":""generic"",""selected_expert_parallel_size"":null,""selected_padded_ffn_width"":768,""selected_tensor_parallel_size"":1,""tensor_parallel_mode"":""moe_tp"",""tensor_parallel_sizes"":[1]},""moe_gating_routing_topk"":{""dimension_source"":""routed_mlp_hidden_dim"",""effective_ffn_width"":768,""expert_parallel_mode"":""on"",""layer_kind"":""routed"",""operator_family_id"":""moe"",""operator_family_ids"":[""moe""],""profile_id"":""generic"",""selected_expert_parallel_size"":null,""selected_padded_ffn_width"":768,""selected_tensor_parallel_size"":1,""tensor_parallel_mode"":""moe_tp"",""tensor_parallel_sizes"":[1]},""moe_grouped_gemm"":{""dimension_source"":""routed_mlp_hidden_dim"",""effective_ffn_width"":768,""expert_parallel_mode"":""on"",""layer_kind"":""routed"",""operator_family_id"":""moe"",""operator_family_ids"":[""moe""],""profile_id"":""generic"",""selected_expert_parallel_size"":8,""selected_padded_ffn_width"":768,""selected_tensor_parallel_size"":1,""tensor_parallel_mode"":""moe_tp"",""tensor_parallel_sizes"":[1]},""moe_shuffling"":{""dimension_source"":""routed_mlp_hidden_dim"",""effective_ffn_width"":768,""expert_parallel_mode"":""on"",""layer_kind"":""routed"",""operator_family_id"":""moe"",""operator_family_ids"":[""moe""],""profile_id"":""generic"",""selected_expert_parallel_size"":null,""selected_padded_ffn_width"":768,""selected_tensor_parallel_size"":1,""tensor_parallel_mode"":""moe_tp"",""tensor_parallel_sizes"":[1]}}",3059,0.375,191.1875,191.1875,1.0,0.3922850604772802,0.3271981352773322,1.5116050997057862,3.916399086961756,0.18602893102321016,skewed,2,vllm_fused,CUDA_EVENT,BF16,generic,generic,none
0.018592000007629395,0.02054399996995926,0.019328000117093326,0.01919999998062849,0.0005154880889124658,20,0.028575999662280083,0.03049599938094616,0.02968639973551035,0.029839999973773956,0.000569932507743122,20,0.06643199920654297,0.07292799651622772,0.06867199949920177,0.06843199953436852,0.0014408171486989256,20,1.925055980682373,1.9449599981307983,1.9307647943496704,1.9283519983291626,0.005992309655994177,8272,128,16,8,standard_fused_topk,logit_topk,softmax_renorm,True,prefill_hot,ffn_like_prefix_20x,8,2048,768,True,1,"{""moe_gating_linear"":{""dimension_source"":""routed_mlp_hidden_dim"",""effective_ffn_width"":768,""expert_parallel_mode"":""on"",""layer_kind"":""routed"",""operator_family_id"":""moe"",""operator_family_ids"":[""moe""],""profile_id"":""generic"",""selected_expert_parallel_size"":null,""selected_padded_ffn_width"":768,""selected_tensor_parallel_size"":1,""tensor_parallel_mode"":""moe_tp"",""tensor_parallel_sizes"":[1]},""moe_gating_routing_topk"":{""dimension_source"":""routed_mlp_hidden_dim"",""effective_ffn_width"":768,""expert_parallel_mode"":""on"",""layer_kind"":""routed"",""operator_family_id"":""moe"",""operator_family_ids"":[""moe""],""profile_id"":""generic"",""selected_expert_parallel_size"":null,""selected_padded_ffn_width"":768,""selected_tensor_parallel_size"":1,""tensor_parallel_mode"":""moe_tp"",""tensor_parallel_sizes"":[1]},""moe_grouped_gemm"":{""dimension_source"":""routed_mlp_hidden_dim"",""effective_ffn_width"":768,""expert_parallel_mode"":""on"",""layer_kind"":""routed"",""operator_family_id"":""moe"",""operator_family_ids"":[""moe""],""profile_id"":""generic"",""selected_expert_parallel_size"":8,""selected_padded_ffn_width"":768,""selected_tensor_parallel_size"":1,""tensor_parallel_mode"":""moe_tp"",""tensor_parallel_sizes"":[1]},""moe_shuffling"":{""dimension_source"":""routed_mlp_hidden_dim"",""effective_ffn_width"":768,""expert_parallel_mode"":""on"",""layer_kind"":""routed"",""operator_family_id"":""moe"",""operator_family_ids"":[""moe""],""profile_id"":""generic"",""selected_expert_parallel_size"":null,""selected_padded_ffn_width"":768,""selected_tensor_parallel_size"":1,""tensor_parallel_mode"":""moe_tp"",""tensor_parallel_sizes"":[1]}}",54376,0.375,3398.5,3398.5,1.0,0.026188024128291895,0.970323854190913,1.9764602030307488,3.111295690305856,0.4860922097984406,extremely_skewed,0,vllm_fused,CUDA_EVENT,BF16,generic,generic,none
0.018624000251293182,0.020608000457286835,0.019416000042110682,0.019360000267624855,0.0004558035387910983,20,0.02831999957561493,0.030208000913262367,0.02956160008907318,0.029839999973773956,0.0006279343411530374,20,0.07030399888753891,0.07887999713420868,0.07285280041396618,0.07243200019001961,0.0018238672001775543,20,0.42633599042892456,0.4410879909992218,0.4309023916721344,0.4294399917125702,0.003857826814055443,8272,128,16,8,standard_fused_topk,logit_topk,softmax_renorm,True,prefill_hot,ffn_like_prefix_20x,8,2048,768,True,1,"{""moe_gating_linear"":{""dimension_source"":""routed_mlp_hidden_dim"",""effective_ffn_width"":768,""expert_parallel_mode"":""on"",""layer_kind"":""routed"",""operator_family_id"":""moe"",""operator_family_ids"":[""moe""],""profile_id"":""generic"",""selected_expert_parallel_size"":null,""selected_padded_ffn_width"":768,""selected_tensor_parallel_size"":1,""tensor_parallel_mode"":""moe_tp"",""tensor_parallel_sizes"":[1]},""moe_gating_routing_topk"":{""dimension_source"":""routed_mlp_hidden_dim"",""effective_ffn_width"":768,""expert_parallel_mode"":""on"",""layer_kind"":""routed"",""operator_family_id"":""moe"",""operator_family_ids"":[""moe""],""profile_id"":""generic"",""selected_expert_parallel_size"":null,""selected_padded_ffn_width"":768,""selected_tensor_parallel_size"":1,""tensor_parallel_mode"":""moe_tp"",""tensor_parallel_sizes"":[1]},""moe_grouped_gemm"":{""dimension_source"":""routed_mlp_hidden_dim"",""effective_ffn_width"":768,""expert_parallel_mode"":""on"",""layer_kind"":""routed"",""operator_family_id"":""moe"",""operator_family_ids"":[""moe""],""profile_id"":""generic"",""selected_expert_parallel_size"":8,""selected_padded_ffn_width"":768,""selected_tensor_parallel_size"":1,""tensor_parallel_mode"":""moe_tp"",""tensor_parallel_sizes"":[1]},""moe_shuffling"":{""dimension_source"":""routed_mlp_hidden_dim"",""effective_ffn_width"":768,""expert_parallel_mode"":""on"",""layer_kind"":""routed"",""operator_family_id"":""moe"",""operator_family_ids"":[""moe""],""profile_id"":""generic"",""selected_expert_parallel_size"":null,""selected_padded_ffn_width"":768,""selected_tensor_parallel_size"":1,""tensor_parallel_mode"":""moe_tp"",""tensor_parallel_sizes"":[1]}}",3043,0.375,190.1875,190.1875,1.0,0.3890897140979297,0.3246142271896574,1.4985211961879723,3.917490134921364,0.1844191587249424,skewed,1,vllm_fused,CUDA_EVENT,BF16,generic,generic,none
0.018688000738620758,0.02022399939596653,0.01931999986991286,0.019152000546455383,0.00045591568253520434,20,0.02864000014960766,0.030751999467611313,0.02987200003117323,0.030079999938607216,0.0006236716263666209,20,0.06678400188684464,0.07507199794054031,0.06866720095276832,0.06860800087451935,0.0017583774621669059,20,1.9372800588607788,1.960096001625061,1.9486849308013916,1.952288031578064,0.0072822351939976215,8288,128,16,8,standard_fused_topk,logit_topk,softmax_renorm,True,prefill_hot,ffn_like_prefix_20x,8,2048,768,True,1,"{""moe_gating_linear"":{""dimension_source"":""routed_mlp_hidden_dim"",""effective_ffn_width"":768,""expert_parallel_mode"":""on"",""layer_kind"":""routed"",""operator_family_id"":""moe"",""operator_family_ids"":[""moe""],""profile_id"":""generic"",""selected_expert_parallel_size"":null,""selected_padded_ffn_width"":768,""selected_tensor_parallel_size"":1,""tensor_parallel_mode"":""moe_tp"",""tensor_parallel_sizes"":[1]},""moe_gating_routing_topk"":{""dimension_source"":""routed_mlp_hidden_dim"",""effective_ffn_width"":768,""expert_parallel_mode"":""on"",""layer_kind"":""routed"",""operator_family_id"":""moe"",""operator_family_ids"":[""moe""],""profile_id"":""generic"",""selected_expert_parallel_size"":null,""selected_padded_ffn_width"":768,""selected_tensor_parallel_size"":1,""tensor_parallel_mode"":""moe_tp"",""tensor_parallel_sizes"":[1]},""moe_grouped_gemm"":{""dimension_source"":""routed_mlp_hidden_dim"",""effective_ffn_width"":768,""expert_parallel_mode"":""on"",""layer_kind"":""routed"",""operator_family_id"":""moe"",""operator_family_ids"":[""moe""],""profile_id"":""generic"",""selected_expert_parallel_size"":8,""selected_padded_ffn_width"":768,""selected_tensor_parallel_size"":1,""tensor_parallel_mode"":""moe_tp"",""tensor_parallel_sizes"":[1]},""moe_shuffling"":{""dimension_source"":""routed_mlp_hidden_dim"",""effective_ffn_width"":768,""expert_parallel_mode"":""on"",""layer_kind"":""routed"",""operator_family_id"":""moe"",""operator_family_ids"":[""moe""],""profile_id"":""generic"",""selected_expert_parallel_size"":null,""selected_padded_ffn_width"":768,""selected_tensor_parallel_size"":1,""tensor_parallel_mode"":""moe_tp"",""tensor_parallel_sizes"":[1]}}",54943,0.375,3433.9375,3433.9375,1.0,0.0247529257594234,0.9705955987299485,1.9767395300584243,3.1103944322789427,0.48632332599239203,extremely_skewed,2,vllm_fused,CUDA_EVENT,BF16,generic,generic,none
0.02364799939095974,0.02582399919629097,0.024406399950385092,0.024335999973118305,0.0005517656234814428,20,0.03484800085425377,0.03907199949026108,0.03676159996539354,0.036607999354600906,0.0009608846520126567,20,0.07903999835252762,0.09401600062847137,0.08182719945907593,0.08124800026416779,0.0031395883357447424,20,2.79967999458313,2.82588791847229,2.8118975162506104,2.809920072555542,0.008011230267584324,12288,128,16,8,standard_fused_topk,logit_topk,softmax_renorm,True,prefill_hot,ffn_like_prefix_20x,8,2048,768,True,1,"{""moe_gating_linear"":{""dimension_source"":""routed_mlp_hidden_dim"",""effective_ffn_width"":768,""expert_parallel_mode"":""on"",""layer_kind"":""routed"",""operator_family_id"":""moe"",""operator_family_ids"":[""moe""],""profile_id"":""generic"",""selected_expert_parallel_size"":null,""selected_padded_ffn_width"":768,""selected_tensor_parallel_size"":1,""tensor_parallel_mode"":""moe_tp"",""tensor_parallel_sizes"":[1]},""moe_gating_routing_topk"":{""dimension_source"":""routed_mlp_hidden_dim"",""effective_ffn_width"":768,""expert_parallel_mode"":""on"",""layer_kind"":""routed"",""operator_family_id"":""moe"",""operator_family_ids"":[""moe""],""profile_id"":""generic"",""selected_expert_parallel_size"":null,""selected_padded_ffn_width"":768,""selected_tensor_parallel_size"":1,""tensor_parallel_mode"":""moe_tp"",""tensor_parallel_sizes"":[1]},""moe_grouped_gemm"":{""dimension_source"":""routed_mlp_hidden_dim"",""effective_ffn_width"":768,""expert_parallel_mode"":""on"",""layer_kind"":""routed"",""operator_family_id"":""moe"",""operator_family_ids"":[""moe""],""profile_id"":""generic"",""selected_expert_parallel_size"":8,""selected_padded_ffn_width"":768,""selected_tensor_parallel_size"":1,""tensor_parallel_mode"":""moe_tp"",""tensor_parallel_sizes"":[1]},""moe_shuffling"":{""dimension_source"":""routed_mlp_hidden_dim"",""effective_ffn_width"":768,""expert_parallel_mode"":""on"",""layer_kind"":""routed"",""operator_family_id"":""moe"",""operator_family_ids"":[""moe""],""profile_id"":""generic"",""selected_expert_parallel_size"":null,""selected_padded_ffn_width"":768,""selected_tensor_parallel_size"":1,""tensor_parallel_mode"":""moe_tp"",""tensor_parallel_sizes"":[1]}}",80740,0.375,5046.25,5046.25,1.0,0.026158038147138966,0.9703040109217769,1.9759227148872927,3.111385876135283,0.48595336883824625,extremely_skewed,0,vllm_fused,CUDA_EVENT,BF16,generic,generic,none
0.01865600049495697,0.01990400068461895,0.0192480000667274,0.019152000546455383,0.0003203998599418242,20,0.02876799926161766,0.03142400085926056,0.030057600140571593,0.030128000304102898,0.0008031365079207897,20,0.06998399645090103,0.07919999957084656,0.07352639958262444,0.0732479989528656,0.0021256312685602055,20,0.5711359977722168,0.5874879956245422,0.5746015906333923,0.5735999941825867,0.00344065111130476,8288,128,16,8,standard_fused_topk,logit_topk,softmax_renorm,True,prefill_hot,ffn_like_prefix_20x,8,2048,768,True,1,"{""moe_gating_linear"":{""dimension_source"":""routed_mlp_hidden_dim"",""effective_ffn_width"":768,""expert_parallel_mode"":""on"",""layer_kind"":""routed"",""operator_family_id"":""moe"",""operator_family_ids"":[""moe""],""profile_id"":""generic"",""selected_expert_parallel_size"":null,""selected_padded_ffn_width"":768,""selected_tensor_parallel_size"":1,""tensor_parallel_mode"":""moe_tp"",""tensor_parallel_sizes"":[1]},""moe_gating_routing_topk"":{""dimension_source"":""routed_mlp_hidden_dim"",""effective_ffn_width"":768,""expert_parallel_mode"":""on"",""layer_kind"":""routed"",""operator_family_id"":""moe"",""operator_family_ids"":[""moe""],""profile_id"":""generic"",""selected_expert_parallel_size"":null,""selected_padded_ffn_width"":768,""selected_tensor_parallel_size"":1,""tensor_parallel_mode"":""moe_tp"",""tensor_parallel_sizes"":[1]},""moe_grouped_gemm"":{""dimension_source"":""routed_mlp_hidden_dim"",""effective_ffn_width"":768,""expert_parallel_mode"":""on"",""layer_kind"":""routed"",""operator_family_id"":""moe"",""operator_family_ids"":[""moe""],""profile_id"":""generic"",""selected_expert_parallel_size"":8,""selected_padded_ffn_width"":768,""selected_tensor_parallel_size"":1,""tensor_parallel_mode"":""moe_tp"",""tensor_parallel_sizes"":[1]},""moe_shuffling"":{""dimension_source"":""routed_mlp_hidden_dim"",""effective_ffn_width"":768,""expert_parallel_mode"":""on"",""layer_kind"":""routed"",""operator_family_id"":""moe"",""operator_family_ids"":[""moe""],""profile_id"":""generic"",""selected_expert_parallel_size"":null,""selected_padded_ffn_width"":768,""selected_tensor_parallel_size"":1,""tensor_parallel_mode"":""moe_tp"",""tensor_parallel_sizes"":[1]}}",8265,0.375,516.5625,516.5625,1.0,0.8846944948578342,0.045528908131540355,1.0821536600120991,3.998493768833156,0.02434210526315783,uniform,1,vllm_fused,CUDA_EVENT,BF16,generic,generic,none
0.01881599985063076,0.020447999238967896,0.01926400000229478,0.019023999571800232,0.00046724346871659277,20,0.028736000880599022,0.030432000756263733,0.029766400158405305,0.029904000461101532,0.0005276218050648917,20,0.06896000355482101,0.08553600311279297,0.07294399961829186,0.07228799909353256,0.0032258877472275726,20,0.4277440011501312,0.43881601095199585,0.4331856369972229,0.43324801325798035,0.0028611577581614256,8272,128,16,8,standard_fused_topk,logit_topk,softmax_renorm,True,prefill_hot,ffn_like_prefix_20x,8,2048,768,True,1,"{""moe_gating_linear"":{""dimension_source"":""routed_mlp_hidden_dim"",""effective_ffn_width"":768,""expert_parallel_mode"":""on"",""layer_kind"":""routed"",""operator_family_id"":""moe"",""operator_family_ids"":[""moe""],""profile_id"":""generic"",""selected_expert_parallel_size"":null,""selected_padded_ffn_width"":768,""selected_tensor_parallel_size"":1,""tensor_parallel_mode"":""moe_tp"",""tensor_parallel_sizes"":[1]},""moe_gating_routing_topk"":{""dimension_source"":""routed_mlp_hidden_dim"",""effective_ffn_width"":768,""expert_parallel_mode"":""on"",""layer_kind"":""routed"",""operator_family_id"":""moe"",""operator_family_ids"":[""moe""],""profile_id"":""generic"",""selected_expert_parallel_size"":null,""selected_padded_ffn_width"":768,""selected_tensor_parallel_size"":1,""tensor_parallel_mode"":""moe_tp"",""tensor_parallel_sizes"":[1]},""moe_grouped_gemm"":{""dimension_source"":""routed_mlp_hidden_dim"",""effective_ffn_width"":768,""expert_parallel_mode"":""on"",""layer_kind"":""routed"",""operator_family_id"":""moe"",""operator_family_ids"":[""moe""],""profile_id"":""generic"",""selected_expert_parallel_size"":8,""selected_padded_ffn_width"":768,""selected_tensor_parallel_size"":1,""tensor_parallel_mode"":""moe_tp"",""tensor_parallel_sizes"":[1]},""moe_shuffling"":{""dimension_source"":""routed_mlp_hidden_dim"",""effective_ffn_width"":768,""expert_parallel_mode"":""on"",""layer_kind"":""routed"",""operator_family_id"":""moe"",""operator_family_ids"":[""moe""],""profile_id"":""generic"",""selected_expert_parallel_size"":null,""selected_padded_ffn_width"":768,""selected_tensor_parallel_size"":1,""tensor_parallel_mode"":""moe_tp"",""tensor_parallel_sizes"":[1]}}",3042,0.375,190.125,190.125,1.0,0.39447731755424065,0.3274075921236791,1.514792899408284,3.9163621271468703,0.18622616699539773,skewed,2,vllm_fused,CUDA_EVENT,BF16,generic,generic,none
0.018719999119639397,0.02070399932563305,0.01939999982714653,0.019247999414801598,0.0005564574522969825,20,0.028255999088287354,0.033440001308918,0.029836799949407578,0.029904000461101532,0.0010382708499534392,20,0.07132799923419952,0.07980799674987793,0.07773120030760765,0.0788160003721714,0.00248518519982662,20,0.42739200592041016,0.4480319917201996,0.43303197622299194,0.4307839870452881,0.0061271339654922485,8320,128,16,8,standard_fused_topk,logit_topk,softmax_renorm,True,prefill_hot,ffn_like_prefix_20x,8,2048,768,True,1,"{""moe_gating_linear"":{""dimension_source"":""routed_mlp_hidden_dim"",""effective_ffn_width"":768,""expert_parallel_mode"":""on"",""layer_kind"":""routed"",""operator_family_id"":""moe"",""operator_family_ids"":[""moe""],""profile_id"":""generic"",""selected_expert_parallel_size"":null,""selected_padded_ffn_width"":768,""selected_tensor_parallel_size"":1,""tensor_parallel_mode"":""moe_tp"",""tensor_parallel_sizes"":[1]},""moe_gating_routing_topk"":{""dimension_source"":""routed_mlp_hidden_dim"",""effective_ffn_width"":768,""expert_parallel_mode"":""on"",""layer_kind"":""routed"",""operator_family_id"":""moe"",""operator_family_ids"":[""moe""],""profile_id"":""generic"",""selected_expert_parallel_size"":null,""selected_padded_ffn_width"":768,""selected_tensor_parallel_size"":1,""tensor_parallel_mode"":""moe_tp"",""tensor_parallel_sizes"":[1]},""moe_grouped_gemm"":{""dimension_source"":""routed_mlp_hidden_dim"",""effective_ffn_width"":768,""expert_parallel_mode"":""on"",""layer_kind"":""routed"",""operator_family_id"":""moe"",""operator_family_ids"":[""moe""],""profile_id"":""generic"",""selected_expert_parallel_size"":8,""selected_padded_ffn_width"":768,""selected_tensor_parallel_size"":1,""tensor_parallel_mode"":""moe_tp"",""tensor_parallel_sizes"":[1]},""moe_shuffling"":{""dimension_source"":""routed_mlp_hidden_dim"",""effective_ffn_width"":768,""expert_parallel_mode"":""on"",""layer_kind"":""routed"",""operator_family_id"":""moe"",""operator_family_ids"":[""moe""],""profile_id"":""generic"",""selected_expert_parallel_size"":null,""selected_padded_ffn_width"":768,""selected_tensor_parallel_size"":1,""tensor_parallel_mode"":""moe_tp"",""tensor_parallel_sizes"":[1]}}",3051,0.375,190.6875,190.6875,1.0,0.38806948541461816,0.3254337210116196,1.499836119305146,3.917050078957338,0.18495984922976083,skewed,1,vllm_fused,CUDA_EVENT,BF16,generic,generic,none
0.018848000094294548,0.020447999238967896,0.019524799939244986,0.019551999866962433,0.000415787604106207,20,0.028704000636935234,0.03187200054526329,0.03030240023508668,0.03033600002527237,0.0009177070914943126,20,0.07110399752855301,0.07897599786520004,0.07336639948189258,0.07300799712538719,0.0018583733316337595,20,0.42671999335289,0.4472639858722687,0.43721920251846313,0.4390079975128174,0.005779909435659647,8288,128,16,8,standard_fused_topk,logit_topk,softmax_renorm,True,prefill_hot,ffn_like_prefix_20x,8,2048,768,True,1,"{""moe_gating_linear"":{""dimension_source"":""routed_mlp_hidden_dim"",""effective_ffn_width"":768,""expert_parallel_mode"":""on"",""layer_kind"":""routed"",""operator_family_id"":""moe"",""operator_family_ids"":[""moe""],""profile_id"":""generic"",""selected_expert_parallel_size"":null,""selected_padded_ffn_width"":768,""selected_tensor_parallel_size"":1,""tensor_parallel_mode"":""moe_tp"",""tensor_parallel_sizes"":[1]},""moe_gating_routing_topk"":{""dimension_source"":""routed_mlp_hidden_dim"",""effective_ffn_width"":768,""expert_parallel_mode"":""on"",""layer_kind"":""routed"",""operator_family_id"":""moe"",""operator_family_ids"":[""moe""],""profile_id"":""generic"",""selected_expert_parallel_size"":null,""selected_padded_ffn_width"":768,""selected_tensor_parallel_size"":1,""tensor_parallel_mode"":""moe_tp"",""tensor_parallel_sizes"":[1]},""moe_grouped_gemm"":{""dimension_source"":""routed_mlp_hidden_dim"",""effective_ffn_width"":768,""expert_parallel_mode"":""on"",""layer_kind"":""routed"",""operator_family_id"":""moe"",""operator_family_ids"":[""moe""],""profile_id"":""generic"",""selected_expert_parallel_size"":8,""selected_padded_ffn_width"":768,""selected_tensor_parallel_size"":1,""tensor_parallel_mode"":""moe_tp"",""tensor_parallel_sizes"":[1]},""moe_shuffling"":{""dimension_source"":""routed_mlp_hidden_dim"",""effective_ffn_width"":768,""expert_parallel_mode"":""on"",""layer_kind"":""routed"",""operator_family_id"":""moe"",""operator_family_ids"":[""moe""],""profile_id"":""generic"",""selected_expert_parallel_size"":null,""selected_padded_ffn_width"":768,""selected_tensor_parallel_size"":1,""tensor_parallel_mode"":""moe_tp"",""tensor_parallel_sizes"":[1]}}",3044,0.375,190.25,190.25,1.0,0.38896189224704336,0.32436538076710897,1.4980289093298291,3.917588978854436,0.18425591327201052,skewed,1,vllm_fused,CUDA_EVENT,BF16,generic,generic,none
0.01852799952030182,0.01974399946630001,0.01899839974939823,0.01897599920630455,0.0002789878857521942,20,0.02860799990594387,0.030432000756263733,0.02968319980427623,0.029888000339269638,0.0005615430598794172,20,0.07734400033950806,0.08236800134181976,0.07907999940216541,0.07892799749970436,0.0010539557894986595,20,0.4334079921245575,0.45795199275016785,0.4459039568901062,0.4445759952068329,0.007307290565222502,8256,128,16,8,standard_fused_topk,logit_topk,softmax_renorm,True,prefill_hot,ffn_like_prefix_20x,8,2048,768,True,1,"{""moe_gating_linear"":{""dimension_source"":""routed_mlp_hidden_dim"",""effective_ffn_width"":768,""expert_parallel_mode"":""on"",""layer_kind"":""routed"",""operator_family_id"":""moe"",""operator_family_ids"":[""moe""],""profile_id"":""generic"",""selected_expert_parallel_size"":null,""selected_padded_ffn_width"":768,""selected_tensor_parallel_size"":1,""tensor_parallel_mode"":""moe_tp"",""tensor_parallel_sizes"":[1]},""moe_gating_routing_topk"":{""dimension_source"":""routed_mlp_hidden_dim"",""effective_ffn_width"":768,""expert_parallel_mode"":""on"",""layer_kind"":""routed"",""operator_family_id"":""moe"",""operator_family_ids"":[""moe""],""profile_id"":""generic"",""selected_expert_parallel_size"":null,""selected_padded_ffn_width"":768,""selected_tensor_parallel_size"":1,""tensor_parallel_mode"":""moe_tp"",""tensor_parallel_sizes"":[1]},""moe_grouped_gemm"":{""dimension_source"":""routed_mlp_hidden_dim"",""effective_ffn_width"":768,""expert_parallel_mode"":""on"",""layer_kind"":""routed"",""operator_family_id"":""moe"",""operator_family_ids"":[""moe""],""profile_id"":""generic"",""selected_expert_parallel_size"":8,""selected_padded_ffn_width"":768,""selected_tensor_parallel_size"":1,""tensor_parallel_mode"":""moe_tp"",""tensor_parallel_sizes"":[1]},""moe_shuffling"":{""dimension_source"":""routed_mlp_hidden_dim"",""effective_ffn_width"":768,""expert_parallel_mode"":""on"",""layer_kind"":""routed"",""operator_family_id"":""moe"",""operator_family_ids"":[""moe""],""profile_id"":""generic"",""selected_expert_parallel_size"":null,""selected_padded_ffn_width"":768,""selected_tensor_parallel_size"":1,""tensor_parallel_mode"":""moe_tp"",""tensor_parallel_sizes"":[1]}}",3036,0.375,189.75,189.75,1.0,0.3952569169960474,0.32668993106147615,1.517786561264822,3.916749731370083,0.18568840579710155,skewed,2,vllm_fused,CUDA_EVENT,BF16,generic,generic,none
0.018783999606966972,0.02054399996995926,0.019430400058627128,0.019311999902129173,0.00044185494776575546,20,0.028351999819278717,0.03033600002527237,0.029622399993240834,0.029920000582933426,0.0006706346416091813,20,0.0777600035071373,0.08179199695587158,0.07934560030698776,0.07923199981451035,0.0009505381043730379,20,0.4211840033531189,0.44601601362228394,0.4344511926174164,0.43462398648262024,0.006897742860019207,8256,128,16,8,standard_fused_topk,logit_topk,softmax_renorm,True,prefill_hot,ffn_like_prefix_20x,8,2048,768,True,1,"{""moe_gating_linear"":{""dimension_source"":""routed_mlp_hidden_dim"",""effective_ffn_width"":768,""expert_parallel_mode"":""on"",""layer_kind"":""routed"",""operator_family_id"":""moe"",""operator_family_ids"":[""moe""],""profile_id"":""generic"",""selected_expert_parallel_size"":null,""selected_padded_ffn_width"":768,""selected_tensor_parallel_size"":1,""tensor_parallel_mode"":""moe_tp"",""tensor_parallel_sizes"":[1]},""moe_gating_routing_topk"":{""dimension_source"":""routed_mlp_hidden_dim"",""effective_ffn_width"":768,""expert_parallel_mode"":""on"",""layer_kind"":""routed"",""operator_family_id"":""moe"",""operator_family_ids"":[""moe""],""profile_id"":""generic"",""selected_expert_parallel_size"":null,""selected_padded_ffn_width"":768,""selected_tensor_parallel_size"":1,""tensor_parallel_mode"":""moe_tp"",""tensor_parallel_sizes"":[1]},""moe_grouped_gemm"":{""dimension_source"":""routed_mlp_hidden_dim"",""effective_ffn_width"":768,""expert_parallel_mode"":""on"",""layer_kind"":""routed"",""operator_family_id"":""moe"",""operator_family_ids"":[""moe""],""profile_id"":""generic"",""selected_expert_parallel_size"":8,""selected_padded_ffn_width"":768,""selected_tensor_parallel_size"":1,""tensor_parallel_mode"":""moe_tp"",""tensor_parallel_sizes"":[1]},""moe_shuffling"":{""dimension_source"":""routed_mlp_hidden_dim"",""effective_ffn_width"":768,""expert_parallel_mode"":""on"",""layer_kind"":""routed"",""operator_family_id"":""moe"",""operator_family_ids"":[""moe""],""profile_id"":""generic"",""selected_expert_parallel_size"":null,""selected_padded_ffn_width"":768,""selected_tensor_parallel_size"":1,""tensor_parallel_mode"":""moe_tp"",""tensor_parallel_sizes"":[1]}}",2979,0.375,186.1875,186.1875,1.0,0.4028197381671702,0.3012166351366175,1.3803289694528365,3.9275253058058697,0.16844998321584415,skewed,0,vllm_fused,CUDA_EVENT,BF16,generic,generic,none
0.018624000251293182,0.02070399932563305,0.019396800175309183,0.01923200022429228,0.0005596134730836353,20,0.02860799990594387,0.03174399957060814,0.030196799803525208,0.030287999659776688,0.00069531190537135,20,0.07238399982452393,0.0854720026254654,0.07648479975759984,0.0750880017876625,0.00327072688761499,20,0.4296639859676361,0.4525440037250519,0.4430464208126068,0.44492799043655396,0.006592912599444389,8320,128,16,8,standard_fused_topk,logit_topk,softmax_renorm,True,prefill_hot,ffn_like_prefix_20x,8,2048,768,True,1,"{""moe_gating_linear"":{""dimension_source"":""routed_mlp_hidden_dim"",""effective_ffn_width"":768,""expert_parallel_mode"":""on"",""layer_kind"":""routed"",""operator_family_id"":""moe"",""operator_family_ids"":[""moe""],""profile_id"":""generic"",""selected_expert_parallel_size"":null,""selected_padded_ffn_width"":768,""selected_tensor_parallel_size"":1,""tensor_parallel_mode"":""moe_tp"",""tensor_parallel_sizes"":[1]},""moe_gating_routing_topk"":{""dimension_source"":""routed_mlp_hidden_dim"",""effective_ffn_width"":768,""expert_parallel_mode"":""on"",""layer_kind"":""routed"",""operator_family_id"":""moe"",""operator_family_ids"":[""moe""],""profile_id"":""generic"",""selected_expert_parallel_size"":null,""selected_padded_ffn_width"":768,""selected_tensor_parallel_size"":1,""tensor_parallel_mode"":""moe_tp"",""tensor_parallel_sizes"":[1]},""moe_grouped_gemm"":{""dimension_source"":""routed_mlp_hidden_dim"",""effective_ffn_width"":768,""expert_parallel_mode"":""on"",""layer_kind"":""routed"",""operator_family_id"":""moe"",""operator_family_ids"":[""moe""],""profile_id"":""generic"",""selected_expert_parallel_size"":8,""selected_padded_ffn_width"":768,""selected_tensor_parallel_size"":1,""tensor_parallel_mode"":""moe_tp"",""tensor_parallel_sizes"":[1]},""moe_shuffling"":{""dimension_source"":""routed_mlp_hidden_dim"",""effective_ffn_width"":768,""expert_parallel_mode"":""on"",""layer_kind"":""routed"",""operator_family_id"":""moe"",""operator_family_ids"":[""moe""],""profile_id"":""generic"",""selected_expert_parallel_size"":null,""selected_padded_ffn_width"":768,""selected_tensor_parallel_size"":1,""tensor_parallel_mode"":""moe_tp"",""tensor_parallel_sizes"":[1]}}",3063,0.375,191.4375,191.4375,1.0,0.3917727717923604,0.3271972147684345,1.5096310806398956,3.9163470701270464,0.18607166176950707,skewed,2,vllm_fused,CUDA_EVENT,BF16,generic,generic,none
0.018688000738620758,0.020447999238967896,0.019220800139009953,0.019120000302791595,0.000397144864858031,20,0.02860799990594387,0.030688000842928886,0.029966399911791085,0.0302559994161129,0.0006844168012933019,20,0.0735040009021759,0.07859200239181519,0.07509120069444179,0.07500799745321274,0.0012236144090535328,20,1.9191999435424805,1.9407039880752563,1.9265873432159424,1.922752022743225,0.0078846151009202,8272,128,16,8,standard_fused_topk,logit_topk,softmax_renorm,True,prefill_hot,ffn_like_prefix_20x,8,2048,768,True,1,"{""moe_gating_linear"":{""dimension_source"":""routed_mlp_hidden_dim"",""effective_ffn_width"":768,""expert_parallel_mode"":""on"",""layer_kind"":""routed"",""operator_family_id"":""moe"",""operator_family_ids"":[""moe""],""profile_id"":""generic"",""selected_expert_parallel_size"":null,""selected_padded_ffn_width"":768,""selected_tensor_parallel_size"":1,""tensor_parallel_mode"":""moe_tp"",""tensor_parallel_sizes"":[1]},""moe_gating_routing_topk"":{""dimension_source"":""routed_mlp_hidden_dim"",""effective_ffn_width"":768,""expert_parallel_mode"":""on"",""layer_kind"":""routed"",""operator_family_id"":""moe"",""operator_family_ids"":[""moe""],""profile_id"":""generic"",""selected_expert_parallel_size"":null,""selected_padded_ffn_width"":768,""selected_tensor_parallel_size"":1,""tensor_parallel_mode"":""moe_tp"",""tensor_parallel_sizes"":[1]},""moe_grouped_gemm"":{""dimension_source"":""routed_mlp_hidden_dim"",""effective_ffn_width"":768,""expert_parallel_mode"":""on"",""layer_kind"":""routed"",""operator_family_id"":""moe"",""operator_family_ids"":[""moe""],""profile_id"":""generic"",""selected_expert_parallel_size"":8,""selected_padded_ffn_width"":768,""selected_tensor_parallel_size"":1,""tensor_parallel_mode"":""moe_tp"",""tensor_parallel_sizes"":[1]},""moe_shuffling"":{""dimension_source"":""routed_mlp_hidden_dim"",""effective_ffn_width"":768,""expert_parallel_mode"":""on"",""layer_kind"":""routed"",""operator_family_id"":""moe"",""operator_family_ids"":[""moe""],""profile_id"":""generic"",""selected_expert_parallel_size"":null,""selected_padded_ffn_width"":768,""selected_tensor_parallel_size"":1,""tensor_parallel_mode"":""moe_tp"",""tensor_parallel_sizes"":[1]}}",54564,0.375,3410.25,3410.25,1.0,0.025804559783007112,0.9689598089901476,1.974048823400044,3.115362229421189,0.48542079026464346,extremely_skewed,1,vllm_fused,CUDA_EVENT,BF16,generic,generic,none
0.018848000094294548,0.020608000457286835,0.019435200095176696,0.019423999823629856,0.0004950467535701691,20,0.028704000636935234,0.030719999223947525,0.029865599982440472,0.030063999816775322,0.0005744955899763709,20,0.0719040036201477,0.08054400235414505,0.07479200027883053,0.07364800199866295,0.0026477926327788445,20,0.5646079778671265,0.585919976234436,0.5780208110809326,0.5806400179862976,0.006842738017439842,8272,128,16,8,standard_fused_topk,logit_topk,softmax_renorm,True,prefill_hot,ffn_like_prefix_20x,8,2048,768,True,1,"{""moe_gating_linear"":{""dimension_source"":""routed_mlp_hidden_dim"",""effective_ffn_width"":768,""expert_parallel_mode"":""on"",""layer_kind"":""routed"",""operator_family_id"":""moe"",""operator_family_ids"":[""moe""],""profile_id"":""generic"",""selected_expert_parallel_size"":null,""selected_padded_ffn_width"":768,""selected_tensor_parallel_size"":1,""tensor_parallel_mode"":""moe_tp"",""tensor_parallel_sizes"":[1]},""moe_gating_routing_topk"":{""dimension_source"":""routed_mlp_hidden_dim"",""effective_ffn_width"":768,""expert_parallel_mode"":""on"",""layer_kind"":""routed"",""operator_family_id"":""moe"",""operator_family_ids"":[""moe""],""profile_id"":""generic"",""selected_expert_parallel_size"":null,""selected_padded_ffn_width"":768,""selected_tensor_parallel_size"":1,""tensor_parallel_mode"":""moe_tp"",""tensor_parallel_sizes"":[1]},""moe_grouped_gemm"":{""dimension_source"":""routed_mlp_hidden_dim"",""effective_ffn_width"":768,""expert_parallel_mode"":""on"",""layer_kind"":""routed"",""operator_family_id"":""moe"",""operator_family_ids"":[""moe""],""profile_id"":""generic"",""selected_expert_parallel_size"":8,""selected_padded_ffn_width"":768,""selected_tensor_parallel_size"":1,""tensor_parallel_mode"":""moe_tp"",""tensor_parallel_sizes"":[1]},""moe_shuffling"":{""dimension_source"":""routed_mlp_hidden_dim"",""effective_ffn_width"":768,""expert_parallel_mode"":""on"",""layer_kind"":""routed"",""operator_family_id"":""moe"",""operator_family_ids"":[""moe""],""profile_id"":""generic"",""selected_expert_parallel_size"":null,""selected_padded_ffn_width"":768,""selected_tensor_parallel_size"":1,""tensor_parallel_mode"":""moe_tp"",""tensor_parallel_sizes"":[1]}}",8173,0.375,510.8125,510.8125,1.0,0.9220604429218158,0.04016327841128275,1.07475835066683,3.9988350231784144,0.022857273950813717,uniform,0,vllm_fused,CUDA_EVENT,BF16,generic,generic,none
0.018592000007629395,0.020191999152302742,0.01934880008921027,0.019152000546455383,0.0004925582705623903,20,0.028384000062942505,0.030559999868273735,0.02958399998024106,0.029823999851942062,0.0006350610449073414,20,0.07702399790287018,0.08243200182914734,0.07899999991059303,0.078831996768713,0.0010630013265979057,20,0.42659199237823486,0.44361600279808044,0.4328736364841461,0.43036800622940063,0.006074416451156139,8256,128,16,8,standard_fused_topk,logit_topk,softmax_renorm,True,prefill_hot,ffn_like_prefix_20x,8,2048,768,True,1,"{""moe_gating_linear"":{""dimension_source"":""routed_mlp_hidden_dim"",""effective_ffn_width"":768,""expert_parallel_mode"":""on"",""layer_kind"":""routed"",""operator_family_id"":""moe"",""operator_family_ids"":[""moe""],""profile_id"":""generic"",""selected_expert_parallel_size"":null,""selected_padded_ffn_width"":768,""selected_tensor_parallel_size"":1,""tensor_parallel_mode"":""moe_tp"",""tensor_parallel_sizes"":[1]},""moe_gating_routing_topk"":{""dimension_source"":""routed_mlp_hidden_dim"",""effective_ffn_width"":768,""expert_parallel_mode"":""on"",""layer_kind"":""routed"",""operator_family_id"":""moe"",""operator_family_ids"":[""moe""],""profile_id"":""generic"",""selected_expert_parallel_size"":null,""selected_padded_ffn_width"":768,""selected_tensor_parallel_size"":1,""tensor_parallel_mode"":""moe_tp"",""tensor_parallel_sizes"":[1]},""moe_grouped_gemm"":{""dimension_source"":""routed_mlp_hidden_dim"",""effective_ffn_width"":768,""expert_parallel_mode"":""on"",""layer_kind"":""routed"",""operator_family_id"":""moe"",""operator_family_ids"":[""moe""],""profile_id"":""generic"",""selected_expert_parallel_size"":8,""selected_padded_ffn_width"":768,""selected_tensor_parallel_size"":1,""tensor_parallel_mode"":""moe_tp"",""tensor_parallel_sizes"":[1]},""moe_shuffling"":{""dimension_source"":""routed_mlp_hidden_dim"",""effective_ffn_width"":768,""expert_parallel_mode"":""on"",""layer_kind"":""routed"",""operator_family_id"":""moe"",""operator_family_ids"":[""moe""],""profile_id"":""generic"",""selected_expert_parallel_size"":null,""selected_padded_ffn_width"":768,""selected_tensor_parallel_size"":1,""tensor_parallel_mode"":""moe_tp"",""tensor_parallel_sizes"":[1]}}",3039,0.375,189.9375,189.9375,1.0,0.38960184271141823,0.32441862808084676,1.5004935834155972,3.917645645375874,0.1843739717012176,skewed,1,vllm_fused,CUDA_EVENT,BF16,generic,generic,none
0.018751999363303185,0.020447999238967896,0.019454399961978196,0.019311999902129173,0.00048026383913450546,20,0.02831999957561493,0.031007999554276466,0.029791999980807303,0.029839999973773956,0.0007315342914745515,20,0.07123199850320816,0.0798719972372055,0.07602559924125671,0.07614399865269661,0.00299217291127098,20,0.4344959855079651,0.44179201126098633,0.4367343783378601,0.43615999817848206,0.0023379598278552294,8304,128,16,8,standard_fused_topk,logit_topk,softmax_renorm,True,prefill_hot,ffn_like_prefix_20x,8,2048,768,True,1,"{""moe_gating_linear"":{""dimension_source"":""routed_mlp_hidden_dim"",""effective_ffn_width"":768,""expert_parallel_mode"":""on"",""layer_kind"":""routed"",""operator_family_id"":""moe"",""operator_family_ids"":[""moe""],""profile_id"":""generic"",""selected_expert_parallel_size"":null,""selected_padded_ffn_width"":768,""selected_tensor_parallel_size"":1,""tensor_parallel_mode"":""moe_tp"",""tensor_parallel_sizes"":[1]},""moe_gating_routing_topk"":{""dimension_source"":""routed_mlp_hidden_dim"",""effective_ffn_width"":768,""expert_parallel_mode"":""on"",""layer_kind"":""routed"",""operator_family_id"":""moe"",""operator_family_ids"":[""moe""],""profile_id"":""generic"",""selected_expert_parallel_size"":null,""selected_padded_ffn_width"":768,""selected_tensor_parallel_size"":1,""tensor_parallel_mode"":""moe_tp"",""tensor_parallel_sizes"":[1]},""moe_grouped_gemm"":{""dimension_source"":""routed_mlp_hidden_dim"",""effective_ffn_width"":768,""expert_parallel_mode"":""on"",""layer_kind"":""routed"",""operator_family_id"":""moe"",""operator_family_ids"":[""moe""],""profile_id"":""generic"",""selected_expert_parallel_size"":8,""selected_padded_ffn_width"":768,""selected_tensor_parallel_size"":1,""tensor_parallel_mode"":""moe_tp"",""tensor_parallel_sizes"":[1]},""moe_shuffling"":{""dimension_source"":""routed_mlp_hidden_dim"",""effective_ffn_width"":768,""expert_parallel_mode"":""on"",""layer_kind"":""routed"",""operator_family_id"":""moe"",""operator_family_ids"":[""moe""],""profile_id"":""generic"",""selected_expert_parallel_size"":null,""selected_padded_ffn_width"":768,""selected_tensor_parallel_size"":1,""tensor_parallel_mode"":""moe_tp"",""tensor_parallel_sizes"":[1]}}",2993,0.375,187.0625,187.0625,1.0,0.4062813230872035,0.3006182829862675,1.3738723688606749,3.9277807721256783,0.16795439358503184,skewed,0,vllm_fused,CUDA_EVENT,BF16,generic,generic,none
0.018719999119639397,0.020640000700950623,0.019350400008261204,0.019360000267624855,0.00039750929976196,20,0.02860799990594387,0.031647998839616776,0.030268799979239702,0.030368000268936157,0.0008727203116689429,20,0.0793600007891655,0.08300799876451492,0.08104000017046928,0.08097599819302559,0.0008779613203790824,20,0.42188799381256104,0.44460800290107727,0.4341887831687927,0.4355520009994507,0.005969509482383728,8272,128,16,8,standard_fused_topk,logit_topk,softmax_renorm,True,prefill_hot,ffn_like_prefix_20x,8,2048,768,True,1,"{""moe_gating_linear"":{""dimension_source"":""routed_mlp_hidden_dim"",""effective_ffn_width"":768,""expert_parallel_mode"":""on"",""layer_kind"":""routed"",""operator_family_id"":""moe"",""operator_family_ids"":[""moe""],""profile_id"":""generic"",""selected_expert_parallel_size"":null,""selected_padded_ffn_width"":768,""selected_tensor_parallel_size"":1,""tensor_parallel_mode"":""moe_tp"",""tensor_parallel_sizes"":[1]},""moe_gating_routing_topk"":{""dimension_source"":""routed_mlp_hidden_dim"",""effective_ffn_width"":768,""expert_parallel_mode"":""on"",""layer_kind"":""routed"",""operator_family_id"":""moe"",""operator_family_ids"":[""moe""],""profile_id"":""generic"",""selected_expert_parallel_size"":null,""selected_padded_ffn_width"":768,""selected_tensor_parallel_size"":1,""tensor_parallel_mode"":""moe_tp"",""tensor_parallel_sizes"":[1]},""moe_grouped_gemm"":{""dimension_source"":""routed_mlp_hidden_dim"",""effective_ffn_width"":768,""expert_parallel_mode"":""on"",""layer_kind"":""routed"",""operator_family_id"":""moe"",""operator_family_ids"":[""moe""],""profile_id"":""generic"",""selected_expert_parallel_size"":8,""selected_padded_ffn_width"":768,""selected_tensor_parallel_size"":1,""tensor_parallel_mode"":""moe_tp"",""tensor_parallel_sizes"":[1]},""moe_shuffling"":{""dimension_source"":""routed_mlp_hidden_dim"",""effective_ffn_width"":768,""expert_parallel_mode"":""on"",""layer_kind"":""routed"",""operator_family_id"":""moe"",""operator_family_ids"":[""moe""],""profile_id"":""generic"",""selected_expert_parallel_size"":null,""selected_padded_ffn_width"":768,""selected_tensor_parallel_size"":1,""tensor_parallel_mode"":""moe_tp"",""tensor_parallel_sizes"":[1]}}",2980,0.375,186.25,186.25,1.0,0.40268456375838924,0.3011890314490142,1.3798657718120806,3.9275187069964814,0.16845637583892614,skewed,0,vllm_fused,CUDA_EVENT,BF16,generic,generic,none
0.018624000251293182,0.020320000126957893,0.019147200137376787,0.019023999571800232,0.000463533599648847,20,0.02848000079393387,0.03033600002527237,0.029537599999457598,0.02961600013077259,0.0004805838116969623,20,0.07187200337648392,0.08086399734020233,0.07770240008831024,0.07872000336647034,0.0028619449240322834,20,0.4262399971485138,0.44569599628448486,0.43245601654052734,0.4286719858646393,0.006626369431614876,8240,128,16,8,standard_fused_topk,logit_topk,softmax_renorm,True,prefill_hot,ffn_like_prefix_20x,8,2048,768,True,1,"{""moe_gating_linear"":{""dimension_source"":""routed_mlp_hidden_dim"",""effective_ffn_width"":768,""expert_parallel_mode"":""on"",""layer_kind"":""routed"",""operator_family_id"":""moe"",""operator_family_ids"":[""moe""],""profile_id"":""generic"",""selected_expert_parallel_size"":null,""selected_padded_ffn_width"":768,""selected_tensor_parallel_size"":1,""tensor_parallel_mode"":""moe_tp"",""tensor_parallel_sizes"":[1]},""moe_gating_routing_topk"":{""dimension_source"":""routed_mlp_hidden_dim"",""effective_ffn_width"":768,""expert_parallel_mode"":""on"",""layer_kind"":""routed"",""operator_family_id"":""moe"",""operator_family_ids"":[""moe""],""profile_id"":""generic"",""selected_expert_parallel_size"":null,""selected_padded_ffn_width"":768,""selected_tensor_parallel_size"":1,""tensor_parallel_mode"":""moe_tp"",""tensor_parallel_sizes"":[1]},""moe_grouped_gemm"":{""dimension_source"":""routed_mlp_hidden_dim"",""effective_ffn_width"":768,""expert_parallel_mode"":""on"",""layer_kind"":""routed"",""operator_family_id"":""moe"",""operator_family_ids"":[""moe""],""profile_id"":""generic"",""selected_expert_parallel_size"":8,""selected_padded_ffn_width"":768,""selected_tensor_parallel_size"":1,""tensor_parallel_mode"":""moe_tp"",""tensor_parallel_sizes"":[1]},""moe_shuffling"":{""dimension_source"":""routed_mlp_hidden_dim"",""effective_ffn_width"":768,""expert_parallel_mode"":""on"",""layer_kind"":""routed"",""operator_family_id"":""moe"",""operator_family_ids"":[""moe""],""profile_id"":""generic"",""selected_expert_parallel_size"":null,""selected_padded_ffn_width"":768,""selected_tensor_parallel_size"":1,""tensor_parallel_mode"":""moe_tp"",""tensor_parallel_sizes"":[1]}}",3038,0.375,189.875,189.875,1.0,0.3897300855826201,0.32420156766891467,1.5009874917709018,3.917750045609761,0.1842083607636602,skewed,1,vllm_fused,CUDA_EVENT,BF16,generic,generic,none
0.018688000738620758,0.020576000213623047,0.0193872001953423,0.019216000102460384,0.0005297208011582134,20,0.028255999088287354,0.030271999537944794,0.029511999897658826,0.02961600013077259,0.0005280364069224717,20,0.06867200136184692,0.07817599922418594,0.0722447995096445,0.07201599702239037,0.0021470610775484763,20,0.5660799741744995,0.5819519758224487,0.5742255449295044,0.5754560232162476,0.005175287369638681,8240,128,16,8,standard_fused_topk,logit_topk,softmax_renorm,True,prefill_hot,ffn_like_prefix_20x,8,2048,768,True,1,"{""moe_gating_linear"":{""dimension_source"":""routed_mlp_hidden_dim"",""effective_ffn_width"":768,""expert_parallel_mode"":""on"",""layer_kind"":""routed"",""operator_family_id"":""moe"",""operator_family_ids"":[""moe""],""profile_id"":""generic"",""selected_expert_parallel_size"":null,""selected_padded_ffn_width"":768,""selected_tensor_parallel_size"":1,""tensor_parallel_mode"":""moe_tp"",""tensor_parallel_sizes"":[1]},""moe_gating_routing_topk"":{""dimension_source"":""routed_mlp_hidden_dim"",""effective_ffn_width"":768,""expert_parallel_mode"":""on"",""layer_kind"":""routed"",""operator_family_id"":""moe"",""operator_family_ids"":[""moe""],""profile_id"":""generic"",""selected_expert_parallel_size"":null,""selected_padded_ffn_width"":768,""selected_tensor_parallel_size"":1,""tensor_parallel_mode"":""moe_tp"",""tensor_parallel_sizes"":[1]},""moe_grouped_gemm"":{""dimension_source"":""routed_mlp_hidden_dim"",""effective_ffn_width"":768,""expert_parallel_mode"":""on"",""layer_kind"":""routed"",""operator_family_id"":""moe"",""operator_family_ids"":[""moe""],""profile_id"":""generic"",""selected_expert_parallel_size"":8,""selected_padded_ffn_width"":768,""selected_tensor_parallel_size"":1,""tensor_parallel_mode"":""moe_tp"",""tensor_parallel_sizes"":[1]},""moe_shuffling"":{""dimension_source"":""routed_mlp_hidden_dim"",""effective_ffn_width"":768,""expert_parallel_mode"":""on"",""layer_kind"":""routed"",""operator_family_id"":""moe"",""operator_family_ids"":[""moe""],""profile_id"":""generic"",""selected_expert_parallel_size"":null,""selected_padded_ffn_width"":768,""selected_tensor_parallel_size"":1,""tensor_parallel_mode"":""moe_tp"",""tensor_parallel_sizes"":[1]}}",8180,0.375,511.25,511.25,1.0,0.9330073349633252,0.03719918532940626,1.0718826405867972,3.9990045501042815,0.020950488997554917,uniform,2,vllm_fused,CUDA_EVENT,BF16,generic,generic,none
0.01849599927663803,0.020927999168634415,0.01917279986664653,0.0191040001809597,0.0005022342478638731,20,0.02828799933195114,0.030527999624609947,0.02954719979315996,0.0297279991209507,0.00054646746188926,20,0.0711359977722168,0.08022399991750717,0.07335519976913929,0.07268800213932991,0.0020096224271938484,20,0.4276160001754761,0.44572800397872925,0.43788957595825195,0.4399679899215698,0.0059363204054534435,8304,128,16,8,standard_fused_topk,logit_topk,softmax_renorm,True,prefill_hot,ffn_like_prefix_20x,8,2048,768,True,1,"{""moe_gating_linear"":{""dimension_source"":""routed_mlp_hidden_dim"",""effective_ffn_width"":768,""expert_parallel_mode"":""on"",""layer_kind"":""routed"",""operator_family_id"":""moe"",""operator_family_ids"":[""moe""],""profile_id"":""generic"",""selected_expert_parallel_size"":null,""selected_padded_ffn_width"":768,""selected_tensor_parallel_size"":1,""tensor_parallel_mode"":""moe_tp"",""tensor_parallel_sizes"":[1]},""moe_gating_routing_topk"":{""dimension_source"":""routed_mlp_hidden_dim"",""effective_ffn_width"":768,""expert_parallel_mode"":""on"",""layer_kind"":""routed"",""operator_family_id"":""moe"",""operator_family_ids"":[""moe""],""profile_id"":""generic"",""selected_expert_parallel_size"":null,""selected_padded_ffn_width"":768,""selected_tensor_parallel_size"":1,""tensor_parallel_mode"":""moe_tp"",""tensor_parallel_sizes"":[1]},""moe_grouped_gemm"":{""dimension_source"":""routed_mlp_hidden_dim"",""effective_ffn_width"":768,""expert_parallel_mode"":""on"",""layer_kind"":""routed"",""operator_family_id"":""moe"",""operator_family_ids"":[""moe""],""profile_id"":""generic"",""selected_expert_parallel_size"":8,""selected_padded_ffn_width"":768,""selected_tensor_parallel_size"":1,""tensor_parallel_mode"":""moe_tp"",""tensor_parallel_sizes"":[1]},""moe_shuffling"":{""dimension_source"":""routed_mlp_hidden_dim"",""effective_ffn_width"":768,""expert_parallel_mode"":""on"",""layer_kind"":""routed"",""operator_family_id"":""moe"",""operator_family_ids"":[""moe""],""profile_id"":""generic"",""selected_expert_parallel_size"":null,""selected_padded_ffn_width"":768,""selected_tensor_parallel_size"":1,""tensor_parallel_mode"":""moe_tp"",""tensor_parallel_sizes"":[1]}}",3049,0.375,190.5625,190.5625,1.0,0.38832404066907183,0.32543703740779223,1.5008199409642506,3.917084325585856,0.18495818301082312,skewed,1,vllm_fused,CUDA_EVENT,BF16,generic,generic,none
0.018751999363303185,0.02070399932563305,0.019193599931895733,0.01905599981546402,0.0004829349026043865,20,0.02816000021994114,0.030880000442266464,0.029628799948841333,0.029759999364614487,0.0007533196718807459,20,0.07065600156784058,0.07862400263547897,0.07302079983055591,0.07256000116467476,0.0019116597339125898,20,0.4185279905796051,0.4301759898662567,0.4238432049751282,0.42233601212501526,0.0034423135221004486,8240,128,16,8,standard_fused_topk,logit_topk,softmax_renorm,True,prefill_hot,ffn_like_prefix_20x,8,2048,768,True,1,"{""moe_gating_linear"":{""dimension_source"":""routed_mlp_hidden_dim"",""effective_ffn_width"":768,""expert_parallel_mode"":""on"",""layer_kind"":""routed"",""operator_family_id"":""moe"",""operator_family_ids"":[""moe""],""profile_id"":""generic"",""selected_expert_parallel_size"":null,""selected_padded_ffn_width"":768,""selected_tensor_parallel_size"":1,""tensor_parallel_mode"":""moe_tp"",""tensor_parallel_sizes"":[1]},""moe_gating_routing_topk"":{""dimension_source"":""routed_mlp_hidden_dim"",""effective_ffn_width"":768,""expert_parallel_mode"":""on"",""layer_kind"":""routed"",""operator_family_id"":""moe"",""operator_family_ids"":[""moe""],""profile_id"":""generic"",""selected_expert_parallel_size"":null,""selected_padded_ffn_width"":768,""selected_tensor_parallel_size"":1,""tensor_parallel_mode"":""moe_tp"",""tensor_parallel_sizes"":[1]},""moe_grouped_gemm"":{""dimension_source"":""routed_mlp_hidden_dim"",""effective_ffn_width"":768,""expert_parallel_mode"":""on"",""layer_kind"":""routed"",""operator_family_id"":""moe"",""operator_family_ids"":[""moe""],""profile_id"":""generic"",""selected_expert_parallel_size"":8,""selected_padded_ffn_width"":768,""selected_tensor_parallel_size"":1,""tensor_parallel_mode"":""moe_tp"",""tensor_parallel_sizes"":[1]},""moe_shuffling"":{""dimension_source"":""routed_mlp_hidden_dim"",""effective_ffn_width"":768,""expert_parallel_mode"":""on"",""layer_kind"":""routed"",""operator_family_id"":""moe"",""operator_family_ids"":[""moe""],""profile_id"":""generic"",""selected_expert_parallel_size"":null,""selected_padded_ffn_width"":768,""selected_tensor_parallel_size"":1,""tensor_parallel_mode"":""moe_tp"",""tensor_parallel_sizes"":[1]}}",2975,0.375,185.9375,185.9375,1.0,0.40336134453781514,0.30047017272032794,1.3768067226890757,3.9278624766367045,0.16796218487394965,skewed,0,vllm_fused,CUDA_EVENT,BF16,generic,generic,none
0.018592000007629395,0.02067199908196926,0.019328000117093326,0.019168000668287277,0.0005299840363105732,20,0.028896000236272812,0.031231999397277832,0.030193599965423347,0.0301919998601079,0.0006335252265239656,20,0.06719999760389328,0.0745600014925003,0.07003360018134117,0.06992000341415405,0.0018520092428360494,20,1.9151040315628052,1.925279974937439,1.9181568622589111,1.9175360202789307,0.002148580737411976,8256,128,16,8,standard_fused_topk,logit_topk,softmax_renorm,True,prefill_hot,ffn_like_prefix_20x,8,2048,768,True,1,"{""moe_gating_linear"":{""dimension_source"":""routed_mlp_hidden_dim"",""effective_ffn_width"":768,""expert_parallel_mode"":""on"",""layer_kind"":""routed"",""operator_family_id"":""moe"",""operator_family_ids"":[""moe""],""profile_id"":""generic"",""selected_expert_parallel_size"":null,""selected_padded_ffn_width"":768,""selected_tensor_parallel_size"":1,""tensor_parallel_mode"":""moe_tp"",""tensor_parallel_sizes"":[1]},""moe_gating_routing_topk"":{""dimension_source"":""routed_mlp_hidden_dim"",""effective_ffn_width"":768,""expert_parallel_mode"":""on"",""layer_kind"":""routed"",""operator_family_id"":""moe"",""operator_family_ids"":[""moe""],""profile_id"":""generic"",""selected_expert_parallel_size"":null,""selected_padded_ffn_width"":768,""selected_tensor_parallel_size"":1,""tensor_parallel_mode"":""moe_tp"",""tensor_parallel_sizes"":[1]},""moe_grouped_gemm"":{""dimension_source"":""routed_mlp_hidden_dim"",""effective_ffn_width"":768,""expert_parallel_mode"":""on"",""layer_kind"":""routed"",""operator_family_id"":""moe"",""operator_family_ids"":[""moe""],""profile_id"":""generic"",""selected_expert_parallel_size"":8,""selected_padded_ffn_width"":768,""selected_tensor_parallel_size"":1,""tensor_parallel_mode"":""moe_tp"",""tensor_parallel_sizes"":[1]},""moe_shuffling"":{""dimension_source"":""routed_mlp_hidden_dim"",""effective_ffn_width"":768,""expert_parallel_mode"":""on"",""layer_kind"":""routed"",""operator_family_id"":""moe"",""operator_family_ids"":[""moe""],""profile_id"":""generic"",""selected_expert_parallel_size"":null,""selected_padded_ffn_width"":768,""selected_tensor_parallel_size"":1,""tensor_parallel_mode"":""moe_tp"",""tensor_parallel_sizes"":[1]}}",54270,0.375,3391.875,3391.875,1.0,0.026239174497880966,0.9702659366634397,1.9764879307167864,3.1114708683530212,0.4860650451446471,extremely_skewed,0,vllm_fused,CUDA_EVENT,BF16,generic,generic,none
0.018783999606966972,0.02022399939596653,0.019388800021260977,0.01926399953663349,0.0003446355444167473,20,0.028416000306606293,0.030912000685930252,0.029719999991357327,0.02995199989527464,0.0007878680110679523,20,0.06911999732255936,0.07587199658155441,0.07086880020797252,0.07051200047135353,0.001568629116390826,20,0.5725759863853455,0.5800639986991882,0.575480043888092,0.5753600001335144,0.0024158284068107605,8288,128,16,8,standard_fused_topk,logit_topk,softmax_renorm,True,prefill_hot,ffn_like_prefix_20x,8,2048,768,True,1,"{""moe_gating_linear"":{""dimension_source"":""routed_mlp_hidden_dim"",""effective_ffn_width"":768,""expert_parallel_mode"":""on"",""layer_kind"":""routed"",""operator_family_id"":""moe"",""operator_family_ids"":[""moe""],""profile_id"":""generic"",""selected_expert_parallel_size"":null,""selected_padded_ffn_width"":768,""selected_tensor_parallel_size"":1,""tensor_parallel_mode"":""moe_tp"",""tensor_parallel_sizes"":[1]},""moe_gating_routing_topk"":{""dimension_source"":""routed_mlp_hidden_dim"",""effective_ffn_width"":768,""expert_parallel_mode"":""on"",""layer_kind"":""routed"",""operator_family_id"":""moe"",""operator_family_ids"":[""moe""],""profile_id"":""generic"",""selected_expert_parallel_size"":null,""selected_padded_ffn_width"":768,""selected_tensor_parallel_size"":1,""tensor_parallel_mode"":""moe_tp"",""tensor_parallel_sizes"":[1]},""moe_grouped_gemm"":{""dimension_source"":""routed_mlp_hidden_dim"",""effective_ffn_width"":768,""expert_parallel_mode"":""on"",""layer_kind"":""routed"",""operator_family_id"":""moe"",""operator_family_ids"":[""moe""],""profile_id"":""generic"",""selected_expert_parallel_size"":8,""selected_padded_ffn_width"":768,""selected_tensor_parallel_size"":1,""tensor_parallel_mode"":""moe_tp"",""tensor_parallel_sizes"":[1]},""moe_shuffling"":{""dimension_source"":""routed_mlp_hidden_dim"",""effective_ffn_width"":768,""expert_parallel_mode"":""on"",""layer_kind"":""routed"",""operator_family_id"":""moe"",""operator_family_ids"":[""moe""],""profile_id"":""generic"",""selected_expert_parallel_size"":null,""selected_padded_ffn_width"":768,""selected_tensor_parallel_size"":1,""tensor_parallel_mode"":""moe_tp"",""tensor_parallel_sizes"":[1]}}",8224,0.375,514.0,514.0,1.0,0.9299610894941635,0.037894068445102055,1.0719844357976653,3.99896653231891,0.021294382295719894,uniform,2,vllm_fused,CUDA_EVENT,BF16,generic,generic,none
0.018719999119639397,0.020927999168634415,0.01931999986991286,0.019247999414801598,0.000476775754180519,20,0.028704000636935234,0.03152000159025192,0.03018080033361912,0.03027200046926737,0.000839369124856061,20,0.06889600306749344,0.07833600044250488,0.07225919961929321,0.07206399738788605,0.0019428217238204532,20,0.5663679838180542,0.5870720148086548,0.5787343978881836,0.5808640122413635,0.005928453058004379,8256,128,16,8,standard_fused_topk,logit_topk,softmax_renorm,True,prefill_hot,ffn_like_prefix_20x,8,2048,768,True,1,"{""moe_gating_linear"":{""dimension_source"":""routed_mlp_hidden_dim"",""effective_ffn_width"":768,""expert_parallel_mode"":""on"",""layer_kind"":""routed"",""operator_family_id"":""moe"",""operator_family_ids"":[""moe""],""profile_id"":""generic"",""selected_expert_parallel_size"":null,""selected_padded_ffn_width"":768,""selected_tensor_parallel_size"":1,""tensor_parallel_mode"":""moe_tp"",""tensor_parallel_sizes"":[1]},""moe_gating_routing_topk"":{""dimension_source"":""routed_mlp_hidden_dim"",""effective_ffn_width"":768,""expert_parallel_mode"":""on"",""layer_kind"":""routed"",""operator_family_id"":""moe"",""operator_family_ids"":[""moe""],""profile_id"":""generic"",""selected_expert_parallel_size"":null,""selected_padded_ffn_width"":768,""selected_tensor_parallel_size"":1,""tensor_parallel_mode"":""moe_tp"",""tensor_parallel_sizes"":[1]},""moe_grouped_gemm"":{""dimension_source"":""routed_mlp_hidden_dim"",""effective_ffn_width"":768,""expert_parallel_mode"":""on"",""layer_kind"":""routed"",""operator_family_id"":""moe"",""operator_family_ids"":[""moe""],""profile_id"":""generic"",""selected_expert_parallel_size"":8,""selected_padded_ffn_width"":768,""selected_tensor_parallel_size"":1,""tensor_parallel_mode"":""moe_tp"",""tensor_parallel_sizes"":[1]},""moe_shuffling"":{""dimension_source"":""routed_mlp_hidden_dim"",""effective_ffn_width"":768,""expert_parallel_mode"":""on"",""layer_kind"":""routed"",""operator_family_id"":""moe"",""operator_family_ids"":[""moe""],""profile_id"":""generic"",""selected_expert_parallel_size"":null,""selected_padded_ffn_width"":768,""selected_tensor_parallel_size"":1,""tensor_parallel_mode"":""moe_tp"",""tensor_parallel_sizes"":[1]}}",8191,0.375,511.9375,511.9375,1.0,0.9317543645464534,0.03771603361734225,1.0743498962275668,3.9989767133774894,0.02123519716762301,uniform,2,vllm_fused,CUDA_EVENT,BF16,generic,generic,none
0.01865600049495697,0.020287999883294106,0.01919679995626211,0.0191040001809597,0.0004225815622762185,20,0.028224000707268715,0.030527999624609947,0.029622400179505348,0.029823999851942062,0.0006295221204848065,20,0.07126399874687195,0.07699199765920639,0.07275360077619553,0.07248000055551529,0.0012364788732383515,20,0.42982399463653564,0.4389120042324066,0.4349488317966461,0.43513599038124084,0.0028806598857045174,8224,128,16,8,standard_fused_topk,logit_topk,softmax_renorm,True,prefill_hot,ffn_like_prefix_20x,8,2048,768,True,1,"{""moe_gating_linear"":{""dimension_source"":""routed_mlp_hidden_dim"",""effective_ffn_width"":768,""expert_parallel_mode"":""on"",""layer_kind"":""routed"",""operator_family_id"":""moe"",""operator_family_ids"":[""moe""],""profile_id"":""generic"",""selected_expert_parallel_size"":null,""selected_padded_ffn_width"":768,""selected_tensor_parallel_size"":1,""tensor_parallel_mode"":""moe_tp"",""tensor_parallel_sizes"":[1]},""moe_gating_routing_topk"":{""dimension_source"":""routed_mlp_hidden_dim"",""effective_ffn_width"":768,""expert_parallel_mode"":""on"",""layer_kind"":""routed"",""operator_family_id"":""moe"",""operator_family_ids"":[""moe""],""profile_id"":""generic"",""selected_expert_parallel_size"":null,""selected_padded_ffn_width"":768,""selected_tensor_parallel_size"":1,""tensor_parallel_mode"":""moe_tp"",""tensor_parallel_sizes"":[1]},""moe_grouped_gemm"":{""dimension_source"":""routed_mlp_hidden_dim"",""effective_ffn_width"":768,""expert_parallel_mode"":""on"",""layer_kind"":""routed"",""operator_family_id"":""moe"",""operator_family_ids"":[""moe""],""profile_id"":""generic"",""selected_expert_parallel_size"":8,""selected_padded_ffn_width"":768,""selected_tensor_parallel_size"":1,""tensor_parallel_mode"":""moe_tp"",""tensor_parallel_sizes"":[1]},""moe_shuffling"":{""dimension_source"":""routed_mlp_hidden_dim"",""effective_ffn_width"":768,""expert_parallel_mode"":""on"",""layer_kind"":""routed"",""operator_family_id"":""moe"",""operator_family_ids"":[""moe""],""profile_id"":""generic"",""selected_expert_parallel_size"":null,""selected_padded_ffn_width"":768,""selected_tensor_parallel_size"":1,""tensor_parallel_mode"":""moe_tp"",""tensor_parallel_sizes"":[1]}}",2966,0.375,185.375,185.375,1.0,0.4045853000674309,0.3009676843721559,1.3809844908968307,3.9275537509377894,0.16828219824679702,skewed,0,vllm_fused,CUDA_EVENT,BF16,generic,generic,none
0.018751999363303185,0.020479999482631683,0.0192735998891294,0.019152000546455383,0.00044341651635556125,20,0.028511999174952507,0.03206399828195572,0.03019199976697564,0.030239999294281006,0.0009033696144899787,20,0.06921599805355072,0.07475200295448303,0.07188160046935081,0.07179200276732445,0.0014154031855502633,20,1.9308799505233765,1.948256015777588,1.9370304346084595,1.9352960586547852,0.004638372454792261,8272,128,16,8,standard_fused_topk,logit_topk,softmax_renorm,True,prefill_hot,ffn_like_prefix_20x,8,2048,768,True,1,"{""moe_gating_linear"":{""dimension_source"":""routed_mlp_hidden_dim"",""effective_ffn_width"":768,""expert_parallel_mode"":""on"",""layer_kind"":""routed"",""operator_family_id"":""moe"",""operator_family_ids"":[""moe""],""profile_id"":""generic"",""selected_expert_parallel_size"":null,""selected_padded_ffn_width"":768,""selected_tensor_parallel_size"":1,""tensor_parallel_mode"":""moe_tp"",""tensor_parallel_sizes"":[1]},""moe_gating_routing_topk"":{""dimension_source"":""routed_mlp_hidden_dim"",""effective_ffn_width"":768,""expert_parallel_mode"":""on"",""layer_kind"":""routed"",""operator_family_id"":""moe"",""operator_family_ids"":[""moe""],""profile_id"":""generic"",""selected_expert_parallel_size"":null,""selected_padded_ffn_width"":768,""selected_tensor_parallel_size"":1,""tensor_parallel_mode"":""moe_tp"",""tensor_parallel_sizes"":[1]},""moe_grouped_gemm"":{""dimension_source"":""routed_mlp_hidden_dim"",""effective_ffn_width"":768,""expert_parallel_mode"":""on"",""layer_kind"":""routed"",""operator_family_id"":""moe"",""operator_family_ids"":[""moe""],""profile_id"":""generic"",""selected_expert_parallel_size"":8,""selected_padded_ffn_width"":768,""selected_tensor_parallel_size"":1,""tensor_parallel_mode"":""moe_tp"",""tensor_parallel_sizes"":[1]},""moe_shuffling"":{""dimension_source"":""routed_mlp_hidden_dim"",""effective_ffn_width"":768,""expert_parallel_mode"":""on"",""layer_kind"":""routed"",""operator_family_id"":""moe"",""operator_family_ids"":[""moe""],""profile_id"":""generic"",""selected_expert_parallel_size"":null,""selected_padded_ffn_width"":768,""selected_tensor_parallel_size"":1,""tensor_parallel_mode"":""moe_tp"",""tensor_parallel_sizes"":[1]}}",54828,0.375,3426.75,3426.75,1.0,0.024804844240169256,0.9705705277811527,1.9768001750930182,3.110468156202536,0.48632541766980375,extremely_skewed,2,vllm_fused,CUDA_EVENT,BF16,generic,generic,none
0.018400000408291817,0.020096000283956528,0.019223999883979558,0.019168000668287277,0.0003780708609422374,20,0.028224000707268715,0.030432000756263733,0.029483200144022705,0.02971199993044138,0.0006694255898466678,20,0.06896000355482101,0.0756480023264885,0.07088960073888302,0.07072000205516815,0.0014951951605478228,20,0.5660480260848999,0.5831680297851562,0.5766607522964478,0.5779839754104614,0.004908952862024307,8224,128,16,8,standard_fused_topk,logit_topk,softmax_renorm,True,prefill_hot,ffn_like_prefix_20x,8,2048,768,True,1,"{""moe_gating_linear"":{""dimension_source"":""routed_mlp_hidden_dim"",""effective_ffn_width"":768,""expert_parallel_mode"":""on"",""layer_kind"":""routed"",""operator_family_id"":""moe"",""operator_family_ids"":[""moe""],""profile_id"":""generic"",""selected_expert_parallel_size"":null,""selected_padded_ffn_width"":768,""selected_tensor_parallel_size"":1,""tensor_parallel_mode"":""moe_tp"",""tensor_parallel_sizes"":[1]},""moe_gating_routing_topk"":{""dimension_source"":""routed_mlp_hidden_dim"",""effective_ffn_width"":768,""expert_parallel_mode"":""on"",""layer_kind"":""routed"",""operator_family_id"":""moe"",""operator_family_ids"":[""moe""],""profile_id"":""generic"",""selected_expert_parallel_size"":null,""selected_padded_ffn_width"":768,""selected_tensor_parallel_size"":1,""tensor_parallel_mode"":""moe_tp"",""tensor_parallel_sizes"":[1]},""moe_grouped_gemm"":{""dimension_source"":""routed_mlp_hidden_dim"",""effective_ffn_width"":768,""expert_parallel_mode"":""on"",""layer_kind"":""routed"",""operator_family_id"":""moe"",""operator_family_ids"":[""moe""],""profile_id"":""generic"",""selected_expert_parallel_size"":8,""selected_padded_ffn_width"":768,""selected_tensor_parallel_size"":1,""tensor_parallel_mode"":""moe_tp"",""tensor_parallel_sizes"":[1]},""moe_shuffling"":{""dimension_source"":""routed_mlp_hidden_dim"",""effective_ffn_width"":768,""expert_parallel_mode"":""on"",""layer_kind"":""routed"",""operator_family_id"":""moe"",""operator_family_ids"":[""moe""],""profile_id"":""generic"",""selected_expert_parallel_size"":null,""selected_padded_ffn_width"":768,""selected_tensor_parallel_size"":1,""tensor_parallel_mode"":""moe_tp"",""tensor_parallel_sizes"":[1]}}",8201,0.375,512.5625,512.5625,1.0,0.8876966223631264,0.044734356873349375,1.082794781124253,3.9985468081024877,0.023937629557371,uniform,1,vllm_fused,CUDA_EVENT,BF16,generic,generic,none
0.018751999363303185,0.020096000283956528,0.019337600003927945,0.019328000023961067,0.00032932042706037195,20,0.02831999957561493,0.03049599938094616,0.029710400104522704,0.029904000461101532,0.0006098056061890237,20,0.07158400118350983,0.08297599852085114,0.07780479975044727,0.07940800115466118,0.0033455746961715094,20,0.4342400133609772,0.443807989358902,0.437824010848999,0.4370560050010681,0.0029064316768199205,8288,128,16,8,standard_fused_topk,logit_topk,softmax_renorm,True,prefill_hot,ffn_like_prefix_20x,8,2048,768,True,1,"{""moe_gating_linear"":{""dimension_source"":""routed_mlp_hidden_dim"",""effective_ffn_width"":768,""expert_parallel_mode"":""on"",""layer_kind"":""routed"",""operator_family_id"":""moe"",""operator_family_ids"":[""moe""],""profile_id"":""generic"",""selected_expert_parallel_size"":null,""selected_padded_ffn_width"":768,""selected_tensor_parallel_size"":1,""tensor_parallel_mode"":""moe_tp"",""tensor_parallel_sizes"":[1]},""moe_gating_routing_topk"":{""dimension_source"":""routed_mlp_hidden_dim"",""effective_ffn_width"":768,""expert_parallel_mode"":""on"",""layer_kind"":""routed"",""operator_family_id"":""moe"",""operator_family_ids"":[""moe""],""profile_id"":""generic"",""selected_expert_parallel_size"":null,""selected_padded_ffn_width"":768,""selected_tensor_parallel_size"":1,""tensor_parallel_mode"":""moe_tp"",""tensor_parallel_sizes"":[1]},""moe_grouped_gemm"":{""dimension_source"":""routed_mlp_hidden_dim"",""effective_ffn_width"":768,""expert_parallel_mode"":""on"",""layer_kind"":""routed"",""operator_family_id"":""moe"",""operator_family_ids"":[""moe""],""profile_id"":""generic"",""selected_expert_parallel_size"":8,""selected_padded_ffn_width"":768,""selected_tensor_parallel_size"":1,""tensor_parallel_mode"":""moe_tp"",""tensor_parallel_sizes"":[1]},""moe_shuffling"":{""dimension_source"":""routed_mlp_hidden_dim"",""effective_ffn_width"":768,""expert_parallel_mode"":""on"",""layer_kind"":""routed"",""operator_family_id"":""moe"",""operator_family_ids"":[""moe""],""profile_id"":""generic"",""selected_expert_parallel_size"":null,""selected_padded_ffn_width"":768,""selected_tensor_parallel_size"":1,""tensor_parallel_mode"":""moe_tp"",""tensor_parallel_sizes"":[1]}}",2987,0.375,186.6875,186.6875,1.0,0.40709742216270506,0.3007171651306746,1.3766320723133578,3.9278203352590624,0.16812437227987953,skewed,0,vllm_fused,CUDA_EVENT,BF16,generic,generic,none
0.018719999119639397,0.02051199972629547,0.019073600042611362,0.018928000703454018,0.00040546347312845585,20,0.028095999732613564,0.030271999537944794,0.029401599895209074,0.029600000008940697,0.0005640175872475311,20,0.06870400160551071,0.07807999849319458,0.07123840041458607,0.0708480030298233,0.002304968760776535,20,0.5626879930496216,0.5732799768447876,0.5665023922920227,0.5659199953079224,0.002633132506161928,8224,128,16,8,standard_fused_topk,logit_topk,softmax_renorm,True,prefill_hot,ffn_like_prefix_20x,8,2048,768,True,1,"{""moe_gating_linear"":{""dimension_source"":""routed_mlp_hidden_dim"",""effective_ffn_width"":768,""expert_parallel_mode"":""on"",""layer_kind"":""routed"",""operator_family_id"":""moe"",""operator_family_ids"":[""moe""],""profile_id"":""generic"",""selected_expert_parallel_size"":null,""selected_padded_ffn_width"":768,""selected_tensor_parallel_size"":1,""tensor_parallel_mode"":""moe_tp"",""tensor_parallel_sizes"":[1]},""moe_gating_routing_topk"":{""dimension_source"":""routed_mlp_hidden_dim"",""effective_ffn_width"":768,""expert_parallel_mode"":""on"",""layer_kind"":""routed"",""operator_family_id"":""moe"",""operator_family_ids"":[""moe""],""profile_id"":""generic"",""selected_expert_parallel_size"":null,""selected_padded_ffn_width"":768,""selected_tensor_parallel_size"":1,""tensor_parallel_mode"":""moe_tp"",""tensor_parallel_sizes"":[1]},""moe_grouped_gemm"":{""dimension_source"":""routed_mlp_hidden_dim"",""effective_ffn_width"":768,""expert_parallel_mode"":""on"",""layer_kind"":""routed"",""operator_family_id"":""moe"",""operator_family_ids"":[""moe""],""profile_id"":""generic"",""selected_expert_parallel_size"":8,""selected_padded_ffn_width"":768,""selected_tensor_parallel_size"":1,""tensor_parallel_mode"":""moe_tp"",""tensor_parallel_sizes"":[1]},""moe_shuffling"":{""dimension_source"":""routed_mlp_hidden_dim"",""effective_ffn_width"":768,""expert_parallel_mode"":""on"",""layer_kind"":""routed"",""operator_family_id"":""moe"",""operator_family_ids"":[""moe""],""profile_id"":""generic"",""selected_expert_parallel_size"":null,""selected_padded_ffn_width"":768,""selected_tensor_parallel_size"":1,""tensor_parallel_mode"":""moe_tp"",""tensor_parallel_sizes"":[1]}}",8161,0.375,510.0625,510.0625,1.0,0.9332189682636932,0.03800036075838919,1.0743781399338317,3.9989616774789067,0.021435792182330493,uniform,2,vllm_fused,CUDA_EVENT,BF16,generic,generic,none
0.018464000895619392,0.019967999309301376,0.018982400186359882,0.01894400082528591,0.00032153223983296346,20,0.028704000636935234,0.03167999908328056,0.03024480016902089,0.03039999958127737,0.0009266902186129148,20,0.0692799985408783,0.07788799703121185,0.07213119976222515,0.07161600142717361,0.0023210452303152043,20,0.42444801330566406,0.43321600556373596,0.42850399017333984,0.4283199906349182,0.0025901116896420717,8240,128,16,8,standard_fused_topk,logit_topk,softmax_renorm,True,prefill_hot,ffn_like_prefix_20x,8,2048,768,True,1,"{""moe_gating_linear"":{""dimension_source"":""routed_mlp_hidden_dim"",""effective_ffn_width"":768,""expert_parallel_mode"":""on"",""layer_kind"":""routed"",""operator_family_id"":""moe"",""operator_family_ids"":[""moe""],""profile_id"":""generic"",""selected_expert_parallel_size"":null,""selected_padded_ffn_width"":768,""selected_tensor_parallel_size"":1,""tensor_parallel_mode"":""moe_tp"",""tensor_parallel_sizes"":[1]},""moe_gating_routing_topk"":{""dimension_source"":""routed_mlp_hidden_dim"",""effective_ffn_width"":768,""expert_parallel_mode"":""on"",""layer_kind"":""routed"",""operator_family_id"":""moe"",""operator_family_ids"":[""moe""],""profile_id"":""generic"",""selected_expert_parallel_size"":null,""selected_padded_ffn_width"":768,""selected_tensor_parallel_size"":1,""tensor_parallel_mode"":""moe_tp"",""tensor_parallel_sizes"":[1]},""moe_grouped_gemm"":{""dimension_source"":""routed_mlp_hidden_dim"",""effective_ffn_width"":768,""expert_parallel_mode"":""on"",""layer_kind"":""routed"",""operator_family_id"":""moe"",""operator_family_ids"":[""moe""],""profile_id"":""generic"",""selected_expert_parallel_size"":8,""selected_padded_ffn_width"":768,""selected_tensor_parallel_size"":1,""tensor_parallel_mode"":""moe_tp"",""tensor_parallel_sizes"":[1]},""moe_shuffling"":{""dimension_source"":""routed_mlp_hidden_dim"",""effective_ffn_width"":768,""expert_parallel_mode"":""on"",""layer_kind"":""routed"",""operator_family_id"":""moe"",""operator_family_ids"":[""moe""],""profile_id"":""generic"",""selected_expert_parallel_size"":null,""selected_padded_ffn_width"":768,""selected_tensor_parallel_size"":1,""tensor_parallel_mode"":""moe_tp"",""tensor_parallel_sizes"":[1]}}",3030,0.375,189.375,189.375,1.0,0.39603960396039606,0.3266886659032282,1.5207920792079208,3.916811286559641,0.18576732673267338,skewed,2,vllm_fused,CUDA_EVENT,BF16,generic,generic,none
0.018719999119639397,0.020479999482631683,0.019415999855846168,0.01943999994546175,0.0004224575276864393,20,0.02828799933195114,0.031488001346588135,0.029766400065273046,0.029968000017106533,0.0008744025995903571,20,0.06825599819421768,0.07478400319814682,0.07003520093858243,0.06976000219583511,0.0014594392052232012,20,0.5692800283432007,0.5774400234222412,0.5731856226921082,0.5729600191116333,0.0020816316828131676,8272,128,16,8,standard_fused_topk,logit_topk,softmax_renorm,True,prefill_hot,ffn_like_prefix_20x,8,2048,768,True,1,"{""moe_gating_linear"":{""dimension_source"":""routed_mlp_hidden_dim"",""effective_ffn_width"":768,""expert_parallel_mode"":""on"",""layer_kind"":""routed"",""operator_family_id"":""moe"",""operator_family_ids"":[""moe""],""profile_id"":""generic"",""selected_expert_parallel_size"":null,""selected_padded_ffn_width"":768,""selected_tensor_parallel_size"":1,""tensor_parallel_mode"":""moe_tp"",""tensor_parallel_sizes"":[1]},""moe_gating_routing_topk"":{""dimension_source"":""routed_mlp_hidden_dim"",""effective_ffn_width"":768,""expert_parallel_mode"":""on"",""layer_kind"":""routed"",""operator_family_id"":""moe"",""operator_family_ids"":[""moe""],""profile_id"":""generic"",""selected_expert_parallel_size"":null,""selected_padded_ffn_width"":768,""selected_tensor_parallel_size"":1,""tensor_parallel_mode"":""moe_tp"",""tensor_parallel_sizes"":[1]},""moe_grouped_gemm"":{""dimension_source"":""routed_mlp_hidden_dim"",""effective_ffn_width"":768,""expert_parallel_mode"":""on"",""layer_kind"":""routed"",""operator_family_id"":""moe"",""operator_family_ids"":[""moe""],""profile_id"":""generic"",""selected_expert_parallel_size"":8,""selected_padded_ffn_width"":768,""selected_tensor_parallel_size"":1,""tensor_parallel_mode"":""moe_tp"",""tensor_parallel_sizes"":[1]},""moe_shuffling"":{""dimension_source"":""routed_mlp_hidden_dim"",""effective_ffn_width"":768,""expert_parallel_mode"":""on"",""layer_kind"":""routed"",""operator_family_id"":""moe"",""operator_family_ids"":[""moe""],""profile_id"":""generic"",""selected_expert_parallel_size"":null,""selected_padded_ffn_width"":768,""selected_tensor_parallel_size"":1,""tensor_parallel_mode"":""moe_tp"",""tensor_parallel_sizes"":[1]}}",8253,0.375,515.8125,515.8125,1.0,0.8859808554465043,0.044937344118573724,1.0817884405670666,3.9985325637435745,0.02399884890342907,uniform,1,vllm_fused,CUDA_EVENT,BF16,generic,generic,none
0.018848000094294548,0.020287999883294106,0.019398400001227854,0.01937600038945675,0.00036169893223296685,20,0.028736000880599022,0.031136000528931618,0.03006559992209077,0.0301919998601079,0.0008013091426024118,20,0.06800000369548798,0.07558400183916092,0.07080960050225257,0.07044799998402596,0.0018786919106568985,20,0.5693119764328003,0.5875200033187866,0.5782512426376343,0.579584002494812,0.0062327515333890915,8240,128,16,8,standard_fused_topk,logit_topk,softmax_renorm,True,prefill_hot,ffn_like_prefix_20x,8,2048,768,True,1,"{""moe_gating_linear"":{""dimension_source"":""routed_mlp_hidden_dim"",""effective_ffn_width"":768,""expert_parallel_mode"":""on"",""layer_kind"":""routed"",""operator_family_id"":""moe"",""operator_family_ids"":[""moe""],""profile_id"":""generic"",""selected_expert_parallel_size"":null,""selected_padded_ffn_width"":768,""selected_tensor_parallel_size"":1,""tensor_parallel_mode"":""moe_tp"",""tensor_parallel_sizes"":[1]},""moe_gating_routing_topk"":{""dimension_source"":""routed_mlp_hidden_dim"",""effective_ffn_width"":768,""expert_parallel_mode"":""on"",""layer_kind"":""routed"",""operator_family_id"":""moe"",""operator_family_ids"":[""moe""],""profile_id"":""generic"",""selected_expert_parallel_size"":null,""selected_padded_ffn_width"":768,""selected_tensor_parallel_size"":1,""tensor_parallel_mode"":""moe_tp"",""tensor_parallel_sizes"":[1]},""moe_grouped_gemm"":{""dimension_source"":""routed_mlp_hidden_dim"",""effective_ffn_width"":768,""expert_parallel_mode"":""on"",""layer_kind"":""routed"",""operator_family_id"":""moe"",""operator_family_ids"":[""moe""],""profile_id"":""generic"",""selected_expert_parallel_size"":8,""selected_padded_ffn_width"":768,""selected_tensor_parallel_size"":1,""tensor_parallel_mode"":""moe_tp"",""tensor_parallel_sizes"":[1]},""moe_shuffling"":{""dimension_source"":""routed_mlp_hidden_dim"",""effective_ffn_width"":768,""expert_parallel_mode"":""on"",""layer_kind"":""routed"",""operator_family_id"":""moe"",""operator_family_ids"":[""moe""],""profile_id"":""generic"",""selected_expert_parallel_size"":null,""selected_padded_ffn_width"":768,""selected_tensor_parallel_size"":1,""tensor_parallel_mode"":""moe_tp"",""tensor_parallel_sizes"":[1]}}",8221,0.375,513.8125,513.8125,1.0,0.8874832745408101,0.04510176461249309,1.0840530349105948,3.9985236943545446,0.024153083566476052,uniform,1,vllm_fused,CUDA_EVENT,BF16,generic,generic,none
0.018592000007629395,0.020160000771284103,0.01920799994841218,0.019071999937295914,0.0004664625189348377,20,0.028863999992609024,0.030688000842928886,0.029952000174671412,0.03014400042593479,0.0005972954590444664,20,0.06831999868154526,0.07500799745321274,0.07057599946856499,0.07003199681639671,0.001676674681334351,20,0.5687040090560913,0.5841919779777527,0.576638400554657,0.5759999752044678,0.0035319107118993998,8208,128,16,8,standard_fused_topk,logit_topk,softmax_renorm,True,prefill_hot,ffn_like_prefix_20x,8,2048,768,True,1,"{""moe_gating_linear"":{""dimension_source"":""routed_mlp_hidden_dim"",""effective_ffn_width"":768,""expert_parallel_mode"":""on"",""layer_kind"":""routed"",""operator_family_id"":""moe"",""operator_family_ids"":[""moe""],""profile_id"":""generic"",""selected_expert_parallel_size"":null,""selected_padded_ffn_width"":768,""selected_tensor_parallel_size"":1,""tensor_parallel_mode"":""moe_tp"",""tensor_parallel_sizes"":[1]},""moe_gating_routing_topk"":{""dimension_source"":""routed_mlp_hidden_dim"",""effective_ffn_width"":768,""expert_parallel_mode"":""on"",""layer_kind"":""routed"",""operator_family_id"":""moe"",""operator_family_ids"":[""moe""],""profile_id"":""generic"",""selected_expert_parallel_size"":null,""selected_padded_ffn_width"":768,""selected_tensor_parallel_size"":1,""tensor_parallel_mode"":""moe_tp"",""tensor_parallel_sizes"":[1]},""moe_grouped_gemm"":{""dimension_source"":""routed_mlp_hidden_dim"",""effective_ffn_width"":768,""expert_parallel_mode"":""on"",""layer_kind"":""routed"",""operator_family_id"":""moe"",""operator_family_ids"":[""moe""],""profile_id"":""generic"",""selected_expert_parallel_size"":8,""selected_padded_ffn_width"":768,""selected_tensor_parallel_size"":1,""tensor_parallel_mode"":""moe_tp"",""tensor_parallel_sizes"":[1]},""moe_shuffling"":{""dimension_source"":""routed_mlp_hidden_dim"",""effective_ffn_width"":768,""expert_parallel_mode"":""on"",""layer_kind"":""routed"",""operator_family_id"":""moe"",""operator_family_ids"":[""moe""],""profile_id"":""generic"",""selected_expert_parallel_size"":null,""selected_padded_ffn_width"":768,""selected_tensor_parallel_size"":1,""tensor_parallel_mode"":""moe_tp"",""tensor_parallel_sizes"":[1]}}",8143,0.375,508.9375,508.9375,1.0,0.9352818371607515,0.03669030353017169,1.0708584059928774,3.9990319297641723,0.020730995947439546,uniform,2,vllm_fused,CUDA_EVENT,BF16,generic,generic,none
0.018432000651955605,0.020479999482631683,0.01914399992674589,0.0191040001809597,0.0004331096430571248,20,0.02800000086426735,0.030400000512599945,0.0295584000647068,0.029743999242782593,0.0006711688641253167,20,0.0684799998998642,0.07836800068616867,0.07176479995250702,0.0719360001385212,0.0021955188975095333,20,0.5623999834060669,0.5701760053634644,0.565718412399292,0.5651519894599915,0.0022985695395618677,8208,128,16,8,standard_fused_topk,logit_topk,softmax_renorm,True,prefill_hot,ffn_like_prefix_20x,8,2048,768,True,1,"{""moe_gating_linear"":{""dimension_source"":""routed_mlp_hidden_dim"",""effective_ffn_width"":768,""expert_parallel_mode"":""on"",""layer_kind"":""routed"",""operator_family_id"":""moe"",""operator_family_ids"":[""moe""],""profile_id"":""generic"",""selected_expert_parallel_size"":null,""selected_padded_ffn_width"":768,""selected_tensor_parallel_size"":1,""tensor_parallel_mode"":""moe_tp"",""tensor_parallel_sizes"":[1]},""moe_gating_routing_topk"":{""dimension_source"":""routed_mlp_hidden_dim"",""effective_ffn_width"":768,""expert_parallel_mode"":""on"",""layer_kind"":""routed"",""operator_family_id"":""moe"",""operator_family_ids"":[""moe""],""profile_id"":""generic"",""selected_expert_parallel_size"":null,""selected_padded_ffn_width"":768,""selected_tensor_parallel_size"":1,""tensor_parallel_mode"":""moe_tp"",""tensor_parallel_sizes"":[1]},""moe_grouped_gemm"":{""dimension_source"":""routed_mlp_hidden_dim"",""effective_ffn_width"":768,""expert_parallel_mode"":""on"",""layer_kind"":""routed"",""operator_family_id"":""moe"",""operator_family_ids"":[""moe""],""profile_id"":""generic"",""selected_expert_parallel_size"":8,""selected_padded_ffn_width"":768,""selected_tensor_parallel_size"":1,""tensor_parallel_mode"":""moe_tp"",""tensor_parallel_sizes"":[1]},""moe_shuffling"":{""dimension_source"":""routed_mlp_hidden_dim"",""effective_ffn_width"":768,""expert_parallel_mode"":""on"",""layer_kind"":""routed"",""operator_family_id"":""moe"",""operator_family_ids"":[""moe""],""profile_id"":""generic"",""selected_expert_parallel_size"":null,""selected_padded_ffn_width"":768,""selected_tensor_parallel_size"":1,""tensor_parallel_mode"":""moe_tp"",""tensor_parallel_sizes"":[1]}}",8100,0.375,506.25,506.25,1.0,0.9204938271604939,0.04108273962625792,1.0785185185185184,3.9987805451390974,0.02334876543209874,uniform,0,vllm_fused,CUDA_EVENT,BF16,generic,generic,none
0.01881599985063076,0.01990400068461895,0.019241600204259156,0.019247999414801598,0.00029952083814239675,20,0.02828799933195114,0.030432000756263733,0.029499199893325567,0.02969600073993206,0.0005668858048201052,20,0.0756480023264885,0.08124800026416779,0.07741120047867298,0.07726399973034859,0.001206017434470002,20,0.5698239803314209,0.5774719715118408,0.5733311772346497,0.5722240209579468,0.002582284389063716,8272,128,16,8,standard_fused_topk,logit_topk,softmax_renorm,True,prefill_hot,ffn_like_prefix_20x,8,2048,768,True,1,"{""moe_gating_linear"":{""dimension_source"":""routed_mlp_hidden_dim"",""effective_ffn_width"":768,""expert_parallel_mode"":""on"",""layer_kind"":""routed"",""operator_family_id"":""moe"",""operator_family_ids"":[""moe""],""profile_id"":""generic"",""selected_expert_parallel_size"":null,""selected_padded_ffn_width"":768,""selected_tensor_parallel_size"":1,""tensor_parallel_mode"":""moe_tp"",""tensor_parallel_sizes"":[1]},""moe_gating_routing_topk"":{""dimension_source"":""routed_mlp_hidden_dim"",""effective_ffn_width"":768,""expert_parallel_mode"":""on"",""layer_kind"":""routed"",""operator_family_id"":""moe"",""operator_family_ids"":[""moe""],""profile_id"":""generic"",""selected_expert_parallel_size"":null,""selected_padded_ffn_width"":768,""selected_tensor_parallel_size"":1,""tensor_parallel_mode"":""moe_tp"",""tensor_parallel_sizes"":[1]},""moe_grouped_gemm"":{""dimension_source"":""routed_mlp_hidden_dim"",""effective_ffn_width"":768,""expert_parallel_mode"":""on"",""layer_kind"":""routed"",""operator_family_id"":""moe"",""operator_family_ids"":[""moe""],""profile_id"":""generic"",""selected_expert_parallel_size"":8,""selected_padded_ffn_width"":768,""selected_tensor_parallel_size"":1,""tensor_parallel_mode"":""moe_tp"",""tensor_parallel_sizes"":[1]},""moe_shuffling"":{""dimension_source"":""routed_mlp_hidden_dim"",""effective_ffn_width"":768,""expert_parallel_mode"":""on"",""layer_kind"":""routed"",""operator_family_id"":""moe"",""operator_family_ids"":[""moe""],""profile_id"":""generic"",""selected_expert_parallel_size"":null,""selected_padded_ffn_width"":768,""selected_tensor_parallel_size"":1,""tensor_parallel_mode"":""moe_tp"",""tensor_parallel_sizes"":[1]}}",8208,0.375,513.0,513.0,1.0,0.9317738791423001,0.03779867335217411,1.0740740740740742,3.9989727861502478,0.02119883040935666,uniform,2,vllm_fused,CUDA_EVENT,BF16,generic,generic,none
0.01865600049495697,0.02035200037062168,0.019255999941378832,0.019152000546455383,0.00048465746258078123,20,0.028704000636935234,0.031039999797940254,0.0300848001614213,0.030352000147104263,0.0005776220218058046,20,0.07068800181150436,0.08483199775218964,0.07403839975595475,0.07302399724721909,0.003052656970918847,20,1.9156479835510254,1.9405759572982788,1.923884630203247,1.9209280014038086,0.007076757028698921,8256,128,16,8,standard_fused_topk,logit_topk,softmax_renorm,True,prefill_hot,ffn_like_prefix_20x,8,2048,768,True,1,"{""moe_gating_linear"":{""dimension_source"":""routed_mlp_hidden_dim"",""effective_ffn_width"":768,""expert_parallel_mode"":""on"",""layer_kind"":""routed"",""operator_family_id"":""moe"",""operator_family_ids"":[""moe""],""profile_id"":""generic"",""selected_expert_parallel_size"":null,""selected_padded_ffn_width"":768,""selected_tensor_parallel_size"":1,""tensor_parallel_mode"":""moe_tp"",""tensor_parallel_sizes"":[1]},""moe_gating_routing_topk"":{""dimension_source"":""routed_mlp_hidden_dim"",""effective_ffn_width"":768,""expert_parallel_mode"":""on"",""layer_kind"":""routed"",""operator_family_id"":""moe"",""operator_family_ids"":[""moe""],""profile_id"":""generic"",""selected_expert_parallel_size"":null,""selected_padded_ffn_width"":768,""selected_tensor_parallel_size"":1,""tensor_parallel_mode"":""moe_tp"",""tensor_parallel_sizes"":[1]},""moe_grouped_gemm"":{""dimension_source"":""routed_mlp_hidden_dim"",""effective_ffn_width"":768,""expert_parallel_mode"":""on"",""layer_kind"":""routed"",""operator_family_id"":""moe"",""operator_family_ids"":[""moe""],""profile_id"":""generic"",""selected_expert_parallel_size"":8,""selected_padded_ffn_width"":768,""selected_tensor_parallel_size"":1,""tensor_parallel_mode"":""moe_tp"",""tensor_parallel_sizes"":[1]},""moe_shuffling"":{""dimension_source"":""routed_mlp_hidden_dim"",""effective_ffn_width"":768,""expert_parallel_mode"":""on"",""layer_kind"":""routed"",""operator_family_id"":""moe"",""operator_family_ids"":[""moe""],""profile_id"":""generic"",""selected_expert_parallel_size"":null,""selected_padded_ffn_width"":768,""selected_tensor_parallel_size"":1,""tensor_parallel_mode"":""moe_tp"",""tensor_parallel_sizes"":[1]}}",54472,0.375,3404.5,3404.5,1.0,0.025848142164781908,0.96901728943194,1.9738581289469819,3.1151957614192267,0.48542829343515925,extremely_skewed,1,vllm_fused,CUDA_EVENT,BF16,generic,generic,none
0.01852799952030182,0.020191999152302742,0.019265600200742482,0.019120000302791595,0.0005707740292528611,20,0.028224000707268715,0.029791999608278275,0.029270399920642377,0.029519999399781227,0.0005135078583982906,20,0.06854400038719177,0.07542400062084198,0.07064800001680852,0.07015999779105186,0.0016762892839199846,20,0.5582399964332581,0.5710399746894836,0.5639263391494751,0.5635200142860413,0.0032301396131515503,8208,128,16,8,standard_fused_topk,logit_topk,softmax_renorm,True,prefill_hot,ffn_like_prefix_20x,8,2048,768,True,1,"{""moe_gating_linear"":{""dimension_source"":""routed_mlp_hidden_dim"",""effective_ffn_width"":768,""expert_parallel_mode"":""on"",""layer_kind"":""routed"",""operator_family_id"":""moe"",""operator_family_ids"":[""moe""],""profile_id"":""generic"",""selected_expert_parallel_size"":null,""selected_padded_ffn_width"":768,""selected_tensor_parallel_size"":1,""tensor_parallel_mode"":""moe_tp"",""tensor_parallel_sizes"":[1]},""moe_gating_routing_topk"":{""dimension_source"":""routed_mlp_hidden_dim"",""effective_ffn_width"":768,""expert_parallel_mode"":""on"",""layer_kind"":""routed"",""operator_family_id"":""moe"",""operator_family_ids"":[""moe""],""profile_id"":""generic"",""selected_expert_parallel_size"":null,""selected_padded_ffn_width"":768,""selected_tensor_parallel_size"":1,""tensor_parallel_mode"":""moe_tp"",""tensor_parallel_sizes"":[1]},""moe_grouped_gemm"":{""dimension_source"":""routed_mlp_hidden_dim"",""effective_ffn_width"":768,""expert_parallel_mode"":""on"",""layer_kind"":""routed"",""operator_family_id"":""moe"",""operator_family_ids"":[""moe""],""profile_id"":""generic"",""selected_expert_parallel_size"":8,""selected_padded_ffn_width"":768,""selected_tensor_parallel_size"":1,""tensor_parallel_mode"":""moe_tp"",""tensor_parallel_sizes"":[1]},""moe_shuffling"":{""dimension_source"":""routed_mlp_hidden_dim"",""effective_ffn_width"":768,""expert_parallel_mode"":""on"",""layer_kind"":""routed"",""operator_family_id"":""moe"",""operator_family_ids"":[""moe""],""profile_id"":""generic"",""selected_expert_parallel_size"":null,""selected_padded_ffn_width"":768,""selected_tensor_parallel_size"":1,""tensor_parallel_mode"":""moe_tp"",""tensor_parallel_sizes"":[1]}}",8183,0.375,511.4375,511.4375,1.0,0.8896492728828058,0.044393575082196074,1.0832213124770866,3.998569651460534,0.02383752902358549,uniform,1,vllm_fused,CUDA_EVENT,BF16,generic,generic,none
0.018559999763965607,0.02022399939596653,0.019102399982511998,0.01905599981546402,0.0003629532733591303,20,0.028672000393271446,0.03136000037193298,0.03009120002388954,0.03014400042593479,0.0008467779558247148,20,0.06985600292682648,0.07763200253248215,0.07316800020635128,0.07302399724721909,0.0018213172885372666,20,0.4243519902229309,0.43193599581718445,0.42699679732322693,0.42636799812316895,0.001983109163120389,8224,128,16,8,standard_fused_topk,logit_topk,softmax_renorm,True,prefill_hot,ffn_like_prefix_20x,8,2048,768,True,1,"{""moe_gating_linear"":{""dimension_source"":""routed_mlp_hidden_dim"",""effective_ffn_width"":768,""expert_parallel_mode"":""on"",""layer_kind"":""routed"",""operator_family_id"":""moe"",""operator_family_ids"":[""moe""],""profile_id"":""generic"",""selected_expert_parallel_size"":null,""selected_padded_ffn_width"":768,""selected_tensor_parallel_size"":1,""tensor_parallel_mode"":""moe_tp"",""tensor_parallel_sizes"":[1]},""moe_gating_routing_topk"":{""dimension_source"":""routed_mlp_hidden_dim"",""effective_ffn_width"":768,""expert_parallel_mode"":""on"",""layer_kind"":""routed"",""operator_family_id"":""moe"",""operator_family_ids"":[""moe""],""profile_id"":""generic"",""selected_expert_parallel_size"":null,""selected_padded_ffn_width"":768,""selected_tensor_parallel_size"":1,""tensor_parallel_mode"":""moe_tp"",""tensor_parallel_sizes"":[1]},""moe_grouped_gemm"":{""dimension_source"":""routed_mlp_hidden_dim"",""effective_ffn_width"":768,""expert_parallel_mode"":""on"",""layer_kind"":""routed"",""operator_family_id"":""moe"",""operator_family_ids"":[""moe""],""profile_id"":""generic"",""selected_expert_parallel_size"":8,""selected_padded_ffn_width"":768,""selected_tensor_parallel_size"":1,""tensor_parallel_mode"":""moe_tp"",""tensor_parallel_sizes"":[1]},""moe_shuffling"":{""dimension_source"":""routed_mlp_hidden_dim"",""effective_ffn_width"":768,""expert_parallel_mode"":""on"",""layer_kind"":""routed"",""operator_family_id"":""moe"",""operator_family_ids"":[""moe""],""profile_id"":""generic"",""selected_expert_parallel_size"":null,""selected_padded_ffn_width"":768,""selected_tensor_parallel_size"":1,""tensor_parallel_mode"":""moe_tp"",""tensor_parallel_sizes"":[1]}}",3032,0.375,189.5,189.5,1.0,0.39050131926121373,0.3240069013914931,1.4986807387862797,3.9178019832223123,0.18407816622691286,skewed,1,vllm_fused,CUDA_EVENT,BF16,generic,generic,none
0.018751999363303185,0.02035200037062168,0.019289600010961295,0.01919999998062849,0.00038354652665967964,20,0.028416000306606293,0.031039999797940254,0.029705600067973136,0.02985600009560585,0.000692125312346783,20,0.06860800087451935,0.0761599987745285,0.07168480008840561,0.07148800045251846,0.0017904921687008977,20,0.5610560178756714,0.5720639824867249,0.5655968189239502,0.5649920105934143,0.0025196748320013285,8256,128,16,8,standard_fused_topk,logit_topk,softmax_renorm,True,prefill_hot,ffn_like_prefix_20x,8,2048,768,True,1,"{""moe_gating_linear"":{""dimension_source"":""routed_mlp_hidden_dim"",""effective_ffn_width"":768,""expert_parallel_mode"":""on"",""layer_kind"":""routed"",""operator_family_id"":""moe"",""operator_family_ids"":[""moe""],""profile_id"":""generic"",""selected_expert_parallel_size"":null,""selected_padded_ffn_width"":768,""selected_tensor_parallel_size"":1,""tensor_parallel_mode"":""moe_tp"",""tensor_parallel_sizes"":[1]},""moe_gating_routing_topk"":{""dimension_source"":""routed_mlp_hidden_dim"",""effective_ffn_width"":768,""expert_parallel_mode"":""on"",""layer_kind"":""routed"",""operator_family_id"":""moe"",""operator_family_ids"":[""moe""],""profile_id"":""generic"",""selected_expert_parallel_size"":null,""selected_padded_ffn_width"":768,""selected_tensor_parallel_size"":1,""tensor_parallel_mode"":""moe_tp"",""tensor_parallel_sizes"":[1]},""moe_grouped_gemm"":{""dimension_source"":""routed_mlp_hidden_dim"",""effective_ffn_width"":768,""expert_parallel_mode"":""on"",""layer_kind"":""routed"",""operator_family_id"":""moe"",""operator_family_ids"":[""moe""],""profile_id"":""generic"",""selected_expert_parallel_size"":8,""selected_padded_ffn_width"":768,""selected_tensor_parallel_size"":1,""tensor_parallel_mode"":""moe_tp"",""tensor_parallel_sizes"":[1]},""moe_shuffling"":{""dimension_source"":""routed_mlp_hidden_dim"",""effective_ffn_width"":768,""expert_parallel_mode"":""on"",""layer_kind"":""routed"",""operator_family_id"":""moe"",""operator_family_ids"":[""moe""],""profile_id"":""generic"",""selected_expert_parallel_size"":null,""selected_padded_ffn_width"":768,""selected_tensor_parallel_size"":1,""tensor_parallel_mode"":""moe_tp"",""tensor_parallel_sizes"":[1]}}",8156,0.375,509.75,509.75,1.0,0.9220205983325159,0.04033225161858871,1.0750367827366356,3.9988252442914085,0.022973884256988653,uniform,0,vllm_fused,CUDA_EVENT,BF16,generic,generic,none
0.018848000094294548,0.020191999152302742,0.019441600143909454,0.019392000511288643,0.0003561177201583415,20,0.028575999662280083,0.03161599859595299,0.030140799935907125,0.03014400042593479,0.0008846655557514642,20,0.06943999975919724,0.07577600330114365,0.07110240012407303,0.07087999954819679,0.0014646597997033262,20,0.5624639987945557,0.5789440274238586,0.5686720609664917,0.5662400126457214,0.0057696932926774025,8224,128,16,8,standard_fused_topk,logit_topk,softmax_renorm,True,prefill_hot,ffn_like_prefix_20x,8,2048,768,True,1,"{""moe_gating_linear"":{""dimension_source"":""routed_mlp_hidden_dim"",""effective_ffn_width"":768,""expert_parallel_mode"":""on"",""layer_kind"":""routed"",""operator_family_id"":""moe"",""operator_family_ids"":[""moe""],""profile_id"":""generic"",""selected_expert_parallel_size"":null,""selected_padded_ffn_width"":768,""selected_tensor_parallel_size"":1,""tensor_parallel_mode"":""moe_tp"",""tensor_parallel_sizes"":[1]},""moe_gating_routing_topk"":{""dimension_source"":""routed_mlp_hidden_dim"",""effective_ffn_width"":768,""expert_parallel_mode"":""on"",""layer_kind"":""routed"",""operator_family_id"":""moe"",""operator_family_ids"":[""moe""],""profile_id"":""generic"",""selected_expert_parallel_size"":null,""selected_padded_ffn_width"":768,""selected_tensor_parallel_size"":1,""tensor_parallel_mode"":""moe_tp"",""tensor_parallel_sizes"":[1]},""moe_grouped_gemm"":{""dimension_source"":""routed_mlp_hidden_dim"",""effective_ffn_width"":768,""expert_parallel_mode"":""on"",""layer_kind"":""routed"",""operator_family_id"":""moe"",""operator_family_ids"":[""moe""],""profile_id"":""generic"",""selected_expert_parallel_size"":8,""selected_padded_ffn_width"":768,""selected_tensor_parallel_size"":1,""tensor_parallel_mode"":""moe_tp"",""tensor_parallel_sizes"":[1]},""moe_shuffling"":{""dimension_source"":""routed_mlp_hidden_dim"",""effective_ffn_width"":768,""expert_parallel_mode"":""on"",""layer_kind"":""routed"",""operator_family_id"":""moe"",""operator_family_ids"":[""moe""],""profile_id"":""generic"",""selected_expert_parallel_size"":null,""selected_padded_ffn_width"":768,""selected_tensor_parallel_size"":1,""tensor_parallel_mode"":""moe_tp"",""tensor_parallel_sizes"":[1]}}",8122,0.375,507.625,507.625,1.0,0.9180004924895346,0.04148548379532649,1.0795370598374785,3.9987566269471415,0.023547155872937653,uniform,0,vllm_fused,CUDA_EVENT,BF16,generic,generic,none
0.01836800016462803,0.020031999796628952,0.01891999999061227,0.01896000001579523,0.00034403703545965984,20,0.02816000021994114,0.030912000685930252,0.029289600253105164,0.02921600081026554,0.0008502672903248069,20,0.06764800101518631,0.07548800110816956,0.0702384002506733,0.0700640007853508,0.0015815730978682803,20,0.557856023311615,0.5780159831047058,0.5710192322731018,0.573632001876831,0.0061685265973210335,8192,128,16,8,standard_fused_topk,logit_topk,softmax_renorm,True,prefill_hot,ffn_like_prefix_20x,8,2048,768,True,1,"{""moe_gating_linear"":{""dimension_source"":""routed_mlp_hidden_dim"",""effective_ffn_width"":768,""expert_parallel_mode"":""on"",""layer_kind"":""routed"",""operator_family_id"":""moe"",""operator_family_ids"":[""moe""],""profile_id"":""generic"",""selected_expert_parallel_size"":null,""selected_padded_ffn_width"":768,""selected_tensor_parallel_size"":1,""tensor_parallel_mode"":""moe_tp"",""tensor_parallel_sizes"":[1]},""moe_gating_routing_topk"":{""dimension_source"":""routed_mlp_hidden_dim"",""effective_ffn_width"":768,""expert_parallel_mode"":""on"",""layer_kind"":""routed"",""operator_family_id"":""moe"",""operator_family_ids"":[""moe""],""profile_id"":""generic"",""selected_expert_parallel_size"":null,""selected_padded_ffn_width"":768,""selected_tensor_parallel_size"":1,""tensor_parallel_mode"":""moe_tp"",""tensor_parallel_sizes"":[1]},""moe_grouped_gemm"":{""dimension_source"":""routed_mlp_hidden_dim"",""effective_ffn_width"":768,""expert_parallel_mode"":""on"",""layer_kind"":""routed"",""operator_family_id"":""moe"",""operator_family_ids"":[""moe""],""profile_id"":""generic"",""selected_expert_parallel_size"":8,""selected_padded_ffn_width"":768,""selected_tensor_parallel_size"":1,""tensor_parallel_mode"":""moe_tp"",""tensor_parallel_sizes"":[1]},""moe_shuffling"":{""dimension_source"":""routed_mlp_hidden_dim"",""effective_ffn_width"":768,""expert_parallel_mode"":""on"",""layer_kind"":""routed"",""operator_family_id"":""moe"",""operator_family_ids"":[""moe""],""profile_id"":""generic"",""selected_expert_parallel_size"":null,""selected_padded_ffn_width"":768,""selected_tensor_parallel_size"":1,""tensor_parallel_mode"":""moe_tp"",""tensor_parallel_sizes"":[1]}}",8166,0.375,510.375,510.375,1.0,0.8895420034288514,0.04416068324833193,1.0835170217976977,3.9985841541891682,0.023634582414890914,uniform,1,vllm_fused,CUDA_EVENT,BF16,generic,generic,none
0.018624000251293182,0.02038400061428547,0.019203200098127128,0.019152000546455383,0.00038278484699765496,20,0.028416000306606293,0.030559999868273735,0.02947040004655719,0.0295200003311038,0.0006097216865807389,20,0.07129599899053574,0.10735999792814255,0.0758527997881174,0.07375999912619591,0.007419594281555608,20,0.5678079724311829,0.5792639851570129,0.572323203086853,0.5717440247535706,0.0027058832347393036,8256,128,16,8,standard_fused_topk,logit_topk,softmax_renorm,True,prefill_hot,ffn_like_prefix_20x,8,2048,768,True,1,"{""moe_gating_linear"":{""dimension_source"":""routed_mlp_hidden_dim"",""effective_ffn_width"":768,""expert_parallel_mode"":""on"",""layer_kind"":""routed"",""operator_family_id"":""moe"",""operator_family_ids"":[""moe""],""profile_id"":""generic"",""selected_expert_parallel_size"":null,""selected_padded_ffn_width"":768,""selected_tensor_parallel_size"":1,""tensor_parallel_mode"":""moe_tp"",""tensor_parallel_sizes"":[1]},""moe_gating_routing_topk"":{""dimension_source"":""routed_mlp_hidden_dim"",""effective_ffn_width"":768,""expert_parallel_mode"":""on"",""layer_kind"":""routed"",""operator_family_id"":""moe"",""operator_family_ids"":[""moe""],""profile_id"":""generic"",""selected_expert_parallel_size"":null,""selected_padded_ffn_width"":768,""selected_tensor_parallel_size"":1,""tensor_parallel_mode"":""moe_tp"",""tensor_parallel_sizes"":[1]},""moe_grouped_gemm"":{""dimension_source"":""routed_mlp_hidden_dim"",""effective_ffn_width"":768,""expert_parallel_mode"":""on"",""layer_kind"":""routed"",""operator_family_id"":""moe"",""operator_family_ids"":[""moe""],""profile_id"":""generic"",""selected_expert_parallel_size"":8,""selected_padded_ffn_width"":768,""selected_tensor_parallel_size"":1,""tensor_parallel_mode"":""moe_tp"",""tensor_parallel_sizes"":[1]},""moe_shuffling"":{""dimension_source"":""routed_mlp_hidden_dim"",""effective_ffn_width"":768,""expert_parallel_mode"":""on"",""layer_kind"":""routed"",""operator_family_id"":""moe"",""operator_family_ids"":[""moe""],""profile_id"":""generic"",""selected_expert_parallel_size"":null,""selected_padded_ffn_width"":768,""selected_tensor_parallel_size"":1,""tensor_parallel_mode"":""moe_tp"",""tensor_parallel_sizes"":[1]}}",8234,0.375,514.625,514.625,1.0,0.8860820986154967,0.044813362262576026,1.0823415108088414,3.9985408627960806,0.02394036920087439,uniform,1,vllm_fused,CUDA_EVENT,BF16,generic,generic,none
0.018559999763965607,0.020416000857949257,0.01932799993082881,0.019152000546455383,0.0006128648684842272,20,0.028224000707268715,0.030239999294281006,0.02949920007959008,0.02971199993044138,0.0005552044441772091,20,0.0679360032081604,0.10390400141477585,0.07408320009708405,0.07160000130534172,0.007628131252934996,20,1.9093760251998901,1.9249279499053955,1.9147247076034546,1.9140160083770752,0.0032842964865267277,8208,128,16,8,standard_fused_topk,logit_topk,softmax_renorm,True,prefill_hot,ffn_like_prefix_20x,8,2048,768,True,1,"{""moe_gating_linear"":{""dimension_source"":""routed_mlp_hidden_dim"",""effective_ffn_width"":768,""expert_parallel_mode"":""on"",""layer_kind"":""routed"",""operator_family_id"":""moe"",""operator_family_ids"":[""moe""],""profile_id"":""generic"",""selected_expert_parallel_size"":null,""selected_padded_ffn_width"":768,""selected_tensor_parallel_size"":1,""tensor_parallel_mode"":""moe_tp"",""tensor_parallel_sizes"":[1]},""moe_gating_routing_topk"":{""dimension_source"":""routed_mlp_hidden_dim"",""effective_ffn_width"":768,""expert_parallel_mode"":""on"",""layer_kind"":""routed"",""operator_family_id"":""moe"",""operator_family_ids"":[""moe""],""profile_id"":""generic"",""selected_expert_parallel_size"":null,""selected_padded_ffn_width"":768,""selected_tensor_parallel_size"":1,""tensor_parallel_mode"":""moe_tp"",""tensor_parallel_sizes"":[1]},""moe_grouped_gemm"":{""dimension_source"":""routed_mlp_hidden_dim"",""effective_ffn_width"":768,""expert_parallel_mode"":""on"",""layer_kind"":""routed"",""operator_family_id"":""moe"",""operator_family_ids"":[""moe""],""profile_id"":""generic"",""selected_expert_parallel_size"":8,""selected_padded_ffn_width"":768,""selected_tensor_parallel_size"":1,""tensor_parallel_mode"":""moe_tp"",""tensor_parallel_sizes"":[1]},""moe_shuffling"":{""dimension_source"":""routed_mlp_hidden_dim"",""effective_ffn_width"":768,""expert_parallel_mode"":""on"",""layer_kind"":""routed"",""operator_family_id"":""moe"",""operator_family_ids"":[""moe""],""profile_id"":""generic"",""selected_expert_parallel_size"":null,""selected_padded_ffn_width"":768,""selected_tensor_parallel_size"":1,""tensor_parallel_mode"":""moe_tp"",""tensor_parallel_sizes"":[1]}}",54427,0.375,3401.6875,3401.6875,1.0,0.024693626325169492,0.970757937453837,1.9769599647233909,3.1098953400679097,0.48641414187811205,extremely_skewed,2,vllm_fused,CUDA_EVENT,BF16,generic,generic,none
0.018624000251293182,0.019936000928282738,0.019054400082677603,0.01905599981546402,0.00031148277753940376,20,0.028351999819278717,0.029888000339269638,0.029382400028407574,0.02956799976527691,0.00048282883635439343,20,0.06940799951553345,0.07552000135183334,0.07117919996380806,0.07107199728488922,0.0014254299393358025,20,0.5586559772491455,0.574400007724762,0.5650016069412231,0.5640000104904175,0.004098854959011078,8192,128,16,8,standard_fused_topk,logit_topk,softmax_renorm,True,prefill_hot,ffn_like_prefix_20x,8,2048,768,True,1,"{""moe_gating_linear"":{""dimension_source"":""routed_mlp_hidden_dim"",""effective_ffn_width"":768,""expert_parallel_mode"":""on"",""layer_kind"":""routed"",""operator_family_id"":""moe"",""operator_family_ids"":[""moe""],""profile_id"":""generic"",""selected_expert_parallel_size"":null,""selected_padded_ffn_width"":768,""selected_tensor_parallel_size"":1,""tensor_parallel_mode"":""moe_tp"",""tensor_parallel_sizes"":[1]},""moe_gating_routing_topk"":{""dimension_source"":""routed_mlp_hidden_dim"",""effective_ffn_width"":768,""expert_parallel_mode"":""on"",""layer_kind"":""routed"",""operator_family_id"":""moe"",""operator_family_ids"":[""moe""],""profile_id"":""generic"",""selected_expert_parallel_size"":null,""selected_padded_ffn_width"":768,""selected_tensor_parallel_size"":1,""tensor_parallel_mode"":""moe_tp"",""tensor_parallel_sizes"":[1]},""moe_grouped_gemm"":{""dimension_source"":""routed_mlp_hidden_dim"",""effective_ffn_width"":768,""expert_parallel_mode"":""on"",""layer_kind"":""routed"",""operator_family_id"":""moe"",""operator_family_ids"":[""moe""],""profile_id"":""generic"",""selected_expert_parallel_size"":8,""selected_padded_ffn_width"":768,""selected_tensor_parallel_size"":1,""tensor_parallel_mode"":""moe_tp"",""tensor_parallel_sizes"":[1]},""moe_shuffling"":{""dimension_source"":""routed_mlp_hidden_dim"",""effective_ffn_width"":768,""expert_parallel_mode"":""on"",""layer_kind"":""routed"",""operator_family_id"":""moe"",""operator_family_ids"":[""moe""],""profile_id"":""generic"",""selected_expert_parallel_size"":null,""selected_padded_ffn_width"":768,""selected_tensor_parallel_size"":1,""tensor_parallel_mode"":""moe_tp"",""tensor_parallel_sizes"":[1]}}",8086,0.375,505.375,505.375,1.0,0.9220875587435073,0.04078578716533856,1.076428394756369,3.9987981606541894,0.023219144199851494,uniform,0,vllm_fused,CUDA_EVENT,BF16,generic,generic,none
0.013504000380635262,0.014879999682307243,0.014121599961072206,0.01408000010997057,0.0003580712660804024,20,0.022175999358296394,0.024032000452280045,0.023332800157368182,0.023552000522613525,0.0005628066977853484,20,0.044064000248909,0.052928000688552856,0.0451359998434782,0.04443199932575226,0.0019369255087449545,20,0.32624000310897827,0.34191998839378357,0.3322303891181946,0.33078399300575256,0.0045323241502046585,4224,128,16,8,standard_fused_topk,logit_topk,softmax_renorm,True,prefill_hot,ffn_like_prefix_20x,8,2048,768,True,1,"{""moe_gating_linear"":{""dimension_source"":""routed_mlp_hidden_dim"",""effective_ffn_width"":768,""expert_parallel_mode"":""on"",""layer_kind"":""routed"",""operator_family_id"":""moe"",""operator_family_ids"":[""moe""],""profile_id"":""generic"",""selected_expert_parallel_size"":null,""selected_padded_ffn_width"":768,""selected_tensor_parallel_size"":1,""tensor_parallel_mode"":""moe_tp"",""tensor_parallel_sizes"":[1]},""moe_gating_routing_topk"":{""dimension_source"":""routed_mlp_hidden_dim"",""effective_ffn_width"":768,""expert_parallel_mode"":""on"",""layer_kind"":""routed"",""operator_family_id"":""moe"",""operator_family_ids"":[""moe""],""profile_id"":""generic"",""selected_expert_parallel_size"":null,""selected_padded_ffn_width"":768,""selected_tensor_parallel_size"":1,""tensor_parallel_mode"":""moe_tp"",""tensor_parallel_sizes"":[1]},""moe_grouped_gemm"":{""dimension_source"":""routed_mlp_hidden_dim"",""effective_ffn_width"":768,""expert_parallel_mode"":""on"",""layer_kind"":""routed"",""operator_family_id"":""moe"",""operator_family_ids"":[""moe""],""profile_id"":""generic"",""selected_expert_parallel_size"":8,""selected_padded_ffn_width"":768,""selected_tensor_parallel_size"":1,""tensor_parallel_mode"":""moe_tp"",""tensor_parallel_sizes"":[1]},""moe_shuffling"":{""dimension_source"":""routed_mlp_hidden_dim"",""effective_ffn_width"":768,""expert_parallel_mode"":""on"",""layer_kind"":""routed"",""operator_family_id"":""moe"",""operator_family_ids"":[""moe""],""profile_id"":""generic"",""selected_expert_parallel_size"":null,""selected_padded_ffn_width"":768,""selected_tensor_parallel_size"":1,""tensor_parallel_mode"":""moe_tp"",""tensor_parallel_sizes"":[1]}}",4220,0.375,263.75,263.75,1.0,0.8720379146919431,0.06660074756622246,1.0881516587677724,3.996752168395625,0.03720379146919428,uniform,0,vllm_fused,CUDA_EVENT,BF16,generic,generic,none
0.018559999763965607,0.019487999379634857,0.01905599981546402,0.019071999937295914,0.0002774050718213178,20,0.028704000636935234,0.03097599931061268,0.02985600000247359,0.03001599945127964,0.0006395197404484989,20,0.0708480030298233,0.07833600044250488,0.07258879952132702,0.07214399799704552,0.0016354911062139554,20,0.41942399740219116,0.43667200207710266,0.43031683564186096,0.43212801218032837,0.005370406433939934,8208,128,16,8,standard_fused_topk,logit_topk,softmax_renorm,True,prefill_hot,ffn_like_prefix_20x,8,2048,768,True,1,"{""moe_gating_linear"":{""dimension_source"":""routed_mlp_hidden_dim"",""effective_ffn_width"":768,""expert_parallel_mode"":""on"",""layer_kind"":""routed"",""operator_family_id"":""moe"",""operator_family_ids"":[""moe""],""profile_id"":""generic"",""selected_expert_parallel_size"":null,""selected_padded_ffn_width"":768,""selected_tensor_parallel_size"":1,""tensor_parallel_mode"":""moe_tp"",""tensor_parallel_sizes"":[1]},""moe_gating_routing_topk"":{""dimension_source"":""routed_mlp_hidden_dim"",""effective_ffn_width"":768,""expert_parallel_mode"":""on"",""layer_kind"":""routed"",""operator_family_id"":""moe"",""operator_family_ids"":[""moe""],""profile_id"":""generic"",""selected_expert_parallel_size"":null,""selected_padded_ffn_width"":768,""selected_tensor_parallel_size"":1,""tensor_parallel_mode"":""moe_tp"",""tensor_parallel_sizes"":[1]},""moe_grouped_gemm"":{""dimension_source"":""routed_mlp_hidden_dim"",""effective_ffn_width"":768,""expert_parallel_mode"":""on"",""layer_kind"":""routed"",""operator_family_id"":""moe"",""operator_family_ids"":[""moe""],""profile_id"":""generic"",""selected_expert_parallel_size"":8,""selected_padded_ffn_width"":768,""selected_tensor_parallel_size"":1,""tensor_parallel_mode"":""moe_tp"",""tensor_parallel_sizes"":[1]},""moe_shuffling"":{""dimension_source"":""routed_mlp_hidden_dim"",""effective_ffn_width"":768,""expert_parallel_mode"":""on"",""layer_kind"":""routed"",""operator_family_id"":""moe"",""operator_family_ids"":[""moe""],""profile_id"":""generic"",""selected_expert_parallel_size"":null,""selected_padded_ffn_width"":768,""selected_tensor_parallel_size"":1,""tensor_parallel_mode"":""moe_tp"",""tensor_parallel_sizes"":[1]}}",2961,0.375,185.0625,185.0625,1.0,0.40526849037487334,0.3003636433859322,1.3725092874029043,3.927838074724114,0.16786980749746716,skewed,0,vllm_fused,CUDA_EVENT,BF16,generic,generic,none
0.01852799952030182,0.020416000857949257,0.019567999988794327,0.019311999902129173,0.0005707764564267457,20,0.02848000079393387,0.03062400035560131,0.02997440006583929,0.03017600066959858,0.0005818459260092847,20,0.06838399916887283,0.0759039968252182,0.07148640044033527,0.07160000130534172,0.001526049591196492,20,1.9070080518722534,1.9290239810943604,1.9151232242584229,1.911903977394104,0.007544006686657667,8240,128,16,8,standard_fused_topk,logit_topk,softmax_renorm,True,prefill_hot,ffn_like_prefix_20x,8,2048,768,True,1,"{""moe_gating_linear"":{""dimension_source"":""routed_mlp_hidden_dim"",""effective_ffn_width"":768,""expert_parallel_mode"":""on"",""layer_kind"":""routed"",""operator_family_id"":""moe"",""operator_family_ids"":[""moe""],""profile_id"":""generic"",""selected_expert_parallel_size"":null,""selected_padded_ffn_width"":768,""selected_tensor_parallel_size"":1,""tensor_parallel_mode"":""moe_tp"",""tensor_parallel_sizes"":[1]},""moe_gating_routing_topk"":{""dimension_source"":""routed_mlp_hidden_dim"",""effective_ffn_width"":768,""expert_parallel_mode"":""on"",""layer_kind"":""routed"",""operator_family_id"":""moe"",""operator_family_ids"":[""moe""],""profile_id"":""generic"",""selected_expert_parallel_size"":null,""selected_padded_ffn_width"":768,""selected_tensor_parallel_size"":1,""tensor_parallel_mode"":""moe_tp"",""tensor_parallel_sizes"":[1]},""moe_grouped_gemm"":{""dimension_source"":""routed_mlp_hidden_dim"",""effective_ffn_width"":768,""expert_parallel_mode"":""on"",""layer_kind"":""routed"",""operator_family_id"":""moe"",""operator_family_ids"":[""moe""],""profile_id"":""generic"",""selected_expert_parallel_size"":8,""selected_padded_ffn_width"":768,""selected_tensor_parallel_size"":1,""tensor_parallel_mode"":""moe_tp"",""tensor_parallel_sizes"":[1]},""moe_shuffling"":{""dimension_source"":""routed_mlp_hidden_dim"",""effective_ffn_width"":768,""expert_parallel_mode"":""on"",""layer_kind"":""routed"",""operator_family_id"":""moe"",""operator_family_ids"":[""moe""],""profile_id"":""generic"",""selected_expert_parallel_size"":null,""selected_padded_ffn_width"":768,""selected_tensor_parallel_size"":1,""tensor_parallel_mode"":""moe_tp"",""tensor_parallel_sizes"":[1]}}",54171,0.375,3385.6875,3385.6875,1.0,0.026287127799006847,0.970285193703583,1.9762603607096048,3.11141775867267,0.4860545771722877,extremely_skewed,0,vllm_fused,CUDA_EVENT,BF16,generic,generic,none
0.018559999763965607,0.020287999883294106,0.019334399979561566,0.01937600038945675,0.0004248413475359245,20,0.028224000707268715,0.03094400092959404,0.02959519987925887,0.02980799973011017,0.0007558555236579892,20,0.06614399701356888,0.07446400076150894,0.06799520067870617,0.06774400174617767,0.0017421724688696542,20,1.9427839517593384,1.9520000219345093,1.9476159811019897,1.947648048400879,0.002390308538451791,8256,128,16,8,standard_fused_topk,logit_topk,softmax_renorm,True,prefill_hot,ffn_like_prefix_20x,8,2048,768,True,1,"{""moe_gating_linear"":{""dimension_source"":""routed_mlp_hidden_dim"",""effective_ffn_width"":768,""expert_parallel_mode"":""on"",""layer_kind"":""routed"",""operator_family_id"":""moe"",""operator_family_ids"":[""moe""],""profile_id"":""generic"",""selected_expert_parallel_size"":null,""selected_padded_ffn_width"":768,""selected_tensor_parallel_size"":1,""tensor_parallel_mode"":""moe_tp"",""tensor_parallel_sizes"":[1]},""moe_gating_routing_topk"":{""dimension_source"":""routed_mlp_hidden_dim"",""effective_ffn_width"":768,""expert_parallel_mode"":""on"",""layer_kind"":""routed"",""operator_family_id"":""moe"",""operator_family_ids"":[""moe""],""profile_id"":""generic"",""selected_expert_parallel_size"":null,""selected_padded_ffn_width"":768,""selected_tensor_parallel_size"":1,""tensor_parallel_mode"":""moe_tp"",""tensor_parallel_sizes"":[1]},""moe_grouped_gemm"":{""dimension_source"":""routed_mlp_hidden_dim"",""effective_ffn_width"":768,""expert_parallel_mode"":""on"",""layer_kind"":""routed"",""operator_family_id"":""moe"",""operator_family_ids"":[""moe""],""profile_id"":""generic"",""selected_expert_parallel_size"":8,""selected_padded_ffn_width"":768,""selected_tensor_parallel_size"":1,""tensor_parallel_mode"":""moe_tp"",""tensor_parallel_sizes"":[1]},""moe_shuffling"":{""dimension_source"":""routed_mlp_hidden_dim"",""effective_ffn_width"":768,""expert_parallel_mode"":""on"",""layer_kind"":""routed"",""operator_family_id"":""moe"",""operator_family_ids"":[""moe""],""profile_id"":""generic"",""selected_expert_parallel_size"":null,""selected_padded_ffn_width"":768,""selected_tensor_parallel_size"":1,""tensor_parallel_mode"":""moe_tp"",""tensor_parallel_sizes"":[1]}}",54730,0.375,3420.625,3420.625,1.0,0.024849260003654304,0.9705907745864059,1.9768317193495342,3.110412302378852,0.4863306230586515,extremely_skewed,2,vllm_fused,CUDA_EVENT,BF16,generic,generic,none
0.018783999606966972,0.020864000543951988,0.019604799803346395,0.01945599913597107,0.0005595222103116673,20,0.028672000393271446,0.03139200061559677,0.030075200088322162,0.030079999938607216,0.0007906835031828921,20,0.07440000027418137,0.08195199817419052,0.07598400004208088,0.07529599964618683,0.0017114915587456393,20,1.9229120016098022,1.9450559616088867,1.938096046447754,1.938048005104065,0.004250698257237673,8224,128,16,8,standard_fused_topk,logit_topk,softmax_renorm,True,prefill_hot,ffn_like_prefix_20x,8,2048,768,True,1,"{""moe_gating_linear"":{""dimension_source"":""routed_mlp_hidden_dim"",""effective_ffn_width"":768,""expert_parallel_mode"":""on"",""layer_kind"":""routed"",""operator_family_id"":""moe"",""operator_family_ids"":[""moe""],""profile_id"":""generic"",""selected_expert_parallel_size"":null,""selected_padded_ffn_width"":768,""selected_tensor_parallel_size"":1,""tensor_parallel_mode"":""moe_tp"",""tensor_parallel_sizes"":[1]},""moe_gating_routing_topk"":{""dimension_source"":""routed_mlp_hidden_dim"",""effective_ffn_width"":768,""expert_parallel_mode"":""on"",""layer_kind"":""routed"",""operator_family_id"":""moe"",""operator_family_ids"":[""moe""],""profile_id"":""generic"",""selected_expert_parallel_size"":null,""selected_padded_ffn_width"":768,""selected_tensor_parallel_size"":1,""tensor_parallel_mode"":""moe_tp"",""tensor_parallel_sizes"":[1]},""moe_grouped_gemm"":{""dimension_source"":""routed_mlp_hidden_dim"",""effective_ffn_width"":768,""expert_parallel_mode"":""on"",""layer_kind"":""routed"",""operator_family_id"":""moe"",""operator_family_ids"":[""moe""],""profile_id"":""generic"",""selected_expert_parallel_size"":8,""selected_padded_ffn_width"":768,""selected_tensor_parallel_size"":1,""tensor_parallel_mode"":""moe_tp"",""tensor_parallel_sizes"":[1]},""moe_shuffling"":{""dimension_source"":""routed_mlp_hidden_dim"",""effective_ffn_width"":768,""expert_parallel_mode"":""on"",""layer_kind"":""routed"",""operator_family_id"":""moe"",""operator_family_ids"":[""moe""],""profile_id"":""generic"",""selected_expert_parallel_size"":null,""selected_padded_ffn_width"":768,""selected_tensor_parallel_size"":1,""tensor_parallel_mode"":""moe_tp"",""tensor_parallel_sizes"":[1]}}",54531,0.375,3408.1875,3408.1875,1.0,0.024939942418074124,0.9706301929676516,1.9770039060350992,3.1102883239981183,0.48635065375657893,extremely_skewed,2,vllm_fused,CUDA_EVENT,BF16,generic,generic,none
0.018559999763965607,0.019967999309301376,0.019283199962228537,0.019231999292969704,0.0003543775442056308,20,0.02844800055027008,0.031199999153614044,0.03009120002388954,0.030368000268936157,0.0008517214363816322,20,0.07785599678754807,0.0820159986615181,0.07925760038197041,0.07891200110316277,0.0010548159208739448,20,0.5631999969482422,0.5728639960289001,0.5654687881469727,0.5644159913063049,0.002469621831551194,8240,128,16,8,standard_fused_topk,logit_topk,softmax_renorm,True,prefill_hot,ffn_like_prefix_20x,8,2048,768,True,1,"{""moe_gating_linear"":{""dimension_source"":""routed_mlp_hidden_dim"",""effective_ffn_width"":768,""expert_parallel_mode"":""on"",""layer_kind"":""routed"",""operator_family_id"":""moe"",""operator_family_ids"":[""moe""],""profile_id"":""generic"",""selected_expert_parallel_size"":null,""selected_padded_ffn_width"":768,""selected_tensor_parallel_size"":1,""tensor_parallel_mode"":""moe_tp"",""tensor_parallel_sizes"":[1]},""moe_gating_routing_topk"":{""dimension_source"":""routed_mlp_hidden_dim"",""effective_ffn_width"":768,""expert_parallel_mode"":""on"",""layer_kind"":""routed"",""operator_family_id"":""moe"",""operator_family_ids"":[""moe""],""profile_id"":""generic"",""selected_expert_parallel_size"":null,""selected_padded_ffn_width"":768,""selected_tensor_parallel_size"":1,""tensor_parallel_mode"":""moe_tp"",""tensor_parallel_sizes"":[1]},""moe_grouped_gemm"":{""dimension_source"":""routed_mlp_hidden_dim"",""effective_ffn_width"":768,""expert_parallel_mode"":""on"",""layer_kind"":""routed"",""operator_family_id"":""moe"",""operator_family_ids"":[""moe""],""profile_id"":""generic"",""selected_expert_parallel_size"":8,""selected_padded_ffn_width"":768,""selected_tensor_parallel_size"":1,""tensor_parallel_mode"":""moe_tp"",""tensor_parallel_sizes"":[1]},""moe_shuffling"":{""dimension_source"":""routed_mlp_hidden_dim"",""effective_ffn_width"":768,""expert_parallel_mode"":""on"",""layer_kind"":""routed"",""operator_family_id"":""moe"",""operator_family_ids"":[""moe""],""profile_id"":""generic"",""selected_expert_parallel_size"":null,""selected_padded_ffn_width"":768,""selected_tensor_parallel_size"":1,""tensor_parallel_mode"":""moe_tp"",""tensor_parallel_sizes"":[1]}}",8141,0.375,508.8125,508.8125,1.0,0.9178233632231912,0.04158850278897694,1.0770175654096548,3.998750375546496,0.023668775334725556,uniform,0,vllm_fused,CUDA_EVENT,BF16,generic,generic,none
0.013504000380635262,0.014911999925971031,0.014067200105637312,0.014016000088304281,0.0003356798013059194,20,0.02195199951529503,0.024064000695943832,0.023320000059902667,0.023504000157117844,0.000573762541475575,20,0.05225599929690361,0.07123199850320816,0.05439519993960858,0.05350400134921074,0.003986784571011268,20,1.029919981956482,1.0395840406417847,1.0335279703140259,1.0331519842147827,0.0024434176739305258,4224,128,16,8,standard_fused_topk,logit_topk,softmax_renorm,True,prefill_hot,ffn_like_prefix_20x,8,2048,768,True,1,"{""moe_gating_linear"":{""dimension_source"":""routed_mlp_hidden_dim"",""effective_ffn_width"":768,""expert_parallel_mode"":""on"",""layer_kind"":""routed"",""operator_family_id"":""moe"",""operator_family_ids"":[""moe""],""profile_id"":""generic"",""selected_expert_parallel_size"":null,""selected_padded_ffn_width"":768,""selected_tensor_parallel_size"":1,""tensor_parallel_mode"":""moe_tp"",""tensor_parallel_sizes"":[1]},""moe_gating_routing_topk"":{""dimension_source"":""routed_mlp_hidden_dim"",""effective_ffn_width"":768,""expert_parallel_mode"":""on"",""layer_kind"":""routed"",""operator_family_id"":""moe"",""operator_family_ids"":[""moe""],""profile_id"":""generic"",""selected_expert_parallel_size"":null,""selected_padded_ffn_width"":768,""selected_tensor_parallel_size"":1,""tensor_parallel_mode"":""moe_tp"",""tensor_parallel_sizes"":[1]},""moe_grouped_gemm"":{""dimension_source"":""routed_mlp_hidden_dim"",""effective_ffn_width"":768,""expert_parallel_mode"":""on"",""layer_kind"":""routed"",""operator_family_id"":""moe"",""operator_family_ids"":[""moe""],""profile_id"":""generic"",""selected_expert_parallel_size"":8,""selected_padded_ffn_width"":768,""selected_tensor_parallel_size"":1,""tensor_parallel_mode"":""moe_tp"",""tensor_parallel_sizes"":[1]},""moe_shuffling"":{""dimension_source"":""routed_mlp_hidden_dim"",""effective_ffn_width"":768,""expert_parallel_mode"":""on"",""layer_kind"":""routed"",""operator_family_id"":""moe"",""operator_family_ids"":[""moe""],""profile_id"":""generic"",""selected_expert_parallel_size"":null,""selected_padded_ffn_width"":768,""selected_tensor_parallel_size"":1,""tensor_parallel_mode"":""moe_tp"",""tensor_parallel_sizes"":[1]}}",28093,0.375,1755.8125,1755.8125,1.0,0.024490086498415976,0.9710312239572615,1.978001637418574,3.1091434087507097,0.4864846225038266,extremely_skewed,2,vllm_fused,CUDA_EVENT,BF16,generic,generic,none
0.01865600049495697,0.02022399939596653,0.019216000102460384,0.01918400079011917,0.00036966587682198224,20,0.02860799990594387,0.030432000756263733,0.029816000163555144,0.029983999207615852,0.0005403998913475652,20,0.06764800101518631,0.07571200281381607,0.07040800005197526,0.0700800009071827,0.0020112420728180176,20,0.5620480179786682,0.5831360220909119,0.5726991891860962,0.5752639770507812,0.006717015523463488,8192,128,16,8,standard_fused_topk,logit_topk,softmax_renorm,True,prefill_hot,ffn_like_prefix_20x,8,2048,768,True,1,"{""moe_gating_linear"":{""dimension_source"":""routed_mlp_hidden_dim"",""effective_ffn_width"":768,""expert_parallel_mode"":""on"",""layer_kind"":""routed"",""operator_family_id"":""moe"",""operator_family_ids"":[""moe""],""profile_id"":""generic"",""selected_expert_parallel_size"":null,""selected_padded_ffn_width"":768,""selected_tensor_parallel_size"":1,""tensor_parallel_mode"":""moe_tp"",""tensor_parallel_sizes"":[1]},""moe_gating_routing_topk"":{""dimension_source"":""routed_mlp_hidden_dim"",""effective_ffn_width"":768,""expert_parallel_mode"":""on"",""layer_kind"":""routed"",""operator_family_id"":""moe"",""operator_family_ids"":[""moe""],""profile_id"":""generic"",""selected_expert_parallel_size"":null,""selected_padded_ffn_width"":768,""selected_tensor_parallel_size"":1,""tensor_parallel_mode"":""moe_tp"",""tensor_parallel_sizes"":[1]},""moe_grouped_gemm"":{""dimension_source"":""routed_mlp_hidden_dim"",""effective_ffn_width"":768,""expert_parallel_mode"":""on"",""layer_kind"":""routed"",""operator_family_id"":""moe"",""operator_family_ids"":[""moe""],""profile_id"":""generic"",""selected_expert_parallel_size"":8,""selected_padded_ffn_width"":768,""selected_tensor_parallel_size"":1,""tensor_parallel_mode"":""moe_tp"",""tensor_parallel_sizes"":[1]},""moe_shuffling"":{""dimension_source"":""routed_mlp_hidden_dim"",""effective_ffn_width"":768,""expert_parallel_mode"":""on"",""layer_kind"":""routed"",""operator_family_id"":""moe"",""operator_family_ids"":[""moe""],""profile_id"":""generic"",""selected_expert_parallel_size"":null,""selected_padded_ffn_width"":768,""selected_tensor_parallel_size"":1,""tensor_parallel_mode"":""moe_tp"",""tensor_parallel_sizes"":[1]}}",8132,0.375,508.25,508.25,1.0,0.9345794392523364,0.03723726929914439,1.072306935563207,3.9990031669699038,0.020997294638465336,uniform,2,vllm_fused,CUDA_EVENT,BF16,generic,generic,none
0.018624000251293182,0.020447999238967896,0.01917439987882972,0.019152000546455383,0.0004313000500729841,20,0.029055999591946602,0.030848000198602676,0.03012480018660426,0.030319999903440475,0.0005455413393051227,20,0.07334399968385696,0.07900799810886383,0.07615679986774922,0.07607999816536903,0.0013058148967565971,20,0.42208001017570496,0.4415999948978424,0.42741280794143677,0.42662400007247925,0.004082109779119492,8224,128,16,8,standard_fused_topk,logit_topk,softmax_renorm,True,prefill_hot,ffn_like_prefix_20x,8,2048,768,True,1,"{""moe_gating_linear"":{""dimension_source"":""routed_mlp_hidden_dim"",""effective_ffn_width"":768,""expert_parallel_mode"":""on"",""layer_kind"":""routed"",""operator_family_id"":""moe"",""operator_family_ids"":[""moe""],""profile_id"":""generic"",""selected_expert_parallel_size"":null,""selected_padded_ffn_width"":768,""selected_tensor_parallel_size"":1,""tensor_parallel_mode"":""moe_tp"",""tensor_parallel_sizes"":[1]},""moe_gating_routing_topk"":{""dimension_source"":""routed_mlp_hidden_dim"",""effective_ffn_width"":768,""expert_parallel_mode"":""on"",""layer_kind"":""routed"",""operator_family_id"":""moe"",""operator_family_ids"":[""moe""],""profile_id"":""generic"",""selected_expert_parallel_size"":null,""selected_padded_ffn_width"":768,""selected_tensor_parallel_size"":1,""tensor_parallel_mode"":""moe_tp"",""tensor_parallel_sizes"":[1]},""moe_grouped_gemm"":{""dimension_source"":""routed_mlp_hidden_dim"",""effective_ffn_width"":768,""expert_parallel_mode"":""on"",""layer_kind"":""routed"",""operator_family_id"":""moe"",""operator_family_ids"":[""moe""],""profile_id"":""generic"",""selected_expert_parallel_size"":8,""selected_padded_ffn_width"":768,""selected_tensor_parallel_size"":1,""tensor_parallel_mode"":""moe_tp"",""tensor_parallel_sizes"":[1]},""moe_shuffling"":{""dimension_source"":""routed_mlp_hidden_dim"",""effective_ffn_width"":768,""expert_parallel_mode"":""on"",""layer_kind"":""routed"",""operator_family_id"":""moe"",""operator_family_ids"":[""moe""],""profile_id"":""generic"",""selected_expert_parallel_size"":null,""selected_padded_ffn_width"":768,""selected_tensor_parallel_size"":1,""tensor_parallel_mode"":""moe_tp"",""tensor_parallel_sizes"":[1]}}",3023,0.375,188.9375,188.9375,1.0,0.39695666556400927,0.327437620605868,1.5243135957657956,3.9164998307752397,0.18634220972543836,skewed,2,vllm_fused,CUDA_EVENT,BF16,generic,generic,none
0.018559999763965607,0.02022399939596653,0.018985600024461747,0.01889600045979023,0.0004328998064915438,20,0.02812799997627735,0.030079999938607216,0.02931199995800853,0.029551999643445015,0.0005932526996175409,20,0.066880002617836,0.07257600128650665,0.06879839971661568,0.06888000294566154,0.0014039018162379777,20,1.9084160327911377,1.9190720319747925,1.9132640361785889,1.9135680198669434,0.0028865798376500607,8192,128,16,8,standard_fused_topk,logit_topk,softmax_renorm,True,prefill_hot,ffn_like_prefix_20x,8,2048,768,True,1,"{""moe_gating_linear"":{""dimension_source"":""routed_mlp_hidden_dim"",""effective_ffn_width"":768,""expert_parallel_mode"":""on"",""layer_kind"":""routed"",""operator_family_id"":""moe"",""operator_family_ids"":[""moe""],""profile_id"":""generic"",""selected_expert_parallel_size"":null,""selected_padded_ffn_width"":768,""selected_tensor_parallel_size"":1,""tensor_parallel_mode"":""moe_tp"",""tensor_parallel_sizes"":[1]},""moe_gating_routing_topk"":{""dimension_source"":""routed_mlp_hidden_dim"",""effective_ffn_width"":768,""expert_parallel_mode"":""on"",""layer_kind"":""routed"",""operator_family_id"":""moe"",""operator_family_ids"":[""moe""],""profile_id"":""generic"",""selected_expert_parallel_size"":null,""selected_padded_ffn_width"":768,""selected_tensor_parallel_size"":1,""tensor_parallel_mode"":""moe_tp"",""tensor_parallel_sizes"":[1]},""moe_grouped_gemm"":{""dimension_source"":""routed_mlp_hidden_dim"",""effective_ffn_width"":768,""expert_parallel_mode"":""on"",""layer_kind"":""routed"",""operator_family_id"":""moe"",""operator_family_ids"":[""moe""],""profile_id"":""generic"",""selected_expert_parallel_size"":8,""selected_padded_ffn_width"":768,""selected_tensor_parallel_size"":1,""tensor_parallel_mode"":""moe_tp"",""tensor_parallel_sizes"":[1]},""moe_shuffling"":{""dimension_source"":""routed_mlp_hidden_dim"",""effective_ffn_width"":768,""expert_parallel_mode"":""on"",""layer_kind"":""routed"",""operator_family_id"":""moe"",""operator_family_ids"":[""moe""],""profile_id"":""generic"",""selected_expert_parallel_size"":null,""selected_padded_ffn_width"":768,""selected_tensor_parallel_size"":1,""tensor_parallel_mode"":""moe_tp"",""tensor_parallel_sizes"":[1]}}",54333,0.375,3395.8125,3395.8125,1.0,0.024441867741519886,0.9708180526797849,1.9771409640549942,3.109704525824046,0.4864665580770433,extremely_skewed,2,vllm_fused,CUDA_EVENT,BF16,generic,generic,none
0.018624000251293182,0.019967999309301376,0.019167999923229217,0.01913600042462349,0.00034226537936108873,20,0.028416000306606293,0.030432000756263733,0.029520000237971543,0.02969600073993206,0.0005903543736942305,20,0.06719999760389328,0.07222399860620499,0.06862399987876415,0.06835199892520905,0.0012689722353871505,20,1.9088000059127808,1.9307520389556885,1.9164094924926758,1.9130879640579224,0.006730841007083654,8192,128,16,8,standard_fused_topk,logit_topk,softmax_renorm,True,prefill_hot,ffn_like_prefix_20x,8,2048,768,True,1,"{""moe_gating_linear"":{""dimension_source"":""routed_mlp_hidden_dim"",""effective_ffn_width"":768,""expert_parallel_mode"":""on"",""layer_kind"":""routed"",""operator_family_id"":""moe"",""operator_family_ids"":[""moe""],""profile_id"":""generic"",""selected_expert_parallel_size"":null,""selected_padded_ffn_width"":768,""selected_tensor_parallel_size"":1,""tensor_parallel_mode"":""moe_tp"",""tensor_parallel_sizes"":[1]},""moe_gating_routing_topk"":{""dimension_source"":""routed_mlp_hidden_dim"",""effective_ffn_width"":768,""expert_parallel_mode"":""on"",""layer_kind"":""routed"",""operator_family_id"":""moe"",""operator_family_ids"":[""moe""],""profile_id"":""generic"",""selected_expert_parallel_size"":null,""selected_padded_ffn_width"":768,""selected_tensor_parallel_size"":1,""tensor_parallel_mode"":""moe_tp"",""tensor_parallel_sizes"":[1]},""moe_grouped_gemm"":{""dimension_source"":""routed_mlp_hidden_dim"",""effective_ffn_width"":768,""expert_parallel_mode"":""on"",""layer_kind"":""routed"",""operator_family_id"":""moe"",""operator_family_ids"":[""moe""],""profile_id"":""generic"",""selected_expert_parallel_size"":8,""selected_padded_ffn_width"":768,""selected_tensor_parallel_size"":1,""tensor_parallel_mode"":""moe_tp"",""tensor_parallel_sizes"":[1]},""moe_shuffling"":{""dimension_source"":""routed_mlp_hidden_dim"",""effective_ffn_width"":768,""expert_parallel_mode"":""on"",""layer_kind"":""routed"",""operator_family_id"":""moe"",""operator_family_ids"":[""moe""],""profile_id"":""generic"",""selected_expert_parallel_size"":null,""selected_padded_ffn_width"":768,""selected_tensor_parallel_size"":1,""tensor_parallel_mode"":""moe_tp"",""tensor_parallel_sizes"":[1]}}",54038,0.375,3377.375,3377.375,1.0,0.026055738554350644,0.9687686089199071,1.9737221954920612,3.115939187505637,0.4853205151930122,extremely_skewed,1,vllm_fused,CUDA_EVENT,BF16,generic,generic,none
0.01375999953597784,0.014592000283300877,0.014121599914506077,0.014128000009804964,0.00022080010410575855,20,0.02195199951529503,0.024064000695943832,0.023271999880671503,0.023455999791622162,0.0006000213521533654,20,0.0427200011909008,0.048128001391887665,0.04391200002282858,0.0436639990657568,0.001201892026316408,20,1.020576000213623,1.0351040363311768,1.0273808240890503,1.0252480506896973,0.005184353794902563,4208,128,16,8,standard_fused_topk,logit_topk,softmax_renorm,True,prefill_hot,ffn_like_prefix_20x,8,2048,768,True,1,"{""moe_gating_linear"":{""dimension_source"":""routed_mlp_hidden_dim"",""effective_ffn_width"":768,""expert_parallel_mode"":""on"",""layer_kind"":""routed"",""operator_family_id"":""moe"",""operator_family_ids"":[""moe""],""profile_id"":""generic"",""selected_expert_parallel_size"":null,""selected_padded_ffn_width"":768,""selected_tensor_parallel_size"":1,""tensor_parallel_mode"":""moe_tp"",""tensor_parallel_sizes"":[1]},""moe_gating_routing_topk"":{""dimension_source"":""routed_mlp_hidden_dim"",""effective_ffn_width"":768,""expert_parallel_mode"":""on"",""layer_kind"":""routed"",""operator_family_id"":""moe"",""operator_family_ids"":[""moe""],""profile_id"":""generic"",""selected_expert_parallel_size"":null,""selected_padded_ffn_width"":768,""selected_tensor_parallel_size"":1,""tensor_parallel_mode"":""moe_tp"",""tensor_parallel_sizes"":[1]},""moe_grouped_gemm"":{""dimension_source"":""routed_mlp_hidden_dim"",""effective_ffn_width"":768,""expert_parallel_mode"":""on"",""layer_kind"":""routed"",""operator_family_id"":""moe"",""operator_family_ids"":[""moe""],""profile_id"":""generic"",""selected_expert_parallel_size"":8,""selected_padded_ffn_width"":768,""selected_tensor_parallel_size"":1,""tensor_parallel_mode"":""moe_tp"",""tensor_parallel_sizes"":[1]},""moe_shuffling"":{""dimension_source"":""routed_mlp_hidden_dim"",""effective_ffn_width"":768,""expert_parallel_mode"":""on"",""layer_kind"":""routed"",""operator_family_id"":""moe"",""operator_family_ids"":[""moe""],""profile_id"":""generic"",""selected_expert_parallel_size"":null,""selected_padded_ffn_width"":768,""selected_tensor_parallel_size"":1,""tensor_parallel_mode"":""moe_tp"",""tensor_parallel_sizes"":[1]}}",27767,0.375,1735.4375,1735.4375,1.0,0.02535383728886808,0.9672346741497496,1.9758706378074693,3.1204950019228868,0.4845927719955343,extremely_skewed,1,vllm_fused,CUDA_EVENT,BF16,generic,generic,none
0.013439999893307686,0.0144640002399683,0.014008000027388334,0.014047999866306782,0.00025255186789903525,20,0.022943999618291855,0.02425600029528141,0.02360640000551939,0.023552000522613525,0.0003806656026070803,20,0.04495999962091446,0.05718399956822395,0.05004799962043762,0.05164799839258194,0.0036963252095324564,20,0.3352000117301941,0.3493439853191376,0.340425580739975,0.3400000035762787,0.003191295312717557,4224,128,16,8,standard_fused_topk,logit_topk,softmax_renorm,True,prefill_hot,ffn_like_prefix_20x,8,2048,768,True,1,"{""moe_gating_linear"":{""dimension_source"":""routed_mlp_hidden_dim"",""effective_ffn_width"":768,""expert_parallel_mode"":""on"",""layer_kind"":""routed"",""operator_family_id"":""moe"",""operator_family_ids"":[""moe""],""profile_id"":""generic"",""selected_expert_parallel_size"":null,""selected_padded_ffn_width"":768,""selected_tensor_parallel_size"":1,""tensor_parallel_mode"":""moe_tp"",""tensor_parallel_sizes"":[1]},""moe_gating_routing_topk"":{""dimension_source"":""routed_mlp_hidden_dim"",""effective_ffn_width"":768,""expert_parallel_mode"":""on"",""layer_kind"":""routed"",""operator_family_id"":""moe"",""operator_family_ids"":[""moe""],""profile_id"":""generic"",""selected_expert_parallel_size"":null,""selected_padded_ffn_width"":768,""selected_tensor_parallel_size"":1,""tensor_parallel_mode"":""moe_tp"",""tensor_parallel_sizes"":[1]},""moe_grouped_gemm"":{""dimension_source"":""routed_mlp_hidden_dim"",""effective_ffn_width"":768,""expert_parallel_mode"":""on"",""layer_kind"":""routed"",""operator_family_id"":""moe"",""operator_family_ids"":[""moe""],""profile_id"":""generic"",""selected_expert_parallel_size"":8,""selected_padded_ffn_width"":768,""selected_tensor_parallel_size"":1,""tensor_parallel_mode"":""moe_tp"",""tensor_parallel_sizes"":[1]},""moe_shuffling"":{""dimension_source"":""routed_mlp_hidden_dim"",""effective_ffn_width"":768,""expert_parallel_mode"":""on"",""layer_kind"":""routed"",""operator_family_id"":""moe"",""operator_family_ids"":[""moe""],""profile_id"":""generic"",""selected_expert_parallel_size"":null,""selected_padded_ffn_width"":768,""selected_tensor_parallel_size"":1,""tensor_parallel_mode"":""moe_tp"",""tensor_parallel_sizes"":[1]}}",4201,0.375,262.5625,262.5625,1.0,0.8759819090692692,0.048940519998037293,1.0778386098547965,3.99825000581197,0.026675196381813926,uniform,1,vllm_fused,CUDA_EVENT,BF16,generic,generic,none
0.018592000007629395,0.020608000457286835,0.019340799935162068,0.01926399953663349,0.0004931948059794793,20,0.028543999418616295,0.03129599988460541,0.029921599943190814,0.030112000182271004,0.0007206380769486105,20,0.06649599969387054,0.07356800138950348,0.06895359978079796,0.06867200136184692,0.0016131182428813441,20,1.9124159812927246,1.9284800291061401,1.9181935787200928,1.9156800508499146,0.005222959443926811,8240,128,16,8,standard_fused_topk,logit_topk,softmax_renorm,True,prefill_hot,ffn_like_prefix_20x,8,2048,768,True,1,"{""moe_gating_linear"":{""dimension_source"":""routed_mlp_hidden_dim"",""effective_ffn_width"":768,""expert_parallel_mode"":""on"",""layer_kind"":""routed"",""operator_family_id"":""moe"",""operator_family_ids"":[""moe""],""profile_id"":""generic"",""selected_expert_parallel_size"":null,""selected_padded_ffn_width"":768,""selected_tensor_parallel_size"":1,""tensor_parallel_mode"":""moe_tp"",""tensor_parallel_sizes"":[1]},""moe_gating_routing_topk"":{""dimension_source"":""routed_mlp_hidden_dim"",""effective_ffn_width"":768,""expert_parallel_mode"":""on"",""layer_kind"":""routed"",""operator_family_id"":""moe"",""operator_family_ids"":[""moe""],""profile_id"":""generic"",""selected_expert_parallel_size"":null,""selected_padded_ffn_width"":768,""selected_tensor_parallel_size"":1,""tensor_parallel_mode"":""moe_tp"",""tensor_parallel_sizes"":[1]},""moe_grouped_gemm"":{""dimension_source"":""routed_mlp_hidden_dim"",""effective_ffn_width"":768,""expert_parallel_mode"":""on"",""layer_kind"":""routed"",""operator_family_id"":""moe"",""operator_family_ids"":[""moe""],""profile_id"":""generic"",""selected_expert_parallel_size"":8,""selected_padded_ffn_width"":768,""selected_tensor_parallel_size"":1,""tensor_parallel_mode"":""moe_tp"",""tensor_parallel_sizes"":[1]},""moe_shuffling"":{""dimension_source"":""routed_mlp_hidden_dim"",""effective_ffn_width"":768,""expert_parallel_mode"":""on"",""layer_kind"":""routed"",""operator_family_id"":""moe"",""operator_family_ids"":[""moe""],""profile_id"":""generic"",""selected_expert_parallel_size"":null,""selected_padded_ffn_width"":768,""selected_tensor_parallel_size"":1,""tensor_parallel_mode"":""moe_tp"",""tensor_parallel_sizes"":[1]}}",54376,0.375,3398.5,3398.5,1.0,0.025893776666176253,0.9689626003086851,1.973811975871708,3.115359325476392,0.4854025673091069,extremely_skewed,1,vllm_fused,CUDA_EVENT,BF16,generic,generic,none
0.018751999363303185,0.020447999238967896,0.01953920004889369,0.019360000267624855,0.0004725178377583726,20,0.0289280004799366,0.03187200054526329,0.03042879989370704,0.030527999624609947,0.000891411287723533,20,0.06771200150251389,0.07369600236415863,0.06966719999909401,0.06935999915003777,0.0015699217736247141,20,1.906048059463501,1.9298239946365356,1.9138511419296265,1.9112000465393066,0.006583097856491804,8208,128,16,8,standard_fused_topk,logit_topk,softmax_renorm,True,prefill_hot,ffn_like_prefix_20x,8,2048,768,True,1,"{""moe_gating_linear"":{""dimension_source"":""routed_mlp_hidden_dim"",""effective_ffn_width"":768,""expert_parallel_mode"":""on"",""layer_kind"":""routed"",""operator_family_id"":""moe"",""operator_family_ids"":[""moe""],""profile_id"":""generic"",""selected_expert_parallel_size"":null,""selected_padded_ffn_width"":768,""selected_tensor_parallel_size"":1,""tensor_parallel_mode"":""moe_tp"",""tensor_parallel_sizes"":[1]},""moe_gating_routing_topk"":{""dimension_source"":""routed_mlp_hidden_dim"",""effective_ffn_width"":768,""expert_parallel_mode"":""on"",""layer_kind"":""routed"",""operator_family_id"":""moe"",""operator_family_ids"":[""moe""],""profile_id"":""generic"",""selected_expert_parallel_size"":null,""selected_padded_ffn_width"":768,""selected_tensor_parallel_size"":1,""tensor_parallel_mode"":""moe_tp"",""tensor_parallel_sizes"":[1]},""moe_grouped_gemm"":{""dimension_source"":""routed_mlp_hidden_dim"",""effective_ffn_width"":768,""expert_parallel_mode"":""on"",""layer_kind"":""routed"",""operator_family_id"":""moe"",""operator_family_ids"":[""moe""],""profile_id"":""generic"",""selected_expert_parallel_size"":8,""selected_padded_ffn_width"":768,""selected_tensor_parallel_size"":1,""tensor_parallel_mode"":""moe_tp"",""tensor_parallel_sizes"":[1]},""moe_shuffling"":{""dimension_source"":""routed_mlp_hidden_dim"",""effective_ffn_width"":768,""expert_parallel_mode"":""on"",""layer_kind"":""routed"",""operator_family_id"":""moe"",""operator_family_ids"":[""moe""],""profile_id"":""generic"",""selected_expert_parallel_size"":null,""selected_padded_ffn_width"":768,""selected_tensor_parallel_size"":1,""tensor_parallel_mode"":""moe_tp"",""tensor_parallel_sizes"":[1]}}",54142,0.375,3383.875,3383.875,1.0,0.02600568874441284,0.96882858886163,1.9737726718628792,3.115760069014425,0.4853487126445273,extremely_skewed,1,vllm_fused,CUDA_EVENT,BF16,generic,generic,none
0.018719999119639397,0.020447999238967896,0.019263999816030265,0.019216000102460384,0.00035791388371218493,20,0.02816000021994114,0.030112000182271004,0.0293376000598073,0.02961600013077259,0.0005927865609601867,20,0.06812799721956253,0.07433599978685379,0.06985440030694008,0.06939199939370155,0.0015906438203694194,20,1.9272960424423218,1.9496959447860718,1.936792016029358,1.9335360527038574,0.007145700044929981,8240,128,16,8,standard_fused_topk,logit_topk,softmax_renorm,True,prefill_hot,ffn_like_prefix_20x,8,2048,768,True,1,"{""moe_gating_linear"":{""dimension_source"":""routed_mlp_hidden_dim"",""effective_ffn_width"":768,""expert_parallel_mode"":""on"",""layer_kind"":""routed"",""operator_family_id"":""moe"",""operator_family_ids"":[""moe""],""profile_id"":""generic"",""selected_expert_parallel_size"":null,""selected_padded_ffn_width"":768,""selected_tensor_parallel_size"":1,""tensor_parallel_mode"":""moe_tp"",""tensor_parallel_sizes"":[1]},""moe_gating_routing_topk"":{""dimension_source"":""routed_mlp_hidden_dim"",""effective_ffn_width"":768,""expert_parallel_mode"":""on"",""layer_kind"":""routed"",""operator_family_id"":""moe"",""operator_family_ids"":[""moe""],""profile_id"":""generic"",""selected_expert_parallel_size"":null,""selected_padded_ffn_width"":768,""selected_tensor_parallel_size"":1,""tensor_parallel_mode"":""moe_tp"",""tensor_parallel_sizes"":[1]},""moe_grouped_gemm"":{""dimension_source"":""routed_mlp_hidden_dim"",""effective_ffn_width"":768,""expert_parallel_mode"":""on"",""layer_kind"":""routed"",""operator_family_id"":""moe"",""operator_family_ids"":[""moe""],""profile_id"":""generic"",""selected_expert_parallel_size"":8,""selected_padded_ffn_width"":768,""selected_tensor_parallel_size"":1,""tensor_parallel_mode"":""moe_tp"",""tensor_parallel_sizes"":[1]},""moe_shuffling"":{""dimension_source"":""routed_mlp_hidden_dim"",""effective_ffn_width"":768,""expert_parallel_mode"":""on"",""layer_kind"":""routed"",""operator_family_id"":""moe"",""operator_family_ids"":[""moe""],""profile_id"":""generic"",""selected_expert_parallel_size"":null,""selected_padded_ffn_width"":768,""selected_tensor_parallel_size"":1,""tensor_parallel_mode"":""moe_tp"",""tensor_parallel_sizes"":[1]}}",54624,0.375,3414.0,3414.0,1.0,0.024897480960749854,0.970570323975384,1.9768599882835383,3.1104726832279015,0.4863224040714704,extremely_skewed,2,vllm_fused,CUDA_EVENT,BF16,generic,generic,none
0.018688000738620758,0.020447999238967896,0.019303999934345485,0.01918400079011917,0.00043628971692820064,20,0.028704000636935234,0.03081599995493889,0.029963199980556965,0.030224000103771687,0.0006354455438898102,20,0.07887999713420868,0.08367999643087387,0.08076639957726002,0.08062400296330452,0.001166112304126088,20,0.42499199509620667,0.443231999874115,0.4357759952545166,0.43804800510406494,0.005367642268538475,8208,128,16,8,standard_fused_topk,logit_topk,softmax_renorm,True,prefill_hot,ffn_like_prefix_20x,8,2048,768,True,1,"{""moe_gating_linear"":{""dimension_source"":""routed_mlp_hidden_dim"",""effective_ffn_width"":768,""expert_parallel_mode"":""on"",""layer_kind"":""routed"",""operator_family_id"":""moe"",""operator_family_ids"":[""moe""],""profile_id"":""generic"",""selected_expert_parallel_size"":null,""selected_padded_ffn_width"":768,""selected_tensor_parallel_size"":1,""tensor_parallel_mode"":""moe_tp"",""tensor_parallel_sizes"":[1]},""moe_gating_routing_topk"":{""dimension_source"":""routed_mlp_hidden_dim"",""effective_ffn_width"":768,""expert_parallel_mode"":""on"",""layer_kind"":""routed"",""operator_family_id"":""moe"",""operator_family_ids"":[""moe""],""profile_id"":""generic"",""selected_expert_parallel_size"":null,""selected_padded_ffn_width"":768,""selected_tensor_parallel_size"":1,""tensor_parallel_mode"":""moe_tp"",""tensor_parallel_sizes"":[1]},""moe_grouped_gemm"":{""dimension_source"":""routed_mlp_hidden_dim"",""effective_ffn_width"":768,""expert_parallel_mode"":""on"",""layer_kind"":""routed"",""operator_family_id"":""moe"",""operator_family_ids"":[""moe""],""profile_id"":""generic"",""selected_expert_parallel_size"":8,""selected_padded_ffn_width"":768,""selected_tensor_parallel_size"":1,""tensor_parallel_mode"":""moe_tp"",""tensor_parallel_sizes"":[1]},""moe_shuffling"":{""dimension_source"":""routed_mlp_hidden_dim"",""effective_ffn_width"":768,""expert_parallel_mode"":""on"",""layer_kind"":""routed"",""operator_family_id"":""moe"",""operator_family_ids"":[""moe""],""profile_id"":""generic"",""selected_expert_parallel_size"":null,""selected_padded_ffn_width"":768,""selected_tensor_parallel_size"":1,""tensor_parallel_mode"":""moe_tp"",""tensor_parallel_sizes"":[1]}}",3024,0.375,189.0,189.0,1.0,0.3915343915343915,0.32331462682438494,1.5026455026455026,3.918202386965662,0.18373842592592582,skewed,1,vllm_fused,CUDA_EVENT,BF16,generic,generic,none
0.013311999849975109,0.015168000012636185,0.013907199911773204,0.01387199992313981,0.0003935349652756393,20,0.022975999861955643,0.024671999737620354,0.023643200099468232,0.023584000766277313,0.0005268132416321104,20,0.044256001710891724,0.04934399947524071,0.045803199894726275,0.0456480011343956,0.001157863605208485,20,0.32444798946380615,0.3368000090122223,0.329067200422287,0.32873600721359253,0.002726507605984807,4208,128,16,8,standard_fused_topk,logit_topk,softmax_renorm,True,prefill_hot,ffn_like_prefix_20x,8,2048,768,True,1,"{""moe_gating_linear"":{""dimension_source"":""routed_mlp_hidden_dim"",""effective_ffn_width"":768,""expert_parallel_mode"":""on"",""layer_kind"":""routed"",""operator_family_id"":""moe"",""operator_family_ids"":[""moe""],""profile_id"":""generic"",""selected_expert_parallel_size"":null,""selected_padded_ffn_width"":768,""selected_tensor_parallel_size"":1,""tensor_parallel_mode"":""moe_tp"",""tensor_parallel_sizes"":[1]},""moe_gating_routing_topk"":{""dimension_source"":""routed_mlp_hidden_dim"",""effective_ffn_width"":768,""expert_parallel_mode"":""on"",""layer_kind"":""routed"",""operator_family_id"":""moe"",""operator_family_ids"":[""moe""],""profile_id"":""generic"",""selected_expert_parallel_size"":null,""selected_padded_ffn_width"":768,""selected_tensor_parallel_size"":1,""tensor_parallel_mode"":""moe_tp"",""tensor_parallel_sizes"":[1]},""moe_grouped_gemm"":{""dimension_source"":""routed_mlp_hidden_dim"",""effective_ffn_width"":768,""expert_parallel_mode"":""on"",""layer_kind"":""routed"",""operator_family_id"":""moe"",""operator_family_ids"":[""moe""],""profile_id"":""generic"",""selected_expert_parallel_size"":8,""selected_padded_ffn_width"":768,""selected_tensor_parallel_size"":1,""tensor_parallel_mode"":""moe_tp"",""tensor_parallel_sizes"":[1]},""moe_shuffling"":{""dimension_source"":""routed_mlp_hidden_dim"",""effective_ffn_width"":768,""expert_parallel_mode"":""on"",""layer_kind"":""routed"",""operator_family_id"":""moe"",""operator_family_ids"":[""moe""],""profile_id"":""generic"",""selected_expert_parallel_size"":null,""selected_padded_ffn_width"":768,""selected_tensor_parallel_size"":1,""tensor_parallel_mode"":""moe_tp"",""tensor_parallel_sizes"":[1]}}",4200,0.375,262.5,262.5,1.0,0.8685714285714285,0.0681601422288872,1.0933333333333333,3.99660045802657,0.03815476190476197,uniform,0,vllm_fused,CUDA_EVENT,BF16,generic,generic,none
0.013535999692976475,0.015104000456631184,0.014031999977305532,0.013968000188469887,0.0003270425506706737,20,0.022655999287962914,0.02412799932062626,0.02337279999628663,0.023440000601112843,0.00046947397887803124,20,0.04623999819159508,0.05152000114321709,0.0478703998029232,0.047439999878406525,0.0014719472793828436,20,1.0226240158081055,1.0548160076141357,1.0285279750823975,1.0268479585647583,0.007062213495373726,4224,128,16,8,standard_fused_topk,logit_topk,softmax_renorm,True,prefill_hot,ffn_like_prefix_20x,8,2048,768,True,1,"{""moe_gating_linear"":{""dimension_source"":""routed_mlp_hidden_dim"",""effective_ffn_width"":768,""expert_parallel_mode"":""on"",""layer_kind"":""routed"",""operator_family_id"":""moe"",""operator_family_ids"":[""moe""],""profile_id"":""generic"",""selected_expert_parallel_size"":null,""selected_padded_ffn_width"":768,""selected_tensor_parallel_size"":1,""tensor_parallel_mode"":""moe_tp"",""tensor_parallel_sizes"":[1]},""moe_gating_routing_topk"":{""dimension_source"":""routed_mlp_hidden_dim"",""effective_ffn_width"":768,""expert_parallel_mode"":""on"",""layer_kind"":""routed"",""operator_family_id"":""moe"",""operator_family_ids"":[""moe""],""profile_id"":""generic"",""selected_expert_parallel_size"":null,""selected_padded_ffn_width"":768,""selected_tensor_parallel_size"":1,""tensor_parallel_mode"":""moe_tp"",""tensor_parallel_sizes"":[1]},""moe_grouped_gemm"":{""dimension_source"":""routed_mlp_hidden_dim"",""effective_ffn_width"":768,""expert_parallel_mode"":""on"",""layer_kind"":""routed"",""operator_family_id"":""moe"",""operator_family_ids"":[""moe""],""profile_id"":""generic"",""selected_expert_parallel_size"":8,""selected_padded_ffn_width"":768,""selected_tensor_parallel_size"":1,""tensor_parallel_mode"":""moe_tp"",""tensor_parallel_sizes"":[1]},""moe_shuffling"":{""dimension_source"":""routed_mlp_hidden_dim"",""effective_ffn_width"":768,""expert_parallel_mode"":""on"",""layer_kind"":""routed"",""operator_family_id"":""moe"",""operator_family_ids"":[""moe""],""profile_id"":""generic"",""selected_expert_parallel_size"":null,""selected_padded_ffn_width"":768,""selected_tensor_parallel_size"":1,""tensor_parallel_mode"":""moe_tp"",""tensor_parallel_sizes"":[1]}}",27875,0.375,1742.1875,1742.1875,1.0,0.02525560538116592,0.9672184518671504,1.975677130044843,3.1205355693037067,0.48462107623318396,extremely_skewed,1,vllm_fused,CUDA_EVENT,BF16,generic,generic,none
0.01375999953597784,0.015039999969303608,0.014199999859556556,0.014128000009804964,0.0003395432878816592,20,0.022592000663280487,0.024512000381946564,0.023750399984419347,0.02393599972128868,0.0005354241508503614,20,0.04467200115323067,0.04710400104522705,0.04593119993805885,0.045823998749256134,0.000693689942726704,20,1.0122239589691162,1.0625920295715332,1.0182511806488037,1.015679955482483,0.010691643692553043,4192,128,16,8,standard_fused_topk,logit_topk,softmax_renorm,True,prefill_hot,ffn_like_prefix_20x,8,2048,768,True,1,"{""moe_gating_linear"":{""dimension_source"":""routed_mlp_hidden_dim"",""effective_ffn_width"":768,""expert_parallel_mode"":""on"",""layer_kind"":""routed"",""operator_family_id"":""moe"",""operator_family_ids"":[""moe""],""profile_id"":""generic"",""selected_expert_parallel_size"":null,""selected_padded_ffn_width"":768,""selected_tensor_parallel_size"":1,""tensor_parallel_mode"":""moe_tp"",""tensor_parallel_sizes"":[1]},""moe_gating_routing_topk"":{""dimension_source"":""routed_mlp_hidden_dim"",""effective_ffn_width"":768,""expert_parallel_mode"":""on"",""layer_kind"":""routed"",""operator_family_id"":""moe"",""operator_family_ids"":[""moe""],""profile_id"":""generic"",""selected_expert_parallel_size"":null,""selected_padded_ffn_width"":768,""selected_tensor_parallel_size"":1,""tensor_parallel_mode"":""moe_tp"",""tensor_parallel_sizes"":[1]},""moe_grouped_gemm"":{""dimension_source"":""routed_mlp_hidden_dim"",""effective_ffn_width"":768,""expert_parallel_mode"":""on"",""layer_kind"":""routed"",""operator_family_id"":""moe"",""operator_family_ids"":[""moe""],""profile_id"":""generic"",""selected_expert_parallel_size"":8,""selected_padded_ffn_width"":768,""selected_tensor_parallel_size"":1,""tensor_parallel_mode"":""moe_tp"",""tensor_parallel_sizes"":[1]},""moe_shuffling"":{""dimension_source"":""routed_mlp_hidden_dim"",""effective_ffn_width"":768,""expert_parallel_mode"":""on"",""layer_kind"":""routed"",""operator_family_id"":""moe"",""operator_family_ids"":[""moe""],""profile_id"":""generic"",""selected_expert_parallel_size"":null,""selected_padded_ffn_width"":768,""selected_tensor_parallel_size"":1,""tensor_parallel_mode"":""moe_tp"",""tensor_parallel_sizes"":[1]}}",27342,0.375,1708.875,1708.875,1.0,0.02340721234730451,0.9710449862201938,1.9796649842732792,3.1089726040680654,0.4868105844488333,extremely_skewed,0,vllm_fused,CUDA_EVENT,BF16,generic,generic,none
0.013567999936640263,0.015072000212967396,0.014248000038787723,0.01432000007480383,0.00041880588796556177,20,0.022592000663280487,0.024383999407291412,0.023481600172817706,0.023520000278949738,0.000539899920735667,20,0.04524800181388855,0.05129599943757057,0.04670080002397299,0.04638399928808212,0.001282692978417672,20,1.0110080242156982,1.0209599733352661,1.0141055583953857,1.0135999917984009,0.002640124876052141,4224,128,16,8,standard_fused_topk,logit_topk,softmax_renorm,True,prefill_hot,ffn_like_prefix_20x,8,2048,768,True,1,"{""moe_gating_linear"":{""dimension_source"":""routed_mlp_hidden_dim"",""effective_ffn_width"":768,""expert_parallel_mode"":""on"",""layer_kind"":""routed"",""operator_family_id"":""moe"",""operator_family_ids"":[""moe""],""profile_id"":""generic"",""selected_expert_parallel_size"":null,""selected_padded_ffn_width"":768,""selected_tensor_parallel_size"":1,""tensor_parallel_mode"":""moe_tp"",""tensor_parallel_sizes"":[1]},""moe_gating_routing_topk"":{""dimension_source"":""routed_mlp_hidden_dim"",""effective_ffn_width"":768,""expert_parallel_mode"":""on"",""layer_kind"":""routed"",""operator_family_id"":""moe"",""operator_family_ids"":[""moe""],""profile_id"":""generic"",""selected_expert_parallel_size"":null,""selected_padded_ffn_width"":768,""selected_tensor_parallel_size"":1,""tensor_parallel_mode"":""moe_tp"",""tensor_parallel_sizes"":[1]},""moe_grouped_gemm"":{""dimension_source"":""routed_mlp_hidden_dim"",""effective_ffn_width"":768,""expert_parallel_mode"":""on"",""layer_kind"":""routed"",""operator_family_id"":""moe"",""operator_family_ids"":[""moe""],""profile_id"":""generic"",""selected_expert_parallel_size"":8,""selected_padded_ffn_width"":768,""selected_tensor_parallel_size"":1,""tensor_parallel_mode"":""moe_tp"",""tensor_parallel_sizes"":[1]},""moe_shuffling"":{""dimension_source"":""routed_mlp_hidden_dim"",""effective_ffn_width"":768,""expert_parallel_mode"":""on"",""layer_kind"":""routed"",""operator_family_id"":""moe"",""operator_family_ids"":[""moe""],""profile_id"":""generic"",""selected_expert_parallel_size"":null,""selected_padded_ffn_width"":768,""selected_tensor_parallel_size"":1,""tensor_parallel_mode"":""moe_tp"",""tensor_parallel_sizes"":[1]}}",27557,0.375,1722.3125,1722.3125,1.0,0.02380520375948035,0.9709796563781706,1.979315600391915,3.1091922133278573,0.4867161701201146,extremely_skewed,0,vllm_fused,CUDA_EVENT,BF16,generic,generic,none
0.013439999893307686,0.014879999682307243,0.014132799906656146,0.01408000010997057,0.0002892904273547976,20,0.022207999601960182,0.02409599907696247,0.023305599950253962,0.02348800003528595,0.0005587734316019634,20,0.04726399853825569,0.054687999188899994,0.048651200346648694,0.04811200127005577,0.0015994006594370906,20,0.2654080092906952,0.27532801032066345,0.2703664004802704,0.2703680098056793,0.0021900360006839037,4176,128,16,8,standard_fused_topk,logit_topk,softmax_renorm,True,prefill_hot,ffn_like_prefix_20x,8,2048,768,True,1,"{""moe_gating_linear"":{""dimension_source"":""routed_mlp_hidden_dim"",""effective_ffn_width"":768,""expert_parallel_mode"":""on"",""layer_kind"":""routed"",""operator_family_id"":""moe"",""operator_family_ids"":[""moe""],""profile_id"":""generic"",""selected_expert_parallel_size"":null,""selected_padded_ffn_width"":768,""selected_tensor_parallel_size"":1,""tensor_parallel_mode"":""moe_tp"",""tensor_parallel_sizes"":[1]},""moe_gating_routing_topk"":{""dimension_source"":""routed_mlp_hidden_dim"",""effective_ffn_width"":768,""expert_parallel_mode"":""on"",""layer_kind"":""routed"",""operator_family_id"":""moe"",""operator_family_ids"":[""moe""],""profile_id"":""generic"",""selected_expert_parallel_size"":null,""selected_padded_ffn_width"":768,""selected_tensor_parallel_size"":1,""tensor_parallel_mode"":""moe_tp"",""tensor_parallel_sizes"":[1]},""moe_grouped_gemm"":{""dimension_source"":""routed_mlp_hidden_dim"",""effective_ffn_width"":768,""expert_parallel_mode"":""on"",""layer_kind"":""routed"",""operator_family_id"":""moe"",""operator_family_ids"":[""moe""],""profile_id"":""generic"",""selected_expert_parallel_size"":8,""selected_padded_ffn_width"":768,""selected_tensor_parallel_size"":1,""tensor_parallel_mode"":""moe_tp"",""tensor_parallel_sizes"":[1]},""moe_shuffling"":{""dimension_source"":""routed_mlp_hidden_dim"",""effective_ffn_width"":768,""expert_parallel_mode"":""on"",""layer_kind"":""routed"",""operator_family_id"":""moe"",""operator_family_ids"":[""moe""],""profile_id"":""generic"",""selected_expert_parallel_size"":null,""selected_padded_ffn_width"":768,""selected_tensor_parallel_size"":1,""tensor_parallel_mode"":""moe_tp"",""tensor_parallel_sizes"":[1]}}",1552,0.375,97.0,97.0,1.0,0.32989690721649484,0.34304501303040896,1.5257731958762886,3.9063119421829864,0.19394329896907214,skewed,2,vllm_fused,CUDA_EVENT,BF16,generic,generic,none
0.01360000018030405,0.014368000440299511,0.013923199940472841,0.013919999822974205,0.00017553397291318859,20,0.02252800017595291,0.025312000885605812,0.023796800058335066,0.023856000043451786,0.0009421961587218243,20,0.04255999997258186,0.048128001391887665,0.04387680031359196,0.043696001172065735,0.0011550748847290345,20,1.0296000242233276,1.0441279411315918,1.0325007438659668,1.0314240455627441,0.0034418830182403326,4208,128,16,8,standard_fused_topk,logit_topk,softmax_renorm,True,prefill_hot,ffn_like_prefix_20x,8,2048,768,True,1,"{""moe_gating_linear"":{""dimension_source"":""routed_mlp_hidden_dim"",""effective_ffn_width"":768,""expert_parallel_mode"":""on"",""layer_kind"":""routed"",""operator_family_id"":""moe"",""operator_family_ids"":[""moe""],""profile_id"":""generic"",""selected_expert_parallel_size"":null,""selected_padded_ffn_width"":768,""selected_tensor_parallel_size"":1,""tensor_parallel_mode"":""moe_tp"",""tensor_parallel_sizes"":[1]},""moe_gating_routing_topk"":{""dimension_source"":""routed_mlp_hidden_dim"",""effective_ffn_width"":768,""expert_parallel_mode"":""on"",""layer_kind"":""routed"",""operator_family_id"":""moe"",""operator_family_ids"":[""moe""],""profile_id"":""generic"",""selected_expert_parallel_size"":null,""selected_padded_ffn_width"":768,""selected_tensor_parallel_size"":1,""tensor_parallel_mode"":""moe_tp"",""tensor_parallel_sizes"":[1]},""moe_grouped_gemm"":{""dimension_source"":""routed_mlp_hidden_dim"",""effective_ffn_width"":768,""expert_parallel_mode"":""on"",""layer_kind"":""routed"",""operator_family_id"":""moe"",""operator_family_ids"":[""moe""],""profile_id"":""generic"",""selected_expert_parallel_size"":8,""selected_padded_ffn_width"":768,""selected_tensor_parallel_size"":1,""tensor_parallel_mode"":""moe_tp"",""tensor_parallel_sizes"":[1]},""moe_shuffling"":{""dimension_source"":""routed_mlp_hidden_dim"",""effective_ffn_width"":768,""expert_parallel_mode"":""on"",""layer_kind"":""routed"",""operator_family_id"":""moe"",""operator_family_ids"":[""moe""],""profile_id"":""generic"",""selected_expert_parallel_size"":null,""selected_padded_ffn_width"":768,""selected_tensor_parallel_size"":1,""tensor_parallel_mode"":""moe_tp"",""tensor_parallel_sizes"":[1]}}",27979,0.375,1748.6875,1748.6875,1.0,0.024589870974659565,0.9709847524853593,1.9780549697987777,3.109285341167706,0.4864697630365631,extremely_skewed,2,vllm_fused,CUDA_EVENT,BF16,generic,generic,none
0.013663999736309052,0.015904000028967857,0.014360000053420663,0.014272000174969435,0.000533246621308803,20,0.022495999932289124,0.02505600079894066,0.02334880018606782,0.023296000435948372,0.0006905830625001464,20,0.04399999976158142,0.051263999193906784,0.0455536000430584,0.045104000717401505,0.0018105179938708625,20,0.26742398738861084,0.28431999683380127,0.27472957968711853,0.2728959918022156,0.005770305171608925,4208,128,16,8,standard_fused_topk,logit_topk,softmax_renorm,True,prefill_hot,ffn_like_prefix_20x,8,2048,768,True,1,"{""moe_gating_linear"":{""dimension_source"":""routed_mlp_hidden_dim"",""effective_ffn_width"":768,""expert_parallel_mode"":""on"",""layer_kind"":""routed"",""operator_family_id"":""moe"",""operator_family_ids"":[""moe""],""profile_id"":""generic"",""selected_expert_parallel_size"":null,""selected_padded_ffn_width"":768,""selected_tensor_parallel_size"":1,""tensor_parallel_mode"":""moe_tp"",""tensor_parallel_sizes"":[1]},""moe_gating_routing_topk"":{""dimension_source"":""routed_mlp_hidden_dim"",""effective_ffn_width"":768,""expert_parallel_mode"":""on"",""layer_kind"":""routed"",""operator_family_id"":""moe"",""operator_family_ids"":[""moe""],""profile_id"":""generic"",""selected_expert_parallel_size"":null,""selected_padded_ffn_width"":768,""selected_tensor_parallel_size"":1,""tensor_parallel_mode"":""moe_tp"",""tensor_parallel_sizes"":[1]},""moe_grouped_gemm"":{""dimension_source"":""routed_mlp_hidden_dim"",""effective_ffn_width"":768,""expert_parallel_mode"":""on"",""layer_kind"":""routed"",""operator_family_id"":""moe"",""operator_family_ids"":[""moe""],""profile_id"":""generic"",""selected_expert_parallel_size"":8,""selected_padded_ffn_width"":768,""selected_tensor_parallel_size"":1,""tensor_parallel_mode"":""moe_tp"",""tensor_parallel_sizes"":[1]},""moe_shuffling"":{""dimension_source"":""routed_mlp_hidden_dim"",""effective_ffn_width"":768,""expert_parallel_mode"":""on"",""layer_kind"":""routed"",""operator_family_id"":""moe"",""operator_family_ids"":[""moe""],""profile_id"":""generic"",""selected_expert_parallel_size"":null,""selected_padded_ffn_width"":768,""selected_tensor_parallel_size"":1,""tensor_parallel_mode"":""moe_tp"",""tensor_parallel_sizes"":[1]}}",1560,0.375,97.5,97.5,1.0,0.3384615384615385,0.3424781098884923,1.528205128205128,3.906962332859395,0.19366987179487172,skewed,2,vllm_fused,CUDA_EVENT,BF16,generic,generic,none
0.018464000895619392,0.020320000126957893,0.01916959984228015,0.019007999449968338,0.0004682808504892042,20,0.028672000393271446,0.03097599931061268,0.029896000027656557,0.030031999573111534,0.0005768770545377436,20,0.07379200309515,0.08060800284147263,0.07553119994699956,0.0753600001335144,0.0015178690968741537,20,0.4174720048904419,0.4270080029964447,0.42184001207351685,0.4212479889392853,0.0032132677733898163,8192,128,16,8,standard_fused_topk,logit_topk,softmax_renorm,True,prefill_hot,ffn_like_prefix_20x,8,2048,768,True,1,"{""moe_gating_linear"":{""dimension_source"":""routed_mlp_hidden_dim"",""effective_ffn_width"":768,""expert_parallel_mode"":""on"",""layer_kind"":""routed"",""operator_family_id"":""moe"",""operator_family_ids"":[""moe""],""profile_id"":""generic"",""selected_expert_parallel_size"":null,""selected_padded_ffn_width"":768,""selected_tensor_parallel_size"":1,""tensor_parallel_mode"":""moe_tp"",""tensor_parallel_sizes"":[1]},""moe_gating_routing_topk"":{""dimension_source"":""routed_mlp_hidden_dim"",""effective_ffn_width"":768,""expert_parallel_mode"":""on"",""layer_kind"":""routed"",""operator_family_id"":""moe"",""operator_family_ids"":[""moe""],""profile_id"":""generic"",""selected_expert_parallel_size"":null,""selected_padded_ffn_width"":768,""selected_tensor_parallel_size"":1,""tensor_parallel_mode"":""moe_tp"",""tensor_parallel_sizes"":[1]},""moe_grouped_gemm"":{""dimension_source"":""routed_mlp_hidden_dim"",""effective_ffn_width"":768,""expert_parallel_mode"":""on"",""layer_kind"":""routed"",""operator_family_id"":""moe"",""operator_family_ids"":[""moe""],""profile_id"":""generic"",""selected_expert_parallel_size"":8,""selected_padded_ffn_width"":768,""selected_tensor_parallel_size"":1,""tensor_parallel_mode"":""moe_tp"",""tensor_parallel_sizes"":[1]},""moe_shuffling"":{""dimension_source"":""routed_mlp_hidden_dim"",""effective_ffn_width"":768,""expert_parallel_mode"":""on"",""layer_kind"":""routed"",""operator_family_id"":""moe"",""operator_family_ids"":[""moe""],""profile_id"":""generic"",""selected_expert_parallel_size"":null,""selected_padded_ffn_width"":768,""selected_tensor_parallel_size"":1,""tensor_parallel_mode"":""moe_tp"",""tensor_parallel_sizes"":[1]}}",2957,0.375,184.8125,184.8125,1.0,0.4058167061210686,0.30024475609367546,1.3743659113966857,3.927907822388553,0.16788552587081496,skewed,0,vllm_fused,CUDA_EVENT,BF16,generic,generic,none
0.01852799952030182,0.020479999482631683,0.01927839992567897,0.019071999937295914,0.0005881802380159459,20,0.028416000306606293,0.03136000037193298,0.029904000088572504,0.029920000582933426,0.000803990077683564,20,0.0655680000782013,0.07465600222349167,0.06804799996316432,0.06780800223350525,0.0018503783322926513,20,1.9057600498199463,1.9180799722671509,1.9099982976913452,1.9089280366897583,0.0036245263181626797,8224,128,16,8,standard_fused_topk,logit_topk,softmax_renorm,True,prefill_hot,ffn_like_prefix_20x,8,2048,768,True,1,"{""moe_gating_linear"":{""dimension_source"":""routed_mlp_hidden_dim"",""effective_ffn_width"":768,""expert_parallel_mode"":""on"",""layer_kind"":""routed"",""operator_family_id"":""moe"",""operator_family_ids"":[""moe""],""profile_id"":""generic"",""selected_expert_parallel_size"":null,""selected_padded_ffn_width"":768,""selected_tensor_parallel_size"":1,""tensor_parallel_mode"":""moe_tp"",""tensor_parallel_sizes"":[1]},""moe_gating_routing_topk"":{""dimension_source"":""routed_mlp_hidden_dim"",""effective_ffn_width"":768,""expert_parallel_mode"":""on"",""layer_kind"":""routed"",""operator_family_id"":""moe"",""operator_family_ids"":[""moe""],""profile_id"":""generic"",""selected_expert_parallel_size"":null,""selected_padded_ffn_width"":768,""selected_tensor_parallel_size"":1,""tensor_parallel_mode"":""moe_tp"",""tensor_parallel_sizes"":[1]},""moe_grouped_gemm"":{""dimension_source"":""routed_mlp_hidden_dim"",""effective_ffn_width"":768,""expert_parallel_mode"":""on"",""layer_kind"":""routed"",""operator_family_id"":""moe"",""operator_family_ids"":[""moe""],""profile_id"":""generic"",""selected_expert_parallel_size"":8,""selected_padded_ffn_width"":768,""selected_tensor_parallel_size"":1,""tensor_parallel_mode"":""moe_tp"",""tensor_parallel_sizes"":[1]},""moe_shuffling"":{""dimension_source"":""routed_mlp_hidden_dim"",""effective_ffn_width"":768,""expert_parallel_mode"":""on"",""layer_kind"":""routed"",""operator_family_id"":""moe"",""operator_family_ids"":[""moe""],""profile_id"":""generic"",""selected_expert_parallel_size"":null,""selected_padded_ffn_width"":768,""selected_tensor_parallel_size"":1,""tensor_parallel_mode"":""moe_tp"",""tensor_parallel_sizes"":[1]}}",54056,0.375,3378.5,3378.5,1.0,0.026343051650140593,0.9702960619829395,1.9763208524493119,3.111382923943525,0.4860630642296877,extremely_skewed,0,vllm_fused,CUDA_EVENT,BF16,generic,generic,none
0.013535999692976475,0.014879999682307243,0.01415200000628829,0.014144000131636858,0.00029604324687306226,20,0.022112000733613968,0.02473600022494793,0.023283200059086084,0.023231999948620796,0.0008420561446420405,20,0.04342399910092354,0.04934399947524071,0.04455839991569519,0.04439999908208847,0.0012854473195069692,20,1.0144000053405762,1.0315840244293213,1.022289514541626,1.0204800367355347,0.005402549635618925,4208,128,16,8,standard_fused_topk,logit_topk,softmax_renorm,True,prefill_hot,ffn_like_prefix_20x,8,2048,768,True,1,"{""moe_gating_linear"":{""dimension_source"":""routed_mlp_hidden_dim"",""effective_ffn_width"":768,""expert_parallel_mode"":""on"",""layer_kind"":""routed"",""operator_family_id"":""moe"",""operator_family_ids"":[""moe""],""profile_id"":""generic"",""selected_expert_parallel_size"":null,""selected_padded_ffn_width"":768,""selected_tensor_parallel_size"":1,""tensor_parallel_mode"":""moe_tp"",""tensor_parallel_sizes"":[1]},""moe_gating_routing_topk"":{""dimension_source"":""routed_mlp_hidden_dim"",""effective_ffn_width"":768,""expert_parallel_mode"":""on"",""layer_kind"":""routed"",""operator_family_id"":""moe"",""operator_family_ids"":[""moe""],""profile_id"":""generic"",""selected_expert_parallel_size"":null,""selected_padded_ffn_width"":768,""selected_tensor_parallel_size"":1,""tensor_parallel_mode"":""moe_tp"",""tensor_parallel_sizes"":[1]},""moe_grouped_gemm"":{""dimension_source"":""routed_mlp_hidden_dim"",""effective_ffn_width"":768,""expert_parallel_mode"":""on"",""layer_kind"":""routed"",""operator_family_id"":""moe"",""operator_family_ids"":[""moe""],""profile_id"":""generic"",""selected_expert_parallel_size"":8,""selected_padded_ffn_width"":768,""selected_tensor_parallel_size"":1,""tensor_parallel_mode"":""moe_tp"",""tensor_parallel_sizes"":[1]},""moe_shuffling"":{""dimension_source"":""routed_mlp_hidden_dim"",""effective_ffn_width"":768,""expert_parallel_mode"":""on"",""layer_kind"":""routed"",""operator_family_id"":""moe"",""operator_family_ids"":[""moe""],""profile_id"":""generic"",""selected_expert_parallel_size"":null,""selected_padded_ffn_width"":768,""selected_tensor_parallel_size"":1,""tensor_parallel_mode"":""moe_tp"",""tensor_parallel_sizes"":[1]}}",27437,0.375,1714.8125,1714.8125,1.0,0.023909319532018806,0.9708527784011862,1.9792251339432154,3.1095773011209835,0.48665807121769866,extremely_skewed,0,vllm_fused,CUDA_EVENT,BF16,generic,generic,none
0.01865600049495697,0.020320000126957893,0.019251199904829264,0.019039999693632126,0.00044598394333215176,20,0.028896000236272812,0.03190400078892708,0.030478400085121392,0.030479999259114265,0.0008688148651227843,20,0.06614399701356888,0.07497599720954895,0.06910239905118942,0.06894399970769882,0.0019405692467558931,20,1.9000320434570312,1.9202239513397217,1.9063313007354736,1.9051200151443481,0.004733135923743248,8192,128,16,8,standard_fused_topk,logit_topk,softmax_renorm,True,prefill_hot,ffn_like_prefix_20x,8,2048,768,True,1,"{""moe_gating_linear"":{""dimension_source"":""routed_mlp_hidden_dim"",""effective_ffn_width"":768,""expert_parallel_mode"":""on"",""layer_kind"":""routed"",""operator_family_id"":""moe"",""operator_family_ids"":[""moe""],""profile_id"":""generic"",""selected_expert_parallel_size"":null,""selected_padded_ffn_width"":768,""selected_tensor_parallel_size"":1,""tensor_parallel_mode"":""moe_tp"",""tensor_parallel_sizes"":[1]},""moe_gating_routing_topk"":{""dimension_source"":""routed_mlp_hidden_dim"",""effective_ffn_width"":768,""expert_parallel_mode"":""on"",""layer_kind"":""routed"",""operator_family_id"":""moe"",""operator_family_ids"":[""moe""],""profile_id"":""generic"",""selected_expert_parallel_size"":null,""selected_padded_ffn_width"":768,""selected_tensor_parallel_size"":1,""tensor_parallel_mode"":""moe_tp"",""tensor_parallel_sizes"":[1]},""moe_grouped_gemm"":{""dimension_source"":""routed_mlp_hidden_dim"",""effective_ffn_width"":768,""expert_parallel_mode"":""on"",""layer_kind"":""routed"",""operator_family_id"":""moe"",""operator_family_ids"":[""moe""],""profile_id"":""generic"",""selected_expert_parallel_size"":8,""selected_padded_ffn_width"":768,""selected_tensor_parallel_size"":1,""tensor_parallel_mode"":""moe_tp"",""tensor_parallel_sizes"":[1]},""moe_shuffling"":{""dimension_source"":""routed_mlp_hidden_dim"",""effective_ffn_width"":768,""expert_parallel_mode"":""on"",""layer_kind"":""routed"",""operator_family_id"":""moe"",""operator_family_ids"":[""moe""],""profile_id"":""generic"",""selected_expert_parallel_size"":null,""selected_padded_ffn_width"":768,""selected_tensor_parallel_size"":1,""tensor_parallel_mode"":""moe_tp"",""tensor_parallel_sizes"":[1]}}",53842,0.375,3365.125,3365.125,1.0,0.026447754541064596,0.9702151362343724,1.9764496118271981,3.111627918450119,0.48601927863006567,extremely_skewed,0,vllm_fused,CUDA_EVENT,BF16,generic,generic,none
0.018432000651955605,0.020576000213623047,0.019436799734830857,0.01935999933630228,0.0005918183438934148,20,0.02844800055027008,0.030592000111937523,0.02970559997484088,0.02985600009560585,0.0006182793052688977,20,0.06700800359249115,0.07491199672222137,0.06950080022215843,0.06913600116968155,0.001888375937856428,20,1.916543960571289,2.1349120140075684,1.9387089014053345,1.923840045928955,0.048180729150772095,8224,128,16,8,standard_fused_topk,logit_topk,softmax_renorm,True,prefill_hot,ffn_like_prefix_20x,8,2048,768,True,1,"{""moe_gating_linear"":{""dimension_source"":""routed_mlp_hidden_dim"",""effective_ffn_width"":768,""expert_parallel_mode"":""on"",""layer_kind"":""routed"",""operator_family_id"":""moe"",""operator_family_ids"":[""moe""],""profile_id"":""generic"",""selected_expert_parallel_size"":null,""selected_padded_ffn_width"":768,""selected_tensor_parallel_size"":1,""tensor_parallel_mode"":""moe_tp"",""tensor_parallel_sizes"":[1]},""moe_gating_routing_topk"":{""dimension_source"":""routed_mlp_hidden_dim"",""effective_ffn_width"":768,""expert_parallel_mode"":""on"",""layer_kind"":""routed"",""operator_family_id"":""moe"",""operator_family_ids"":[""moe""],""profile_id"":""generic"",""selected_expert_parallel_size"":null,""selected_padded_ffn_width"":768,""selected_tensor_parallel_size"":1,""tensor_parallel_mode"":""moe_tp"",""tensor_parallel_sizes"":[1]},""moe_grouped_gemm"":{""dimension_source"":""routed_mlp_hidden_dim"",""effective_ffn_width"":768,""expert_parallel_mode"":""on"",""layer_kind"":""routed"",""operator_family_id"":""moe"",""operator_family_ids"":[""moe""],""profile_id"":""generic"",""selected_expert_parallel_size"":8,""selected_padded_ffn_width"":768,""selected_tensor_parallel_size"":1,""tensor_parallel_mode"":""moe_tp"",""tensor_parallel_sizes"":[1]},""moe_shuffling"":{""dimension_source"":""routed_mlp_hidden_dim"",""effective_ffn_width"":768,""expert_parallel_mode"":""on"",""layer_kind"":""routed"",""operator_family_id"":""moe"",""operator_family_ids"":[""moe""],""profile_id"":""generic"",""selected_expert_parallel_size"":null,""selected_padded_ffn_width"":768,""selected_tensor_parallel_size"":1,""tensor_parallel_mode"":""moe_tp"",""tensor_parallel_sizes"":[1]}}",54262,0.375,3391.375,3391.375,1.0,0.02594817736168958,0.9688975108465127,1.9738306733994324,3.115554142499491,0.4853811138549997,extremely_skewed,1,vllm_fused,CUDA_EVENT,BF16,generic,generic,none
0.013504000380635262,0.015104000456631184,0.01402560006827116,0.013999999966472387,0.00038614065932156104,20,0.02223999984562397,0.02412799932062626,0.023347200080752372,0.023455999791622162,0.0005326246328232669,20,0.04387199878692627,0.0525440014898777,0.045556800253689286,0.04497599974274635,0.0019253600079703074,20,0.26419198513031006,0.27219200134277344,0.26738399267196655,0.26678401231765747,0.0023726148065179586,4160,128,16,8,standard_fused_topk,logit_topk,softmax_renorm,True,prefill_hot,ffn_like_prefix_20x,8,2048,768,True,1,"{""moe_gating_linear"":{""dimension_source"":""routed_mlp_hidden_dim"",""effective_ffn_width"":768,""expert_parallel_mode"":""on"",""layer_kind"":""routed"",""operator_family_id"":""moe"",""operator_family_ids"":[""moe""],""profile_id"":""generic"",""selected_expert_parallel_size"":null,""selected_padded_ffn_width"":768,""selected_tensor_parallel_size"":1,""tensor_parallel_mode"":""moe_tp"",""tensor_parallel_sizes"":[1]},""moe_gating_routing_topk"":{""dimension_source"":""routed_mlp_hidden_dim"",""effective_ffn_width"":768,""expert_parallel_mode"":""on"",""layer_kind"":""routed"",""operator_family_id"":""moe"",""operator_family_ids"":[""moe""],""profile_id"":""generic"",""selected_expert_parallel_size"":null,""selected_padded_ffn_width"":768,""selected_tensor_parallel_size"":1,""tensor_parallel_mode"":""moe_tp"",""tensor_parallel_sizes"":[1]},""moe_grouped_gemm"":{""dimension_source"":""routed_mlp_hidden_dim"",""effective_ffn_width"":768,""expert_parallel_mode"":""on"",""layer_kind"":""routed"",""operator_family_id"":""moe"",""operator_family_ids"":[""moe""],""profile_id"":""generic"",""selected_expert_parallel_size"":8,""selected_padded_ffn_width"":768,""selected_tensor_parallel_size"":1,""tensor_parallel_mode"":""moe_tp"",""tensor_parallel_sizes"":[1]},""moe_shuffling"":{""dimension_source"":""routed_mlp_hidden_dim"",""effective_ffn_width"":768,""expert_parallel_mode"":""on"",""layer_kind"":""routed"",""operator_family_id"":""moe"",""operator_family_ids"":[""moe""],""profile_id"":""generic"",""selected_expert_parallel_size"":null,""selected_padded_ffn_width"":768,""selected_tensor_parallel_size"":1,""tensor_parallel_mode"":""moe_tp"",""tensor_parallel_sizes"":[1]}}",1529,0.375,95.5625,95.5625,1.0,0.33485938521909747,0.35551808994413275,1.4754741661216482,3.8992056596389038,0.2003351863963374,skewed,1,vllm_fused,CUDA_EVENT,BF16,generic,generic,none
0.013535999692976475,0.015200000256299973,0.014251200063154102,0.01425600005313754,0.0003440967573794063,20,0.022592000663280487,0.024064000695943832,0.023300799913704394,0.023296000435948372,0.00045607305729614074,20,0.053247999399900436,0.06284800171852112,0.055260800011456016,0.05430399999022484,0.002316497913456,20,0.2654399871826172,0.28489598631858826,0.2701840102672577,0.26895999908447266,0.004894738085567951,4192,128,16,8,standard_fused_topk,logit_topk,softmax_renorm,True,prefill_hot,ffn_like_prefix_20x,8,2048,768,True,1,"{""moe_gating_linear"":{""dimension_source"":""routed_mlp_hidden_dim"",""effective_ffn_width"":768,""expert_parallel_mode"":""on"",""layer_kind"":""routed"",""operator_family_id"":""moe"",""operator_family_ids"":[""moe""],""profile_id"":""generic"",""selected_expert_parallel_size"":null,""selected_padded_ffn_width"":768,""selected_tensor_parallel_size"":1,""tensor_parallel_mode"":""moe_tp"",""tensor_parallel_sizes"":[1]},""moe_gating_routing_topk"":{""dimension_source"":""routed_mlp_hidden_dim"",""effective_ffn_width"":768,""expert_parallel_mode"":""on"",""layer_kind"":""routed"",""operator_family_id"":""moe"",""operator_family_ids"":[""moe""],""profile_id"":""generic"",""selected_expert_parallel_size"":null,""selected_padded_ffn_width"":768,""selected_tensor_parallel_size"":1,""tensor_parallel_mode"":""moe_tp"",""tensor_parallel_sizes"":[1]},""moe_grouped_gemm"":{""dimension_source"":""routed_mlp_hidden_dim"",""effective_ffn_width"":768,""expert_parallel_mode"":""on"",""layer_kind"":""routed"",""operator_family_id"":""moe"",""operator_family_ids"":[""moe""],""profile_id"":""generic"",""selected_expert_parallel_size"":8,""selected_padded_ffn_width"":768,""selected_tensor_parallel_size"":1,""tensor_parallel_mode"":""moe_tp"",""tensor_parallel_sizes"":[1]},""moe_shuffling"":{""dimension_source"":""routed_mlp_hidden_dim"",""effective_ffn_width"":768,""expert_parallel_mode"":""on"",""layer_kind"":""routed"",""operator_family_id"":""moe"",""operator_family_ids"":[""moe""],""profile_id"":""generic"",""selected_expert_parallel_size"":null,""selected_padded_ffn_width"":768,""selected_tensor_parallel_size"":1,""tensor_parallel_mode"":""moe_tp"",""tensor_parallel_sizes"":[1]}}",1536,0.375,96.0,96.0,1.0,0.3333333333333333,0.35498908800717616,1.4895833333333333,3.8996222829074347,0.20035807291666674,skewed,1,vllm_fused,CUDA_EVENT,BF16,generic,generic,none
0.013504000380635262,0.01532800029963255,0.013948800088837743,0.013888000044971704,0.00041438462244312917,20,0.022816000506281853,0.024288000538945198,0.023580799996852874,0.02355199959129095,0.000462385968576922,20,0.04233599826693535,0.04665600135922432,0.04334719981998205,0.04312000051140785,0.0009189855665808273,20,1.0206079483032227,1.0385279655456543,1.030057668685913,1.0329920053482056,0.006732465699315071,4192,128,16,8,standard_fused_topk,logit_topk,softmax_renorm,True,prefill_hot,ffn_like_prefix_20x,8,2048,768,True,1,"{""moe_gating_linear"":{""dimension_source"":""routed_mlp_hidden_dim"",""effective_ffn_width"":768,""expert_parallel_mode"":""on"",""layer_kind"":""routed"",""operator_family_id"":""moe"",""operator_family_ids"":[""moe""],""profile_id"":""generic"",""selected_expert_parallel_size"":null,""selected_padded_ffn_width"":768,""selected_tensor_parallel_size"":1,""tensor_parallel_mode"":""moe_tp"",""tensor_parallel_sizes"":[1]},""moe_gating_routing_topk"":{""dimension_source"":""routed_mlp_hidden_dim"",""effective_ffn_width"":768,""expert_parallel_mode"":""on"",""layer_kind"":""routed"",""operator_family_id"":""moe"",""operator_family_ids"":[""moe""],""profile_id"":""generic"",""selected_expert_parallel_size"":null,""selected_padded_ffn_width"":768,""selected_tensor_parallel_size"":1,""tensor_parallel_mode"":""moe_tp"",""tensor_parallel_sizes"":[1]},""moe_grouped_gemm"":{""dimension_source"":""routed_mlp_hidden_dim"",""effective_ffn_width"":768,""expert_parallel_mode"":""on"",""layer_kind"":""routed"",""operator_family_id"":""moe"",""operator_family_ids"":[""moe""],""profile_id"":""generic"",""selected_expert_parallel_size"":8,""selected_padded_ffn_width"":768,""selected_tensor_parallel_size"":1,""tensor_parallel_mode"":""moe_tp"",""tensor_parallel_sizes"":[1]},""moe_shuffling"":{""dimension_source"":""routed_mlp_hidden_dim"",""effective_ffn_width"":768,""expert_parallel_mode"":""on"",""layer_kind"":""routed"",""operator_family_id"":""moe"",""operator_family_ids"":[""moe""],""profile_id"":""generic"",""selected_expert_parallel_size"":null,""selected_padded_ffn_width"":768,""selected_tensor_parallel_size"":1,""tensor_parallel_mode"":""moe_tp"",""tensor_parallel_sizes"":[1]}}",27662,0.375,1728.875,1728.875,1.0,0.025450075916419637,0.9671825530271078,1.9758513484202154,3.1206515772607304,0.4845681801749693,extremely_skewed,1,vllm_fused,CUDA_EVENT,BF16,generic,generic,none
0.013791999779641628,0.014399999752640724,0.014011199912056327,0.014031999744474888,0.00015976777080719222,20,0.0226879995316267,0.024800000712275505,0.023835199978202583,0.02396799996495247,0.0006141394956687086,20,0.04608000069856644,0.05135999992489815,0.04768960028886795,0.047568000853061676,0.0011017067601731749,20,0.32371199131011963,0.33952000737190247,0.3319792151451111,0.33292800188064575,0.004878512583673,4224,128,16,8,standard_fused_topk,logit_topk,softmax_renorm,True,prefill_hot,ffn_like_prefix_20x,8,2048,768,True,1,"{""moe_gating_linear"":{""dimension_source"":""routed_mlp_hidden_dim"",""effective_ffn_width"":768,""expert_parallel_mode"":""on"",""layer_kind"":""routed"",""operator_family_id"":""moe"",""operator_family_ids"":[""moe""],""profile_id"":""generic"",""selected_expert_parallel_size"":null,""selected_padded_ffn_width"":768,""selected_tensor_parallel_size"":1,""tensor_parallel_mode"":""moe_tp"",""tensor_parallel_sizes"":[1]},""moe_gating_routing_topk"":{""dimension_source"":""routed_mlp_hidden_dim"",""effective_ffn_width"":768,""expert_parallel_mode"":""on"",""layer_kind"":""routed"",""operator_family_id"":""moe"",""operator_family_ids"":[""moe""],""profile_id"":""generic"",""selected_expert_parallel_size"":null,""selected_padded_ffn_width"":768,""selected_tensor_parallel_size"":1,""tensor_parallel_mode"":""moe_tp"",""tensor_parallel_sizes"":[1]},""moe_grouped_gemm"":{""dimension_source"":""routed_mlp_hidden_dim"",""effective_ffn_width"":768,""expert_parallel_mode"":""on"",""layer_kind"":""routed"",""operator_family_id"":""moe"",""operator_family_ids"":[""moe""],""profile_id"":""generic"",""selected_expert_parallel_size"":8,""selected_padded_ffn_width"":768,""selected_tensor_parallel_size"":1,""tensor_parallel_mode"":""moe_tp"",""tensor_parallel_sizes"":[1]},""moe_shuffling"":{""dimension_source"":""routed_mlp_hidden_dim"",""effective_ffn_width"":768,""expert_parallel_mode"":""on"",""layer_kind"":""routed"",""operator_family_id"":""moe"",""operator_family_ids"":[""moe""],""profile_id"":""generic"",""selected_expert_parallel_size"":null,""selected_padded_ffn_width"":768,""selected_tensor_parallel_size"":1,""tensor_parallel_mode"":""moe_tp"",""tensor_parallel_sizes"":[1]}}",4183,0.375,261.4375,261.4375,1.0,0.921826440353813,0.04738935328306217,1.1054267272292613,3.9983935870731924,0.026222208940951397,uniform,2,vllm_fused,CUDA_EVENT,BF16,generic,generic,none
0.013344000093638897,0.014303999952971935,0.014051200030371547,0.014047999866306782,0.0002093250645855725,20,0.022495999932289124,0.02364799939095974,0.023089599888771774,0.02319999970495701,0.0003999967384709651,20,0.044704001396894455,0.05459199845790863,0.04747359976172447,0.04593599960207939,0.003168201476186722,20,0.2655999958515167,0.2871679961681366,0.2796911895275116,0.28307199478149414,0.007272554561495781,4192,128,16,8,standard_fused_topk,logit_topk,softmax_renorm,True,prefill_hot,ffn_like_prefix_20x,8,2048,768,True,1,"{""moe_gating_linear"":{""dimension_source"":""routed_mlp_hidden_dim"",""effective_ffn_width"":768,""expert_parallel_mode"":""on"",""layer_kind"":""routed"",""operator_family_id"":""moe"",""operator_family_ids"":[""moe""],""profile_id"":""generic"",""selected_expert_parallel_size"":null,""selected_padded_ffn_width"":768,""selected_tensor_parallel_size"":1,""tensor_parallel_mode"":""moe_tp"",""tensor_parallel_sizes"":[1]},""moe_gating_routing_topk"":{""dimension_source"":""routed_mlp_hidden_dim"",""effective_ffn_width"":768,""expert_parallel_mode"":""on"",""layer_kind"":""routed"",""operator_family_id"":""moe"",""operator_family_ids"":[""moe""],""profile_id"":""generic"",""selected_expert_parallel_size"":null,""selected_padded_ffn_width"":768,""selected_tensor_parallel_size"":1,""tensor_parallel_mode"":""moe_tp"",""tensor_parallel_sizes"":[1]},""moe_grouped_gemm"":{""dimension_source"":""routed_mlp_hidden_dim"",""effective_ffn_width"":768,""expert_parallel_mode"":""on"",""layer_kind"":""routed"",""operator_family_id"":""moe"",""operator_family_ids"":[""moe""],""profile_id"":""generic"",""selected_expert_parallel_size"":8,""selected_padded_ffn_width"":768,""selected_tensor_parallel_size"":1,""tensor_parallel_mode"":""moe_tp"",""tensor_parallel_sizes"":[1]},""moe_shuffling"":{""dimension_source"":""routed_mlp_hidden_dim"",""effective_ffn_width"":768,""expert_parallel_mode"":""on"",""layer_kind"":""routed"",""operator_family_id"":""moe"",""operator_family_ids"":[""moe""],""profile_id"":""generic"",""selected_expert_parallel_size"":null,""selected_padded_ffn_width"":768,""selected_tensor_parallel_size"":1,""tensor_parallel_mode"":""moe_tp"",""tensor_parallel_sizes"":[1]}}",1556,0.375,97.25,97.25,1.0,0.3393316195372751,0.3427131502897914,1.532133676092545,3.9068689114456316,0.19384640102827766,skewed,2,vllm_fused,CUDA_EVENT,BF16,generic,generic,none
0.01360000018030405,0.01568000018596649,0.014390400052070618,0.014287999831140041,0.0004952354877747373,20,0.022784000262618065,0.02579200081527233,0.02435360010713339,0.0244159996509552,0.0008780764548566032,20,0.04800000041723251,0.055743999779224396,0.053118400275707245,0.05382400006055832,0.0021768345104517203,20,0.2706240117549896,0.2906239926815033,0.28059202432632446,0.282368004322052,0.006858476437628269,4224,128,16,8,standard_fused_topk,logit_topk,softmax_renorm,True,prefill_hot,ffn_like_prefix_20x,8,2048,768,True,1,"{""moe_gating_linear"":{""dimension_source"":""routed_mlp_hidden_dim"",""effective_ffn_width"":768,""expert_parallel_mode"":""on"",""layer_kind"":""routed"",""operator_family_id"":""moe"",""operator_family_ids"":[""moe""],""profile_id"":""generic"",""selected_expert_parallel_size"":null,""selected_padded_ffn_width"":768,""selected_tensor_parallel_size"":1,""tensor_parallel_mode"":""moe_tp"",""tensor_parallel_sizes"":[1]},""moe_gating_routing_topk"":{""dimension_source"":""routed_mlp_hidden_dim"",""effective_ffn_width"":768,""expert_parallel_mode"":""on"",""layer_kind"":""routed"",""operator_family_id"":""moe"",""operator_family_ids"":[""moe""],""profile_id"":""generic"",""selected_expert_parallel_size"":null,""selected_padded_ffn_width"":768,""selected_tensor_parallel_size"":1,""tensor_parallel_mode"":""moe_tp"",""tensor_parallel_sizes"":[1]},""moe_grouped_gemm"":{""dimension_source"":""routed_mlp_hidden_dim"",""effective_ffn_width"":768,""expert_parallel_mode"":""on"",""layer_kind"":""routed"",""operator_family_id"":""moe"",""operator_family_ids"":[""moe""],""profile_id"":""generic"",""selected_expert_parallel_size"":8,""selected_padded_ffn_width"":768,""selected_tensor_parallel_size"":1,""tensor_parallel_mode"":""moe_tp"",""tensor_parallel_sizes"":[1]},""moe_shuffling"":{""dimension_source"":""routed_mlp_hidden_dim"",""effective_ffn_width"":768,""expert_parallel_mode"":""on"",""layer_kind"":""routed"",""operator_family_id"":""moe"",""operator_family_ids"":[""moe""],""profile_id"":""generic"",""selected_expert_parallel_size"":null,""selected_padded_ffn_width"":768,""selected_tensor_parallel_size"":1,""tensor_parallel_mode"":""moe_tp"",""tensor_parallel_sizes"":[1]}}",1571,0.375,98.1875,98.1875,1.0,0.3360916613621897,0.34078886364888994,1.5276893698281349,3.9077450674973084,0.1925127307447485,skewed,2,vllm_fused,CUDA_EVENT,BF16,generic,generic,none
0.018624000251293182,0.020479999482631683,0.019289599917829036,0.019247999414801598,0.0004132337773594575,20,0.028384000062942505,0.031808000057935715,0.02991360006853938,0.029952000826597214,0.0008580893580319494,20,0.07840000092983246,0.1003199964761734,0.08050240017473698,0.07916799932718277,0.004655598886340496,20,0.4222080111503601,0.44419199228286743,0.4333759844303131,0.43267199397087097,0.0067906067706644535,8208,128,16,8,standard_fused_topk,logit_topk,softmax_renorm,True,prefill_hot,ffn_like_prefix_20x,8,2048,768,True,1,"{""moe_gating_linear"":{""dimension_source"":""routed_mlp_hidden_dim"",""effective_ffn_width"":768,""expert_parallel_mode"":""on"",""layer_kind"":""routed"",""operator_family_id"":""moe"",""operator_family_ids"":[""moe""],""profile_id"":""generic"",""selected_expert_parallel_size"":null,""selected_padded_ffn_width"":768,""selected_tensor_parallel_size"":1,""tensor_parallel_mode"":""moe_tp"",""tensor_parallel_sizes"":[1]},""moe_gating_routing_topk"":{""dimension_source"":""routed_mlp_hidden_dim"",""effective_ffn_width"":768,""expert_parallel_mode"":""on"",""layer_kind"":""routed"",""operator_family_id"":""moe"",""operator_family_ids"":[""moe""],""profile_id"":""generic"",""selected_expert_parallel_size"":null,""selected_padded_ffn_width"":768,""selected_tensor_parallel_size"":1,""tensor_parallel_mode"":""moe_tp"",""tensor_parallel_sizes"":[1]},""moe_grouped_gemm"":{""dimension_source"":""routed_mlp_hidden_dim"",""effective_ffn_width"":768,""expert_parallel_mode"":""on"",""layer_kind"":""routed"",""operator_family_id"":""moe"",""operator_family_ids"":[""moe""],""profile_id"":""generic"",""selected_expert_parallel_size"":8,""selected_padded_ffn_width"":768,""selected_tensor_parallel_size"":1,""tensor_parallel_mode"":""moe_tp"",""tensor_parallel_sizes"":[1]},""moe_shuffling"":{""dimension_source"":""routed_mlp_hidden_dim"",""effective_ffn_width"":768,""expert_parallel_mode"":""on"",""layer_kind"":""routed"",""operator_family_id"":""moe"",""operator_family_ids"":[""moe""],""profile_id"":""generic"",""selected_expert_parallel_size"":null,""selected_padded_ffn_width"":768,""selected_tensor_parallel_size"":1,""tensor_parallel_mode"":""moe_tp"",""tensor_parallel_sizes"":[1]}}",3016,0.375,188.5,188.5,1.0,0.3925729442970822,0.32923317982655287,1.5278514588859415,3.9156006062781037,0.18745855437665782,skewed,2,vllm_fused,CUDA_EVENT,BF16,generic,generic,none
0.013311999849975109,0.014783999882638454,0.013822399964556097,0.013712000101804733,0.00033721308824911564,20,0.02195199951529503,0.02393599972128868,0.023270399868488313,0.023471999913454056,0.0005904497945174556,20,0.04403200000524521,0.05772799998521805,0.04712160024791956,0.04460800066590309,0.004579494862092621,20,0.2651199996471405,0.27452799677848816,0.2680880129337311,0.2677440047264099,0.0019268617033958435,4144,128,16,8,standard_fused_topk,logit_topk,softmax_renorm,True,prefill_hot,ffn_like_prefix_20x,8,2048,768,True,1,"{""moe_gating_linear"":{""dimension_source"":""routed_mlp_hidden_dim"",""effective_ffn_width"":768,""expert_parallel_mode"":""on"",""layer_kind"":""routed"",""operator_family_id"":""moe"",""operator_family_ids"":[""moe""],""profile_id"":""generic"",""selected_expert_parallel_size"":null,""selected_padded_ffn_width"":768,""selected_tensor_parallel_size"":1,""tensor_parallel_mode"":""moe_tp"",""tensor_parallel_sizes"":[1]},""moe_gating_routing_topk"":{""dimension_source"":""routed_mlp_hidden_dim"",""effective_ffn_width"":768,""expert_parallel_mode"":""on"",""layer_kind"":""routed"",""operator_family_id"":""moe"",""operator_family_ids"":[""moe""],""profile_id"":""generic"",""selected_expert_parallel_size"":null,""selected_padded_ffn_width"":768,""selected_tensor_parallel_size"":1,""tensor_parallel_mode"":""moe_tp"",""tensor_parallel_sizes"":[1]},""moe_grouped_gemm"":{""dimension_source"":""routed_mlp_hidden_dim"",""effective_ffn_width"":768,""expert_parallel_mode"":""on"",""layer_kind"":""routed"",""operator_family_id"":""moe"",""operator_family_ids"":[""moe""],""profile_id"":""generic"",""selected_expert_parallel_size"":8,""selected_padded_ffn_width"":768,""selected_tensor_parallel_size"":1,""tensor_parallel_mode"":""moe_tp"",""tensor_parallel_sizes"":[1]},""moe_shuffling"":{""dimension_source"":""routed_mlp_hidden_dim"",""effective_ffn_width"":768,""expert_parallel_mode"":""on"",""layer_kind"":""routed"",""operator_family_id"":""moe"",""operator_family_ids"":[""moe""],""profile_id"":""generic"",""selected_expert_parallel_size"":null,""selected_padded_ffn_width"":768,""selected_tensor_parallel_size"":1,""tensor_parallel_mode"":""moe_tp"",""tensor_parallel_sizes"":[1]}}",1520,0.375,95.0,95.0,1.0,0.3368421052631579,0.3169277729963073,1.5157894736842106,3.9193667016771743,0.1774671052631578,skewed,0,vllm_fused,CUDA_EVENT,BF16,generic,generic,none
0.01375999953597784,0.014751999638974667,0.014398399926722049,0.014415999874472618,0.0002570927895670332,20,0.022624000906944275,0.024159999564290047,0.02339839991182089,0.02339200023561716,0.00044749657027448776,20,0.053279999643564224,0.05907199904322624,0.05436480008065701,0.05392000079154968,0.0012781145400729602,20,0.2651839852333069,0.2847360074520111,0.2708495855331421,0.26838400959968567,0.006215047091245651,4176,128,16,8,standard_fused_topk,logit_topk,softmax_renorm,True,prefill_hot,ffn_like_prefix_20x,8,2048,768,True,1,"{""moe_gating_linear"":{""dimension_source"":""routed_mlp_hidden_dim"",""effective_ffn_width"":768,""expert_parallel_mode"":""on"",""layer_kind"":""routed"",""operator_family_id"":""moe"",""operator_family_ids"":[""moe""],""profile_id"":""generic"",""selected_expert_parallel_size"":null,""selected_padded_ffn_width"":768,""selected_tensor_parallel_size"":1,""tensor_parallel_mode"":""moe_tp"",""tensor_parallel_sizes"":[1]},""moe_gating_routing_topk"":{""dimension_source"":""routed_mlp_hidden_dim"",""effective_ffn_width"":768,""expert_parallel_mode"":""on"",""layer_kind"":""routed"",""operator_family_id"":""moe"",""operator_family_ids"":[""moe""],""profile_id"":""generic"",""selected_expert_parallel_size"":null,""selected_padded_ffn_width"":768,""selected_tensor_parallel_size"":1,""tensor_parallel_mode"":""moe_tp"",""tensor_parallel_sizes"":[1]},""moe_grouped_gemm"":{""dimension_source"":""routed_mlp_hidden_dim"",""effective_ffn_width"":768,""expert_parallel_mode"":""on"",""layer_kind"":""routed"",""operator_family_id"":""moe"",""operator_family_ids"":[""moe""],""profile_id"":""generic"",""selected_expert_parallel_size"":8,""selected_padded_ffn_width"":768,""selected_tensor_parallel_size"":1,""tensor_parallel_mode"":""moe_tp"",""tensor_parallel_sizes"":[1]},""moe_shuffling"":{""dimension_source"":""routed_mlp_hidden_dim"",""effective_ffn_width"":768,""expert_parallel_mode"":""on"",""layer_kind"":""routed"",""operator_family_id"":""moe"",""operator_family_ids"":[""moe""],""profile_id"":""generic"",""selected_expert_parallel_size"":null,""selected_padded_ffn_width"":768,""selected_tensor_parallel_size"":1,""tensor_parallel_mode"":""moe_tp"",""tensor_parallel_sizes"":[1]}}",1533,0.375,95.8125,95.8125,1.0,0.3339856490541422,0.31816360751862727,1.5029354207436398,3.9184669114699187,0.17812296151337237,skewed,0,vllm_fused,CUDA_EVENT,BF16,generic,generic,none
0.01360000018030405,0.01484800036996603,0.013990400126203895,0.01398400031030178,0.00024129791399142344,20,0.02252800017595291,0.025087999179959297,0.023830399941653015,0.02409599907696247,0.0007360066542552607,20,0.04636799916625023,0.051392000168561935,0.04757279977202415,0.047279998660087585,0.0010431350757890377,20,0.3233279883861542,0.3298560082912445,0.3263584077358246,0.32576000690460205,0.002217540517449379,4208,128,16,8,standard_fused_topk,logit_topk,softmax_renorm,True,prefill_hot,ffn_like_prefix_20x,8,2048,768,True,1,"{""moe_gating_linear"":{""dimension_source"":""routed_mlp_hidden_dim"",""effective_ffn_width"":768,""expert_parallel_mode"":""on"",""layer_kind"":""routed"",""operator_family_id"":""moe"",""operator_family_ids"":[""moe""],""profile_id"":""generic"",""selected_expert_parallel_size"":null,""selected_padded_ffn_width"":768,""selected_tensor_parallel_size"":1,""tensor_parallel_mode"":""moe_tp"",""tensor_parallel_sizes"":[1]},""moe_gating_routing_topk"":{""dimension_source"":""routed_mlp_hidden_dim"",""effective_ffn_width"":768,""expert_parallel_mode"":""on"",""layer_kind"":""routed"",""operator_family_id"":""moe"",""operator_family_ids"":[""moe""],""profile_id"":""generic"",""selected_expert_parallel_size"":null,""selected_padded_ffn_width"":768,""selected_tensor_parallel_size"":1,""tensor_parallel_mode"":""moe_tp"",""tensor_parallel_sizes"":[1]},""moe_grouped_gemm"":{""dimension_source"":""routed_mlp_hidden_dim"",""effective_ffn_width"":768,""expert_parallel_mode"":""on"",""layer_kind"":""routed"",""operator_family_id"":""moe"",""operator_family_ids"":[""moe""],""profile_id"":""generic"",""selected_expert_parallel_size"":8,""selected_padded_ffn_width"":768,""selected_tensor_parallel_size"":1,""tensor_parallel_mode"":""moe_tp"",""tensor_parallel_sizes"":[1]},""moe_shuffling"":{""dimension_source"":""routed_mlp_hidden_dim"",""effective_ffn_width"":768,""expert_parallel_mode"":""on"",""layer_kind"":""routed"",""operator_family_id"":""moe"",""operator_family_ids"":[""moe""],""profile_id"":""generic"",""selected_expert_parallel_size"":null,""selected_padded_ffn_width"":768,""selected_tensor_parallel_size"":1,""tensor_parallel_mode"":""moe_tp"",""tensor_parallel_sizes"":[1]}}",4179,0.375,261.1875,261.1875,1.0,0.8767647762622637,0.050742818460113887,1.083512802105767,3.998122818979841,0.027922349844460292,uniform,1,vllm_fused,CUDA_EVENT,BF16,generic,generic,none
0.013439999893307686,0.014976000413298607,0.014000000059604644,0.013968000188469887,0.0003113224140763706,20,0.02271999977529049,0.02486399933695793,0.02365120006725192,0.023423999547958374,0.0006076545294771505,20,0.04182400181889534,0.04710400104522705,0.042884800024330615,0.04264000058174133,0.001127212356029838,20,1.0100480318069458,1.0324159860610962,1.0167087316513062,1.0129599571228027,0.007291048765182495,4176,128,16,8,standard_fused_topk,logit_topk,softmax_renorm,True,prefill_hot,ffn_like_prefix_20x,8,2048,768,True,1,"{""moe_gating_linear"":{""dimension_source"":""routed_mlp_hidden_dim"",""effective_ffn_width"":768,""expert_parallel_mode"":""on"",""layer_kind"":""routed"",""operator_family_id"":""moe"",""operator_family_ids"":[""moe""],""profile_id"":""generic"",""selected_expert_parallel_size"":null,""selected_padded_ffn_width"":768,""selected_tensor_parallel_size"":1,""tensor_parallel_mode"":""moe_tp"",""tensor_parallel_sizes"":[1]},""moe_gating_routing_topk"":{""dimension_source"":""routed_mlp_hidden_dim"",""effective_ffn_width"":768,""expert_parallel_mode"":""on"",""layer_kind"":""routed"",""operator_family_id"":""moe"",""operator_family_ids"":[""moe""],""profile_id"":""generic"",""selected_expert_parallel_size"":null,""selected_padded_ffn_width"":768,""selected_tensor_parallel_size"":1,""tensor_parallel_mode"":""moe_tp"",""tensor_parallel_sizes"":[1]},""moe_grouped_gemm"":{""dimension_source"":""routed_mlp_hidden_dim"",""effective_ffn_width"":768,""expert_parallel_mode"":""on"",""layer_kind"":""routed"",""operator_family_id"":""moe"",""operator_family_ids"":[""moe""],""profile_id"":""generic"",""selected_expert_parallel_size"":8,""selected_padded_ffn_width"":768,""selected_tensor_parallel_size"":1,""tensor_parallel_mode"":""moe_tp"",""tensor_parallel_sizes"":[1]},""moe_shuffling"":{""dimension_source"":""routed_mlp_hidden_dim"",""effective_ffn_width"":768,""expert_parallel_mode"":""on"",""layer_kind"":""routed"",""operator_family_id"":""moe"",""operator_family_ids"":[""moe""],""profile_id"":""generic"",""selected_expert_parallel_size"":null,""selected_padded_ffn_width"":768,""selected_tensor_parallel_size"":1,""tensor_parallel_mode"":""moe_tp"",""tensor_parallel_sizes"":[1]}}",27242,0.375,1702.625,1702.625,1.0,0.02349313559944204,0.9710850389068844,1.9792966742529916,3.108870449715488,0.4868080537405477,extremely_skewed,0,vllm_fused,CUDA_EVENT,BF16,generic,generic,none
0.013791999779641628,0.014944000169634819,0.014230399951338768,0.014208000153303146,0.0002685141449728091,20,0.022816000506281853,0.02537599951028824,0.024238400068134068,0.024383999407291412,0.0008297491646538389,20,0.04531199857592583,0.05027199909090996,0.04649599995464086,0.04608000069856644,0.0010832838366167735,20,0.27024000883102417,0.28787198662757874,0.27877277135849,0.2797119915485382,0.005326862912625074,4208,128,16,8,standard_fused_topk,logit_topk,softmax_renorm,True,prefill_hot,ffn_like_prefix_20x,8,2048,768,True,1,"{""moe_gating_linear"":{""dimension_source"":""routed_mlp_hidden_dim"",""effective_ffn_width"":768,""expert_parallel_mode"":""on"",""layer_kind"":""routed"",""operator_family_id"":""moe"",""operator_family_ids"":[""moe""],""profile_id"":""generic"",""selected_expert_parallel_size"":null,""selected_padded_ffn_width"":768,""selected_tensor_parallel_size"":1,""tensor_parallel_mode"":""moe_tp"",""tensor_parallel_sizes"":[1]},""moe_gating_routing_topk"":{""dimension_source"":""routed_mlp_hidden_dim"",""effective_ffn_width"":768,""expert_parallel_mode"":""on"",""layer_kind"":""routed"",""operator_family_id"":""moe"",""operator_family_ids"":[""moe""],""profile_id"":""generic"",""selected_expert_parallel_size"":null,""selected_padded_ffn_width"":768,""selected_tensor_parallel_size"":1,""tensor_parallel_mode"":""moe_tp"",""tensor_parallel_sizes"":[1]},""moe_grouped_gemm"":{""dimension_source"":""routed_mlp_hidden_dim"",""effective_ffn_width"":768,""expert_parallel_mode"":""on"",""layer_kind"":""routed"",""operator_family_id"":""moe"",""operator_family_ids"":[""moe""],""profile_id"":""generic"",""selected_expert_parallel_size"":8,""selected_padded_ffn_width"":768,""selected_tensor_parallel_size"":1,""tensor_parallel_mode"":""moe_tp"",""tensor_parallel_sizes"":[1]},""moe_shuffling"":{""dimension_source"":""routed_mlp_hidden_dim"",""effective_ffn_width"":768,""expert_parallel_mode"":""on"",""layer_kind"":""routed"",""operator_family_id"":""moe"",""operator_family_ids"":[""moe""],""profile_id"":""generic"",""selected_expert_parallel_size"":null,""selected_padded_ffn_width"":768,""selected_tensor_parallel_size"":1,""tensor_parallel_mode"":""moe_tp"",""tensor_parallel_sizes"":[1]}}",1541,0.375,96.3125,96.3125,1.0,0.34263465282284233,0.3521522156337149,1.4847501622323167,3.9014528581429335,0.1988562621674237,skewed,1,vllm_fused,CUDA_EVENT,BF16,generic,generic,none
0.013632000423967838,0.015359999611973763,0.01431840010918677,0.014223999809473753,0.0004723089581899462,20,0.022463999688625336,0.02377600036561489,0.02318560015410185,0.023359999991953373,0.0004277090606831189,20,0.04707200080156326,0.05830400064587593,0.048812799900770185,0.0481759998947382,0.0022726851030534954,20,0.2688640058040619,0.28252801299095154,0.2768896222114563,0.2775999903678894,0.00399757781997323,4176,128,16,8,standard_fused_topk,logit_topk,softmax_renorm,True,prefill_hot,ffn_like_prefix_20x,8,2048,768,True,1,"{""moe_gating_linear"":{""dimension_source"":""routed_mlp_hidden_dim"",""effective_ffn_width"":768,""expert_parallel_mode"":""on"",""layer_kind"":""routed"",""operator_family_id"":""moe"",""operator_family_ids"":[""moe""],""profile_id"":""generic"",""selected_expert_parallel_size"":null,""selected_padded_ffn_width"":768,""selected_tensor_parallel_size"":1,""tensor_parallel_mode"":""moe_tp"",""tensor_parallel_sizes"":[1]},""moe_gating_routing_topk"":{""dimension_source"":""routed_mlp_hidden_dim"",""effective_ffn_width"":768,""expert_parallel_mode"":""on"",""layer_kind"":""routed"",""operator_family_id"":""moe"",""operator_family_ids"":[""moe""],""profile_id"":""generic"",""selected_expert_parallel_size"":null,""selected_padded_ffn_width"":768,""selected_tensor_parallel_size"":1,""tensor_parallel_mode"":""moe_tp"",""tensor_parallel_sizes"":[1]},""moe_grouped_gemm"":{""dimension_source"":""routed_mlp_hidden_dim"",""effective_ffn_width"":768,""expert_parallel_mode"":""on"",""layer_kind"":""routed"",""operator_family_id"":""moe"",""operator_family_ids"":[""moe""],""profile_id"":""generic"",""selected_expert_parallel_size"":8,""selected_padded_ffn_width"":768,""selected_tensor_parallel_size"":1,""tensor_parallel_mode"":""moe_tp"",""tensor_parallel_sizes"":[1]},""moe_shuffling"":{""dimension_source"":""routed_mlp_hidden_dim"",""effective_ffn_width"":768,""expert_parallel_mode"":""on"",""layer_kind"":""routed"",""operator_family_id"":""moe"",""operator_family_ids"":[""moe""],""profile_id"":""generic"",""selected_expert_parallel_size"":null,""selected_padded_ffn_width"":768,""selected_tensor_parallel_size"":1,""tensor_parallel_mode"":""moe_tp"",""tensor_parallel_sizes"":[1]}}",1535,0.375,95.9375,95.9375,1.0,0.33355048859934855,0.35471280752390955,1.4905537459283387,3.8997862981807687,0.2001221498371335,skewed,1,vllm_fused,CUDA_EVENT,BF16,generic,generic,none
0.01865600049495697,0.020160000771284103,0.019335999991744755,0.01929599978029728,0.00037233971368705646,20,0.02831999957561493,0.030559999868273735,0.029615999944508076,0.029791999608278275,0.0005990498641482227,20,0.07103999704122543,0.0764480009675026,0.07414399981498718,0.07454400137066841,0.0016407300843189912,20,1.9028799533843994,1.9249600172042847,1.9132416248321533,1.9138879776000977,0.007658728398382664,8208,128,16,8,standard_fused_topk,logit_topk,softmax_renorm,True,prefill_hot,ffn_like_prefix_20x,8,2048,768,True,1,"{""moe_gating_linear"":{""dimension_source"":""routed_mlp_hidden_dim"",""effective_ffn_width"":768,""expert_parallel_mode"":""on"",""layer_kind"":""routed"",""operator_family_id"":""moe"",""operator_family_ids"":[""moe""],""profile_id"":""generic"",""selected_expert_parallel_size"":null,""selected_padded_ffn_width"":768,""selected_tensor_parallel_size"":1,""tensor_parallel_mode"":""moe_tp"",""tensor_parallel_sizes"":[1]},""moe_gating_routing_topk"":{""dimension_source"":""routed_mlp_hidden_dim"",""effective_ffn_width"":768,""expert_parallel_mode"":""on"",""layer_kind"":""routed"",""operator_family_id"":""moe"",""operator_family_ids"":[""moe""],""profile_id"":""generic"",""selected_expert_parallel_size"":null,""selected_padded_ffn_width"":768,""selected_tensor_parallel_size"":1,""tensor_parallel_mode"":""moe_tp"",""tensor_parallel_sizes"":[1]},""moe_grouped_gemm"":{""dimension_source"":""routed_mlp_hidden_dim"",""effective_ffn_width"":768,""expert_parallel_mode"":""on"",""layer_kind"":""routed"",""operator_family_id"":""moe"",""operator_family_ids"":[""moe""],""profile_id"":""generic"",""selected_expert_parallel_size"":8,""selected_padded_ffn_width"":768,""selected_tensor_parallel_size"":1,""tensor_parallel_mode"":""moe_tp"",""tensor_parallel_sizes"":[1]},""moe_shuffling"":{""dimension_source"":""routed_mlp_hidden_dim"",""effective_ffn_width"":768,""expert_parallel_mode"":""on"",""layer_kind"":""routed"",""operator_family_id"":""moe"",""operator_family_ids"":[""moe""],""profile_id"":""generic"",""selected_expert_parallel_size"":null,""selected_padded_ffn_width"":768,""selected_tensor_parallel_size"":1,""tensor_parallel_mode"":""moe_tp"",""tensor_parallel_sizes"":[1]}}",53955,0.375,3372.1875,3372.1875,1.0,0.026392364007042906,0.9702774940155061,1.9764618663701232,3.1114394410437276,0.4860497173570568,extremely_skewed,0,vllm_fused,CUDA_EVENT,BF16,generic,generic,none
0.013279999606311321,0.015072000212967396,0.013783999998122454,0.013743999879807234,0.0003617381139438433,20,0.02195199951529503,0.0244159996509552,0.02326720003038645,0.02348800003528595,0.000663249737661543,20,0.04368000105023384,0.04800000041723251,0.04483679980039597,0.04467200115323067,0.0008830653238751723,20,0.31318399310112,0.3319999873638153,0.318200021982193,0.31750398874282837,0.0038043921813368797,4128,128,16,8,standard_fused_topk,logit_topk,softmax_renorm,True,prefill_hot,ffn_like_prefix_20x,8,2048,768,True,1,"{""moe_gating_linear"":{""dimension_source"":""routed_mlp_hidden_dim"",""effective_ffn_width"":768,""expert_parallel_mode"":""on"",""layer_kind"":""routed"",""operator_family_id"":""moe"",""operator_family_ids"":[""moe""],""profile_id"":""generic"",""selected_expert_parallel_size"":null,""selected_padded_ffn_width"":768,""selected_tensor_parallel_size"":1,""tensor_parallel_mode"":""moe_tp"",""tensor_parallel_sizes"":[1]},""moe_gating_routing_topk"":{""dimension_source"":""routed_mlp_hidden_dim"",""effective_ffn_width"":768,""expert_parallel_mode"":""on"",""layer_kind"":""routed"",""operator_family_id"":""moe"",""operator_family_ids"":[""moe""],""profile_id"":""generic"",""selected_expert_parallel_size"":null,""selected_padded_ffn_width"":768,""selected_tensor_parallel_size"":1,""tensor_parallel_mode"":""moe_tp"",""tensor_parallel_sizes"":[1]},""moe_grouped_gemm"":{""dimension_source"":""routed_mlp_hidden_dim"",""effective_ffn_width"":768,""expert_parallel_mode"":""on"",""layer_kind"":""routed"",""operator_family_id"":""moe"",""operator_family_ids"":[""moe""],""profile_id"":""generic"",""selected_expert_parallel_size"":8,""selected_padded_ffn_width"":768,""selected_tensor_parallel_size"":1,""tensor_parallel_mode"":""moe_tp"",""tensor_parallel_sizes"":[1]},""moe_shuffling"":{""dimension_source"":""routed_mlp_hidden_dim"",""effective_ffn_width"":768,""expert_parallel_mode"":""on"",""layer_kind"":""routed"",""operator_family_id"":""moe"",""operator_family_ids"":[""moe""],""profile_id"":""generic"",""selected_expert_parallel_size"":null,""selected_padded_ffn_width"":768,""selected_tensor_parallel_size"":1,""tensor_parallel_mode"":""moe_tp"",""tensor_parallel_sizes"":[1]}}",4087,0.375,255.4375,255.4375,1.0,0.9239050648397358,0.05011485996373987,1.1235625152923905,3.9982094346418062,0.027235747492047935,uniform,2,vllm_fused,CUDA_EVENT,BF16,generic,generic,none
0.01375999953597784,0.014976000413298607,0.014228800032287835,0.014192000031471252,0.0002782851281437652,20,0.022175999358296394,0.024383999407291412,0.023455999791622162,0.023679999634623528,0.0006494501953680075,20,0.04492799937725067,0.04902400076389313,0.046515199914574624,0.0464479997754097,0.0010755240265135342,20,0.3150080144405365,0.31990399956703186,0.3173408508300781,0.3171519935131073,0.001497335615567863,4160,128,16,8,standard_fused_topk,logit_topk,softmax_renorm,True,prefill_hot,ffn_like_prefix_20x,8,2048,768,True,1,"{""moe_gating_linear"":{""dimension_source"":""routed_mlp_hidden_dim"",""effective_ffn_width"":768,""expert_parallel_mode"":""on"",""layer_kind"":""routed"",""operator_family_id"":""moe"",""operator_family_ids"":[""moe""],""profile_id"":""generic"",""selected_expert_parallel_size"":null,""selected_padded_ffn_width"":768,""selected_tensor_parallel_size"":1,""tensor_parallel_mode"":""moe_tp"",""tensor_parallel_sizes"":[1]},""moe_gating_routing_topk"":{""dimension_source"":""routed_mlp_hidden_dim"",""effective_ffn_width"":768,""expert_parallel_mode"":""on"",""layer_kind"":""routed"",""operator_family_id"":""moe"",""operator_family_ids"":[""moe""],""profile_id"":""generic"",""selected_expert_parallel_size"":null,""selected_padded_ffn_width"":768,""selected_tensor_parallel_size"":1,""tensor_parallel_mode"":""moe_tp"",""tensor_parallel_sizes"":[1]},""moe_grouped_gemm"":{""dimension_source"":""routed_mlp_hidden_dim"",""effective_ffn_width"":768,""expert_parallel_mode"":""on"",""layer_kind"":""routed"",""operator_family_id"":""moe"",""operator_family_ids"":[""moe""],""profile_id"":""generic"",""selected_expert_parallel_size"":8,""selected_padded_ffn_width"":768,""selected_tensor_parallel_size"":1,""tensor_parallel_mode"":""moe_tp"",""tensor_parallel_sizes"":[1]},""moe_shuffling"":{""dimension_source"":""routed_mlp_hidden_dim"",""effective_ffn_width"":768,""expert_parallel_mode"":""on"",""layer_kind"":""routed"",""operator_family_id"":""moe"",""operator_family_ids"":[""moe""],""profile_id"":""generic"",""selected_expert_parallel_size"":null,""selected_padded_ffn_width"":768,""selected_tensor_parallel_size"":1,""tensor_parallel_mode"":""moe_tp"",""tensor_parallel_sizes"":[1]}}",4121,0.375,257.5625,257.5625,1.0,0.9240475612715361,0.047984660279886106,1.1142926474156758,3.9983550211381296,0.026434724581412272,uniform,2,vllm_fused,CUDA_EVENT,BF16,generic,generic,none
0.013663999736309052,0.015424000099301338,0.014142399979755282,0.01411199988797307,0.00039014755161204405,20,0.0225600004196167,0.02454400062561035,0.023816000018268824,0.02401600033044815,0.0005664882164467812,20,0.04531199857592583,0.0517439991235733,0.04676480013877153,0.046160001307725906,0.0015332776329767806,20,0.3253760039806366,0.33852800726890564,0.3288351893424988,0.3283520042896271,0.003017319366335869,4192,128,16,8,standard_fused_topk,logit_topk,softmax_renorm,True,prefill_hot,ffn_like_prefix_20x,8,2048,768,True,1,"{""moe_gating_linear"":{""dimension_source"":""routed_mlp_hidden_dim"",""effective_ffn_width"":768,""expert_parallel_mode"":""on"",""layer_kind"":""routed"",""operator_family_id"":""moe"",""operator_family_ids"":[""moe""],""profile_id"":""generic"",""selected_expert_parallel_size"":null,""selected_padded_ffn_width"":768,""selected_tensor_parallel_size"":1,""tensor_parallel_mode"":""moe_tp"",""tensor_parallel_sizes"":[1]},""moe_gating_routing_topk"":{""dimension_source"":""routed_mlp_hidden_dim"",""effective_ffn_width"":768,""expert_parallel_mode"":""on"",""layer_kind"":""routed"",""operator_family_id"":""moe"",""operator_family_ids"":[""moe""],""profile_id"":""generic"",""selected_expert_parallel_size"":null,""selected_padded_ffn_width"":768,""selected_tensor_parallel_size"":1,""tensor_parallel_mode"":""moe_tp"",""tensor_parallel_sizes"":[1]},""moe_grouped_gemm"":{""dimension_source"":""routed_mlp_hidden_dim"",""effective_ffn_width"":768,""expert_parallel_mode"":""on"",""layer_kind"":""routed"",""operator_family_id"":""moe"",""operator_family_ids"":[""moe""],""profile_id"":""generic"",""selected_expert_parallel_size"":8,""selected_padded_ffn_width"":768,""selected_tensor_parallel_size"":1,""tensor_parallel_mode"":""moe_tp"",""tensor_parallel_sizes"":[1]},""moe_shuffling"":{""dimension_source"":""routed_mlp_hidden_dim"",""effective_ffn_width"":768,""expert_parallel_mode"":""on"",""layer_kind"":""routed"",""operator_family_id"":""moe"",""operator_family_ids"":[""moe""],""profile_id"":""generic"",""selected_expert_parallel_size"":null,""selected_padded_ffn_width"":768,""selected_tensor_parallel_size"":1,""tensor_parallel_mode"":""moe_tp"",""tensor_parallel_sizes"":[1]}}",4182,0.375,261.375,261.375,1.0,0.8723098995695839,0.06764519503085385,1.0942132950741272,3.9966570150130796,0.037960306073648864,uniform,0,vllm_fused,CUDA_EVENT,BF16,generic,generic,none
0.01833599992096424,0.020128000527620316,0.01908639995381236,0.019023999571800232,0.00039639659104416026,20,0.028575999662280083,0.031072000041604042,0.0298335999250412,0.029904000461101532,0.0006938984802658232,20,0.07142399996519089,0.07702399790287018,0.07339200004935265,0.0729919970035553,0.0017638205369701447,20,0.42339199781417847,0.43084800243377686,0.4264032244682312,0.42534399032592773,0.0023564102593809366,8192,128,16,8,standard_fused_topk,logit_topk,softmax_renorm,True,prefill_hot,ffn_like_prefix_20x,8,2048,768,True,1,"{""moe_gating_linear"":{""dimension_source"":""routed_mlp_hidden_dim"",""effective_ffn_width"":768,""expert_parallel_mode"":""on"",""layer_kind"":""routed"",""operator_family_id"":""moe"",""operator_family_ids"":[""moe""],""profile_id"":""generic"",""selected_expert_parallel_size"":null,""selected_padded_ffn_width"":768,""selected_tensor_parallel_size"":1,""tensor_parallel_mode"":""moe_tp"",""tensor_parallel_sizes"":[1]},""moe_gating_routing_topk"":{""dimension_source"":""routed_mlp_hidden_dim"",""effective_ffn_width"":768,""expert_parallel_mode"":""on"",""layer_kind"":""routed"",""operator_family_id"":""moe"",""operator_family_ids"":[""moe""],""profile_id"":""generic"",""selected_expert_parallel_size"":null,""selected_padded_ffn_width"":768,""selected_tensor_parallel_size"":1,""tensor_parallel_mode"":""moe_tp"",""tensor_parallel_sizes"":[1]},""moe_grouped_gemm"":{""dimension_source"":""routed_mlp_hidden_dim"",""effective_ffn_width"":768,""expert_parallel_mode"":""on"",""layer_kind"":""routed"",""operator_family_id"":""moe"",""operator_family_ids"":[""moe""],""profile_id"":""generic"",""selected_expert_parallel_size"":8,""selected_padded_ffn_width"":768,""selected_tensor_parallel_size"":1,""tensor_parallel_mode"":""moe_tp"",""tensor_parallel_sizes"":[1]},""moe_shuffling"":{""dimension_source"":""routed_mlp_hidden_dim"",""effective_ffn_width"":768,""expert_parallel_mode"":""on"",""layer_kind"":""routed"",""operator_family_id"":""moe"",""operator_family_ids"":[""moe""],""profile_id"":""generic"",""selected_expert_parallel_size"":null,""selected_padded_ffn_width"":768,""selected_tensor_parallel_size"":1,""tensor_parallel_mode"":""moe_tp"",""tensor_parallel_sizes"":[1]}}",3018,0.375,188.625,188.625,1.0,0.39231278992710406,0.3225655908737403,1.5003313452617628,3.918596418287825,0.18335818422796546,skewed,1,vllm_fused,CUDA_EVENT,BF16,generic,generic,none
0.013376000337302685,0.014816000126302242,0.013875199994072319,0.01387199992313981,0.00028682419812858876,20,0.022336000576615334,0.02518399991095066,0.02360000004991889,0.023455999791622162,0.0008760931884677334,20,0.04374400153756142,0.047839999198913574,0.04487840011715889,0.04475199989974499,0.0009169252386602081,20,0.2651520073413849,0.28697600960731506,0.27015361189842224,0.2696639895439148,0.004701864439994097,4160,128,16,8,standard_fused_topk,logit_topk,softmax_renorm,True,prefill_hot,ffn_like_prefix_20x,8,2048,768,True,1,"{""moe_gating_linear"":{""dimension_source"":""routed_mlp_hidden_dim"",""effective_ffn_width"":768,""expert_parallel_mode"":""on"",""layer_kind"":""routed"",""operator_family_id"":""moe"",""operator_family_ids"":[""moe""],""profile_id"":""generic"",""selected_expert_parallel_size"":null,""selected_padded_ffn_width"":768,""selected_tensor_parallel_size"":1,""tensor_parallel_mode"":""moe_tp"",""tensor_parallel_sizes"":[1]},""moe_gating_routing_topk"":{""dimension_source"":""routed_mlp_hidden_dim"",""effective_ffn_width"":768,""expert_parallel_mode"":""on"",""layer_kind"":""routed"",""operator_family_id"":""moe"",""operator_family_ids"":[""moe""],""profile_id"":""generic"",""selected_expert_parallel_size"":null,""selected_padded_ffn_width"":768,""selected_tensor_parallel_size"":1,""tensor_parallel_mode"":""moe_tp"",""tensor_parallel_sizes"":[1]},""moe_grouped_gemm"":{""dimension_source"":""routed_mlp_hidden_dim"",""effective_ffn_width"":768,""expert_parallel_mode"":""on"",""layer_kind"":""routed"",""operator_family_id"":""moe"",""operator_family_ids"":[""moe""],""profile_id"":""generic"",""selected_expert_parallel_size"":8,""selected_padded_ffn_width"":768,""selected_tensor_parallel_size"":1,""tensor_parallel_mode"":""moe_tp"",""tensor_parallel_sizes"":[1]},""moe_shuffling"":{""dimension_source"":""routed_mlp_hidden_dim"",""effective_ffn_width"":768,""expert_parallel_mode"":""on"",""layer_kind"":""routed"",""operator_family_id"":""moe"",""operator_family_ids"":[""moe""],""profile_id"":""generic"",""selected_expert_parallel_size"":null,""selected_padded_ffn_width"":768,""selected_tensor_parallel_size"":1,""tensor_parallel_mode"":""moe_tp"",""tensor_parallel_sizes"":[1]}}",1549,0.375,96.8125,96.8125,1.0,0.33053582956746286,0.3428978405799335,1.5287282117495158,3.9063411795246115,0.19379438347320854,skewed,2,vllm_fused,CUDA_EVENT,BF16,generic,generic,none
0.013632000423967838,0.014751999638974667,0.014225600054487586,0.014239999931305647,0.0002699165735381193,20,0.022784000262618065,0.025631999596953392,0.024264000076800584,0.02457600086927414,0.0009041272576120644,20,0.04800000041723251,0.06201599910855293,0.05198240000754595,0.05065600015223026,0.0037912296940673224,20,0.2677440047264099,0.2906560003757477,0.2791743874549866,0.2807680070400238,0.006344698369503021,4192,128,16,8,standard_fused_topk,logit_topk,softmax_renorm,True,prefill_hot,ffn_like_prefix_20x,8,2048,768,True,1,"{""moe_gating_linear"":{""dimension_source"":""routed_mlp_hidden_dim"",""effective_ffn_width"":768,""expert_parallel_mode"":""on"",""layer_kind"":""routed"",""operator_family_id"":""moe"",""operator_family_ids"":[""moe""],""profile_id"":""generic"",""selected_expert_parallel_size"":null,""selected_padded_ffn_width"":768,""selected_tensor_parallel_size"":1,""tensor_parallel_mode"":""moe_tp"",""tensor_parallel_sizes"":[1]},""moe_gating_routing_topk"":{""dimension_source"":""routed_mlp_hidden_dim"",""effective_ffn_width"":768,""expert_parallel_mode"":""on"",""layer_kind"":""routed"",""operator_family_id"":""moe"",""operator_family_ids"":[""moe""],""profile_id"":""generic"",""selected_expert_parallel_size"":null,""selected_padded_ffn_width"":768,""selected_tensor_parallel_size"":1,""tensor_parallel_mode"":""moe_tp"",""tensor_parallel_sizes"":[1]},""moe_grouped_gemm"":{""dimension_source"":""routed_mlp_hidden_dim"",""effective_ffn_width"":768,""expert_parallel_mode"":""on"",""layer_kind"":""routed"",""operator_family_id"":""moe"",""operator_family_ids"":[""moe""],""profile_id"":""generic"",""selected_expert_parallel_size"":8,""selected_padded_ffn_width"":768,""selected_tensor_parallel_size"":1,""tensor_parallel_mode"":""moe_tp"",""tensor_parallel_sizes"":[1]},""moe_shuffling"":{""dimension_source"":""routed_mlp_hidden_dim"",""effective_ffn_width"":768,""expert_parallel_mode"":""on"",""layer_kind"":""routed"",""operator_family_id"":""moe"",""operator_family_ids"":[""moe""],""profile_id"":""generic"",""selected_expert_parallel_size"":null,""selected_padded_ffn_width"":768,""selected_tensor_parallel_size"":1,""tensor_parallel_mode"":""moe_tp"",""tensor_parallel_sizes"":[1]}}",1538,0.375,96.125,96.125,1.0,0.3328998699609883,0.31680182923508843,1.4980494148244474,3.919227039806923,0.17750325097529251,skewed,0,vllm_fused,CUDA_EVENT,BF16,generic,generic,none
0.013504000380635262,0.0144640002399683,0.014056000113487243,0.014112000353634357,0.00021343666111096725,20,0.02239999920129776,0.024159999564290047,0.023172799963504076,0.023280000314116478,0.0005204577497807637,20,0.05302400141954422,0.060127999633550644,0.054276799969375136,0.05384000018239021,0.0015045538165613748,20,0.278656005859375,0.2858879864215851,0.2807343900203705,0.28038400411605835,0.001602872391231358,4160,128,16,8,standard_fused_topk,logit_topk,softmax_renorm,True,prefill_hot,ffn_like_prefix_20x,8,2048,768,True,1,"{""moe_gating_linear"":{""dimension_source"":""routed_mlp_hidden_dim"",""effective_ffn_width"":768,""expert_parallel_mode"":""on"",""layer_kind"":""routed"",""operator_family_id"":""moe"",""operator_family_ids"":[""moe""],""profile_id"":""generic"",""selected_expert_parallel_size"":null,""selected_padded_ffn_width"":768,""selected_tensor_parallel_size"":1,""tensor_parallel_mode"":""moe_tp"",""tensor_parallel_sizes"":[1]},""moe_gating_routing_topk"":{""dimension_source"":""routed_mlp_hidden_dim"",""effective_ffn_width"":768,""expert_parallel_mode"":""on"",""layer_kind"":""routed"",""operator_family_id"":""moe"",""operator_family_ids"":[""moe""],""profile_id"":""generic"",""selected_expert_parallel_size"":null,""selected_padded_ffn_width"":768,""selected_tensor_parallel_size"":1,""tensor_parallel_mode"":""moe_tp"",""tensor_parallel_sizes"":[1]},""moe_grouped_gemm"":{""dimension_source"":""routed_mlp_hidden_dim"",""effective_ffn_width"":768,""expert_parallel_mode"":""on"",""layer_kind"":""routed"",""operator_family_id"":""moe"",""operator_family_ids"":[""moe""],""profile_id"":""generic"",""selected_expert_parallel_size"":8,""selected_padded_ffn_width"":768,""selected_tensor_parallel_size"":1,""tensor_parallel_mode"":""moe_tp"",""tensor_parallel_sizes"":[1]},""moe_shuffling"":{""dimension_source"":""routed_mlp_hidden_dim"",""effective_ffn_width"":768,""expert_parallel_mode"":""on"",""layer_kind"":""routed"",""operator_family_id"":""moe"",""operator_family_ids"":[""moe""],""profile_id"":""generic"",""selected_expert_parallel_size"":null,""selected_padded_ffn_width"":768,""selected_tensor_parallel_size"":1,""tensor_parallel_mode"":""moe_tp"",""tensor_parallel_sizes"":[1]}}",1526,0.375,95.375,95.375,1.0,0.33551769331585846,0.3173287944165295,1.509829619921363,3.918984230521639,0.17758846657929217,skewed,0,vllm_fused,CUDA_EVENT,BF16,generic,generic,none
0.013472000136971474,0.014976000413298607,0.013948799995705485,0.013856000266969204,0.0003611749198179314,20,0.02195199951529503,0.024351999163627625,0.02326079998165369,0.023471999913454056,0.0006411906374267826,20,0.05167999863624573,0.06755200028419495,0.05378239993005991,0.052639998495578766,0.0034102920418152163,20,0.3131519854068756,0.32067200541496277,0.3160095810890198,0.3158400058746338,0.001961106201633811,4112,128,16,8,standard_fused_topk,logit_topk,softmax_renorm,True,prefill_hot,ffn_like_prefix_20x,8,2048,768,True,1,"{""moe_gating_linear"":{""dimension_source"":""routed_mlp_hidden_dim"",""effective_ffn_width"":768,""expert_parallel_mode"":""on"",""layer_kind"":""routed"",""operator_family_id"":""moe"",""operator_family_ids"":[""moe""],""profile_id"":""generic"",""selected_expert_parallel_size"":null,""selected_padded_ffn_width"":768,""selected_tensor_parallel_size"":1,""tensor_parallel_mode"":""moe_tp"",""tensor_parallel_sizes"":[1]},""moe_gating_routing_topk"":{""dimension_source"":""routed_mlp_hidden_dim"",""effective_ffn_width"":768,""expert_parallel_mode"":""on"",""layer_kind"":""routed"",""operator_family_id"":""moe"",""operator_family_ids"":[""moe""],""profile_id"":""generic"",""selected_expert_parallel_size"":null,""selected_padded_ffn_width"":768,""selected_tensor_parallel_size"":1,""tensor_parallel_mode"":""moe_tp"",""tensor_parallel_sizes"":[1]},""moe_grouped_gemm"":{""dimension_source"":""routed_mlp_hidden_dim"",""effective_ffn_width"":768,""expert_parallel_mode"":""on"",""layer_kind"":""routed"",""operator_family_id"":""moe"",""operator_family_ids"":[""moe""],""profile_id"":""generic"",""selected_expert_parallel_size"":8,""selected_padded_ffn_width"":768,""selected_tensor_parallel_size"":1,""tensor_parallel_mode"":""moe_tp"",""tensor_parallel_sizes"":[1]},""moe_shuffling"":{""dimension_source"":""routed_mlp_hidden_dim"",""effective_ffn_width"":768,""expert_parallel_mode"":""on"",""layer_kind"":""routed"",""operator_family_id"":""moe"",""operator_family_ids"":[""moe""],""profile_id"":""generic"",""selected_expert_parallel_size"":null,""selected_padded_ffn_width"":768,""selected_tensor_parallel_size"":1,""tensor_parallel_mode"":""moe_tp"",""tensor_parallel_sizes"":[1]}}",4088,0.375,255.5,255.5,1.0,0.8884540117416829,0.05000756297135279,1.091976516634051,3.9981860096176964,0.027733610567514777,uniform,1,vllm_fused,CUDA_EVENT,BF16,generic,generic,none
0.013472000136971474,0.014240000396966934,0.013886399986222386,0.013887999579310417,0.00019424689360499225,20,0.022207999601960182,0.02425600029528141,0.023312000185251237,0.023552000522613525,0.0006056796913547464,20,0.04233599826693535,0.04838399961590767,0.04388319980353117,0.043487999588251114,0.0012176524162478576,20,0.3174079954624176,0.3381119966506958,0.32774239778518677,0.3300800025463104,0.006426744628697634,4144,128,16,8,standard_fused_topk,logit_topk,softmax_renorm,True,prefill_hot,ffn_like_prefix_20x,8,2048,768,True,1,"{""moe_gating_linear"":{""dimension_source"":""routed_mlp_hidden_dim"",""effective_ffn_width"":768,""expert_parallel_mode"":""on"",""layer_kind"":""routed"",""operator_family_id"":""moe"",""operator_family_ids"":[""moe""],""profile_id"":""generic"",""selected_expert_parallel_size"":null,""selected_padded_ffn_width"":768,""selected_tensor_parallel_size"":1,""tensor_parallel_mode"":""moe_tp"",""tensor_parallel_sizes"":[1]},""moe_gating_routing_topk"":{""dimension_source"":""routed_mlp_hidden_dim"",""effective_ffn_width"":768,""expert_parallel_mode"":""on"",""layer_kind"":""routed"",""operator_family_id"":""moe"",""operator_family_ids"":[""moe""],""profile_id"":""generic"",""selected_expert_parallel_size"":null,""selected_padded_ffn_width"":768,""selected_tensor_parallel_size"":1,""tensor_parallel_mode"":""moe_tp"",""tensor_parallel_sizes"":[1]},""moe_grouped_gemm"":{""dimension_source"":""routed_mlp_hidden_dim"",""effective_ffn_width"":768,""expert_parallel_mode"":""on"",""layer_kind"":""routed"",""operator_family_id"":""moe"",""operator_family_ids"":[""moe""],""profile_id"":""generic"",""selected_expert_parallel_size"":8,""selected_padded_ffn_width"":768,""selected_tensor_parallel_size"":1,""tensor_parallel_mode"":""moe_tp"",""tensor_parallel_sizes"":[1]},""moe_shuffling"":{""dimension_source"":""routed_mlp_hidden_dim"",""effective_ffn_width"":768,""expert_parallel_mode"":""on"",""layer_kind"":""routed"",""operator_family_id"":""moe"",""operator_family_ids"":[""moe""],""profile_id"":""generic"",""selected_expert_parallel_size"":null,""selected_padded_ffn_width"":768,""selected_tensor_parallel_size"":1,""tensor_parallel_mode"":""moe_tp"",""tensor_parallel_sizes"":[1]}}",4117,0.375,257.3125,257.3125,1.0,0.8860820986154967,0.05044216952908562,1.0881709982997327,3.998151941875893,0.02813031333495264,uniform,1,vllm_fused,CUDA_EVENT,BF16,generic,generic,none
0.018400000408291817,0.020416000857949257,0.019065599981695415,0.01896000001579523,0.0005038959447200498,20,0.02816000021994114,0.030848000198602676,0.029607999976724385,0.029791999608278275,0.0006764707646294029,20,0.07238399982452393,0.07779199630022049,0.07422080002725125,0.07398400083184242,0.0012790146588654472,20,0.4200960099697113,0.430976003408432,0.4252304136753082,0.42502400279045105,0.003073394065722823,8192,128,16,8,standard_fused_topk,logit_topk,softmax_renorm,True,prefill_hot,ffn_like_prefix_20x,8,2048,768,True,1,"{""moe_gating_linear"":{""dimension_source"":""routed_mlp_hidden_dim"",""effective_ffn_width"":768,""expert_parallel_mode"":""on"",""layer_kind"":""routed"",""operator_family_id"":""moe"",""operator_family_ids"":[""moe""],""profile_id"":""generic"",""selected_expert_parallel_size"":null,""selected_padded_ffn_width"":768,""selected_tensor_parallel_size"":1,""tensor_parallel_mode"":""moe_tp"",""tensor_parallel_sizes"":[1]},""moe_gating_routing_topk"":{""dimension_source"":""routed_mlp_hidden_dim"",""effective_ffn_width"":768,""expert_parallel_mode"":""on"",""layer_kind"":""routed"",""operator_family_id"":""moe"",""operator_family_ids"":[""moe""],""profile_id"":""generic"",""selected_expert_parallel_size"":null,""selected_padded_ffn_width"":768,""selected_tensor_parallel_size"":1,""tensor_parallel_mode"":""moe_tp"",""tensor_parallel_sizes"":[1]},""moe_grouped_gemm"":{""dimension_source"":""routed_mlp_hidden_dim"",""effective_ffn_width"":768,""expert_parallel_mode"":""on"",""layer_kind"":""routed"",""operator_family_id"":""moe"",""operator_family_ids"":[""moe""],""profile_id"":""generic"",""selected_expert_parallel_size"":8,""selected_padded_ffn_width"":768,""selected_tensor_parallel_size"":1,""tensor_parallel_mode"":""moe_tp"",""tensor_parallel_sizes"":[1]},""moe_shuffling"":{""dimension_source"":""routed_mlp_hidden_dim"",""effective_ffn_width"":768,""expert_parallel_mode"":""on"",""layer_kind"":""routed"",""operator_family_id"":""moe"",""operator_family_ids"":[""moe""],""profile_id"":""generic"",""selected_expert_parallel_size"":null,""selected_padded_ffn_width"":768,""selected_tensor_parallel_size"":1,""tensor_parallel_mode"":""moe_tp"",""tensor_parallel_sizes"":[1]}}",3013,0.375,188.3125,188.3125,1.0,0.39296382343179553,0.3286544409216588,1.5240623962827746,3.9158725903062077,0.18712661798871566,skewed,2,vllm_fused,CUDA_EVENT,BF16,generic,generic,none
0.013344000093638897,0.015104000456631184,0.014175999909639359,0.014192000031471252,0.00043383320864902444,20,0.0226879995316267,0.025151999667286873,0.023572799935936927,0.023744000121951103,0.0006774086025676951,20,0.04464000090956688,0.04918399825692177,0.04579679965972901,0.045471999794244766,0.0009848138094382733,20,0.26950401067733765,0.27849599719047546,0.27222880721092224,0.2715519964694977,0.0022338121198117733,4224,128,16,8,standard_fused_topk,logit_topk,softmax_renorm,True,prefill_hot,ffn_like_prefix_20x,8,2048,768,True,1,"{""moe_gating_linear"":{""dimension_source"":""routed_mlp_hidden_dim"",""effective_ffn_width"":768,""expert_parallel_mode"":""on"",""layer_kind"":""routed"",""operator_family_id"":""moe"",""operator_family_ids"":[""moe""],""profile_id"":""generic"",""selected_expert_parallel_size"":null,""selected_padded_ffn_width"":768,""selected_tensor_parallel_size"":1,""tensor_parallel_mode"":""moe_tp"",""tensor_parallel_sizes"":[1]},""moe_gating_routing_topk"":{""dimension_source"":""routed_mlp_hidden_dim"",""effective_ffn_width"":768,""expert_parallel_mode"":""on"",""layer_kind"":""routed"",""operator_family_id"":""moe"",""operator_family_ids"":[""moe""],""profile_id"":""generic"",""selected_expert_parallel_size"":null,""selected_padded_ffn_width"":768,""selected_tensor_parallel_size"":1,""tensor_parallel_mode"":""moe_tp"",""tensor_parallel_sizes"":[1]},""moe_grouped_gemm"":{""dimension_source"":""routed_mlp_hidden_dim"",""effective_ffn_width"":768,""expert_parallel_mode"":""on"",""layer_kind"":""routed"",""operator_family_id"":""moe"",""operator_family_ids"":[""moe""],""profile_id"":""generic"",""selected_expert_parallel_size"":8,""selected_padded_ffn_width"":768,""selected_tensor_parallel_size"":1,""tensor_parallel_mode"":""moe_tp"",""tensor_parallel_sizes"":[1]},""moe_shuffling"":{""dimension_source"":""routed_mlp_hidden_dim"",""effective_ffn_width"":768,""expert_parallel_mode"":""on"",""layer_kind"":""routed"",""operator_family_id"":""moe"",""operator_family_ids"":[""moe""],""profile_id"":""generic"",""selected_expert_parallel_size"":null,""selected_padded_ffn_width"":768,""selected_tensor_parallel_size"":1,""tensor_parallel_mode"":""moe_tp"",""tensor_parallel_sizes"":[1]}}",1552,0.375,97.0,97.0,1.0,0.32989690721649484,0.3191716614518087,1.5154639175257731,3.9180397420697988,0.17855992268041243,skewed,0,vllm_fused,CUDA_EVENT,BF16,generic,generic,none
0.013535999692976475,0.014208000153303146,0.01381919989362359,0.013807999901473522,0.0001675880861246184,20,0.022592000663280487,0.024607999250292778,0.02350079994648695,0.023504000157117844,0.0005462914653322567,20,0.051392000168561935,0.059007998555898666,0.05315679982304573,0.0528159998357296,0.0018230529564366616,20,0.2655999958515167,0.2849920094013214,0.27586719393730164,0.27849599719047546,0.006071206647902727,4144,128,16,8,standard_fused_topk,logit_topk,softmax_renorm,True,prefill_hot,ffn_like_prefix_20x,8,2048,768,True,1,"{""moe_gating_linear"":{""dimension_source"":""routed_mlp_hidden_dim"",""effective_ffn_width"":768,""expert_parallel_mode"":""on"",""layer_kind"":""routed"",""operator_family_id"":""moe"",""operator_family_ids"":[""moe""],""profile_id"":""generic"",""selected_expert_parallel_size"":null,""selected_padded_ffn_width"":768,""selected_tensor_parallel_size"":1,""tensor_parallel_mode"":""moe_tp"",""tensor_parallel_sizes"":[1]},""moe_gating_routing_topk"":{""dimension_source"":""routed_mlp_hidden_dim"",""effective_ffn_width"":768,""expert_parallel_mode"":""on"",""layer_kind"":""routed"",""operator_family_id"":""moe"",""operator_family_ids"":[""moe""],""profile_id"":""generic"",""selected_expert_parallel_size"":null,""selected_padded_ffn_width"":768,""selected_tensor_parallel_size"":1,""tensor_parallel_mode"":""moe_tp"",""tensor_parallel_sizes"":[1]},""moe_grouped_gemm"":{""dimension_source"":""routed_mlp_hidden_dim"",""effective_ffn_width"":768,""expert_parallel_mode"":""on"",""layer_kind"":""routed"",""operator_family_id"":""moe"",""operator_family_ids"":[""moe""],""profile_id"":""generic"",""selected_expert_parallel_size"":8,""selected_padded_ffn_width"":768,""selected_tensor_parallel_size"":1,""tensor_parallel_mode"":""moe_tp"",""tensor_parallel_sizes"":[1]},""moe_shuffling"":{""dimension_source"":""routed_mlp_hidden_dim"",""effective_ffn_width"":768,""expert_parallel_mode"":""on"",""layer_kind"":""routed"",""operator_family_id"":""moe"",""operator_family_ids"":[""moe""],""profile_id"":""generic"",""selected_expert_parallel_size"":null,""selected_padded_ffn_width"":768,""selected_tensor_parallel_size"":1,""tensor_parallel_mode"":""moe_tp"",""tensor_parallel_sizes"":[1]}}",1524,0.375,95.25,95.25,1.0,0.3359580052493438,0.35376644095481125,1.4803149606299213,3.9001519748854485,0.19939304461942253,skewed,1,vllm_fused,CUDA_EVENT,BF16,generic,generic,none
0.013504000380635262,0.014751999638974667,0.013987200008705259,0.013903999701142311,0.0003249062311931304,20,0.0225600004196167,0.024480000138282776,0.023728000093251468,0.023856000043451786,0.0005601827755406964,20,0.044576000422239304,0.05075199902057648,0.04590239953249693,0.04561599902808666,0.0013891269517821389,20,1.0209280252456665,1.0274239778518677,1.0239759683609009,1.0237120389938354,0.0018125943606719375,4192,128,16,8,standard_fused_topk,logit_topk,softmax_renorm,True,prefill_hot,ffn_like_prefix_20x,8,2048,768,True,1,"{""moe_gating_linear"":{""dimension_source"":""routed_mlp_hidden_dim"",""effective_ffn_width"":768,""expert_parallel_mode"":""on"",""layer_kind"":""routed"",""operator_family_id"":""moe"",""operator_family_ids"":[""moe""],""profile_id"":""generic"",""selected_expert_parallel_size"":null,""selected_padded_ffn_width"":768,""selected_tensor_parallel_size"":1,""tensor_parallel_mode"":""moe_tp"",""tensor_parallel_sizes"":[1]},""moe_gating_routing_topk"":{""dimension_source"":""routed_mlp_hidden_dim"",""effective_ffn_width"":768,""expert_parallel_mode"":""on"",""layer_kind"":""routed"",""operator_family_id"":""moe"",""operator_family_ids"":[""moe""],""profile_id"":""generic"",""selected_expert_parallel_size"":null,""selected_padded_ffn_width"":768,""selected_tensor_parallel_size"":1,""tensor_parallel_mode"":""moe_tp"",""tensor_parallel_sizes"":[1]},""moe_grouped_gemm"":{""dimension_source"":""routed_mlp_hidden_dim"",""effective_ffn_width"":768,""expert_parallel_mode"":""on"",""layer_kind"":""routed"",""operator_family_id"":""moe"",""operator_family_ids"":[""moe""],""profile_id"":""generic"",""selected_expert_parallel_size"":8,""selected_padded_ffn_width"":768,""selected_tensor_parallel_size"":1,""tensor_parallel_mode"":""moe_tp"",""tensor_parallel_sizes"":[1]},""moe_shuffling"":{""dimension_source"":""routed_mlp_hidden_dim"",""effective_ffn_width"":768,""expert_parallel_mode"":""on"",""layer_kind"":""routed"",""operator_family_id"":""moe"",""operator_family_ids"":[""moe""],""profile_id"":""generic"",""selected_expert_parallel_size"":null,""selected_padded_ffn_width"":768,""selected_tensor_parallel_size"":1,""tensor_parallel_mode"":""moe_tp"",""tensor_parallel_sizes"":[1]}}",27858,0.375,1741.125,1741.125,1.0,0.024696675999712828,0.970858862827401,1.978031445186302,3.1096681318259978,0.48641772560844276,extremely_skewed,2,vllm_fused,CUDA_EVENT,BF16,generic,generic,none
0.013887999579310417,0.015200000256299973,0.014345599990338086,0.01425600005313754,0.00033532895748234485,20,0.022784000262618065,0.02566399984061718,0.024308799859136344,0.024335999973118305,0.0008742079237806133,20,0.053408000618219376,0.058880001306533813,0.054913599789142606,0.05478399991989136,0.001083873598458803,20,0.31596800684928894,0.33299198746681213,0.32079678773880005,0.31839999556541443,0.00556339742615819,4176,128,16,8,standard_fused_topk,logit_topk,softmax_renorm,True,prefill_hot,ffn_like_prefix_20x,8,2048,768,True,1,"{""moe_gating_linear"":{""dimension_source"":""routed_mlp_hidden_dim"",""effective_ffn_width"":768,""expert_parallel_mode"":""on"",""layer_kind"":""routed"",""operator_family_id"":""moe"",""operator_family_ids"":[""moe""],""profile_id"":""generic"",""selected_expert_parallel_size"":null,""selected_padded_ffn_width"":768,""selected_tensor_parallel_size"":1,""tensor_parallel_mode"":""moe_tp"",""tensor_parallel_sizes"":[1]},""moe_gating_routing_topk"":{""dimension_source"":""routed_mlp_hidden_dim"",""effective_ffn_width"":768,""expert_parallel_mode"":""on"",""layer_kind"":""routed"",""operator_family_id"":""moe"",""operator_family_ids"":[""moe""],""profile_id"":""generic"",""selected_expert_parallel_size"":null,""selected_padded_ffn_width"":768,""selected_tensor_parallel_size"":1,""tensor_parallel_mode"":""moe_tp"",""tensor_parallel_sizes"":[1]},""moe_grouped_gemm"":{""dimension_source"":""routed_mlp_hidden_dim"",""effective_ffn_width"":768,""expert_parallel_mode"":""on"",""layer_kind"":""routed"",""operator_family_id"":""moe"",""operator_family_ids"":[""moe""],""profile_id"":""generic"",""selected_expert_parallel_size"":8,""selected_padded_ffn_width"":768,""selected_tensor_parallel_size"":1,""tensor_parallel_mode"":""moe_tp"",""tensor_parallel_sizes"":[1]},""moe_shuffling"":{""dimension_source"":""routed_mlp_hidden_dim"",""effective_ffn_width"":768,""expert_parallel_mode"":""on"",""layer_kind"":""routed"",""operator_family_id"":""moe"",""operator_family_ids"":[""moe""],""profile_id"":""generic"",""selected_expert_parallel_size"":null,""selected_padded_ffn_width"":768,""selected_tensor_parallel_size"":1,""tensor_parallel_mode"":""moe_tp"",""tensor_parallel_sizes"":[1]}}",4137,0.375,258.5625,258.5625,1.0,0.9243413101281122,0.048227439346389574,1.1138506163886874,3.998340453331021,0.02642313270485852,uniform,2,vllm_fused,CUDA_EVENT,BF16,generic,generic,none
0.013407999649643898,0.014911999925971031,0.013872000016272068,0.013743999879807234,0.0003905441799512741,20,0.022431999444961548,0.02393599972128868,0.023035200033336877,0.022975999861955643,0.0004549490714728534,20,0.04310400038957596,0.04912000149488449,0.04428640007972717,0.04380800016224384,0.0013266105628908377,20,0.3177280128002167,0.33504000306129456,0.3270047903060913,0.32819199562072754,0.005424001719802618,4144,128,16,8,standard_fused_topk,logit_topk,softmax_renorm,True,prefill_hot,ffn_like_prefix_20x,8,2048,768,True,1,"{""moe_gating_linear"":{""dimension_source"":""routed_mlp_hidden_dim"",""effective_ffn_width"":768,""expert_parallel_mode"":""on"",""layer_kind"":""routed"",""operator_family_id"":""moe"",""operator_family_ids"":[""moe""],""profile_id"":""generic"",""selected_expert_parallel_size"":null,""selected_padded_ffn_width"":768,""selected_tensor_parallel_size"":1,""tensor_parallel_mode"":""moe_tp"",""tensor_parallel_sizes"":[1]},""moe_gating_routing_topk"":{""dimension_source"":""routed_mlp_hidden_dim"",""effective_ffn_width"":768,""expert_parallel_mode"":""on"",""layer_kind"":""routed"",""operator_family_id"":""moe"",""operator_family_ids"":[""moe""],""profile_id"":""generic"",""selected_expert_parallel_size"":null,""selected_padded_ffn_width"":768,""selected_tensor_parallel_size"":1,""tensor_parallel_mode"":""moe_tp"",""tensor_parallel_sizes"":[1]},""moe_grouped_gemm"":{""dimension_source"":""routed_mlp_hidden_dim"",""effective_ffn_width"":768,""expert_parallel_mode"":""on"",""layer_kind"":""routed"",""operator_family_id"":""moe"",""operator_family_ids"":[""moe""],""profile_id"":""generic"",""selected_expert_parallel_size"":8,""selected_padded_ffn_width"":768,""selected_tensor_parallel_size"":1,""tensor_parallel_mode"":""moe_tp"",""tensor_parallel_sizes"":[1]},""moe_shuffling"":{""dimension_source"":""routed_mlp_hidden_dim"",""effective_ffn_width"":768,""expert_parallel_mode"":""on"",""layer_kind"":""routed"",""operator_family_id"":""moe"",""operator_family_ids"":[""moe""],""profile_id"":""generic"",""selected_expert_parallel_size"":null,""selected_padded_ffn_width"":768,""selected_tensor_parallel_size"":1,""tensor_parallel_mode"":""moe_tp"",""tensor_parallel_sizes"":[1]}}",4102,0.375,256.375,256.375,1.0,0.92442710872745,0.04867618900532883,1.1194539249146758,3.9983093843080573,0.026511457825451057,uniform,2,vllm_fused,CUDA_EVENT,BF16,generic,generic,none
0.013504000380635262,0.014303999952971935,0.013868799898773432,0.01387199992313981,0.00022386280904685874,20,0.021983999758958817,0.02377600036561489,0.02324800007045269,0.023439999669790268,0.0005312866512129054,20,0.06128000095486641,0.08806400001049042,0.07704320009797812,0.07902399823069572,0.0055975252666185145,20,0.34803199768066406,0.38329601287841797,0.36600640416145325,0.3670719861984253,0.007645977195352316,4096,128,16,8,standard_fused_topk,logit_topk,softmax_renorm,True,prefill_hot,ffn_like_prefix_20x,8,2048,768,True,1,"{""moe_gating_linear"":{""dimension_source"":""routed_mlp_hidden_dim"",""effective_ffn_width"":768,""expert_parallel_mode"":""on"",""layer_kind"":""routed"",""operator_family_id"":""moe"",""operator_family_ids"":[""moe""],""profile_id"":""generic"",""selected_expert_parallel_size"":null,""selected_padded_ffn_width"":768,""selected_tensor_parallel_size"":1,""tensor_parallel_mode"":""moe_tp"",""tensor_parallel_sizes"":[1]},""moe_gating_routing_topk"":{""dimension_source"":""routed_mlp_hidden_dim"",""effective_ffn_width"":768,""expert_parallel_mode"":""on"",""layer_kind"":""routed"",""operator_family_id"":""moe"",""operator_family_ids"":[""moe""],""profile_id"":""generic"",""selected_expert_parallel_size"":null,""selected_padded_ffn_width"":768,""selected_tensor_parallel_size"":1,""tensor_parallel_mode"":""moe_tp"",""tensor_parallel_sizes"":[1]},""moe_grouped_gemm"":{""dimension_source"":""routed_mlp_hidden_dim"",""effective_ffn_width"":768,""expert_parallel_mode"":""on"",""layer_kind"":""routed"",""operator_family_id"":""moe"",""operator_family_ids"":[""moe""],""profile_id"":""generic"",""selected_expert_parallel_size"":8,""selected_padded_ffn_width"":768,""selected_tensor_parallel_size"":1,""tensor_parallel_mode"":""moe_tp"",""tensor_parallel_sizes"":[1]},""moe_shuffling"":{""dimension_source"":""routed_mlp_hidden_dim"",""effective_ffn_width"":768,""expert_parallel_mode"":""on"",""layer_kind"":""routed"",""operator_family_id"":""moe"",""operator_family_ids"":[""moe""],""profile_id"":""generic"",""selected_expert_parallel_size"":null,""selected_padded_ffn_width"":768,""selected_tensor_parallel_size"":1,""tensor_parallel_mode"":""moe_tp"",""tensor_parallel_sizes"":[1]}}",4081,0.375,255.0625,255.0625,1.0,0.8703749081107571,0.06540586540719413,1.0781671159029649,3.9968634207330376,0.03637282528791963,uniform,0,vllm_fused,CUDA_EVENT,BF16,generic,generic,none
0.013376000337302685,0.015104000456631184,0.014015999995172024,0.014047999866306782,0.00035301677600950123,20,0.022048000246286392,0.024671999737620354,0.023447999823838474,0.023599999956786633,0.0006883996718743495,20,0.05315199866890907,0.0716480016708374,0.05576000027358532,0.05471999943256378,0.003842233038602496,20,0.32678401470184326,0.34297600388526917,0.33525118231773376,0.3338879942893982,0.003931901417672634,4128,128,16,8,standard_fused_topk,logit_topk,softmax_renorm,True,prefill_hot,ffn_like_prefix_20x,8,2048,768,True,1,"{""moe_gating_linear"":{""dimension_source"":""routed_mlp_hidden_dim"",""effective_ffn_width"":768,""expert_parallel_mode"":""on"",""layer_kind"":""routed"",""operator_family_id"":""moe"",""operator_family_ids"":[""moe""],""profile_id"":""generic"",""selected_expert_parallel_size"":null,""selected_padded_ffn_width"":768,""selected_tensor_parallel_size"":1,""tensor_parallel_mode"":""moe_tp"",""tensor_parallel_sizes"":[1]},""moe_gating_routing_topk"":{""dimension_source"":""routed_mlp_hidden_dim"",""effective_ffn_width"":768,""expert_parallel_mode"":""on"",""layer_kind"":""routed"",""operator_family_id"":""moe"",""operator_family_ids"":[""moe""],""profile_id"":""generic"",""selected_expert_parallel_size"":null,""selected_padded_ffn_width"":768,""selected_tensor_parallel_size"":1,""tensor_parallel_mode"":""moe_tp"",""tensor_parallel_sizes"":[1]},""moe_grouped_gemm"":{""dimension_source"":""routed_mlp_hidden_dim"",""effective_ffn_width"":768,""expert_parallel_mode"":""on"",""layer_kind"":""routed"",""operator_family_id"":""moe"",""operator_family_ids"":[""moe""],""profile_id"":""generic"",""selected_expert_parallel_size"":8,""selected_padded_ffn_width"":768,""selected_tensor_parallel_size"":1,""tensor_parallel_mode"":""moe_tp"",""tensor_parallel_sizes"":[1]},""moe_shuffling"":{""dimension_source"":""routed_mlp_hidden_dim"",""effective_ffn_width"":768,""expert_parallel_mode"":""on"",""layer_kind"":""routed"",""operator_family_id"":""moe"",""operator_family_ids"":[""moe""],""profile_id"":""generic"",""selected_expert_parallel_size"":null,""selected_padded_ffn_width"":768,""selected_tensor_parallel_size"":1,""tensor_parallel_mode"":""moe_tp"",""tensor_parallel_sizes"":[1]}}",4114,0.375,257.125,257.125,1.0,0.8672824501701507,0.06574109609415758,1.0772970345162858,3.9968299559777885,0.036521633446767066,uniform,0,vllm_fused,CUDA_EVENT,BF16,generic,generic,none
0.013887999579310417,0.014431999996304512,0.01410879991017282,0.01411199988797307,0.0001486882409582608,20,0.02271999977529049,0.02425600029528141,0.023478399962186813,0.023631999269127846,0.0004884693168972885,20,0.04492799937725067,0.05244800075888634,0.04664960000663996,0.04639999940991402,0.0015234019934828615,20,0.26812800765037537,0.2789439857006073,0.2717679738998413,0.27110400795936584,0.002666373737156391,4224,128,16,8,standard_fused_topk,logit_topk,softmax_renorm,True,prefill_hot,ffn_like_prefix_20x,8,2048,768,True,1,"{""moe_gating_linear"":{""dimension_source"":""routed_mlp_hidden_dim"",""effective_ffn_width"":768,""expert_parallel_mode"":""on"",""layer_kind"":""routed"",""operator_family_id"":""moe"",""operator_family_ids"":[""moe""],""profile_id"":""generic"",""selected_expert_parallel_size"":null,""selected_padded_ffn_width"":768,""selected_tensor_parallel_size"":1,""tensor_parallel_mode"":""moe_tp"",""tensor_parallel_sizes"":[1]},""moe_gating_routing_topk"":{""dimension_source"":""routed_mlp_hidden_dim"",""effective_ffn_width"":768,""expert_parallel_mode"":""on"",""layer_kind"":""routed"",""operator_family_id"":""moe"",""operator_family_ids"":[""moe""],""profile_id"":""generic"",""selected_expert_parallel_size"":null,""selected_padded_ffn_width"":768,""selected_tensor_parallel_size"":1,""tensor_parallel_mode"":""moe_tp"",""tensor_parallel_sizes"":[1]},""moe_grouped_gemm"":{""dimension_source"":""routed_mlp_hidden_dim"",""effective_ffn_width"":768,""expert_parallel_mode"":""on"",""layer_kind"":""routed"",""operator_family_id"":""moe"",""operator_family_ids"":[""moe""],""profile_id"":""generic"",""selected_expert_parallel_size"":8,""selected_padded_ffn_width"":768,""selected_tensor_parallel_size"":1,""tensor_parallel_mode"":""moe_tp"",""tensor_parallel_sizes"":[1]},""moe_shuffling"":{""dimension_source"":""routed_mlp_hidden_dim"",""effective_ffn_width"":768,""expert_parallel_mode"":""on"",""layer_kind"":""routed"",""operator_family_id"":""moe"",""operator_family_ids"":[""moe""],""profile_id"":""generic"",""selected_expert_parallel_size"":null,""selected_padded_ffn_width"":768,""selected_tensor_parallel_size"":1,""tensor_parallel_mode"":""moe_tp"",""tensor_parallel_sizes"":[1]}}",1548,0.375,96.75,96.75,1.0,0.35142118863049093,0.3500982089129584,1.4780361757105944,3.903064671653354,0.19807816537467704,skewed,1,vllm_fused,CUDA_EVENT,BF16,generic,generic,none
0.013663999736309052,0.015039999969303608,0.01416479991748929,0.01414399966597557,0.0003536361709035801,20,0.022272000089287758,0.025567999109625816,0.023659199941903353,0.02340799942612648,0.0010521759959731289,20,0.08064000308513641,0.09353599697351456,0.08371040038764477,0.08262399956583977,0.003128373744423524,20,0.36243200302124023,0.3835200071334839,0.3687327802181244,0.3665600121021271,0.005386065226048231,4208,128,16,8,standard_fused_topk,logit_topk,softmax_renorm,True,prefill_hot,ffn_like_prefix_20x,8,2048,768,True,1,"{""moe_gating_linear"":{""dimension_source"":""routed_mlp_hidden_dim"",""effective_ffn_width"":768,""expert_parallel_mode"":""on"",""layer_kind"":""routed"",""operator_family_id"":""moe"",""operator_family_ids"":[""moe""],""profile_id"":""generic"",""selected_expert_parallel_size"":null,""selected_padded_ffn_width"":768,""selected_tensor_parallel_size"":1,""tensor_parallel_mode"":""moe_tp"",""tensor_parallel_sizes"":[1]},""moe_gating_routing_topk"":{""dimension_source"":""routed_mlp_hidden_dim"",""effective_ffn_width"":768,""expert_parallel_mode"":""on"",""layer_kind"":""routed"",""operator_family_id"":""moe"",""operator_family_ids"":[""moe""],""profile_id"":""generic"",""selected_expert_parallel_size"":null,""selected_padded_ffn_width"":768,""selected_tensor_parallel_size"":1,""tensor_parallel_mode"":""moe_tp"",""tensor_parallel_sizes"":[1]},""moe_grouped_gemm"":{""dimension_source"":""routed_mlp_hidden_dim"",""effective_ffn_width"":768,""expert_parallel_mode"":""on"",""layer_kind"":""routed"",""operator_family_id"":""moe"",""operator_family_ids"":[""moe""],""profile_id"":""generic"",""selected_expert_parallel_size"":8,""selected_padded_ffn_width"":768,""selected_tensor_parallel_size"":1,""tensor_parallel_mode"":""moe_tp"",""tensor_parallel_sizes"":[1]},""moe_shuffling"":{""dimension_source"":""routed_mlp_hidden_dim"",""effective_ffn_width"":768,""expert_parallel_mode"":""on"",""layer_kind"":""routed"",""operator_family_id"":""moe"",""operator_family_ids"":[""moe""],""profile_id"":""generic"",""selected_expert_parallel_size"":null,""selected_padded_ffn_width"":768,""selected_tensor_parallel_size"":1,""tensor_parallel_mode"":""moe_tp"",""tensor_parallel_sizes"":[1]}}",4162,0.375,260.125,260.125,1.0,0.9226333493512734,0.0481090504329335,1.107160019221528,3.9983449174531085,0.02663983661701108,uniform,2,vllm_fused,CUDA_EVENT,BF16,generic,generic,none
0.013376000337302685,0.014208000153303146,0.013654400035738945,0.01360000018030405,0.00023055547739676295,20,0.02284800074994564,0.02412799932062626,0.02355999993160367,0.02363200020045042,0.00041536850478212647,20,0.0814720019698143,0.09808000177145004,0.08540480062365532,0.08444800227880478,0.0036226615679462813,20,0.29555198550224304,0.33478400111198425,0.3157551884651184,0.31648001074790955,0.010737264528870583,4128,128,16,8,standard_fused_topk,logit_topk,softmax_renorm,True,prefill_hot,ffn_like_prefix_20x,8,2048,768,True,1,"{""moe_gating_linear"":{""dimension_source"":""routed_mlp_hidden_dim"",""effective_ffn_width"":768,""expert_parallel_mode"":""on"",""layer_kind"":""routed"",""operator_family_id"":""moe"",""operator_family_ids"":[""moe""],""profile_id"":""generic"",""selected_expert_parallel_size"":null,""selected_padded_ffn_width"":768,""selected_tensor_parallel_size"":1,""tensor_parallel_mode"":""moe_tp"",""tensor_parallel_sizes"":[1]},""moe_gating_routing_topk"":{""dimension_source"":""routed_mlp_hidden_dim"",""effective_ffn_width"":768,""expert_parallel_mode"":""on"",""layer_kind"":""routed"",""operator_family_id"":""moe"",""operator_family_ids"":[""moe""],""profile_id"":""generic"",""selected_expert_parallel_size"":null,""selected_padded_ffn_width"":768,""selected_tensor_parallel_size"":1,""tensor_parallel_mode"":""moe_tp"",""tensor_parallel_sizes"":[1]},""moe_grouped_gemm"":{""dimension_source"":""routed_mlp_hidden_dim"",""effective_ffn_width"":768,""expert_parallel_mode"":""on"",""layer_kind"":""routed"",""operator_family_id"":""moe"",""operator_family_ids"":[""moe""],""profile_id"":""generic"",""selected_expert_parallel_size"":8,""selected_padded_ffn_width"":768,""selected_tensor_parallel_size"":1,""tensor_parallel_mode"":""moe_tp"",""tensor_parallel_sizes"":[1]},""moe_shuffling"":{""dimension_source"":""routed_mlp_hidden_dim"",""effective_ffn_width"":768,""expert_parallel_mode"":""on"",""layer_kind"":""routed"",""operator_family_id"":""moe"",""operator_family_ids"":[""moe""],""profile_id"":""generic"",""selected_expert_parallel_size"":null,""selected_padded_ffn_width"":768,""selected_tensor_parallel_size"":1,""tensor_parallel_mode"":""moe_tp"",""tensor_parallel_sizes"":[1]}}",1513,0.375,94.5625,94.5625,1.0,0.33840052875082616,0.3187663444271412,1.5228023793787178,3.918681456406733,0.17874256444150705,skewed,0,vllm_fused,CUDA_EVENT,BF16,generic,generic,none
0.013407999649643898,0.014655999839305878,0.01403520000167191,0.014016000088304281,0.0002937035533973645,20,0.022655999287962914,0.02611199952661991,0.02415520017966628,0.024240000173449516,0.0008271412226652851,20,0.046112000942230225,0.08953599631786346,0.07317599989473819,0.07811199873685837,0.01219610503399102,20,0.3185279965400696,0.34303998947143555,0.3292064070701599,0.33289599418640137,0.007873592898249626,4160,128,16,8,standard_fused_topk,logit_topk,softmax_renorm,True,prefill_hot,ffn_like_prefix_20x,8,2048,768,True,1,"{""moe_gating_linear"":{""dimension_source"":""routed_mlp_hidden_dim"",""effective_ffn_width"":768,""expert_parallel_mode"":""on"",""layer_kind"":""routed"",""operator_family_id"":""moe"",""operator_family_ids"":[""moe""],""profile_id"":""generic"",""selected_expert_parallel_size"":null,""selected_padded_ffn_width"":768,""selected_tensor_parallel_size"":1,""tensor_parallel_mode"":""moe_tp"",""tensor_parallel_sizes"":[1]},""moe_gating_routing_topk"":{""dimension_source"":""routed_mlp_hidden_dim"",""effective_ffn_width"":768,""expert_parallel_mode"":""on"",""layer_kind"":""routed"",""operator_family_id"":""moe"",""operator_family_ids"":[""moe""],""profile_id"":""generic"",""selected_expert_parallel_size"":null,""selected_padded_ffn_width"":768,""selected_tensor_parallel_size"":1,""tensor_parallel_mode"":""moe_tp"",""tensor_parallel_sizes"":[1]},""moe_grouped_gemm"":{""dimension_source"":""routed_mlp_hidden_dim"",""effective_ffn_width"":768,""expert_parallel_mode"":""on"",""layer_kind"":""routed"",""operator_family_id"":""moe"",""operator_family_ids"":[""moe""],""profile_id"":""generic"",""selected_expert_parallel_size"":8,""selected_padded_ffn_width"":768,""selected_tensor_parallel_size"":1,""tensor_parallel_mode"":""moe_tp"",""tensor_parallel_sizes"":[1]},""moe_shuffling"":{""dimension_source"":""routed_mlp_hidden_dim"",""effective_ffn_width"":768,""expert_parallel_mode"":""on"",""layer_kind"":""routed"",""operator_family_id"":""moe"",""operator_family_ids"":[""moe""],""profile_id"":""generic"",""selected_expert_parallel_size"":null,""selected_padded_ffn_width"":768,""selected_tensor_parallel_size"":1,""tensor_parallel_mode"":""moe_tp"",""tensor_parallel_sizes"":[1]}}",4130,0.375,258.125,258.125,1.0,0.8871670702179176,0.05009942099706325,1.0847457627118644,3.9981770629709517,0.027875302663438184,uniform,1,vllm_fused,CUDA_EVENT,BF16,generic,generic,none
0.013728000223636627,0.015263999812304974,0.014236799953505398,0.01414399966597557,0.00036540297117283846,20,0.02252800017595291,0.02473600022494793,0.023731200024485588,0.023919999599456787,0.0006062625999271686,20,0.044576000422239304,0.05225599929690361,0.046041600219905374,0.04540799930691719,0.001705680994538514,20,1.0127040147781372,1.037503957748413,1.0192177295684814,1.0157439708709717,0.007211904972791672,4176,128,16,8,standard_fused_topk,logit_topk,softmax_renorm,True,prefill_hot,ffn_like_prefix_20x,8,2048,768,True,1,"{""moe_gating_linear"":{""dimension_source"":""routed_mlp_hidden_dim"",""effective_ffn_width"":768,""expert_parallel_mode"":""on"",""layer_kind"":""routed"",""operator_family_id"":""moe"",""operator_family_ids"":[""moe""],""profile_id"":""generic"",""selected_expert_parallel_size"":null,""selected_padded_ffn_width"":768,""selected_tensor_parallel_size"":1,""tensor_parallel_mode"":""moe_tp"",""tensor_parallel_sizes"":[1]},""moe_gating_routing_topk"":{""dimension_source"":""routed_mlp_hidden_dim"",""effective_ffn_width"":768,""expert_parallel_mode"":""on"",""layer_kind"":""routed"",""operator_family_id"":""moe"",""operator_family_ids"":[""moe""],""profile_id"":""generic"",""selected_expert_parallel_size"":null,""selected_padded_ffn_width"":768,""selected_tensor_parallel_size"":1,""tensor_parallel_mode"":""moe_tp"",""tensor_parallel_sizes"":[1]},""moe_grouped_gemm"":{""dimension_source"":""routed_mlp_hidden_dim"",""effective_ffn_width"":768,""expert_parallel_mode"":""on"",""layer_kind"":""routed"",""operator_family_id"":""moe"",""operator_family_ids"":[""moe""],""profile_id"":""generic"",""selected_expert_parallel_size"":8,""selected_padded_ffn_width"":768,""selected_tensor_parallel_size"":1,""tensor_parallel_mode"":""moe_tp"",""tensor_parallel_sizes"":[1]},""moe_shuffling"":{""dimension_source"":""routed_mlp_hidden_dim"",""effective_ffn_width"":768,""expert_parallel_mode"":""on"",""layer_kind"":""routed"",""operator_family_id"":""moe"",""operator_family_ids"":[""moe""],""profile_id"":""generic"",""selected_expert_parallel_size"":null,""selected_padded_ffn_width"":768,""selected_tensor_parallel_size"":1,""tensor_parallel_mode"":""moe_tp"",""tensor_parallel_sizes"":[1]}}",27555,0.375,1722.1875,1722.1875,1.0,0.02554890219560878,0.967127989546178,1.9759753220831064,3.120805852290005,0.48456042460533477,extremely_skewed,1,vllm_fused,CUDA_EVENT,BF16,generic,generic,none
0.013311999849975109,0.01414399966597557,0.01370079992339015,0.013712000101804733,0.00023148067030779592,20,0.022463999688625336,0.02377600036561489,0.02320320000872016,0.023376000113785267,0.000450041085864491,20,0.05270399898290634,0.059776000678539276,0.05430080015212298,0.05375999957323074,0.0018741702714520764,20,0.31887999176979065,0.33977600932121277,0.32511043548583984,0.32185599207878113,0.006475324742496014,4128,128,16,8,standard_fused_topk,logit_topk,softmax_renorm,True,prefill_hot,ffn_like_prefix_20x,8,2048,768,True,1,"{""moe_gating_linear"":{""dimension_source"":""routed_mlp_hidden_dim"",""effective_ffn_width"":768,""expert_parallel_mode"":""on"",""layer_kind"":""routed"",""operator_family_id"":""moe"",""operator_family_ids"":[""moe""],""profile_id"":""generic"",""selected_expert_parallel_size"":null,""selected_padded_ffn_width"":768,""selected_tensor_parallel_size"":1,""tensor_parallel_mode"":""moe_tp"",""tensor_parallel_sizes"":[1]},""moe_gating_routing_topk"":{""dimension_source"":""routed_mlp_hidden_dim"",""effective_ffn_width"":768,""expert_parallel_mode"":""on"",""layer_kind"":""routed"",""operator_family_id"":""moe"",""operator_family_ids"":[""moe""],""profile_id"":""generic"",""selected_expert_parallel_size"":null,""selected_padded_ffn_width"":768,""selected_tensor_parallel_size"":1,""tensor_parallel_mode"":""moe_tp"",""tensor_parallel_sizes"":[1]},""moe_grouped_gemm"":{""dimension_source"":""routed_mlp_hidden_dim"",""effective_ffn_width"":768,""expert_parallel_mode"":""on"",""layer_kind"":""routed"",""operator_family_id"":""moe"",""operator_family_ids"":[""moe""],""profile_id"":""generic"",""selected_expert_parallel_size"":8,""selected_padded_ffn_width"":768,""selected_tensor_parallel_size"":1,""tensor_parallel_mode"":""moe_tp"",""tensor_parallel_sizes"":[1]},""moe_shuffling"":{""dimension_source"":""routed_mlp_hidden_dim"",""effective_ffn_width"":768,""expert_parallel_mode"":""on"",""layer_kind"":""routed"",""operator_family_id"":""moe"",""operator_family_ids"":[""moe""],""profile_id"":""generic"",""selected_expert_parallel_size"":null,""selected_padded_ffn_width"":768,""selected_tensor_parallel_size"":1,""tensor_parallel_mode"":""moe_tp"",""tensor_parallel_sizes"":[1]}}",4103,0.375,256.4375,256.4375,1.0,0.8852059468681452,0.04951799674316448,1.087984401657324,3.998217982358482,0.027495125517913666,uniform,1,vllm_fused,CUDA_EVENT,BF16,generic,generic,none
0.013183999806642532,0.014495999552309513,0.013838399853557348,0.013856000266969204,0.00025966863888571994,20,0.02236800082027912,0.028704000636935234,0.023851200006902218,0.023856000043451786,0.0012678332607316592,20,0.057312000542879105,0.08470399677753448,0.0699888002127409,0.07577600330114365,0.010666777966266893,20,1.0515520572662354,1.0812480449676514,1.0632768869400024,1.0610239505767822,0.008684326894581318,4096,128,16,8,standard_fused_topk,logit_topk,softmax_renorm,True,prefill_hot,ffn_like_prefix_20x,8,2048,768,True,1,"{""moe_gating_linear"":{""dimension_source"":""routed_mlp_hidden_dim"",""effective_ffn_width"":768,""expert_parallel_mode"":""on"",""layer_kind"":""routed"",""operator_family_id"":""moe"",""operator_family_ids"":[""moe""],""profile_id"":""generic"",""selected_expert_parallel_size"":null,""selected_padded_ffn_width"":768,""selected_tensor_parallel_size"":1,""tensor_parallel_mode"":""moe_tp"",""tensor_parallel_sizes"":[1]},""moe_gating_routing_topk"":{""dimension_source"":""routed_mlp_hidden_dim"",""effective_ffn_width"":768,""expert_parallel_mode"":""on"",""layer_kind"":""routed"",""operator_family_id"":""moe"",""operator_family_ids"":[""moe""],""profile_id"":""generic"",""selected_expert_parallel_size"":null,""selected_padded_ffn_width"":768,""selected_tensor_parallel_size"":1,""tensor_parallel_mode"":""moe_tp"",""tensor_parallel_sizes"":[1]},""moe_grouped_gemm"":{""dimension_source"":""routed_mlp_hidden_dim"",""effective_ffn_width"":768,""expert_parallel_mode"":""on"",""layer_kind"":""routed"",""operator_family_id"":""moe"",""operator_family_ids"":[""moe""],""profile_id"":""generic"",""selected_expert_parallel_size"":8,""selected_padded_ffn_width"":768,""selected_tensor_parallel_size"":1,""tensor_parallel_mode"":""moe_tp"",""tensor_parallel_sizes"":[1]},""moe_shuffling"":{""dimension_source"":""routed_mlp_hidden_dim"",""effective_ffn_width"":768,""expert_parallel_mode"":""on"",""layer_kind"":""routed"",""operator_family_id"":""moe"",""operator_family_ids"":[""moe""],""profile_id"":""generic"",""selected_expert_parallel_size"":null,""selected_padded_ffn_width"":768,""selected_tensor_parallel_size"":1,""tensor_parallel_mode"":""moe_tp"",""tensor_parallel_sizes"":[1]}}",27259,0.375,1703.6875,1703.6875,1.0,0.02465240837888404,0.9713925730952236,1.9792362155618328,3.1080588042177144,0.48669017572177986,extremely_skewed,2,vllm_fused,CUDA_EVENT,BF16,generic,generic,none
0.013472000136971474,0.014911999925971031,0.014027200127020478,0.014032000210136175,0.00031747403928478424,20,0.022207999601960182,0.02457600086927414,0.02348800003528595,0.023680000565946102,0.0007701305270657036,20,0.04524800181388855,0.09008000046014786,0.05738400053232908,0.05656000040471554,0.008965660039224463,20,1.002943992614746,1.0288640260696411,1.0160959959030151,1.0196800231933594,0.0075974916107952595,4128,128,16,8,standard_fused_topk,logit_topk,softmax_renorm,True,prefill_hot,ffn_like_prefix_20x,8,2048,768,True,1,"{""moe_gating_linear"":{""dimension_source"":""routed_mlp_hidden_dim"",""effective_ffn_width"":768,""expert_parallel_mode"":""on"",""layer_kind"":""routed"",""operator_family_id"":""moe"",""operator_family_ids"":[""moe""],""profile_id"":""generic"",""selected_expert_parallel_size"":null,""selected_padded_ffn_width"":768,""selected_tensor_parallel_size"":1,""tensor_parallel_mode"":""moe_tp"",""tensor_parallel_sizes"":[1]},""moe_gating_routing_topk"":{""dimension_source"":""routed_mlp_hidden_dim"",""effective_ffn_width"":768,""expert_parallel_mode"":""on"",""layer_kind"":""routed"",""operator_family_id"":""moe"",""operator_family_ids"":[""moe""],""profile_id"":""generic"",""selected_expert_parallel_size"":null,""selected_padded_ffn_width"":768,""selected_tensor_parallel_size"":1,""tensor_parallel_mode"":""moe_tp"",""tensor_parallel_sizes"":[1]},""moe_grouped_gemm"":{""dimension_source"":""routed_mlp_hidden_dim"",""effective_ffn_width"":768,""expert_parallel_mode"":""on"",""layer_kind"":""routed"",""operator_family_id"":""moe"",""operator_family_ids"":[""moe""],""profile_id"":""generic"",""selected_expert_parallel_size"":8,""selected_padded_ffn_width"":768,""selected_tensor_parallel_size"":1,""tensor_parallel_mode"":""moe_tp"",""tensor_parallel_sizes"":[1]},""moe_shuffling"":{""dimension_source"":""routed_mlp_hidden_dim"",""effective_ffn_width"":768,""expert_parallel_mode"":""on"",""layer_kind"":""routed"",""operator_family_id"":""moe"",""operator_family_ids"":[""moe""],""profile_id"":""generic"",""selected_expert_parallel_size"":null,""selected_padded_ffn_width"":768,""selected_tensor_parallel_size"":1,""tensor_parallel_mode"":""moe_tp"",""tensor_parallel_sizes"":[1]}}",27464,0.375,1716.5,1716.5,1.0,0.024468394989804836,0.9713147841937443,1.9790270900087388,3.1082976370250766,0.4866507063792602,extremely_skewed,2,vllm_fused,CUDA_EVENT,BF16,generic,generic,none
0.013535999692976475,0.015135999768972397,0.01402720003388822,0.014031999744474888,0.0003391509324643132,20,0.02236800082027912,0.024159999564290047,0.023423999827355147,0.023663999512791634,0.0005414527010359496,20,0.04620800167322159,0.06697600334882736,0.04966240059584379,0.04707200080156326,0.0052913190928900785,20,0.2667199969291687,0.27193599939346313,0.2691456079483032,0.2690559923648834,0.0016440108884125948,4208,128,16,8,standard_fused_topk,logit_topk,softmax_renorm,True,prefill_hot,ffn_like_prefix_20x,8,2048,768,True,1,"{""moe_gating_linear"":{""dimension_source"":""routed_mlp_hidden_dim"",""effective_ffn_width"":768,""expert_parallel_mode"":""on"",""layer_kind"":""routed"",""operator_family_id"":""moe"",""operator_family_ids"":[""moe""],""profile_id"":""generic"",""selected_expert_parallel_size"":null,""selected_padded_ffn_width"":768,""selected_tensor_parallel_size"":1,""tensor_parallel_mode"":""moe_tp"",""tensor_parallel_sizes"":[1]},""moe_gating_routing_topk"":{""dimension_source"":""routed_mlp_hidden_dim"",""effective_ffn_width"":768,""expert_parallel_mode"":""on"",""layer_kind"":""routed"",""operator_family_id"":""moe"",""operator_family_ids"":[""moe""],""profile_id"":""generic"",""selected_expert_parallel_size"":null,""selected_padded_ffn_width"":768,""selected_tensor_parallel_size"":1,""tensor_parallel_mode"":""moe_tp"",""tensor_parallel_sizes"":[1]},""moe_grouped_gemm"":{""dimension_source"":""routed_mlp_hidden_dim"",""effective_ffn_width"":768,""expert_parallel_mode"":""on"",""layer_kind"":""routed"",""operator_family_id"":""moe"",""operator_family_ids"":[""moe""],""profile_id"":""generic"",""selected_expert_parallel_size"":8,""selected_padded_ffn_width"":768,""selected_tensor_parallel_size"":1,""tensor_parallel_mode"":""moe_tp"",""tensor_parallel_sizes"":[1]},""moe_shuffling"":{""dimension_source"":""routed_mlp_hidden_dim"",""effective_ffn_width"":768,""expert_parallel_mode"":""on"",""layer_kind"":""routed"",""operator_family_id"":""moe"",""operator_family_ids"":[""moe""],""profile_id"":""generic"",""selected_expert_parallel_size"":null,""selected_padded_ffn_width"":768,""selected_tensor_parallel_size"":1,""tensor_parallel_mode"":""moe_tp"",""tensor_parallel_sizes"":[1]}}",1543,0.375,96.4375,96.4375,1.0,0.3318211276733636,0.31690317222660463,1.4931950745301361,3.919109189843266,0.17753564484769924,skewed,0,vllm_fused,CUDA_EVENT,BF16,generic,generic,none
0.013311999849975109,0.01484800036996603,0.013992000045254827,0.01398400031030178,0.0003648386962627188,20,0.022624000906944275,0.024992000311613083,0.02365920003503561,0.02377600036561489,0.0006742267485649448,20,0.05795200169086456,0.0681919977068901,0.0616431999951601,0.060175999999046326,0.0034022524009878954,20,0.35555198788642883,0.3832640051841736,0.3658143877983093,0.36531201004981995,0.008018539287149906,4192,128,16,8,standard_fused_topk,logit_topk,softmax_renorm,True,prefill_hot,ffn_like_prefix_20x,8,2048,768,True,1,"{""moe_gating_linear"":{""dimension_source"":""routed_mlp_hidden_dim"",""effective_ffn_width"":768,""expert_parallel_mode"":""on"",""layer_kind"":""routed"",""operator_family_id"":""moe"",""operator_family_ids"":[""moe""],""profile_id"":""generic"",""selected_expert_parallel_size"":null,""selected_padded_ffn_width"":768,""selected_tensor_parallel_size"":1,""tensor_parallel_mode"":""moe_tp"",""tensor_parallel_sizes"":[1]},""moe_gating_routing_topk"":{""dimension_source"":""routed_mlp_hidden_dim"",""effective_ffn_width"":768,""expert_parallel_mode"":""on"",""layer_kind"":""routed"",""operator_family_id"":""moe"",""operator_family_ids"":[""moe""],""profile_id"":""generic"",""selected_expert_parallel_size"":null,""selected_padded_ffn_width"":768,""selected_tensor_parallel_size"":1,""tensor_parallel_mode"":""moe_tp"",""tensor_parallel_sizes"":[1]},""moe_grouped_gemm"":{""dimension_source"":""routed_mlp_hidden_dim"",""effective_ffn_width"":768,""expert_parallel_mode"":""on"",""layer_kind"":""routed"",""operator_family_id"":""moe"",""operator_family_ids"":[""moe""],""profile_id"":""generic"",""selected_expert_parallel_size"":8,""selected_padded_ffn_width"":768,""selected_tensor_parallel_size"":1,""tensor_parallel_mode"":""moe_tp"",""tensor_parallel_sizes"":[1]},""moe_shuffling"":{""dimension_source"":""routed_mlp_hidden_dim"",""effective_ffn_width"":768,""expert_parallel_mode"":""on"",""layer_kind"":""routed"",""operator_family_id"":""moe"",""operator_family_ids"":[""moe""],""profile_id"":""generic"",""selected_expert_parallel_size"":null,""selected_padded_ffn_width"":768,""selected_tensor_parallel_size"":1,""tensor_parallel_mode"":""moe_tp"",""tensor_parallel_sizes"":[1]}}",4162,0.375,260.125,260.125,1.0,0.8803459875060067,0.050176564870224726,1.0840941854877464,3.9981674837498917,0.02769101393560791,uniform,1,vllm_fused,CUDA_EVENT,BF16,generic,generic,none
0.013344000093638897,0.0144640002399683,0.0138047999702394,0.013775999657809734,0.0002717928331526767,20,0.022495999932289124,0.02534399926662445,0.023755199927836656,0.023792000487446785,0.0008574133408595932,20,0.043776001781225204,0.05350400134921074,0.05014079976826906,0.05172799900174141,0.0034458054622764603,20,0.3132160007953644,0.3423359990119934,0.3214927911758423,0.3176319897174835,0.008182786405086517,4112,128,16,8,standard_fused_topk,logit_topk,softmax_renorm,True,prefill_hot,ffn_like_prefix_20x,8,2048,768,True,1,"{""moe_gating_linear"":{""dimension_source"":""routed_mlp_hidden_dim"",""effective_ffn_width"":768,""expert_parallel_mode"":""on"",""layer_kind"":""routed"",""operator_family_id"":""moe"",""operator_family_ids"":[""moe""],""profile_id"":""generic"",""selected_expert_parallel_size"":null,""selected_padded_ffn_width"":768,""selected_tensor_parallel_size"":1,""tensor_parallel_mode"":""moe_tp"",""tensor_parallel_sizes"":[1]},""moe_gating_routing_topk"":{""dimension_source"":""routed_mlp_hidden_dim"",""effective_ffn_width"":768,""expert_parallel_mode"":""on"",""layer_kind"":""routed"",""operator_family_id"":""moe"",""operator_family_ids"":[""moe""],""profile_id"":""generic"",""selected_expert_parallel_size"":null,""selected_padded_ffn_width"":768,""selected_tensor_parallel_size"":1,""tensor_parallel_mode"":""moe_tp"",""tensor_parallel_sizes"":[1]},""moe_grouped_gemm"":{""dimension_source"":""routed_mlp_hidden_dim"",""effective_ffn_width"":768,""expert_parallel_mode"":""on"",""layer_kind"":""routed"",""operator_family_id"":""moe"",""operator_family_ids"":[""moe""],""profile_id"":""generic"",""selected_expert_parallel_size"":8,""selected_padded_ffn_width"":768,""selected_tensor_parallel_size"":1,""tensor_parallel_mode"":""moe_tp"",""tensor_parallel_sizes"":[1]},""moe_shuffling"":{""dimension_source"":""routed_mlp_hidden_dim"",""effective_ffn_width"":768,""expert_parallel_mode"":""on"",""layer_kind"":""routed"",""operator_family_id"":""moe"",""operator_family_ids"":[""moe""],""profile_id"":""generic"",""selected_expert_parallel_size"":null,""selected_padded_ffn_width"":768,""selected_tensor_parallel_size"":1,""tensor_parallel_mode"":""moe_tp"",""tensor_parallel_sizes"":[1]}}",4072,0.375,254.5,254.5,1.0,0.9233791748526523,0.05031924744544478,1.1237721021611002,3.9981950599211,0.027351424361493182,uniform,2,vllm_fused,CUDA_EVENT,BF16,generic,generic,none
0.013663999736309052,0.015359999611973763,0.014342400012537837,0.01432000007480383,0.0003612741769310415,20,0.022816000506281853,0.025312000885605812,0.02412479994818568,0.02417599968612194,0.0007736395188897297,20,0.04451199993491173,0.05580800026655197,0.04989280011504889,0.04787200130522251,0.0042223542957346,20,0.3181439936161041,0.37433600425720215,0.3308224081993103,0.3250240087509155,0.012565987184643745,4144,128,16,8,standard_fused_topk,logit_topk,softmax_renorm,True,prefill_hot,ffn_like_prefix_20x,8,2048,768,True,1,"{""moe_gating_linear"":{""dimension_source"":""routed_mlp_hidden_dim"",""effective_ffn_width"":768,""expert_parallel_mode"":""on"",""layer_kind"":""routed"",""operator_family_id"":""moe"",""operator_family_ids"":[""moe""],""profile_id"":""generic"",""selected_expert_parallel_size"":null,""selected_padded_ffn_width"":768,""selected_tensor_parallel_size"":1,""tensor_parallel_mode"":""moe_tp"",""tensor_parallel_sizes"":[1]},""moe_gating_routing_topk"":{""dimension_source"":""routed_mlp_hidden_dim"",""effective_ffn_width"":768,""expert_parallel_mode"":""on"",""layer_kind"":""routed"",""operator_family_id"":""moe"",""operator_family_ids"":[""moe""],""profile_id"":""generic"",""selected_expert_parallel_size"":null,""selected_padded_ffn_width"":768,""selected_tensor_parallel_size"":1,""tensor_parallel_mode"":""moe_tp"",""tensor_parallel_sizes"":[1]},""moe_grouped_gemm"":{""dimension_source"":""routed_mlp_hidden_dim"",""effective_ffn_width"":768,""expert_parallel_mode"":""on"",""layer_kind"":""routed"",""operator_family_id"":""moe"",""operator_family_ids"":[""moe""],""profile_id"":""generic"",""selected_expert_parallel_size"":8,""selected_padded_ffn_width"":768,""selected_tensor_parallel_size"":1,""tensor_parallel_mode"":""moe_tp"",""tensor_parallel_sizes"":[1]},""moe_shuffling"":{""dimension_source"":""routed_mlp_hidden_dim"",""effective_ffn_width"":768,""expert_parallel_mode"":""on"",""layer_kind"":""routed"",""operator_family_id"":""moe"",""operator_family_ids"":[""moe""],""profile_id"":""generic"",""selected_expert_parallel_size"":null,""selected_padded_ffn_width"":768,""selected_tensor_parallel_size"":1,""tensor_parallel_mode"":""moe_tp"",""tensor_parallel_sizes"":[1]}}",4128,0.375,258.0,258.0,1.0,0.872093023255814,0.0666001561141069,1.0852713178294573,3.996750950939865,0.0371547965116279,uniform,0,vllm_fused,CUDA_EVENT,BF16,generic,generic,none
0.013504000380635262,0.01484800036996603,0.014014400076121092,0.013919999822974205,0.00034900182307942866,20,0.022175999358296394,0.024927999824285507,0.02332479991018772,0.023024000227451324,0.0008931323986788631,20,0.04387199878692627,0.05993599817156792,0.0461839996278286,0.04487999901175499,0.004039800096439969,20,0.32076799869537354,0.32998400926589966,0.3253360092639923,0.3248960077762604,0.0024605051148682833,4112,128,16,8,standard_fused_topk,logit_topk,softmax_renorm,True,prefill_hot,ffn_like_prefix_20x,8,2048,768,True,1,"{""moe_gating_linear"":{""dimension_source"":""routed_mlp_hidden_dim"",""effective_ffn_width"":768,""expert_parallel_mode"":""on"",""layer_kind"":""routed"",""operator_family_id"":""moe"",""operator_family_ids"":[""moe""],""profile_id"":""generic"",""selected_expert_parallel_size"":null,""selected_padded_ffn_width"":768,""selected_tensor_parallel_size"":1,""tensor_parallel_mode"":""moe_tp"",""tensor_parallel_sizes"":[1]},""moe_gating_routing_topk"":{""dimension_source"":""routed_mlp_hidden_dim"",""effective_ffn_width"":768,""expert_parallel_mode"":""on"",""layer_kind"":""routed"",""operator_family_id"":""moe"",""operator_family_ids"":[""moe""],""profile_id"":""generic"",""selected_expert_parallel_size"":null,""selected_padded_ffn_width"":768,""selected_tensor_parallel_size"":1,""tensor_parallel_mode"":""moe_tp"",""tensor_parallel_sizes"":[1]},""moe_grouped_gemm"":{""dimension_source"":""routed_mlp_hidden_dim"",""effective_ffn_width"":768,""expert_parallel_mode"":""on"",""layer_kind"":""routed"",""operator_family_id"":""moe"",""operator_family_ids"":[""moe""],""profile_id"":""generic"",""selected_expert_parallel_size"":8,""selected_padded_ffn_width"":768,""selected_tensor_parallel_size"":1,""tensor_parallel_mode"":""moe_tp"",""tensor_parallel_sizes"":[1]},""moe_shuffling"":{""dimension_source"":""routed_mlp_hidden_dim"",""effective_ffn_width"":768,""expert_parallel_mode"":""on"",""layer_kind"":""routed"",""operator_family_id"":""moe"",""operator_family_ids"":[""moe""],""profile_id"":""generic"",""selected_expert_parallel_size"":null,""selected_padded_ffn_width"":768,""selected_tensor_parallel_size"":1,""tensor_parallel_mode"":""moe_tp"",""tensor_parallel_sizes"":[1]}}",4098,0.375,256.125,256.125,1.0,0.8706686188384578,0.06608433114296956,1.0775988286969254,3.9967959130286737,0.03657271839921905,uniform,0,vllm_fused,CUDA_EVENT,BF16,generic,generic,none
0.013632000423967838,0.014944000169634819,0.014070400036871433,0.013999999966472387,0.00033912460197435464,20,0.022592000663280487,0.024383999407291412,0.023744000121951103,0.02396799996495247,0.000546909735059288,20,0.045024000108242035,0.05564799904823303,0.04756480008363724,0.046431999653577805,0.0029428237788429014,20,1.002336025238037,1.0209920406341553,1.0138272047042847,1.0172480344772339,0.0060127293691039085,4160,128,16,8,standard_fused_topk,logit_topk,softmax_renorm,True,prefill_hot,ffn_like_prefix_20x,8,2048,768,True,1,"{""moe_gating_linear"":{""dimension_source"":""routed_mlp_hidden_dim"",""effective_ffn_width"":768,""expert_parallel_mode"":""on"",""layer_kind"":""routed"",""operator_family_id"":""moe"",""operator_family_ids"":[""moe""],""profile_id"":""generic"",""selected_expert_parallel_size"":null,""selected_padded_ffn_width"":768,""selected_tensor_parallel_size"":1,""tensor_parallel_mode"":""moe_tp"",""tensor_parallel_sizes"":[1]},""moe_gating_routing_topk"":{""dimension_source"":""routed_mlp_hidden_dim"",""effective_ffn_width"":768,""expert_parallel_mode"":""on"",""layer_kind"":""routed"",""operator_family_id"":""moe"",""operator_family_ids"":[""moe""],""profile_id"":""generic"",""selected_expert_parallel_size"":null,""selected_padded_ffn_width"":768,""selected_tensor_parallel_size"":1,""tensor_parallel_mode"":""moe_tp"",""tensor_parallel_sizes"":[1]},""moe_grouped_gemm"":{""dimension_source"":""routed_mlp_hidden_dim"",""effective_ffn_width"":768,""expert_parallel_mode"":""on"",""layer_kind"":""routed"",""operator_family_id"":""moe"",""operator_family_ids"":[""moe""],""profile_id"":""generic"",""selected_expert_parallel_size"":8,""selected_padded_ffn_width"":768,""selected_tensor_parallel_size"":1,""tensor_parallel_mode"":""moe_tp"",""tensor_parallel_sizes"":[1]},""moe_shuffling"":{""dimension_source"":""routed_mlp_hidden_dim"",""effective_ffn_width"":768,""expert_parallel_mode"":""on"",""layer_kind"":""routed"",""operator_family_id"":""moe"",""operator_family_ids"":[""moe""],""profile_id"":""generic"",""selected_expert_parallel_size"":null,""selected_padded_ffn_width"":768,""selected_tensor_parallel_size"":1,""tensor_parallel_mode"":""moe_tp"",""tensor_parallel_sizes"":[1]}}",27141,0.375,1696.3125,1696.3125,1.0,0.023580560775210934,0.9710513399895162,1.9789985630595777,3.108967571014367,0.4868073210272281,extremely_skewed,0,vllm_fused,CUDA_EVENT,BF16,generic,generic,none
0.013535999692976475,0.015135999768972397,0.014075199887156487,0.013935999944806099,0.00040995924009282095,20,0.022752000018954277,0.024064000695943832,0.02336800014600158,0.023552000522613525,0.0003956726691479052,20,0.0469760000705719,0.06233600154519081,0.04882720019668341,0.047919999808073044,0.003192106879419988,20,0.315775990486145,0.3346560001373291,0.3204992115497589,0.3197439908981323,0.004142648074775934,4192,128,16,8,standard_fused_topk,logit_topk,softmax_renorm,True,prefill_hot,ffn_like_prefix_20x,8,2048,768,True,1,"{""moe_gating_linear"":{""dimension_source"":""routed_mlp_hidden_dim"",""effective_ffn_width"":768,""expert_parallel_mode"":""on"",""layer_kind"":""routed"",""operator_family_id"":""moe"",""operator_family_ids"":[""moe""],""profile_id"":""generic"",""selected_expert_parallel_size"":null,""selected_padded_ffn_width"":768,""selected_tensor_parallel_size"":1,""tensor_parallel_mode"":""moe_tp"",""tensor_parallel_sizes"":[1]},""moe_gating_routing_topk"":{""dimension_source"":""routed_mlp_hidden_dim"",""effective_ffn_width"":768,""expert_parallel_mode"":""on"",""layer_kind"":""routed"",""operator_family_id"":""moe"",""operator_family_ids"":[""moe""],""profile_id"":""generic"",""selected_expert_parallel_size"":null,""selected_padded_ffn_width"":768,""selected_tensor_parallel_size"":1,""tensor_parallel_mode"":""moe_tp"",""tensor_parallel_sizes"":[1]},""moe_grouped_gemm"":{""dimension_source"":""routed_mlp_hidden_dim"",""effective_ffn_width"":768,""expert_parallel_mode"":""on"",""layer_kind"":""routed"",""operator_family_id"":""moe"",""operator_family_ids"":[""moe""],""profile_id"":""generic"",""selected_expert_parallel_size"":8,""selected_padded_ffn_width"":768,""selected_tensor_parallel_size"":1,""tensor_parallel_mode"":""moe_tp"",""tensor_parallel_sizes"":[1]},""moe_shuffling"":{""dimension_source"":""routed_mlp_hidden_dim"",""effective_ffn_width"":768,""expert_parallel_mode"":""on"",""layer_kind"":""routed"",""operator_family_id"":""moe"",""operator_family_ids"":[""moe""],""profile_id"":""generic"",""selected_expert_parallel_size"":null,""selected_padded_ffn_width"":768,""selected_tensor_parallel_size"":1,""tensor_parallel_mode"":""moe_tp"",""tensor_parallel_sizes"":[1]}}",4149,0.375,259.3125,259.3125,1.0,0.925524222704266,0.0477728332468914,1.1106290672451193,3.998370065376583,0.026316582308990144,uniform,2,vllm_fused,CUDA_EVENT,BF16,generic,generic,none
0.041760001331567764,0.13814400136470795,0.0667424000799656,0.06439999863505363,0.017830663525382595,20,0.07654400169849396,0.16236799955368042,0.11568800024688244,0.11579199880361557,0.016102731883000248,20,0.07740800082683563,0.09136000275611877,0.08106240034103393,0.07976000010967255,0.003644231640877718,20,0.22406400740146637,0.2820799946784973,0.26389920711517334,0.26796799898147583,0.015649283304810524,128,128,16,8,standard_fused_topk,logit_topk,softmax_renorm,True,prefill_hot,ffn_like_prefix_20x,8,2048,768,True,1,"{""moe_gating_linear"":{""dimension_source"":""routed_mlp_hidden_dim"",""effective_ffn_width"":768,""expert_parallel_mode"":""on"",""layer_kind"":""routed"",""operator_family_id"":""moe"",""operator_family_ids"":[""moe""],""profile_id"":""generic"",""selected_expert_parallel_size"":null,""selected_padded_ffn_width"":768,""selected_tensor_parallel_size"":1,""tensor_parallel_mode"":""moe_tp"",""tensor_parallel_sizes"":[1]},""moe_gating_routing_topk"":{""dimension_source"":""routed_mlp_hidden_dim"",""effective_ffn_width"":768,""expert_parallel_mode"":""on"",""layer_kind"":""routed"",""operator_family_id"":""moe"",""operator_family_ids"":[""moe""],""profile_id"":""generic"",""selected_expert_parallel_size"":null,""selected_padded_ffn_width"":768,""selected_tensor_parallel_size"":1,""tensor_parallel_mode"":""moe_tp"",""tensor_parallel_sizes"":[1]},""moe_grouped_gemm"":{""dimension_source"":""routed_mlp_hidden_dim"",""effective_ffn_width"":768,""expert_parallel_mode"":""on"",""layer_kind"":""routed"",""operator_family_id"":""moe"",""operator_family_ids"":[""moe""],""profile_id"":""generic"",""selected_expert_parallel_size"":8,""selected_padded_ffn_width"":768,""selected_tensor_parallel_size"":1,""tensor_parallel_mode"":""moe_tp"",""tensor_parallel_sizes"":[1]},""moe_shuffling"":{""dimension_source"":""routed_mlp_hidden_dim"",""effective_ffn_width"":768,""expert_parallel_mode"":""on"",""layer_kind"":""routed"",""operator_family_id"":""moe"",""operator_family_ids"":[""moe""],""profile_id"":""generic"",""selected_expert_parallel_size"":null,""selected_padded_ffn_width"":768,""selected_tensor_parallel_size"":1,""tensor_parallel_mode"":""moe_tp"",""tensor_parallel_sizes"":[1]}}",884,0.375,55.25,55.25,0.8125,0.0,0.9753519355650656,2.009049773755656,3.0869411090440035,0.49335407239818996,extremely_skewed,1,vllm_fused,CUDA_EVENT,BF16,generic,generic,none
0.013376000337302685,0.014495999552309513,0.013945600017905235,0.013968000188469887,0.0002361503845997028,20,0.02208000048995018,0.02521600015461445,0.023806399945169688,0.023984000086784363,0.0010469663081038112,20,0.05331199988722801,0.06003199890255928,0.054342399910092355,0.05377599969506264,0.0014897226635936503,20,0.998528003692627,1.005568027496338,1.0017216205596924,1.0011839866638184,0.001844042562879622,4112,128,16,8,standard_fused_topk,logit_topk,softmax_renorm,True,prefill_hot,ffn_like_prefix_20x,8,2048,768,True,1,"{""moe_gating_linear"":{""dimension_source"":""routed_mlp_hidden_dim"",""effective_ffn_width"":768,""expert_parallel_mode"":""on"",""layer_kind"":""routed"",""operator_family_id"":""moe"",""operator_family_ids"":[""moe""],""profile_id"":""generic"",""selected_expert_parallel_size"":null,""selected_padded_ffn_width"":768,""selected_tensor_parallel_size"":1,""tensor_parallel_mode"":""moe_tp"",""tensor_parallel_sizes"":[1]},""moe_gating_routing_topk"":{""dimension_source"":""routed_mlp_hidden_dim"",""effective_ffn_width"":768,""expert_parallel_mode"":""on"",""layer_kind"":""routed"",""operator_family_id"":""moe"",""operator_family_ids"":[""moe""],""profile_id"":""generic"",""selected_expert_parallel_size"":null,""selected_padded_ffn_width"":768,""selected_tensor_parallel_size"":1,""tensor_parallel_mode"":""moe_tp"",""tensor_parallel_sizes"":[1]},""moe_grouped_gemm"":{""dimension_source"":""routed_mlp_hidden_dim"",""effective_ffn_width"":768,""expert_parallel_mode"":""on"",""layer_kind"":""routed"",""operator_family_id"":""moe"",""operator_family_ids"":[""moe""],""profile_id"":""generic"",""selected_expert_parallel_size"":8,""selected_padded_ffn_width"":768,""selected_tensor_parallel_size"":1,""tensor_parallel_mode"":""moe_tp"",""tensor_parallel_sizes"":[1]},""moe_shuffling"":{""dimension_source"":""routed_mlp_hidden_dim"",""effective_ffn_width"":768,""expert_parallel_mode"":""on"",""layer_kind"":""routed"",""operator_family_id"":""moe"",""operator_family_ids"":[""moe""],""profile_id"":""generic"",""selected_expert_parallel_size"":null,""selected_padded_ffn_width"":768,""selected_tensor_parallel_size"":1,""tensor_parallel_mode"":""moe_tp"",""tensor_parallel_sizes"":[1]}}",27126,0.375,1695.375,1695.375,1.0,0.025952960259529603,0.9667555941702876,1.9759640197596402,3.1219050402724626,0.4843784560937845,extremely_skewed,1,vllm_fused,CUDA_EVENT,BF16,generic,generic,none
0.013567999936640263,0.015168000012636185,0.01416159993968904,0.01408000010997057,0.0003268820306214862,20,0.0225600004196167,0.12054400146007538,0.028324799984693526,0.023631999269127846,0.0211626125582722,20,0.045791998505592346,0.11113599687814713,0.06929599940776825,0.07716800272464752,0.01901493588186413,20,0.33555200695991516,0.37932801246643066,0.35305118560791016,0.3426879942417145,0.017631981521844864,4176,128,16,8,standard_fused_topk,logit_topk,softmax_renorm,True,prefill_hot,ffn_like_prefix_20x,8,2048,768,True,1,"{""moe_gating_linear"":{""dimension_source"":""routed_mlp_hidden_dim"",""effective_ffn_width"":768,""expert_parallel_mode"":""on"",""layer_kind"":""routed"",""operator_family_id"":""moe"",""operator_family_ids"":[""moe""],""profile_id"":""generic"",""selected_expert_parallel_size"":null,""selected_padded_ffn_width"":768,""selected_tensor_parallel_size"":1,""tensor_parallel_mode"":""moe_tp"",""tensor_parallel_sizes"":[1]},""moe_gating_routing_topk"":{""dimension_source"":""routed_mlp_hidden_dim"",""effective_ffn_width"":768,""expert_parallel_mode"":""on"",""layer_kind"":""routed"",""operator_family_id"":""moe"",""operator_family_ids"":[""moe""],""profile_id"":""generic"",""selected_expert_parallel_size"":null,""selected_padded_ffn_width"":768,""selected_tensor_parallel_size"":1,""tensor_parallel_mode"":""moe_tp"",""tensor_parallel_sizes"":[1]},""moe_grouped_gemm"":{""dimension_source"":""routed_mlp_hidden_dim"",""effective_ffn_width"":768,""expert_parallel_mode"":""on"",""layer_kind"":""routed"",""operator_family_id"":""moe"",""operator_family_ids"":[""moe""],""profile_id"":""generic"",""selected_expert_parallel_size"":8,""selected_padded_ffn_width"":768,""selected_tensor_parallel_size"":1,""tensor_parallel_mode"":""moe_tp"",""tensor_parallel_sizes"":[1]},""moe_shuffling"":{""dimension_source"":""routed_mlp_hidden_dim"",""effective_ffn_width"":768,""expert_parallel_mode"":""on"",""layer_kind"":""routed"",""operator_family_id"":""moe"",""operator_family_ids"":[""moe""],""profile_id"":""generic"",""selected_expert_parallel_size"":null,""selected_padded_ffn_width"":768,""selected_tensor_parallel_size"":1,""tensor_parallel_mode"":""moe_tp"",""tensor_parallel_sizes"":[1]}}",4166,0.375,260.375,260.375,1.0,0.8718194911185789,0.06814892845504165,1.0907345175228036,3.9966041679107405,0.0382561209793566,uniform,0,vllm_fused,CUDA_EVENT,BF16,generic,generic,none
0.013407999649643898,0.0144640002399683,0.013782399892807006,0.013743999879807234,0.0002560200640646774,20,0.022272000089287758,0.024320000782608986,0.02364319982007146,0.02369599975645542,0.000583004272370102,20,0.04307200014591217,0.05222399905323982,0.04462240021675825,0.04376000165939331,0.0020810205602356776,20,0.3149760067462921,0.33212798833847046,0.32532799243927,0.3264319896697998,0.005150255281478167,4096,128,16,8,standard_fused_topk,logit_topk,softmax_renorm,True,prefill_hot,ffn_like_prefix_20x,8,2048,768,True,1,"{""moe_gating_linear"":{""dimension_source"":""routed_mlp_hidden_dim"",""effective_ffn_width"":768,""expert_parallel_mode"":""on"",""layer_kind"":""routed"",""operator_family_id"":""moe"",""operator_family_ids"":[""moe""],""profile_id"":""generic"",""selected_expert_parallel_size"":null,""selected_padded_ffn_width"":768,""selected_tensor_parallel_size"":1,""tensor_parallel_mode"":""moe_tp"",""tensor_parallel_sizes"":[1]},""moe_gating_routing_topk"":{""dimension_source"":""routed_mlp_hidden_dim"",""effective_ffn_width"":768,""expert_parallel_mode"":""on"",""layer_kind"":""routed"",""operator_family_id"":""moe"",""operator_family_ids"":[""moe""],""profile_id"":""generic"",""selected_expert_parallel_size"":null,""selected_padded_ffn_width"":768,""selected_tensor_parallel_size"":1,""tensor_parallel_mode"":""moe_tp"",""tensor_parallel_sizes"":[1]},""moe_grouped_gemm"":{""dimension_source"":""routed_mlp_hidden_dim"",""effective_ffn_width"":768,""expert_parallel_mode"":""on"",""layer_kind"":""routed"",""operator_family_id"":""moe"",""operator_family_ids"":[""moe""],""profile_id"":""generic"",""selected_expert_parallel_size"":8,""selected_padded_ffn_width"":768,""selected_tensor_parallel_size"":1,""tensor_parallel_mode"":""moe_tp"",""tensor_parallel_sizes"":[1]},""moe_shuffling"":{""dimension_source"":""routed_mlp_hidden_dim"",""effective_ffn_width"":768,""expert_parallel_mode"":""on"",""layer_kind"":""routed"",""operator_family_id"":""moe"",""operator_family_ids"":[""moe""],""profile_id"":""generic"",""selected_expert_parallel_size"":null,""selected_padded_ffn_width"":768,""selected_tensor_parallel_size"":1,""tensor_parallel_mode"":""moe_tp"",""tensor_parallel_sizes"":[1]}}",4073,0.375,254.5625,254.5625,1.0,0.8917260004910386,0.04951400033859556,1.0920697274736066,3.9982239239029784,0.027636263196660904,uniform,1,vllm_fused,CUDA_EVENT,BF16,generic,generic,none
0.013407999649643898,0.015104000456631184,0.013969599967822433,0.013903999701142311,0.00038138783258350107,20,0.022431999444961548,0.025407999753952026,0.024076800048351287,0.02417599968612194,0.0008487784785650815,20,0.044256001710891724,0.05859199911355972,0.046838399954140186,0.04601600021123886,0.002899349836070893,20,1.014143943786621,1.0506240129470825,1.0272960662841797,1.0277760028839111,0.007534103933721781,4144,128,16,8,standard_fused_topk,logit_topk,softmax_renorm,True,prefill_hot,ffn_like_prefix_20x,8,2048,768,True,1,"{""moe_gating_linear"":{""dimension_source"":""routed_mlp_hidden_dim"",""effective_ffn_width"":768,""expert_parallel_mode"":""on"",""layer_kind"":""routed"",""operator_family_id"":""moe"",""operator_family_ids"":[""moe""],""profile_id"":""generic"",""selected_expert_parallel_size"":null,""selected_padded_ffn_width"":768,""selected_tensor_parallel_size"":1,""tensor_parallel_mode"":""moe_tp"",""tensor_parallel_sizes"":[1]},""moe_gating_routing_topk"":{""dimension_source"":""routed_mlp_hidden_dim"",""effective_ffn_width"":768,""expert_parallel_mode"":""on"",""layer_kind"":""routed"",""operator_family_id"":""moe"",""operator_family_ids"":[""moe""],""profile_id"":""generic"",""selected_expert_parallel_size"":null,""selected_padded_ffn_width"":768,""selected_tensor_parallel_size"":1,""tensor_parallel_mode"":""moe_tp"",""tensor_parallel_sizes"":[1]},""moe_grouped_gemm"":{""dimension_source"":""routed_mlp_hidden_dim"",""effective_ffn_width"":768,""expert_parallel_mode"":""on"",""layer_kind"":""routed"",""operator_family_id"":""moe"",""operator_family_ids"":[""moe""],""profile_id"":""generic"",""selected_expert_parallel_size"":8,""selected_padded_ffn_width"":768,""selected_tensor_parallel_size"":1,""tensor_parallel_mode"":""moe_tp"",""tensor_parallel_sizes"":[1]},""moe_shuffling"":{""dimension_source"":""routed_mlp_hidden_dim"",""effective_ffn_width"":768,""expert_parallel_mode"":""on"",""layer_kind"":""routed"",""operator_family_id"":""moe"",""operator_family_ids"":[""moe""],""profile_id"":""generic"",""selected_expert_parallel_size"":null,""selected_padded_ffn_width"":768,""selected_tensor_parallel_size"":1,""tensor_parallel_mode"":""moe_tp"",""tensor_parallel_sizes"":[1]}}",27546,0.375,1721.625,1721.625,1.0,0.024976403107529223,0.9709645714014068,1.978944311333769,3.109374190533609,0.4864635518768605,extremely_skewed,2,vllm_fused,CUDA_EVENT,BF16,generic,generic,none
0.013439999893307686,0.014879999682307243,0.013896000012755394,0.013807999901473522,0.00034507728110766146,20,0.02252800017595291,0.024512000381946564,0.023657600115984678,0.023840000852942467,0.0005933474865792898,20,0.04678399860858917,0.05183999985456467,0.04842240009456873,0.0481759998947382,0.0011248171655389844,20,0.26688000559806824,0.27830401062965393,0.27013280987739563,0.26947200298309326,0.002522490918636322,4144,128,16,8,standard_fused_topk,logit_topk,softmax_renorm,True,prefill_hot,ffn_like_prefix_20x,8,2048,768,True,1,"{""moe_gating_linear"":{""dimension_source"":""routed_mlp_hidden_dim"",""effective_ffn_width"":768,""expert_parallel_mode"":""on"",""layer_kind"":""routed"",""operator_family_id"":""moe"",""operator_family_ids"":[""moe""],""profile_id"":""generic"",""selected_expert_parallel_size"":null,""selected_padded_ffn_width"":768,""selected_tensor_parallel_size"":1,""tensor_parallel_mode"":""moe_tp"",""tensor_parallel_sizes"":[1]},""moe_gating_routing_topk"":{""dimension_source"":""routed_mlp_hidden_dim"",""effective_ffn_width"":768,""expert_parallel_mode"":""on"",""layer_kind"":""routed"",""operator_family_id"":""moe"",""operator_family_ids"":[""moe""],""profile_id"":""generic"",""selected_expert_parallel_size"":null,""selected_padded_ffn_width"":768,""selected_tensor_parallel_size"":1,""tensor_parallel_mode"":""moe_tp"",""tensor_parallel_sizes"":[1]},""moe_grouped_gemm"":{""dimension_source"":""routed_mlp_hidden_dim"",""effective_ffn_width"":768,""expert_parallel_mode"":""on"",""layer_kind"":""routed"",""operator_family_id"":""moe"",""operator_family_ids"":[""moe""],""profile_id"":""generic"",""selected_expert_parallel_size"":8,""selected_padded_ffn_width"":768,""selected_tensor_parallel_size"":1,""tensor_parallel_mode"":""moe_tp"",""tensor_parallel_sizes"":[1]},""moe_shuffling"":{""dimension_source"":""routed_mlp_hidden_dim"",""effective_ffn_width"":768,""expert_parallel_mode"":""on"",""layer_kind"":""routed"",""operator_family_id"":""moe"",""operator_family_ids"":[""moe""],""profile_id"":""generic"",""selected_expert_parallel_size"":null,""selected_padded_ffn_width"":768,""selected_tensor_parallel_size"":1,""tensor_parallel_mode"":""moe_tp"",""tensor_parallel_sizes"":[1]}}",1543,0.375,96.4375,96.4375,1.0,0.3318211276733636,0.3444800320760324,1.5346727154893065,3.905432442301122,0.19470998055735578,skewed,2,vllm_fused,CUDA_EVENT,BF16,generic,generic,none
0.013472000136971474,0.015039999969303608,0.01391839999705553,0.013824000023305416,0.0003633761438612595,20,0.022655999287962914,0.02502400055527687,0.02364159980788827,0.02355199959129095,0.0008167590979107977,20,0.04195199906826019,0.04831999912858009,0.04349759966135025,0.04323199950158596,0.0012974844973990198,20,1.002303957939148,1.0199040174484253,1.0110864639282227,1.013856053352356,0.00652112253010273,4112,128,16,8,standard_fused_topk,logit_topk,softmax_renorm,True,prefill_hot,ffn_like_prefix_20x,8,2048,768,True,1,"{""moe_gating_linear"":{""dimension_source"":""routed_mlp_hidden_dim"",""effective_ffn_width"":768,""expert_parallel_mode"":""on"",""layer_kind"":""routed"",""operator_family_id"":""moe"",""operator_family_ids"":[""moe""],""profile_id"":""generic"",""selected_expert_parallel_size"":null,""selected_padded_ffn_width"":768,""selected_tensor_parallel_size"":1,""tensor_parallel_mode"":""moe_tp"",""tensor_parallel_sizes"":[1]},""moe_gating_routing_topk"":{""dimension_source"":""routed_mlp_hidden_dim"",""effective_ffn_width"":768,""expert_parallel_mode"":""on"",""layer_kind"":""routed"",""operator_family_id"":""moe"",""operator_family_ids"":[""moe""],""profile_id"":""generic"",""selected_expert_parallel_size"":null,""selected_padded_ffn_width"":768,""selected_tensor_parallel_size"":1,""tensor_parallel_mode"":""moe_tp"",""tensor_parallel_sizes"":[1]},""moe_grouped_gemm"":{""dimension_source"":""routed_mlp_hidden_dim"",""effective_ffn_width"":768,""expert_parallel_mode"":""on"",""layer_kind"":""routed"",""operator_family_id"":""moe"",""operator_family_ids"":[""moe""],""profile_id"":""generic"",""selected_expert_parallel_size"":8,""selected_padded_ffn_width"":768,""selected_tensor_parallel_size"":1,""tensor_parallel_mode"":""moe_tp"",""tensor_parallel_sizes"":[1]},""moe_shuffling"":{""dimension_source"":""routed_mlp_hidden_dim"",""effective_ffn_width"":768,""expert_parallel_mode"":""on"",""layer_kind"":""routed"",""operator_family_id"":""moe"",""operator_family_ids"":[""moe""],""profile_id"":""generic"",""selected_expert_parallel_size"":null,""selected_padded_ffn_width"":768,""selected_tensor_parallel_size"":1,""tensor_parallel_mode"":""moe_tp"",""tensor_parallel_sizes"":[1]}}",27372,0.375,1710.75,1710.75,1.0,0.024550635686102586,0.971437570078459,1.9792488674557942,3.1079219469293955,0.4867063057138681,extremely_skewed,2,vllm_fused,CUDA_EVENT,BF16,generic,generic,none
0.013632000423967838,0.014560000039637089,0.014019199972972273,0.013952000066637993,0.00024051148533672377,20,0.022112000733613968,0.024447999894618988,0.02321919985115528,0.023280000314116478,0.0005465726378545653,20,0.0530879981815815,0.05859199911355972,0.054583999887108804,0.05427199974656105,0.0013201646416665035,20,0.33087998628616333,0.3561919927597046,0.33717119693756104,0.33641600608825684,0.005703606177121401,4176,128,16,8,standard_fused_topk,logit_topk,softmax_renorm,True,prefill_hot,ffn_like_prefix_20x,8,2048,768,True,1,"{""moe_gating_linear"":{""dimension_source"":""routed_mlp_hidden_dim"",""effective_ffn_width"":768,""expert_parallel_mode"":""on"",""layer_kind"":""routed"",""operator_family_id"":""moe"",""operator_family_ids"":[""moe""],""profile_id"":""generic"",""selected_expert_parallel_size"":null,""selected_padded_ffn_width"":768,""selected_tensor_parallel_size"":1,""tensor_parallel_mode"":""moe_tp"",""tensor_parallel_sizes"":[1]},""moe_gating_routing_topk"":{""dimension_source"":""routed_mlp_hidden_dim"",""effective_ffn_width"":768,""expert_parallel_mode"":""on"",""layer_kind"":""routed"",""operator_family_id"":""moe"",""operator_family_ids"":[""moe""],""profile_id"":""generic"",""selected_expert_parallel_size"":null,""selected_padded_ffn_width"":768,""selected_tensor_parallel_size"":1,""tensor_parallel_mode"":""moe_tp"",""tensor_parallel_sizes"":[1]},""moe_grouped_gemm"":{""dimension_source"":""routed_mlp_hidden_dim"",""effective_ffn_width"":768,""expert_parallel_mode"":""on"",""layer_kind"":""routed"",""operator_family_id"":""moe"",""operator_family_ids"":[""moe""],""profile_id"":""generic"",""selected_expert_parallel_size"":8,""selected_padded_ffn_width"":768,""selected_tensor_parallel_size"":1,""tensor_parallel_mode"":""moe_tp"",""tensor_parallel_sizes"":[1]},""moe_shuffling"":{""dimension_source"":""routed_mlp_hidden_dim"",""effective_ffn_width"":768,""expert_parallel_mode"":""on"",""layer_kind"":""routed"",""operator_family_id"":""moe"",""operator_family_ids"":[""moe""],""profile_id"":""generic"",""selected_expert_parallel_size"":null,""selected_padded_ffn_width"":768,""selected_tensor_parallel_size"":1,""tensor_parallel_mode"":""moe_tp"",""tensor_parallel_sizes"":[1]}}",4148,0.375,259.25,259.25,1.0,0.8833172613307618,0.05068876220231986,1.0800385728061717,3.9981312557958493,0.02820636451301839,uniform,1,vllm_fused,CUDA_EVENT,BF16,generic,generic,none
0.06099199876189232,0.13468800485134125,0.06766720041632653,0.06438400223851204,0.015500513037999332,20,0.11049599945545197,0.12588800489902496,0.11633920036256314,0.1148960031569004,0.0043508641803388075,20,0.07948800176382065,0.08972799777984619,0.08159039914608002,0.08087999746203423,0.0021349561055153837,20,0.22521600127220154,0.2690240144729614,0.24006560444831848,0.2337920069694519,0.012606156058609486,100,128,16,8,standard_fused_topk,logit_topk,softmax_renorm,True,prefill_hot,ffn_like_prefix_20x,8,2048,768,True,1,"{""moe_gating_linear"":{""dimension_source"":""routed_mlp_hidden_dim"",""effective_ffn_width"":768,""expert_parallel_mode"":""on"",""layer_kind"":""routed"",""operator_family_id"":""moe"",""operator_family_ids"":[""moe""],""profile_id"":""generic"",""selected_expert_parallel_size"":null,""selected_padded_ffn_width"":768,""selected_tensor_parallel_size"":1,""tensor_parallel_mode"":""moe_tp"",""tensor_parallel_sizes"":[1]},""moe_gating_routing_topk"":{""dimension_source"":""routed_mlp_hidden_dim"",""effective_ffn_width"":768,""expert_parallel_mode"":""on"",""layer_kind"":""routed"",""operator_family_id"":""moe"",""operator_family_ids"":[""moe""],""profile_id"":""generic"",""selected_expert_parallel_size"":null,""selected_padded_ffn_width"":768,""selected_tensor_parallel_size"":1,""tensor_parallel_mode"":""moe_tp"",""tensor_parallel_sizes"":[1]},""moe_grouped_gemm"":{""dimension_source"":""routed_mlp_hidden_dim"",""effective_ffn_width"":768,""expert_parallel_mode"":""on"",""layer_kind"":""routed"",""operator_family_id"":""moe"",""operator_family_ids"":[""moe""],""profile_id"":""generic"",""selected_expert_parallel_size"":8,""selected_padded_ffn_width"":768,""selected_tensor_parallel_size"":1,""tensor_parallel_mode"":""moe_tp"",""tensor_parallel_sizes"":[1]},""moe_shuffling"":{""dimension_source"":""routed_mlp_hidden_dim"",""effective_ffn_width"":768,""expert_parallel_mode"":""on"",""layer_kind"":""routed"",""operator_family_id"":""moe"",""operator_family_ids"":[""moe""],""profile_id"":""generic"",""selected_expert_parallel_size"":null,""selected_padded_ffn_width"":768,""selected_tensor_parallel_size"":1,""tensor_parallel_mode"":""moe_tp"",""tensor_parallel_sizes"":[1]}}",659,0.375,41.1875,41.1875,0.875,0.0,0.960956122247469,1.9908952959028832,3.1281951388099523,0.48795523520485595,extremely_skewed,0,vllm_fused,CUDA_EVENT,BF16,generic,generic,none
0.013439999893307686,0.015104000456631184,0.014046399993821979,0.013919999822974205,0.00042902385936025955,20,0.022175999358296394,0.024480000138282776,0.023396800085902215,0.023552000522613525,0.0006642816250360968,20,0.04419200122356415,0.05507199838757515,0.04643200021237135,0.04553600028157234,0.002469168312092498,20,0.9801599979400635,0.9977279901504517,0.9870719909667969,0.9840959906578064,0.0057414923794567585,4096,128,16,8,standard_fused_topk,logit_topk,softmax_renorm,True,prefill_hot,ffn_like_prefix_20x,8,2048,768,True,1,"{""moe_gating_linear"":{""dimension_source"":""routed_mlp_hidden_dim"",""effective_ffn_width"":768,""expert_parallel_mode"":""on"",""layer_kind"":""routed"",""operator_family_id"":""moe"",""operator_family_ids"":[""moe""],""profile_id"":""generic"",""selected_expert_parallel_size"":null,""selected_padded_ffn_width"":768,""selected_tensor_parallel_size"":1,""tensor_parallel_mode"":""moe_tp"",""tensor_parallel_sizes"":[1]},""moe_gating_routing_topk"":{""dimension_source"":""routed_mlp_hidden_dim"",""effective_ffn_width"":768,""expert_parallel_mode"":""on"",""layer_kind"":""routed"",""operator_family_id"":""moe"",""operator_family_ids"":[""moe""],""profile_id"":""generic"",""selected_expert_parallel_size"":null,""selected_padded_ffn_width"":768,""selected_tensor_parallel_size"":1,""tensor_parallel_mode"":""moe_tp"",""tensor_parallel_sizes"":[1]},""moe_grouped_gemm"":{""dimension_source"":""routed_mlp_hidden_dim"",""effective_ffn_width"":768,""expert_parallel_mode"":""on"",""layer_kind"":""routed"",""operator_family_id"":""moe"",""operator_family_ids"":[""moe""],""profile_id"":""generic"",""selected_expert_parallel_size"":8,""selected_padded_ffn_width"":768,""selected_tensor_parallel_size"":1,""tensor_parallel_mode"":""moe_tp"",""tensor_parallel_sizes"":[1]},""moe_shuffling"":{""dimension_source"":""routed_mlp_hidden_dim"",""effective_ffn_width"":768,""expert_parallel_mode"":""on"",""layer_kind"":""routed"",""operator_family_id"":""moe"",""operator_family_ids"":[""moe""],""profile_id"":""generic"",""selected_expert_parallel_size"":null,""selected_padded_ffn_width"":768,""selected_tensor_parallel_size"":1,""tensor_parallel_mode"":""moe_tp"",""tensor_parallel_sizes"":[1]}}",26729,0.375,1670.5625,1670.5625,1.0,0.023345430057241198,0.9712039699016606,1.9801713494706124,3.1084902901059808,0.48689859328818885,extremely_skewed,0,vllm_fused,CUDA_EVENT,BF16,generic,generic,none
0.013919999822974205,0.015296000055968761,0.014284799946472049,0.01414399966597557,0.0003914478763600656,20,0.022816000506281853,0.06579200178384781,0.028553600423038006,0.02377600036561489,0.011872151551195422,20,0.07740800082683563,0.09443199634552002,0.08279359973967075,0.08238400146365166,0.0031389219616204866,20,1.032096028327942,1.1183680295944214,1.0674415826797485,1.0735679864883423,0.023445095866918564,4176,128,16,8,standard_fused_topk,logit_topk,softmax_renorm,True,prefill_hot,ffn_like_prefix_20x,8,2048,768,True,1,"{""moe_gating_linear"":{""dimension_source"":""routed_mlp_hidden_dim"",""effective_ffn_width"":768,""expert_parallel_mode"":""on"",""layer_kind"":""routed"",""operator_family_id"":""moe"",""operator_family_ids"":[""moe""],""profile_id"":""generic"",""selected_expert_parallel_size"":null,""selected_padded_ffn_width"":768,""selected_tensor_parallel_size"":1,""tensor_parallel_mode"":""moe_tp"",""tensor_parallel_sizes"":[1]},""moe_gating_routing_topk"":{""dimension_source"":""routed_mlp_hidden_dim"",""effective_ffn_width"":768,""expert_parallel_mode"":""on"",""layer_kind"":""routed"",""operator_family_id"":""moe"",""operator_family_ids"":[""moe""],""profile_id"":""generic"",""selected_expert_parallel_size"":null,""selected_padded_ffn_width"":768,""selected_tensor_parallel_size"":1,""tensor_parallel_mode"":""moe_tp"",""tensor_parallel_sizes"":[1]},""moe_grouped_gemm"":{""dimension_source"":""routed_mlp_hidden_dim"",""effective_ffn_width"":768,""expert_parallel_mode"":""on"",""layer_kind"":""routed"",""operator_family_id"":""moe"",""operator_family_ids"":[""moe""],""profile_id"":""generic"",""selected_expert_parallel_size"":8,""selected_padded_ffn_width"":768,""selected_tensor_parallel_size"":1,""tensor_parallel_mode"":""moe_tp"",""tensor_parallel_sizes"":[1]},""moe_shuffling"":{""dimension_source"":""routed_mlp_hidden_dim"",""effective_ffn_width"":768,""expert_parallel_mode"":""on"",""layer_kind"":""routed"",""operator_family_id"":""moe"",""operator_family_ids"":[""moe""],""profile_id"":""generic"",""selected_expert_parallel_size"":null,""selected_padded_ffn_width"":768,""selected_tensor_parallel_size"":1,""tensor_parallel_mode"":""moe_tp"",""tensor_parallel_sizes"":[1]}}",27747,0.375,1734.1875,1734.1875,1.0,0.024795473384510037,0.9709584484182967,1.9784481205175335,3.109381492917355,0.48645574296320326,extremely_skewed,2,vllm_fused,CUDA_EVENT,BF16,generic,generic,none
0.035551998764276505,0.20611199736595154,0.07046080008149147,0.06912000104784966,0.03765133748753927,20,0.06745599955320358,0.20022399723529816,0.11395840011537076,0.12518399953842163,0.032991587092027555,20,0.08316799998283386,0.10787200182676315,0.09075840003788471,0.08936000242829323,0.0052754852285169344,20,0.266975998878479,0.3099839985370636,0.2798368036746979,0.2754879891872406,0.01151216309517622,128,128,16,8,standard_fused_topk,logit_topk,softmax_renorm,True,prefill_hot,ffn_like_prefix_20x,8,2048,768,True,1,"{""moe_gating_linear"":{""dimension_source"":""routed_mlp_hidden_dim"",""effective_ffn_width"":768,""expert_parallel_mode"":""on"",""layer_kind"":""routed"",""operator_family_id"":""moe"",""operator_family_ids"":[""moe""],""profile_id"":""generic"",""selected_expert_parallel_size"":null,""selected_padded_ffn_width"":768,""selected_tensor_parallel_size"":1,""tensor_parallel_mode"":""moe_tp"",""tensor_parallel_sizes"":[1]},""moe_gating_routing_topk"":{""dimension_source"":""routed_mlp_hidden_dim"",""effective_ffn_width"":768,""expert_parallel_mode"":""on"",""layer_kind"":""routed"",""operator_family_id"":""moe"",""operator_family_ids"":[""moe""],""profile_id"":""generic"",""selected_expert_parallel_size"":null,""selected_padded_ffn_width"":768,""selected_tensor_parallel_size"":1,""tensor_parallel_mode"":""moe_tp"",""tensor_parallel_sizes"":[1]},""moe_grouped_gemm"":{""dimension_source"":""routed_mlp_hidden_dim"",""effective_ffn_width"":768,""expert_parallel_mode"":""on"",""layer_kind"":""routed"",""operator_family_id"":""moe"",""operator_family_ids"":[""moe""],""profile_id"":""generic"",""selected_expert_parallel_size"":8,""selected_padded_ffn_width"":768,""selected_tensor_parallel_size"":1,""tensor_parallel_mode"":""moe_tp"",""tensor_parallel_sizes"":[1]},""moe_shuffling"":{""dimension_source"":""routed_mlp_hidden_dim"",""effective_ffn_width"":768,""expert_parallel_mode"":""on"",""layer_kind"":""routed"",""operator_family_id"":""moe"",""operator_family_ids"":[""moe""],""profile_id"":""generic"",""selected_expert_parallel_size"":null,""selected_padded_ffn_width"":768,""selected_tensor_parallel_size"":1,""tensor_parallel_mode"":""moe_tp"",""tensor_parallel_sizes"":[1]}}",119,0.375,7.4375,7.4375,1.0,0.2689075630252101,0.3742091441716356,1.7478991596638656,3.8937605645626885,0.2095588235294117,uniform,0,vllm_fused,CUDA_EVENT,BF16,generic,generic,none
0.013344000093638897,0.014399999752640724,0.013799999887123705,0.013775999657809734,0.0002617112272469628,20,0.0225600004196167,0.02454400062561035,0.023808000050485133,0.02407999988645315,0.0005884866648141997,20,0.048287998884916306,0.06598400324583054,0.056331200152635576,0.0562720000743866,0.0031848813109994125,20,0.27692800760269165,0.2858879864215851,0.28045278787612915,0.28016000986099243,0.0023808509577065706,4128,128,16,8,standard_fused_topk,logit_topk,softmax_renorm,True,prefill_hot,ffn_like_prefix_20x,8,2048,768,True,1,"{""moe_gating_linear"":{""dimension_source"":""routed_mlp_hidden_dim"",""effective_ffn_width"":768,""expert_parallel_mode"":""on"",""layer_kind"":""routed"",""operator_family_id"":""moe"",""operator_family_ids"":[""moe""],""profile_id"":""generic"",""selected_expert_parallel_size"":null,""selected_padded_ffn_width"":768,""selected_tensor_parallel_size"":1,""tensor_parallel_mode"":""moe_tp"",""tensor_parallel_sizes"":[1]},""moe_gating_routing_topk"":{""dimension_source"":""routed_mlp_hidden_dim"",""effective_ffn_width"":768,""expert_parallel_mode"":""on"",""layer_kind"":""routed"",""operator_family_id"":""moe"",""operator_family_ids"":[""moe""],""profile_id"":""generic"",""selected_expert_parallel_size"":null,""selected_padded_ffn_width"":768,""selected_tensor_parallel_size"":1,""tensor_parallel_mode"":""moe_tp"",""tensor_parallel_sizes"":[1]},""moe_grouped_gemm"":{""dimension_source"":""routed_mlp_hidden_dim"",""effective_ffn_width"":768,""expert_parallel_mode"":""on"",""layer_kind"":""routed"",""operator_family_id"":""moe"",""operator_family_ids"":[""moe""],""profile_id"":""generic"",""selected_expert_parallel_size"":8,""selected_padded_ffn_width"":768,""selected_tensor_parallel_size"":1,""tensor_parallel_mode"":""moe_tp"",""tensor_parallel_sizes"":[1]},""moe_shuffling"":{""dimension_source"":""routed_mlp_hidden_dim"",""effective_ffn_width"":768,""expert_parallel_mode"":""on"",""layer_kind"":""routed"",""operator_family_id"":""moe"",""operator_family_ids"":[""moe""],""profile_id"":""generic"",""selected_expert_parallel_size"":null,""selected_padded_ffn_width"":768,""selected_tensor_parallel_size"":1,""tensor_parallel_mode"":""moe_tp"",""tensor_parallel_sizes"":[1]}}",1519,0.375,94.9375,94.9375,1.0,0.337063857801185,0.35224354232239924,1.4746543778801844,3.901007279320992,0.19852699144173802,skewed,1,vllm_fused,CUDA_EVENT,BF16,generic,generic,none
0.013279999606311321,0.014911999925971031,0.013900799909606576,0.013855999801307917,0.00036631269274220457,20,0.02191999927163124,0.027135999873280525,0.023496000189334156,0.02353600040078163,0.0010950303215925899,20,0.05331199988722801,0.0594559982419014,0.05469920001924038,0.05430399999022484,0.0014224086606753627,20,0.32204800844192505,0.3429119884967804,0.3266528248786926,0.3248960077762604,0.005395601037889719,4160,128,16,8,standard_fused_topk,logit_topk,softmax_renorm,True,prefill_hot,ffn_like_prefix_20x,8,2048,768,True,1,"{""moe_gating_linear"":{""dimension_source"":""routed_mlp_hidden_dim"",""effective_ffn_width"":768,""expert_parallel_mode"":""on"",""layer_kind"":""routed"",""operator_family_id"":""moe"",""operator_family_ids"":[""moe""],""profile_id"":""generic"",""selected_expert_parallel_size"":null,""selected_padded_ffn_width"":768,""selected_tensor_parallel_size"":1,""tensor_parallel_mode"":""moe_tp"",""tensor_parallel_sizes"":[1]},""moe_gating_routing_topk"":{""dimension_source"":""routed_mlp_hidden_dim"",""effective_ffn_width"":768,""expert_parallel_mode"":""on"",""layer_kind"":""routed"",""operator_family_id"":""moe"",""operator_family_ids"":[""moe""],""profile_id"":""generic"",""selected_expert_parallel_size"":null,""selected_padded_ffn_width"":768,""selected_tensor_parallel_size"":1,""tensor_parallel_mode"":""moe_tp"",""tensor_parallel_sizes"":[1]},""moe_grouped_gemm"":{""dimension_source"":""routed_mlp_hidden_dim"",""effective_ffn_width"":768,""expert_parallel_mode"":""on"",""layer_kind"":""routed"",""operator_family_id"":""moe"",""operator_family_ids"":[""moe""],""profile_id"":""generic"",""selected_expert_parallel_size"":8,""selected_padded_ffn_width"":768,""selected_tensor_parallel_size"":1,""tensor_parallel_mode"":""moe_tp"",""tensor_parallel_sizes"":[1]},""moe_shuffling"":{""dimension_source"":""routed_mlp_hidden_dim"",""effective_ffn_width"":768,""expert_parallel_mode"":""on"",""layer_kind"":""routed"",""operator_family_id"":""moe"",""operator_family_ids"":[""moe""],""profile_id"":""generic"",""selected_expert_parallel_size"":null,""selected_padded_ffn_width"":768,""selected_tensor_parallel_size"":1,""tensor_parallel_mode"":""moe_tp"",""tensor_parallel_sizes"":[1]}}",4144,0.375,259.0,259.0,1.0,0.8725868725868726,0.0666093108072823,1.0926640926640927,3.9967535910802665,0.03728281853281845,uniform,0,vllm_fused,CUDA_EVENT,BF16,generic,generic,none
0.013376000337302685,0.014303999952971935,0.013777599995955825,0.013743999879807234,0.0002785057244259187,20,0.022112000733613968,0.024159999564290047,0.023241600301116706,0.023344000801444054,0.0006256061003660916,20,0.05260799825191498,0.06191999837756157,0.05456959996372461,0.053968001157045364,0.0021278938126362973,20,0.9891840219497681,1.0063680410385132,0.9995023608207703,1.0006719827651978,0.005296264309436083,4096,128,16,8,standard_fused_topk,logit_topk,softmax_renorm,True,prefill_hot,ffn_like_prefix_20x,8,2048,768,True,1,"{""moe_gating_linear"":{""dimension_source"":""routed_mlp_hidden_dim"",""effective_ffn_width"":768,""expert_parallel_mode"":""on"",""layer_kind"":""routed"",""operator_family_id"":""moe"",""operator_family_ids"":[""moe""],""profile_id"":""generic"",""selected_expert_parallel_size"":null,""selected_padded_ffn_width"":768,""selected_tensor_parallel_size"":1,""tensor_parallel_mode"":""moe_tp"",""tensor_parallel_sizes"":[1]},""moe_gating_routing_topk"":{""dimension_source"":""routed_mlp_hidden_dim"",""effective_ffn_width"":768,""expert_parallel_mode"":""on"",""layer_kind"":""routed"",""operator_family_id"":""moe"",""operator_family_ids"":[""moe""],""profile_id"":""generic"",""selected_expert_parallel_size"":null,""selected_padded_ffn_width"":768,""selected_tensor_parallel_size"":1,""tensor_parallel_mode"":""moe_tp"",""tensor_parallel_sizes"":[1]},""moe_grouped_gemm"":{""dimension_source"":""routed_mlp_hidden_dim"",""effective_ffn_width"":768,""expert_parallel_mode"":""on"",""layer_kind"":""routed"",""operator_family_id"":""moe"",""operator_family_ids"":[""moe""],""profile_id"":""generic"",""selected_expert_parallel_size"":8,""selected_padded_ffn_width"":768,""selected_tensor_parallel_size"":1,""tensor_parallel_mode"":""moe_tp"",""tensor_parallel_sizes"":[1]},""moe_shuffling"":{""dimension_source"":""routed_mlp_hidden_dim"",""effective_ffn_width"":768,""expert_parallel_mode"":""on"",""layer_kind"":""routed"",""operator_family_id"":""moe"",""operator_family_ids"":[""moe""],""profile_id"":""generic"",""selected_expert_parallel_size"":null,""selected_padded_ffn_width"":768,""selected_tensor_parallel_size"":1,""tensor_parallel_mode"":""moe_tp"",""tensor_parallel_sizes"":[1]}}",27015,0.375,1688.4375,1688.4375,1.0,0.02546733296316861,0.9669152648177407,1.9757912270960578,3.1214187831113964,0.48448315750508986,extremely_skewed,1,vllm_fused,CUDA_EVENT,BF16,generic,generic,none
0.013504000380635262,0.015104000456631184,0.014233599975705146,0.014175999909639359,0.00040459441010905726,20,0.022655999287962914,0.0873280018568039,0.0422559997998178,0.025248000398278236,0.02201247509080013,20,0.0541439987719059,0.061792001128196716,0.05591839998960495,0.05536000058054924,0.001827602916601392,20,1.00655996799469,1.0255999565124512,1.016099214553833,1.0186560153961182,0.006883115507662296,4128,128,16,8,standard_fused_topk,logit_topk,softmax_renorm,True,prefill_hot,ffn_like_prefix_20x,8,2048,768,True,1,"{""moe_gating_linear"":{""dimension_source"":""routed_mlp_hidden_dim"",""effective_ffn_width"":768,""expert_parallel_mode"":""on"",""layer_kind"":""routed"",""operator_family_id"":""moe"",""operator_family_ids"":[""moe""],""profile_id"":""generic"",""selected_expert_parallel_size"":null,""selected_padded_ffn_width"":768,""selected_tensor_parallel_size"":1,""tensor_parallel_mode"":""moe_tp"",""tensor_parallel_sizes"":[1]},""moe_gating_routing_topk"":{""dimension_source"":""routed_mlp_hidden_dim"",""effective_ffn_width"":768,""expert_parallel_mode"":""on"",""layer_kind"":""routed"",""operator_family_id"":""moe"",""operator_family_ids"":[""moe""],""profile_id"":""generic"",""selected_expert_parallel_size"":null,""selected_padded_ffn_width"":768,""selected_tensor_parallel_size"":1,""tensor_parallel_mode"":""moe_tp"",""tensor_parallel_sizes"":[1]},""moe_grouped_gemm"":{""dimension_source"":""routed_mlp_hidden_dim"",""effective_ffn_width"":768,""expert_parallel_mode"":""on"",""layer_kind"":""routed"",""operator_family_id"":""moe"",""operator_family_ids"":[""moe""],""profile_id"":""generic"",""selected_expert_parallel_size"":8,""selected_padded_ffn_width"":768,""selected_tensor_parallel_size"":1,""tensor_parallel_mode"":""moe_tp"",""tensor_parallel_sizes"":[1]},""moe_shuffling"":{""dimension_source"":""routed_mlp_hidden_dim"",""effective_ffn_width"":768,""expert_parallel_mode"":""on"",""layer_kind"":""routed"",""operator_family_id"":""moe"",""operator_family_ids"":[""moe""],""profile_id"":""generic"",""selected_expert_parallel_size"":null,""selected_padded_ffn_width"":768,""selected_tensor_parallel_size"":1,""tensor_parallel_mode"":""moe_tp"",""tensor_parallel_sizes"":[1]}}",27231,0.375,1701.9375,1701.9375,1.0,0.025852888252359443,0.966810395726024,1.9759832543792002,3.121740709325011,0.4844088538797693,extremely_skewed,1,vllm_fused,CUDA_EVENT,BF16,generic,generic,none
0.03110400028526783,0.0942080020904541,0.03761440021917224,0.03579200059175491,0.013149724725187318,20,0.0551999993622303,0.06995200365781784,0.06229440048336983,0.06313599832355976,0.005093784009448782,20,0.040991999208927155,0.04851200059056282,0.04290399998426438,0.042608000338077545,0.0017066497174087233,20,0.14454400539398193,0.15564799308776855,0.14842718839645386,0.1475519984960556,0.0027118981815874577,128,128,16,8,standard_fused_topk,logit_topk,softmax_renorm,True,prefill_hot,ffn_like_prefix_20x,8,2048,768,True,1,"{""moe_gating_linear"":{""dimension_source"":""routed_mlp_hidden_dim"",""effective_ffn_width"":768,""expert_parallel_mode"":""on"",""layer_kind"":""routed"",""operator_family_id"":""moe"",""operator_family_ids"":[""moe""],""profile_id"":""generic"",""selected_expert_parallel_size"":null,""selected_padded_ffn_width"":768,""selected_tensor_parallel_size"":1,""tensor_parallel_mode"":""moe_tp"",""tensor_parallel_sizes"":[1]},""moe_gating_routing_topk"":{""dimension_source"":""routed_mlp_hidden_dim"",""effective_ffn_width"":768,""expert_parallel_mode"":""on"",""layer_kind"":""routed"",""operator_family_id"":""moe"",""operator_family_ids"":[""moe""],""profile_id"":""generic"",""selected_expert_parallel_size"":null,""selected_padded_ffn_width"":768,""selected_tensor_parallel_size"":1,""tensor_parallel_mode"":""moe_tp"",""tensor_parallel_sizes"":[1]},""moe_grouped_gemm"":{""dimension_source"":""routed_mlp_hidden_dim"",""effective_ffn_width"":768,""expert_parallel_mode"":""on"",""layer_kind"":""routed"",""operator_family_id"":""moe"",""operator_family_ids"":[""moe""],""profile_id"":""generic"",""selected_expert_parallel_size"":8,""selected_padded_ffn_width"":768,""selected_tensor_parallel_size"":1,""tensor_parallel_mode"":""moe_tp"",""tensor_parallel_sizes"":[1]},""moe_shuffling"":{""dimension_source"":""routed_mlp_hidden_dim"",""effective_ffn_width"":768,""expert_parallel_mode"":""on"",""layer_kind"":""routed"",""operator_family_id"":""moe"",""operator_family_ids"":[""moe""],""profile_id"":""generic"",""selected_expert_parallel_size"":null,""selected_padded_ffn_width"":768,""selected_tensor_parallel_size"":1,""tensor_parallel_mode"":""moe_tp"",""tensor_parallel_sizes"":[1]}}",52,0.375,3.25,3.25,0.9375,0.0,0.5908573652206621,1.8461538461538463,3.700184555346242,0.33653846153846145,skewed,2,vllm_fused,CUDA_EVENT,BF16,generic,generic,none
0.032287999987602234,0.10857599973678589,0.04018080029636621,0.03720000013709068,0.01588637167482276,20,0.058880001306533813,0.07785599678754807,0.06780319921672344,0.06943999975919724,0.005361181748666028,20,0.04464000090956688,0.0560000017285347,0.047499199956655504,0.04665599949657917,0.0028947409413483107,20,0.15503999590873718,0.17552000284194946,0.15952961146831512,0.15798400342464447,0.004876771010458469,128,128,16,8,standard_fused_topk,logit_topk,softmax_renorm,True,prefill_hot,ffn_like_prefix_20x,8,2048,768,True,1,"{""moe_gating_linear"":{""dimension_source"":""routed_mlp_hidden_dim"",""effective_ffn_width"":768,""expert_parallel_mode"":""on"",""layer_kind"":""routed"",""operator_family_id"":""moe"",""operator_family_ids"":[""moe""],""profile_id"":""generic"",""selected_expert_parallel_size"":null,""selected_padded_ffn_width"":768,""selected_tensor_parallel_size"":1,""tensor_parallel_mode"":""moe_tp"",""tensor_parallel_sizes"":[1]},""moe_gating_routing_topk"":{""dimension_source"":""routed_mlp_hidden_dim"",""effective_ffn_width"":768,""expert_parallel_mode"":""on"",""layer_kind"":""routed"",""operator_family_id"":""moe"",""operator_family_ids"":[""moe""],""profile_id"":""generic"",""selected_expert_parallel_size"":null,""selected_padded_ffn_width"":768,""selected_tensor_parallel_size"":1,""tensor_parallel_mode"":""moe_tp"",""tensor_parallel_sizes"":[1]},""moe_grouped_gemm"":{""dimension_source"":""routed_mlp_hidden_dim"",""effective_ffn_width"":768,""expert_parallel_mode"":""on"",""layer_kind"":""routed"",""operator_family_id"":""moe"",""operator_family_ids"":[""moe""],""profile_id"":""generic"",""selected_expert_parallel_size"":8,""selected_padded_ffn_width"":768,""selected_tensor_parallel_size"":1,""tensor_parallel_mode"":""moe_tp"",""tensor_parallel_sizes"":[1]},""moe_shuffling"":{""dimension_source"":""routed_mlp_hidden_dim"",""effective_ffn_width"":768,""expert_parallel_mode"":""on"",""layer_kind"":""routed"",""operator_family_id"":""moe"",""operator_family_ids"":[""moe""],""profile_id"":""generic"",""selected_expert_parallel_size"":null,""selected_padded_ffn_width"":768,""selected_tensor_parallel_size"":1,""tensor_parallel_mode"":""moe_tp"",""tensor_parallel_sizes"":[1]}}",849,0.375,53.0625,53.0625,0.875,0.0,0.9812546875540977,1.9976442873969376,3.0721914103501584,0.494331566548881,extremely_skewed,2,vllm_fused,CUDA_EVENT,BF16,generic,generic,none
0.050783999264240265,0.24672000110149384,0.07259040046483278,0.0639680027961731,0.04017722610535734,20,0.1042879968881607,0.15084800124168396,0.11740000024437905,0.11593599990010262,0.010440517317937794,20,0.07779199630022049,0.0923520028591156,0.08169919960200786,0.08017599955201149,0.0037193849671493967,20,0.2210880070924759,0.2898559868335724,0.26782721281051636,0.2698880136013031,0.014341014437377453,96,128,16,8,standard_fused_topk,logit_topk,softmax_renorm,True,prefill_hot,ffn_like_prefix_20x,8,2048,768,True,1,"{""moe_gating_linear"":{""dimension_source"":""routed_mlp_hidden_dim"",""effective_ffn_width"":768,""expert_parallel_mode"":""on"",""layer_kind"":""routed"",""operator_family_id"":""moe"",""operator_family_ids"":[""moe""],""profile_id"":""generic"",""selected_expert_parallel_size"":null,""selected_padded_ffn_width"":768,""selected_tensor_parallel_size"":1,""tensor_parallel_mode"":""moe_tp"",""tensor_parallel_sizes"":[1]},""moe_gating_routing_topk"":{""dimension_source"":""routed_mlp_hidden_dim"",""effective_ffn_width"":768,""expert_parallel_mode"":""on"",""layer_kind"":""routed"",""operator_family_id"":""moe"",""operator_family_ids"":[""moe""],""profile_id"":""generic"",""selected_expert_parallel_size"":null,""selected_padded_ffn_width"":768,""selected_tensor_parallel_size"":1,""tensor_parallel_mode"":""moe_tp"",""tensor_parallel_sizes"":[1]},""moe_grouped_gemm"":{""dimension_source"":""routed_mlp_hidden_dim"",""effective_ffn_width"":768,""expert_parallel_mode"":""on"",""layer_kind"":""routed"",""operator_family_id"":""moe"",""operator_family_ids"":[""moe""],""profile_id"":""generic"",""selected_expert_parallel_size"":8,""selected_padded_ffn_width"":768,""selected_tensor_parallel_size"":1,""tensor_parallel_mode"":""moe_tp"",""tensor_parallel_sizes"":[1]},""moe_shuffling"":{""dimension_source"":""routed_mlp_hidden_dim"",""effective_ffn_width"":768,""expert_parallel_mode"":""on"",""layer_kind"":""routed"",""operator_family_id"":""moe"",""operator_family_ids"":[""moe""],""profile_id"":""generic"",""selected_expert_parallel_size"":null,""selected_padded_ffn_width"":768,""selected_tensor_parallel_size"":1,""tensor_parallel_mode"":""moe_tp"",""tensor_parallel_sizes"":[1]}}",34,0.375,2.125,2.125,0.9375,0.0,0.5969936214760129,2.3529411764705883,3.71601606239314,0.3272058823529411,skewed,2,vllm_fused,CUDA_EVENT,BF16,generic,generic,none
0.013504000380635262,0.01484800036996603,0.014068799978122114,0.01408000010997057,0.00034290427327678764,20,0.022784000262618065,0.02425600029528141,0.023747200146317482,0.023984000086784363,0.0004961443985961199,20,0.055904000997543335,0.07683199644088745,0.05873439963907003,0.05748800002038479,0.004479753147651777,20,0.2651839852333069,0.28435200452804565,0.27201759815216064,0.2680000066757202,0.007306863088160753,4112,128,16,8,standard_fused_topk,logit_topk,softmax_renorm,True,prefill_hot,ffn_like_prefix_20x,8,2048,768,True,1,"{""moe_gating_linear"":{""dimension_source"":""routed_mlp_hidden_dim"",""effective_ffn_width"":768,""expert_parallel_mode"":""on"",""layer_kind"":""routed"",""operator_family_id"":""moe"",""operator_family_ids"":[""moe""],""profile_id"":""generic"",""selected_expert_parallel_size"":null,""selected_padded_ffn_width"":768,""selected_tensor_parallel_size"":1,""tensor_parallel_mode"":""moe_tp"",""tensor_parallel_sizes"":[1]},""moe_gating_routing_topk"":{""dimension_source"":""routed_mlp_hidden_dim"",""effective_ffn_width"":768,""expert_parallel_mode"":""on"",""layer_kind"":""routed"",""operator_family_id"":""moe"",""operator_family_ids"":[""moe""],""profile_id"":""generic"",""selected_expert_parallel_size"":null,""selected_padded_ffn_width"":768,""selected_tensor_parallel_size"":1,""tensor_parallel_mode"":""moe_tp"",""tensor_parallel_sizes"":[1]},""moe_grouped_gemm"":{""dimension_source"":""routed_mlp_hidden_dim"",""effective_ffn_width"":768,""expert_parallel_mode"":""on"",""layer_kind"":""routed"",""operator_family_id"":""moe"",""operator_family_ids"":[""moe""],""profile_id"":""generic"",""selected_expert_parallel_size"":8,""selected_padded_ffn_width"":768,""selected_tensor_parallel_size"":1,""tensor_parallel_mode"":""moe_tp"",""tensor_parallel_sizes"":[1]},""moe_shuffling"":{""dimension_source"":""routed_mlp_hidden_dim"",""effective_ffn_width"":768,""expert_parallel_mode"":""on"",""layer_kind"":""routed"",""operator_family_id"":""moe"",""operator_family_ids"":[""moe""],""profile_id"":""generic"",""selected_expert_parallel_size"":null,""selected_padded_ffn_width"":768,""selected_tensor_parallel_size"":1,""tensor_parallel_mode"":""moe_tp"",""tensor_parallel_sizes"":[1]}}",1510,0.375,94.375,94.375,1.0,0.3390728476821192,0.317303559789149,1.5152317880794701,3.919332813351322,0.17781456953642394,skewed,0,vllm_fused,CUDA_EVENT,BF16,generic,generic,none
0.0297279991209507,0.0788159966468811,0.035409599915146826,0.03198400139808655,0.010440969441473455,20,0.05276799947023392,0.0764160007238388,0.060315200313925746,0.0563999991863966,0.007003749099671916,20,0.04287999868392944,0.05446400120854378,0.05013120025396347,0.0528159998357296,0.004495805505263277,20,0.15187199413776398,0.20307199656963348,0.17588640749454498,0.1823360025882721,0.015473010018467903,128,128,16,8,standard_fused_topk,logit_topk,softmax_renorm,True,prefill_hot,ffn_like_prefix_20x,8,2048,768,True,1,"{""moe_gating_linear"":{""dimension_source"":""routed_mlp_hidden_dim"",""effective_ffn_width"":768,""expert_parallel_mode"":""on"",""layer_kind"":""routed"",""operator_family_id"":""moe"",""operator_family_ids"":[""moe""],""profile_id"":""generic"",""selected_expert_parallel_size"":null,""selected_padded_ffn_width"":768,""selected_tensor_parallel_size"":1,""tensor_parallel_mode"":""moe_tp"",""tensor_parallel_sizes"":[1]},""moe_gating_routing_topk"":{""dimension_source"":""routed_mlp_hidden_dim"",""effective_ffn_width"":768,""expert_parallel_mode"":""on"",""layer_kind"":""routed"",""operator_family_id"":""moe"",""operator_family_ids"":[""moe""],""profile_id"":""generic"",""selected_expert_parallel_size"":null,""selected_padded_ffn_width"":768,""selected_tensor_parallel_size"":1,""tensor_parallel_mode"":""moe_tp"",""tensor_parallel_sizes"":[1]},""moe_grouped_gemm"":{""dimension_source"":""routed_mlp_hidden_dim"",""effective_ffn_width"":768,""expert_parallel_mode"":""on"",""layer_kind"":""routed"",""operator_family_id"":""moe"",""operator_family_ids"":[""moe""],""profile_id"":""generic"",""selected_expert_parallel_size"":8,""selected_padded_ffn_width"":768,""selected_tensor_parallel_size"":1,""tensor_parallel_mode"":""moe_tp"",""tensor_parallel_sizes"":[1]},""moe_shuffling"":{""dimension_source"":""routed_mlp_hidden_dim"",""effective_ffn_width"":768,""expert_parallel_mode"":""on"",""layer_kind"":""routed"",""operator_family_id"":""moe"",""operator_family_ids"":[""moe""],""profile_id"":""generic"",""selected_expert_parallel_size"":null,""selected_padded_ffn_width"":768,""selected_tensor_parallel_size"":1,""tensor_parallel_mode"":""moe_tp"",""tensor_parallel_sizes"":[1]}}",855,0.375,53.4375,53.4375,0.875,0.0,0.9652170349855937,2.00233918128655,3.1172079775573236,0.48896198830409365,extremely_skewed,0,vllm_fused,CUDA_EVENT,BF16,generic,generic,none
0.013663999736309052,0.015263999812304974,0.014238400058820844,0.014096000231802464,0.00040101951349215365,20,0.02284800074994564,0.03641600161790848,0.025684799812734128,0.024015999399125576,0.004113404042451838,20,0.07231999933719635,0.08886399865150452,0.08029280006885528,0.08003199845552444,0.003848554132426914,20,1.044800043106079,1.0941120386123657,1.0648927688598633,1.0673600435256958,0.013405004516243935,4160,128,16,8,standard_fused_topk,logit_topk,softmax_renorm,True,prefill_hot,ffn_like_prefix_20x,8,2048,768,True,1,"{""moe_gating_linear"":{""dimension_source"":""routed_mlp_hidden_dim"",""effective_ffn_width"":768,""expert_parallel_mode"":""on"",""layer_kind"":""routed"",""operator_family_id"":""moe"",""operator_family_ids"":[""moe""],""profile_id"":""generic"",""selected_expert_parallel_size"":null,""selected_padded_ffn_width"":768,""selected_tensor_parallel_size"":1,""tensor_parallel_mode"":""moe_tp"",""tensor_parallel_sizes"":[1]},""moe_gating_routing_topk"":{""dimension_source"":""routed_mlp_hidden_dim"",""effective_ffn_width"":768,""expert_parallel_mode"":""on"",""layer_kind"":""routed"",""operator_family_id"":""moe"",""operator_family_ids"":[""moe""],""profile_id"":""generic"",""selected_expert_parallel_size"":null,""selected_padded_ffn_width"":768,""selected_tensor_parallel_size"":1,""tensor_parallel_mode"":""moe_tp"",""tensor_parallel_sizes"":[1]},""moe_grouped_gemm"":{""dimension_source"":""routed_mlp_hidden_dim"",""effective_ffn_width"":768,""expert_parallel_mode"":""on"",""layer_kind"":""routed"",""operator_family_id"":""moe"",""operator_family_ids"":[""moe""],""profile_id"":""generic"",""selected_expert_parallel_size"":8,""selected_padded_ffn_width"":768,""selected_tensor_parallel_size"":1,""tensor_parallel_mode"":""moe_tp"",""tensor_parallel_sizes"":[1]},""moe_shuffling"":{""dimension_source"":""routed_mlp_hidden_dim"",""effective_ffn_width"":768,""expert_parallel_mode"":""on"",""layer_kind"":""routed"",""operator_family_id"":""moe"",""operator_family_ids"":[""moe""],""profile_id"":""generic"",""selected_expert_parallel_size"":null,""selected_padded_ffn_width"":768,""selected_tensor_parallel_size"":1,""tensor_parallel_mode"":""moe_tp"",""tensor_parallel_sizes"":[1]}}",27449,0.375,1715.5625,1715.5625,1.0,0.02564756457430143,0.9670738357869529,1.9760282706109513,3.1209649445078043,0.4845326787861124,extremely_skewed,1,vllm_fused,CUDA_EVENT,BF16,generic,generic,none
0.013439999893307686,0.014879999682307243,0.01397759998217225,0.013968000188469887,0.00034160650109416746,20,0.021856000646948814,0.024288000538945198,0.023398400004953145,0.02364799939095974,0.000698494814054995,20,0.044863998889923096,0.05161599814891815,0.04641440007835627,0.04609600082039833,0.0015971004617278545,20,1.0192639827728271,1.0366719961166382,1.0239439010620117,1.0216000080108643,0.004869960714131594,4160,128,16,8,standard_fused_topk,logit_topk,softmax_renorm,True,prefill_hot,ffn_like_prefix_20x,8,2048,768,True,1,"{""moe_gating_linear"":{""dimension_source"":""routed_mlp_hidden_dim"",""effective_ffn_width"":768,""expert_parallel_mode"":""on"",""layer_kind"":""routed"",""operator_family_id"":""moe"",""operator_family_ids"":[""moe""],""profile_id"":""generic"",""selected_expert_parallel_size"":null,""selected_padded_ffn_width"":768,""selected_tensor_parallel_size"":1,""tensor_parallel_mode"":""moe_tp"",""tensor_parallel_sizes"":[1]},""moe_gating_routing_topk"":{""dimension_source"":""routed_mlp_hidden_dim"",""effective_ffn_width"":768,""expert_parallel_mode"":""on"",""layer_kind"":""routed"",""operator_family_id"":""moe"",""operator_family_ids"":[""moe""],""profile_id"":""generic"",""selected_expert_parallel_size"":null,""selected_padded_ffn_width"":768,""selected_tensor_parallel_size"":1,""tensor_parallel_mode"":""moe_tp"",""tensor_parallel_sizes"":[1]},""moe_grouped_gemm"":{""dimension_source"":""routed_mlp_hidden_dim"",""effective_ffn_width"":768,""expert_parallel_mode"":""on"",""layer_kind"":""routed"",""operator_family_id"":""moe"",""operator_family_ids"":[""moe""],""profile_id"":""generic"",""selected_expert_parallel_size"":8,""selected_padded_ffn_width"":768,""selected_tensor_parallel_size"":1,""tensor_parallel_mode"":""moe_tp"",""tensor_parallel_sizes"":[1]},""moe_shuffling"":{""dimension_source"":""routed_mlp_hidden_dim"",""effective_ffn_width"":768,""expert_parallel_mode"":""on"",""layer_kind"":""routed"",""operator_family_id"":""moe"",""operator_family_ids"":[""moe""],""profile_id"":""generic"",""selected_expert_parallel_size"":null,""selected_padded_ffn_width"":768,""selected_tensor_parallel_size"":1,""tensor_parallel_mode"":""moe_tp"",""tensor_parallel_sizes"":[1]}}",27653,0.375,1728.3125,1728.3125,1.0,0.02487975988138719,0.9710044974024392,1.9788088091707952,3.1092543463022877,0.4864729866560591,extremely_skewed,2,vllm_fused,CUDA_EVENT,BF16,generic,generic,none
0.03129599988460541,0.0804160013794899,0.03553760014474392,0.03240000084042549,0.010512979104989264,20,0.05446400120854378,0.07091200351715088,0.059067200496792795,0.056991999968886375,0.004913030052596429,20,0.04182400181889534,0.05990400165319443,0.052256000228226185,0.05358400009572506,0.004389916866648075,20,0.14608000218868256,0.1701440066099167,0.1495008021593094,0.14812800288200378,0.005186006426811218,100,128,16,8,standard_fused_topk,logit_topk,softmax_renorm,True,prefill_hot,ffn_like_prefix_20x,8,2048,768,True,1,"{""moe_gating_linear"":{""dimension_source"":""routed_mlp_hidden_dim"",""effective_ffn_width"":768,""expert_parallel_mode"":""on"",""layer_kind"":""routed"",""operator_family_id"":""moe"",""operator_family_ids"":[""moe""],""profile_id"":""generic"",""selected_expert_parallel_size"":null,""selected_padded_ffn_width"":768,""selected_tensor_parallel_size"":1,""tensor_parallel_mode"":""moe_tp"",""tensor_parallel_sizes"":[1]},""moe_gating_routing_topk"":{""dimension_source"":""routed_mlp_hidden_dim"",""effective_ffn_width"":768,""expert_parallel_mode"":""on"",""layer_kind"":""routed"",""operator_family_id"":""moe"",""operator_family_ids"":[""moe""],""profile_id"":""generic"",""selected_expert_parallel_size"":null,""selected_padded_ffn_width"":768,""selected_tensor_parallel_size"":1,""tensor_parallel_mode"":""moe_tp"",""tensor_parallel_sizes"":[1]},""moe_grouped_gemm"":{""dimension_source"":""routed_mlp_hidden_dim"",""effective_ffn_width"":768,""expert_parallel_mode"":""on"",""layer_kind"":""routed"",""operator_family_id"":""moe"",""operator_family_ids"":[""moe""],""profile_id"":""generic"",""selected_expert_parallel_size"":8,""selected_padded_ffn_width"":768,""selected_tensor_parallel_size"":1,""tensor_parallel_mode"":""moe_tp"",""tensor_parallel_sizes"":[1]},""moe_shuffling"":{""dimension_source"":""routed_mlp_hidden_dim"",""effective_ffn_width"":768,""expert_parallel_mode"":""on"",""layer_kind"":""routed"",""operator_family_id"":""moe"",""operator_family_ids"":[""moe""],""profile_id"":""generic"",""selected_expert_parallel_size"":null,""selected_padded_ffn_width"":768,""selected_tensor_parallel_size"":1,""tensor_parallel_mode"":""moe_tp"",""tensor_parallel_sizes"":[1]}}",36,0.375,2.25,2.25,0.875,0.0,0.6382847385042254,2.2222222222222223,3.638830127125426,0.35763888888888884,skewed,1,vllm_fused,CUDA_EVENT,BF16,generic,generic,none
0.013344000093638897,0.015168000012636185,0.014080000016838312,0.013999999966472387,0.0005063689184230914,20,0.0225600004196167,0.02534399926662445,0.024016000051051378,0.02401600033044815,0.0008108383882706949,20,0.08259200304746628,0.10332799702882767,0.08852160014212132,0.08774399757385254,0.004815708012250827,20,1.03929603099823,1.0936000347137451,1.056171178817749,1.052351951599121,0.012307464145123959,4112,128,16,8,standard_fused_topk,logit_topk,softmax_renorm,True,prefill_hot,ffn_like_prefix_20x,8,2048,768,True,1,"{""moe_gating_linear"":{""dimension_source"":""routed_mlp_hidden_dim"",""effective_ffn_width"":768,""expert_parallel_mode"":""on"",""layer_kind"":""routed"",""operator_family_id"":""moe"",""operator_family_ids"":[""moe""],""profile_id"":""generic"",""selected_expert_parallel_size"":null,""selected_padded_ffn_width"":768,""selected_tensor_parallel_size"":1,""tensor_parallel_mode"":""moe_tp"",""tensor_parallel_sizes"":[1]},""moe_gating_routing_topk"":{""dimension_source"":""routed_mlp_hidden_dim"",""effective_ffn_width"":768,""expert_parallel_mode"":""on"",""layer_kind"":""routed"",""operator_family_id"":""moe"",""operator_family_ids"":[""moe""],""profile_id"":""generic"",""selected_expert_parallel_size"":null,""selected_padded_ffn_width"":768,""selected_tensor_parallel_size"":1,""tensor_parallel_mode"":""moe_tp"",""tensor_parallel_sizes"":[1]},""moe_grouped_gemm"":{""dimension_source"":""routed_mlp_hidden_dim"",""effective_ffn_width"":768,""expert_parallel_mode"":""on"",""layer_kind"":""routed"",""operator_family_id"":""moe"",""operator_family_ids"":[""moe""],""profile_id"":""generic"",""selected_expert_parallel_size"":8,""selected_padded_ffn_width"":768,""selected_tensor_parallel_size"":1,""tensor_parallel_mode"":""moe_tp"",""tensor_parallel_sizes"":[1]},""moe_shuffling"":{""dimension_source"":""routed_mlp_hidden_dim"",""effective_ffn_width"":768,""expert_parallel_mode"":""on"",""layer_kind"":""routed"",""operator_family_id"":""moe"",""operator_family_ids"":[""moe""],""profile_id"":""generic"",""selected_expert_parallel_size"":null,""selected_padded_ffn_width"":768,""selected_tensor_parallel_size"":1,""tensor_parallel_mode"":""moe_tp"",""tensor_parallel_sizes"":[1]}}",26857,0.375,1678.5625,1678.5625,1.0,0.02323416613918159,0.9713411544842336,1.9802658524779386,3.1080727679383946,0.48696103436720417,extremely_skewed,0,vllm_fused,CUDA_EVENT,BF16,generic,generic,none
0.03788800165057182,0.13763199746608734,0.06019999980926514,0.05542399920523167,0.02065913562246285,20,0.06870400160551071,0.1398719996213913,0.10864480100572109,0.1114720031619072,0.019244277289169418,20,0.07798399776220322,0.08924800157546997,0.08227040022611617,0.08110399916768074,0.0032384960131299056,20,0.25673601031303406,0.28911998867988586,0.2648671865463257,0.26175999641418457,0.008681372739374638,80,128,16,8,standard_fused_topk,logit_topk,softmax_renorm,True,prefill_hot,ffn_like_prefix_20x,8,2048,768,True,1,"{""moe_gating_linear"":{""dimension_source"":""routed_mlp_hidden_dim"",""effective_ffn_width"":768,""expert_parallel_mode"":""on"",""layer_kind"":""routed"",""operator_family_id"":""moe"",""operator_family_ids"":[""moe""],""profile_id"":""generic"",""selected_expert_parallel_size"":null,""selected_padded_ffn_width"":768,""selected_tensor_parallel_size"":1,""tensor_parallel_mode"":""moe_tp"",""tensor_parallel_sizes"":[1]},""moe_gating_routing_topk"":{""dimension_source"":""routed_mlp_hidden_dim"",""effective_ffn_width"":768,""expert_parallel_mode"":""on"",""layer_kind"":""routed"",""operator_family_id"":""moe"",""operator_family_ids"":[""moe""],""profile_id"":""generic"",""selected_expert_parallel_size"":null,""selected_padded_ffn_width"":768,""selected_tensor_parallel_size"":1,""tensor_parallel_mode"":""moe_tp"",""tensor_parallel_sizes"":[1]},""moe_grouped_gemm"":{""dimension_source"":""routed_mlp_hidden_dim"",""effective_ffn_width"":768,""expert_parallel_mode"":""on"",""layer_kind"":""routed"",""operator_family_id"":""moe"",""operator_family_ids"":[""moe""],""profile_id"":""generic"",""selected_expert_parallel_size"":8,""selected_padded_ffn_width"":768,""selected_tensor_parallel_size"":1,""tensor_parallel_mode"":""moe_tp"",""tensor_parallel_sizes"":[1]},""moe_shuffling"":{""dimension_source"":""routed_mlp_hidden_dim"",""effective_ffn_width"":768,""expert_parallel_mode"":""on"",""layer_kind"":""routed"",""operator_family_id"":""moe"",""operator_family_ids"":[""moe""],""profile_id"":""generic"",""selected_expert_parallel_size"":null,""selected_padded_ffn_width"":768,""selected_tensor_parallel_size"":1,""tensor_parallel_mode"":""moe_tp"",""tensor_parallel_sizes"":[1]}}",27,0.375,1.6875,1.6875,0.8125,0.0,0.8306541293335483,2.962962962962963,3.4541684104878048,0.4467592592592593,skewed,1,vllm_fused,CUDA_EVENT,BF16,generic,generic,none
0.04665600135922432,0.1520320028066635,0.06553439944982528,0.05801599845290184,0.021571761466130157,20,0.08271999657154083,0.14368000626564026,0.11459359899163246,0.10972799733281136,0.01668011981478899,20,0.06265600025653839,0.09267199784517288,0.07182880006730556,0.06862400099635124,0.008791642631772309,20,0.1547199934720993,0.2802880108356476,0.2253648042678833,0.23212799429893494,0.048381246626377106,100,128,16,8,standard_fused_topk,logit_topk,softmax_renorm,True,prefill_hot,ffn_like_prefix_20x,8,2048,768,True,1,"{""moe_gating_linear"":{""dimension_source"":""routed_mlp_hidden_dim"",""effective_ffn_width"":768,""expert_parallel_mode"":""on"",""layer_kind"":""routed"",""operator_family_id"":""moe"",""operator_family_ids"":[""moe""],""profile_id"":""generic"",""selected_expert_parallel_size"":null,""selected_padded_ffn_width"":768,""selected_tensor_parallel_size"":1,""tensor_parallel_mode"":""moe_tp"",""tensor_parallel_sizes"":[1]},""moe_gating_routing_topk"":{""dimension_source"":""routed_mlp_hidden_dim"",""effective_ffn_width"":768,""expert_parallel_mode"":""on"",""layer_kind"":""routed"",""operator_family_id"":""moe"",""operator_family_ids"":[""moe""],""profile_id"":""generic"",""selected_expert_parallel_size"":null,""selected_padded_ffn_width"":768,""selected_tensor_parallel_size"":1,""tensor_parallel_mode"":""moe_tp"",""tensor_parallel_sizes"":[1]},""moe_grouped_gemm"":{""dimension_source"":""routed_mlp_hidden_dim"",""effective_ffn_width"":768,""expert_parallel_mode"":""on"",""layer_kind"":""routed"",""operator_family_id"":""moe"",""operator_family_ids"":[""moe""],""profile_id"":""generic"",""selected_expert_parallel_size"":8,""selected_padded_ffn_width"":768,""selected_tensor_parallel_size"":1,""tensor_parallel_mode"":""moe_tp"",""tensor_parallel_sizes"":[1]},""moe_shuffling"":{""dimension_source"":""routed_mlp_hidden_dim"",""effective_ffn_width"":768,""expert_parallel_mode"":""on"",""layer_kind"":""routed"",""operator_family_id"":""moe"",""operator_family_ids"":[""moe""],""profile_id"":""generic"",""selected_expert_parallel_size"":null,""selected_padded_ffn_width"":768,""selected_tensor_parallel_size"":1,""tensor_parallel_mode"":""moe_tp"",""tensor_parallel_sizes"":[1]}}",695,0.375,43.4375,43.4375,0.75,0.0,0.9772983445404474,2.0258992805755396,3.077946275449486,0.49505395683453246,extremely_skewed,1,vllm_fused,CUDA_EVENT,BF16,generic,generic,none
0.029279999434947968,0.07980799674987793,0.03492639996111393,0.03129599988460541,0.010783512548326313,20,0.05251200124621391,0.0687360018491745,0.05837120059877634,0.05596799962222576,0.005730502210008533,20,0.04105599969625473,0.05116799846291542,0.04333919994533062,0.04275200143456459,0.0023242722939680062,20,0.1730560064315796,0.18675200641155243,0.1772271990776062,0.1762239933013916,0.003059911075979471,100,128,16,8,standard_fused_topk,logit_topk,softmax_renorm,True,prefill_hot,ffn_like_prefix_20x,8,2048,768,True,1,"{""moe_gating_linear"":{""dimension_source"":""routed_mlp_hidden_dim"",""effective_ffn_width"":768,""expert_parallel_mode"":""on"",""layer_kind"":""routed"",""operator_family_id"":""moe"",""operator_family_ids"":[""moe""],""profile_id"":""generic"",""selected_expert_parallel_size"":null,""selected_padded_ffn_width"":768,""selected_tensor_parallel_size"":1,""tensor_parallel_mode"":""moe_tp"",""tensor_parallel_sizes"":[1]},""moe_gating_routing_topk"":{""dimension_source"":""routed_mlp_hidden_dim"",""effective_ffn_width"":768,""expert_parallel_mode"":""on"",""layer_kind"":""routed"",""operator_family_id"":""moe"",""operator_family_ids"":[""moe""],""profile_id"":""generic"",""selected_expert_parallel_size"":null,""selected_padded_ffn_width"":768,""selected_tensor_parallel_size"":1,""tensor_parallel_mode"":""moe_tp"",""tensor_parallel_sizes"":[1]},""moe_grouped_gemm"":{""dimension_source"":""routed_mlp_hidden_dim"",""effective_ffn_width"":768,""expert_parallel_mode"":""on"",""layer_kind"":""routed"",""operator_family_id"":""moe"",""operator_family_ids"":[""moe""],""profile_id"":""generic"",""selected_expert_parallel_size"":8,""selected_padded_ffn_width"":768,""selected_tensor_parallel_size"":1,""tensor_parallel_mode"":""moe_tp"",""tensor_parallel_sizes"":[1]},""moe_shuffling"":{""dimension_source"":""routed_mlp_hidden_dim"",""effective_ffn_width"":768,""expert_parallel_mode"":""on"",""layer_kind"":""routed"",""operator_family_id"":""moe"",""operator_family_ids"":[""moe""],""profile_id"":""generic"",""selected_expert_parallel_size"":null,""selected_padded_ffn_width"":768,""selected_tensor_parallel_size"":1,""tensor_parallel_mode"":""moe_tp"",""tensor_parallel_sizes"":[1]}}",35,0.375,2.1875,2.1875,0.9375,0.0,0.5876275371772324,2.2857142857142856,3.7183093602806943,0.3232142857142857,skewed,2,vllm_fused,CUDA_EVENT,BF16,generic,generic,none
0.013439999893307686,0.014368000440299511,0.013795199990272521,0.013743999879807234,0.00023643216089409274,20,0.0225600004196167,0.024992000311613083,0.023764800187200306,0.023840000852942467,0.0006149727366842646,20,0.04620800167322159,0.050624001771211624,0.047348800115287304,0.046959999948740005,0.0010668187386070303,20,0.3139840066432953,0.33055999875068665,0.3227151930332184,0.3243519961833954,0.005982276517897844,4096,128,16,8,standard_fused_topk,logit_topk,softmax_renorm,True,prefill_hot,ffn_like_prefix_20x,8,2048,768,True,1,"{""moe_gating_linear"":{""dimension_source"":""routed_mlp_hidden_dim"",""effective_ffn_width"":768,""expert_parallel_mode"":""on"",""layer_kind"":""routed"",""operator_family_id"":""moe"",""operator_family_ids"":[""moe""],""profile_id"":""generic"",""selected_expert_parallel_size"":null,""selected_padded_ffn_width"":768,""selected_tensor_parallel_size"":1,""tensor_parallel_mode"":""moe_tp"",""tensor_parallel_sizes"":[1]},""moe_gating_routing_topk"":{""dimension_source"":""routed_mlp_hidden_dim"",""effective_ffn_width"":768,""expert_parallel_mode"":""on"",""layer_kind"":""routed"",""operator_family_id"":""moe"",""operator_family_ids"":[""moe""],""profile_id"":""generic"",""selected_expert_parallel_size"":null,""selected_padded_ffn_width"":768,""selected_tensor_parallel_size"":1,""tensor_parallel_mode"":""moe_tp"",""tensor_parallel_sizes"":[1]},""moe_grouped_gemm"":{""dimension_source"":""routed_mlp_hidden_dim"",""effective_ffn_width"":768,""expert_parallel_mode"":""on"",""layer_kind"":""routed"",""operator_family_id"":""moe"",""operator_family_ids"":[""moe""],""profile_id"":""generic"",""selected_expert_parallel_size"":8,""selected_padded_ffn_width"":768,""selected_tensor_parallel_size"":1,""tensor_parallel_mode"":""moe_tp"",""tensor_parallel_sizes"":[1]},""moe_shuffling"":{""dimension_source"":""routed_mlp_hidden_dim"",""effective_ffn_width"":768,""expert_parallel_mode"":""on"",""layer_kind"":""routed"",""operator_family_id"":""moe"",""operator_family_ids"":[""moe""],""profile_id"":""generic"",""selected_expert_parallel_size"":null,""selected_padded_ffn_width"":768,""selected_tensor_parallel_size"":1,""tensor_parallel_mode"":""moe_tp"",""tensor_parallel_sizes"":[1]}}",4058,0.375,253.625,253.625,1.0,0.9265648102513554,0.04874768315968813,1.1197634302612125,3.998306755554969,0.026429275505174932,uniform,2,vllm_fused,CUDA_EVENT,BF16,generic,generic,none
0.03155200183391571,0.17801600694656372,0.04319200050085783,0.0366239994764328,0.030997403750293615,20,0.054687999188899994,0.07625599950551987,0.06644160002470016,0.06673600152134895,0.004917173349935701,20,0.04383999854326248,0.0549440011382103,0.05204479973763228,0.05352000147104263,0.003330943832227661,20,0.14467200636863708,0.1831360012292862,0.1642400026321411,0.17164799571037292,0.01369763445109129,96,128,16,8,standard_fused_topk,logit_topk,softmax_renorm,True,prefill_hot,ffn_like_prefix_20x,8,2048,768,True,1,"{""moe_gating_linear"":{""dimension_source"":""routed_mlp_hidden_dim"",""effective_ffn_width"":768,""expert_parallel_mode"":""on"",""layer_kind"":""routed"",""operator_family_id"":""moe"",""operator_family_ids"":[""moe""],""profile_id"":""generic"",""selected_expert_parallel_size"":null,""selected_padded_ffn_width"":768,""selected_tensor_parallel_size"":1,""tensor_parallel_mode"":""moe_tp"",""tensor_parallel_sizes"":[1]},""moe_gating_routing_topk"":{""dimension_source"":""routed_mlp_hidden_dim"",""effective_ffn_width"":768,""expert_parallel_mode"":""on"",""layer_kind"":""routed"",""operator_family_id"":""moe"",""operator_family_ids"":[""moe""],""profile_id"":""generic"",""selected_expert_parallel_size"":null,""selected_padded_ffn_width"":768,""selected_tensor_parallel_size"":1,""tensor_parallel_mode"":""moe_tp"",""tensor_parallel_sizes"":[1]},""moe_grouped_gemm"":{""dimension_source"":""routed_mlp_hidden_dim"",""effective_ffn_width"":768,""expert_parallel_mode"":""on"",""layer_kind"":""routed"",""operator_family_id"":""moe"",""operator_family_ids"":[""moe""],""profile_id"":""generic"",""selected_expert_parallel_size"":8,""selected_padded_ffn_width"":768,""selected_tensor_parallel_size"":1,""tensor_parallel_mode"":""moe_tp"",""tensor_parallel_sizes"":[1]},""moe_shuffling"":{""dimension_source"":""routed_mlp_hidden_dim"",""effective_ffn_width"":768,""expert_parallel_mode"":""on"",""layer_kind"":""routed"",""operator_family_id"":""moe"",""operator_family_ids"":[""moe""],""profile_id"":""generic"",""selected_expert_parallel_size"":null,""selected_padded_ffn_width"":768,""selected_tensor_parallel_size"":1,""tensor_parallel_mode"":""moe_tp"",""tensor_parallel_sizes"":[1]}}",29,0.375,1.8125,1.8125,0.75,0.0,0.8094272134003795,2.206896551724138,3.40057883989772,0.45474137931034475,skewed,0,vllm_fused,CUDA_EVENT,BF16,generic,generic,none
0.013376000337302685,0.015072000212967396,0.013881600042805076,0.013791999779641628,0.00038100164676649215,20,0.02236800082027912,0.025119999423623085,0.023356799967586994,0.023087999783456326,0.000708704031337589,20,0.05881600081920624,0.0713919997215271,0.06520320009440184,0.0660800002515316,0.0036509371640668633,20,1.0365760326385498,1.0712319612503052,1.052799940109253,1.050112009048462,0.008572852239012718,4144,128,16,8,standard_fused_topk,logit_topk,softmax_renorm,True,prefill_hot,ffn_like_prefix_20x,8,2048,768,True,1,"{""moe_gating_linear"":{""dimension_source"":""routed_mlp_hidden_dim"",""effective_ffn_width"":768,""expert_parallel_mode"":""on"",""layer_kind"":""routed"",""operator_family_id"":""moe"",""operator_family_ids"":[""moe""],""profile_id"":""generic"",""selected_expert_parallel_size"":null,""selected_padded_ffn_width"":768,""selected_tensor_parallel_size"":1,""tensor_parallel_mode"":""moe_tp"",""tensor_parallel_sizes"":[1]},""moe_gating_routing_topk"":{""dimension_source"":""routed_mlp_hidden_dim"",""effective_ffn_width"":768,""expert_parallel_mode"":""on"",""layer_kind"":""routed"",""operator_family_id"":""moe"",""operator_family_ids"":[""moe""],""profile_id"":""generic"",""selected_expert_parallel_size"":null,""selected_padded_ffn_width"":768,""selected_tensor_parallel_size"":1,""tensor_parallel_mode"":""moe_tp"",""tensor_parallel_sizes"":[1]},""moe_grouped_gemm"":{""dimension_source"":""routed_mlp_hidden_dim"",""effective_ffn_width"":768,""expert_parallel_mode"":""on"",""layer_kind"":""routed"",""operator_family_id"":""moe"",""operator_family_ids"":[""moe""],""profile_id"":""generic"",""selected_expert_parallel_size"":8,""selected_padded_ffn_width"":768,""selected_tensor_parallel_size"":1,""tensor_parallel_mode"":""moe_tp"",""tensor_parallel_sizes"":[1]},""moe_shuffling"":{""dimension_source"":""routed_mlp_hidden_dim"",""effective_ffn_width"":768,""expert_parallel_mode"":""on"",""layer_kind"":""routed"",""operator_family_id"":""moe"",""operator_family_ids"":[""moe""],""profile_id"":""generic"",""selected_expert_parallel_size"":null,""selected_padded_ffn_width"":768,""selected_tensor_parallel_size"":1,""tensor_parallel_mode"":""moe_tp"",""tensor_parallel_sizes"":[1]}}",27028,0.375,1689.25,1689.25,1.0,0.02308716886192097,0.9712262978832203,1.9795767352375315,3.1084210601696523,0.48690709634453166,extremely_skewed,0,vllm_fused,CUDA_EVENT,BF16,generic,generic,none
0.013151999562978745,0.01462399959564209,0.01376159987412393,0.013743999879807234,0.00034900181518060963,20,0.022143999114632607,0.024320000782608986,0.023367999866604806,0.023520000278949738,0.0005754555729269652,20,0.05344000086188316,0.07180800288915634,0.055908800289034846,0.05496000126004219,0.0038626970353093522,20,1.0058879852294922,1.023360013961792,1.0098671913146973,1.0078719854354858,0.005481912288814783,4144,128,16,8,standard_fused_topk,logit_topk,softmax_renorm,True,prefill_hot,ffn_like_prefix_20x,8,2048,768,True,1,"{""moe_gating_linear"":{""dimension_source"":""routed_mlp_hidden_dim"",""effective_ffn_width"":768,""expert_parallel_mode"":""on"",""layer_kind"":""routed"",""operator_family_id"":""moe"",""operator_family_ids"":[""moe""],""profile_id"":""generic"",""selected_expert_parallel_size"":null,""selected_padded_ffn_width"":768,""selected_tensor_parallel_size"":1,""tensor_parallel_mode"":""moe_tp"",""tensor_parallel_sizes"":[1]},""moe_gating_routing_topk"":{""dimension_source"":""routed_mlp_hidden_dim"",""effective_ffn_width"":768,""expert_parallel_mode"":""on"",""layer_kind"":""routed"",""operator_family_id"":""moe"",""operator_family_ids"":[""moe""],""profile_id"":""generic"",""selected_expert_parallel_size"":null,""selected_padded_ffn_width"":768,""selected_tensor_parallel_size"":1,""tensor_parallel_mode"":""moe_tp"",""tensor_parallel_sizes"":[1]},""moe_grouped_gemm"":{""dimension_source"":""routed_mlp_hidden_dim"",""effective_ffn_width"":768,""expert_parallel_mode"":""on"",""layer_kind"":""routed"",""operator_family_id"":""moe"",""operator_family_ids"":[""moe""],""profile_id"":""generic"",""selected_expert_parallel_size"":8,""selected_padded_ffn_width"":768,""selected_tensor_parallel_size"":1,""tensor_parallel_mode"":""moe_tp"",""tensor_parallel_sizes"":[1]},""moe_shuffling"":{""dimension_source"":""routed_mlp_hidden_dim"",""effective_ffn_width"":768,""expert_parallel_mode"":""on"",""layer_kind"":""routed"",""operator_family_id"":""moe"",""operator_family_ids"":[""moe""],""profile_id"":""generic"",""selected_expert_parallel_size"":null,""selected_padded_ffn_width"":768,""selected_tensor_parallel_size"":1,""tensor_parallel_mode"":""moe_tp"",""tensor_parallel_sizes"":[1]}}",27337,0.375,1708.5625,1708.5625,1.0,0.025752642938142445,0.9669389694228763,1.9759300581629293,3.121362182172247,0.48446930899513485,extremely_skewed,1,vllm_fused,CUDA_EVENT,BF16,generic,generic,none
0.013407999649643898,0.014655999839305878,0.013919999962672592,0.013919999822974205,0.0002802513176128684,20,0.022624000906944275,0.025439999997615814,0.02414079997688532,0.024191999807953835,0.0008360147974215186,20,0.04483199864625931,0.05215999856591225,0.04676800034940243,0.04614400118589401,0.0016585601928590565,20,0.2757439911365509,0.28537601232528687,0.2798416018486023,0.2797119915485382,0.002240783767774701,4096,128,16,8,standard_fused_topk,logit_topk,softmax_renorm,True,prefill_hot,ffn_like_prefix_20x,8,2048,768,True,1,"{""moe_gating_linear"":{""dimension_source"":""routed_mlp_hidden_dim"",""effective_ffn_width"":768,""expert_parallel_mode"":""on"",""layer_kind"":""routed"",""operator_family_id"":""moe"",""operator_family_ids"":[""moe""],""profile_id"":""generic"",""selected_expert_parallel_size"":null,""selected_padded_ffn_width"":768,""selected_tensor_parallel_size"":1,""tensor_parallel_mode"":""moe_tp"",""tensor_parallel_sizes"":[1]},""moe_gating_routing_topk"":{""dimension_source"":""routed_mlp_hidden_dim"",""effective_ffn_width"":768,""expert_parallel_mode"":""on"",""layer_kind"":""routed"",""operator_family_id"":""moe"",""operator_family_ids"":[""moe""],""profile_id"":""generic"",""selected_expert_parallel_size"":null,""selected_padded_ffn_width"":768,""selected_tensor_parallel_size"":1,""tensor_parallel_mode"":""moe_tp"",""tensor_parallel_sizes"":[1]},""moe_grouped_gemm"":{""dimension_source"":""routed_mlp_hidden_dim"",""effective_ffn_width"":768,""expert_parallel_mode"":""on"",""layer_kind"":""routed"",""operator_family_id"":""moe"",""operator_family_ids"":[""moe""],""profile_id"":""generic"",""selected_expert_parallel_size"":8,""selected_padded_ffn_width"":768,""selected_tensor_parallel_size"":1,""tensor_parallel_mode"":""moe_tp"",""tensor_parallel_sizes"":[1]},""moe_shuffling"":{""dimension_source"":""routed_mlp_hidden_dim"",""effective_ffn_width"":768,""expert_parallel_mode"":""on"",""layer_kind"":""routed"",""operator_family_id"":""moe"",""operator_family_ids"":[""moe""],""profile_id"":""generic"",""selected_expert_parallel_size"":null,""selected_padded_ffn_width"":768,""selected_tensor_parallel_size"":1,""tensor_parallel_mode"":""moe_tp"",""tensor_parallel_sizes"":[1]}}",1521,0.375,95.0625,95.0625,1.0,0.336620644312952,0.3424153756080629,1.5253122945430637,3.9066887884997312,0.19399243918474696,skewed,2,vllm_fused,CUDA_EVENT,BF16,generic,generic,none
0.03142400085926056,0.18985599279403687,0.04160319920629263,0.03254399821162224,0.034131956560822546,20,0.0575999990105629,0.08416000008583069,0.06315360032022,0.05950400047004223,0.007208972249503707,20,0.055743999779224396,0.06249599903821945,0.057344000227749346,0.056671999394893646,0.0017551346813488569,20,0.15513600409030914,0.19209599494934082,0.17070719599723816,0.1599999964237213,0.015000800602138042,96,128,16,8,standard_fused_topk,logit_topk,softmax_renorm,True,prefill_hot,ffn_like_prefix_20x,8,2048,768,True,1,"{""moe_gating_linear"":{""dimension_source"":""routed_mlp_hidden_dim"",""effective_ffn_width"":768,""expert_parallel_mode"":""on"",""layer_kind"":""routed"",""operator_family_id"":""moe"",""operator_family_ids"":[""moe""],""profile_id"":""generic"",""selected_expert_parallel_size"":null,""selected_padded_ffn_width"":768,""selected_tensor_parallel_size"":1,""tensor_parallel_mode"":""moe_tp"",""tensor_parallel_sizes"":[1]},""moe_gating_routing_topk"":{""dimension_source"":""routed_mlp_hidden_dim"",""effective_ffn_width"":768,""expert_parallel_mode"":""on"",""layer_kind"":""routed"",""operator_family_id"":""moe"",""operator_family_ids"":[""moe""],""profile_id"":""generic"",""selected_expert_parallel_size"":null,""selected_padded_ffn_width"":768,""selected_tensor_parallel_size"":1,""tensor_parallel_mode"":""moe_tp"",""tensor_parallel_sizes"":[1]},""moe_grouped_gemm"":{""dimension_source"":""routed_mlp_hidden_dim"",""effective_ffn_width"":768,""expert_parallel_mode"":""on"",""layer_kind"":""routed"",""operator_family_id"":""moe"",""operator_family_ids"":[""moe""],""profile_id"":""generic"",""selected_expert_parallel_size"":8,""selected_padded_ffn_width"":768,""selected_tensor_parallel_size"":1,""tensor_parallel_mode"":""moe_tp"",""tensor_parallel_sizes"":[1]},""moe_shuffling"":{""dimension_source"":""routed_mlp_hidden_dim"",""effective_ffn_width"":768,""expert_parallel_mode"":""on"",""layer_kind"":""routed"",""operator_family_id"":""moe"",""operator_family_ids"":[""moe""],""profile_id"":""generic"",""selected_expert_parallel_size"":null,""selected_padded_ffn_width"":768,""selected_tensor_parallel_size"":1,""tensor_parallel_mode"":""moe_tp"",""tensor_parallel_sizes"":[1]}}",635,0.375,39.6875,39.6875,0.875,0.0,0.9594972023251357,1.9905511811023622,3.131929343634938,0.48750000000000004,extremely_skewed,0,vllm_fused,CUDA_EVENT,BF16,generic,generic,none
0.03574400022625923,0.09600000083446503,0.05394880007952452,0.05217600055038929,0.012418556201819359,20,0.0652799978852272,0.1364160031080246,0.09632319994270802,0.09763200208544731,0.01650366313026688,20,0.07391999661922455,0.08294399827718735,0.0761967994272709,0.07532799988985062,0.002391842805389119,20,0.2112320065498352,0.2694079875946045,0.23990562558174133,0.24380800127983093,0.02213563583791256,64,128,16,8,standard_fused_topk,logit_topk,softmax_renorm,True,prefill_hot,ffn_like_prefix_20x,8,2048,768,True,1,"{""moe_gating_linear"":{""dimension_source"":""routed_mlp_hidden_dim"",""effective_ffn_width"":768,""expert_parallel_mode"":""on"",""layer_kind"":""routed"",""operator_family_id"":""moe"",""operator_family_ids"":[""moe""],""profile_id"":""generic"",""selected_expert_parallel_size"":null,""selected_padded_ffn_width"":768,""selected_tensor_parallel_size"":1,""tensor_parallel_mode"":""moe_tp"",""tensor_parallel_sizes"":[1]},""moe_gating_routing_topk"":{""dimension_source"":""routed_mlp_hidden_dim"",""effective_ffn_width"":768,""expert_parallel_mode"":""on"",""layer_kind"":""routed"",""operator_family_id"":""moe"",""operator_family_ids"":[""moe""],""profile_id"":""generic"",""selected_expert_parallel_size"":null,""selected_padded_ffn_width"":768,""selected_tensor_parallel_size"":1,""tensor_parallel_mode"":""moe_tp"",""tensor_parallel_sizes"":[1]},""moe_grouped_gemm"":{""dimension_source"":""routed_mlp_hidden_dim"",""effective_ffn_width"":768,""expert_parallel_mode"":""on"",""layer_kind"":""routed"",""operator_family_id"":""moe"",""operator_family_ids"":[""moe""],""profile_id"":""generic"",""selected_expert_parallel_size"":8,""selected_padded_ffn_width"":768,""selected_tensor_parallel_size"":1,""tensor_parallel_mode"":""moe_tp"",""tensor_parallel_sizes"":[1]},""moe_shuffling"":{""dimension_source"":""routed_mlp_hidden_dim"",""effective_ffn_width"":768,""expert_parallel_mode"":""on"",""layer_kind"":""routed"",""operator_family_id"":""moe"",""operator_family_ids"":[""moe""],""profile_id"":""generic"",""selected_expert_parallel_size"":null,""selected_padded_ffn_width"":768,""selected_tensor_parallel_size"":1,""tensor_parallel_mode"":""moe_tp"",""tensor_parallel_sizes"":[1]}}",18,0.375,1.125,1.125,0.625,0.0,0.9362388636862621,2.6666666666666665,3.1971597236630034,0.5138888888888888,skewed,0,vllm_fused,CUDA_EVENT,BF16,generic,generic,none
0.03139200061559677,0.18275199830532074,0.04176000002771616,0.0350399985909462,0.032414737590372895,20,0.05392000079154968,0.08025600016117096,0.06291199978441,0.06339200213551521,0.00678155423882038,20,0.042399998754262924,0.04972799867391586,0.043955200165510175,0.043568000197410583,0.0016344888361407139,20,0.1722559928894043,0.1980160027742386,0.17832638323307037,0.1765120029449463,0.006282570771872997,96,128,16,8,standard_fused_topk,logit_topk,softmax_renorm,True,prefill_hot,ffn_like_prefix_20x,8,2048,768,True,1,"{""moe_gating_linear"":{""dimension_source"":""routed_mlp_hidden_dim"",""effective_ffn_width"":768,""expert_parallel_mode"":""on"",""layer_kind"":""routed"",""operator_family_id"":""moe"",""operator_family_ids"":[""moe""],""profile_id"":""generic"",""selected_expert_parallel_size"":null,""selected_padded_ffn_width"":768,""selected_tensor_parallel_size"":1,""tensor_parallel_mode"":""moe_tp"",""tensor_parallel_sizes"":[1]},""moe_gating_routing_topk"":{""dimension_source"":""routed_mlp_hidden_dim"",""effective_ffn_width"":768,""expert_parallel_mode"":""on"",""layer_kind"":""routed"",""operator_family_id"":""moe"",""operator_family_ids"":[""moe""],""profile_id"":""generic"",""selected_expert_parallel_size"":null,""selected_padded_ffn_width"":768,""selected_tensor_parallel_size"":1,""tensor_parallel_mode"":""moe_tp"",""tensor_parallel_sizes"":[1]},""moe_grouped_gemm"":{""dimension_source"":""routed_mlp_hidden_dim"",""effective_ffn_width"":768,""expert_parallel_mode"":""on"",""layer_kind"":""routed"",""operator_family_id"":""moe"",""operator_family_ids"":[""moe""],""profile_id"":""generic"",""selected_expert_parallel_size"":8,""selected_padded_ffn_width"":768,""selected_tensor_parallel_size"":1,""tensor_parallel_mode"":""moe_tp"",""tensor_parallel_sizes"":[1]},""moe_shuffling"":{""dimension_source"":""routed_mlp_hidden_dim"",""effective_ffn_width"":768,""expert_parallel_mode"":""on"",""layer_kind"":""routed"",""operator_family_id"":""moe"",""operator_family_ids"":[""moe""],""profile_id"":""generic"",""selected_expert_parallel_size"":null,""selected_padded_ffn_width"":768,""selected_tensor_parallel_size"":1,""tensor_parallel_mode"":""moe_tp"",""tensor_parallel_sizes"":[1]}}",34,0.375,2.125,2.125,0.875,0.0,0.6416889479197478,2.3529411764705883,3.642774150791528,0.3529411764705883,skewed,1,vllm_fused,CUDA_EVENT,BF16,generic,generic,none
0.030592000111937523,0.08124800026416779,0.036334399972110985,0.032816000282764435,0.010593476568122305,20,0.05632000043988228,0.07043199986219406,0.061187200248241425,0.05873600021004677,0.005079942383279671,20,0.05305600166320801,0.08345600217580795,0.05543999969959259,0.05377599969506264,0.006477756217945233,20,0.17497600615024567,0.20214399695396423,0.17907841503620148,0.1775680035352707,0.005898046772927046,80,128,16,8,standard_fused_topk,logit_topk,softmax_renorm,True,prefill_hot,ffn_like_prefix_20x,8,2048,768,True,1,"{""moe_gating_linear"":{""dimension_source"":""routed_mlp_hidden_dim"",""effective_ffn_width"":768,""expert_parallel_mode"":""on"",""layer_kind"":""routed"",""operator_family_id"":""moe"",""operator_family_ids"":[""moe""],""profile_id"":""generic"",""selected_expert_parallel_size"":null,""selected_padded_ffn_width"":768,""selected_tensor_parallel_size"":1,""tensor_parallel_mode"":""moe_tp"",""tensor_parallel_sizes"":[1]},""moe_gating_routing_topk"":{""dimension_source"":""routed_mlp_hidden_dim"",""effective_ffn_width"":768,""expert_parallel_mode"":""on"",""layer_kind"":""routed"",""operator_family_id"":""moe"",""operator_family_ids"":[""moe""],""profile_id"":""generic"",""selected_expert_parallel_size"":null,""selected_padded_ffn_width"":768,""selected_tensor_parallel_size"":1,""tensor_parallel_mode"":""moe_tp"",""tensor_parallel_sizes"":[1]},""moe_grouped_gemm"":{""dimension_source"":""routed_mlp_hidden_dim"",""effective_ffn_width"":768,""expert_parallel_mode"":""on"",""layer_kind"":""routed"",""operator_family_id"":""moe"",""operator_family_ids"":[""moe""],""profile_id"":""generic"",""selected_expert_parallel_size"":8,""selected_padded_ffn_width"":768,""selected_tensor_parallel_size"":1,""tensor_parallel_mode"":""moe_tp"",""tensor_parallel_sizes"":[1]},""moe_shuffling"":{""dimension_source"":""routed_mlp_hidden_dim"",""effective_ffn_width"":768,""expert_parallel_mode"":""on"",""layer_kind"":""routed"",""operator_family_id"":""moe"",""operator_family_ids"":[""moe""],""profile_id"":""generic"",""selected_expert_parallel_size"":null,""selected_padded_ffn_width"":768,""selected_tensor_parallel_size"":1,""tensor_parallel_mode"":""moe_tp"",""tensor_parallel_sizes"":[1]}}",62,0.375,3.875,3.875,1.0,0.5161290322580645,0.28671594894566416,1.5483870967741935,3.9385852312004723,0.159274193548387,uniform,2,vllm_fused,CUDA_EVENT,BF16,generic,generic,none
0.03254399821162224,0.09417600184679031,0.041190399788320065,0.03828800097107887,0.012727666431756166,20,0.05958399921655655,0.11222399771213531,0.07296159993857146,0.07248000055551529,0.010101687728726995,20,0.046431999653577805,0.07680000364780426,0.057468800246715544,0.05673599988222122,0.00515056851172917,20,0.17759999632835388,0.19299200177192688,0.18109920620918274,0.17983999848365784,0.0037602134980261326,128,128,16,8,standard_fused_topk,logit_topk,softmax_renorm,True,prefill_hot,ffn_like_prefix_20x,8,2048,768,True,1,"{""moe_gating_linear"":{""dimension_source"":""routed_mlp_hidden_dim"",""effective_ffn_width"":768,""expert_parallel_mode"":""on"",""layer_kind"":""routed"",""operator_family_id"":""moe"",""operator_family_ids"":[""moe""],""profile_id"":""generic"",""selected_expert_parallel_size"":null,""selected_padded_ffn_width"":768,""selected_tensor_parallel_size"":1,""tensor_parallel_mode"":""moe_tp"",""tensor_parallel_sizes"":[1]},""moe_gating_routing_topk"":{""dimension_source"":""routed_mlp_hidden_dim"",""effective_ffn_width"":768,""expert_parallel_mode"":""on"",""layer_kind"":""routed"",""operator_family_id"":""moe"",""operator_family_ids"":[""moe""],""profile_id"":""generic"",""selected_expert_parallel_size"":null,""selected_padded_ffn_width"":768,""selected_tensor_parallel_size"":1,""tensor_parallel_mode"":""moe_tp"",""tensor_parallel_sizes"":[1]},""moe_grouped_gemm"":{""dimension_source"":""routed_mlp_hidden_dim"",""effective_ffn_width"":768,""expert_parallel_mode"":""on"",""layer_kind"":""routed"",""operator_family_id"":""moe"",""operator_family_ids"":[""moe""],""profile_id"":""generic"",""selected_expert_parallel_size"":8,""selected_padded_ffn_width"":768,""selected_tensor_parallel_size"":1,""tensor_parallel_mode"":""moe_tp"",""tensor_parallel_sizes"":[1]},""moe_shuffling"":{""dimension_source"":""routed_mlp_hidden_dim"",""effective_ffn_width"":768,""expert_parallel_mode"":""on"",""layer_kind"":""routed"",""operator_family_id"":""moe"",""operator_family_ids"":[""moe""],""profile_id"":""generic"",""selected_expert_parallel_size"":null,""selected_padded_ffn_width"":768,""selected_tensor_parallel_size"":1,""tensor_parallel_mode"":""moe_tp"",""tensor_parallel_sizes"":[1]}}",115,0.375,7.1875,7.1875,1.0,0.2782608695652174,0.47999684939104637,1.808695652173913,3.8221829323962444,0.27228260869565224,uniform,1,vllm_fused,CUDA_EVENT,BF16,generic,generic,none
0.029791999608278275,0.10147199779748917,0.03518239976838231,0.031199999153614044,0.015419210298690889,20,0.05273599922657013,0.07548800110816956,0.05606240015476942,0.054576000198721886,0.004787872738219514,20,0.04169600084424019,0.05212799832224846,0.043783999793231484,0.04310400038957596,0.0022875379712218786,20,0.14697599411010742,0.16016000509262085,0.15064960718154907,0.14927999675273895,0.002941062906756997,128,128,16,8,standard_fused_topk,logit_topk,softmax_renorm,True,prefill_hot,ffn_like_prefix_20x,8,2048,768,True,1,"{""moe_gating_linear"":{""dimension_source"":""routed_mlp_hidden_dim"",""effective_ffn_width"":768,""expert_parallel_mode"":""on"",""layer_kind"":""routed"",""operator_family_id"":""moe"",""operator_family_ids"":[""moe""],""profile_id"":""generic"",""selected_expert_parallel_size"":null,""selected_padded_ffn_width"":768,""selected_tensor_parallel_size"":1,""tensor_parallel_mode"":""moe_tp"",""tensor_parallel_sizes"":[1]},""moe_gating_routing_topk"":{""dimension_source"":""routed_mlp_hidden_dim"",""effective_ffn_width"":768,""expert_parallel_mode"":""on"",""layer_kind"":""routed"",""operator_family_id"":""moe"",""operator_family_ids"":[""moe""],""profile_id"":""generic"",""selected_expert_parallel_size"":null,""selected_padded_ffn_width"":768,""selected_tensor_parallel_size"":1,""tensor_parallel_mode"":""moe_tp"",""tensor_parallel_sizes"":[1]},""moe_grouped_gemm"":{""dimension_source"":""routed_mlp_hidden_dim"",""effective_ffn_width"":768,""expert_parallel_mode"":""on"",""layer_kind"":""routed"",""operator_family_id"":""moe"",""operator_family_ids"":[""moe""],""profile_id"":""generic"",""selected_expert_parallel_size"":8,""selected_padded_ffn_width"":768,""selected_tensor_parallel_size"":1,""tensor_parallel_mode"":""moe_tp"",""tensor_parallel_sizes"":[1]},""moe_shuffling"":{""dimension_source"":""routed_mlp_hidden_dim"",""effective_ffn_width"":768,""expert_parallel_mode"":""on"",""layer_kind"":""routed"",""operator_family_id"":""moe"",""operator_family_ids"":[""moe""],""profile_id"":""generic"",""selected_expert_parallel_size"":null,""selected_padded_ffn_width"":768,""selected_tensor_parallel_size"":1,""tensor_parallel_mode"":""moe_tp"",""tensor_parallel_sizes"":[1]}}",48,0.375,3.0,3.0,0.9375,0.0,0.6561673228343176,2.0,3.652292584727518,0.3671875,skewed,1,vllm_fused,CUDA_EVENT,BF16,generic,generic,none
0.013567999936640263,0.014816000126302242,0.013960000034421683,0.013903999701142311,0.00032788286439836066,20,0.021983999758958817,0.02473600022494793,0.023377600032836197,0.023359999991953373,0.0006310150626366878,20,0.04444799944758415,0.04800000041723251,0.04521759990602732,0.04492799937725067,0.0007833450124618518,20,0.2645440101623535,0.28227201104164124,0.26917117834091187,0.2683199942111969,0.003610258223488927,4128,128,16,8,standard_fused_topk,logit_topk,softmax_renorm,True,prefill_hot,ffn_like_prefix_20x,8,2048,768,True,1,"{""moe_gating_linear"":{""dimension_source"":""routed_mlp_hidden_dim"",""effective_ffn_width"":768,""expert_parallel_mode"":""on"",""layer_kind"":""routed"",""operator_family_id"":""moe"",""operator_family_ids"":[""moe""],""profile_id"":""generic"",""selected_expert_parallel_size"":null,""selected_padded_ffn_width"":768,""selected_tensor_parallel_size"":1,""tensor_parallel_mode"":""moe_tp"",""tensor_parallel_sizes"":[1]},""moe_gating_routing_topk"":{""dimension_source"":""routed_mlp_hidden_dim"",""effective_ffn_width"":768,""expert_parallel_mode"":""on"",""layer_kind"":""routed"",""operator_family_id"":""moe"",""operator_family_ids"":[""moe""],""profile_id"":""generic"",""selected_expert_parallel_size"":null,""selected_padded_ffn_width"":768,""selected_tensor_parallel_size"":1,""tensor_parallel_mode"":""moe_tp"",""tensor_parallel_sizes"":[1]},""moe_grouped_gemm"":{""dimension_source"":""routed_mlp_hidden_dim"",""effective_ffn_width"":768,""expert_parallel_mode"":""on"",""layer_kind"":""routed"",""operator_family_id"":""moe"",""operator_family_ids"":[""moe""],""profile_id"":""generic"",""selected_expert_parallel_size"":8,""selected_padded_ffn_width"":768,""selected_tensor_parallel_size"":1,""tensor_parallel_mode"":""moe_tp"",""tensor_parallel_sizes"":[1]},""moe_shuffling"":{""dimension_source"":""routed_mlp_hidden_dim"",""effective_ffn_width"":768,""expert_parallel_mode"":""on"",""layer_kind"":""routed"",""operator_family_id"":""moe"",""operator_family_ids"":[""moe""],""profile_id"":""generic"",""selected_expert_parallel_size"":null,""selected_padded_ffn_width"":768,""selected_tensor_parallel_size"":1,""tensor_parallel_mode"":""moe_tp"",""tensor_parallel_sizes"":[1]}}",1535,0.375,95.9375,95.9375,1.0,0.33355048859934855,0.3447916201702745,1.5322475570032574,3.9054449823614608,0.19515472312703586,skewed,2,vllm_fused,CUDA_EVENT,BF16,generic,generic,none
0.03177599981427193,0.12319999933242798,0.04085280001163483,0.036639999598264694,0.01902794164524959,20,0.056384000927209854,0.07622399926185608,0.06673920080065728,0.067951999604702,0.0050989810957169064,20,0.04076800122857094,0.04694399982690811,0.04200639966875315,0.04153599962592125,0.0013717181104248224,20,0.14627200365066528,0.15654399991035461,0.14957760274410248,0.1493760049343109,0.0025056134909391403,80,128,16,8,standard_fused_topk,logit_topk,softmax_renorm,True,prefill_hot,ffn_like_prefix_20x,8,2048,768,True,1,"{""moe_gating_linear"":{""dimension_source"":""routed_mlp_hidden_dim"",""effective_ffn_width"":768,""expert_parallel_mode"":""on"",""layer_kind"":""routed"",""operator_family_id"":""moe"",""operator_family_ids"":[""moe""],""profile_id"":""generic"",""selected_expert_parallel_size"":null,""selected_padded_ffn_width"":768,""selected_tensor_parallel_size"":1,""tensor_parallel_mode"":""moe_tp"",""tensor_parallel_sizes"":[1]},""moe_gating_routing_topk"":{""dimension_source"":""routed_mlp_hidden_dim"",""effective_ffn_width"":768,""expert_parallel_mode"":""on"",""layer_kind"":""routed"",""operator_family_id"":""moe"",""operator_family_ids"":[""moe""],""profile_id"":""generic"",""selected_expert_parallel_size"":null,""selected_padded_ffn_width"":768,""selected_tensor_parallel_size"":1,""tensor_parallel_mode"":""moe_tp"",""tensor_parallel_sizes"":[1]},""moe_grouped_gemm"":{""dimension_source"":""routed_mlp_hidden_dim"",""effective_ffn_width"":768,""expert_parallel_mode"":""on"",""layer_kind"":""routed"",""operator_family_id"":""moe"",""operator_family_ids"":[""moe""],""profile_id"":""generic"",""selected_expert_parallel_size"":8,""selected_padded_ffn_width"":768,""selected_tensor_parallel_size"":1,""tensor_parallel_mode"":""moe_tp"",""tensor_parallel_sizes"":[1]},""moe_shuffling"":{""dimension_source"":""routed_mlp_hidden_dim"",""effective_ffn_width"":768,""expert_parallel_mode"":""on"",""layer_kind"":""routed"",""operator_family_id"":""moe"",""operator_family_ids"":[""moe""],""profile_id"":""generic"",""selected_expert_parallel_size"":null,""selected_padded_ffn_width"":768,""selected_tensor_parallel_size"":1,""tensor_parallel_mode"":""moe_tp"",""tensor_parallel_sizes"":[1]}}",27,0.375,1.6875,1.6875,0.875,0.0,0.7172191381865587,2.3703703703703702,3.587858798393237,0.3865740740740742,skewed,2,vllm_fused,CUDA_EVENT,BF16,generic,generic,none
0.029920000582933426,0.0822720006108284,0.03607359994202852,0.034831998869776726,0.011039745509071754,20,0.05305600166320801,0.0737600028514862,0.06096640005707741,0.0607680007815361,0.007184777460968838,20,0.04070400074124336,0.04912000149488449,0.042403200268745424,0.04137600027024746,0.002292904712545949,20,0.17375999689102173,0.18678399920463562,0.17848798632621765,0.17740799486637115,0.0033084589522331953,48,128,16,8,standard_fused_topk,logit_topk,softmax_renorm,True,prefill_hot,ffn_like_prefix_20x,8,2048,768,True,1,"{""moe_gating_linear"":{""dimension_source"":""routed_mlp_hidden_dim"",""effective_ffn_width"":768,""expert_parallel_mode"":""on"",""layer_kind"":""routed"",""operator_family_id"":""moe"",""operator_family_ids"":[""moe""],""profile_id"":""generic"",""selected_expert_parallel_size"":null,""selected_padded_ffn_width"":768,""selected_tensor_parallel_size"":1,""tensor_parallel_mode"":""moe_tp"",""tensor_parallel_sizes"":[1]},""moe_gating_routing_topk"":{""dimension_source"":""routed_mlp_hidden_dim"",""effective_ffn_width"":768,""expert_parallel_mode"":""on"",""layer_kind"":""routed"",""operator_family_id"":""moe"",""operator_family_ids"":[""moe""],""profile_id"":""generic"",""selected_expert_parallel_size"":null,""selected_padded_ffn_width"":768,""selected_tensor_parallel_size"":1,""tensor_parallel_mode"":""moe_tp"",""tensor_parallel_sizes"":[1]},""moe_grouped_gemm"":{""dimension_source"":""routed_mlp_hidden_dim"",""effective_ffn_width"":768,""expert_parallel_mode"":""on"",""layer_kind"":""routed"",""operator_family_id"":""moe"",""operator_family_ids"":[""moe""],""profile_id"":""generic"",""selected_expert_parallel_size"":8,""selected_padded_ffn_width"":768,""selected_tensor_parallel_size"":1,""tensor_parallel_mode"":""moe_tp"",""tensor_parallel_sizes"":[1]},""moe_shuffling"":{""dimension_source"":""routed_mlp_hidden_dim"",""effective_ffn_width"":768,""expert_parallel_mode"":""on"",""layer_kind"":""routed"",""operator_family_id"":""moe"",""operator_family_ids"":[""moe""],""profile_id"":""generic"",""selected_expert_parallel_size"":null,""selected_padded_ffn_width"":768,""selected_tensor_parallel_size"":1,""tensor_parallel_mode"":""moe_tp"",""tensor_parallel_sizes"":[1]}}",33,0.375,2.0625,2.0625,0.875,0.0,0.652043478525758,2.4242424242424243,3.6313883472368746,0.3617424242424243,uniform,2,vllm_fused,CUDA_EVENT,BF16,generic,generic,none
0.030400000512599945,0.08803199976682663,0.03535520005971193,0.031727999448776245,0.012282737458851466,20,0.05417599901556969,0.06492800265550613,0.05736480001360178,0.056752000004053116,0.0025846079827991815,20,0.04230400174856186,0.05507199838757515,0.049641599878668785,0.05371199920773506,0.00507549764141972,20,0.17299200594425201,0.1855359971523285,0.17675521969795227,0.17603200674057007,0.002851685509085655,64,128,16,8,standard_fused_topk,logit_topk,softmax_renorm,True,prefill_hot,ffn_like_prefix_20x,8,2048,768,True,1,"{""moe_gating_linear"":{""dimension_source"":""routed_mlp_hidden_dim"",""effective_ffn_width"":768,""expert_parallel_mode"":""on"",""layer_kind"":""routed"",""operator_family_id"":""moe"",""operator_family_ids"":[""moe""],""profile_id"":""generic"",""selected_expert_parallel_size"":null,""selected_padded_ffn_width"":768,""selected_tensor_parallel_size"":1,""tensor_parallel_mode"":""moe_tp"",""tensor_parallel_sizes"":[1]},""moe_gating_routing_topk"":{""dimension_source"":""routed_mlp_hidden_dim"",""effective_ffn_width"":768,""expert_parallel_mode"":""on"",""layer_kind"":""routed"",""operator_family_id"":""moe"",""operator_family_ids"":[""moe""],""profile_id"":""generic"",""selected_expert_parallel_size"":null,""selected_padded_ffn_width"":768,""selected_tensor_parallel_size"":1,""tensor_parallel_mode"":""moe_tp"",""tensor_parallel_sizes"":[1]},""moe_grouped_gemm"":{""dimension_source"":""routed_mlp_hidden_dim"",""effective_ffn_width"":768,""expert_parallel_mode"":""on"",""layer_kind"":""routed"",""operator_family_id"":""moe"",""operator_family_ids"":[""moe""],""profile_id"":""generic"",""selected_expert_parallel_size"":8,""selected_padded_ffn_width"":768,""selected_tensor_parallel_size"":1,""tensor_parallel_mode"":""moe_tp"",""tensor_parallel_sizes"":[1]},""moe_shuffling"":{""dimension_source"":""routed_mlp_hidden_dim"",""effective_ffn_width"":768,""expert_parallel_mode"":""on"",""layer_kind"":""routed"",""operator_family_id"":""moe"",""operator_family_ids"":[""moe""],""profile_id"":""generic"",""selected_expert_parallel_size"":null,""selected_padded_ffn_width"":768,""selected_tensor_parallel_size"":1,""tensor_parallel_mode"":""moe_tp"",""tensor_parallel_sizes"":[1]}}",62,0.375,3.875,3.875,1.0,0.25806451612903225,0.515119981376494,2.064516129032258,3.807267336846765,0.28629032258064524,uniform,1,vllm_fused,CUDA_EVENT,BF16,generic,generic,none
0.0289280004799366,0.08287999778985977,0.03485120004042983,0.030943999998271465,0.01139441673062548,20,0.0522879995405674,0.07417599856853485,0.058985600061714646,0.05486399866640568,0.006889512392912941,20,0.052671998739242554,0.058720000088214874,0.054228799790143965,0.05393600091338158,0.0012228134154474864,20,0.17215999960899353,0.20313599705696106,0.1783359944820404,0.17558400332927704,0.008569120429456234,80,128,16,8,standard_fused_topk,logit_topk,softmax_renorm,True,prefill_hot,ffn_like_prefix_20x,8,2048,768,True,1,"{""moe_gating_linear"":{""dimension_source"":""routed_mlp_hidden_dim"",""effective_ffn_width"":768,""expert_parallel_mode"":""on"",""layer_kind"":""routed"",""operator_family_id"":""moe"",""operator_family_ids"":[""moe""],""profile_id"":""generic"",""selected_expert_parallel_size"":null,""selected_padded_ffn_width"":768,""selected_tensor_parallel_size"":1,""tensor_parallel_mode"":""moe_tp"",""tensor_parallel_sizes"":[1]},""moe_gating_routing_topk"":{""dimension_source"":""routed_mlp_hidden_dim"",""effective_ffn_width"":768,""expert_parallel_mode"":""on"",""layer_kind"":""routed"",""operator_family_id"":""moe"",""operator_family_ids"":[""moe""],""profile_id"":""generic"",""selected_expert_parallel_size"":null,""selected_padded_ffn_width"":768,""selected_tensor_parallel_size"":1,""tensor_parallel_mode"":""moe_tp"",""tensor_parallel_sizes"":[1]},""moe_grouped_gemm"":{""dimension_source"":""routed_mlp_hidden_dim"",""effective_ffn_width"":768,""expert_parallel_mode"":""on"",""layer_kind"":""routed"",""operator_family_id"":""moe"",""operator_family_ids"":[""moe""],""profile_id"":""generic"",""selected_expert_parallel_size"":8,""selected_padded_ffn_width"":768,""selected_tensor_parallel_size"":1,""tensor_parallel_mode"":""moe_tp"",""tensor_parallel_sizes"":[1]},""moe_shuffling"":{""dimension_source"":""routed_mlp_hidden_dim"",""effective_ffn_width"":768,""expert_parallel_mode"":""on"",""layer_kind"":""routed"",""operator_family_id"":""moe"",""operator_family_ids"":[""moe""],""profile_id"":""generic"",""selected_expert_parallel_size"":null,""selected_padded_ffn_width"":768,""selected_tensor_parallel_size"":1,""tensor_parallel_mode"":""moe_tp"",""tensor_parallel_sizes"":[1]}}",25,0.375,1.5625,1.5625,0.6875,0.0,0.845694980474639,2.56,3.323074189630889,0.4724999999999999,skewed,0,vllm_fused,CUDA_EVENT,BF16,generic,generic,none
0.013504000380635262,0.014944000169634819,0.014017599914222956,0.013935999944806099,0.00036351707486729,20,0.02223999984562397,0.02425600029528141,0.0233839999884367,0.023615999147295952,0.0006250964218031875,20,0.052799999713897705,0.07587199658155441,0.05566880032420159,0.054496001452207565,0.004839022148306101,20,0.9877439737319946,1.0011520385742188,0.9940400123596191,0.9905920028686523,0.005573172587901354,4128,128,16,8,standard_fused_topk,logit_topk,softmax_renorm,True,prefill_hot,ffn_like_prefix_20x,8,2048,768,True,1,"{""moe_gating_linear"":{""dimension_source"":""routed_mlp_hidden_dim"",""effective_ffn_width"":768,""expert_parallel_mode"":""on"",""layer_kind"":""routed"",""operator_family_id"":""moe"",""operator_family_ids"":[""moe""],""profile_id"":""generic"",""selected_expert_parallel_size"":null,""selected_padded_ffn_width"":768,""selected_tensor_parallel_size"":1,""tensor_parallel_mode"":""moe_tp"",""tensor_parallel_sizes"":[1]},""moe_gating_routing_topk"":{""dimension_source"":""routed_mlp_hidden_dim"",""effective_ffn_width"":768,""expert_parallel_mode"":""on"",""layer_kind"":""routed"",""operator_family_id"":""moe"",""operator_family_ids"":[""moe""],""profile_id"":""generic"",""selected_expert_parallel_size"":null,""selected_padded_ffn_width"":768,""selected_tensor_parallel_size"":1,""tensor_parallel_mode"":""moe_tp"",""tensor_parallel_sizes"":[1]},""moe_grouped_gemm"":{""dimension_source"":""routed_mlp_hidden_dim"",""effective_ffn_width"":768,""expert_parallel_mode"":""on"",""layer_kind"":""routed"",""operator_family_id"":""moe"",""operator_family_ids"":[""moe""],""profile_id"":""generic"",""selected_expert_parallel_size"":8,""selected_padded_ffn_width"":768,""selected_tensor_parallel_size"":1,""tensor_parallel_mode"":""moe_tp"",""tensor_parallel_sizes"":[1]},""moe_shuffling"":{""dimension_source"":""routed_mlp_hidden_dim"",""effective_ffn_width"":768,""expert_parallel_mode"":""on"",""layer_kind"":""routed"",""operator_family_id"":""moe"",""operator_family_ids"":[""moe""],""profile_id"":""generic"",""selected_expert_parallel_size"":null,""selected_padded_ffn_width"":768,""selected_tensor_parallel_size"":1,""tensor_parallel_mode"":""moe_tp"",""tensor_parallel_sizes"":[1]}}",26944,0.375,1684.0,1684.0,1.0,0.02315914489311164,0.9712111435658901,1.979809976247031,3.1084615258883046,0.48691267072446553,extremely_skewed,0,vllm_fused,CUDA_EVENT,BF16,generic,generic,none
0.03436800092458725,0.12476799637079239,0.04419039953500033,0.03863999992609024,0.019183681748527373,20,0.06268800050020218,5.284575939178467,0.338945597410202,0.07443200051784515,1.1347013952593255,20,0.044064000248909,0.05110400170087814,0.045598399825394154,0.04543999955058098,0.0015134508370827392,20,0.16198399662971497,0.19334399700164795,0.17912480235099792,0.17852799594402313,0.005712234880775213,100,128,16,8,standard_fused_topk,logit_topk,softmax_renorm,True,prefill_hot,ffn_like_prefix_20x,8,2048,768,True,1,"{""moe_gating_linear"":{""dimension_source"":""routed_mlp_hidden_dim"",""effective_ffn_width"":768,""expert_parallel_mode"":""on"",""layer_kind"":""routed"",""operator_family_id"":""moe"",""operator_family_ids"":[""moe""],""profile_id"":""generic"",""selected_expert_parallel_size"":null,""selected_padded_ffn_width"":768,""selected_tensor_parallel_size"":1,""tensor_parallel_mode"":""moe_tp"",""tensor_parallel_sizes"":[1]},""moe_gating_routing_topk"":{""dimension_source"":""routed_mlp_hidden_dim"",""effective_ffn_width"":768,""expert_parallel_mode"":""on"",""layer_kind"":""routed"",""operator_family_id"":""moe"",""operator_family_ids"":[""moe""],""profile_id"":""generic"",""selected_expert_parallel_size"":null,""selected_padded_ffn_width"":768,""selected_tensor_parallel_size"":1,""tensor_parallel_mode"":""moe_tp"",""tensor_parallel_sizes"":[1]},""moe_grouped_gemm"":{""dimension_source"":""routed_mlp_hidden_dim"",""effective_ffn_width"":768,""expert_parallel_mode"":""on"",""layer_kind"":""routed"",""operator_family_id"":""moe"",""operator_family_ids"":[""moe""],""profile_id"":""generic"",""selected_expert_parallel_size"":8,""selected_padded_ffn_width"":768,""selected_tensor_parallel_size"":1,""tensor_parallel_mode"":""moe_tp"",""tensor_parallel_sizes"":[1]},""moe_shuffling"":{""dimension_source"":""routed_mlp_hidden_dim"",""effective_ffn_width"":768,""expert_parallel_mode"":""on"",""layer_kind"":""routed"",""operator_family_id"":""moe"",""operator_family_ids"":[""moe""],""profile_id"":""generic"",""selected_expert_parallel_size"":null,""selected_padded_ffn_width"":768,""selected_tensor_parallel_size"":1,""tensor_parallel_mode"":""moe_tp"",""tensor_parallel_sizes"":[1]}}",90,0.375,5.625,5.625,0.9375,0.0,0.4527010841658525,1.7777777777777777,3.814571720495176,0.24722222222222223,uniform,0,vllm_fused,CUDA_EVENT,BF16,generic,generic,none
0.031136000528931618,0.0817599967122078,0.037142399791628124,0.03564799949526787,0.010597392964738698,20,0.05532800033688545,0.07513599842786789,0.06336319912225008,0.06631999835371971,0.005759100769186975,20,0.04156799986958504,0.04700800031423569,0.04273280035704374,0.04238400049507618,0.0012869969412967735,20,0.14428800344467163,0.15436799824237823,0.14756959676742554,0.1467519998550415,0.002451257547363639,48,128,16,8,standard_fused_topk,logit_topk,softmax_renorm,True,prefill_hot,ffn_like_prefix_20x,8,2048,768,True,1,"{""moe_gating_linear"":{""dimension_source"":""routed_mlp_hidden_dim"",""effective_ffn_width"":768,""expert_parallel_mode"":""on"",""layer_kind"":""routed"",""operator_family_id"":""moe"",""operator_family_ids"":[""moe""],""profile_id"":""generic"",""selected_expert_parallel_size"":null,""selected_padded_ffn_width"":768,""selected_tensor_parallel_size"":1,""tensor_parallel_mode"":""moe_tp"",""tensor_parallel_sizes"":[1]},""moe_gating_routing_topk"":{""dimension_source"":""routed_mlp_hidden_dim"",""effective_ffn_width"":768,""expert_parallel_mode"":""on"",""layer_kind"":""routed"",""operator_family_id"":""moe"",""operator_family_ids"":[""moe""],""profile_id"":""generic"",""selected_expert_parallel_size"":null,""selected_padded_ffn_width"":768,""selected_tensor_parallel_size"":1,""tensor_parallel_mode"":""moe_tp"",""tensor_parallel_sizes"":[1]},""moe_grouped_gemm"":{""dimension_source"":""routed_mlp_hidden_dim"",""effective_ffn_width"":768,""expert_parallel_mode"":""on"",""layer_kind"":""routed"",""operator_family_id"":""moe"",""operator_family_ids"":[""moe""],""profile_id"":""generic"",""selected_expert_parallel_size"":8,""selected_padded_ffn_width"":768,""selected_tensor_parallel_size"":1,""tensor_parallel_mode"":""moe_tp"",""tensor_parallel_sizes"":[1]},""moe_shuffling"":{""dimension_source"":""routed_mlp_hidden_dim"",""effective_ffn_width"":768,""expert_parallel_mode"":""on"",""layer_kind"":""routed"",""operator_family_id"":""moe"",""operator_family_ids"":[""moe""],""profile_id"":""generic"",""selected_expert_parallel_size"":null,""selected_padded_ffn_width"":768,""selected_tensor_parallel_size"":1,""tensor_parallel_mode"":""moe_tp"",""tensor_parallel_sizes"":[1]}}",47,0.375,2.9375,2.9375,0.875,0.0,0.5576741456204747,2.0425531914893615,3.6953531499561527,0.30984042553191493,uniform,0,vllm_fused,CUDA_EVENT,BF16,generic,generic,none
0.029823999851942062,0.0862400010228157,0.0364351999014616,0.035631999373435974,0.011752962028423394,20,0.05369599908590317,0.06966400146484375,0.06136799957603216,0.061375999823212624,0.005661313402653152,20,0.04131200164556503,0.047807998955249786,0.04315200038254261,0.04270400106906891,0.0015696479216609533,20,0.14448000490665436,0.16128000617027283,0.1492128074169159,0.14764800667762756,0.003944104071706533,100,128,16,8,standard_fused_topk,logit_topk,softmax_renorm,True,prefill_hot,ffn_like_prefix_20x,8,2048,768,True,1,"{""moe_gating_linear"":{""dimension_source"":""routed_mlp_hidden_dim"",""effective_ffn_width"":768,""expert_parallel_mode"":""on"",""layer_kind"":""routed"",""operator_family_id"":""moe"",""operator_family_ids"":[""moe""],""profile_id"":""generic"",""selected_expert_parallel_size"":null,""selected_padded_ffn_width"":768,""selected_tensor_parallel_size"":1,""tensor_parallel_mode"":""moe_tp"",""tensor_parallel_sizes"":[1]},""moe_gating_routing_topk"":{""dimension_source"":""routed_mlp_hidden_dim"",""effective_ffn_width"":768,""expert_parallel_mode"":""on"",""layer_kind"":""routed"",""operator_family_id"":""moe"",""operator_family_ids"":[""moe""],""profile_id"":""generic"",""selected_expert_parallel_size"":null,""selected_padded_ffn_width"":768,""selected_tensor_parallel_size"":1,""tensor_parallel_mode"":""moe_tp"",""tensor_parallel_sizes"":[1]},""moe_grouped_gemm"":{""dimension_source"":""routed_mlp_hidden_dim"",""effective_ffn_width"":768,""expert_parallel_mode"":""on"",""layer_kind"":""routed"",""operator_family_id"":""moe"",""operator_family_ids"":[""moe""],""profile_id"":""generic"",""selected_expert_parallel_size"":8,""selected_padded_ffn_width"":768,""selected_tensor_parallel_size"":1,""tensor_parallel_mode"":""moe_tp"",""tensor_parallel_sizes"":[1]},""moe_shuffling"":{""dimension_source"":""routed_mlp_hidden_dim"",""effective_ffn_width"":768,""expert_parallel_mode"":""on"",""layer_kind"":""routed"",""operator_family_id"":""moe"",""operator_family_ids"":[""moe""],""profile_id"":""generic"",""selected_expert_parallel_size"":null,""selected_padded_ffn_width"":768,""selected_tensor_parallel_size"":1,""tensor_parallel_mode"":""moe_tp"",""tensor_parallel_sizes"":[1]}}",29,0.375,1.8125,1.8125,0.75,0.0,0.8094272134003795,2.206896551724138,3.40057883989772,0.45474137931034475,skewed,0,vllm_fused,CUDA_EVENT,BF16,generic,generic,none
0.013407999649643898,0.014495999552309513,0.01387519994750619,0.01375999953597784,0.00030263272457279656,20,0.022304000332951546,0.025919999927282333,0.023462400212883948,0.02331199962645769,0.000953825575732347,20,0.04479999840259552,0.04755200073122978,0.04559679999947548,0.04548799991607666,0.0007695921271659471,20,0.2622720003128052,0.27564799785614014,0.2673119902610779,0.2669120132923126,0.0030856106895953417,4112,128,16,8,standard_fused_topk,logit_topk,softmax_renorm,True,prefill_hot,ffn_like_prefix_20x,8,2048,768,True,1,"{""moe_gating_linear"":{""dimension_source"":""routed_mlp_hidden_dim"",""effective_ffn_width"":768,""expert_parallel_mode"":""on"",""layer_kind"":""routed"",""operator_family_id"":""moe"",""operator_family_ids"":[""moe""],""profile_id"":""generic"",""selected_expert_parallel_size"":null,""selected_padded_ffn_width"":768,""selected_tensor_parallel_size"":1,""tensor_parallel_mode"":""moe_tp"",""tensor_parallel_sizes"":[1]},""moe_gating_routing_topk"":{""dimension_source"":""routed_mlp_hidden_dim"",""effective_ffn_width"":768,""expert_parallel_mode"":""on"",""layer_kind"":""routed"",""operator_family_id"":""moe"",""operator_family_ids"":[""moe""],""profile_id"":""generic"",""selected_expert_parallel_size"":null,""selected_padded_ffn_width"":768,""selected_tensor_parallel_size"":1,""tensor_parallel_mode"":""moe_tp"",""tensor_parallel_sizes"":[1]},""moe_grouped_gemm"":{""dimension_source"":""routed_mlp_hidden_dim"",""effective_ffn_width"":768,""expert_parallel_mode"":""on"",""layer_kind"":""routed"",""operator_family_id"":""moe"",""operator_family_ids"":[""moe""],""profile_id"":""generic"",""selected_expert_parallel_size"":8,""selected_padded_ffn_width"":768,""selected_tensor_parallel_size"":1,""tensor_parallel_mode"":""moe_tp"",""tensor_parallel_sizes"":[1]},""moe_shuffling"":{""dimension_source"":""routed_mlp_hidden_dim"",""effective_ffn_width"":768,""expert_parallel_mode"":""on"",""layer_kind"":""routed"",""operator_family_id"":""moe"",""operator_family_ids"":[""moe""],""profile_id"":""generic"",""selected_expert_parallel_size"":null,""selected_padded_ffn_width"":768,""selected_tensor_parallel_size"":1,""tensor_parallel_mode"":""moe_tp"",""tensor_parallel_sizes"":[1]}}",1514,0.375,94.625,94.625,1.0,0.3381770145310436,0.35220799801924824,1.4689564068692207,3.9009222875544114,0.1983157199471599,skewed,1,vllm_fused,CUDA_EVENT,BF16,generic,generic,none
0.030527999624609947,0.08700799942016602,0.0350751998834312,0.031647998839616776,0.012135461091633487,20,0.05459199845790863,0.07391999661922455,0.05714239925146103,0.056143999099731445,0.004022834818648592,20,0.040063999593257904,0.04729599878191948,0.041488000005483625,0.04097599908709526,0.0016074225031778781,20,0.14550399780273438,0.15804800391197205,0.1501552164554596,0.14947199821472168,0.0029861037619411945,64,128,16,8,standard_fused_topk,logit_topk,softmax_renorm,True,prefill_hot,ffn_like_prefix_20x,8,2048,768,True,1,"{""moe_gating_linear"":{""dimension_source"":""routed_mlp_hidden_dim"",""effective_ffn_width"":768,""expert_parallel_mode"":""on"",""layer_kind"":""routed"",""operator_family_id"":""moe"",""operator_family_ids"":[""moe""],""profile_id"":""generic"",""selected_expert_parallel_size"":null,""selected_padded_ffn_width"":768,""selected_tensor_parallel_size"":1,""tensor_parallel_mode"":""moe_tp"",""tensor_parallel_sizes"":[1]},""moe_gating_routing_topk"":{""dimension_source"":""routed_mlp_hidden_dim"",""effective_ffn_width"":768,""expert_parallel_mode"":""on"",""layer_kind"":""routed"",""operator_family_id"":""moe"",""operator_family_ids"":[""moe""],""profile_id"":""generic"",""selected_expert_parallel_size"":null,""selected_padded_ffn_width"":768,""selected_tensor_parallel_size"":1,""tensor_parallel_mode"":""moe_tp"",""tensor_parallel_sizes"":[1]},""moe_grouped_gemm"":{""dimension_source"":""routed_mlp_hidden_dim"",""effective_ffn_width"":768,""expert_parallel_mode"":""on"",""layer_kind"":""routed"",""operator_family_id"":""moe"",""operator_family_ids"":[""moe""],""profile_id"":""generic"",""selected_expert_parallel_size"":8,""selected_padded_ffn_width"":768,""selected_tensor_parallel_size"":1,""tensor_parallel_mode"":""moe_tp"",""tensor_parallel_sizes"":[1]},""moe_shuffling"":{""dimension_source"":""routed_mlp_hidden_dim"",""effective_ffn_width"":768,""expert_parallel_mode"":""on"",""layer_kind"":""routed"",""operator_family_id"":""moe"",""operator_family_ids"":[""moe""],""profile_id"":""generic"",""selected_expert_parallel_size"":null,""selected_padded_ffn_width"":768,""selected_tensor_parallel_size"":1,""tensor_parallel_mode"":""moe_tp"",""tensor_parallel_sizes"":[1]}}",24,0.375,1.5,1.5,0.8125,0.0,0.8498365855987974,3.3333333333333335,3.4549868559028587,0.4375,skewed,1,vllm_fused,CUDA_EVENT,BF16,generic,generic,none
0.02940800040960312,0.12294399738311768,0.03664319980889559,0.031039999797940254,0.01998627034184947,20,0.05363199859857559,0.07356800138950348,0.05823520012199879,0.056592000648379326,0.004750510637724238,20,0.041760001331567764,0.05407999828457832,0.0469760000705719,0.044463999569416046,0.004391817634464901,20,0.17494399845600128,1.1357120275497437,0.23269760608673096,0.1799360066652298,0.21323782205581665,64,128,16,8,standard_fused_topk,logit_topk,softmax_renorm,True,prefill_hot,ffn_like_prefix_20x,8,2048,768,True,1,"{""moe_gating_linear"":{""dimension_source"":""routed_mlp_hidden_dim"",""effective_ffn_width"":768,""expert_parallel_mode"":""on"",""layer_kind"":""routed"",""operator_family_id"":""moe"",""operator_family_ids"":[""moe""],""profile_id"":""generic"",""selected_expert_parallel_size"":null,""selected_padded_ffn_width"":768,""selected_tensor_parallel_size"":1,""tensor_parallel_mode"":""moe_tp"",""tensor_parallel_sizes"":[1]},""moe_gating_routing_topk"":{""dimension_source"":""routed_mlp_hidden_dim"",""effective_ffn_width"":768,""expert_parallel_mode"":""on"",""layer_kind"":""routed"",""operator_family_id"":""moe"",""operator_family_ids"":[""moe""],""profile_id"":""generic"",""selected_expert_parallel_size"":null,""selected_padded_ffn_width"":768,""selected_tensor_parallel_size"":1,""tensor_parallel_mode"":""moe_tp"",""tensor_parallel_sizes"":[1]},""moe_grouped_gemm"":{""dimension_source"":""routed_mlp_hidden_dim"",""effective_ffn_width"":768,""expert_parallel_mode"":""on"",""layer_kind"":""routed"",""operator_family_id"":""moe"",""operator_family_ids"":[""moe""],""profile_id"":""generic"",""selected_expert_parallel_size"":8,""selected_padded_ffn_width"":768,""selected_tensor_parallel_size"":1,""tensor_parallel_mode"":""moe_tp"",""tensor_parallel_sizes"":[1]},""moe_shuffling"":{""dimension_source"":""routed_mlp_hidden_dim"",""effective_ffn_width"":768,""expert_parallel_mode"":""on"",""layer_kind"":""routed"",""operator_family_id"":""moe"",""operator_family_ids"":[""moe""],""profile_id"":""generic"",""selected_expert_parallel_size"":null,""selected_padded_ffn_width"":768,""selected_tensor_parallel_size"":1,""tensor_parallel_mode"":""moe_tp"",""tensor_parallel_sizes"":[1]}}",47,0.375,2.9375,2.9375,1.0,0.6808510638297872,0.3502569709181772,1.702127659574468,3.9164246291501597,0.18484042553191493,uniform,2,vllm_fused,CUDA_EVENT,BF16,generic,generic,none
0.029472000896930695,0.08463999629020691,0.03398079974576831,0.03081599995493889,0.011753050319521136,20,0.05331199988722801,0.11715199798345566,0.058777600154280664,0.05527999997138977,0.013560626183425597,20,0.042399998754262924,0.05350400134921074,0.048926400020718575,0.05164800025522709,0.004186053946028893,20,0.1712000072002411,0.19228799641132355,0.1768576204776764,0.1753920018672943,0.005498997867107391,32,128,16,8,standard_fused_topk,logit_topk,softmax_renorm,True,prefill_hot,ffn_like_prefix_20x,8,2048,768,True,1,"{""moe_gating_linear"":{""dimension_source"":""routed_mlp_hidden_dim"",""effective_ffn_width"":768,""expert_parallel_mode"":""on"",""layer_kind"":""routed"",""operator_family_id"":""moe"",""operator_family_ids"":[""moe""],""profile_id"":""generic"",""selected_expert_parallel_size"":null,""selected_padded_ffn_width"":768,""selected_tensor_parallel_size"":1,""tensor_parallel_mode"":""moe_tp"",""tensor_parallel_sizes"":[1]},""moe_gating_routing_topk"":{""dimension_source"":""routed_mlp_hidden_dim"",""effective_ffn_width"":768,""expert_parallel_mode"":""on"",""layer_kind"":""routed"",""operator_family_id"":""moe"",""operator_family_ids"":[""moe""],""profile_id"":""generic"",""selected_expert_parallel_size"":null,""selected_padded_ffn_width"":768,""selected_tensor_parallel_size"":1,""tensor_parallel_mode"":""moe_tp"",""tensor_parallel_sizes"":[1]},""moe_grouped_gemm"":{""dimension_source"":""routed_mlp_hidden_dim"",""effective_ffn_width"":768,""expert_parallel_mode"":""on"",""layer_kind"":""routed"",""operator_family_id"":""moe"",""operator_family_ids"":[""moe""],""profile_id"":""generic"",""selected_expert_parallel_size"":8,""selected_padded_ffn_width"":768,""selected_tensor_parallel_size"":1,""tensor_parallel_mode"":""moe_tp"",""tensor_parallel_sizes"":[1]},""moe_shuffling"":{""dimension_source"":""routed_mlp_hidden_dim"",""effective_ffn_width"":768,""expert_parallel_mode"":""on"",""layer_kind"":""routed"",""operator_family_id"":""moe"",""operator_family_ids"":[""moe""],""profile_id"":""generic"",""selected_expert_parallel_size"":null,""selected_padded_ffn_width"":768,""selected_tensor_parallel_size"":1,""tensor_parallel_mode"":""moe_tp"",""tensor_parallel_sizes"":[1]}}",31,0.375,1.9375,1.9375,0.75,0.0,0.8255796059399824,2.5806451612903225,3.394050246791947,0.46169354838709675,uniform,1,vllm_fused,CUDA_EVENT,BF16,generic,generic,none
0.031936001032590866,0.08483199775218964,0.03652479983866215,0.03364799916744232,0.011211940098148994,20,0.05827200040221214,0.07228799909353256,0.061742399260401724,0.06046399846673012,0.0036543867353025024,20,0.054368000477552414,0.061055999249219894,0.05598879996687174,0.055695999413728714,0.0014508489221985196,20,0.18400000035762787,2.376192092895508,0.3019791841506958,0.1894720047712326,0.4883754849433899,100,128,16,8,standard_fused_topk,logit_topk,softmax_renorm,True,prefill_hot,ffn_like_prefix_20x,8,2048,768,True,1,"{""moe_gating_linear"":{""dimension_source"":""routed_mlp_hidden_dim"",""effective_ffn_width"":768,""expert_parallel_mode"":""on"",""layer_kind"":""routed"",""operator_family_id"":""moe"",""operator_family_ids"":[""moe""],""profile_id"":""generic"",""selected_expert_parallel_size"":null,""selected_padded_ffn_width"":768,""selected_tensor_parallel_size"":1,""tensor_parallel_mode"":""moe_tp"",""tensor_parallel_sizes"":[1]},""moe_gating_routing_topk"":{""dimension_source"":""routed_mlp_hidden_dim"",""effective_ffn_width"":768,""expert_parallel_mode"":""on"",""layer_kind"":""routed"",""operator_family_id"":""moe"",""operator_family_ids"":[""moe""],""profile_id"":""generic"",""selected_expert_parallel_size"":null,""selected_padded_ffn_width"":768,""selected_tensor_parallel_size"":1,""tensor_parallel_mode"":""moe_tp"",""tensor_parallel_sizes"":[1]},""moe_grouped_gemm"":{""dimension_source"":""routed_mlp_hidden_dim"",""effective_ffn_width"":768,""expert_parallel_mode"":""on"",""layer_kind"":""routed"",""operator_family_id"":""moe"",""operator_family_ids"":[""moe""],""profile_id"":""generic"",""selected_expert_parallel_size"":8,""selected_padded_ffn_width"":768,""selected_tensor_parallel_size"":1,""tensor_parallel_mode"":""moe_tp"",""tensor_parallel_sizes"":[1]},""moe_shuffling"":{""dimension_source"":""routed_mlp_hidden_dim"",""effective_ffn_width"":768,""expert_parallel_mode"":""on"",""layer_kind"":""routed"",""operator_family_id"":""moe"",""operator_family_ids"":[""moe""],""profile_id"":""generic"",""selected_expert_parallel_size"":null,""selected_padded_ffn_width"":768,""selected_tensor_parallel_size"":1,""tensor_parallel_mode"":""moe_tp"",""tensor_parallel_sizes"":[1]}}",651,0.375,40.6875,40.6875,0.8125,0.0,0.9817086407045332,2.0153609831029184,3.0686031258743047,0.4951036866359446,extremely_skewed,2,vllm_fused,CUDA_EVENT,BF16,generic,generic,none
0.013311999849975109,0.015039999969303608,0.013867199886590242,0.013791999779641628,0.0003929979465666226,20,0.022143999114632607,0.024191999807953835,0.02329919980838895,0.023520000278949738,0.0006064738714550267,20,0.053727999329566956,0.06428799778223038,0.0561551995575428,0.055663999170064926,0.002333812769548816,20,0.2772800028324127,0.2881599962711334,0.2803807854652405,0.2799679934978485,0.0026373371947556734,4112,128,16,8,standard_fused_topk,logit_topk,softmax_renorm,True,prefill_hot,ffn_like_prefix_20x,8,2048,768,True,1,"{""moe_gating_linear"":{""dimension_source"":""routed_mlp_hidden_dim"",""effective_ffn_width"":768,""expert_parallel_mode"":""on"",""layer_kind"":""routed"",""operator_family_id"":""moe"",""operator_family_ids"":[""moe""],""profile_id"":""generic"",""selected_expert_parallel_size"":null,""selected_padded_ffn_width"":768,""selected_tensor_parallel_size"":1,""tensor_parallel_mode"":""moe_tp"",""tensor_parallel_sizes"":[1]},""moe_gating_routing_topk"":{""dimension_source"":""routed_mlp_hidden_dim"",""effective_ffn_width"":768,""expert_parallel_mode"":""on"",""layer_kind"":""routed"",""operator_family_id"":""moe"",""operator_family_ids"":[""moe""],""profile_id"":""generic"",""selected_expert_parallel_size"":null,""selected_padded_ffn_width"":768,""selected_tensor_parallel_size"":1,""tensor_parallel_mode"":""moe_tp"",""tensor_parallel_sizes"":[1]},""moe_grouped_gemm"":{""dimension_source"":""routed_mlp_hidden_dim"",""effective_ffn_width"":768,""expert_parallel_mode"":""on"",""layer_kind"":""routed"",""operator_family_id"":""moe"",""operator_family_ids"":[""moe""],""profile_id"":""generic"",""selected_expert_parallel_size"":8,""selected_padded_ffn_width"":768,""selected_tensor_parallel_size"":1,""tensor_parallel_mode"":""moe_tp"",""tensor_parallel_sizes"":[1]},""moe_shuffling"":{""dimension_source"":""routed_mlp_hidden_dim"",""effective_ffn_width"":768,""expert_parallel_mode"":""on"",""layer_kind"":""routed"",""operator_family_id"":""moe"",""operator_family_ids"":[""moe""],""profile_id"":""generic"",""selected_expert_parallel_size"":null,""selected_padded_ffn_width"":768,""selected_tensor_parallel_size"":1,""tensor_parallel_mode"":""moe_tp"",""tensor_parallel_sizes"":[1]}}",1530,0.375,95.625,95.625,1.0,0.33464052287581697,0.34509556346903586,1.526797385620915,3.905363576683769,0.19542483660130716,skewed,2,vllm_fused,CUDA_EVENT,BF16,generic,generic,none
0.036159999668598175,0.08985599875450134,0.039606400020420554,0.03678400069475174,0.01155583773533658,20,0.0666240006685257,0.07119999825954437,0.06817279979586602,0.06782400235533714,0.001182762658771969,20,0.05350400134921074,0.05852799862623215,0.05441599991172552,0.054047999903559685,0.0011157172960013437,20,0.17078399658203125,0.19324800372123718,0.17589598894119263,0.1743360012769699,0.006184052675962448,48,128,16,8,standard_fused_topk,logit_topk,softmax_renorm,True,prefill_hot,ffn_like_prefix_20x,8,2048,768,True,1,"{""moe_gating_linear"":{""dimension_source"":""routed_mlp_hidden_dim"",""effective_ffn_width"":768,""expert_parallel_mode"":""on"",""layer_kind"":""routed"",""operator_family_id"":""moe"",""operator_family_ids"":[""moe""],""profile_id"":""generic"",""selected_expert_parallel_size"":null,""selected_padded_ffn_width"":768,""selected_tensor_parallel_size"":1,""tensor_parallel_mode"":""moe_tp"",""tensor_parallel_sizes"":[1]},""moe_gating_routing_topk"":{""dimension_source"":""routed_mlp_hidden_dim"",""effective_ffn_width"":768,""expert_parallel_mode"":""on"",""layer_kind"":""routed"",""operator_family_id"":""moe"",""operator_family_ids"":[""moe""],""profile_id"":""generic"",""selected_expert_parallel_size"":null,""selected_padded_ffn_width"":768,""selected_tensor_parallel_size"":1,""tensor_parallel_mode"":""moe_tp"",""tensor_parallel_sizes"":[1]},""moe_grouped_gemm"":{""dimension_source"":""routed_mlp_hidden_dim"",""effective_ffn_width"":768,""expert_parallel_mode"":""on"",""layer_kind"":""routed"",""operator_family_id"":""moe"",""operator_family_ids"":[""moe""],""profile_id"":""generic"",""selected_expert_parallel_size"":8,""selected_padded_ffn_width"":768,""selected_tensor_parallel_size"":1,""tensor_parallel_mode"":""moe_tp"",""tensor_parallel_sizes"":[1]},""moe_shuffling"":{""dimension_source"":""routed_mlp_hidden_dim"",""effective_ffn_width"":768,""expert_parallel_mode"":""on"",""layer_kind"":""routed"",""operator_family_id"":""moe"",""operator_family_ids"":[""moe""],""profile_id"":""generic"",""selected_expert_parallel_size"":null,""selected_padded_ffn_width"":768,""selected_tensor_parallel_size"":1,""tensor_parallel_mode"":""moe_tp"",""tensor_parallel_sizes"":[1]}}",298,0.375,18.625,18.625,0.75,0.0,0.967165091874582,2.040268456375839,3.1046055363995917,0.49286912751677847,extremely_skewed,2,vllm_fused,CUDA_EVENT,BF16,generic,generic,none
0.033984001725912094,0.2742080092430115,0.0489296006038785,0.03699199855327606,0.05170320961109765,20,0.05929600074887276,0.07440000027418137,0.06943679954856634,0.06976000219583511,0.0035878535158543365,20,0.04387199878692627,0.08876799792051315,0.048556800186634066,0.04582400061190128,0.009543681744870044,20,0.14764800667762756,0.1600320041179657,0.1522223949432373,0.15148800611495972,0.0033114321995526552,96,128,16,8,standard_fused_topk,logit_topk,softmax_renorm,True,prefill_hot,ffn_like_prefix_20x,8,2048,768,True,1,"{""moe_gating_linear"":{""dimension_source"":""routed_mlp_hidden_dim"",""effective_ffn_width"":768,""expert_parallel_mode"":""on"",""layer_kind"":""routed"",""operator_family_id"":""moe"",""operator_family_ids"":[""moe""],""profile_id"":""generic"",""selected_expert_parallel_size"":null,""selected_padded_ffn_width"":768,""selected_tensor_parallel_size"":1,""tensor_parallel_mode"":""moe_tp"",""tensor_parallel_sizes"":[1]},""moe_gating_routing_topk"":{""dimension_source"":""routed_mlp_hidden_dim"",""effective_ffn_width"":768,""expert_parallel_mode"":""on"",""layer_kind"":""routed"",""operator_family_id"":""moe"",""operator_family_ids"":[""moe""],""profile_id"":""generic"",""selected_expert_parallel_size"":null,""selected_padded_ffn_width"":768,""selected_tensor_parallel_size"":1,""tensor_parallel_mode"":""moe_tp"",""tensor_parallel_sizes"":[1]},""moe_grouped_gemm"":{""dimension_source"":""routed_mlp_hidden_dim"",""effective_ffn_width"":768,""expert_parallel_mode"":""on"",""layer_kind"":""routed"",""operator_family_id"":""moe"",""operator_family_ids"":[""moe""],""profile_id"":""generic"",""selected_expert_parallel_size"":8,""selected_padded_ffn_width"":768,""selected_tensor_parallel_size"":1,""tensor_parallel_mode"":""moe_tp"",""tensor_parallel_sizes"":[1]},""moe_shuffling"":{""dimension_source"":""routed_mlp_hidden_dim"",""effective_ffn_width"":768,""expert_parallel_mode"":""on"",""layer_kind"":""routed"",""operator_family_id"":""moe"",""operator_family_ids"":[""moe""],""profile_id"":""generic"",""selected_expert_parallel_size"":null,""selected_padded_ffn_width"":768,""selected_tensor_parallel_size"":1,""tensor_parallel_mode"":""moe_tp"",""tensor_parallel_sizes"":[1]}}",76,0.375,4.75,4.75,1.0,0.42105263157894735,0.32014539633148525,1.6842105263157894,3.925302435896617,0.17763157894736836,uniform,2,vllm_fused,CUDA_EVENT,BF16,generic,generic,none
0.030239999294281006,0.11859200149774551,0.03880959991365671,0.0359680000692606,0.018542153358623425,20,0.05443200096487999,0.07231999933719635,0.06272479966282844,0.0626400001347065,0.00648308661939645,20,0.04025600105524063,0.047168001532554626,0.04157440047711134,0.04126400128006935,0.0014641392091928709,20,0.14601600170135498,0.16019199788570404,0.14982399344444275,0.1475200057029724,0.004278864711523056,48,128,16,8,standard_fused_topk,logit_topk,softmax_renorm,True,prefill_hot,ffn_like_prefix_20x,8,2048,768,True,1,"{""moe_gating_linear"":{""dimension_source"":""routed_mlp_hidden_dim"",""effective_ffn_width"":768,""expert_parallel_mode"":""on"",""layer_kind"":""routed"",""operator_family_id"":""moe"",""operator_family_ids"":[""moe""],""profile_id"":""generic"",""selected_expert_parallel_size"":null,""selected_padded_ffn_width"":768,""selected_tensor_parallel_size"":1,""tensor_parallel_mode"":""moe_tp"",""tensor_parallel_sizes"":[1]},""moe_gating_routing_topk"":{""dimension_source"":""routed_mlp_hidden_dim"",""effective_ffn_width"":768,""expert_parallel_mode"":""on"",""layer_kind"":""routed"",""operator_family_id"":""moe"",""operator_family_ids"":[""moe""],""profile_id"":""generic"",""selected_expert_parallel_size"":null,""selected_padded_ffn_width"":768,""selected_tensor_parallel_size"":1,""tensor_parallel_mode"":""moe_tp"",""tensor_parallel_sizes"":[1]},""moe_grouped_gemm"":{""dimension_source"":""routed_mlp_hidden_dim"",""effective_ffn_width"":768,""expert_parallel_mode"":""on"",""layer_kind"":""routed"",""operator_family_id"":""moe"",""operator_family_ids"":[""moe""],""profile_id"":""generic"",""selected_expert_parallel_size"":8,""selected_padded_ffn_width"":768,""selected_tensor_parallel_size"":1,""tensor_parallel_mode"":""moe_tp"",""tensor_parallel_sizes"":[1]},""moe_shuffling"":{""dimension_source"":""routed_mlp_hidden_dim"",""effective_ffn_width"":768,""expert_parallel_mode"":""on"",""layer_kind"":""routed"",""operator_family_id"":""moe"",""operator_family_ids"":[""moe""],""profile_id"":""generic"",""selected_expert_parallel_size"":null,""selected_padded_ffn_width"":768,""selected_tensor_parallel_size"":1,""tensor_parallel_mode"":""moe_tp"",""tensor_parallel_sizes"":[1]}}",15,0.375,0.9375,0.9375,0.625,0.0,0.8819171036881969,2.1333333333333333,3.240223929180246,0.47916666666666674,skewed,0,vllm_fused,CUDA_EVENT,BF16,generic,generic,none
0.029023999348282814,0.08460800349712372,0.03386560026556253,0.03041600063443184,0.011910532682715365,20,0.05270399898290634,0.07174400240182877,0.0562992000952363,0.054447999224066734,0.005175620683392134,20,0.04092799872159958,0.046560000628232956,0.04250080026686191,0.042047999799251556,0.0013019822012165106,20,0.14441600441932678,0.15401600301265717,0.14787840843200684,0.1475200057029724,0.0027364769484847784,24,128,16,8,standard_fused_topk,logit_topk,softmax_renorm,True,prefill_hot,ffn_like_prefix_20x,8,2048,768,True,1,"{""moe_gating_linear"":{""dimension_source"":""routed_mlp_hidden_dim"",""effective_ffn_width"":768,""expert_parallel_mode"":""on"",""layer_kind"":""routed"",""operator_family_id"":""moe"",""operator_family_ids"":[""moe""],""profile_id"":""generic"",""selected_expert_parallel_size"":null,""selected_padded_ffn_width"":768,""selected_tensor_parallel_size"":1,""tensor_parallel_mode"":""moe_tp"",""tensor_parallel_sizes"":[1]},""moe_gating_routing_topk"":{""dimension_source"":""routed_mlp_hidden_dim"",""effective_ffn_width"":768,""expert_parallel_mode"":""on"",""layer_kind"":""routed"",""operator_family_id"":""moe"",""operator_family_ids"":[""moe""],""profile_id"":""generic"",""selected_expert_parallel_size"":null,""selected_padded_ffn_width"":768,""selected_tensor_parallel_size"":1,""tensor_parallel_mode"":""moe_tp"",""tensor_parallel_sizes"":[1]},""moe_grouped_gemm"":{""dimension_source"":""routed_mlp_hidden_dim"",""effective_ffn_width"":768,""expert_parallel_mode"":""on"",""layer_kind"":""routed"",""operator_family_id"":""moe"",""operator_family_ids"":[""moe""],""profile_id"":""generic"",""selected_expert_parallel_size"":8,""selected_padded_ffn_width"":768,""selected_tensor_parallel_size"":1,""tensor_parallel_mode"":""moe_tp"",""tensor_parallel_sizes"":[1]},""moe_shuffling"":{""dimension_source"":""routed_mlp_hidden_dim"",""effective_ffn_width"":768,""expert_parallel_mode"":""on"",""layer_kind"":""routed"",""operator_family_id"":""moe"",""operator_family_ids"":[""moe""],""profile_id"":""generic"",""selected_expert_parallel_size"":null,""selected_padded_ffn_width"":768,""selected_tensor_parallel_size"":1,""tensor_parallel_mode"":""moe_tp"",""tensor_parallel_sizes"":[1]}}",22,0.375,1.375,1.375,0.75,0.0,0.9226265059174744,2.909090909090909,3.3342094596148044,0.4829545454545454,uniform,0,vllm_fused,CUDA_EVENT,BF16,generic,generic,none
0.033215999603271484,0.1879040002822876,0.04274560008198023,0.03456000052392483,0.03334611531642924,20,0.05955199897289276,0.08297599852085114,0.06485759932547808,0.0622399989515543,0.005772320764500937,20,0.044064000248909,0.06988800317049026,0.04717599991708994,0.04564799927175045,0.005507961064123055,20,0.151296004652977,0.16790400445461273,0.1569664180278778,0.15507200360298157,0.004395517520606518,96,128,16,8,standard_fused_topk,logit_topk,softmax_renorm,True,prefill_hot,ffn_like_prefix_20x,8,2048,768,True,1,"{""moe_gating_linear"":{""dimension_source"":""routed_mlp_hidden_dim"",""effective_ffn_width"":768,""expert_parallel_mode"":""on"",""layer_kind"":""routed"",""operator_family_id"":""moe"",""operator_family_ids"":[""moe""],""profile_id"":""generic"",""selected_expert_parallel_size"":null,""selected_padded_ffn_width"":768,""selected_tensor_parallel_size"":1,""tensor_parallel_mode"":""moe_tp"",""tensor_parallel_sizes"":[1]},""moe_gating_routing_topk"":{""dimension_source"":""routed_mlp_hidden_dim"",""effective_ffn_width"":768,""expert_parallel_mode"":""on"",""layer_kind"":""routed"",""operator_family_id"":""moe"",""operator_family_ids"":[""moe""],""profile_id"":""generic"",""selected_expert_parallel_size"":null,""selected_padded_ffn_width"":768,""selected_tensor_parallel_size"":1,""tensor_parallel_mode"":""moe_tp"",""tensor_parallel_sizes"":[1]},""moe_grouped_gemm"":{""dimension_source"":""routed_mlp_hidden_dim"",""effective_ffn_width"":768,""expert_parallel_mode"":""on"",""layer_kind"":""routed"",""operator_family_id"":""moe"",""operator_family_ids"":[""moe""],""profile_id"":""generic"",""selected_expert_parallel_size"":8,""selected_padded_ffn_width"":768,""selected_tensor_parallel_size"":1,""tensor_parallel_mode"":""moe_tp"",""tensor_parallel_sizes"":[1]},""moe_shuffling"":{""dimension_source"":""routed_mlp_hidden_dim"",""effective_ffn_width"":768,""expert_parallel_mode"":""on"",""layer_kind"":""routed"",""operator_family_id"":""moe"",""operator_family_ids"":[""moe""],""profile_id"":""generic"",""selected_expert_parallel_size"":null,""selected_padded_ffn_width"":768,""selected_tensor_parallel_size"":1,""tensor_parallel_mode"":""moe_tp"",""tensor_parallel_sizes"":[1]}}",671,0.375,41.9375,41.9375,0.75,0.0,0.9764985004409621,2.0268256333830106,3.0801221848357505,0.4948770491803278,extremely_skewed,1,vllm_fused,CUDA_EVENT,BF16,generic,generic,none
0.013055999763309956,0.014560000039637089,0.0137535999994725,0.013712000101804733,0.0003304842702080279,20,0.022175999358296394,0.02486399933695793,0.023523199930787088,0.023599999956786633,0.0006707721227813901,20,0.04464000090956688,0.11033599823713303,0.051212799921631816,0.04576000012457371,0.014578370071357037,20,0.2620159983634949,0.26953598856925964,0.2655743956565857,0.2655999958515167,0.002126788254827261,4096,128,16,8,standard_fused_topk,logit_topk,softmax_renorm,True,prefill_hot,ffn_like_prefix_20x,8,2048,768,True,1,"{""moe_gating_linear"":{""dimension_source"":""routed_mlp_hidden_dim"",""effective_ffn_width"":768,""expert_parallel_mode"":""on"",""layer_kind"":""routed"",""operator_family_id"":""moe"",""operator_family_ids"":[""moe""],""profile_id"":""generic"",""selected_expert_parallel_size"":null,""selected_padded_ffn_width"":768,""selected_tensor_parallel_size"":1,""tensor_parallel_mode"":""moe_tp"",""tensor_parallel_sizes"":[1]},""moe_gating_routing_topk"":{""dimension_source"":""routed_mlp_hidden_dim"",""effective_ffn_width"":768,""expert_parallel_mode"":""on"",""layer_kind"":""routed"",""operator_family_id"":""moe"",""operator_family_ids"":[""moe""],""profile_id"":""generic"",""selected_expert_parallel_size"":null,""selected_padded_ffn_width"":768,""selected_tensor_parallel_size"":1,""tensor_parallel_mode"":""moe_tp"",""tensor_parallel_sizes"":[1]},""moe_grouped_gemm"":{""dimension_source"":""routed_mlp_hidden_dim"",""effective_ffn_width"":768,""expert_parallel_mode"":""on"",""layer_kind"":""routed"",""operator_family_id"":""moe"",""operator_family_ids"":[""moe""],""profile_id"":""generic"",""selected_expert_parallel_size"":8,""selected_padded_ffn_width"":768,""selected_tensor_parallel_size"":1,""tensor_parallel_mode"":""moe_tp"",""tensor_parallel_sizes"":[1]},""moe_shuffling"":{""dimension_source"":""routed_mlp_hidden_dim"",""effective_ffn_width"":768,""expert_parallel_mode"":""on"",""layer_kind"":""routed"",""operator_family_id"":""moe"",""operator_family_ids"":[""moe""],""profile_id"":""generic"",""selected_expert_parallel_size"":null,""selected_padded_ffn_width"":768,""selected_tensor_parallel_size"":1,""tensor_parallel_mode"":""moe_tp"",""tensor_parallel_sizes"":[1]}}",1506,0.375,94.125,94.125,1.0,0.3399734395750332,0.318013259981377,1.5192563081009296,3.9191034306933132,0.1782038512616202,skewed,0,vllm_fused,CUDA_EVENT,BF16,generic,generic,none
0.029152000322937965,0.08582399785518646,0.03382239993661642,0.030287999659776688,0.012127022051161089,20,0.053279999643564224,0.07148800045251846,0.05667840000241995,0.05491199903190136,0.004732330002934356,20,0.05257600173354149,0.056992001831531525,0.05385280027985573,0.05350400134921074,0.001119767364256557,20,0.14684799313545227,0.15907199680805206,0.15066561102867126,0.15014399588108063,0.0030863883439451456,48,128,16,8,standard_fused_topk,logit_topk,softmax_renorm,True,prefill_hot,ffn_like_prefix_20x,8,2048,768,True,1,"{""moe_gating_linear"":{""dimension_source"":""routed_mlp_hidden_dim"",""effective_ffn_width"":768,""expert_parallel_mode"":""on"",""layer_kind"":""routed"",""operator_family_id"":""moe"",""operator_family_ids"":[""moe""],""profile_id"":""generic"",""selected_expert_parallel_size"":null,""selected_padded_ffn_width"":768,""selected_tensor_parallel_size"":1,""tensor_parallel_mode"":""moe_tp"",""tensor_parallel_sizes"":[1]},""moe_gating_routing_topk"":{""dimension_source"":""routed_mlp_hidden_dim"",""effective_ffn_width"":768,""expert_parallel_mode"":""on"",""layer_kind"":""routed"",""operator_family_id"":""moe"",""operator_family_ids"":[""moe""],""profile_id"":""generic"",""selected_expert_parallel_size"":null,""selected_padded_ffn_width"":768,""selected_tensor_parallel_size"":1,""tensor_parallel_mode"":""moe_tp"",""tensor_parallel_sizes"":[1]},""moe_grouped_gemm"":{""dimension_source"":""routed_mlp_hidden_dim"",""effective_ffn_width"":768,""expert_parallel_mode"":""on"",""layer_kind"":""routed"",""operator_family_id"":""moe"",""operator_family_ids"":[""moe""],""profile_id"":""generic"",""selected_expert_parallel_size"":8,""selected_padded_ffn_width"":768,""selected_tensor_parallel_size"":1,""tensor_parallel_mode"":""moe_tp"",""tensor_parallel_sizes"":[1]},""moe_shuffling"":{""dimension_source"":""routed_mlp_hidden_dim"",""effective_ffn_width"":768,""expert_parallel_mode"":""on"",""layer_kind"":""routed"",""operator_family_id"":""moe"",""operator_family_ids"":[""moe""],""profile_id"":""generic"",""selected_expert_parallel_size"":null,""selected_padded_ffn_width"":768,""selected_tensor_parallel_size"":1,""tensor_parallel_mode"":""moe_tp"",""tensor_parallel_sizes"":[1]}}",48,0.375,3.0,3.0,0.875,0.0,0.6454972243679028,2.3333333333333335,3.6268337324388873,0.36458333333333326,uniform,1,vllm_fused,CUDA_EVENT,BF16,generic,generic,none
0.029888000339269638,0.08243200182914734,0.03522079987451434,0.03177599981427193,0.011170339533545525,20,0.05392000079154968,0.06931199878454208,0.059374400041997434,0.05708799883723259,0.004905919046674268,20,0.04150399938225746,0.05443200096487999,0.04440960008651018,0.04241599887609482,0.004118272118499886,20,0.16892799735069275,0.1852159947156906,0.17276959121227264,0.17164799571037292,0.004006166011095047,32,128,16,8,standard_fused_topk,logit_topk,softmax_renorm,True,prefill_hot,ffn_like_prefix_20x,8,2048,768,True,1,"{""moe_gating_linear"":{""dimension_source"":""routed_mlp_hidden_dim"",""effective_ffn_width"":768,""expert_parallel_mode"":""on"",""layer_kind"":""routed"",""operator_family_id"":""moe"",""operator_family_ids"":[""moe""],""profile_id"":""generic"",""selected_expert_parallel_size"":null,""selected_padded_ffn_width"":768,""selected_tensor_parallel_size"":1,""tensor_parallel_mode"":""moe_tp"",""tensor_parallel_sizes"":[1]},""moe_gating_routing_topk"":{""dimension_source"":""routed_mlp_hidden_dim"",""effective_ffn_width"":768,""expert_parallel_mode"":""on"",""layer_kind"":""routed"",""operator_family_id"":""moe"",""operator_family_ids"":[""moe""],""profile_id"":""generic"",""selected_expert_parallel_size"":null,""selected_padded_ffn_width"":768,""selected_tensor_parallel_size"":1,""tensor_parallel_mode"":""moe_tp"",""tensor_parallel_sizes"":[1]},""moe_grouped_gemm"":{""dimension_source"":""routed_mlp_hidden_dim"",""effective_ffn_width"":768,""expert_parallel_mode"":""on"",""layer_kind"":""routed"",""operator_family_id"":""moe"",""operator_family_ids"":[""moe""],""profile_id"":""generic"",""selected_expert_parallel_size"":8,""selected_padded_ffn_width"":768,""selected_tensor_parallel_size"":1,""tensor_parallel_mode"":""moe_tp"",""tensor_parallel_sizes"":[1]},""moe_shuffling"":{""dimension_source"":""routed_mlp_hidden_dim"",""effective_ffn_width"":768,""expert_parallel_mode"":""on"",""layer_kind"":""routed"",""operator_family_id"":""moe"",""operator_family_ids"":[""moe""],""profile_id"":""generic"",""selected_expert_parallel_size"":null,""selected_padded_ffn_width"":768,""selected_tensor_parallel_size"":1,""tensor_parallel_mode"":""moe_tp"",""tensor_parallel_sizes"":[1]}}",222,0.375,13.875,13.875,0.6875,0.0,0.9648896792764732,2.018018018018018,3.102957979236269,0.49155405405405395,extremely_skewed,1,vllm_fused,CUDA_EVENT,BF16,generic,generic,none
0.01321600005030632,0.014592000283300877,0.0137039999011904,0.01369599997997284,0.0002920384075456245,20,0.022143999114632607,0.024320000782608986,0.023433600179851057,0.023711999878287315,0.0006595496101033451,20,0.053568001836538315,0.060256000608205795,0.054911999963223934,0.05462399870157242,0.0014296516103098024,20,0.2736319899559021,0.28697600960731506,0.2790304124355316,0.2793920040130615,0.003246038919314742,4096,128,16,8,standard_fused_topk,logit_topk,softmax_renorm,True,prefill_hot,ffn_like_prefix_20x,8,2048,768,True,1,"{""moe_gating_linear"":{""dimension_source"":""routed_mlp_hidden_dim"",""effective_ffn_width"":768,""expert_parallel_mode"":""on"",""layer_kind"":""routed"",""operator_family_id"":""moe"",""operator_family_ids"":[""moe""],""profile_id"":""generic"",""selected_expert_parallel_size"":null,""selected_padded_ffn_width"":768,""selected_tensor_parallel_size"":1,""tensor_parallel_mode"":""moe_tp"",""tensor_parallel_sizes"":[1]},""moe_gating_routing_topk"":{""dimension_source"":""routed_mlp_hidden_dim"",""effective_ffn_width"":768,""expert_parallel_mode"":""on"",""layer_kind"":""routed"",""operator_family_id"":""moe"",""operator_family_ids"":[""moe""],""profile_id"":""generic"",""selected_expert_parallel_size"":null,""selected_padded_ffn_width"":768,""selected_tensor_parallel_size"":1,""tensor_parallel_mode"":""moe_tp"",""tensor_parallel_sizes"":[1]},""moe_grouped_gemm"":{""dimension_source"":""routed_mlp_hidden_dim"",""effective_ffn_width"":768,""expert_parallel_mode"":""on"",""layer_kind"":""routed"",""operator_family_id"":""moe"",""operator_family_ids"":[""moe""],""profile_id"":""generic"",""selected_expert_parallel_size"":8,""selected_padded_ffn_width"":768,""selected_tensor_parallel_size"":1,""tensor_parallel_mode"":""moe_tp"",""tensor_parallel_sizes"":[1]},""moe_shuffling"":{""dimension_source"":""routed_mlp_hidden_dim"",""effective_ffn_width"":768,""expert_parallel_mode"":""on"",""layer_kind"":""routed"",""operator_family_id"":""moe"",""operator_family_ids"":[""moe""],""profile_id"":""generic"",""selected_expert_parallel_size"":null,""selected_padded_ffn_width"":768,""selected_tensor_parallel_size"":1,""tensor_parallel_mode"":""moe_tp"",""tensor_parallel_sizes"":[1]}}",1508,0.375,94.25,94.25,1.0,0.3395225464190981,0.351586484019413,1.4748010610079576,3.9014306143893895,0.1983587533156499,skewed,1,vllm_fused,CUDA_EVENT,BF16,generic,generic,none
0.033055998384952545,0.1319040060043335,0.0421856002882123,0.037967998534440994,0.020668593220698573,20,0.059167999774217606,0.0759039968252182,0.06965919956564903,0.07014399766921997,0.004010830605273035,20,0.04467200115323067,0.06323199719190598,0.05566719993948936,0.055424001067876816,0.003480790474036817,20,0.1507200002670288,0.187391996383667,0.17158880829811096,0.17772799730300903,0.013074209913611412,80,128,16,8,standard_fused_topk,logit_topk,softmax_renorm,True,prefill_hot,ffn_like_prefix_20x,8,2048,768,True,1,"{""moe_gating_linear"":{""dimension_source"":""routed_mlp_hidden_dim"",""effective_ffn_width"":768,""expert_parallel_mode"":""on"",""layer_kind"":""routed"",""operator_family_id"":""moe"",""operator_family_ids"":[""moe""],""profile_id"":""generic"",""selected_expert_parallel_size"":null,""selected_padded_ffn_width"":768,""selected_tensor_parallel_size"":1,""tensor_parallel_mode"":""moe_tp"",""tensor_parallel_sizes"":[1]},""moe_gating_routing_topk"":{""dimension_source"":""routed_mlp_hidden_dim"",""effective_ffn_width"":768,""expert_parallel_mode"":""on"",""layer_kind"":""routed"",""operator_family_id"":""moe"",""operator_family_ids"":[""moe""],""profile_id"":""generic"",""selected_expert_parallel_size"":null,""selected_padded_ffn_width"":768,""selected_tensor_parallel_size"":1,""tensor_parallel_mode"":""moe_tp"",""tensor_parallel_sizes"":[1]},""moe_grouped_gemm"":{""dimension_source"":""routed_mlp_hidden_dim"",""effective_ffn_width"":768,""expert_parallel_mode"":""on"",""layer_kind"":""routed"",""operator_family_id"":""moe"",""operator_family_ids"":[""moe""],""profile_id"":""generic"",""selected_expert_parallel_size"":8,""selected_padded_ffn_width"":768,""selected_tensor_parallel_size"":1,""tensor_parallel_mode"":""moe_tp"",""tensor_parallel_sizes"":[1]},""moe_shuffling"":{""dimension_source"":""routed_mlp_hidden_dim"",""effective_ffn_width"":768,""expert_parallel_mode"":""on"",""layer_kind"":""routed"",""operator_family_id"":""moe"",""operator_family_ids"":[""moe""],""profile_id"":""generic"",""selected_expert_parallel_size"":null,""selected_padded_ffn_width"":768,""selected_tensor_parallel_size"":1,""tensor_parallel_mode"":""moe_tp"",""tensor_parallel_sizes"":[1]}}",72,0.375,4.5,4.5,1.0,0.2222222222222222,0.5091750772173156,1.7777777777777777,3.799630343893143,0.2881944444444444,uniform,1,vllm_fused,CUDA_EVENT,BF16,generic,generic,none
0.0350399985909462,0.09161599725484848,0.03909599967300892,0.036320000886917114,0.012070057887570658,20,0.06335999816656113,0.07177600264549255,0.06749599985778332,0.06752000004053116,0.001738601713394245,20,0.05087999999523163,0.08659200370311737,0.053926400281488894,0.051711998879909515,0.007650534916441794,20,0.14640000462532043,0.18572799861431122,0.1534847915172577,0.14998400211334229,0.009060847572982311,32,128,16,8,standard_fused_topk,logit_topk,softmax_renorm,True,prefill_hot,ffn_like_prefix_20x,8,2048,768,True,1,"{""moe_gating_linear"":{""dimension_source"":""routed_mlp_hidden_dim"",""effective_ffn_width"":768,""expert_parallel_mode"":""on"",""layer_kind"":""routed"",""operator_family_id"":""moe"",""operator_family_ids"":[""moe""],""profile_id"":""generic"",""selected_expert_parallel_size"":null,""selected_padded_ffn_width"":768,""selected_tensor_parallel_size"":1,""tensor_parallel_mode"":""moe_tp"",""tensor_parallel_sizes"":[1]},""moe_gating_routing_topk"":{""dimension_source"":""routed_mlp_hidden_dim"",""effective_ffn_width"":768,""expert_parallel_mode"":""on"",""layer_kind"":""routed"",""operator_family_id"":""moe"",""operator_family_ids"":[""moe""],""profile_id"":""generic"",""selected_expert_parallel_size"":null,""selected_padded_ffn_width"":768,""selected_tensor_parallel_size"":1,""tensor_parallel_mode"":""moe_tp"",""tensor_parallel_sizes"":[1]},""moe_grouped_gemm"":{""dimension_source"":""routed_mlp_hidden_dim"",""effective_ffn_width"":768,""expert_parallel_mode"":""on"",""layer_kind"":""routed"",""operator_family_id"":""moe"",""operator_family_ids"":[""moe""],""profile_id"":""generic"",""selected_expert_parallel_size"":8,""selected_padded_ffn_width"":768,""selected_tensor_parallel_size"":1,""tensor_parallel_mode"":""moe_tp"",""tensor_parallel_sizes"":[1]},""moe_shuffling"":{""dimension_source"":""routed_mlp_hidden_dim"",""effective_ffn_width"":768,""expert_parallel_mode"":""on"",""layer_kind"":""routed"",""operator_family_id"":""moe"",""operator_family_ids"":[""moe""],""profile_id"":""generic"",""selected_expert_parallel_size"":null,""selected_padded_ffn_width"":768,""selected_tensor_parallel_size"":1,""tensor_parallel_mode"":""moe_tp"",""tensor_parallel_sizes"":[1]}}",27,0.375,1.6875,1.6875,0.8125,0.0,0.6186404847588913,1.7777777777777777,3.6060152797492853,0.3402777777777777,uniform,2,vllm_fused,CUDA_EVENT,BF16,generic,generic,none
0.03014400042593479,0.16406400501728058,0.041472000535577536,0.03563200123608112,0.028221377791955465,20,0.05369599908590317,0.07052800059318542,0.06395360101014376,0.0658240020275116,0.005516576599541072,20,0.052000001072883606,0.06460800021886826,0.05389600023627281,0.05326399952173233,0.00260490369489466,20,0.1472640037536621,0.20502400398254395,0.16945281624794006,0.17177599668502808,0.013870574533939362,24,128,16,8,standard_fused_topk,logit_topk,softmax_renorm,True,prefill_hot,ffn_like_prefix_20x,8,2048,768,True,1,"{""moe_gating_linear"":{""dimension_source"":""routed_mlp_hidden_dim"",""effective_ffn_width"":768,""expert_parallel_mode"":""on"",""layer_kind"":""routed"",""operator_family_id"":""moe"",""operator_family_ids"":[""moe""],""profile_id"":""generic"",""selected_expert_parallel_size"":null,""selected_padded_ffn_width"":768,""selected_tensor_parallel_size"":1,""tensor_parallel_mode"":""moe_tp"",""tensor_parallel_sizes"":[1]},""moe_gating_routing_topk"":{""dimension_source"":""routed_mlp_hidden_dim"",""effective_ffn_width"":768,""expert_parallel_mode"":""on"",""layer_kind"":""routed"",""operator_family_id"":""moe"",""operator_family_ids"":[""moe""],""profile_id"":""generic"",""selected_expert_parallel_size"":null,""selected_padded_ffn_width"":768,""selected_tensor_parallel_size"":1,""tensor_parallel_mode"":""moe_tp"",""tensor_parallel_sizes"":[1]},""moe_grouped_gemm"":{""dimension_source"":""routed_mlp_hidden_dim"",""effective_ffn_width"":768,""expert_parallel_mode"":""on"",""layer_kind"":""routed"",""operator_family_id"":""moe"",""operator_family_ids"":[""moe""],""profile_id"":""generic"",""selected_expert_parallel_size"":8,""selected_padded_ffn_width"":768,""selected_tensor_parallel_size"":1,""tensor_parallel_mode"":""moe_tp"",""tensor_parallel_sizes"":[1]},""moe_shuffling"":{""dimension_source"":""routed_mlp_hidden_dim"",""effective_ffn_width"":768,""expert_parallel_mode"":""on"",""layer_kind"":""routed"",""operator_family_id"":""moe"",""operator_family_ids"":[""moe""],""profile_id"":""generic"",""selected_expert_parallel_size"":null,""selected_padded_ffn_width"":768,""selected_tensor_parallel_size"":1,""tensor_parallel_mode"":""moe_tp"",""tensor_parallel_sizes"":[1]}}",156,0.375,9.75,9.75,0.6875,0.0,0.9624781732883826,2.051282051282051,3.109678365316137,0.48958333333333326,extremely_skewed,2,vllm_fused,CUDA_EVENT,BF16,generic,generic,none
0.03376000002026558,0.08764799684286118,0.04042079988867044,0.038575999438762665,0.01119468727789183,20,0.06054399907588959,0.08259200304746628,0.07007359992712736,0.07214399799704552,0.0061902565465023,20,0.05475199967622757,0.0631679967045784,0.05668159984052181,0.05596800148487091,0.0019954527026644947,20,0.17852799594402313,0.19542400538921356,0.18337120115756989,0.18201600015163422,0.004231512546539307,80,128,16,8,standard_fused_topk,logit_topk,softmax_renorm,True,prefill_hot,ffn_like_prefix_20x,8,2048,768,True,1,"{""moe_gating_linear"":{""dimension_source"":""routed_mlp_hidden_dim"",""effective_ffn_width"":768,""expert_parallel_mode"":""on"",""layer_kind"":""routed"",""operator_family_id"":""moe"",""operator_family_ids"":[""moe""],""profile_id"":""generic"",""selected_expert_parallel_size"":null,""selected_padded_ffn_width"":768,""selected_tensor_parallel_size"":1,""tensor_parallel_mode"":""moe_tp"",""tensor_parallel_sizes"":[1]},""moe_gating_routing_topk"":{""dimension_source"":""routed_mlp_hidden_dim"",""effective_ffn_width"":768,""expert_parallel_mode"":""on"",""layer_kind"":""routed"",""operator_family_id"":""moe"",""operator_family_ids"":[""moe""],""profile_id"":""generic"",""selected_expert_parallel_size"":null,""selected_padded_ffn_width"":768,""selected_tensor_parallel_size"":1,""tensor_parallel_mode"":""moe_tp"",""tensor_parallel_sizes"":[1]},""moe_grouped_gemm"":{""dimension_source"":""routed_mlp_hidden_dim"",""effective_ffn_width"":768,""expert_parallel_mode"":""on"",""layer_kind"":""routed"",""operator_family_id"":""moe"",""operator_family_ids"":[""moe""],""profile_id"":""generic"",""selected_expert_parallel_size"":8,""selected_padded_ffn_width"":768,""selected_tensor_parallel_size"":1,""tensor_parallel_mode"":""moe_tp"",""tensor_parallel_sizes"":[1]},""moe_shuffling"":{""dimension_source"":""routed_mlp_hidden_dim"",""effective_ffn_width"":768,""expert_parallel_mode"":""on"",""layer_kind"":""routed"",""operator_family_id"":""moe"",""operator_family_ids"":[""moe""],""profile_id"":""generic"",""selected_expert_parallel_size"":null,""selected_padded_ffn_width"":768,""selected_tensor_parallel_size"":1,""tensor_parallel_mode"":""moe_tp"",""tensor_parallel_sizes"":[1]}}",533,0.375,33.3125,33.3125,0.8125,0.0,0.966662319225377,2.0112570356472794,3.1112714018565537,0.4907363977485928,extremely_skewed,0,vllm_fused,CUDA_EVENT,BF16,generic,generic,none
0.02876799926161766,0.08070400357246399,0.03759839991107583,0.03478400036692619,0.012838421066872819,20,0.05363199859857559,0.06771200150251389,0.061644799821078775,0.06419200077652931,0.005082698317608061,20,0.04076800122857094,0.04774399846792221,0.04251200016587973,0.04217600077390671,0.0015652379706139322,20,0.1478399932384491,0.191103994846344,0.16762879490852356,0.1751679927110672,0.014273282140493393,32,128,16,8,standard_fused_topk,logit_topk,softmax_renorm,True,prefill_hot,ffn_like_prefix_20x,8,2048,768,True,1,"{""moe_gating_linear"":{""dimension_source"":""routed_mlp_hidden_dim"",""effective_ffn_width"":768,""expert_parallel_mode"":""on"",""layer_kind"":""routed"",""operator_family_id"":""moe"",""operator_family_ids"":[""moe""],""profile_id"":""generic"",""selected_expert_parallel_size"":null,""selected_padded_ffn_width"":768,""selected_tensor_parallel_size"":1,""tensor_parallel_mode"":""moe_tp"",""tensor_parallel_sizes"":[1]},""moe_gating_routing_topk"":{""dimension_source"":""routed_mlp_hidden_dim"",""effective_ffn_width"":768,""expert_parallel_mode"":""on"",""layer_kind"":""routed"",""operator_family_id"":""moe"",""operator_family_ids"":[""moe""],""profile_id"":""generic"",""selected_expert_parallel_size"":null,""selected_padded_ffn_width"":768,""selected_tensor_parallel_size"":1,""tensor_parallel_mode"":""moe_tp"",""tensor_parallel_sizes"":[1]},""moe_grouped_gemm"":{""dimension_source"":""routed_mlp_hidden_dim"",""effective_ffn_width"":768,""expert_parallel_mode"":""on"",""layer_kind"":""routed"",""operator_family_id"":""moe"",""operator_family_ids"":[""moe""],""profile_id"":""generic"",""selected_expert_parallel_size"":8,""selected_padded_ffn_width"":768,""selected_tensor_parallel_size"":1,""tensor_parallel_mode"":""moe_tp"",""tensor_parallel_sizes"":[1]},""moe_shuffling"":{""dimension_source"":""routed_mlp_hidden_dim"",""effective_ffn_width"":768,""expert_parallel_mode"":""on"",""layer_kind"":""routed"",""operator_family_id"":""moe"",""operator_family_ids"":[""moe""],""profile_id"":""generic"",""selected_expert_parallel_size"":null,""selected_padded_ffn_width"":768,""selected_tensor_parallel_size"":1,""tensor_parallel_mode"":""moe_tp"",""tensor_parallel_sizes"":[1]}}",32,0.375,2.0,2.0,0.875,0.0,0.6846531968814576,2.5,3.6136085008246654,0.37109375,uniform,0,vllm_fused,CUDA_EVENT,BF16,generic,generic,none
0.030239999294281006,0.09123200178146362,0.03740960033610463,0.03537600114941597,0.01265479059019514,20,0.054048001766204834,0.07654400169849396,0.06282079983502627,0.06436800211668015,0.006091107820977289,20,0.042399998754262924,0.05772799998521805,0.05030079986900091,0.05270400084555149,0.004637592955152031,20,0.14982399344444275,0.18451200425624847,0.1707247942686081,0.17584000527858734,0.012419639155268669,128,128,16,8,standard_fused_topk,logit_topk,softmax_renorm,True,prefill_hot,ffn_like_prefix_20x,8,2048,768,True,1,"{""moe_gating_linear"":{""dimension_source"":""routed_mlp_hidden_dim"",""effective_ffn_width"":768,""expert_parallel_mode"":""on"",""layer_kind"":""routed"",""operator_family_id"":""moe"",""operator_family_ids"":[""moe""],""profile_id"":""generic"",""selected_expert_parallel_size"":null,""selected_padded_ffn_width"":768,""selected_tensor_parallel_size"":1,""tensor_parallel_mode"":""moe_tp"",""tensor_parallel_sizes"":[1]},""moe_gating_routing_topk"":{""dimension_source"":""routed_mlp_hidden_dim"",""effective_ffn_width"":768,""expert_parallel_mode"":""on"",""layer_kind"":""routed"",""operator_family_id"":""moe"",""operator_family_ids"":[""moe""],""profile_id"":""generic"",""selected_expert_parallel_size"":null,""selected_padded_ffn_width"":768,""selected_tensor_parallel_size"":1,""tensor_parallel_mode"":""moe_tp"",""tensor_parallel_sizes"":[1]},""moe_grouped_gemm"":{""dimension_source"":""routed_mlp_hidden_dim"",""effective_ffn_width"":768,""expert_parallel_mode"":""on"",""layer_kind"":""routed"",""operator_family_id"":""moe"",""operator_family_ids"":[""moe""],""profile_id"":""generic"",""selected_expert_parallel_size"":8,""selected_padded_ffn_width"":768,""selected_tensor_parallel_size"":1,""tensor_parallel_mode"":""moe_tp"",""tensor_parallel_sizes"":[1]},""moe_shuffling"":{""dimension_source"":""routed_mlp_hidden_dim"",""effective_ffn_width"":768,""expert_parallel_mode"":""on"",""layer_kind"":""routed"",""operator_family_id"":""moe"",""operator_family_ids"":[""moe""],""profile_id"":""generic"",""selected_expert_parallel_size"":null,""selected_padded_ffn_width"":768,""selected_tensor_parallel_size"":1,""tensor_parallel_mode"":""moe_tp"",""tensor_parallel_sizes"":[1]}}",115,0.375,7.1875,7.1875,1.0,0.2782608695652174,0.30009450307369384,1.6695652173913043,3.927559803913148,0.1570652173913043,uniform,2,vllm_fused,CUDA_EVENT,BF16,generic,generic,none
0.031039999797940254,0.18083199858665466,0.04200960006564856,0.035392001271247864,0.031987370929245085,20,0.05452800169587135,0.09030400216579437,0.0642336007207632,0.06390400044620037,0.009147703375871997,20,0.041471999138593674,0.060256000608205795,0.04480320010334253,0.043295999988913536,0.005237745002477367,20,0.14262400567531586,0.18307200074195862,0.1644015908241272,0.17103999853134155,0.013159127905964851,24,128,16,8,standard_fused_topk,logit_topk,softmax_renorm,True,prefill_hot,ffn_like_prefix_20x,8,2048,768,True,1,"{""moe_gating_linear"":{""dimension_source"":""routed_mlp_hidden_dim"",""effective_ffn_width"":768,""expert_parallel_mode"":""on"",""layer_kind"":""routed"",""operator_family_id"":""moe"",""operator_family_ids"":[""moe""],""profile_id"":""generic"",""selected_expert_parallel_size"":null,""selected_padded_ffn_width"":768,""selected_tensor_parallel_size"":1,""tensor_parallel_mode"":""moe_tp"",""tensor_parallel_sizes"":[1]},""moe_gating_routing_topk"":{""dimension_source"":""routed_mlp_hidden_dim"",""effective_ffn_width"":768,""expert_parallel_mode"":""on"",""layer_kind"":""routed"",""operator_family_id"":""moe"",""operator_family_ids"":[""moe""],""profile_id"":""generic"",""selected_expert_parallel_size"":null,""selected_padded_ffn_width"":768,""selected_tensor_parallel_size"":1,""tensor_parallel_mode"":""moe_tp"",""tensor_parallel_sizes"":[1]},""moe_grouped_gemm"":{""dimension_source"":""routed_mlp_hidden_dim"",""effective_ffn_width"":768,""expert_parallel_mode"":""on"",""layer_kind"":""routed"",""operator_family_id"":""moe"",""operator_family_ids"":[""moe""],""profile_id"":""generic"",""selected_expert_parallel_size"":8,""selected_padded_ffn_width"":768,""selected_tensor_parallel_size"":1,""tensor_parallel_mode"":""moe_tp"",""tensor_parallel_sizes"":[1]},""moe_shuffling"":{""dimension_source"":""routed_mlp_hidden_dim"",""effective_ffn_width"":768,""expert_parallel_mode"":""on"",""layer_kind"":""routed"",""operator_family_id"":""moe"",""operator_family_ids"":[""moe""],""profile_id"":""generic"",""selected_expert_parallel_size"":null,""selected_padded_ffn_width"":768,""selected_tensor_parallel_size"":1,""tensor_parallel_mode"":""moe_tp"",""tensor_parallel_sizes"":[1]}}",142,0.375,8.875,8.875,0.625,0.0,0.9740737542071398,2.140845070422535,3.0774776527500833,0.5008802816901408,extremely_skewed,0,vllm_fused,CUDA_EVENT,BF16,generic,generic,none
0.031007999554276466,0.08806400001049042,0.036395199876278636,0.032896000891923904,0.012132918348986051,20,0.05555199831724167,0.07391999661922455,0.061248000152409075,0.05912000127136707,0.005169669492849158,20,0.05331199988722801,0.06598400324583054,0.05520959999412298,0.05415999889373779,0.002773647521926967,20,0.17369599640369415,0.18831999599933624,0.1775072067975998,0.17590400576591492,0.003897380316630006,128,128,16,8,standard_fused_topk,logit_topk,softmax_renorm,True,prefill_hot,ffn_like_prefix_20x,8,2048,768,True,1,"{""moe_gating_linear"":{""dimension_source"":""routed_mlp_hidden_dim"",""effective_ffn_width"":768,""expert_parallel_mode"":""on"",""layer_kind"":""routed"",""operator_family_id"":""moe"",""operator_family_ids"":[""moe""],""profile_id"":""generic"",""selected_expert_parallel_size"":null,""selected_padded_ffn_width"":768,""selected_tensor_parallel_size"":1,""tensor_parallel_mode"":""moe_tp"",""tensor_parallel_sizes"":[1]},""moe_gating_routing_topk"":{""dimension_source"":""routed_mlp_hidden_dim"",""effective_ffn_width"":768,""expert_parallel_mode"":""on"",""layer_kind"":""routed"",""operator_family_id"":""moe"",""operator_family_ids"":[""moe""],""profile_id"":""generic"",""selected_expert_parallel_size"":null,""selected_padded_ffn_width"":768,""selected_tensor_parallel_size"":1,""tensor_parallel_mode"":""moe_tp"",""tensor_parallel_sizes"":[1]},""moe_grouped_gemm"":{""dimension_source"":""routed_mlp_hidden_dim"",""effective_ffn_width"":768,""expert_parallel_mode"":""on"",""layer_kind"":""routed"",""operator_family_id"":""moe"",""operator_family_ids"":[""moe""],""profile_id"":""generic"",""selected_expert_parallel_size"":8,""selected_padded_ffn_width"":768,""selected_tensor_parallel_size"":1,""tensor_parallel_mode"":""moe_tp"",""tensor_parallel_sizes"":[1]},""moe_shuffling"":{""dimension_source"":""routed_mlp_hidden_dim"",""effective_ffn_width"":768,""expert_parallel_mode"":""on"",""layer_kind"":""routed"",""operator_family_id"":""moe"",""operator_family_ids"":[""moe""],""profile_id"":""generic"",""selected_expert_parallel_size"":null,""selected_padded_ffn_width"":768,""selected_tensor_parallel_size"":1,""tensor_parallel_mode"":""moe_tp"",""tensor_parallel_sizes"":[1]}}",46,0.375,2.875,2.875,0.9375,0.0,0.613336346941995,2.0869565217391304,3.685967934093786,0.34239130434782616,skewed,0,vllm_fused,CUDA_EVENT,BF16,generic,generic,none
0.03215999901294708,0.10028800368309021,0.03893120028078556,0.03680000081658363,0.014340572849785207,20,0.05676800012588501,0.0804160013794899,0.06651040017604828,0.06958400085568428,0.006975805293285976,20,0.04355200007557869,0.06070400029420853,0.0542000001296401,0.055136000737547874,0.004606565158338263,20,0.14790399372577667,0.1849599927663803,0.1652175933122635,0.1558080017566681,0.013902136124670506,64,128,16,8,standard_fused_topk,logit_topk,softmax_renorm,True,prefill_hot,ffn_like_prefix_20x,8,2048,768,True,1,"{""moe_gating_linear"":{""dimension_source"":""routed_mlp_hidden_dim"",""effective_ffn_width"":768,""expert_parallel_mode"":""on"",""layer_kind"":""routed"",""operator_family_id"":""moe"",""operator_family_ids"":[""moe""],""profile_id"":""generic"",""selected_expert_parallel_size"":null,""selected_padded_ffn_width"":768,""selected_tensor_parallel_size"":1,""tensor_parallel_mode"":""moe_tp"",""tensor_parallel_sizes"":[1]},""moe_gating_routing_topk"":{""dimension_source"":""routed_mlp_hidden_dim"",""effective_ffn_width"":768,""expert_parallel_mode"":""on"",""layer_kind"":""routed"",""operator_family_id"":""moe"",""operator_family_ids"":[""moe""],""profile_id"":""generic"",""selected_expert_parallel_size"":null,""selected_padded_ffn_width"":768,""selected_tensor_parallel_size"":1,""tensor_parallel_mode"":""moe_tp"",""tensor_parallel_sizes"":[1]},""moe_grouped_gemm"":{""dimension_source"":""routed_mlp_hidden_dim"",""effective_ffn_width"":768,""expert_parallel_mode"":""on"",""layer_kind"":""routed"",""operator_family_id"":""moe"",""operator_family_ids"":[""moe""],""profile_id"":""generic"",""selected_expert_parallel_size"":8,""selected_padded_ffn_width"":768,""selected_tensor_parallel_size"":1,""tensor_parallel_mode"":""moe_tp"",""tensor_parallel_sizes"":[1]},""moe_shuffling"":{""dimension_source"":""routed_mlp_hidden_dim"",""effective_ffn_width"":768,""expert_parallel_mode"":""on"",""layer_kind"":""routed"",""operator_family_id"":""moe"",""operator_family_ids"":[""moe""],""profile_id"":""generic"",""selected_expert_parallel_size"":null,""selected_padded_ffn_width"":768,""selected_tensor_parallel_size"":1,""tensor_parallel_mode"":""moe_tp"",""tensor_parallel_sizes"":[1]}}",60,0.375,3.75,3.75,0.875,0.0,0.6429100507328637,2.1333333333333333,3.633881588908528,0.3604166666666666,uniform,0,vllm_fused,CUDA_EVENT,BF16,generic,generic,none
0.031199999153614044,0.0907519981265068,0.03788639958947897,0.036079999059438705,0.012315005343861726,20,0.055615998804569244,0.07449600100517273,0.06400479990988969,0.06611200049519539,0.005450392873197826,20,0.040832001715898514,0.04822399839758873,0.042446399852633473,0.0419359989464283,0.0016679479896476595,20,0.1727360039949417,0.20147199928760529,0.17794081568717957,0.176256000995636,0.006257118657231331,24,128,16,8,standard_fused_topk,logit_topk,softmax_renorm,True,prefill_hot,ffn_like_prefix_20x,8,2048,768,True,1,"{""moe_gating_linear"":{""dimension_source"":""routed_mlp_hidden_dim"",""effective_ffn_width"":768,""expert_parallel_mode"":""on"",""layer_kind"":""routed"",""operator_family_id"":""moe"",""operator_family_ids"":[""moe""],""profile_id"":""generic"",""selected_expert_parallel_size"":null,""selected_padded_ffn_width"":768,""selected_tensor_parallel_size"":1,""tensor_parallel_mode"":""moe_tp"",""tensor_parallel_sizes"":[1]},""moe_gating_routing_topk"":{""dimension_source"":""routed_mlp_hidden_dim"",""effective_ffn_width"":768,""expert_parallel_mode"":""on"",""layer_kind"":""routed"",""operator_family_id"":""moe"",""operator_family_ids"":[""moe""],""profile_id"":""generic"",""selected_expert_parallel_size"":null,""selected_padded_ffn_width"":768,""selected_tensor_parallel_size"":1,""tensor_parallel_mode"":""moe_tp"",""tensor_parallel_sizes"":[1]},""moe_grouped_gemm"":{""dimension_source"":""routed_mlp_hidden_dim"",""effective_ffn_width"":768,""expert_parallel_mode"":""on"",""layer_kind"":""routed"",""operator_family_id"":""moe"",""operator_family_ids"":[""moe""],""profile_id"":""generic"",""selected_expert_parallel_size"":8,""selected_padded_ffn_width"":768,""selected_tensor_parallel_size"":1,""tensor_parallel_mode"":""moe_tp"",""tensor_parallel_sizes"":[1]},""moe_shuffling"":{""dimension_source"":""routed_mlp_hidden_dim"",""effective_ffn_width"":768,""expert_parallel_mode"":""on"",""layer_kind"":""routed"",""operator_family_id"":""moe"",""operator_family_ids"":[""moe""],""profile_id"":""generic"",""selected_expert_parallel_size"":null,""selected_padded_ffn_width"":768,""selected_tensor_parallel_size"":1,""tensor_parallel_mode"":""moe_tp"",""tensor_parallel_sizes"":[1]}}",26,0.375,1.625,1.625,0.75,0.0,0.8668790515065111,3.076923076923077,3.3685477766503293,0.47115384615384626,uniform,1,vllm_fused,CUDA_EVENT,BF16,generic,generic,none
0.029664000496268272,0.0899519994854927,0.03726879991590977,0.03521599993109703,0.01229211281920488,20,0.05484800040721893,0.07321599870920181,0.06509440038353205,0.06720000132918358,0.005524302646725704,20,0.041120000183582306,0.048287998884916306,0.042519999854266646,0.04222400113940239,0.0015021902579752558,20,0.1443839967250824,0.17337599396705627,0.14977920055389404,0.1464959979057312,0.0074780345894396305,32,128,16,8,standard_fused_topk,logit_topk,softmax_renorm,True,prefill_hot,ffn_like_prefix_20x,8,2048,768,True,1,"{""moe_gating_linear"":{""dimension_source"":""routed_mlp_hidden_dim"",""effective_ffn_width"":768,""expert_parallel_mode"":""on"",""layer_kind"":""routed"",""operator_family_id"":""moe"",""operator_family_ids"":[""moe""],""profile_id"":""generic"",""selected_expert_parallel_size"":null,""selected_padded_ffn_width"":768,""selected_tensor_parallel_size"":1,""tensor_parallel_mode"":""moe_tp"",""tensor_parallel_sizes"":[1]},""moe_gating_routing_topk"":{""dimension_source"":""routed_mlp_hidden_dim"",""effective_ffn_width"":768,""expert_parallel_mode"":""on"",""layer_kind"":""routed"",""operator_family_id"":""moe"",""operator_family_ids"":[""moe""],""profile_id"":""generic"",""selected_expert_parallel_size"":null,""selected_padded_ffn_width"":768,""selected_tensor_parallel_size"":1,""tensor_parallel_mode"":""moe_tp"",""tensor_parallel_sizes"":[1]},""moe_grouped_gemm"":{""dimension_source"":""routed_mlp_hidden_dim"",""effective_ffn_width"":768,""expert_parallel_mode"":""on"",""layer_kind"":""routed"",""operator_family_id"":""moe"",""operator_family_ids"":[""moe""],""profile_id"":""generic"",""selected_expert_parallel_size"":8,""selected_padded_ffn_width"":768,""selected_tensor_parallel_size"":1,""tensor_parallel_mode"":""moe_tp"",""tensor_parallel_sizes"":[1]},""moe_shuffling"":{""dimension_source"":""routed_mlp_hidden_dim"",""effective_ffn_width"":768,""expert_parallel_mode"":""on"",""layer_kind"":""routed"",""operator_family_id"":""moe"",""operator_family_ids"":[""moe""],""profile_id"":""generic"",""selected_expert_parallel_size"":null,""selected_padded_ffn_width"":768,""selected_tensor_parallel_size"":1,""tensor_parallel_mode"":""moe_tp"",""tensor_parallel_sizes"":[1]}}",207,0.375,12.9375,12.9375,0.75,0.0,0.9621049177276957,2.0096618357487923,3.118045789864305,0.49003623188405787,extremely_skewed,2,vllm_fused,CUDA_EVENT,BF16,generic,generic,none
0.03548799827694893,0.09622400254011154,0.04194560013711453,0.03895999863743782,0.012621798560434081,20,0.06217600032687187,0.07827199995517731,0.07141120079904795,0.0719039998948574,0.003769776920221811,20,0.0544000007212162,0.062431998550891876,0.05591679997742176,0.05524799972772598,0.0017994529763559442,20,0.14777599275112152,0.15744000673294067,0.1511503905057907,0.15094399452209473,0.002147844061255455,64,128,16,8,standard_fused_topk,logit_topk,softmax_renorm,True,prefill_hot,ffn_like_prefix_20x,8,2048,768,True,1,"{""moe_gating_linear"":{""dimension_source"":""routed_mlp_hidden_dim"",""effective_ffn_width"":768,""expert_parallel_mode"":""on"",""layer_kind"":""routed"",""operator_family_id"":""moe"",""operator_family_ids"":[""moe""],""profile_id"":""generic"",""selected_expert_parallel_size"":null,""selected_padded_ffn_width"":768,""selected_tensor_parallel_size"":1,""tensor_parallel_mode"":""moe_tp"",""tensor_parallel_sizes"":[1]},""moe_gating_routing_topk"":{""dimension_source"":""routed_mlp_hidden_dim"",""effective_ffn_width"":768,""expert_parallel_mode"":""on"",""layer_kind"":""routed"",""operator_family_id"":""moe"",""operator_family_ids"":[""moe""],""profile_id"":""generic"",""selected_expert_parallel_size"":null,""selected_padded_ffn_width"":768,""selected_tensor_parallel_size"":1,""tensor_parallel_mode"":""moe_tp"",""tensor_parallel_sizes"":[1]},""moe_grouped_gemm"":{""dimension_source"":""routed_mlp_hidden_dim"",""effective_ffn_width"":768,""expert_parallel_mode"":""on"",""layer_kind"":""routed"",""operator_family_id"":""moe"",""operator_family_ids"":[""moe""],""profile_id"":""generic"",""selected_expert_parallel_size"":8,""selected_padded_ffn_width"":768,""selected_tensor_parallel_size"":1,""tensor_parallel_mode"":""moe_tp"",""tensor_parallel_sizes"":[1]},""moe_shuffling"":{""dimension_source"":""routed_mlp_hidden_dim"",""effective_ffn_width"":768,""expert_parallel_mode"":""on"",""layer_kind"":""routed"",""operator_family_id"":""moe"",""operator_family_ids"":[""moe""],""profile_id"":""generic"",""selected_expert_parallel_size"":null,""selected_padded_ffn_width"":768,""selected_tensor_parallel_size"":1,""tensor_parallel_mode"":""moe_tp"",""tensor_parallel_sizes"":[1]}}",21,0.375,1.3125,1.3125,0.8125,0.0,0.6982322999340562,2.2857142857142856,3.5585186131779154,0.37797619047619047,skewed,2,vllm_fused,CUDA_EVENT,BF16,generic,generic,none
0.02956799976527691,0.09087999910116196,0.036600000131875275,0.03484800085425377,0.012822080273671866,20,0.05347200110554695,0.07676800340414047,0.06286240015178919,0.06676800176501274,0.006937231786595006,20,0.051872000098228455,0.06239999830722809,0.053484800085425374,0.05275199934840202,0.002396784469977903,20,0.14745600521564484,0.163455992937088,0.15096481144428253,0.14927999675273895,0.00392616493627429,100,128,16,8,standard_fused_topk,logit_topk,softmax_renorm,True,prefill_hot,ffn_like_prefix_20x,8,2048,768,True,1,"{""moe_gating_linear"":{""dimension_source"":""routed_mlp_hidden_dim"",""effective_ffn_width"":768,""expert_parallel_mode"":""on"",""layer_kind"":""routed"",""operator_family_id"":""moe"",""operator_family_ids"":[""moe""],""profile_id"":""generic"",""selected_expert_parallel_size"":null,""selected_padded_ffn_width"":768,""selected_tensor_parallel_size"":1,""tensor_parallel_mode"":""moe_tp"",""tensor_parallel_sizes"":[1]},""moe_gating_routing_topk"":{""dimension_source"":""routed_mlp_hidden_dim"",""effective_ffn_width"":768,""expert_parallel_mode"":""on"",""layer_kind"":""routed"",""operator_family_id"":""moe"",""operator_family_ids"":[""moe""],""profile_id"":""generic"",""selected_expert_parallel_size"":null,""selected_padded_ffn_width"":768,""selected_tensor_parallel_size"":1,""tensor_parallel_mode"":""moe_tp"",""tensor_parallel_sizes"":[1]},""moe_grouped_gemm"":{""dimension_source"":""routed_mlp_hidden_dim"",""effective_ffn_width"":768,""expert_parallel_mode"":""on"",""layer_kind"":""routed"",""operator_family_id"":""moe"",""operator_family_ids"":[""moe""],""profile_id"":""generic"",""selected_expert_parallel_size"":8,""selected_padded_ffn_width"":768,""selected_tensor_parallel_size"":1,""tensor_parallel_mode"":""moe_tp"",""tensor_parallel_sizes"":[1]},""moe_shuffling"":{""dimension_source"":""routed_mlp_hidden_dim"",""effective_ffn_width"":768,""expert_parallel_mode"":""on"",""layer_kind"":""routed"",""operator_family_id"":""moe"",""operator_family_ids"":[""moe""],""profile_id"":""generic"",""selected_expert_parallel_size"":null,""selected_padded_ffn_width"":768,""selected_tensor_parallel_size"":1,""tensor_parallel_mode"":""moe_tp"",""tensor_parallel_sizes"":[1]}}",91,0.375,5.6875,5.6875,1.0,0.17582417582417584,0.46401741386192114,1.5824175824175823,3.8252966637938166,0.26167582417582413,uniform,1,vllm_fused,CUDA_EVENT,BF16,generic,generic,none
0.031647998839616776,0.09935999661684036,0.03849599957466125,0.035919999703764915,0.014164534672961419,20,0.05769599974155426,0.07280000299215317,0.06469119992107153,0.06492799893021584,0.005782554847777912,20,0.04265600070357323,0.05119999870657921,0.04514399990439415,0.044304000213742256,0.0022593418032652262,20,0.15148800611495972,0.1915840059518814,0.17068640887737274,0.17398400604724884,0.011673630215227604,64,128,16,8,standard_fused_topk,logit_topk,softmax_renorm,True,prefill_hot,ffn_like_prefix_20x,8,2048,768,True,1,"{""moe_gating_linear"":{""dimension_source"":""routed_mlp_hidden_dim"",""effective_ffn_width"":768,""expert_parallel_mode"":""on"",""layer_kind"":""routed"",""operator_family_id"":""moe"",""operator_family_ids"":[""moe""],""profile_id"":""generic"",""selected_expert_parallel_size"":null,""selected_padded_ffn_width"":768,""selected_tensor_parallel_size"":1,""tensor_parallel_mode"":""moe_tp"",""tensor_parallel_sizes"":[1]},""moe_gating_routing_topk"":{""dimension_source"":""routed_mlp_hidden_dim"",""effective_ffn_width"":768,""expert_parallel_mode"":""on"",""layer_kind"":""routed"",""operator_family_id"":""moe"",""operator_family_ids"":[""moe""],""profile_id"":""generic"",""selected_expert_parallel_size"":null,""selected_padded_ffn_width"":768,""selected_tensor_parallel_size"":1,""tensor_parallel_mode"":""moe_tp"",""tensor_parallel_sizes"":[1]},""moe_grouped_gemm"":{""dimension_source"":""routed_mlp_hidden_dim"",""effective_ffn_width"":768,""expert_parallel_mode"":""on"",""layer_kind"":""routed"",""operator_family_id"":""moe"",""operator_family_ids"":[""moe""],""profile_id"":""generic"",""selected_expert_parallel_size"":8,""selected_padded_ffn_width"":768,""selected_tensor_parallel_size"":1,""tensor_parallel_mode"":""moe_tp"",""tensor_parallel_sizes"":[1]},""moe_shuffling"":{""dimension_source"":""routed_mlp_hidden_dim"",""effective_ffn_width"":768,""expert_parallel_mode"":""on"",""layer_kind"":""routed"",""operator_family_id"":""moe"",""operator_family_ids"":[""moe""],""profile_id"":""generic"",""selected_expert_parallel_size"":null,""selected_padded_ffn_width"":768,""selected_tensor_parallel_size"":1,""tensor_parallel_mode"":""moe_tp"",""tensor_parallel_sizes"":[1]}}",410,0.375,25.625,25.625,0.75,0.0,0.975987731659467,2.029268292682927,3.081735756708719,0.49481707317073176,extremely_skewed,2,vllm_fused,CUDA_EVENT,BF16,generic,generic,none
0.031039999797940254,0.08457600325345993,0.03653920060023665,0.034223999828100204,0.011249610841627344,20,0.056223999708890915,0.07119999825954437,0.06234079990535975,0.06123200058937073,0.005111505551300234,20,0.044544000178575516,0.06857600063085556,0.05360800065100193,0.05363200046122074,0.004395895158334489,20,0.14688000082969666,0.1873600035905838,0.1653200089931488,0.17481599748134613,0.01545592863112688,100,128,16,8,standard_fused_topk,logit_topk,softmax_renorm,True,prefill_hot,ffn_like_prefix_20x,8,2048,768,True,1,"{""moe_gating_linear"":{""dimension_source"":""routed_mlp_hidden_dim"",""effective_ffn_width"":768,""expert_parallel_mode"":""on"",""layer_kind"":""routed"",""operator_family_id"":""moe"",""operator_family_ids"":[""moe""],""profile_id"":""generic"",""selected_expert_parallel_size"":null,""selected_padded_ffn_width"":768,""selected_tensor_parallel_size"":1,""tensor_parallel_mode"":""moe_tp"",""tensor_parallel_sizes"":[1]},""moe_gating_routing_topk"":{""dimension_source"":""routed_mlp_hidden_dim"",""effective_ffn_width"":768,""expert_parallel_mode"":""on"",""layer_kind"":""routed"",""operator_family_id"":""moe"",""operator_family_ids"":[""moe""],""profile_id"":""generic"",""selected_expert_parallel_size"":null,""selected_padded_ffn_width"":768,""selected_tensor_parallel_size"":1,""tensor_parallel_mode"":""moe_tp"",""tensor_parallel_sizes"":[1]},""moe_grouped_gemm"":{""dimension_source"":""routed_mlp_hidden_dim"",""effective_ffn_width"":768,""expert_parallel_mode"":""on"",""layer_kind"":""routed"",""operator_family_id"":""moe"",""operator_family_ids"":[""moe""],""profile_id"":""generic"",""selected_expert_parallel_size"":8,""selected_padded_ffn_width"":768,""selected_tensor_parallel_size"":1,""tensor_parallel_mode"":""moe_tp"",""tensor_parallel_sizes"":[1]},""moe_shuffling"":{""dimension_source"":""routed_mlp_hidden_dim"",""effective_ffn_width"":768,""expert_parallel_mode"":""on"",""layer_kind"":""routed"",""operator_family_id"":""moe"",""operator_family_ids"":[""moe""],""profile_id"":""generic"",""selected_expert_parallel_size"":null,""selected_padded_ffn_width"":768,""selected_tensor_parallel_size"":1,""tensor_parallel_mode"":""moe_tp"",""tensor_parallel_sizes"":[1]}}",77,0.375,4.8125,4.8125,1.0,0.4155844155844156,0.30484921024170136,1.6623376623376624,3.932181107040411,0.16639610389610393,uniform,2,vllm_fused,CUDA_EVENT,BF16,generic,generic,none
0.02956799976527691,0.18409599363803864,0.04067039936780929,0.03215999901294708,0.03307877879685229,20,0.05366399884223938,0.08256000280380249,0.06238079983741045,0.058240000158548355,0.008779183598354284,20,0.04137599840760231,0.05907199904322624,0.04413279965519905,0.04331200011074543,0.003629331532692086,20,0.14454400539398193,0.1626559942960739,0.14898720383644104,0.14735999703407288,0.0047176918014883995,24,128,16,8,standard_fused_topk,logit_topk,softmax_renorm,True,prefill_hot,ffn_like_prefix_20x,8,2048,768,True,1,"{""moe_gating_linear"":{""dimension_source"":""routed_mlp_hidden_dim"",""effective_ffn_width"":768,""expert_parallel_mode"":""on"",""layer_kind"":""routed"",""operator_family_id"":""moe"",""operator_family_ids"":[""moe""],""profile_id"":""generic"",""selected_expert_parallel_size"":null,""selected_padded_ffn_width"":768,""selected_tensor_parallel_size"":1,""tensor_parallel_mode"":""moe_tp"",""tensor_parallel_sizes"":[1]},""moe_gating_routing_topk"":{""dimension_source"":""routed_mlp_hidden_dim"",""effective_ffn_width"":768,""expert_parallel_mode"":""on"",""layer_kind"":""routed"",""operator_family_id"":""moe"",""operator_family_ids"":[""moe""],""profile_id"":""generic"",""selected_expert_parallel_size"":null,""selected_padded_ffn_width"":768,""selected_tensor_parallel_size"":1,""tensor_parallel_mode"":""moe_tp"",""tensor_parallel_sizes"":[1]},""moe_grouped_gemm"":{""dimension_source"":""routed_mlp_hidden_dim"",""effective_ffn_width"":768,""expert_parallel_mode"":""on"",""layer_kind"":""routed"",""operator_family_id"":""moe"",""operator_family_ids"":[""moe""],""profile_id"":""generic"",""selected_expert_parallel_size"":8,""selected_padded_ffn_width"":768,""selected_tensor_parallel_size"":1,""tensor_parallel_mode"":""moe_tp"",""tensor_parallel_sizes"":[1]},""moe_shuffling"":{""dimension_source"":""routed_mlp_hidden_dim"",""effective_ffn_width"":768,""expert_parallel_mode"":""on"",""layer_kind"":""routed"",""operator_family_id"":""moe"",""operator_family_ids"":[""moe""],""profile_id"":""generic"",""selected_expert_parallel_size"":null,""selected_padded_ffn_width"":768,""selected_tensor_parallel_size"":1,""tensor_parallel_mode"":""moe_tp"",""tensor_parallel_sizes"":[1]}}",165,0.375,10.3125,10.3125,0.6875,0.0,0.9646649741732589,2.036363636363636,3.105057346920212,0.49204545454545445,extremely_skewed,1,vllm_fused,CUDA_EVENT,BF16,generic,generic,none
0.032416000962257385,0.08579199761152267,0.03896959982812405,0.03758399933576584,0.011058254987703457,20,0.06022400036454201,0.07948800176382065,0.0677232000976801,0.07017599791288376,0.005642828583106488,20,0.04416000097990036,0.050303999334573746,0.04586080014705658,0.04553600028157234,0.0013468646704983794,20,0.14697599411010742,0.1789119988679886,0.15403679013252258,0.15174399316310883,0.007143652532249689,48,128,16,8,standard_fused_topk,logit_topk,softmax_renorm,True,prefill_hot,ffn_like_prefix_20x,8,2048,768,True,1,"{""moe_gating_linear"":{""dimension_source"":""routed_mlp_hidden_dim"",""effective_ffn_width"":768,""expert_parallel_mode"":""on"",""layer_kind"":""routed"",""operator_family_id"":""moe"",""operator_family_ids"":[""moe""],""profile_id"":""generic"",""selected_expert_parallel_size"":null,""selected_padded_ffn_width"":768,""selected_tensor_parallel_size"":1,""tensor_parallel_mode"":""moe_tp"",""tensor_parallel_sizes"":[1]},""moe_gating_routing_topk"":{""dimension_source"":""routed_mlp_hidden_dim"",""effective_ffn_width"":768,""expert_parallel_mode"":""on"",""layer_kind"":""routed"",""operator_family_id"":""moe"",""operator_family_ids"":[""moe""],""profile_id"":""generic"",""selected_expert_parallel_size"":null,""selected_padded_ffn_width"":768,""selected_tensor_parallel_size"":1,""tensor_parallel_mode"":""moe_tp"",""tensor_parallel_sizes"":[1]},""moe_grouped_gemm"":{""dimension_source"":""routed_mlp_hidden_dim"",""effective_ffn_width"":768,""expert_parallel_mode"":""on"",""layer_kind"":""routed"",""operator_family_id"":""moe"",""operator_family_ids"":[""moe""],""profile_id"":""generic"",""selected_expert_parallel_size"":8,""selected_padded_ffn_width"":768,""selected_tensor_parallel_size"":1,""tensor_parallel_mode"":""moe_tp"",""tensor_parallel_sizes"":[1]},""moe_shuffling"":{""dimension_source"":""routed_mlp_hidden_dim"",""effective_ffn_width"":768,""expert_parallel_mode"":""on"",""layer_kind"":""routed"",""operator_family_id"":""moe"",""operator_family_ids"":[""moe""],""profile_id"":""generic"",""selected_expert_parallel_size"":null,""selected_padded_ffn_width"":768,""selected_tensor_parallel_size"":1,""tensor_parallel_mode"":""moe_tp"",""tensor_parallel_sizes"":[1]}}",21,0.375,1.3125,1.3125,0.75,0.0,0.9606781429443817,3.8095238095238093,3.327339900250138,0.47916666666666674,skewed,1,vllm_fused,CUDA_EVENT,BF16,generic,generic,none
0.029440000653266907,0.18316799402236938,0.040116799622774126,0.031568000093102455,0.032953306396542675,20,0.05363199859857559,0.08310399949550629,0.0597392002120614,0.05603200010955334,0.007796399718408444,20,0.04163200035691261,0.06022400036454201,0.0476800000295043,0.04384000040590763,0.006439645348017483,20,0.14796799421310425,0.15615999698638916,0.15076801180839539,0.15043200552463531,0.0020355270244181156,96,128,16,8,standard_fused_topk,logit_topk,softmax_renorm,True,prefill_hot,ffn_like_prefix_20x,8,2048,768,True,1,"{""moe_gating_linear"":{""dimension_source"":""routed_mlp_hidden_dim"",""effective_ffn_width"":768,""expert_parallel_mode"":""on"",""layer_kind"":""routed"",""operator_family_id"":""moe"",""operator_family_ids"":[""moe""],""profile_id"":""generic"",""selected_expert_parallel_size"":null,""selected_padded_ffn_width"":768,""selected_tensor_parallel_size"":1,""tensor_parallel_mode"":""moe_tp"",""tensor_parallel_sizes"":[1]},""moe_gating_routing_topk"":{""dimension_source"":""routed_mlp_hidden_dim"",""effective_ffn_width"":768,""expert_parallel_mode"":""on"",""layer_kind"":""routed"",""operator_family_id"":""moe"",""operator_family_ids"":[""moe""],""profile_id"":""generic"",""selected_expert_parallel_size"":null,""selected_padded_ffn_width"":768,""selected_tensor_parallel_size"":1,""tensor_parallel_mode"":""moe_tp"",""tensor_parallel_sizes"":[1]},""moe_grouped_gemm"":{""dimension_source"":""routed_mlp_hidden_dim"",""effective_ffn_width"":768,""expert_parallel_mode"":""on"",""layer_kind"":""routed"",""operator_family_id"":""moe"",""operator_family_ids"":[""moe""],""profile_id"":""generic"",""selected_expert_parallel_size"":8,""selected_padded_ffn_width"":768,""selected_tensor_parallel_size"":1,""tensor_parallel_mode"":""moe_tp"",""tensor_parallel_sizes"":[1]},""moe_shuffling"":{""dimension_source"":""routed_mlp_hidden_dim"",""effective_ffn_width"":768,""expert_parallel_mode"":""on"",""layer_kind"":""routed"",""operator_family_id"":""moe"",""operator_family_ids"":[""moe""],""profile_id"":""generic"",""selected_expert_parallel_size"":null,""selected_padded_ffn_width"":768,""selected_tensor_parallel_size"":1,""tensor_parallel_mode"":""moe_tp"",""tensor_parallel_sizes"":[1]}}",88,0.375,5.5,5.5,0.9375,0.0,0.4767312946227962,1.8181818181818181,3.799197858945016,0.2642045454545454,uniform,0,vllm_fused,CUDA_EVENT,BF16,generic,generic,none
0.03049599938094616,0.12451200187206268,0.038084800262004136,0.034671999514102936,0.01995694931180825,20,0.054655998945236206,0.07235199958086014,0.06163519974797964,0.05991999991238117,0.005798757889376591,20,0.04153599962592125,0.051392000168561935,0.04359359946101904,0.042608000338077545,0.0024182157467636228,20,0.1488959938287735,0.18358400464057922,0.15421919524669647,0.15167999267578125,0.007818722166121006,48,128,16,8,standard_fused_topk,logit_topk,softmax_renorm,True,prefill_hot,ffn_like_prefix_20x,8,2048,768,True,1,"{""moe_gating_linear"":{""dimension_source"":""routed_mlp_hidden_dim"",""effective_ffn_width"":768,""expert_parallel_mode"":""on"",""layer_kind"":""routed"",""operator_family_id"":""moe"",""operator_family_ids"":[""moe""],""profile_id"":""generic"",""selected_expert_parallel_size"":null,""selected_padded_ffn_width"":768,""selected_tensor_parallel_size"":1,""tensor_parallel_mode"":""moe_tp"",""tensor_parallel_sizes"":[1]},""moe_gating_routing_topk"":{""dimension_source"":""routed_mlp_hidden_dim"",""effective_ffn_width"":768,""expert_parallel_mode"":""on"",""layer_kind"":""routed"",""operator_family_id"":""moe"",""operator_family_ids"":[""moe""],""profile_id"":""generic"",""selected_expert_parallel_size"":null,""selected_padded_ffn_width"":768,""selected_tensor_parallel_size"":1,""tensor_parallel_mode"":""moe_tp"",""tensor_parallel_sizes"":[1]},""moe_grouped_gemm"":{""dimension_source"":""routed_mlp_hidden_dim"",""effective_ffn_width"":768,""expert_parallel_mode"":""on"",""layer_kind"":""routed"",""operator_family_id"":""moe"",""operator_family_ids"":[""moe""],""profile_id"":""generic"",""selected_expert_parallel_size"":8,""selected_padded_ffn_width"":768,""selected_tensor_parallel_size"":1,""tensor_parallel_mode"":""moe_tp"",""tensor_parallel_sizes"":[1]},""moe_shuffling"":{""dimension_source"":""routed_mlp_hidden_dim"",""effective_ffn_width"":768,""expert_parallel_mode"":""on"",""layer_kind"":""routed"",""operator_family_id"":""moe"",""operator_family_ids"":[""moe""],""profile_id"":""generic"",""selected_expert_parallel_size"":null,""selected_padded_ffn_width"":768,""selected_tensor_parallel_size"":1,""tensor_parallel_mode"":""moe_tp"",""tensor_parallel_sizes"":[1]}}",337,0.375,21.0625,21.0625,0.75,0.0,0.9649302308248473,1.9940652818991098,3.109571676857499,0.4901706231454006,extremely_skewed,1,vllm_fused,CUDA_EVENT,BF16,generic,generic,none
0.031199999153614044,0.16303999722003937,0.041404799558222294,0.03579200059175491,0.028022750292977985,20,0.056223999708890915,0.08140800148248672,0.06423839963972569,0.06534399837255478,0.006865760105167767,20,0.053247999399900436,0.060095999389886856,0.054727999679744246,0.05443200096487999,0.0014777581349696256,20,0.14774399995803833,0.160288006067276,0.15167999267578125,0.1509760022163391,0.00296744960360229,96,128,16,8,standard_fused_topk,logit_topk,softmax_renorm,True,prefill_hot,ffn_like_prefix_20x,8,2048,768,True,1,"{""moe_gating_linear"":{""dimension_source"":""routed_mlp_hidden_dim"",""effective_ffn_width"":768,""expert_parallel_mode"":""on"",""layer_kind"":""routed"",""operator_family_id"":""moe"",""operator_family_ids"":[""moe""],""profile_id"":""generic"",""selected_expert_parallel_size"":null,""selected_padded_ffn_width"":768,""selected_tensor_parallel_size"":1,""tensor_parallel_mode"":""moe_tp"",""tensor_parallel_sizes"":[1]},""moe_gating_routing_topk"":{""dimension_source"":""routed_mlp_hidden_dim"",""effective_ffn_width"":768,""expert_parallel_mode"":""on"",""layer_kind"":""routed"",""operator_family_id"":""moe"",""operator_family_ids"":[""moe""],""profile_id"":""generic"",""selected_expert_parallel_size"":null,""selected_padded_ffn_width"":768,""selected_tensor_parallel_size"":1,""tensor_parallel_mode"":""moe_tp"",""tensor_parallel_sizes"":[1]},""moe_grouped_gemm"":{""dimension_source"":""routed_mlp_hidden_dim"",""effective_ffn_width"":768,""expert_parallel_mode"":""on"",""layer_kind"":""routed"",""operator_family_id"":""moe"",""operator_family_ids"":[""moe""],""profile_id"":""generic"",""selected_expert_parallel_size"":8,""selected_padded_ffn_width"":768,""selected_tensor_parallel_size"":1,""tensor_parallel_mode"":""moe_tp"",""tensor_parallel_sizes"":[1]},""moe_shuffling"":{""dimension_source"":""routed_mlp_hidden_dim"",""effective_ffn_width"":768,""expert_parallel_mode"":""on"",""layer_kind"":""routed"",""operator_family_id"":""moe"",""operator_family_ids"":[""moe""],""profile_id"":""generic"",""selected_expert_parallel_size"":null,""selected_padded_ffn_width"":768,""selected_tensor_parallel_size"":1,""tensor_parallel_mode"":""moe_tp"",""tensor_parallel_sizes"":[1]}}",88,0.375,5.5,5.5,1.0,0.18181818181818182,0.48532173872869594,1.6363636363636365,3.8092786315543377,0.2741477272727273,uniform,1,vllm_fused,CUDA_EVENT,BF16,generic,generic,none
0.03215999901294708,0.09350399672985077,0.03843199964612722,0.0360959991812706,0.012914768855501713,20,0.058111999183893204,0.07475200295448303,0.06595200039446354,0.06428800150752068,0.00600606864605585,20,0.04339199885725975,0.06115199998021126,0.046569599583745,0.04515199922025204,0.004564922080999313,20,0.14431999623775482,0.16153599321842194,0.14899680018424988,0.14870400726795197,0.0037757891695946455,32,128,16,8,standard_fused_topk,logit_topk,softmax_renorm,True,prefill_hot,ffn_like_prefix_20x,8,2048,768,True,1,"{""moe_gating_linear"":{""dimension_source"":""routed_mlp_hidden_dim"",""effective_ffn_width"":768,""expert_parallel_mode"":""on"",""layer_kind"":""routed"",""operator_family_id"":""moe"",""operator_family_ids"":[""moe""],""profile_id"":""generic"",""selected_expert_parallel_size"":null,""selected_padded_ffn_width"":768,""selected_tensor_parallel_size"":1,""tensor_parallel_mode"":""moe_tp"",""tensor_parallel_sizes"":[1]},""moe_gating_routing_topk"":{""dimension_source"":""routed_mlp_hidden_dim"",""effective_ffn_width"":768,""expert_parallel_mode"":""on"",""layer_kind"":""routed"",""operator_family_id"":""moe"",""operator_family_ids"":[""moe""],""profile_id"":""generic"",""selected_expert_parallel_size"":null,""selected_padded_ffn_width"":768,""selected_tensor_parallel_size"":1,""tensor_parallel_mode"":""moe_tp"",""tensor_parallel_sizes"":[1]},""moe_grouped_gemm"":{""dimension_source"":""routed_mlp_hidden_dim"",""effective_ffn_width"":768,""expert_parallel_mode"":""on"",""layer_kind"":""routed"",""operator_family_id"":""moe"",""operator_family_ids"":[""moe""],""profile_id"":""generic"",""selected_expert_parallel_size"":8,""selected_padded_ffn_width"":768,""selected_tensor_parallel_size"":1,""tensor_parallel_mode"":""moe_tp"",""tensor_parallel_sizes"":[1]},""moe_shuffling"":{""dimension_source"":""routed_mlp_hidden_dim"",""effective_ffn_width"":768,""expert_parallel_mode"":""on"",""layer_kind"":""routed"",""operator_family_id"":""moe"",""operator_family_ids"":[""moe""],""profile_id"":""generic"",""selected_expert_parallel_size"":null,""selected_padded_ffn_width"":768,""selected_tensor_parallel_size"":1,""tensor_parallel_mode"":""moe_tp"",""tensor_parallel_sizes"":[1]}}",8,0.375,0.5,0.5,0.375,0.0,1.4142135623730951,4.0,2.500000000387319,0.6875,skewed,0,vllm_fused,CUDA_EVENT,BF16,generic,generic,none
0.02956799976527691,0.08345600217580795,0.035224000457674265,0.03174399957060814,0.01134771159623066,20,0.054336000233888626,0.06860800087451935,0.05905120018869638,0.05671999976038933,0.004745755078009851,20,0.04281599819660187,0.0541439987719059,0.049977599456906316,0.052639998495578766,0.004252203786771437,20,0.15372799336910248,0.19356800615787506,0.18081600964069366,0.18227200210094452,0.009843867272138596,96,128,16,8,standard_fused_topk,logit_topk,softmax_renorm,True,prefill_hot,ffn_like_prefix_20x,8,2048,768,True,1,"{""moe_gating_linear"":{""dimension_source"":""routed_mlp_hidden_dim"",""effective_ffn_width"":768,""expert_parallel_mode"":""on"",""layer_kind"":""routed"",""operator_family_id"":""moe"",""operator_family_ids"":[""moe""],""profile_id"":""generic"",""selected_expert_parallel_size"":null,""selected_padded_ffn_width"":768,""selected_tensor_parallel_size"":1,""tensor_parallel_mode"":""moe_tp"",""tensor_parallel_sizes"":[1]},""moe_gating_routing_topk"":{""dimension_source"":""routed_mlp_hidden_dim"",""effective_ffn_width"":768,""expert_parallel_mode"":""on"",""layer_kind"":""routed"",""operator_family_id"":""moe"",""operator_family_ids"":[""moe""],""profile_id"":""generic"",""selected_expert_parallel_size"":null,""selected_padded_ffn_width"":768,""selected_tensor_parallel_size"":1,""tensor_parallel_mode"":""moe_tp"",""tensor_parallel_sizes"":[1]},""moe_grouped_gemm"":{""dimension_source"":""routed_mlp_hidden_dim"",""effective_ffn_width"":768,""expert_parallel_mode"":""on"",""layer_kind"":""routed"",""operator_family_id"":""moe"",""operator_family_ids"":[""moe""],""profile_id"":""generic"",""selected_expert_parallel_size"":8,""selected_padded_ffn_width"":768,""selected_tensor_parallel_size"":1,""tensor_parallel_mode"":""moe_tp"",""tensor_parallel_sizes"":[1]},""moe_shuffling"":{""dimension_source"":""routed_mlp_hidden_dim"",""effective_ffn_width"":768,""expert_parallel_mode"":""on"",""layer_kind"":""routed"",""operator_family_id"":""moe"",""operator_family_ids"":[""moe""],""profile_id"":""generic"",""selected_expert_parallel_size"":null,""selected_padded_ffn_width"":768,""selected_tensor_parallel_size"":1,""tensor_parallel_mode"":""moe_tp"",""tensor_parallel_sizes"":[1]}}",619,0.375,38.6875,38.6875,0.8125,0.0,0.9807709072051174,2.016155088852989,3.071438526570213,0.4948505654281099,extremely_skewed,2,vllm_fused,CUDA_EVENT,BF16,generic,generic,none
0.030559999868273735,0.09388799965381622,0.035084799956530334,0.031808000057935715,0.013547586085837717,20,0.05398400127887726,0.0628800019621849,0.05631840042769909,0.056064000353217125,0.0019940004632186606,20,0.0414079986512661,0.04873599857091904,0.04305599946528673,0.04254399985074997,0.0016542638691936626,20,0.1443839967250824,0.15747199952602386,0.14928479492664337,0.14902399480342865,0.003465284826233983,32,128,16,8,standard_fused_topk,logit_topk,softmax_renorm,True,prefill_hot,ffn_like_prefix_20x,8,2048,768,True,1,"{""moe_gating_linear"":{""dimension_source"":""routed_mlp_hidden_dim"",""effective_ffn_width"":768,""expert_parallel_mode"":""on"",""layer_kind"":""routed"",""operator_family_id"":""moe"",""operator_family_ids"":[""moe""],""profile_id"":""generic"",""selected_expert_parallel_size"":null,""selected_padded_ffn_width"":768,""selected_tensor_parallel_size"":1,""tensor_parallel_mode"":""moe_tp"",""tensor_parallel_sizes"":[1]},""moe_gating_routing_topk"":{""dimension_source"":""routed_mlp_hidden_dim"",""effective_ffn_width"":768,""expert_parallel_mode"":""on"",""layer_kind"":""routed"",""operator_family_id"":""moe"",""operator_family_ids"":[""moe""],""profile_id"":""generic"",""selected_expert_parallel_size"":null,""selected_padded_ffn_width"":768,""selected_tensor_parallel_size"":1,""tensor_parallel_mode"":""moe_tp"",""tensor_parallel_sizes"":[1]},""moe_grouped_gemm"":{""dimension_source"":""routed_mlp_hidden_dim"",""effective_ffn_width"":768,""expert_parallel_mode"":""on"",""layer_kind"":""routed"",""operator_family_id"":""moe"",""operator_family_ids"":[""moe""],""profile_id"":""generic"",""selected_expert_parallel_size"":8,""selected_padded_ffn_width"":768,""selected_tensor_parallel_size"":1,""tensor_parallel_mode"":""moe_tp"",""tensor_parallel_sizes"":[1]},""moe_shuffling"":{""dimension_source"":""routed_mlp_hidden_dim"",""effective_ffn_width"":768,""expert_parallel_mode"":""on"",""layer_kind"":""routed"",""operator_family_id"":""moe"",""operator_family_ids"":[""moe""],""profile_id"":""generic"",""selected_expert_parallel_size"":null,""selected_padded_ffn_width"":768,""selected_tensor_parallel_size"":1,""tensor_parallel_mode"":""moe_tp"",""tensor_parallel_sizes"":[1]}}",200,0.375,12.5,12.5,0.6875,0.0,0.9711848433743187,2.08,3.090570955114393,0.49687499999999996,extremely_skewed,0,vllm_fused,CUDA_EVENT,BF16,generic,generic,none
0.03167999908328056,0.08505599945783615,0.03781920000910759,0.03657599911093712,0.011046496680161465,20,0.05641600117087364,0.08883199840784073,0.0655392000451684,0.0668639987707138,0.007264689952111415,20,0.04303999990224838,0.048767998814582825,0.04429599940776825,0.043807998299598694,0.0013086344635751639,20,0.14745600521564484,0.15804800391197205,0.15200480818748474,0.15113599598407745,0.002572355093434453,80,128,16,8,standard_fused_topk,logit_topk,softmax_renorm,True,prefill_hot,ffn_like_prefix_20x,8,2048,768,True,1,"{""moe_gating_linear"":{""dimension_source"":""routed_mlp_hidden_dim"",""effective_ffn_width"":768,""expert_parallel_mode"":""on"",""layer_kind"":""routed"",""operator_family_id"":""moe"",""operator_family_ids"":[""moe""],""profile_id"":""generic"",""selected_expert_parallel_size"":null,""selected_padded_ffn_width"":768,""selected_tensor_parallel_size"":1,""tensor_parallel_mode"":""moe_tp"",""tensor_parallel_sizes"":[1]},""moe_gating_routing_topk"":{""dimension_source"":""routed_mlp_hidden_dim"",""effective_ffn_width"":768,""expert_parallel_mode"":""on"",""layer_kind"":""routed"",""operator_family_id"":""moe"",""operator_family_ids"":[""moe""],""profile_id"":""generic"",""selected_expert_parallel_size"":null,""selected_padded_ffn_width"":768,""selected_tensor_parallel_size"":1,""tensor_parallel_mode"":""moe_tp"",""tensor_parallel_sizes"":[1]},""moe_grouped_gemm"":{""dimension_source"":""routed_mlp_hidden_dim"",""effective_ffn_width"":768,""expert_parallel_mode"":""on"",""layer_kind"":""routed"",""operator_family_id"":""moe"",""operator_family_ids"":[""moe""],""profile_id"":""generic"",""selected_expert_parallel_size"":8,""selected_padded_ffn_width"":768,""selected_tensor_parallel_size"":1,""tensor_parallel_mode"":""moe_tp"",""tensor_parallel_sizes"":[1]},""moe_shuffling"":{""dimension_source"":""routed_mlp_hidden_dim"",""effective_ffn_width"":768,""expert_parallel_mode"":""on"",""layer_kind"":""routed"",""operator_family_id"":""moe"",""operator_family_ids"":[""moe""],""profile_id"":""generic"",""selected_expert_parallel_size"":null,""selected_padded_ffn_width"":768,""selected_tensor_parallel_size"":1,""tensor_parallel_mode"":""moe_tp"",""tensor_parallel_sizes"":[1]}}",77,0.375,4.8125,4.8125,0.9375,0.0,0.5359405268042429,1.87012987012987,3.7531199904658283,0.2946428571428572,uniform,0,vllm_fused,CUDA_EVENT,BF16,generic,generic,none
0.03219199925661087,0.0859839990735054,0.03801759965717792,0.03377600014209747,0.011640764593223534,20,0.05772799998521805,0.07548800110816956,0.06412000022828579,0.060944000259041786,0.005476525744754568,20,0.05443200096487999,0.06067200005054474,0.055771199986338615,0.05548799969255924,0.0014252139855270528,20,0.14918400347232819,0.16368000209331512,0.15336641669273376,0.15193599462509155,0.0038755834102630615,24,128,16,8,standard_fused_topk,logit_topk,softmax_renorm,True,prefill_hot,ffn_like_prefix_20x,8,2048,768,True,1,"{""moe_gating_linear"":{""dimension_source"":""routed_mlp_hidden_dim"",""effective_ffn_width"":768,""expert_parallel_mode"":""on"",""layer_kind"":""routed"",""operator_family_id"":""moe"",""operator_family_ids"":[""moe""],""profile_id"":""generic"",""selected_expert_parallel_size"":null,""selected_padded_ffn_width"":768,""selected_tensor_parallel_size"":1,""tensor_parallel_mode"":""moe_tp"",""tensor_parallel_sizes"":[1]},""moe_gating_routing_topk"":{""dimension_source"":""routed_mlp_hidden_dim"",""effective_ffn_width"":768,""expert_parallel_mode"":""on"",""layer_kind"":""routed"",""operator_family_id"":""moe"",""operator_family_ids"":[""moe""],""profile_id"":""generic"",""selected_expert_parallel_size"":null,""selected_padded_ffn_width"":768,""selected_tensor_parallel_size"":1,""tensor_parallel_mode"":""moe_tp"",""tensor_parallel_sizes"":[1]},""moe_grouped_gemm"":{""dimension_source"":""routed_mlp_hidden_dim"",""effective_ffn_width"":768,""expert_parallel_mode"":""on"",""layer_kind"":""routed"",""operator_family_id"":""moe"",""operator_family_ids"":[""moe""],""profile_id"":""generic"",""selected_expert_parallel_size"":8,""selected_padded_ffn_width"":768,""selected_tensor_parallel_size"":1,""tensor_parallel_mode"":""moe_tp"",""tensor_parallel_sizes"":[1]},""moe_shuffling"":{""dimension_source"":""routed_mlp_hidden_dim"",""effective_ffn_width"":768,""expert_parallel_mode"":""on"",""layer_kind"":""routed"",""operator_family_id"":""moe"",""operator_family_ids"":[""moe""],""profile_id"":""generic"",""selected_expert_parallel_size"":null,""selected_padded_ffn_width"":768,""selected_tensor_parallel_size"":1,""tensor_parallel_mode"":""moe_tp"",""tensor_parallel_sizes"":[1]}}",21,0.375,1.3125,1.3125,0.8125,0.0,0.6441785361175564,2.2857142857142856,3.594465637090046,0.3482142857142858,uniform,2,vllm_fused,CUDA_EVENT,BF16,generic,generic,none
0.029952000826597214,0.08524800091981888,0.03573920018970966,0.03284799866378307,0.01160585923890152,20,0.05366399884223938,0.06880000233650208,0.06019999999552965,0.059007998555898666,0.0054001734586997,20,0.05212799832224846,0.05878400057554245,0.053364799916744234,0.05302399955689907,0.00142496241446044,20,0.1502079963684082,0.1879359930753708,0.15845119953155518,0.15433600544929504,0.01119495090097189,80,128,16,8,standard_fused_topk,logit_topk,softmax_renorm,True,prefill_hot,ffn_like_prefix_20x,8,2048,768,True,1,"{""moe_gating_linear"":{""dimension_source"":""routed_mlp_hidden_dim"",""effective_ffn_width"":768,""expert_parallel_mode"":""on"",""layer_kind"":""routed"",""operator_family_id"":""moe"",""operator_family_ids"":[""moe""],""profile_id"":""generic"",""selected_expert_parallel_size"":null,""selected_padded_ffn_width"":768,""selected_tensor_parallel_size"":1,""tensor_parallel_mode"":""moe_tp"",""tensor_parallel_sizes"":[1]},""moe_gating_routing_topk"":{""dimension_source"":""routed_mlp_hidden_dim"",""effective_ffn_width"":768,""expert_parallel_mode"":""on"",""layer_kind"":""routed"",""operator_family_id"":""moe"",""operator_family_ids"":[""moe""],""profile_id"":""generic"",""selected_expert_parallel_size"":null,""selected_padded_ffn_width"":768,""selected_tensor_parallel_size"":1,""tensor_parallel_mode"":""moe_tp"",""tensor_parallel_sizes"":[1]},""moe_grouped_gemm"":{""dimension_source"":""routed_mlp_hidden_dim"",""effective_ffn_width"":768,""expert_parallel_mode"":""on"",""layer_kind"":""routed"",""operator_family_id"":""moe"",""operator_family_ids"":[""moe""],""profile_id"":""generic"",""selected_expert_parallel_size"":8,""selected_padded_ffn_width"":768,""selected_tensor_parallel_size"":1,""tensor_parallel_mode"":""moe_tp"",""tensor_parallel_sizes"":[1]},""moe_shuffling"":{""dimension_source"":""routed_mlp_hidden_dim"",""effective_ffn_width"":768,""expert_parallel_mode"":""on"",""layer_kind"":""routed"",""operator_family_id"":""moe"",""operator_family_ids"":[""moe""],""profile_id"":""generic"",""selected_expert_parallel_size"":null,""selected_padded_ffn_width"":768,""selected_tensor_parallel_size"":1,""tensor_parallel_mode"":""moe_tp"",""tensor_parallel_sizes"":[1]}}",550,0.375,34.375,34.375,0.75,0.0,0.9713311986756429,2.0072727272727273,3.0935821504257026,0.4929545454545454,extremely_skewed,1,vllm_fused,CUDA_EVENT,BF16,generic,generic,none
0.030047999694943428,0.16201600432395935,0.03937120009213686,0.032128000631928444,0.02827250578544022,20,0.05423999950289726,0.07251200079917908,0.05891040023416281,0.056672001257538795,0.005885786539125777,20,0.04124800115823746,0.04950400069355965,0.043643200397491456,0.04318400099873543,0.001846964787480102,20,0.14156800508499146,0.17161600291728973,0.1477951854467392,0.14524799585342407,0.007167590782046318,24,128,16,8,standard_fused_topk,logit_topk,softmax_renorm,True,prefill_hot,ffn_like_prefix_20x,8,2048,768,True,1,"{""moe_gating_linear"":{""dimension_source"":""routed_mlp_hidden_dim"",""effective_ffn_width"":768,""expert_parallel_mode"":""on"",""layer_kind"":""routed"",""operator_family_id"":""moe"",""operator_family_ids"":[""moe""],""profile_id"":""generic"",""selected_expert_parallel_size"":null,""selected_padded_ffn_width"":768,""selected_tensor_parallel_size"":1,""tensor_parallel_mode"":""moe_tp"",""tensor_parallel_sizes"":[1]},""moe_gating_routing_topk"":{""dimension_source"":""routed_mlp_hidden_dim"",""effective_ffn_width"":768,""expert_parallel_mode"":""on"",""layer_kind"":""routed"",""operator_family_id"":""moe"",""operator_family_ids"":[""moe""],""profile_id"":""generic"",""selected_expert_parallel_size"":null,""selected_padded_ffn_width"":768,""selected_tensor_parallel_size"":1,""tensor_parallel_mode"":""moe_tp"",""tensor_parallel_sizes"":[1]},""moe_grouped_gemm"":{""dimension_source"":""routed_mlp_hidden_dim"",""effective_ffn_width"":768,""expert_parallel_mode"":""on"",""layer_kind"":""routed"",""operator_family_id"":""moe"",""operator_family_ids"":[""moe""],""profile_id"":""generic"",""selected_expert_parallel_size"":8,""selected_padded_ffn_width"":768,""selected_tensor_parallel_size"":1,""tensor_parallel_mode"":""moe_tp"",""tensor_parallel_sizes"":[1]},""moe_shuffling"":{""dimension_source"":""routed_mlp_hidden_dim"",""effective_ffn_width"":768,""expert_parallel_mode"":""on"",""layer_kind"":""routed"",""operator_family_id"":""moe"",""operator_family_ids"":[""moe""],""profile_id"":""generic"",""selected_expert_parallel_size"":null,""selected_padded_ffn_width"":768,""selected_tensor_parallel_size"":1,""tensor_parallel_mode"":""moe_tp"",""tensor_parallel_sizes"":[1]}}",7,0.375,0.4375,0.4375,0.4375,0.0,1.1338934190276817,2.2857142857142856,2.807354922406826,0.5625,skewed,2,vllm_fused,CUDA_EVENT,BF16,generic,generic,none
0.031199999153614044,0.08028800040483475,0.03637279979884624,0.03324799984693527,0.010327780231295406,20,0.05587200075387955,0.0711359977722168,0.06135519985109568,0.058720000088214874,0.005236712009701874,20,0.04310400038957596,0.05926400050520897,0.053387200087308885,0.05470399931073189,0.004146096788156676,20,0.14560000598430634,0.16969600319862366,0.1508127897977829,0.14950400590896606,0.0052316756919026375,80,128,16,8,standard_fused_topk,logit_topk,softmax_renorm,True,prefill_hot,ffn_like_prefix_20x,8,2048,768,True,1,"{""moe_gating_linear"":{""dimension_source"":""routed_mlp_hidden_dim"",""effective_ffn_width"":768,""expert_parallel_mode"":""on"",""layer_kind"":""routed"",""operator_family_id"":""moe"",""operator_family_ids"":[""moe""],""profile_id"":""generic"",""selected_expert_parallel_size"":null,""selected_padded_ffn_width"":768,""selected_tensor_parallel_size"":1,""tensor_parallel_mode"":""moe_tp"",""tensor_parallel_sizes"":[1]},""moe_gating_routing_topk"":{""dimension_source"":""routed_mlp_hidden_dim"",""effective_ffn_width"":768,""expert_parallel_mode"":""on"",""layer_kind"":""routed"",""operator_family_id"":""moe"",""operator_family_ids"":[""moe""],""profile_id"":""generic"",""selected_expert_parallel_size"":null,""selected_padded_ffn_width"":768,""selected_tensor_parallel_size"":1,""tensor_parallel_mode"":""moe_tp"",""tensor_parallel_sizes"":[1]},""moe_grouped_gemm"":{""dimension_source"":""routed_mlp_hidden_dim"",""effective_ffn_width"":768,""expert_parallel_mode"":""on"",""layer_kind"":""routed"",""operator_family_id"":""moe"",""operator_family_ids"":[""moe""],""profile_id"":""generic"",""selected_expert_parallel_size"":8,""selected_padded_ffn_width"":768,""selected_tensor_parallel_size"":1,""tensor_parallel_mode"":""moe_tp"",""tensor_parallel_sizes"":[1]},""moe_shuffling"":{""dimension_source"":""routed_mlp_hidden_dim"",""effective_ffn_width"":768,""expert_parallel_mode"":""on"",""layer_kind"":""routed"",""operator_family_id"":""moe"",""operator_family_ids"":[""moe""],""profile_id"":""generic"",""selected_expert_parallel_size"":null,""selected_padded_ffn_width"":768,""selected_tensor_parallel_size"":1,""tensor_parallel_mode"":""moe_tp"",""tensor_parallel_sizes"":[1]}}",514,0.375,32.125,32.125,0.75,0.0,0.9807840483733006,2.0233463035019454,3.0684096688897395,0.49586575875486383,extremely_skewed,2,vllm_fused,CUDA_EVENT,BF16,generic,generic,none
0.029343999922275543,0.08524800091981888,0.035140800289809704,0.03142400085926056,0.011902676527207718,20,0.053888000547885895,0.07606399804353714,0.05908160023391247,0.055695999413728714,0.006503988844442274,20,0.04064000025391579,0.05299200117588043,0.04256960023194552,0.0418079998344183,0.0025985914866496645,20,0.1435520052909851,0.17267200350761414,0.14943358302116394,0.14697599411010742,0.007187392096966505,64,128,16,8,standard_fused_topk,logit_topk,softmax_renorm,True,prefill_hot,ffn_like_prefix_20x,8,2048,768,True,1,"{""moe_gating_linear"":{""dimension_source"":""routed_mlp_hidden_dim"",""effective_ffn_width"":768,""expert_parallel_mode"":""on"",""layer_kind"":""routed"",""operator_family_id"":""moe"",""operator_family_ids"":[""moe""],""profile_id"":""generic"",""selected_expert_parallel_size"":null,""selected_padded_ffn_width"":768,""selected_tensor_parallel_size"":1,""tensor_parallel_mode"":""moe_tp"",""tensor_parallel_sizes"":[1]},""moe_gating_routing_topk"":{""dimension_source"":""routed_mlp_hidden_dim"",""effective_ffn_width"":768,""expert_parallel_mode"":""on"",""layer_kind"":""routed"",""operator_family_id"":""moe"",""operator_family_ids"":[""moe""],""profile_id"":""generic"",""selected_expert_parallel_size"":null,""selected_padded_ffn_width"":768,""selected_tensor_parallel_size"":1,""tensor_parallel_mode"":""moe_tp"",""tensor_parallel_sizes"":[1]},""moe_grouped_gemm"":{""dimension_source"":""routed_mlp_hidden_dim"",""effective_ffn_width"":768,""expert_parallel_mode"":""on"",""layer_kind"":""routed"",""operator_family_id"":""moe"",""operator_family_ids"":[""moe""],""profile_id"":""generic"",""selected_expert_parallel_size"":8,""selected_padded_ffn_width"":768,""selected_tensor_parallel_size"":1,""tensor_parallel_mode"":""moe_tp"",""tensor_parallel_sizes"":[1]},""moe_shuffling"":{""dimension_source"":""routed_mlp_hidden_dim"",""effective_ffn_width"":768,""expert_parallel_mode"":""on"",""layer_kind"":""routed"",""operator_family_id"":""moe"",""operator_family_ids"":[""moe""],""profile_id"":""generic"",""selected_expert_parallel_size"":null,""selected_padded_ffn_width"":768,""selected_tensor_parallel_size"":1,""tensor_parallel_mode"":""moe_tp"",""tensor_parallel_sizes"":[1]}}",420,0.375,26.25,26.25,0.8125,0.0,0.9577467888563375,1.980952380952381,3.1337844746311614,0.4872023809523809,extremely_skewed,0,vllm_fused,CUDA_EVENT,BF16,generic,generic,none
0.031168000772595406,0.09382399916648865,0.03616800019517541,0.03275199979543686,0.013331646323472264,20,0.05651199817657471,0.08287999778985977,0.06162079889327288,0.05875199846923351,0.006978562528509433,20,0.043136000633239746,0.059039998799562454,0.05014400016516447,0.05337600037455559,0.00592312089853326,20,0.14390400052070618,0.16022400557994843,0.14981280267238617,0.14908799529075623,0.003800503443926573,64,128,16,8,standard_fused_topk,logit_topk,softmax_renorm,True,prefill_hot,ffn_like_prefix_20x,8,2048,768,True,1,"{""moe_gating_linear"":{""dimension_source"":""routed_mlp_hidden_dim"",""effective_ffn_width"":768,""expert_parallel_mode"":""on"",""layer_kind"":""routed"",""operator_family_id"":""moe"",""operator_family_ids"":[""moe""],""profile_id"":""generic"",""selected_expert_parallel_size"":null,""selected_padded_ffn_width"":768,""selected_tensor_parallel_size"":1,""tensor_parallel_mode"":""moe_tp"",""tensor_parallel_sizes"":[1]},""moe_gating_routing_topk"":{""dimension_source"":""routed_mlp_hidden_dim"",""effective_ffn_width"":768,""expert_parallel_mode"":""on"",""layer_kind"":""routed"",""operator_family_id"":""moe"",""operator_family_ids"":[""moe""],""profile_id"":""generic"",""selected_expert_parallel_size"":null,""selected_padded_ffn_width"":768,""selected_tensor_parallel_size"":1,""tensor_parallel_mode"":""moe_tp"",""tensor_parallel_sizes"":[1]},""moe_grouped_gemm"":{""dimension_source"":""routed_mlp_hidden_dim"",""effective_ffn_width"":768,""expert_parallel_mode"":""on"",""layer_kind"":""routed"",""operator_family_id"":""moe"",""operator_family_ids"":[""moe""],""profile_id"":""generic"",""selected_expert_parallel_size"":8,""selected_padded_ffn_width"":768,""selected_tensor_parallel_size"":1,""tensor_parallel_mode"":""moe_tp"",""tensor_parallel_sizes"":[1]},""moe_shuffling"":{""dimension_source"":""routed_mlp_hidden_dim"",""effective_ffn_width"":768,""expert_parallel_mode"":""on"",""layer_kind"":""routed"",""operator_family_id"":""moe"",""operator_family_ids"":[""moe""],""profile_id"":""generic"",""selected_expert_parallel_size"":null,""selected_padded_ffn_width"":768,""selected_tensor_parallel_size"":1,""tensor_parallel_mode"":""moe_tp"",""tensor_parallel_sizes"":[1]}}",444,0.375,27.75,27.75,0.75,0.0,0.9690025763743082,2.018018018018018,3.09858970360819,0.4923986486486487,extremely_skewed,1,vllm_fused,CUDA_EVENT,BF16,generic,generic,none
0.029503999277949333,0.08352000266313553,0.034968000184744594,0.03135999944061041,0.01143047885699502,20,0.05347200110554695,0.07321599870920181,0.05900640022009611,0.05524799972772598,0.0063399538485573075,20,0.04137599840760231,0.047839999198913574,0.042972799576818946,0.04264000058174133,0.0016611328973354102,20,0.14448000490665436,0.1536960005760193,0.14917440712451935,0.14902399480342865,0.0025448191445320845,48,128,16,8,standard_fused_topk,logit_topk,softmax_renorm,True,prefill_hot,ffn_like_prefix_20x,8,2048,768,True,1,"{""moe_gating_linear"":{""dimension_source"":""routed_mlp_hidden_dim"",""effective_ffn_width"":768,""expert_parallel_mode"":""on"",""layer_kind"":""routed"",""operator_family_id"":""moe"",""operator_family_ids"":[""moe""],""profile_id"":""generic"",""selected_expert_parallel_size"":null,""selected_padded_ffn_width"":768,""selected_tensor_parallel_size"":1,""tensor_parallel_mode"":""moe_tp"",""tensor_parallel_sizes"":[1]},""moe_gating_routing_topk"":{""dimension_source"":""routed_mlp_hidden_dim"",""effective_ffn_width"":768,""expert_parallel_mode"":""on"",""layer_kind"":""routed"",""operator_family_id"":""moe"",""operator_family_ids"":[""moe""],""profile_id"":""generic"",""selected_expert_parallel_size"":null,""selected_padded_ffn_width"":768,""selected_tensor_parallel_size"":1,""tensor_parallel_mode"":""moe_tp"",""tensor_parallel_sizes"":[1]},""moe_grouped_gemm"":{""dimension_source"":""routed_mlp_hidden_dim"",""effective_ffn_width"":768,""expert_parallel_mode"":""on"",""layer_kind"":""routed"",""operator_family_id"":""moe"",""operator_family_ids"":[""moe""],""profile_id"":""generic"",""selected_expert_parallel_size"":8,""selected_padded_ffn_width"":768,""selected_tensor_parallel_size"":1,""tensor_parallel_mode"":""moe_tp"",""tensor_parallel_sizes"":[1]},""moe_shuffling"":{""dimension_source"":""routed_mlp_hidden_dim"",""effective_ffn_width"":768,""expert_parallel_mode"":""on"",""layer_kind"":""routed"",""operator_family_id"":""moe"",""operator_family_ids"":[""moe""],""profile_id"":""generic"",""selected_expert_parallel_size"":null,""selected_padded_ffn_width"":768,""selected_tensor_parallel_size"":1,""tensor_parallel_mode"":""moe_tp"",""tensor_parallel_sizes"":[1]}}",15,0.375,0.9375,0.9375,0.625,0.0,1.0306416555826872,3.2,3.1395722622259465,0.5291666666666666,skewed,2,vllm_fused,CUDA_EVENT,BF16,generic,generic,none
0.031968001276254654,0.0915519967675209,0.03654559999704361,0.0331679992377758,0.012714479481157646,20,0.056832000613212585,0.07209599763154984,0.061004800349473955,0.059008000418543816,0.004450098642598343,20,0.04294399917125702,0.06047999858856201,0.048335999995470044,0.044463999569416046,0.005884220369339029,20,0.14745600521564484,0.1650879979133606,0.15031199157238007,0.14876799285411835,0.0041356878355145454,48,128,16,8,standard_fused_topk,logit_topk,softmax_renorm,True,prefill_hot,ffn_like_prefix_20x,8,2048,768,True,1,"{""moe_gating_linear"":{""dimension_source"":""routed_mlp_hidden_dim"",""effective_ffn_width"":768,""expert_parallel_mode"":""on"",""layer_kind"":""routed"",""operator_family_id"":""moe"",""operator_family_ids"":[""moe""],""profile_id"":""generic"",""selected_expert_parallel_size"":null,""selected_padded_ffn_width"":768,""selected_tensor_parallel_size"":1,""tensor_parallel_mode"":""moe_tp"",""tensor_parallel_sizes"":[1]},""moe_gating_routing_topk"":{""dimension_source"":""routed_mlp_hidden_dim"",""effective_ffn_width"":768,""expert_parallel_mode"":""on"",""layer_kind"":""routed"",""operator_family_id"":""moe"",""operator_family_ids"":[""moe""],""profile_id"":""generic"",""selected_expert_parallel_size"":null,""selected_padded_ffn_width"":768,""selected_tensor_parallel_size"":1,""tensor_parallel_mode"":""moe_tp"",""tensor_parallel_sizes"":[1]},""moe_grouped_gemm"":{""dimension_source"":""routed_mlp_hidden_dim"",""effective_ffn_width"":768,""expert_parallel_mode"":""on"",""layer_kind"":""routed"",""operator_family_id"":""moe"",""operator_family_ids"":[""moe""],""profile_id"":""generic"",""selected_expert_parallel_size"":8,""selected_padded_ffn_width"":768,""selected_tensor_parallel_size"":1,""tensor_parallel_mode"":""moe_tp"",""tensor_parallel_sizes"":[1]},""moe_shuffling"":{""dimension_source"":""routed_mlp_hidden_dim"",""effective_ffn_width"":768,""expert_parallel_mode"":""on"",""layer_kind"":""routed"",""operator_family_id"":""moe"",""operator_family_ids"":[""moe""],""profile_id"":""generic"",""selected_expert_parallel_size"":null,""selected_padded_ffn_width"":768,""selected_tensor_parallel_size"":1,""tensor_parallel_mode"":""moe_tp"",""tensor_parallel_sizes"":[1]}}",310,0.375,19.375,19.375,0.75,0.0,0.9622856938059726,2.0129032258064514,3.116499004761982,0.49233870967741944,extremely_skewed,0,vllm_fused,CUDA_EVENT,BF16,generic,generic,none
0.0297279991209507,0.08230400085449219,0.03484800001606345,0.031888000667095184,0.011107739081653068,20,0.053568001836538315,0.07395199686288834,0.05945599935948849,0.05579200014472008,0.006613138273548039,20,0.041280001401901245,0.05027199909090996,0.04326719976961613,0.04265600070357323,0.002130630205765737,20,0.1417279988527298,0.1632319986820221,0.14678558707237244,0.1459520012140274,0.005673412699252367,32,128,16,8,standard_fused_topk,logit_topk,softmax_renorm,True,prefill_hot,ffn_like_prefix_20x,8,2048,768,True,1,"{""moe_gating_linear"":{""dimension_source"":""routed_mlp_hidden_dim"",""effective_ffn_width"":768,""expert_parallel_mode"":""on"",""layer_kind"":""routed"",""operator_family_id"":""moe"",""operator_family_ids"":[""moe""],""profile_id"":""generic"",""selected_expert_parallel_size"":null,""selected_padded_ffn_width"":768,""selected_tensor_parallel_size"":1,""tensor_parallel_mode"":""moe_tp"",""tensor_parallel_sizes"":[1]},""moe_gating_routing_topk"":{""dimension_source"":""routed_mlp_hidden_dim"",""effective_ffn_width"":768,""expert_parallel_mode"":""on"",""layer_kind"":""routed"",""operator_family_id"":""moe"",""operator_family_ids"":[""moe""],""profile_id"":""generic"",""selected_expert_parallel_size"":null,""selected_padded_ffn_width"":768,""selected_tensor_parallel_size"":1,""tensor_parallel_mode"":""moe_tp"",""tensor_parallel_sizes"":[1]},""moe_grouped_gemm"":{""dimension_source"":""routed_mlp_hidden_dim"",""effective_ffn_width"":768,""expert_parallel_mode"":""on"",""layer_kind"":""routed"",""operator_family_id"":""moe"",""operator_family_ids"":[""moe""],""profile_id"":""generic"",""selected_expert_parallel_size"":8,""selected_padded_ffn_width"":768,""selected_tensor_parallel_size"":1,""tensor_parallel_mode"":""moe_tp"",""tensor_parallel_sizes"":[1]},""moe_shuffling"":{""dimension_source"":""routed_mlp_hidden_dim"",""effective_ffn_width"":768,""expert_parallel_mode"":""on"",""layer_kind"":""routed"",""operator_family_id"":""moe"",""operator_family_ids"":[""moe""],""profile_id"":""generic"",""selected_expert_parallel_size"":null,""selected_padded_ffn_width"":768,""selected_tensor_parallel_size"":1,""tensor_parallel_mode"":""moe_tp"",""tensor_parallel_sizes"":[1]}}",12,0.375,0.75,0.75,0.5,0.0,1.3743685418725535,5.333333333333333,2.7516291677013243,0.6354166666666667,skewed,1,vllm_fused,CUDA_EVENT,BF16,generic,generic,none
0.030271999537944794,0.09212800115346909,0.035350400116294624,0.03171199932694435,0.013160328862267204,20,0.05510399863123894,0.07257600128650665,0.05907199960201979,0.05668799951672554,0.00518520504692194,20,0.05270399898290634,0.05923200026154518,0.05412320010364056,0.05352000147104263,0.0014720445230246495,20,0.14297600090503693,0.15753600001335144,0.14673279225826263,0.1456640064716339,0.0037409027572721243,32,128,16,8,standard_fused_topk,logit_topk,softmax_renorm,True,prefill_hot,ffn_like_prefix_20x,8,2048,768,True,1,"{""moe_gating_linear"":{""dimension_source"":""routed_mlp_hidden_dim"",""effective_ffn_width"":768,""expert_parallel_mode"":""on"",""layer_kind"":""routed"",""operator_family_id"":""moe"",""operator_family_ids"":[""moe""],""profile_id"":""generic"",""selected_expert_parallel_size"":null,""selected_padded_ffn_width"":768,""selected_tensor_parallel_size"":1,""tensor_parallel_mode"":""moe_tp"",""tensor_parallel_sizes"":[1]},""moe_gating_routing_topk"":{""dimension_source"":""routed_mlp_hidden_dim"",""effective_ffn_width"":768,""expert_parallel_mode"":""on"",""layer_kind"":""routed"",""operator_family_id"":""moe"",""operator_family_ids"":[""moe""],""profile_id"":""generic"",""selected_expert_parallel_size"":null,""selected_padded_ffn_width"":768,""selected_tensor_parallel_size"":1,""tensor_parallel_mode"":""moe_tp"",""tensor_parallel_sizes"":[1]},""moe_grouped_gemm"":{""dimension_source"":""routed_mlp_hidden_dim"",""effective_ffn_width"":768,""expert_parallel_mode"":""on"",""layer_kind"":""routed"",""operator_family_id"":""moe"",""operator_family_ids"":[""moe""],""profile_id"":""generic"",""selected_expert_parallel_size"":8,""selected_padded_ffn_width"":768,""selected_tensor_parallel_size"":1,""tensor_parallel_mode"":""moe_tp"",""tensor_parallel_sizes"":[1]},""moe_shuffling"":{""dimension_source"":""routed_mlp_hidden_dim"",""effective_ffn_width"":768,""expert_parallel_mode"":""on"",""layer_kind"":""routed"",""operator_family_id"":""moe"",""operator_family_ids"":[""moe""],""profile_id"":""generic"",""selected_expert_parallel_size"":null,""selected_padded_ffn_width"":768,""selected_tensor_parallel_size"":1,""tensor_parallel_mode"":""moe_tp"",""tensor_parallel_sizes"":[1]}}",9,0.375,0.5625,0.5625,0.4375,0.0,1.2521586299538494,3.5555555555555554,2.7254805573476277,0.6319444444444444,skewed,2,vllm_fused,CUDA_EVENT,BF16,generic,generic,none
0.030079999938607216,0.16579200327396393,0.03955840049311519,0.03247999958693981,0.029061525416677843,20,0.052928000688552856,0.06918399780988693,0.06001760046929121,0.057471999898552895,0.005605249913506814,20,0.041728001087903976,0.04816000163555145,0.04340800028294325,0.042927999049425125,0.0014553318344907938,20,0.1414400041103363,0.16793599724769592,0.14557279646396637,0.1440960019826889,0.005637224763631821,24,128,16,8,standard_fused_topk,logit_topk,softmax_renorm,True,prefill_hot,ffn_like_prefix_20x,8,2048,768,True,1,"{""moe_gating_linear"":{""dimension_source"":""routed_mlp_hidden_dim"",""effective_ffn_width"":768,""expert_parallel_mode"":""on"",""layer_kind"":""routed"",""operator_family_id"":""moe"",""operator_family_ids"":[""moe""],""profile_id"":""generic"",""selected_expert_parallel_size"":null,""selected_padded_ffn_width"":768,""selected_tensor_parallel_size"":1,""tensor_parallel_mode"":""moe_tp"",""tensor_parallel_sizes"":[1]},""moe_gating_routing_topk"":{""dimension_source"":""routed_mlp_hidden_dim"",""effective_ffn_width"":768,""expert_parallel_mode"":""on"",""layer_kind"":""routed"",""operator_family_id"":""moe"",""operator_family_ids"":[""moe""],""profile_id"":""generic"",""selected_expert_parallel_size"":null,""selected_padded_ffn_width"":768,""selected_tensor_parallel_size"":1,""tensor_parallel_mode"":""moe_tp"",""tensor_parallel_sizes"":[1]},""moe_grouped_gemm"":{""dimension_source"":""routed_mlp_hidden_dim"",""effective_ffn_width"":768,""expert_parallel_mode"":""on"",""layer_kind"":""routed"",""operator_family_id"":""moe"",""operator_family_ids"":[""moe""],""profile_id"":""generic"",""selected_expert_parallel_size"":8,""selected_padded_ffn_width"":768,""selected_tensor_parallel_size"":1,""tensor_parallel_mode"":""moe_tp"",""tensor_parallel_sizes"":[1]},""moe_shuffling"":{""dimension_source"":""routed_mlp_hidden_dim"",""effective_ffn_width"":768,""expert_parallel_mode"":""on"",""layer_kind"":""routed"",""operator_family_id"":""moe"",""operator_family_ids"":[""moe""],""profile_id"":""generic"",""selected_expert_parallel_size"":null,""selected_padded_ffn_width"":768,""selected_tensor_parallel_size"":1,""tensor_parallel_mode"":""moe_tp"",""tensor_parallel_sizes"":[1]}}",4,0.375,0.25,0.25,0.1875,0.0,2.23606797749979,8.0,1.500000000501565,0.84375,skewed,0,vllm_fused,CUDA_EVENT,BF16,generic,generic,none
0.030688000842928886,0.2260800004005432,0.04251039987429976,0.032175999134778976,0.042170138075368895,20,0.05452800169587135,0.08188799768686295,0.059633600153028966,0.0568000003695488,0.006781164652211995,20,0.042527999728918076,0.05984000116586685,0.04880480021238327,0.045631999149918556,0.005748515983639236,20,0.14259199798107147,0.15244799852371216,0.14648640155792236,0.14499199390411377,0.0030401868280023336,24,128,16,8,standard_fused_topk,logit_topk,softmax_renorm,True,prefill_hot,ffn_like_prefix_20x,8,2048,768,True,1,"{""moe_gating_linear"":{""dimension_source"":""routed_mlp_hidden_dim"",""effective_ffn_width"":768,""expert_parallel_mode"":""on"",""layer_kind"":""routed"",""operator_family_id"":""moe"",""operator_family_ids"":[""moe""],""profile_id"":""generic"",""selected_expert_parallel_size"":null,""selected_padded_ffn_width"":768,""selected_tensor_parallel_size"":1,""tensor_parallel_mode"":""moe_tp"",""tensor_parallel_sizes"":[1]},""moe_gating_routing_topk"":{""dimension_source"":""routed_mlp_hidden_dim"",""effective_ffn_width"":768,""expert_parallel_mode"":""on"",""layer_kind"":""routed"",""operator_family_id"":""moe"",""operator_family_ids"":[""moe""],""profile_id"":""generic"",""selected_expert_parallel_size"":null,""selected_padded_ffn_width"":768,""selected_tensor_parallel_size"":1,""tensor_parallel_mode"":""moe_tp"",""tensor_parallel_sizes"":[1]},""moe_grouped_gemm"":{""dimension_source"":""routed_mlp_hidden_dim"",""effective_ffn_width"":768,""expert_parallel_mode"":""on"",""layer_kind"":""routed"",""operator_family_id"":""moe"",""operator_family_ids"":[""moe""],""profile_id"":""generic"",""selected_expert_parallel_size"":8,""selected_padded_ffn_width"":768,""selected_tensor_parallel_size"":1,""tensor_parallel_mode"":""moe_tp"",""tensor_parallel_sizes"":[1]},""moe_shuffling"":{""dimension_source"":""routed_mlp_hidden_dim"",""effective_ffn_width"":768,""expert_parallel_mode"":""on"",""layer_kind"":""routed"",""operator_family_id"":""moe"",""operator_family_ids"":[""moe""],""profile_id"":""generic"",""selected_expert_parallel_size"":null,""selected_padded_ffn_width"":768,""selected_tensor_parallel_size"":1,""tensor_parallel_mode"":""moe_tp"",""tensor_parallel_sizes"":[1]}}",11,0.375,0.6875,0.6875,0.5,0.0,1.4287485132274282,5.818181818181818,2.7321588916780675,0.6193181818181819,skewed,1,vllm_fused,CUDA_EVENT,BF16,generic,generic,none
0.029440000653266907,0.09232000261545181,0.036361599806696177,0.03433599881827831,0.013025243195353515,20,0.053568001836538315,0.06828799843788147,0.06078880000859499,0.06339200213551521,0.0048781709232070215,20,0.05116799846291542,0.0575999990105629,0.05278080012649298,0.052400000393390656,0.0013825851158536702,20,0.1390720009803772,0.1709440052509308,0.14589600265026093,0.14364799857139587,0.007813215255737305,16,128,16,8,standard_fused_topk,logit_topk,softmax_renorm,True,prefill_hot,ffn_like_prefix_20x,8,2048,768,True,1,"{""moe_gating_linear"":{""dimension_source"":""routed_mlp_hidden_dim"",""effective_ffn_width"":768,""expert_parallel_mode"":""on"",""layer_kind"":""routed"",""operator_family_id"":""moe"",""operator_family_ids"":[""moe""],""profile_id"":""generic"",""selected_expert_parallel_size"":null,""selected_padded_ffn_width"":768,""selected_tensor_parallel_size"":1,""tensor_parallel_mode"":""moe_tp"",""tensor_parallel_sizes"":[1]},""moe_gating_routing_topk"":{""dimension_source"":""routed_mlp_hidden_dim"",""effective_ffn_width"":768,""expert_parallel_mode"":""on"",""layer_kind"":""routed"",""operator_family_id"":""moe"",""operator_family_ids"":[""moe""],""profile_id"":""generic"",""selected_expert_parallel_size"":null,""selected_padded_ffn_width"":768,""selected_tensor_parallel_size"":1,""tensor_parallel_mode"":""moe_tp"",""tensor_parallel_sizes"":[1]},""moe_grouped_gemm"":{""dimension_source"":""routed_mlp_hidden_dim"",""effective_ffn_width"":768,""expert_parallel_mode"":""on"",""layer_kind"":""routed"",""operator_family_id"":""moe"",""operator_family_ids"":[""moe""],""profile_id"":""generic"",""selected_expert_parallel_size"":8,""selected_padded_ffn_width"":768,""selected_tensor_parallel_size"":1,""tensor_parallel_mode"":""moe_tp"",""tensor_parallel_sizes"":[1]},""moe_shuffling"":{""dimension_source"":""routed_mlp_hidden_dim"",""effective_ffn_width"":768,""expert_parallel_mode"":""on"",""layer_kind"":""routed"",""operator_family_id"":""moe"",""operator_family_ids"":[""moe""],""profile_id"":""generic"",""selected_expert_parallel_size"":null,""selected_padded_ffn_width"":768,""selected_tensor_parallel_size"":1,""tensor_parallel_mode"":""moe_tp"",""tensor_parallel_sizes"":[1]}}",101,0.375,6.3125,6.3125,0.6875,0.0,0.9434038283028873,2.0594059405940595,3.1500062084676945,0.48700495049504955,extremely_skewed,1,vllm_fused,CUDA_EVENT,BF16,generic,generic,none
0.02969600073993206,0.08380799740552902,0.03533280026167631,0.03203199990093708,0.011356813708936942,20,0.05270399898290634,0.0681919977068901,0.05804319977760315,0.05564800091087818,0.005500065348847444,20,0.04032000154256821,0.04694399982690811,0.04164000004529953,0.041439998894929886,0.0014272815365844668,20,0.1425279974937439,0.1724800020456314,0.1469184011220932,0.1443839967250824,0.006963741034269333,16,128,16,8,standard_fused_topk,logit_topk,softmax_renorm,True,prefill_hot,ffn_like_prefix_20x,8,2048,768,True,1,"{""moe_gating_linear"":{""dimension_source"":""routed_mlp_hidden_dim"",""effective_ffn_width"":768,""expert_parallel_mode"":""on"",""layer_kind"":""routed"",""operator_family_id"":""moe"",""operator_family_ids"":[""moe""],""profile_id"":""generic"",""selected_expert_parallel_size"":null,""selected_padded_ffn_width"":768,""selected_tensor_parallel_size"":1,""tensor_parallel_mode"":""moe_tp"",""tensor_parallel_sizes"":[1]},""moe_gating_routing_topk"":{""dimension_source"":""routed_mlp_hidden_dim"",""effective_ffn_width"":768,""expert_parallel_mode"":""on"",""layer_kind"":""routed"",""operator_family_id"":""moe"",""operator_family_ids"":[""moe""],""profile_id"":""generic"",""selected_expert_parallel_size"":null,""selected_padded_ffn_width"":768,""selected_tensor_parallel_size"":1,""tensor_parallel_mode"":""moe_tp"",""tensor_parallel_sizes"":[1]},""moe_grouped_gemm"":{""dimension_source"":""routed_mlp_hidden_dim"",""effective_ffn_width"":768,""expert_parallel_mode"":""on"",""layer_kind"":""routed"",""operator_family_id"":""moe"",""operator_family_ids"":[""moe""],""profile_id"":""generic"",""selected_expert_parallel_size"":8,""selected_padded_ffn_width"":768,""selected_tensor_parallel_size"":1,""tensor_parallel_mode"":""moe_tp"",""tensor_parallel_sizes"":[1]},""moe_shuffling"":{""dimension_source"":""routed_mlp_hidden_dim"",""effective_ffn_width"":768,""expert_parallel_mode"":""on"",""layer_kind"":""routed"",""operator_family_id"":""moe"",""operator_family_ids"":[""moe""],""profile_id"":""generic"",""selected_expert_parallel_size"":null,""selected_padded_ffn_width"":768,""selected_tensor_parallel_size"":1,""tensor_parallel_mode"":""moe_tp"",""tensor_parallel_sizes"":[1]}}",12,0.375,0.75,0.75,0.5625,0.0,1.1055415967851332,4.0,3.0220552091499533,0.5520833333333333,uniform,2,vllm_fused,CUDA_EVENT,BF16,generic,generic,none
0.030079999938607216,0.09222400188446045,0.03443839978426695,0.031072000041604042,0.013309821794861289,20,0.05251200124621391,0.07372800260782242,0.05661600064486265,0.055216001346707344,0.004608254526666573,20,0.039903998374938965,0.047775998711586,0.0420992000028491,0.04163200035691261,0.0018023241049423572,20,0.14070400595664978,0.15455999970436096,0.14437918365001678,0.14246399700641632,0.004076428711414337,8,128,16,8,standard_fused_topk,logit_topk,softmax_renorm,True,prefill_hot,ffn_like_prefix_20x,8,2048,768,True,1,"{""moe_gating_linear"":{""dimension_source"":""routed_mlp_hidden_dim"",""effective_ffn_width"":768,""expert_parallel_mode"":""on"",""layer_kind"":""routed"",""operator_family_id"":""moe"",""operator_family_ids"":[""moe""],""profile_id"":""generic"",""selected_expert_parallel_size"":null,""selected_padded_ffn_width"":768,""selected_tensor_parallel_size"":1,""tensor_parallel_mode"":""moe_tp"",""tensor_parallel_sizes"":[1]},""moe_gating_routing_topk"":{""dimension_source"":""routed_mlp_hidden_dim"",""effective_ffn_width"":768,""expert_parallel_mode"":""on"",""layer_kind"":""routed"",""operator_family_id"":""moe"",""operator_family_ids"":[""moe""],""profile_id"":""generic"",""selected_expert_parallel_size"":null,""selected_padded_ffn_width"":768,""selected_tensor_parallel_size"":1,""tensor_parallel_mode"":""moe_tp"",""tensor_parallel_sizes"":[1]},""moe_grouped_gemm"":{""dimension_source"":""routed_mlp_hidden_dim"",""effective_ffn_width"":768,""expert_parallel_mode"":""on"",""layer_kind"":""routed"",""operator_family_id"":""moe"",""operator_family_ids"":[""moe""],""profile_id"":""generic"",""selected_expert_parallel_size"":8,""selected_padded_ffn_width"":768,""selected_tensor_parallel_size"":1,""tensor_parallel_mode"":""moe_tp"",""tensor_parallel_sizes"":[1]},""moe_shuffling"":{""dimension_source"":""routed_mlp_hidden_dim"",""effective_ffn_width"":768,""expert_parallel_mode"":""on"",""layer_kind"":""routed"",""operator_family_id"":""moe"",""operator_family_ids"":[""moe""],""profile_id"":""generic"",""selected_expert_parallel_size"":null,""selected_padded_ffn_width"":768,""selected_tensor_parallel_size"":1,""tensor_parallel_mode"":""moe_tp"",""tensor_parallel_sizes"":[1]}}",44,0.375,2.75,2.75,0.5,0.0,1.0163945352271773,2.5454545454545454,2.988539872693727,0.53125,extremely_skewed,0,vllm_fused,CUDA_EVENT,BF16,generic,generic,none
0.031647998839616776,0.08374399691820145,0.03585119973868132,0.033296000212430954,0.011046746430334767,20,0.05612799897789955,0.06467200070619583,0.058156799897551535,0.057312000542879105,0.002025283896623167,20,0.042847998440265656,0.04956800118088722,0.044700799882411955,0.044304000213742256,0.0018218910556624002,20,0.1390399932861328,0.17084799706935883,0.14534078538417816,0.14316800236701965,0.006863344460725784,16,128,16,8,standard_fused_topk,logit_topk,softmax_renorm,True,prefill_hot,ffn_like_prefix_20x,8,2048,768,True,1,"{""moe_gating_linear"":{""dimension_source"":""routed_mlp_hidden_dim"",""effective_ffn_width"":768,""expert_parallel_mode"":""on"",""layer_kind"":""routed"",""operator_family_id"":""moe"",""operator_family_ids"":[""moe""],""profile_id"":""generic"",""selected_expert_parallel_size"":null,""selected_padded_ffn_width"":768,""selected_tensor_parallel_size"":1,""tensor_parallel_mode"":""moe_tp"",""tensor_parallel_sizes"":[1]},""moe_gating_routing_topk"":{""dimension_source"":""routed_mlp_hidden_dim"",""effective_ffn_width"":768,""expert_parallel_mode"":""on"",""layer_kind"":""routed"",""operator_family_id"":""moe"",""operator_family_ids"":[""moe""],""profile_id"":""generic"",""selected_expert_parallel_size"":null,""selected_padded_ffn_width"":768,""selected_tensor_parallel_size"":1,""tensor_parallel_mode"":""moe_tp"",""tensor_parallel_sizes"":[1]},""moe_grouped_gemm"":{""dimension_source"":""routed_mlp_hidden_dim"",""effective_ffn_width"":768,""expert_parallel_mode"":""on"",""layer_kind"":""routed"",""operator_family_id"":""moe"",""operator_family_ids"":[""moe""],""profile_id"":""generic"",""selected_expert_parallel_size"":8,""selected_padded_ffn_width"":768,""selected_tensor_parallel_size"":1,""tensor_parallel_mode"":""moe_tp"",""tensor_parallel_sizes"":[1]},""moe_shuffling"":{""dimension_source"":""routed_mlp_hidden_dim"",""effective_ffn_width"":768,""expert_parallel_mode"":""on"",""layer_kind"":""routed"",""operator_family_id"":""moe"",""operator_family_ids"":[""moe""],""profile_id"":""generic"",""selected_expert_parallel_size"":null,""selected_padded_ffn_width"":768,""selected_tensor_parallel_size"":1,""tensor_parallel_mode"":""moe_tp"",""tensor_parallel_sizes"":[1]}}",3,0.375,0.1875,0.1875,0.125,0.0,2.8087165910587863,10.666666666666666,0.9182958345949727,0.8958333333333333,skewed,0,vllm_fused,CUDA_EVENT,BF16,generic,generic,none
0.030432000756263733,0.1892160028219223,0.04258080003783107,0.035551998764276505,0.03383075462369569,20,0.05407999828457832,0.08179199695587158,0.06459359973669052,0.06657600030303001,0.008808784028730494,20,0.040192000567913055,0.05539200082421303,0.044782400317490104,0.04177600145339966,0.005673325637921227,20,0.14256000518798828,0.18768000602722168,0.15552958846092224,0.1478399932384491,0.01430588960647583,16,128,16,8,standard_fused_topk,logit_topk,softmax_renorm,True,prefill_hot,ffn_like_prefix_20x,8,2048,768,True,1,"{""moe_gating_linear"":{""dimension_source"":""routed_mlp_hidden_dim"",""effective_ffn_width"":768,""expert_parallel_mode"":""on"",""layer_kind"":""routed"",""operator_family_id"":""moe"",""operator_family_ids"":[""moe""],""profile_id"":""generic"",""selected_expert_parallel_size"":null,""selected_padded_ffn_width"":768,""selected_tensor_parallel_size"":1,""tensor_parallel_mode"":""moe_tp"",""tensor_parallel_sizes"":[1]},""moe_gating_routing_topk"":{""dimension_source"":""routed_mlp_hidden_dim"",""effective_ffn_width"":768,""expert_parallel_mode"":""on"",""layer_kind"":""routed"",""operator_family_id"":""moe"",""operator_family_ids"":[""moe""],""profile_id"":""generic"",""selected_expert_parallel_size"":null,""selected_padded_ffn_width"":768,""selected_tensor_parallel_size"":1,""tensor_parallel_mode"":""moe_tp"",""tensor_parallel_sizes"":[1]},""moe_grouped_gemm"":{""dimension_source"":""routed_mlp_hidden_dim"",""effective_ffn_width"":768,""expert_parallel_mode"":""on"",""layer_kind"":""routed"",""operator_family_id"":""moe"",""operator_family_ids"":[""moe""],""profile_id"":""generic"",""selected_expert_parallel_size"":8,""selected_padded_ffn_width"":768,""selected_tensor_parallel_size"":1,""tensor_parallel_mode"":""moe_tp"",""tensor_parallel_sizes"":[1]},""moe_shuffling"":{""dimension_source"":""routed_mlp_hidden_dim"",""effective_ffn_width"":768,""expert_parallel_mode"":""on"",""layer_kind"":""routed"",""operator_family_id"":""moe"",""operator_family_ids"":[""moe""],""profile_id"":""generic"",""selected_expert_parallel_size"":null,""selected_padded_ffn_width"":768,""selected_tensor_parallel_size"":1,""tensor_parallel_mode"":""moe_tp"",""tensor_parallel_sizes"":[1]}}",10,0.375,0.625,0.625,0.375,0.0,1.6852299546352718,6.4,2.321928095275613,0.7375,uniform,0,vllm_fused,CUDA_EVENT,BF16,generic,generic,none
0.030112000182271004,0.043935999274253845,0.03435360016301274,0.03324799984693527,0.0033996060757032235,20,0.05430399999022484,0.08297599852085114,0.06199200041592121,0.05963199958205223,0.007030640358328939,20,0.04064000025391579,0.04700800031423569,0.042396800220012666,0.04206399992108345,0.0014708133270310128,20,0.14127999544143677,0.15507200360298157,0.14475519955158234,0.1432960033416748,0.003869743552058935,8,128,16,8,standard_fused_topk,logit_topk,softmax_renorm,True,prefill_hot,ffn_like_prefix_20x,8,2048,768,True,1,"{""moe_gating_linear"":{""dimension_source"":""routed_mlp_hidden_dim"",""effective_ffn_width"":768,""expert_parallel_mode"":""on"",""layer_kind"":""routed"",""operator_family_id"":""moe"",""operator_family_ids"":[""moe""],""profile_id"":""generic"",""selected_expert_parallel_size"":null,""selected_padded_ffn_width"":768,""selected_tensor_parallel_size"":1,""tensor_parallel_mode"":""moe_tp"",""tensor_parallel_sizes"":[1]},""moe_gating_routing_topk"":{""dimension_source"":""routed_mlp_hidden_dim"",""effective_ffn_width"":768,""expert_parallel_mode"":""on"",""layer_kind"":""routed"",""operator_family_id"":""moe"",""operator_family_ids"":[""moe""],""profile_id"":""generic"",""selected_expert_parallel_size"":null,""selected_padded_ffn_width"":768,""selected_tensor_parallel_size"":1,""tensor_parallel_mode"":""moe_tp"",""tensor_parallel_sizes"":[1]},""moe_grouped_gemm"":{""dimension_source"":""routed_mlp_hidden_dim"",""effective_ffn_width"":768,""expert_parallel_mode"":""on"",""layer_kind"":""routed"",""operator_family_id"":""moe"",""operator_family_ids"":[""moe""],""profile_id"":""generic"",""selected_expert_parallel_size"":8,""selected_padded_ffn_width"":768,""selected_tensor_parallel_size"":1,""tensor_parallel_mode"":""moe_tp"",""tensor_parallel_sizes"":[1]},""moe_shuffling"":{""dimension_source"":""routed_mlp_hidden_dim"",""effective_ffn_width"":768,""expert_parallel_mode"":""on"",""layer_kind"":""routed"",""operator_family_id"":""moe"",""operator_family_ids"":[""moe""],""profile_id"":""generic"",""selected_expert_parallel_size"":null,""selected_padded_ffn_width"":768,""selected_tensor_parallel_size"":1,""tensor_parallel_mode"":""moe_tp"",""tensor_parallel_sizes"":[1]}}",9,0.375,0.5625,0.5625,0.4375,0.0,1.2521586299538494,3.5555555555555554,2.7254805573476277,0.6319444444444444,uniform,1,vllm_fused,CUDA_EVENT,BF16,generic,generic,none
0.02879999950528145,0.0838719978928566,0.03405280001461506,0.03039999958127737,0.011705476567858177,20,0.05142400041222572,0.07155200093984604,0.05679999981075525,0.054255999624729156,0.005658555503353426,20,0.03996799886226654,0.04492799937725067,0.041303999908268454,0.040720000863075256,0.0014073040680171256,20,0.13808000087738037,0.14841599762439728,0.14221280813217163,0.14086399972438812,0.003014001064002514,4,128,16,8,standard_fused_topk,logit_topk,softmax_renorm,True,prefill_hot,ffn_like_prefix_20x,8,2048,768,True,1,"{""moe_gating_linear"":{""dimension_source"":""routed_mlp_hidden_dim"",""effective_ffn_width"":768,""expert_parallel_mode"":""on"",""layer_kind"":""routed"",""operator_family_id"":""moe"",""operator_family_ids"":[""moe""],""profile_id"":""generic"",""selected_expert_parallel_size"":null,""selected_padded_ffn_width"":768,""selected_tensor_parallel_size"":1,""tensor_parallel_mode"":""moe_tp"",""tensor_parallel_sizes"":[1]},""moe_gating_routing_topk"":{""dimension_source"":""routed_mlp_hidden_dim"",""effective_ffn_width"":768,""expert_parallel_mode"":""on"",""layer_kind"":""routed"",""operator_family_id"":""moe"",""operator_family_ids"":[""moe""],""profile_id"":""generic"",""selected_expert_parallel_size"":null,""selected_padded_ffn_width"":768,""selected_tensor_parallel_size"":1,""tensor_parallel_mode"":""moe_tp"",""tensor_parallel_sizes"":[1]},""moe_grouped_gemm"":{""dimension_source"":""routed_mlp_hidden_dim"",""effective_ffn_width"":768,""expert_parallel_mode"":""on"",""layer_kind"":""routed"",""operator_family_id"":""moe"",""operator_family_ids"":[""moe""],""profile_id"":""generic"",""selected_expert_parallel_size"":8,""selected_padded_ffn_width"":768,""selected_tensor_parallel_size"":1,""tensor_parallel_mode"":""moe_tp"",""tensor_parallel_sizes"":[1]},""moe_shuffling"":{""dimension_source"":""routed_mlp_hidden_dim"",""effective_ffn_width"":768,""expert_parallel_mode"":""on"",""layer_kind"":""routed"",""operator_family_id"":""moe"",""operator_family_ids"":[""moe""],""profile_id"":""generic"",""selected_expert_parallel_size"":null,""selected_padded_ffn_width"":768,""selected_tensor_parallel_size"":1,""tensor_parallel_mode"":""moe_tp"",""tensor_parallel_sizes"":[1]}}",1,0.375,0.0625,0.0625,0.0625,0.0,3.872983346207417,16.0,5.800614104850887e-10,0.9375,skewed,2,vllm_fused,CUDA_EVENT,BF16,generic,generic,none
0.0318400003015995,0.03907199949026108,0.03437920026481152,0.033104000613093376,0.0025121788750313515,20,0.05644800141453743,0.07145600020885468,0.06178880017250776,0.05953600071370602,0.0050081165098094715,20,0.042527999728918076,0.04995200037956238,0.04451039992272854,0.044336000457406044,0.001818475175857218,20,0.14243200421333313,0.16963200271129608,0.1483360081911087,0.14601600170135498,0.0062375557608902454,8,128,16,8,standard_fused_topk,logit_topk,softmax_renorm,True,prefill_hot,ffn_like_prefix_20x,8,2048,768,True,1,"{""moe_gating_linear"":{""dimension_source"":""routed_mlp_hidden_dim"",""effective_ffn_width"":768,""expert_parallel_mode"":""on"",""layer_kind"":""routed"",""operator_family_id"":""moe"",""operator_family_ids"":[""moe""],""profile_id"":""generic"",""selected_expert_parallel_size"":null,""selected_padded_ffn_width"":768,""selected_tensor_parallel_size"":1,""tensor_parallel_mode"":""moe_tp"",""tensor_parallel_sizes"":[1]},""moe_gating_routing_topk"":{""dimension_source"":""routed_mlp_hidden_dim"",""effective_ffn_width"":768,""expert_parallel_mode"":""on"",""layer_kind"":""routed"",""operator_family_id"":""moe"",""operator_family_ids"":[""moe""],""profile_id"":""generic"",""selected_expert_parallel_size"":null,""selected_padded_ffn_width"":768,""selected_tensor_parallel_size"":1,""tensor_parallel_mode"":""moe_tp"",""tensor_parallel_sizes"":[1]},""moe_grouped_gemm"":{""dimension_source"":""routed_mlp_hidden_dim"",""effective_ffn_width"":768,""expert_parallel_mode"":""on"",""layer_kind"":""routed"",""operator_family_id"":""moe"",""operator_family_ids"":[""moe""],""profile_id"":""generic"",""selected_expert_parallel_size"":8,""selected_padded_ffn_width"":768,""selected_tensor_parallel_size"":1,""tensor_parallel_mode"":""moe_tp"",""tensor_parallel_sizes"":[1]},""moe_shuffling"":{""dimension_source"":""routed_mlp_hidden_dim"",""effective_ffn_width"":768,""expert_parallel_mode"":""on"",""layer_kind"":""routed"",""operator_family_id"":""moe"",""operator_family_ids"":[""moe""],""profile_id"":""generic"",""selected_expert_parallel_size"":null,""selected_padded_ffn_width"":768,""selected_tensor_parallel_size"":1,""tensor_parallel_mode"":""moe_tp"",""tensor_parallel_sizes"":[1]}}",6,0.375,0.375,0.375,0.375,0.0,1.2909944487358056,2.6666666666666665,2.584962501107985,0.625,uniform,2,vllm_fused,CUDA_EVENT,BF16,generic,generic,none
0.03033600002527237,2.153887987136841,0.13893279917538165,0.03166399896144867,0.4622730645240751,20,0.05302400141954422,0.12240000069141388,0.06005919985473156,0.05548799969255924,0.01496163861793229,20,0.041120000183582306,0.05238400027155876,0.04686559997498989,0.04612800106406212,0.004322944134727283,20,0.1427839994430542,0.1939840018749237,0.17294558882713318,0.1727679967880249,0.011569631285965443,16,128,16,8,standard_fused_topk,logit_topk,softmax_renorm,True,prefill_hot,ffn_like_prefix_20x,8,2048,768,True,1,"{""moe_gating_linear"":{""dimension_source"":""routed_mlp_hidden_dim"",""effective_ffn_width"":768,""expert_parallel_mode"":""on"",""layer_kind"":""routed"",""operator_family_id"":""moe"",""operator_family_ids"":[""moe""],""profile_id"":""generic"",""selected_expert_parallel_size"":null,""selected_padded_ffn_width"":768,""selected_tensor_parallel_size"":1,""tensor_parallel_mode"":""moe_tp"",""tensor_parallel_sizes"":[1]},""moe_gating_routing_topk"":{""dimension_source"":""routed_mlp_hidden_dim"",""effective_ffn_width"":768,""expert_parallel_mode"":""on"",""layer_kind"":""routed"",""operator_family_id"":""moe"",""operator_family_ids"":[""moe""],""profile_id"":""generic"",""selected_expert_parallel_size"":null,""selected_padded_ffn_width"":768,""selected_tensor_parallel_size"":1,""tensor_parallel_mode"":""moe_tp"",""tensor_parallel_sizes"":[1]},""moe_grouped_gemm"":{""dimension_source"":""routed_mlp_hidden_dim"",""effective_ffn_width"":768,""expert_parallel_mode"":""on"",""layer_kind"":""routed"",""operator_family_id"":""moe"",""operator_family_ids"":[""moe""],""profile_id"":""generic"",""selected_expert_parallel_size"":8,""selected_padded_ffn_width"":768,""selected_tensor_parallel_size"":1,""tensor_parallel_mode"":""moe_tp"",""tensor_parallel_sizes"":[1]},""moe_shuffling"":{""dimension_source"":""routed_mlp_hidden_dim"",""effective_ffn_width"":768,""expert_parallel_mode"":""on"",""layer_kind"":""routed"",""operator_family_id"":""moe"",""operator_family_ids"":[""moe""],""profile_id"":""generic"",""selected_expert_parallel_size"":null,""selected_padded_ffn_width"":768,""selected_tensor_parallel_size"":1,""tensor_parallel_mode"":""moe_tp"",""tensor_parallel_sizes"":[1]}}",99,0.375,6.1875,6.1875,0.6875,0.0,0.9410217242560798,1.9393939393939394,3.153029346859854,0.47916666666666674,extremely_skewed,2,vllm_fused,CUDA_EVENT,BF16,generic,generic,none
0.02937600016593933,0.09206400066614151,0.036188800167292354,0.032736001536250114,0.01317533672495084,20,0.05392000079154968,0.08607999980449677,0.06133440062403679,0.05833600088953972,0.007577030243854677,20,0.039712000638246536,0.04761600121855736,0.04132160022854805,0.04073600098490715,0.0017506983594273214,20,0.1393599957227707,0.15193599462509155,0.1442224085330963,0.1430400013923645,0.003511392278596759,4,128,16,8,standard_fused_topk,logit_topk,softmax_renorm,True,prefill_hot,ffn_like_prefix_20x,8,2048,768,True,1,"{""moe_gating_linear"":{""dimension_source"":""routed_mlp_hidden_dim"",""effective_ffn_width"":768,""expert_parallel_mode"":""on"",""layer_kind"":""routed"",""operator_family_id"":""moe"",""operator_family_ids"":[""moe""],""profile_id"":""generic"",""selected_expert_parallel_size"":null,""selected_padded_ffn_width"":768,""selected_tensor_parallel_size"":1,""tensor_parallel_mode"":""moe_tp"",""tensor_parallel_sizes"":[1]},""moe_gating_routing_topk"":{""dimension_source"":""routed_mlp_hidden_dim"",""effective_ffn_width"":768,""expert_parallel_mode"":""on"",""layer_kind"":""routed"",""operator_family_id"":""moe"",""operator_family_ids"":[""moe""],""profile_id"":""generic"",""selected_expert_parallel_size"":null,""selected_padded_ffn_width"":768,""selected_tensor_parallel_size"":1,""tensor_parallel_mode"":""moe_tp"",""tensor_parallel_sizes"":[1]},""moe_grouped_gemm"":{""dimension_source"":""routed_mlp_hidden_dim"",""effective_ffn_width"":768,""expert_parallel_mode"":""on"",""layer_kind"":""routed"",""operator_family_id"":""moe"",""operator_family_ids"":[""moe""],""profile_id"":""generic"",""selected_expert_parallel_size"":8,""selected_padded_ffn_width"":768,""selected_tensor_parallel_size"":1,""tensor_parallel_mode"":""moe_tp"",""tensor_parallel_sizes"":[1]},""moe_shuffling"":{""dimension_source"":""routed_mlp_hidden_dim"",""effective_ffn_width"":768,""expert_parallel_mode"":""on"",""layer_kind"":""routed"",""operator_family_id"":""moe"",""operator_family_ids"":[""moe""],""profile_id"":""generic"",""selected_expert_parallel_size"":null,""selected_padded_ffn_width"":768,""selected_tensor_parallel_size"":1,""tensor_parallel_mode"":""moe_tp"",""tensor_parallel_sizes"":[1]}}",2,0.375,0.125,0.125,0.125,0.0,2.6457513110645907,8.0,1.0000000005403133,0.875,uniform,0,vllm_fused,CUDA_EVENT,BF16,generic,generic,none
0.029311999678611755,0.08012799918651581,0.03555040014907718,0.03480000048875809,0.010633429299863797,20,0.052000001072883606,0.07558400183916092,0.06032000090926885,0.05668799951672554,0.007026161315855294,20,0.039872001856565475,0.04531199857592583,0.04122240003198385,0.04094399884343147,0.0012455602381291175,20,0.13843199610710144,0.1494079977273941,0.14169758558273315,0.14131200313568115,0.002663233084604144,2,128,16,8,standard_fused_topk,logit_topk,softmax_renorm,True,prefill_hot,ffn_like_prefix_20x,8,2048,768,True,1,"{""moe_gating_linear"":{""dimension_source"":""routed_mlp_hidden_dim"",""effective_ffn_width"":768,""expert_parallel_mode"":""on"",""layer_kind"":""routed"",""operator_family_id"":""moe"",""operator_family_ids"":[""moe""],""profile_id"":""generic"",""selected_expert_parallel_size"":null,""selected_padded_ffn_width"":768,""selected_tensor_parallel_size"":1,""tensor_parallel_mode"":""moe_tp"",""tensor_parallel_sizes"":[1]},""moe_gating_routing_topk"":{""dimension_source"":""routed_mlp_hidden_dim"",""effective_ffn_width"":768,""expert_parallel_mode"":""on"",""layer_kind"":""routed"",""operator_family_id"":""moe"",""operator_family_ids"":[""moe""],""profile_id"":""generic"",""selected_expert_parallel_size"":null,""selected_padded_ffn_width"":768,""selected_tensor_parallel_size"":1,""tensor_parallel_mode"":""moe_tp"",""tensor_parallel_sizes"":[1]},""moe_grouped_gemm"":{""dimension_source"":""routed_mlp_hidden_dim"",""effective_ffn_width"":768,""expert_parallel_mode"":""on"",""layer_kind"":""routed"",""operator_family_id"":""moe"",""operator_family_ids"":[""moe""],""profile_id"":""generic"",""selected_expert_parallel_size"":8,""selected_padded_ffn_width"":768,""selected_tensor_parallel_size"":1,""tensor_parallel_mode"":""moe_tp"",""tensor_parallel_sizes"":[1]},""moe_shuffling"":{""dimension_source"":""routed_mlp_hidden_dim"",""effective_ffn_width"":768,""expert_parallel_mode"":""on"",""layer_kind"":""routed"",""operator_family_id"":""moe"",""operator_family_ids"":[""moe""],""profile_id"":""generic"",""selected_expert_parallel_size"":null,""selected_padded_ffn_width"":768,""selected_tensor_parallel_size"":1,""tensor_parallel_mode"":""moe_tp"",""tensor_parallel_sizes"":[1]}}",0,0.375,0.0,0.0,0.0,0.0,0.0,0.0,0.0,0.0,skewed,1,vllm_fused,CUDA_EVENT,BF16,generic,generic,none
0.03110400028526783,0.08454400300979614,0.03650399995967746,0.033135998994112015,0.011285094053000204,20,0.056223999708890915,0.06950400024652481,0.06129280030727387,0.05854400061070919,0.0049169165240077126,20,0.041919998824596405,0.05206400156021118,0.04354560002684593,0.043007999658584595,0.002150500305304205,20,0.14137600362300873,0.1488959938287735,0.14389440417289734,0.14339199662208557,0.001866108737885952,4,128,16,8,standard_fused_topk,logit_topk,softmax_renorm,True,prefill_hot,ffn_like_prefix_20x,8,2048,768,True,1,"{""moe_gating_linear"":{""dimension_source"":""routed_mlp_hidden_dim"",""effective_ffn_width"":768,""expert_parallel_mode"":""on"",""layer_kind"":""routed"",""operator_family_id"":""moe"",""operator_family_ids"":[""moe""],""profile_id"":""generic"",""selected_expert_parallel_size"":null,""selected_padded_ffn_width"":768,""selected_tensor_parallel_size"":1,""tensor_parallel_mode"":""moe_tp"",""tensor_parallel_sizes"":[1]},""moe_gating_routing_topk"":{""dimension_source"":""routed_mlp_hidden_dim"",""effective_ffn_width"":768,""expert_parallel_mode"":""on"",""layer_kind"":""routed"",""operator_family_id"":""moe"",""operator_family_ids"":[""moe""],""profile_id"":""generic"",""selected_expert_parallel_size"":null,""selected_padded_ffn_width"":768,""selected_tensor_parallel_size"":1,""tensor_parallel_mode"":""moe_tp"",""tensor_parallel_sizes"":[1]},""moe_grouped_gemm"":{""dimension_source"":""routed_mlp_hidden_dim"",""effective_ffn_width"":768,""expert_parallel_mode"":""on"",""layer_kind"":""routed"",""operator_family_id"":""moe"",""operator_family_ids"":[""moe""],""profile_id"":""generic"",""selected_expert_parallel_size"":8,""selected_padded_ffn_width"":768,""selected_tensor_parallel_size"":1,""tensor_parallel_mode"":""moe_tp"",""tensor_parallel_sizes"":[1]},""moe_shuffling"":{""dimension_source"":""routed_mlp_hidden_dim"",""effective_ffn_width"":768,""expert_parallel_mode"":""on"",""layer_kind"":""routed"",""operator_family_id"":""moe"",""operator_family_ids"":[""moe""],""profile_id"":""generic"",""selected_expert_parallel_size"":null,""selected_padded_ffn_width"":768,""selected_tensor_parallel_size"":1,""tensor_parallel_mode"":""moe_tp"",""tensor_parallel_sizes"":[1]}}",4,0.375,0.25,0.25,0.25,0.0,1.7320508075688772,4.0,2.0000000004628165,0.75,uniform,1,vllm_fused,CUDA_EVENT,BF16,generic,generic,none
0.030559999868273735,0.09232000261545181,0.03741120053455234,0.03401600010693073,0.013060802984448103,20,0.05510399863123894,0.07680000364780426,0.06387360002845525,0.06366400048136711,0.00614031932150174,20,0.03964800015091896,0.04729599878191948,0.04120959974825382,0.04057599976658821,0.001684446589391272,20,0.14028799533843994,0.16089600324630737,0.146163210272789,0.1454080045223236,0.005026028025895357,8,128,16,8,standard_fused_topk,logit_topk,softmax_renorm,True,prefill_hot,ffn_like_prefix_20x,8,2048,768,True,1,"{""moe_gating_linear"":{""dimension_source"":""routed_mlp_hidden_dim"",""effective_ffn_width"":768,""expert_parallel_mode"":""on"",""layer_kind"":""routed"",""operator_family_id"":""moe"",""operator_family_ids"":[""moe""],""profile_id"":""generic"",""selected_expert_parallel_size"":null,""selected_padded_ffn_width"":768,""selected_tensor_parallel_size"":1,""tensor_parallel_mode"":""moe_tp"",""tensor_parallel_sizes"":[1]},""moe_gating_routing_topk"":{""dimension_source"":""routed_mlp_hidden_dim"",""effective_ffn_width"":768,""expert_parallel_mode"":""on"",""layer_kind"":""routed"",""operator_family_id"":""moe"",""operator_family_ids"":[""moe""],""profile_id"":""generic"",""selected_expert_parallel_size"":null,""selected_padded_ffn_width"":768,""selected_tensor_parallel_size"":1,""tensor_parallel_mode"":""moe_tp"",""tensor_parallel_sizes"":[1]},""moe_grouped_gemm"":{""dimension_source"":""routed_mlp_hidden_dim"",""effective_ffn_width"":768,""expert_parallel_mode"":""on"",""layer_kind"":""routed"",""operator_family_id"":""moe"",""operator_family_ids"":[""moe""],""profile_id"":""generic"",""selected_expert_parallel_size"":8,""selected_padded_ffn_width"":768,""selected_tensor_parallel_size"":1,""tensor_parallel_mode"":""moe_tp"",""tensor_parallel_sizes"":[1]},""moe_shuffling"":{""dimension_source"":""routed_mlp_hidden_dim"",""effective_ffn_width"":768,""expert_parallel_mode"":""on"",""layer_kind"":""routed"",""operator_family_id"":""moe"",""operator_family_ids"":[""moe""],""profile_id"":""generic"",""selected_expert_parallel_size"":null,""selected_padded_ffn_width"":768,""selected_tensor_parallel_size"":1,""tensor_parallel_mode"":""moe_tp"",""tensor_parallel_sizes"":[1]}}",44,0.375,2.75,2.75,0.6875,0.0,0.8766955237266323,2.1818181818181817,3.2599484750823478,0.4630681818181819,extremely_skewed,1,vllm_fused,CUDA_EVENT,BF16,generic,generic,none
0.028863999992609024,1.0817279815673828,0.08435519896447659,0.030848000198602676,0.2288443665120203,20,0.052480001002550125,0.10764800012111664,0.059376000054180623,0.0546719990670681,0.013071702294450323,20,0.04185599833726883,0.059039998799562454,0.05227039977908134,0.05326399952173233,0.004306390452435321,20,0.14032000303268433,0.15571199357509613,0.14439840614795685,0.14319999516010284,0.0036995417904108763,4,128,16,8,standard_fused_topk,logit_topk,softmax_renorm,True,prefill_hot,ffn_like_prefix_20x,8,2048,768,True,1,"{""moe_gating_linear"":{""dimension_source"":""routed_mlp_hidden_dim"",""effective_ffn_width"":768,""expert_parallel_mode"":""on"",""layer_kind"":""routed"",""operator_family_id"":""moe"",""operator_family_ids"":[""moe""],""profile_id"":""generic"",""selected_expert_parallel_size"":null,""selected_padded_ffn_width"":768,""selected_tensor_parallel_size"":1,""tensor_parallel_mode"":""moe_tp"",""tensor_parallel_sizes"":[1]},""moe_gating_routing_topk"":{""dimension_source"":""routed_mlp_hidden_dim"",""effective_ffn_width"":768,""expert_parallel_mode"":""on"",""layer_kind"":""routed"",""operator_family_id"":""moe"",""operator_family_ids"":[""moe""],""profile_id"":""generic"",""selected_expert_parallel_size"":null,""selected_padded_ffn_width"":768,""selected_tensor_parallel_size"":1,""tensor_parallel_mode"":""moe_tp"",""tensor_parallel_sizes"":[1]},""moe_grouped_gemm"":{""dimension_source"":""routed_mlp_hidden_dim"",""effective_ffn_width"":768,""expert_parallel_mode"":""on"",""layer_kind"":""routed"",""operator_family_id"":""moe"",""operator_family_ids"":[""moe""],""profile_id"":""generic"",""selected_expert_parallel_size"":8,""selected_padded_ffn_width"":768,""selected_tensor_parallel_size"":1,""tensor_parallel_mode"":""moe_tp"",""tensor_parallel_sizes"":[1]},""moe_shuffling"":{""dimension_source"":""routed_mlp_hidden_dim"",""effective_ffn_width"":768,""expert_parallel_mode"":""on"",""layer_kind"":""routed"",""operator_family_id"":""moe"",""operator_family_ids"":[""moe""],""profile_id"":""generic"",""selected_expert_parallel_size"":null,""selected_padded_ffn_width"":768,""selected_tensor_parallel_size"":1,""tensor_parallel_mode"":""moe_tp"",""tensor_parallel_sizes"":[1]}}",25,0.375,1.5625,1.5625,0.5625,0.0,0.9320944158184835,1.92,3.122292189357603,0.47750000000000004,extremely_skewed,2,vllm_fused,CUDA_EVENT,BF16,generic,generic,none
0.030592000111937523,1.1045119762420654,0.08815039889886975,0.03415999934077263,0.23319370594298616,20,0.055135998874902725,0.11100800335407257,0.06444480046629905,0.06177600100636482,0.012330464636209515,20,0.04211200028657913,0.04800000041723251,0.044049599952995774,0.04403200000524521,0.0013725529489835792,20,0.1424960047006607,0.16073599457740784,0.14731520414352417,0.14608000218868256,0.0048750718124210835,2,128,16,8,standard_fused_topk,logit_topk,softmax_renorm,True,prefill_hot,ffn_like_prefix_20x,8,2048,768,True,1,"{""moe_gating_linear"":{""dimension_source"":""routed_mlp_hidden_dim"",""effective_ffn_width"":768,""expert_parallel_mode"":""on"",""layer_kind"":""routed"",""operator_family_id"":""moe"",""operator_family_ids"":[""moe""],""profile_id"":""generic"",""selected_expert_parallel_size"":null,""selected_padded_ffn_width"":768,""selected_tensor_parallel_size"":1,""tensor_parallel_mode"":""moe_tp"",""tensor_parallel_sizes"":[1]},""moe_gating_routing_topk"":{""dimension_source"":""routed_mlp_hidden_dim"",""effective_ffn_width"":768,""expert_parallel_mode"":""on"",""layer_kind"":""routed"",""operator_family_id"":""moe"",""operator_family_ids"":[""moe""],""profile_id"":""generic"",""selected_expert_parallel_size"":null,""selected_padded_ffn_width"":768,""selected_tensor_parallel_size"":1,""tensor_parallel_mode"":""moe_tp"",""tensor_parallel_sizes"":[1]},""moe_grouped_gemm"":{""dimension_source"":""routed_mlp_hidden_dim"",""effective_ffn_width"":768,""expert_parallel_mode"":""on"",""layer_kind"":""routed"",""operator_family_id"":""moe"",""operator_family_ids"":[""moe""],""profile_id"":""generic"",""selected_expert_parallel_size"":8,""selected_padded_ffn_width"":768,""selected_tensor_parallel_size"":1,""tensor_parallel_mode"":""moe_tp"",""tensor_parallel_sizes"":[1]},""moe_shuffling"":{""dimension_source"":""routed_mlp_hidden_dim"",""effective_ffn_width"":768,""expert_parallel_mode"":""on"",""layer_kind"":""routed"",""operator_family_id"":""moe"",""operator_family_ids"":[""moe""],""profile_id"":""generic"",""selected_expert_parallel_size"":null,""selected_padded_ffn_width"":768,""selected_tensor_parallel_size"":1,""tensor_parallel_mode"":""moe_tp"",""tensor_parallel_sizes"":[1]}}",2,0.375,0.125,0.125,0.125,0.0,2.6457513110645907,8.0,1.0000000005403133,0.875,uniform,0,vllm_fused,CUDA_EVENT,BF16,generic,generic,none
0.029759999364614487,0.09331200271844864,0.03685439974069595,0.033295998349785805,0.013307446440087857,20,0.05407999828457832,0.08502399921417236,0.06248960010707379,0.05998400039970875,0.007821703318842342,20,0.039744000881910324,0.048767998814582825,0.04138719998300076,0.04108799993991852,0.0019991488352508638,20,0.14239999651908875,0.1653759926557541,0.14746560156345367,0.14467200636863708,0.0076960246078670025,4,128,16,8,standard_fused_topk,logit_topk,softmax_renorm,True,prefill_hot,ffn_like_prefix_20x,8,2048,768,True,1,"{""moe_gating_linear"":{""dimension_source"":""routed_mlp_hidden_dim"",""effective_ffn_width"":768,""expert_parallel_mode"":""on"",""layer_kind"":""routed"",""operator_family_id"":""moe"",""operator_family_ids"":[""moe""],""profile_id"":""generic"",""selected_expert_parallel_size"":null,""selected_padded_ffn_width"":768,""selected_tensor_parallel_size"":1,""tensor_parallel_mode"":""moe_tp"",""tensor_parallel_sizes"":[1]},""moe_gating_routing_topk"":{""dimension_source"":""routed_mlp_hidden_dim"",""effective_ffn_width"":768,""expert_parallel_mode"":""on"",""layer_kind"":""routed"",""operator_family_id"":""moe"",""operator_family_ids"":[""moe""],""profile_id"":""generic"",""selected_expert_parallel_size"":null,""selected_padded_ffn_width"":768,""selected_tensor_parallel_size"":1,""tensor_parallel_mode"":""moe_tp"",""tensor_parallel_sizes"":[1]},""moe_grouped_gemm"":{""dimension_source"":""routed_mlp_hidden_dim"",""effective_ffn_width"":768,""expert_parallel_mode"":""on"",""layer_kind"":""routed"",""operator_family_id"":""moe"",""operator_family_ids"":[""moe""],""profile_id"":""generic"",""selected_expert_parallel_size"":8,""selected_padded_ffn_width"":768,""selected_tensor_parallel_size"":1,""tensor_parallel_mode"":""moe_tp"",""tensor_parallel_sizes"":[1]},""moe_shuffling"":{""dimension_source"":""routed_mlp_hidden_dim"",""effective_ffn_width"":768,""expert_parallel_mode"":""on"",""layer_kind"":""routed"",""operator_family_id"":""moe"",""operator_family_ids"":[""moe""],""profile_id"":""generic"",""selected_expert_parallel_size"":null,""selected_padded_ffn_width"":768,""selected_tensor_parallel_size"":1,""tensor_parallel_mode"":""moe_tp"",""tensor_parallel_sizes"":[1]}}",25,0.375,1.5625,1.5625,0.5,0.0,1.0111379727811631,2.56,2.9924876894808317,0.5175000000000001,extremely_skewed,0,vllm_fused,CUDA_EVENT,BF16,generic,generic,none
0.028863999992609024,0.08668799698352814,0.033470400236546995,0.03038400039076805,0.012297247797469933,20,0.052000001072883606,0.06572800129652023,0.05504959989339113,0.05377599969506264,0.003343504169194094,20,0.05132799968123436,0.05612799897789955,0.052220800146460536,0.05190400034189224,0.0010679034948745507,20,0.13913600146770477,0.18479999899864197,0.14965279400348663,0.14316800236701965,0.013923164457082748,2,128,16,8,standard_fused_topk,logit_topk,softmax_renorm,True,prefill_hot,ffn_like_prefix_20x,8,2048,768,True,1,"{""moe_gating_linear"":{""dimension_source"":""routed_mlp_hidden_dim"",""effective_ffn_width"":768,""expert_parallel_mode"":""on"",""layer_kind"":""routed"",""operator_family_id"":""moe"",""operator_family_ids"":[""moe""],""profile_id"":""generic"",""selected_expert_parallel_size"":null,""selected_padded_ffn_width"":768,""selected_tensor_parallel_size"":1,""tensor_parallel_mode"":""moe_tp"",""tensor_parallel_sizes"":[1]},""moe_gating_routing_topk"":{""dimension_source"":""routed_mlp_hidden_dim"",""effective_ffn_width"":768,""expert_parallel_mode"":""on"",""layer_kind"":""routed"",""operator_family_id"":""moe"",""operator_family_ids"":[""moe""],""profile_id"":""generic"",""selected_expert_parallel_size"":null,""selected_padded_ffn_width"":768,""selected_tensor_parallel_size"":1,""tensor_parallel_mode"":""moe_tp"",""tensor_parallel_sizes"":[1]},""moe_grouped_gemm"":{""dimension_source"":""routed_mlp_hidden_dim"",""effective_ffn_width"":768,""expert_parallel_mode"":""on"",""layer_kind"":""routed"",""operator_family_id"":""moe"",""operator_family_ids"":[""moe""],""profile_id"":""generic"",""selected_expert_parallel_size"":8,""selected_padded_ffn_width"":768,""selected_tensor_parallel_size"":1,""tensor_parallel_mode"":""moe_tp"",""tensor_parallel_sizes"":[1]},""moe_shuffling"":{""dimension_source"":""routed_mlp_hidden_dim"",""effective_ffn_width"":768,""expert_parallel_mode"":""on"",""layer_kind"":""routed"",""operator_family_id"":""moe"",""operator_family_ids"":[""moe""],""profile_id"":""generic"",""selected_expert_parallel_size"":null,""selected_padded_ffn_width"":768,""selected_tensor_parallel_size"":1,""tensor_parallel_mode"":""moe_tp"",""tensor_parallel_sizes"":[1]}}",9,0.375,0.5625,0.5625,0.5625,0.0,0.8819171036881969,1.7777777777777777,3.1699250017169147,0.4375,extremely_skewed,1,vllm_fused,CUDA_EVENT,BF16,generic,generic,none
0.03110400028526783,0.08377599716186523,0.03701119981706143,0.03280000016093254,0.011162581019258152,20,0.055135998874902725,0.08070400357246399,0.061489599943161014,0.0579840000718832,0.007212075469474031,20,0.04211200028657913,0.05113599821925163,0.043924799934029576,0.043168000876903534,0.0021208606339800486,20,0.14176000654697418,0.16380800306797028,0.14671839773654938,0.14502400159835815,0.005165226757526398,2,128,16,8,standard_fused_topk,logit_topk,softmax_renorm,True,prefill_hot,ffn_like_prefix_20x,8,2048,768,True,1,"{""moe_gating_linear"":{""dimension_source"":""routed_mlp_hidden_dim"",""effective_ffn_width"":768,""expert_parallel_mode"":""on"",""layer_kind"":""routed"",""operator_family_id"":""moe"",""operator_family_ids"":[""moe""],""profile_id"":""generic"",""selected_expert_parallel_size"":null,""selected_padded_ffn_width"":768,""selected_tensor_parallel_size"":1,""tensor_parallel_mode"":""moe_tp"",""tensor_parallel_sizes"":[1]},""moe_gating_routing_topk"":{""dimension_source"":""routed_mlp_hidden_dim"",""effective_ffn_width"":768,""expert_parallel_mode"":""on"",""layer_kind"":""routed"",""operator_family_id"":""moe"",""operator_family_ids"":[""moe""],""profile_id"":""generic"",""selected_expert_parallel_size"":null,""selected_padded_ffn_width"":768,""selected_tensor_parallel_size"":1,""tensor_parallel_mode"":""moe_tp"",""tensor_parallel_sizes"":[1]},""moe_grouped_gemm"":{""dimension_source"":""routed_mlp_hidden_dim"",""effective_ffn_width"":768,""expert_parallel_mode"":""on"",""layer_kind"":""routed"",""operator_family_id"":""moe"",""operator_family_ids"":[""moe""],""profile_id"":""generic"",""selected_expert_parallel_size"":8,""selected_padded_ffn_width"":768,""selected_tensor_parallel_size"":1,""tensor_parallel_mode"":""moe_tp"",""tensor_parallel_sizes"":[1]},""moe_shuffling"":{""dimension_source"":""routed_mlp_hidden_dim"",""effective_ffn_width"":768,""expert_parallel_mode"":""on"",""layer_kind"":""routed"",""operator_family_id"":""moe"",""operator_family_ids"":[""moe""],""profile_id"":""generic"",""selected_expert_parallel_size"":null,""selected_padded_ffn_width"":768,""selected_tensor_parallel_size"":1,""tensor_parallel_mode"":""moe_tp"",""tensor_parallel_sizes"":[1]}}",9,0.375,0.5625,0.5625,0.5625,0.0,0.8819171036881969,1.7777777777777777,3.1699250017169147,0.4375,extremely_skewed,2,vllm_fused,CUDA_EVENT,BF16,generic,generic,none
0.029823999851942062,0.09504000097513199,0.03614400029182434,0.0317120011895895,0.014367143081609442,20,0.053568001836538315,0.07280000299215317,0.05855519976466894,0.05644799955189228,0.005268091621409159,20,0.03993599861860275,0.06393600255250931,0.04248160012066364,0.041071999818086624,0.0050914054237091826,20,0.14003199338912964,0.16342400014400482,0.1456383913755417,0.14441600441932678,0.0055196406319737434,2,128,16,8,standard_fused_topk,logit_topk,softmax_renorm,True,prefill_hot,ffn_like_prefix_20x,8,2048,768,True,1,"{""moe_gating_linear"":{""dimension_source"":""routed_mlp_hidden_dim"",""effective_ffn_width"":768,""expert_parallel_mode"":""on"",""layer_kind"":""routed"",""operator_family_id"":""moe"",""operator_family_ids"":[""moe""],""profile_id"":""generic"",""selected_expert_parallel_size"":null,""selected_padded_ffn_width"":768,""selected_tensor_parallel_size"":1,""tensor_parallel_mode"":""moe_tp"",""tensor_parallel_sizes"":[1]},""moe_gating_routing_topk"":{""dimension_source"":""routed_mlp_hidden_dim"",""effective_ffn_width"":768,""expert_parallel_mode"":""on"",""layer_kind"":""routed"",""operator_family_id"":""moe"",""operator_family_ids"":[""moe""],""profile_id"":""generic"",""selected_expert_parallel_size"":null,""selected_padded_ffn_width"":768,""selected_tensor_parallel_size"":1,""tensor_parallel_mode"":""moe_tp"",""tensor_parallel_sizes"":[1]},""moe_grouped_gemm"":{""dimension_source"":""routed_mlp_hidden_dim"",""effective_ffn_width"":768,""expert_parallel_mode"":""on"",""layer_kind"":""routed"",""operator_family_id"":""moe"",""operator_family_ids"":[""moe""],""profile_id"":""generic"",""selected_expert_parallel_size"":8,""selected_padded_ffn_width"":768,""selected_tensor_parallel_size"":1,""tensor_parallel_mode"":""moe_tp"",""tensor_parallel_sizes"":[1]},""moe_shuffling"":{""dimension_source"":""routed_mlp_hidden_dim"",""effective_ffn_width"":768,""expert_parallel_mode"":""on"",""layer_kind"":""routed"",""operator_family_id"":""moe"",""operator_family_ids"":[""moe""],""profile_id"":""generic"",""selected_expert_parallel_size"":null,""selected_padded_ffn_width"":768,""selected_tensor_parallel_size"":1,""tensor_parallel_mode"":""moe_tp"",""tensor_parallel_sizes"":[1]}}",1,0.375,0.0625,0.0625,0.0625,0.0,3.872983346207417,16.0,5.800614104850887e-10,0.9375,skewed,2,vllm_fused,CUDA_EVENT,BF16,generic,generic,none
0.030432000756263733,0.0923520028591156,0.038406400475651026,0.036368001252412796,0.013258448926882306,20,0.054016001522541046,0.07635200023651123,0.06456799991428852,0.0676800012588501,0.007133099845422707,20,0.052671998739242554,0.05910399928689003,0.05387200023978948,0.053408000618219376,0.001429167932044012,20,0.13990400731563568,0.17932799458503723,0.14641760289669037,0.1438400000333786,0.00886405911296606,16,128,16,8,standard_fused_topk,logit_topk,softmax_renorm,True,prefill_hot,ffn_like_prefix_20x,8,2048,768,True,1,"{""moe_gating_linear"":{""dimension_source"":""routed_mlp_hidden_dim"",""effective_ffn_width"":768,""expert_parallel_mode"":""on"",""layer_kind"":""routed"",""operator_family_id"":""moe"",""operator_family_ids"":[""moe""],""profile_id"":""generic"",""selected_expert_parallel_size"":null,""selected_padded_ffn_width"":768,""selected_tensor_parallel_size"":1,""tensor_parallel_mode"":""moe_tp"",""tensor_parallel_sizes"":[1]},""moe_gating_routing_topk"":{""dimension_source"":""routed_mlp_hidden_dim"",""effective_ffn_width"":768,""expert_parallel_mode"":""on"",""layer_kind"":""routed"",""operator_family_id"":""moe"",""operator_family_ids"":[""moe""],""profile_id"":""generic"",""selected_expert_parallel_size"":null,""selected_padded_ffn_width"":768,""selected_tensor_parallel_size"":1,""tensor_parallel_mode"":""moe_tp"",""tensor_parallel_sizes"":[1]},""moe_grouped_gemm"":{""dimension_source"":""routed_mlp_hidden_dim"",""effective_ffn_width"":768,""expert_parallel_mode"":""on"",""layer_kind"":""routed"",""operator_family_id"":""moe"",""operator_family_ids"":[""moe""],""profile_id"":""generic"",""selected_expert_parallel_size"":8,""selected_padded_ffn_width"":768,""selected_tensor_parallel_size"":1,""tensor_parallel_mode"":""moe_tp"",""tensor_parallel_sizes"":[1]},""moe_shuffling"":{""dimension_source"":""routed_mlp_hidden_dim"",""effective_ffn_width"":768,""expert_parallel_mode"":""on"",""layer_kind"":""routed"",""operator_family_id"":""moe"",""operator_family_ids"":[""moe""],""profile_id"":""generic"",""selected_expert_parallel_size"":null,""selected_padded_ffn_width"":768,""selected_tensor_parallel_size"":1,""tensor_parallel_mode"":""moe_tp"",""tensor_parallel_sizes"":[1]}}",5,0.375,0.3125,0.3125,0.3125,0.0,1.4832396974191326,3.2,2.3219280953120394,0.6875,skewed,2,vllm_fused,CUDA_EVENT,BF16,generic,generic,none
0.033952001482248306,0.17472000420093536,0.045164800621569155,0.03835200145840645,0.029985693673086594,20,0.0597120001912117,0.08124800026416779,0.06774720009416342,0.06956800073385239,0.006313965047095622,20,0.04473600164055824,0.06425599753856659,0.047492799907922746,0.045871999114751816,0.0044085763525754055,20,0.14998400211334229,0.18252800405025482,0.15787360072135925,0.15455999970436096,0.009118186309933662,16,128,16,8,standard_fused_topk,logit_topk,softmax_renorm,True,prefill_hot,ffn_like_prefix_20x,8,2048,768,True,1,"{""moe_gating_linear"":{""dimension_source"":""routed_mlp_hidden_dim"",""effective_ffn_width"":768,""expert_parallel_mode"":""on"",""layer_kind"":""routed"",""operator_family_id"":""moe"",""operator_family_ids"":[""moe""],""profile_id"":""generic"",""selected_expert_parallel_size"":null,""selected_padded_ffn_width"":768,""selected_tensor_parallel_size"":1,""tensor_parallel_mode"":""moe_tp"",""tensor_parallel_sizes"":[1]},""moe_gating_routing_topk"":{""dimension_source"":""routed_mlp_hidden_dim"",""effective_ffn_width"":768,""expert_parallel_mode"":""on"",""layer_kind"":""routed"",""operator_family_id"":""moe"",""operator_family_ids"":[""moe""],""profile_id"":""generic"",""selected_expert_parallel_size"":null,""selected_padded_ffn_width"":768,""selected_tensor_parallel_size"":1,""tensor_parallel_mode"":""moe_tp"",""tensor_parallel_sizes"":[1]},""moe_grouped_gemm"":{""dimension_source"":""routed_mlp_hidden_dim"",""effective_ffn_width"":768,""expert_parallel_mode"":""on"",""layer_kind"":""routed"",""operator_family_id"":""moe"",""operator_family_ids"":[""moe""],""profile_id"":""generic"",""selected_expert_parallel_size"":8,""selected_padded_ffn_width"":768,""selected_tensor_parallel_size"":1,""tensor_parallel_mode"":""moe_tp"",""tensor_parallel_sizes"":[1]},""moe_shuffling"":{""dimension_source"":""routed_mlp_hidden_dim"",""effective_ffn_width"":768,""expert_parallel_mode"":""on"",""layer_kind"":""routed"",""operator_family_id"":""moe"",""operator_family_ids"":[""moe""],""profile_id"":""generic"",""selected_expert_parallel_size"":null,""selected_padded_ffn_width"":768,""selected_tensor_parallel_size"":1,""tensor_parallel_mode"":""moe_tp"",""tensor_parallel_sizes"":[1]}}",17,0.375,1.0625,1.0625,0.625,0.0,1.023935010913483,3.764705882352941,3.1462863709013034,0.5330882352941178,uniform,1,vllm_fused,CUDA_EVENT,BF16,generic,generic,none
0.028960000723600388,0.08886399865150452,0.034217600151896475,0.03038400039076805,0.012750616802110483,20,0.052352000027894974,0.06896000355482101,0.05709600038826466,0.0544000007212162,0.005188876393686149,20,0.05132799968123436,0.0575999990105629,0.05340480003505945,0.05307199992239475,0.0013246181840285325,20,0.1414719969034195,0.17337599396705627,0.15027360618114471,0.1467200070619583,0.01071428693830967,16,128,16,8,standard_fused_topk,logit_topk,softmax_renorm,True,prefill_hot,ffn_like_prefix_20x,8,2048,768,True,1,"{""moe_gating_linear"":{""dimension_source"":""routed_mlp_hidden_dim"",""effective_ffn_width"":768,""expert_parallel_mode"":""on"",""layer_kind"":""routed"",""operator_family_id"":""moe"",""operator_family_ids"":[""moe""],""profile_id"":""generic"",""selected_expert_parallel_size"":null,""selected_padded_ffn_width"":768,""selected_tensor_parallel_size"":1,""tensor_parallel_mode"":""moe_tp"",""tensor_parallel_sizes"":[1]},""moe_gating_routing_topk"":{""dimension_source"":""routed_mlp_hidden_dim"",""effective_ffn_width"":768,""expert_parallel_mode"":""on"",""layer_kind"":""routed"",""operator_family_id"":""moe"",""operator_family_ids"":[""moe""],""profile_id"":""generic"",""selected_expert_parallel_size"":null,""selected_padded_ffn_width"":768,""selected_tensor_parallel_size"":1,""tensor_parallel_mode"":""moe_tp"",""tensor_parallel_sizes"":[1]},""moe_grouped_gemm"":{""dimension_source"":""routed_mlp_hidden_dim"",""effective_ffn_width"":768,""expert_parallel_mode"":""on"",""layer_kind"":""routed"",""operator_family_id"":""moe"",""operator_family_ids"":[""moe""],""profile_id"":""generic"",""selected_expert_parallel_size"":8,""selected_padded_ffn_width"":768,""selected_tensor_parallel_size"":1,""tensor_parallel_mode"":""moe_tp"",""tensor_parallel_sizes"":[1]},""moe_shuffling"":{""dimension_source"":""routed_mlp_hidden_dim"",""effective_ffn_width"":768,""expert_parallel_mode"":""on"",""layer_kind"":""routed"",""operator_family_id"":""moe"",""operator_family_ids"":[""moe""],""profile_id"":""generic"",""selected_expert_parallel_size"":null,""selected_padded_ffn_width"":768,""selected_tensor_parallel_size"":1,""tensor_parallel_mode"":""moe_tp"",""tensor_parallel_sizes"":[1]}}",92,0.375,5.75,5.75,0.5,0.0,1.0037735983143647,2.260869565217391,2.997327658779798,0.5149456521739131,extremely_skewed,0,vllm_fused,CUDA_EVENT,BF16,generic,generic,none
0.03030399978160858,0.09827200323343277,0.03729600021615624,0.032096000388264656,0.014390694593333794,20,0.05459199845790863,0.07807999849319458,0.06196640022099018,0.0585120003670454,0.007163387715704381,20,0.04131200164556503,0.05081599950790405,0.04356159996241331,0.0428640004247427,0.0023208295297924256,20,0.1395840048789978,0.15760000050067902,0.14368800818920135,0.14214399456977844,0.004410161171108484,8,128,16,8,standard_fused_topk,logit_topk,softmax_renorm,True,prefill_hot,ffn_like_prefix_20x,8,2048,768,True,1,"{""moe_gating_linear"":{""dimension_source"":""routed_mlp_hidden_dim"",""effective_ffn_width"":768,""expert_parallel_mode"":""on"",""layer_kind"":""routed"",""operator_family_id"":""moe"",""operator_family_ids"":[""moe""],""profile_id"":""generic"",""selected_expert_parallel_size"":null,""selected_padded_ffn_width"":768,""selected_tensor_parallel_size"":1,""tensor_parallel_mode"":""moe_tp"",""tensor_parallel_sizes"":[1]},""moe_gating_routing_topk"":{""dimension_source"":""routed_mlp_hidden_dim"",""effective_ffn_width"":768,""expert_parallel_mode"":""on"",""layer_kind"":""routed"",""operator_family_id"":""moe"",""operator_family_ids"":[""moe""],""profile_id"":""generic"",""selected_expert_parallel_size"":null,""selected_padded_ffn_width"":768,""selected_tensor_parallel_size"":1,""tensor_parallel_mode"":""moe_tp"",""tensor_parallel_sizes"":[1]},""moe_grouped_gemm"":{""dimension_source"":""routed_mlp_hidden_dim"",""effective_ffn_width"":768,""expert_parallel_mode"":""on"",""layer_kind"":""routed"",""operator_family_id"":""moe"",""operator_family_ids"":[""moe""],""profile_id"":""generic"",""selected_expert_parallel_size"":8,""selected_padded_ffn_width"":768,""selected_tensor_parallel_size"":1,""tensor_parallel_mode"":""moe_tp"",""tensor_parallel_sizes"":[1]},""moe_shuffling"":{""dimension_source"":""routed_mlp_hidden_dim"",""effective_ffn_width"":768,""expert_parallel_mode"":""on"",""layer_kind"":""routed"",""operator_family_id"":""moe"",""operator_family_ids"":[""moe""],""profile_id"":""generic"",""selected_expert_parallel_size"":null,""selected_padded_ffn_width"":768,""selected_tensor_parallel_size"":1,""tensor_parallel_mode"":""moe_tp"",""tensor_parallel_sizes"":[1]}}",3,0.375,0.1875,0.1875,0.1875,0.0,2.0816659994661326,5.333333333333333,1.5849625012224757,0.8125,skewed,1,vllm_fused,CUDA_EVENT,BF16,generic,generic,none
0.029759999364614487,0.08105599880218506,0.03400639966130257,0.031088000163435936,0.01091610036331442,20,0.05353600159287453,0.06473600119352341,0.056038400158286095,0.05536000058054924,0.00237645199298934,20,0.04118400067090988,0.04960000142455101,0.0432608000934124,0.04264000058174133,0.002132024220139247,20,0.14268800616264343,0.18432000279426575,0.15282240509986877,0.14998400211334229,0.011697323061525822,16,128,16,8,standard_fused_topk,logit_topk,softmax_renorm,True,prefill_hot,ffn_like_prefix_20x,8,2048,768,True,1,"{""moe_gating_linear"":{""dimension_source"":""routed_mlp_hidden_dim"",""effective_ffn_width"":768,""expert_parallel_mode"":""on"",""layer_kind"":""routed"",""operator_family_id"":""moe"",""operator_family_ids"":[""moe""],""profile_id"":""generic"",""selected_expert_parallel_size"":null,""selected_padded_ffn_width"":768,""selected_tensor_parallel_size"":1,""tensor_parallel_mode"":""moe_tp"",""tensor_parallel_sizes"":[1]},""moe_gating_routing_topk"":{""dimension_source"":""routed_mlp_hidden_dim"",""effective_ffn_width"":768,""expert_parallel_mode"":""on"",""layer_kind"":""routed"",""operator_family_id"":""moe"",""operator_family_ids"":[""moe""],""profile_id"":""generic"",""selected_expert_parallel_size"":null,""selected_padded_ffn_width"":768,""selected_tensor_parallel_size"":1,""tensor_parallel_mode"":""moe_tp"",""tensor_parallel_sizes"":[1]},""moe_grouped_gemm"":{""dimension_source"":""routed_mlp_hidden_dim"",""effective_ffn_width"":768,""expert_parallel_mode"":""on"",""layer_kind"":""routed"",""operator_family_id"":""moe"",""operator_family_ids"":[""moe""],""profile_id"":""generic"",""selected_expert_parallel_size"":8,""selected_padded_ffn_width"":768,""selected_tensor_parallel_size"":1,""tensor_parallel_mode"":""moe_tp"",""tensor_parallel_sizes"":[1]},""moe_shuffling"":{""dimension_source"":""routed_mlp_hidden_dim"",""effective_ffn_width"":768,""expert_parallel_mode"":""on"",""layer_kind"":""routed"",""operator_family_id"":""moe"",""operator_family_ids"":[""moe""],""profile_id"":""generic"",""selected_expert_parallel_size"":null,""selected_padded_ffn_width"":768,""selected_tensor_parallel_size"":1,""tensor_parallel_mode"":""moe_tp"",""tensor_parallel_sizes"":[1]}}",7,0.375,0.4375,0.4375,0.3125,0.0,1.8013600304169273,6.857142857142857,2.1280852793169136,0.7589285714285714,skewed,1,vllm_fused,CUDA_EVENT,BF16,generic,generic,none
0.03388800099492073,2.7722558975219727,0.1736031945794821,0.035551998764276505,0.5961827567236968,20,0.06326399743556976,0.16185599565505981,0.07227200046181678,0.06596800312399864,0.021170020930192365,20,0.047488000243902206,0.05951999872922897,0.050513599440455435,0.04980799928307533,0.0025455684041443606,20,0.1491519957780838,0.16288000345230103,0.1538512259721756,0.1536320000886917,0.003210010239854455,8,128,16,8,standard_fused_topk,logit_topk,softmax_renorm,True,prefill_hot,ffn_like_prefix_20x,8,2048,768,True,1,"{""moe_gating_linear"":{""dimension_source"":""routed_mlp_hidden_dim"",""effective_ffn_width"":768,""expert_parallel_mode"":""on"",""layer_kind"":""routed"",""operator_family_id"":""moe"",""operator_family_ids"":[""moe""],""profile_id"":""generic"",""selected_expert_parallel_size"":null,""selected_padded_ffn_width"":768,""selected_tensor_parallel_size"":1,""tensor_parallel_mode"":""moe_tp"",""tensor_parallel_sizes"":[1]},""moe_gating_routing_topk"":{""dimension_source"":""routed_mlp_hidden_dim"",""effective_ffn_width"":768,""expert_parallel_mode"":""on"",""layer_kind"":""routed"",""operator_family_id"":""moe"",""operator_family_ids"":[""moe""],""profile_id"":""generic"",""selected_expert_parallel_size"":null,""selected_padded_ffn_width"":768,""selected_tensor_parallel_size"":1,""tensor_parallel_mode"":""moe_tp"",""tensor_parallel_sizes"":[1]},""moe_grouped_gemm"":{""dimension_source"":""routed_mlp_hidden_dim"",""effective_ffn_width"":768,""expert_parallel_mode"":""on"",""layer_kind"":""routed"",""operator_family_id"":""moe"",""operator_family_ids"":[""moe""],""profile_id"":""generic"",""selected_expert_parallel_size"":8,""selected_padded_ffn_width"":768,""selected_tensor_parallel_size"":1,""tensor_parallel_mode"":""moe_tp"",""tensor_parallel_sizes"":[1]},""moe_shuffling"":{""dimension_source"":""routed_mlp_hidden_dim"",""effective_ffn_width"":768,""expert_parallel_mode"":""on"",""layer_kind"":""routed"",""operator_family_id"":""moe"",""operator_family_ids"":[""moe""],""profile_id"":""generic"",""selected_expert_parallel_size"":null,""selected_padded_ffn_width"":768,""selected_tensor_parallel_size"":1,""tensor_parallel_mode"":""moe_tp"",""tensor_parallel_sizes"":[1]}}",4,0.375,0.25,0.25,0.1875,0.0,2.23606797749979,8.0,1.5000000005015648,0.84375,uniform,0,vllm_fused,CUDA_EVENT,BF16,generic,generic,none
0.029823999851942062,0.104032002389431,0.036000000312924385,0.03174399957060814,0.015784858056632604,20,0.053888000547885895,0.07072000205516815,0.058716800063848495,0.05603200010955334,0.005664243754078902,20,0.04108799993991852,0.057440001517534256,0.043833599984645845,0.04243199899792671,0.004076737264201773,20,0.13763199746608734,0.16201600432395935,0.1449120044708252,0.14319999516010284,0.005747688934206963,8,128,16,8,standard_fused_topk,logit_topk,softmax_renorm,True,prefill_hot,ffn_like_prefix_20x,8,2048,768,True,1,"{""moe_gating_linear"":{""dimension_source"":""routed_mlp_hidden_dim"",""effective_ffn_width"":768,""expert_parallel_mode"":""on"",""layer_kind"":""routed"",""operator_family_id"":""moe"",""operator_family_ids"":[""moe""],""profile_id"":""generic"",""selected_expert_parallel_size"":null,""selected_padded_ffn_width"":768,""selected_tensor_parallel_size"":1,""tensor_parallel_mode"":""moe_tp"",""tensor_parallel_sizes"":[1]},""moe_gating_routing_topk"":{""dimension_source"":""routed_mlp_hidden_dim"",""effective_ffn_width"":768,""expert_parallel_mode"":""on"",""layer_kind"":""routed"",""operator_family_id"":""moe"",""operator_family_ids"":[""moe""],""profile_id"":""generic"",""selected_expert_parallel_size"":null,""selected_padded_ffn_width"":768,""selected_tensor_parallel_size"":1,""tensor_parallel_mode"":""moe_tp"",""tensor_parallel_sizes"":[1]},""moe_grouped_gemm"":{""dimension_source"":""routed_mlp_hidden_dim"",""effective_ffn_width"":768,""expert_parallel_mode"":""on"",""layer_kind"":""routed"",""operator_family_id"":""moe"",""operator_family_ids"":[""moe""],""profile_id"":""generic"",""selected_expert_parallel_size"":8,""selected_padded_ffn_width"":768,""selected_tensor_parallel_size"":1,""tensor_parallel_mode"":""moe_tp"",""tensor_parallel_sizes"":[1]},""moe_shuffling"":{""dimension_source"":""routed_mlp_hidden_dim"",""effective_ffn_width"":768,""expert_parallel_mode"":""on"",""layer_kind"":""routed"",""operator_family_id"":""moe"",""operator_family_ids"":[""moe""],""profile_id"":""generic"",""selected_expert_parallel_size"":null,""selected_padded_ffn_width"":768,""selected_tensor_parallel_size"":1,""tensor_parallel_mode"":""moe_tp"",""tensor_parallel_sizes"":[1]}}",2,0.375,0.125,0.125,0.125,0.0,2.6457513110645907,8.0,1.0000000005403133,0.875,skewed,2,vllm_fused,CUDA_EVENT,BF16,generic,generic,none
0.030592000111937523,0.08128000050783157,0.037140799965709445,0.035711999982595444,0.010400095051743597,20,0.05430399999022484,0.069023996591568,0.06202400028705597,0.06512000039219856,0.005010977839635929,20,0.04108799993991852,0.04678399860858917,0.0427759999409318,0.04251199960708618,0.001360879503807942,20,0.13836799561977386,0.15564799308776855,0.1426304131746292,0.14032000303268433,0.004516893997788429,4,128,16,8,standard_fused_topk,logit_topk,softmax_renorm,True,prefill_hot,ffn_like_prefix_20x,8,2048,768,True,1,"{""moe_gating_linear"":{""dimension_source"":""routed_mlp_hidden_dim"",""effective_ffn_width"":768,""expert_parallel_mode"":""on"",""layer_kind"":""routed"",""operator_family_id"":""moe"",""operator_family_ids"":[""moe""],""profile_id"":""generic"",""selected_expert_parallel_size"":null,""selected_padded_ffn_width"":768,""selected_tensor_parallel_size"":1,""tensor_parallel_mode"":""moe_tp"",""tensor_parallel_sizes"":[1]},""moe_gating_routing_topk"":{""dimension_source"":""routed_mlp_hidden_dim"",""effective_ffn_width"":768,""expert_parallel_mode"":""on"",""layer_kind"":""routed"",""operator_family_id"":""moe"",""operator_family_ids"":[""moe""],""profile_id"":""generic"",""selected_expert_parallel_size"":null,""selected_padded_ffn_width"":768,""selected_tensor_parallel_size"":1,""tensor_parallel_mode"":""moe_tp"",""tensor_parallel_sizes"":[1]},""moe_grouped_gemm"":{""dimension_source"":""routed_mlp_hidden_dim"",""effective_ffn_width"":768,""expert_parallel_mode"":""on"",""layer_kind"":""routed"",""operator_family_id"":""moe"",""operator_family_ids"":[""moe""],""profile_id"":""generic"",""selected_expert_parallel_size"":8,""selected_padded_ffn_width"":768,""selected_tensor_parallel_size"":1,""tensor_parallel_mode"":""moe_tp"",""tensor_parallel_sizes"":[1]},""moe_shuffling"":{""dimension_source"":""routed_mlp_hidden_dim"",""effective_ffn_width"":768,""expert_parallel_mode"":""on"",""layer_kind"":""routed"",""operator_family_id"":""moe"",""operator_family_ids"":[""moe""],""profile_id"":""generic"",""selected_expert_parallel_size"":null,""selected_padded_ffn_width"":768,""selected_tensor_parallel_size"":1,""tensor_parallel_mode"":""moe_tp"",""tensor_parallel_sizes"":[1]}}",1,0.375,0.0625,0.0625,0.0625,0.0,3.872983346207417,16.0,5.800614104850887e-10,0.9375,skewed,0,vllm_fused,CUDA_EVENT,BF16,generic,generic,none
0.03033600002527237,0.11273600161075592,0.03762240000069141,0.03270399942994118,0.01741652508657539,20,0.05462399870157242,0.07587199658155441,0.06065279915928841,0.05716799944639206,0.006377426994975814,20,0.04105599969625473,0.05827200040221214,0.047545600309967996,0.04412800073623657,0.006174014760935808,20,0.1395840048789978,0.1582079976797104,0.14418241381645203,0.14246399700641632,0.00525927497074008,8,128,16,8,standard_fused_topk,logit_topk,softmax_renorm,True,prefill_hot,ffn_like_prefix_20x,8,2048,768,True,1,"{""moe_gating_linear"":{""dimension_source"":""routed_mlp_hidden_dim"",""effective_ffn_width"":768,""expert_parallel_mode"":""on"",""layer_kind"":""routed"",""operator_family_id"":""moe"",""operator_family_ids"":[""moe""],""profile_id"":""generic"",""selected_expert_parallel_size"":null,""selected_padded_ffn_width"":768,""selected_tensor_parallel_size"":1,""tensor_parallel_mode"":""moe_tp"",""tensor_parallel_sizes"":[1]},""moe_gating_routing_topk"":{""dimension_source"":""routed_mlp_hidden_dim"",""effective_ffn_width"":768,""expert_parallel_mode"":""on"",""layer_kind"":""routed"",""operator_family_id"":""moe"",""operator_family_ids"":[""moe""],""profile_id"":""generic"",""selected_expert_parallel_size"":null,""selected_padded_ffn_width"":768,""selected_tensor_parallel_size"":1,""tensor_parallel_mode"":""moe_tp"",""tensor_parallel_sizes"":[1]},""moe_grouped_gemm"":{""dimension_source"":""routed_mlp_hidden_dim"",""effective_ffn_width"":768,""expert_parallel_mode"":""on"",""layer_kind"":""routed"",""operator_family_id"":""moe"",""operator_family_ids"":[""moe""],""profile_id"":""generic"",""selected_expert_parallel_size"":8,""selected_padded_ffn_width"":768,""selected_tensor_parallel_size"":1,""tensor_parallel_mode"":""moe_tp"",""tensor_parallel_sizes"":[1]},""moe_shuffling"":{""dimension_source"":""routed_mlp_hidden_dim"",""effective_ffn_width"":768,""expert_parallel_mode"":""on"",""layer_kind"":""routed"",""operator_family_id"":""moe"",""operator_family_ids"":[""moe""],""profile_id"":""generic"",""selected_expert_parallel_size"":null,""selected_padded_ffn_width"":768,""selected_tensor_parallel_size"":1,""tensor_parallel_mode"":""moe_tp"",""tensor_parallel_sizes"":[1]}}",3,0.375,0.1875,0.1875,0.125,0.0,2.8087165910587863,10.666666666666666,0.9182958345949727,0.8958333333333333,skewed,0,vllm_fused,CUDA_EVENT,BF16,generic,generic,none
0.03209599852561951,0.12758399546146393,0.03871199954301119,0.033615998923778534,0.02041888008645036,20,0.05913599953055382,0.06825599819421768,0.06207359991967678,0.06180800125002861,0.0023419448328749204,20,0.04310400038957596,0.05020799860358238,0.04522080011665821,0.044943999499082565,0.0015544974128111,20,0.14608000218868256,0.17369599640369415,0.15058720111846924,0.14847999811172485,0.006326901260763407,8,128,16,8,standard_fused_topk,logit_topk,softmax_renorm,True,prefill_hot,ffn_like_prefix_20x,8,2048,768,True,1,"{""moe_gating_linear"":{""dimension_source"":""routed_mlp_hidden_dim"",""effective_ffn_width"":768,""expert_parallel_mode"":""on"",""layer_kind"":""routed"",""operator_family_id"":""moe"",""operator_family_ids"":[""moe""],""profile_id"":""generic"",""selected_expert_parallel_size"":null,""selected_padded_ffn_width"":768,""selected_tensor_parallel_size"":1,""tensor_parallel_mode"":""moe_tp"",""tensor_parallel_sizes"":[1]},""moe_gating_routing_topk"":{""dimension_source"":""routed_mlp_hidden_dim"",""effective_ffn_width"":768,""expert_parallel_mode"":""on"",""layer_kind"":""routed"",""operator_family_id"":""moe"",""operator_family_ids"":[""moe""],""profile_id"":""generic"",""selected_expert_parallel_size"":null,""selected_padded_ffn_width"":768,""selected_tensor_parallel_size"":1,""tensor_parallel_mode"":""moe_tp"",""tensor_parallel_sizes"":[1]},""moe_grouped_gemm"":{""dimension_source"":""routed_mlp_hidden_dim"",""effective_ffn_width"":768,""expert_parallel_mode"":""on"",""layer_kind"":""routed"",""operator_family_id"":""moe"",""operator_family_ids"":[""moe""],""profile_id"":""generic"",""selected_expert_parallel_size"":8,""selected_padded_ffn_width"":768,""selected_tensor_parallel_size"":1,""tensor_parallel_mode"":""moe_tp"",""tensor_parallel_sizes"":[1]},""moe_shuffling"":{""dimension_source"":""routed_mlp_hidden_dim"",""effective_ffn_width"":768,""expert_parallel_mode"":""on"",""layer_kind"":""routed"",""operator_family_id"":""moe"",""operator_family_ids"":[""moe""],""profile_id"":""generic"",""selected_expert_parallel_size"":null,""selected_padded_ffn_width"":768,""selected_tensor_parallel_size"":1,""tensor_parallel_mode"":""moe_tp"",""tensor_parallel_sizes"":[1]}}",49,0.375,3.0625,3.0625,0.5625,0.0,0.9622183864592885,1.9591836734693877,3.082501680419389,0.48852040816326525,extremely_skewed,2,vllm_fused,CUDA_EVENT,BF16,generic,generic,none
0.029279999434947968,0.0899519994854927,0.0340943998657167,0.0307839997112751,0.012867678879068069,20,0.05305600166320801,0.06329599767923355,0.05617760010063648,0.05515199899673462,0.002675809529786269,20,0.040991999208927155,0.048287998884916306,0.042345600016415116,0.041600000113248825,0.0020236826513791674,20,0.13971200585365295,0.1725119948387146,0.14460480213165283,0.1425279974937439,0.007734729442745447,4,128,16,8,standard_fused_topk,logit_topk,softmax_renorm,True,prefill_hot,ffn_like_prefix_20x,8,2048,768,True,1,"{""moe_gating_linear"":{""dimension_source"":""routed_mlp_hidden_dim"",""effective_ffn_width"":768,""expert_parallel_mode"":""on"",""layer_kind"":""routed"",""operator_family_id"":""moe"",""operator_family_ids"":[""moe""],""profile_id"":""generic"",""selected_expert_parallel_size"":null,""selected_padded_ffn_width"":768,""selected_tensor_parallel_size"":1,""tensor_parallel_mode"":""moe_tp"",""tensor_parallel_sizes"":[1]},""moe_gating_routing_topk"":{""dimension_source"":""routed_mlp_hidden_dim"",""effective_ffn_width"":768,""expert_parallel_mode"":""on"",""layer_kind"":""routed"",""operator_family_id"":""moe"",""operator_family_ids"":[""moe""],""profile_id"":""generic"",""selected_expert_parallel_size"":null,""selected_padded_ffn_width"":768,""selected_tensor_parallel_size"":1,""tensor_parallel_mode"":""moe_tp"",""tensor_parallel_sizes"":[1]},""moe_grouped_gemm"":{""dimension_source"":""routed_mlp_hidden_dim"",""effective_ffn_width"":768,""expert_parallel_mode"":""on"",""layer_kind"":""routed"",""operator_family_id"":""moe"",""operator_family_ids"":[""moe""],""profile_id"":""generic"",""selected_expert_parallel_size"":8,""selected_padded_ffn_width"":768,""selected_tensor_parallel_size"":1,""tensor_parallel_mode"":""moe_tp"",""tensor_parallel_sizes"":[1]},""moe_shuffling"":{""dimension_source"":""routed_mlp_hidden_dim"",""effective_ffn_width"":768,""expert_parallel_mode"":""on"",""layer_kind"":""routed"",""operator_family_id"":""moe"",""operator_family_ids"":[""moe""],""profile_id"":""generic"",""selected_expert_parallel_size"":null,""selected_padded_ffn_width"":768,""selected_tensor_parallel_size"":1,""tensor_parallel_mode"":""moe_tp"",""tensor_parallel_sizes"":[1]}}",1,0.375,0.0625,0.0625,0.0625,0.0,3.872983346207417,16.0,5.800614104850887e-10,0.9375,skewed,1,vllm_fused,CUDA_EVENT,BF16,generic,generic,none
0.030079999938607216,0.08892799913883209,0.036163199599832295,0.03247999958693981,0.012475182155731021,20,0.05427199974656105,0.06844799965620041,0.060139200091362,0.05756799876689911,0.005217053502917249,20,0.041471999138593674,0.05881600081920624,0.05215840041637421,0.05291200056672096,0.004571034731436711,20,0.1385280042886734,0.1454080045223236,0.14091038703918457,0.1409599930047989,0.0018176068551838398,2,128,16,8,standard_fused_topk,logit_topk,softmax_renorm,True,prefill_hot,ffn_like_prefix_20x,8,2048,768,True,1,"{""moe_gating_linear"":{""dimension_source"":""routed_mlp_hidden_dim"",""effective_ffn_width"":768,""expert_parallel_mode"":""on"",""layer_kind"":""routed"",""operator_family_id"":""moe"",""operator_family_ids"":[""moe""],""profile_id"":""generic"",""selected_expert_parallel_size"":null,""selected_padded_ffn_width"":768,""selected_tensor_parallel_size"":1,""tensor_parallel_mode"":""moe_tp"",""tensor_parallel_sizes"":[1]},""moe_gating_routing_topk"":{""dimension_source"":""routed_mlp_hidden_dim"",""effective_ffn_width"":768,""expert_parallel_mode"":""on"",""layer_kind"":""routed"",""operator_family_id"":""moe"",""operator_family_ids"":[""moe""],""profile_id"":""generic"",""selected_expert_parallel_size"":null,""selected_padded_ffn_width"":768,""selected_tensor_parallel_size"":1,""tensor_parallel_mode"":""moe_tp"",""tensor_parallel_sizes"":[1]},""moe_grouped_gemm"":{""dimension_source"":""routed_mlp_hidden_dim"",""effective_ffn_width"":768,""expert_parallel_mode"":""on"",""layer_kind"":""routed"",""operator_family_id"":""moe"",""operator_family_ids"":[""moe""],""profile_id"":""generic"",""selected_expert_parallel_size"":8,""selected_padded_ffn_width"":768,""selected_tensor_parallel_size"":1,""tensor_parallel_mode"":""moe_tp"",""tensor_parallel_sizes"":[1]},""moe_shuffling"":{""dimension_source"":""routed_mlp_hidden_dim"",""effective_ffn_width"":768,""expert_parallel_mode"":""on"",""layer_kind"":""routed"",""operator_family_id"":""moe"",""operator_family_ids"":[""moe""],""profile_id"":""generic"",""selected_expert_parallel_size"":null,""selected_padded_ffn_width"":768,""selected_tensor_parallel_size"":1,""tensor_parallel_mode"":""moe_tp"",""tensor_parallel_sizes"":[1]}}",2,0.375,0.125,0.125,0.125,0.0,2.6457513110645907,8.0,1.0000000005403133,0.875,uniform,2,vllm_fused,CUDA_EVENT,BF16,generic,generic,none
0.03062400035560131,0.08348800241947174,0.036600000131875275,0.0337119996547699,0.011131152852683058,20,0.05315199866890907,0.07295999675989151,0.06062079891562462,0.05708799883723259,0.006050795905514929,20,0.040511999279260635,0.05363199859857559,0.04256000015884638,0.041600000113248825,0.0028745369019252337,20,0.139615997672081,0.15542399883270264,0.1441487967967987,0.14297600090503693,0.004249610006809235,4,128,16,8,standard_fused_topk,logit_topk,softmax_renorm,True,prefill_hot,ffn_like_prefix_20x,8,2048,768,True,1,"{""moe_gating_linear"":{""dimension_source"":""routed_mlp_hidden_dim"",""effective_ffn_width"":768,""expert_parallel_mode"":""on"",""layer_kind"":""routed"",""operator_family_id"":""moe"",""operator_family_ids"":[""moe""],""profile_id"":""generic"",""selected_expert_parallel_size"":null,""selected_padded_ffn_width"":768,""selected_tensor_parallel_size"":1,""tensor_parallel_mode"":""moe_tp"",""tensor_parallel_sizes"":[1]},""moe_gating_routing_topk"":{""dimension_source"":""routed_mlp_hidden_dim"",""effective_ffn_width"":768,""expert_parallel_mode"":""on"",""layer_kind"":""routed"",""operator_family_id"":""moe"",""operator_family_ids"":[""moe""],""profile_id"":""generic"",""selected_expert_parallel_size"":null,""selected_padded_ffn_width"":768,""selected_tensor_parallel_size"":1,""tensor_parallel_mode"":""moe_tp"",""tensor_parallel_sizes"":[1]},""moe_grouped_gemm"":{""dimension_source"":""routed_mlp_hidden_dim"",""effective_ffn_width"":768,""expert_parallel_mode"":""on"",""layer_kind"":""routed"",""operator_family_id"":""moe"",""operator_family_ids"":[""moe""],""profile_id"":""generic"",""selected_expert_parallel_size"":8,""selected_padded_ffn_width"":768,""selected_tensor_parallel_size"":1,""tensor_parallel_mode"":""moe_tp"",""tensor_parallel_sizes"":[1]},""moe_shuffling"":{""dimension_source"":""routed_mlp_hidden_dim"",""effective_ffn_width"":768,""expert_parallel_mode"":""on"",""layer_kind"":""routed"",""operator_family_id"":""moe"",""operator_family_ids"":[""moe""],""profile_id"":""generic"",""selected_expert_parallel_size"":null,""selected_padded_ffn_width"":768,""selected_tensor_parallel_size"":1,""tensor_parallel_mode"":""moe_tp"",""tensor_parallel_sizes"":[1]}}",3,0.375,0.1875,0.1875,0.1875,0.0,2.0816659994661326,5.333333333333333,1.5849625012224757,0.8125,uniform,2,vllm_fused,CUDA_EVENT,BF16,generic,generic,none
0.029184000566601753,0.08028800040483475,0.034697599988430736,0.03139200061559677,0.010807916999379354,20,0.05321599915623665,0.06710399687290192,0.057859199680387975,0.05540799908339977,0.004783821935680824,20,0.04105599969625473,0.0560000017285347,0.043750399723649025,0.04289599880576134,0.0032996272696870677,20,0.13683199882507324,0.1536639928817749,0.1434623897075653,0.14112000167369843,0.005067877471446991,2,128,16,8,standard_fused_topk,logit_topk,softmax_renorm,True,prefill_hot,ffn_like_prefix_20x,8,2048,768,True,1,"{""moe_gating_linear"":{""dimension_source"":""routed_mlp_hidden_dim"",""effective_ffn_width"":768,""expert_parallel_mode"":""on"",""layer_kind"":""routed"",""operator_family_id"":""moe"",""operator_family_ids"":[""moe""],""profile_id"":""generic"",""selected_expert_parallel_size"":null,""selected_padded_ffn_width"":768,""selected_tensor_parallel_size"":1,""tensor_parallel_mode"":""moe_tp"",""tensor_parallel_sizes"":[1]},""moe_gating_routing_topk"":{""dimension_source"":""routed_mlp_hidden_dim"",""effective_ffn_width"":768,""expert_parallel_mode"":""on"",""layer_kind"":""routed"",""operator_family_id"":""moe"",""operator_family_ids"":[""moe""],""profile_id"":""generic"",""selected_expert_parallel_size"":null,""selected_padded_ffn_width"":768,""selected_tensor_parallel_size"":1,""tensor_parallel_mode"":""moe_tp"",""tensor_parallel_sizes"":[1]},""moe_grouped_gemm"":{""dimension_source"":""routed_mlp_hidden_dim"",""effective_ffn_width"":768,""expert_parallel_mode"":""on"",""layer_kind"":""routed"",""operator_family_id"":""moe"",""operator_family_ids"":[""moe""],""profile_id"":""generic"",""selected_expert_parallel_size"":8,""selected_padded_ffn_width"":768,""selected_tensor_parallel_size"":1,""tensor_parallel_mode"":""moe_tp"",""tensor_parallel_sizes"":[1]},""moe_shuffling"":{""dimension_source"":""routed_mlp_hidden_dim"",""effective_ffn_width"":768,""expert_parallel_mode"":""on"",""layer_kind"":""routed"",""operator_family_id"":""moe"",""operator_family_ids"":[""moe""],""profile_id"":""generic"",""selected_expert_parallel_size"":null,""selected_padded_ffn_width"":768,""selected_tensor_parallel_size"":1,""tensor_parallel_mode"":""moe_tp"",""tensor_parallel_sizes"":[1]}}",1,0.375,0.0625,0.0625,0.0625,0.0,3.872983346207417,16.0,5.800614104850887e-10,0.9375,skewed,0,vllm_fused,CUDA_EVENT,BF16,generic,generic,none
0.03187200054526329,0.08742400258779526,0.03676319997757673,0.03345600143074989,0.011788916377907221,20,0.05820799991488457,0.07340800017118454,0.061872000247240065,0.060736000537872314,0.003343816640550523,20,0.044064000248909,0.05651199817657471,0.047113600000739095,0.04572800174355507,0.0035735429398341843,20,0.14508800208568573,0.16230399906635284,0.1493023931980133,0.1486400067806244,0.0037689281161874533,4,128,16,8,standard_fused_topk,logit_topk,softmax_renorm,True,prefill_hot,ffn_like_prefix_20x,8,2048,768,True,1,"{""moe_gating_linear"":{""dimension_source"":""routed_mlp_hidden_dim"",""effective_ffn_width"":768,""expert_parallel_mode"":""on"",""layer_kind"":""routed"",""operator_family_id"":""moe"",""operator_family_ids"":[""moe""],""profile_id"":""generic"",""selected_expert_parallel_size"":null,""selected_padded_ffn_width"":768,""selected_tensor_parallel_size"":1,""tensor_parallel_mode"":""moe_tp"",""tensor_parallel_sizes"":[1]},""moe_gating_routing_topk"":{""dimension_source"":""routed_mlp_hidden_dim"",""effective_ffn_width"":768,""expert_parallel_mode"":""on"",""layer_kind"":""routed"",""operator_family_id"":""moe"",""operator_family_ids"":[""moe""],""profile_id"":""generic"",""selected_expert_parallel_size"":null,""selected_padded_ffn_width"":768,""selected_tensor_parallel_size"":1,""tensor_parallel_mode"":""moe_tp"",""tensor_parallel_sizes"":[1]},""moe_grouped_gemm"":{""dimension_source"":""routed_mlp_hidden_dim"",""effective_ffn_width"":768,""expert_parallel_mode"":""on"",""layer_kind"":""routed"",""operator_family_id"":""moe"",""operator_family_ids"":[""moe""],""profile_id"":""generic"",""selected_expert_parallel_size"":8,""selected_padded_ffn_width"":768,""selected_tensor_parallel_size"":1,""tensor_parallel_mode"":""moe_tp"",""tensor_parallel_sizes"":[1]},""moe_shuffling"":{""dimension_source"":""routed_mlp_hidden_dim"",""effective_ffn_width"":768,""expert_parallel_mode"":""on"",""layer_kind"":""routed"",""operator_family_id"":""moe"",""operator_family_ids"":[""moe""],""profile_id"":""generic"",""selected_expert_parallel_size"":null,""selected_padded_ffn_width"":768,""selected_tensor_parallel_size"":1,""tensor_parallel_mode"":""moe_tp"",""tensor_parallel_sizes"":[1]}}",18,0.375,1.125,1.125,0.5625,0.0,0.9362388636862621,2.6666666666666665,3.1279868071526926,0.4930555555555556,extremely_skewed,1,vllm_fused,CUDA_EVENT,BF16,generic,generic,none
0.02985600009560585,0.08441600203514099,0.036030400078743696,0.034304000437259674,0.011425674159088493,20,0.05283199995756149,0.07171200215816498,0.06042240019887686,0.05961599946022034,0.0058615019408934125,20,0.04057599976658821,0.04566400125622749,0.04211839996278286,0.04161600023508072,0.0014143713310783338,20,0.14182400703430176,0.17097599804401398,0.14605601131916046,0.1430719941854477,0.006857782602310181,2,128,16,8,standard_fused_topk,logit_topk,softmax_renorm,True,prefill_hot,ffn_like_prefix_20x,8,2048,768,True,1,"{""moe_gating_linear"":{""dimension_source"":""routed_mlp_hidden_dim"",""effective_ffn_width"":768,""expert_parallel_mode"":""on"",""layer_kind"":""routed"",""operator_family_id"":""moe"",""operator_family_ids"":[""moe""],""profile_id"":""generic"",""selected_expert_parallel_size"":null,""selected_padded_ffn_width"":768,""selected_tensor_parallel_size"":1,""tensor_parallel_mode"":""moe_tp"",""tensor_parallel_sizes"":[1]},""moe_gating_routing_topk"":{""dimension_source"":""routed_mlp_hidden_dim"",""effective_ffn_width"":768,""expert_parallel_mode"":""on"",""layer_kind"":""routed"",""operator_family_id"":""moe"",""operator_family_ids"":[""moe""],""profile_id"":""generic"",""selected_expert_parallel_size"":null,""selected_padded_ffn_width"":768,""selected_tensor_parallel_size"":1,""tensor_parallel_mode"":""moe_tp"",""tensor_parallel_sizes"":[1]},""moe_grouped_gemm"":{""dimension_source"":""routed_mlp_hidden_dim"",""effective_ffn_width"":768,""expert_parallel_mode"":""on"",""layer_kind"":""routed"",""operator_family_id"":""moe"",""operator_family_ids"":[""moe""],""profile_id"":""generic"",""selected_expert_parallel_size"":8,""selected_padded_ffn_width"":768,""selected_tensor_parallel_size"":1,""tensor_parallel_mode"":""moe_tp"",""tensor_parallel_sizes"":[1]},""moe_shuffling"":{""dimension_source"":""routed_mlp_hidden_dim"",""effective_ffn_width"":768,""expert_parallel_mode"":""on"",""layer_kind"":""routed"",""operator_family_id"":""moe"",""operator_family_ids"":[""moe""],""profile_id"":""generic"",""selected_expert_parallel_size"":null,""selected_padded_ffn_width"":768,""selected_tensor_parallel_size"":1,""tensor_parallel_mode"":""moe_tp"",""tensor_parallel_sizes"":[1]}}",2,0.375,0.125,0.125,0.125,0.0,2.6457513110645907,8.0,1.0000000005403133,0.875,uniform,1,vllm_fused,CUDA_EVENT,BF16,generic,generic,none
0.031808000057935715,0.0899839997291565,0.036868799850344657,0.033695999532938004,0.012306025426703402,20,0.05875200033187866,0.06889600306749344,0.061776000633835794,0.06111999973654747,0.0025015023223313713,20,0.05555199831724167,0.07078400254249573,0.05740639977157116,0.056383999064564705,0.003395779336075794,20,0.1456959992647171,0.1833920031785965,0.16020001471042633,0.15001599490642548,0.01431993767619133,2,128,16,8,standard_fused_topk,logit_topk,softmax_renorm,True,prefill_hot,ffn_like_prefix_20x,8,2048,768,True,1,"{""moe_gating_linear"":{""dimension_source"":""routed_mlp_hidden_dim"",""effective_ffn_width"":768,""expert_parallel_mode"":""on"",""layer_kind"":""routed"",""operator_family_id"":""moe"",""operator_family_ids"":[""moe""],""profile_id"":""generic"",""selected_expert_parallel_size"":null,""selected_padded_ffn_width"":768,""selected_tensor_parallel_size"":1,""tensor_parallel_mode"":""moe_tp"",""tensor_parallel_sizes"":[1]},""moe_gating_routing_topk"":{""dimension_source"":""routed_mlp_hidden_dim"",""effective_ffn_width"":768,""expert_parallel_mode"":""on"",""layer_kind"":""routed"",""operator_family_id"":""moe"",""operator_family_ids"":[""moe""],""profile_id"":""generic"",""selected_expert_parallel_size"":null,""selected_padded_ffn_width"":768,""selected_tensor_parallel_size"":1,""tensor_parallel_mode"":""moe_tp"",""tensor_parallel_sizes"":[1]},""moe_grouped_gemm"":{""dimension_source"":""routed_mlp_hidden_dim"",""effective_ffn_width"":768,""expert_parallel_mode"":""on"",""layer_kind"":""routed"",""operator_family_id"":""moe"",""operator_family_ids"":[""moe""],""profile_id"":""generic"",""selected_expert_parallel_size"":8,""selected_padded_ffn_width"":768,""selected_tensor_parallel_size"":1,""tensor_parallel_mode"":""moe_tp"",""tensor_parallel_sizes"":[1]},""moe_shuffling"":{""dimension_source"":""routed_mlp_hidden_dim"",""effective_ffn_width"":768,""expert_parallel_mode"":""on"",""layer_kind"":""routed"",""operator_family_id"":""moe"",""operator_family_ids"":[""moe""],""profile_id"":""generic"",""selected_expert_parallel_size"":null,""selected_padded_ffn_width"":768,""selected_tensor_parallel_size"":1,""tensor_parallel_mode"":""moe_tp"",""tensor_parallel_sizes"":[1]}}",16,0.375,1.0,1.0,0.5,0.0,1.0,2.0,3.0000000003118217,0.5,extremely_skewed,0,vllm_fused,CUDA_EVENT,BF16,generic,generic,none
0.028831999748945236,0.08883199840784073,0.03518880028277636,0.032816000282764435,0.012535475412727287,20,0.052191998809576035,0.06697600334882736,0.059017600119113924,0.05644799955189228,0.005851575500509919,20,0.040352001786231995,0.05711999908089638,0.046391999907791616,0.041759999468922615,0.006164307051240295,20,0.1422400027513504,0.17897599935531616,0.14973118901252747,0.14582400023937225,0.009679964743554592,1,128,16,8,standard_fused_topk,logit_topk,softmax_renorm,True,prefill_hot,ffn_like_prefix_20x,8,2048,768,True,1,"{""moe_gating_linear"":{""dimension_source"":""routed_mlp_hidden_dim"",""effective_ffn_width"":768,""expert_parallel_mode"":""on"",""layer_kind"":""routed"",""operator_family_id"":""moe"",""operator_family_ids"":[""moe""],""profile_id"":""generic"",""selected_expert_parallel_size"":null,""selected_padded_ffn_width"":768,""selected_tensor_parallel_size"":1,""tensor_parallel_mode"":""moe_tp"",""tensor_parallel_sizes"":[1]},""moe_gating_routing_topk"":{""dimension_source"":""routed_mlp_hidden_dim"",""effective_ffn_width"":768,""expert_parallel_mode"":""on"",""layer_kind"":""routed"",""operator_family_id"":""moe"",""operator_family_ids"":[""moe""],""profile_id"":""generic"",""selected_expert_parallel_size"":null,""selected_padded_ffn_width"":768,""selected_tensor_parallel_size"":1,""tensor_parallel_mode"":""moe_tp"",""tensor_parallel_sizes"":[1]},""moe_grouped_gemm"":{""dimension_source"":""routed_mlp_hidden_dim"",""effective_ffn_width"":768,""expert_parallel_mode"":""on"",""layer_kind"":""routed"",""operator_family_id"":""moe"",""operator_family_ids"":[""moe""],""profile_id"":""generic"",""selected_expert_parallel_size"":8,""selected_padded_ffn_width"":768,""selected_tensor_parallel_size"":1,""tensor_parallel_mode"":""moe_tp"",""tensor_parallel_sizes"":[1]},""moe_shuffling"":{""dimension_source"":""routed_mlp_hidden_dim"",""effective_ffn_width"":768,""expert_parallel_mode"":""on"",""layer_kind"":""routed"",""operator_family_id"":""moe"",""operator_family_ids"":[""moe""],""profile_id"":""generic"",""selected_expert_parallel_size"":null,""selected_padded_ffn_width"":768,""selected_tensor_parallel_size"":1,""tensor_parallel_mode"":""moe_tp"",""tensor_parallel_sizes"":[1]}}",1,0.375,0.0625,0.0625,0.0625,0.0,3.872983346207417,16.0,5.800614104850887e-10,0.9375,skewed,0,vllm_fused,CUDA_EVENT,BF16,generic,generic,none
0.031199999153614044,0.08355200290679932,0.03625280000269413,0.03324799984693527,0.01107573598246322,20,0.05584000051021576,0.07158400118350983,0.06108959969133139,0.05929600074887276,0.005002066062778629,20,0.04230400174856186,0.0488319993019104,0.043783999979496,0.043616000562906265,0.0015348286925356011,20,0.1438400000333786,0.21059200167655945,0.1573760062456131,0.1502400040626526,0.016747677698731422,1,128,16,8,standard_fused_topk,logit_topk,softmax_renorm,True,prefill_hot,ffn_like_prefix_20x,8,2048,768,True,1,"{""moe_gating_linear"":{""dimension_source"":""routed_mlp_hidden_dim"",""effective_ffn_width"":768,""expert_parallel_mode"":""on"",""layer_kind"":""routed"",""operator_family_id"":""moe"",""operator_family_ids"":[""moe""],""profile_id"":""generic"",""selected_expert_parallel_size"":null,""selected_padded_ffn_width"":768,""selected_tensor_parallel_size"":1,""tensor_parallel_mode"":""moe_tp"",""tensor_parallel_sizes"":[1]},""moe_gating_routing_topk"":{""dimension_source"":""routed_mlp_hidden_dim"",""effective_ffn_width"":768,""expert_parallel_mode"":""on"",""layer_kind"":""routed"",""operator_family_id"":""moe"",""operator_family_ids"":[""moe""],""profile_id"":""generic"",""selected_expert_parallel_size"":null,""selected_padded_ffn_width"":768,""selected_tensor_parallel_size"":1,""tensor_parallel_mode"":""moe_tp"",""tensor_parallel_sizes"":[1]},""moe_grouped_gemm"":{""dimension_source"":""routed_mlp_hidden_dim"",""effective_ffn_width"":768,""expert_parallel_mode"":""on"",""layer_kind"":""routed"",""operator_family_id"":""moe"",""operator_family_ids"":[""moe""],""profile_id"":""generic"",""selected_expert_parallel_size"":8,""selected_padded_ffn_width"":768,""selected_tensor_parallel_size"":1,""tensor_parallel_mode"":""moe_tp"",""tensor_parallel_sizes"":[1]},""moe_shuffling"":{""dimension_source"":""routed_mlp_hidden_dim"",""effective_ffn_width"":768,""expert_parallel_mode"":""on"",""layer_kind"":""routed"",""operator_family_id"":""moe"",""operator_family_ids"":[""moe""],""profile_id"":""generic"",""selected_expert_parallel_size"":null,""selected_padded_ffn_width"":768,""selected_tensor_parallel_size"":1,""tensor_parallel_mode"":""moe_tp"",""tensor_parallel_sizes"":[1]}}",1,0.375,0.0625,0.0625,0.0625,0.0,3.872983346207417,16.0,5.800614104850887e-10,0.9375,extremely_skewed,1,vllm_fused,CUDA_EVENT,BF16,generic,generic,none
0.029120000079274178,0.09279999881982803,0.03500800020992756,0.030943999998271465,0.013463255801566657,20,0.05289600044488907,0.07212799787521362,0.059129600040614606,0.0558719988912344,0.006338315111611634,20,0.04041599854826927,0.04745600000023842,0.04274400006979704,0.04206399992108345,0.0019067236506920026,20,0.14319999516010284,0.1751679927110672,0.1518847942352295,0.14777599275112152,0.009122185409069061,1,128,16,8,standard_fused_topk,logit_topk,softmax_renorm,True,prefill_hot,ffn_like_prefix_20x,8,2048,768,True,1,"{""moe_gating_linear"":{""dimension_source"":""routed_mlp_hidden_dim"",""effective_ffn_width"":768,""expert_parallel_mode"":""on"",""layer_kind"":""routed"",""operator_family_id"":""moe"",""operator_family_ids"":[""moe""],""profile_id"":""generic"",""selected_expert_parallel_size"":null,""selected_padded_ffn_width"":768,""selected_tensor_parallel_size"":1,""tensor_parallel_mode"":""moe_tp"",""tensor_parallel_sizes"":[1]},""moe_gating_routing_topk"":{""dimension_source"":""routed_mlp_hidden_dim"",""effective_ffn_width"":768,""expert_parallel_mode"":""on"",""layer_kind"":""routed"",""operator_family_id"":""moe"",""operator_family_ids"":[""moe""],""profile_id"":""generic"",""selected_expert_parallel_size"":null,""selected_padded_ffn_width"":768,""selected_tensor_parallel_size"":1,""tensor_parallel_mode"":""moe_tp"",""tensor_parallel_sizes"":[1]},""moe_grouped_gemm"":{""dimension_source"":""routed_mlp_hidden_dim"",""effective_ffn_width"":768,""expert_parallel_mode"":""on"",""layer_kind"":""routed"",""operator_family_id"":""moe"",""operator_family_ids"":[""moe""],""profile_id"":""generic"",""selected_expert_parallel_size"":8,""selected_padded_ffn_width"":768,""selected_tensor_parallel_size"":1,""tensor_parallel_mode"":""moe_tp"",""tensor_parallel_sizes"":[1]},""moe_shuffling"":{""dimension_source"":""routed_mlp_hidden_dim"",""effective_ffn_width"":768,""expert_parallel_mode"":""on"",""layer_kind"":""routed"",""operator_family_id"":""moe"",""operator_family_ids"":[""moe""],""profile_id"":""generic"",""selected_expert_parallel_size"":null,""selected_padded_ffn_width"":768,""selected_tensor_parallel_size"":1,""tensor_parallel_mode"":""moe_tp"",""tensor_parallel_sizes"":[1]}}",8,0.375,0.5,0.5,0.5,0.0,1.0,2.0,3.0000000003118217,0.5,extremely_skewed,0,vllm_fused,CUDA_EVENT,BF16,generic,generic,none
0.029343999922275543,0.09734400361776352,0.03515360029414296,0.03150400146842003,0.01446942441026499,20,0.053888000547885895,0.07356800138950348,0.05741600058972836,0.055056000128388405,0.00551573592137119,20,0.03968000039458275,0.047775998711586,0.04120640028268099,0.04081599973142147,0.0018155900910990304,20,0.14431999623775482,0.20207999646663666,0.1509871929883957,0.14691199362277985,0.012820216827094555,1,128,16,8,standard_fused_topk,logit_topk,softmax_renorm,True,prefill_hot,ffn_like_prefix_20x,8,2048,768,True,1,"{""moe_gating_linear"":{""dimension_source"":""routed_mlp_hidden_dim"",""effective_ffn_width"":768,""expert_parallel_mode"":""on"",""layer_kind"":""routed"",""operator_family_id"":""moe"",""operator_family_ids"":[""moe""],""profile_id"":""generic"",""selected_expert_parallel_size"":null,""selected_padded_ffn_width"":768,""selected_tensor_parallel_size"":1,""tensor_parallel_mode"":""moe_tp"",""tensor_parallel_sizes"":[1]},""moe_gating_routing_topk"":{""dimension_source"":""routed_mlp_hidden_dim"",""effective_ffn_width"":768,""expert_parallel_mode"":""on"",""layer_kind"":""routed"",""operator_family_id"":""moe"",""operator_family_ids"":[""moe""],""profile_id"":""generic"",""selected_expert_parallel_size"":null,""selected_padded_ffn_width"":768,""selected_tensor_parallel_size"":1,""tensor_parallel_mode"":""moe_tp"",""tensor_parallel_sizes"":[1]},""moe_grouped_gemm"":{""dimension_source"":""routed_mlp_hidden_dim"",""effective_ffn_width"":768,""expert_parallel_mode"":""on"",""layer_kind"":""routed"",""operator_family_id"":""moe"",""operator_family_ids"":[""moe""],""profile_id"":""generic"",""selected_expert_parallel_size"":8,""selected_padded_ffn_width"":768,""selected_tensor_parallel_size"":1,""tensor_parallel_mode"":""moe_tp"",""tensor_parallel_sizes"":[1]},""moe_shuffling"":{""dimension_source"":""routed_mlp_hidden_dim"",""effective_ffn_width"":768,""expert_parallel_mode"":""on"",""layer_kind"":""routed"",""operator_family_id"":""moe"",""operator_family_ids"":[""moe""],""profile_id"":""generic"",""selected_expert_parallel_size"":null,""selected_padded_ffn_width"":768,""selected_tensor_parallel_size"":1,""tensor_parallel_mode"":""moe_tp"",""tensor_parallel_sizes"":[1]}}",0,0.375,0.0,0.0,0.0,0.0,0.0,0.0,0.0,0.0,skewed,1,vllm_fused,CUDA_EVENT,BF16,generic,generic,none
0.02924799919128418,0.0822720006108284,0.033300799783319235,0.030671999789774418,0.011270381447628177,20,0.05251200124621391,0.058720000088214874,0.054811200313270095,0.05448000133037567,0.001529796397947395,20,0.04025600105524063,0.06275200098752975,0.04298240002244711,0.04161600023508072,0.004799323798339113,20,0.1422400027513504,0.1781120002269745,0.1489328145980835,0.14534400403499603,0.009296677075326443,1,128,16,8,standard_fused_topk,logit_topk,softmax_renorm,True,prefill_hot,ffn_like_prefix_20x,8,2048,768,True,1,"{""moe_gating_linear"":{""dimension_source"":""routed_mlp_hidden_dim"",""effective_ffn_width"":768,""expert_parallel_mode"":""on"",""layer_kind"":""routed"",""operator_family_id"":""moe"",""operator_family_ids"":[""moe""],""profile_id"":""generic"",""selected_expert_parallel_size"":null,""selected_padded_ffn_width"":768,""selected_tensor_parallel_size"":1,""tensor_parallel_mode"":""moe_tp"",""tensor_parallel_sizes"":[1]},""moe_gating_routing_topk"":{""dimension_source"":""routed_mlp_hidden_dim"",""effective_ffn_width"":768,""expert_parallel_mode"":""on"",""layer_kind"":""routed"",""operator_family_id"":""moe"",""operator_family_ids"":[""moe""],""profile_id"":""generic"",""selected_expert_parallel_size"":null,""selected_padded_ffn_width"":768,""selected_tensor_parallel_size"":1,""tensor_parallel_mode"":""moe_tp"",""tensor_parallel_sizes"":[1]},""moe_grouped_gemm"":{""dimension_source"":""routed_mlp_hidden_dim"",""effective_ffn_width"":768,""expert_parallel_mode"":""on"",""layer_kind"":""routed"",""operator_family_id"":""moe"",""operator_family_ids"":[""moe""],""profile_id"":""generic"",""selected_expert_parallel_size"":8,""selected_padded_ffn_width"":768,""selected_tensor_parallel_size"":1,""tensor_parallel_mode"":""moe_tp"",""tensor_parallel_sizes"":[1]},""moe_shuffling"":{""dimension_source"":""routed_mlp_hidden_dim"",""effective_ffn_width"":768,""expert_parallel_mode"":""on"",""layer_kind"":""routed"",""operator_family_id"":""moe"",""operator_family_ids"":[""moe""],""profile_id"":""generic"",""selected_expert_parallel_size"":null,""selected_padded_ffn_width"":768,""selected_tensor_parallel_size"":1,""tensor_parallel_mode"":""moe_tp"",""tensor_parallel_sizes"":[1]}}",1,0.375,0.0625,0.0625,0.0625,0.0,3.872983346207417,16.0,5.800614104850887e-10,0.9375,uniform,1,vllm_fused,CUDA_EVENT,BF16,generic,generic,none
0.029279999434947968,0.08262400329113007,0.033361600060015914,0.030623999424278736,0.011358145822658051,20,0.052928000688552856,0.062463998794555664,0.05498400032520294,0.054416000843048096,0.002246615730209679,20,0.04054399952292442,0.05379199981689453,0.042724800296127796,0.041728001087903976,0.0029964078139111125,20,0.14102399349212646,0.1769919991493225,0.14857599139213562,0.14511999487876892,0.00868691224604845,1,128,16,8,standard_fused_topk,logit_topk,softmax_renorm,True,prefill_hot,ffn_like_prefix_20x,8,2048,768,True,1,"{""moe_gating_linear"":{""dimension_source"":""routed_mlp_hidden_dim"",""effective_ffn_width"":768,""expert_parallel_mode"":""on"",""layer_kind"":""routed"",""operator_family_id"":""moe"",""operator_family_ids"":[""moe""],""profile_id"":""generic"",""selected_expert_parallel_size"":null,""selected_padded_ffn_width"":768,""selected_tensor_parallel_size"":1,""tensor_parallel_mode"":""moe_tp"",""tensor_parallel_sizes"":[1]},""moe_gating_routing_topk"":{""dimension_source"":""routed_mlp_hidden_dim"",""effective_ffn_width"":768,""expert_parallel_mode"":""on"",""layer_kind"":""routed"",""operator_family_id"":""moe"",""operator_family_ids"":[""moe""],""profile_id"":""generic"",""selected_expert_parallel_size"":null,""selected_padded_ffn_width"":768,""selected_tensor_parallel_size"":1,""tensor_parallel_mode"":""moe_tp"",""tensor_parallel_sizes"":[1]},""moe_grouped_gemm"":{""dimension_source"":""routed_mlp_hidden_dim"",""effective_ffn_width"":768,""expert_parallel_mode"":""on"",""layer_kind"":""routed"",""operator_family_id"":""moe"",""operator_family_ids"":[""moe""],""profile_id"":""generic"",""selected_expert_parallel_size"":8,""selected_padded_ffn_width"":768,""selected_tensor_parallel_size"":1,""tensor_parallel_mode"":""moe_tp"",""tensor_parallel_sizes"":[1]},""moe_shuffling"":{""dimension_source"":""routed_mlp_hidden_dim"",""effective_ffn_width"":768,""expert_parallel_mode"":""on"",""layer_kind"":""routed"",""operator_family_id"":""moe"",""operator_family_ids"":[""moe""],""profile_id"":""generic"",""selected_expert_parallel_size"":null,""selected_padded_ffn_width"":768,""selected_tensor_parallel_size"":1,""tensor_parallel_mode"":""moe_tp"",""tensor_parallel_sizes"":[1]}}",2,0.375,0.125,0.125,0.125,0.0,2.6457513110645907,8.0,1.0000000005403133,0.875,uniform,2,vllm_fused,CUDA_EVENT,BF16,generic,generic,none
0.029952000826597214,0.08163200318813324,0.03488319991156459,0.031088000163435936,0.011014695855876494,20,0.05289600044488907,0.07542400062084198,0.05983840003609657,0.05673599988222122,0.006642636977229219,20,0.04089599847793579,0.04790399968624115,0.0424815995618701,0.04227199964225292,0.0015321778277767857,20,0.14140799641609192,0.18662400543689728,0.15007521212100983,0.1464959979057312,0.010030695237219334,1,128,16,8,standard_fused_topk,logit_topk,softmax_renorm,True,prefill_hot,ffn_like_prefix_20x,8,2048,768,True,1,"{""moe_gating_linear"":{""dimension_source"":""routed_mlp_hidden_dim"",""effective_ffn_width"":768,""expert_parallel_mode"":""on"",""layer_kind"":""routed"",""operator_family_id"":""moe"",""operator_family_ids"":[""moe""],""profile_id"":""generic"",""selected_expert_parallel_size"":null,""selected_padded_ffn_width"":768,""selected_tensor_parallel_size"":1,""tensor_parallel_mode"":""moe_tp"",""tensor_parallel_sizes"":[1]},""moe_gating_routing_topk"":{""dimension_source"":""routed_mlp_hidden_dim"",""effective_ffn_width"":768,""expert_parallel_mode"":""on"",""layer_kind"":""routed"",""operator_family_id"":""moe"",""operator_family_ids"":[""moe""],""profile_id"":""generic"",""selected_expert_parallel_size"":null,""selected_padded_ffn_width"":768,""selected_tensor_parallel_size"":1,""tensor_parallel_mode"":""moe_tp"",""tensor_parallel_sizes"":[1]},""moe_grouped_gemm"":{""dimension_source"":""routed_mlp_hidden_dim"",""effective_ffn_width"":768,""expert_parallel_mode"":""on"",""layer_kind"":""routed"",""operator_family_id"":""moe"",""operator_family_ids"":[""moe""],""profile_id"":""generic"",""selected_expert_parallel_size"":8,""selected_padded_ffn_width"":768,""selected_tensor_parallel_size"":1,""tensor_parallel_mode"":""moe_tp"",""tensor_parallel_sizes"":[1]},""moe_shuffling"":{""dimension_source"":""routed_mlp_hidden_dim"",""effective_ffn_width"":768,""expert_parallel_mode"":""on"",""layer_kind"":""routed"",""operator_family_id"":""moe"",""operator_family_ids"":[""moe""],""profile_id"":""generic"",""selected_expert_parallel_size"":null,""selected_padded_ffn_width"":768,""selected_tensor_parallel_size"":1,""tensor_parallel_mode"":""moe_tp"",""tensor_parallel_sizes"":[1]}}",2,0.375,0.125,0.125,0.125,0.0,2.6457513110645907,8.0,1.0000000005403133,0.875,uniform,0,vllm_fused,CUDA_EVENT,BF16,generic,generic,none
0.032287999987602234,0.0928959995508194,0.036297599971294406,0.03310399875044823,0.013015726391916503,20,0.05827200040221214,0.0748480036854744,0.06135519966483116,0.06015999987721443,0.0037749057746649527,20,0.043327998369932175,0.05004800111055374,0.045121599733829496,0.044735999777913094,0.00149246598021234,20,0.14851200580596924,0.17769600450992584,0.1548624038696289,0.15241600573062897,0.007845298387110233,1,128,16,8,standard_fused_topk,logit_topk,softmax_renorm,True,prefill_hot,ffn_like_prefix_20x,8,2048,768,True,1,"{""moe_gating_linear"":{""dimension_source"":""routed_mlp_hidden_dim"",""effective_ffn_width"":768,""expert_parallel_mode"":""on"",""layer_kind"":""routed"",""operator_family_id"":""moe"",""operator_family_ids"":[""moe""],""profile_id"":""generic"",""selected_expert_parallel_size"":null,""selected_padded_ffn_width"":768,""selected_tensor_parallel_size"":1,""tensor_parallel_mode"":""moe_tp"",""tensor_parallel_sizes"":[1]},""moe_gating_routing_topk"":{""dimension_source"":""routed_mlp_hidden_dim"",""effective_ffn_width"":768,""expert_parallel_mode"":""on"",""layer_kind"":""routed"",""operator_family_id"":""moe"",""operator_family_ids"":[""moe""],""profile_id"":""generic"",""selected_expert_parallel_size"":null,""selected_padded_ffn_width"":768,""selected_tensor_parallel_size"":1,""tensor_parallel_mode"":""moe_tp"",""tensor_parallel_sizes"":[1]},""moe_grouped_gemm"":{""dimension_source"":""routed_mlp_hidden_dim"",""effective_ffn_width"":768,""expert_parallel_mode"":""on"",""layer_kind"":""routed"",""operator_family_id"":""moe"",""operator_family_ids"":[""moe""],""profile_id"":""generic"",""selected_expert_parallel_size"":8,""selected_padded_ffn_width"":768,""selected_tensor_parallel_size"":1,""tensor_parallel_mode"":""moe_tp"",""tensor_parallel_sizes"":[1]},""moe_shuffling"":{""dimension_source"":""routed_mlp_hidden_dim"",""effective_ffn_width"":768,""expert_parallel_mode"":""on"",""layer_kind"":""routed"",""operator_family_id"":""moe"",""operator_family_ids"":[""moe""],""profile_id"":""generic"",""selected_expert_parallel_size"":null,""selected_padded_ffn_width"":768,""selected_tensor_parallel_size"":1,""tensor_parallel_mode"":""moe_tp"",""tensor_parallel_sizes"":[1]}}",1,0.375,0.0625,0.0625,0.0625,0.0,3.872983346207417,16.0,5.800614104850887e-10,0.9375,skewed,2,vllm_fused,CUDA_EVENT,BF16,generic,generic,none
0.030208000913262367,0.0966079980134964,0.03483039988204837,0.03116799984127283,0.014224751772220533,20,0.054655998945236206,0.06371200084686279,0.05665920004248619,0.05615999922156334,0.0020765859139647005,20,0.04070400074124336,0.04915200173854828,0.04254720024764538,0.04209600016474724,0.001767327400764715,20,0.14000000059604645,0.16313600540161133,0.14509759843349457,0.14361600577831268,0.0055014160461723804,1,128,16,8,standard_fused_topk,logit_topk,softmax_renorm,True,prefill_hot,ffn_like_prefix_20x,8,2048,768,True,1,"{""moe_gating_linear"":{""dimension_source"":""routed_mlp_hidden_dim"",""effective_ffn_width"":768,""expert_parallel_mode"":""on"",""layer_kind"":""routed"",""operator_family_id"":""moe"",""operator_family_ids"":[""moe""],""profile_id"":""generic"",""selected_expert_parallel_size"":null,""selected_padded_ffn_width"":768,""selected_tensor_parallel_size"":1,""tensor_parallel_mode"":""moe_tp"",""tensor_parallel_sizes"":[1]},""moe_gating_routing_topk"":{""dimension_source"":""routed_mlp_hidden_dim"",""effective_ffn_width"":768,""expert_parallel_mode"":""on"",""layer_kind"":""routed"",""operator_family_id"":""moe"",""operator_family_ids"":[""moe""],""profile_id"":""generic"",""selected_expert_parallel_size"":null,""selected_padded_ffn_width"":768,""selected_tensor_parallel_size"":1,""tensor_parallel_mode"":""moe_tp"",""tensor_parallel_sizes"":[1]},""moe_grouped_gemm"":{""dimension_source"":""routed_mlp_hidden_dim"",""effective_ffn_width"":768,""expert_parallel_mode"":""on"",""layer_kind"":""routed"",""operator_family_id"":""moe"",""operator_family_ids"":[""moe""],""profile_id"":""generic"",""selected_expert_parallel_size"":8,""selected_padded_ffn_width"":768,""selected_tensor_parallel_size"":1,""tensor_parallel_mode"":""moe_tp"",""tensor_parallel_sizes"":[1]},""moe_shuffling"":{""dimension_source"":""routed_mlp_hidden_dim"",""effective_ffn_width"":768,""expert_parallel_mode"":""on"",""layer_kind"":""routed"",""operator_family_id"":""moe"",""operator_family_ids"":[""moe""],""profile_id"":""generic"",""selected_expert_parallel_size"":null,""selected_padded_ffn_width"":768,""selected_tensor_parallel_size"":1,""tensor_parallel_mode"":""moe_tp"",""tensor_parallel_sizes"":[1]}}",8,0.375,0.5,0.5,0.5,0.0,1.0,2.0,3.0000000003118217,0.5,extremely_skewed,2,vllm_fused,CUDA_EVENT,BF16,generic,generic,none
